[{"stream_name":"stdout","time":7.742221068,"data":"   ©¥©¥©¥©¥©¥©¥©¥©¥©¥©¥©¥©¥©¥©¥©¥©¥©¥©¥©¥©¥©¥©¥©¥©¥©¥©¥©¥©¥©¥©¥©¥©¥©¥©¥©¥©¥©¥©¥©¥©¥ 196.3/196.3 MB 9.0 MB/s eta 0:00:00\n"}
,{"stream_name":"stderr","time":47.210618793,"data":"ERROR: pip's dependency resolver does not currently take into account all the packages that are installed. This behaviour is the source of the following dependency conflicts.\n"}
,{"stream_name":"stderr","time":47.210681582,"data":"torchaudio 2.10.0+cpu requires torch==2.10.0, but you have torch 2.14.0+cpu which is incompatible.\n"}
,{"stream_name":"stderr","time":47.210688962,"data":"torchvision 0.25.0+cpu requires torch==2.10.0, but you have torch 2.14.0+cpu which is incompatible.\n"}
,{"stream_name":"stdout","time":51.324367706,"data":"   ©¥©¥©¥©¥©¥©¥©¥©¥©¥©¥©¥©¥©¥©¥©¥©¥©¥©¥©¥©¥©¥©¥©¥©¥©¥©¥©¥©¥©¥©¥©¥©¥©¥©¥©¥©¥©¥©¥©¥©¥ 1.2/1.2 MB 7.9 MB/s eta 0:00:00\n"}
,{"stream_name":"stdout","time":1976.684069061,"data":"l_i0 float64 (2s, total 1784s)\n"}
,{"stream_name":"stdout","time":1976.684263078,"data":"[960/1015] ok           special.modified_bessel_i1 float32 (2s, total 1786s)\n"}
,{"stream_name":"stdout","time":1976.684271976,"data":"[961/1015] ok           special.modified_bessel_i1 float64 (2s, total 1789s)\n"}
,{"stream_name":"stdout","time":1976.684275677,"data":"[962/1015] ok           special.modified_bessel_k0 float32 (2s, total 1791s)\n"}
,{"stream_name":"stdout","time":1976.684279253,"data":"[963/1015] ok           special.modified_bessel_k0 float64 (2s, total 1793s)\n"}
,{"stream_name":"stdout","time":1976.68428269,"data":"[964/1015] ok           special.modified_bessel_k1 float32 (2s, total 1795s)\n"}
,{"stream_name":"stdout","time":1976.684285992,"data":"[965/1015] ok           special.modified_bessel_k1 float64 (2s, total 1797s)\n"}
,{"stream_name":"stdout","time":1976.684289186,"data":"[966/1015] ok           special.scaled_modified_bessel_k0 float32 (2s, total 1799s)\n"}
,{"stream_name":"stdout","time":1976.68429237,"data":"[967/1015] ok           special.scaled_modified_bessel_k0 float64 (2s, total 1801s)\n"}
,{"stream_name":"stdout","time":1976.684295681,"data":"[968/1015] ok           special.scaled_modified_bessel_k1 float32 (2s, total 1804s)\n"}
,{"stream_name":"stdout","time":1976.684298833,"data":"[969/1015] ok           special.scaled_modified_bessel_k1 float64 (2s, total 1806s)\n"}
,{"stream_name":"stdout","time":1976.684301877,"data":"[970/1015] ok           special.shifted_chebyshev_polynomial_t float32 (3s, total 1809s)\n"}
,{"stream_name":"stdout","time":1976.684305388,"data":"[971/1015] ok           special.shifted_chebyshev_polynomial_t float64 (3s, total 1812s)\n"}
,{"stream_name":"stdout","time":1976.684308517,"data":"[972/1015] ok           special.shifted_chebyshev_polynomial_u float32 (3s, total 1815s)\n"}
,{"stream_name":"stdout","time":1976.68431163,"data":"[973/1015] ok           special.shifted_chebyshev_polynomial_u float64 (3s, total 1818s)\n"}
,{"stream_name":"stdout","time":1976.684314788,"data":"[974/1015] ok           special.shifted_chebyshev_polynomial_v float32 (3s, total 1821s)\n"}
,{"stream_name":"stdout","time":1976.684317845,"data":"[975/1015] ok           special.shifted_chebyshev_polynomial_v float64 (3s, total 1824s)\n"}
,{"stream_name":"stdout","time":1976.684321197,"data":"[976/1015] ok           special.shifted_chebyshev_polynomial_w float32 (3s, total 1827s)\n"}
,{"stream_name":"stdout","time":1976.684324323,"data":"[977/1015] ok           special.shifted_chebyshev_polynomial_w float64 (3s, total 1830s)\n"}
,{"stream_name":"stdout","time":1976.684327667,"data":"[978/1015] ok           special.spherical_bessel_j0 float32 (2s, total 1832s)\n"}
,{"stream_name":"stdout","time":1976.684330855,"data":"[979/1015] ok           special.spherical_bessel_j0 float64 (2s, total 1835s)\n"}
,{"stream_name":"stdout","time":1976.684349198,"data":"[980/1015] ok           masked.sum float32 (1s, total 1836s)\n"}
,{"stream_name":"stdout","time":1976.684352177,"data":"[981/1015] ok           masked.sum float64 (1s, total 1837s)\n"}
,{"stream_name":"stdout","time":1976.684354642,"data":"[982/1015] ok           masked.prod float32 (1s, total 1838s)\n"}
,{"stream_name":"stdout","time":1976.684357117,"data":"[983/1015] ok           masked.prod float64 (1s, total 1840s)\n"}
,{"stream_name":"stdout","time":1976.684359785,"data":"[984/1015] ok           masked.cumsum float32 (2s, total 1842s)\n"}
,{"stream_name":"stdout","time":1976.684364375,"data":"[985/1015] ok           masked.cumsum float64 (2s, total 1844s)\n"}
,{"stream_name":"stdout","time":1976.684366965,"data":"[986/1015] ok           masked.cumprod float32 (2s, total 1846s)\n"}
,{"stream_name":"stdout","time":1976.684369605,"data":"[987/1015] ok           masked.cumprod float64 (2s, total 1849s)\n"}
,{"stream_name":"stdout","time":1976.684372085,"data":"[988/1015] ok           masked.amax float32 (1s, total 1850s)\n"}
,{"stream_name":"stdout","time":1976.684374615,"data":"[989/1015] ok           masked.amax float64 (1s, total 1851s)\n"}
,{"stream_name":"stdout","time":1976.684377122,"data":"[990/1015] ok           masked.amin float32 (1s, total 1852s)\n"}
,{"stream_name":"stdout","time":1976.68437957,"data":"[991/1015] ok           masked.amin float64 (1s, total 1854s)\n"}
,{"stream_name":"stdout","time":1976.684382232,"data":"[992/1015] ok           masked.argmax float32 (0s, total 1854s)\n"}
,{"stream_name":"stdout","time":1976.684384748,"data":"[993/1015] ok           masked.argmax float64 (1s, total 1855s)\n"}
,{"stream_name":"stdout","time":1976.684387334,"data":"[994/1015] ok           masked.argmin float32 (1s, total 1856s)\n"}
,{"stream_name":"stdout","time":1976.684389855,"data":"[995/1015] ok           masked.argmin float64 (1s, total 1857s)\n"}
,{"stream_name":"stdout","time":1976.684392313,"data":"[996/1015] ok           masked.mean float32 (1s, total 1858s)\n"}
,{"stream_name":"stdout","time":1976.684394775,"data":"[997/1015] ok           masked.mean float64 (2s, total 1860s)\n"}
,{"stream_name":"stdout","time":1976.684397289,"data":"[998/1015] ok           masked.norm float32 (2s, total 1862s)\n"}
,{"stream_name":"stdout","time":1976.684399759,"data":"[999/1015] ok           masked.norm float64 (2s, total 1864s)\n"}
,{"stream_name":"stdout","time":1976.684402396,"data":"[1000/1015] ok           masked.var float32 (4s, total 1868s)\n"}
,{"stream_name":"stdout","time":1976.684404882,"data":"[1001/1015] ok           masked.var float64 (4s, total 1872s)\n"}
,{"stream_name":"stdout","time":1976.684407448,"data":"[1002/1015] ok           masked.std float32 (4s, total 1876s)\n"}
,{"stream_name":"stdout","time":1976.684409962,"data":"[1003/1015] ok           masked.std float64 (4s, total 1880s)\n"}
,{"stream_name":"stdout","time":1976.684412452,"data":"[1004/1015] ok           masked.softmax float32 (2s, total 1882s)\n"}
,{"stream_name":"stdout","time":1976.684419903,"data":"[1005/1015] ok           masked.softmax float64 (2s, total 1884s)\n"}
,{"stream_name":"stdout","time":1976.684422596,"data":"[1006/1015] ok           masked.log_softmax float32 (2s, total 1885s)\n"}
,{"stream_name":"stdout","time":1976.684425296,"data":"[1007/1015] ok           masked.log_softmax float64 (2s, total 1887s)\n"}
,{"stream_name":"stdout","time":1976.684427862,"data":"[1008/1015] ok           masked.softmin float32 (2s, total 1889s)\n"}
,{"stream_name":"stdout","time":1976.684430336,"data":"[1009/1015] ok           masked.softmin float64 (2s, total 1891s)\n"}
,{"stream_name":"stdout","time":1976.684435941,"data":"[1010/1015] ok           masked.logaddexp float32 (4s, total 1895s)\n"}
,{"stream_name":"stdout","time":1976.684438644,"data":"[1011/1015] ok           masked.logaddexp float64 (5s, total 1900s)\n"}
,{"stream_name":"stdout","time":1976.684441905,"data":"[1012/1015] ok           masked.logsumexp float32 (1s, total 1901s)\n"}
,{"stream_name":"stdout","time":1976.684446146,"data":"[1013/1015] ok           masked.logsumexp float64 (2s, total 1903s)\n"}
,{"stream_name":"stdout","time":1976.684449981,"data":"[1014/1015] DIFF:SIGNZERO bmm float32 (1s, total 1904s)\n"}
,{"stream_name":"stdout","time":1976.684454102,"data":"[1015/1015] DIFF:SIGNZERO bmm float64 (1s, total 1905s)\n"}
,{"stream_name":"stdout","time":1976.68445801,"data":"SWEEP DONE\n"}
,{"stream_name":"stdout","time":1976.68446169,"data":"\n"}
,{"stream_name":"stdout","time":1976.684466103,"data":"exit 0 g.py:2487: FutureWarning: `torch._prims_common.check` is deprecated and will be removed in the future. Please use `torch._check*` functions instead.\n"}
,{"stream_name":"stdout","time":1976.684470567,"data":"  check(\n"}
,{"stream_name":"stdout","time":1976.684473977,"data":"/usr/local/lib/python3.12/dist-packages/torch/_inductor/lowering.py:2487: FutureWarning: `torch._prims_common.check` is deprecated and will be removed in the future. Please use `torch._check*` functions instead.\n"}
,{"stream_name":"stdout","time":1976.68448012,"data":"  check(\n"}
,{"stream_name":"stdout","time":1976.684483686,"data":"/usr/local/lib/python3.12/dist-packages/torch/_inductor/lowering.py:2487: FutureWarning: `torch._prims_common.check` is deprecated and will be removed in the future. Please use `torch._check*` functions instead.\n"}
,{"stream_name":"stdout","time":1976.684488441,"data":"  check(\n"}
,{"stream_name":"stdout","time":1976.684491907,"data":"\n"}
,{"stream_name":"stdout","time":1976.684495878,"data":"=====JSONL BEGIN\n"}
,{"stream_name":"stdout","time":1976.684740194,"data":"{\"op\": \"abs\", \"dtype\": \"float32\", \"samples\": 1, \"diffs\": [], \"errors\": [], \"verdict\": \"ok\"}\n"}
,{"stream_name":"stdout","time":1976.684753379,"data":"{\"op\": \"abs\", \"dtype\": \"float64\", \"samples\": 1, \"diffs\": [], \"errors\": [], \"verdict\": \"ok\"}\n"}
,{"stream_name":"stdout","time":1976.684769679,"data":"{\"op\": \"acos\", \"dtype\": \"float32\", \"samples\": 3, \"diffs\": [], \"errors\": [], \"verdict\": \"ok\"}\n"}
,{"stream_name":"stdout","time":1976.684774391,"data":"{\"op\": \"acos\", \"dtype\": \"float64\", \"samples\": 3, \"diffs\": [], \"errors\": [], \"verdict\": \"ok\"}\n"}
,{"stream_name":"stdout","time":1976.684778953,"data":"{\"op\": \"acosh\", \"dtype\": \"float32\", \"samples\": 3, \"diffs\": [], \"errors\": [], \"verdict\": \"ok\"}\n"}
,{"stream_name":"stdout","time":1976.684785871,"data":"{\"op\": \"acosh\", \"dtype\": \"float64\", \"samples\": 3, \"diffs\": [{\"i\": 0, \"class\": \"VALUE\", \"detail\": \"inf at [11]: eager 710.4758600739439 compiled inf\", \"repr\": \"SampleInput(input=tensor([2.8547, 1.6300, 4.7313, 4.3150, 4.1236, 3.1573, 2.5904, 2.8737, 3.1552,\\n        8.2804, 7.4783, 1.3041, 6.8567, 5.9100, 3.1884, 3.6384, 3.5146, 2.5823,\\n        6.9913, 6.1933], dtype=torch.float64), args=(), kwargs={}, broadcasts_input=False, name='')\"}], \"errors\": [], \"verdict\": \"DIFF:VALUE\"}\n"}
,{"stream_name":"stdout","time":1976.68479589,"data":"{\"op\": \"add\", \"dtype\": \"float32\", \"samples\": 3, \"diffs\": [], \"errors\": [], \"verdict\": \"ok\"}\n"}
,{"stream_name":"stdout","time":1976.684800809,"data":"{\"op\": \"add\", \"dtype\": \"float64\", \"samples\": 3, \"diffs\": [], \"errors\": [], \"verdict\": \"ok\"}\n"}
,{"stream_name":"stdout","time":1976.684805066,"data":"{\"op\": \"item\", \"dtype\": \"float32\", \"samples\": 3, \"diffs\": [], \"errors\": [], \"verdict\": \"ok\"}\n"}
,{"stream_name":"stdout","time":1976.684818624,"data":"{\"op\": \"item\", \"dtype\": \"float64\", \"samples\": 3, \"diffs\": [], \"errors\": [], \"verdict\": \"ok\"}\n"}
,{"stream_name":"stdout","time":1976.684823297,"data":"{\"op\": \"arange\", \"dtype\": \"float32\", \"samples\": 3, \"diffs\": [], \"errors\": [], \"verdict\": \"ok\"}\n"}
,{"stream_name":"stdout","time":1976.684828019,"data":"{\"op\": \"arange\", \"dtype\": \"float64\", \"samples\": 3, \"diffs\": [], \"errors\": [], \"verdict\": \"ok\"}\n"}
,{"stream_name":"stdout","time":1976.684836506,"data":"{\"op\": \"clamp_max\", \"dtype\": \"float32\", \"samples\": 3, \"diffs\": [{\"i\": 1, \"class\": \"SIGNZERO\", \"detail\": \"sign of zero\", \"repr\": \"SampleInput(input=tensor([-8.4784, -1.7658, -4.3228, -2.4005, -7.9506]), args=(tensor(3.6116),), kwargs={}, broadcasts_input=False, name='')\"}, {\"i\": 2, \"class\": \"SIGNZERO\", \"detail\": \"sign of zero\", \"repr\": \"SampleInput(input=tensor([[-8.4784],\\n        [-1.7658],\\n        [-4.3228],\\n        [-2.4005],\\n        [-7.9506]]), args=(tensor([ 3.6116, -8.0676, -0.5735,  3.1285, -3.0337]),), kwargs={}, broadcasts_input=True, name='')\"}], \"errors\": [], \"verdict\": \"DIFF:SIGNZERO\"}\n"}
,{"stream_name":"stdout","time":1976.684844325,"data":"{\"op\": \"clamp_max\", \"dtype\": \"float64\", \"samples\": 3, \"diffs\": [{\"i\": 1, \"class\": \"SIGNZERO\", \"detail\": \"sign of zero\", \"repr\": \"SampleInput(input=tensor([-4.8270, -7.5824, -0.6047, -1.5412, -1.9719], dtype=torch.float64), args=(tensor(-4.1460, dtype=torch.float64),), kwargs={}, broadcasts_input=False, name='')\"}, {\"i\": 2, \"class\": \"SIGNZERO\", \"detail\": \"sign of zero\", \"repr\": \"SampleInput(input=tensor([[-4.8270],\\n        [-7.5824],\\n        [-0.6047],\\n        [-1.5412],\\n        [-1.9719]], dtype=torch.float64), args=(tensor([-4.1460, -5.4215, -4.7842, -4.1508,  7.3808], dtype=torch.float64),), kwargs={}, broadcasts_input=True, name='')\"}], \"errors\": [], \"verdict\": \"DIFF:SIGNZERO\"}\n"}
,{"stream_name":"stdout","time":1976.684852321,"data":"{\"op\": \"clamp_min\", \"dtype\": \"float32\", \"samples\": 3, \"diffs\": [{\"i\": 1, \"class\": \"SIGNZERO\", \"detail\": \"sign of zero\", \"repr\": \"SampleInput(input=tensor([-8.4784, -1.7658, -4.3228, -2.4005, -7.9506]), args=(tensor(3.6116),), kwargs={}, broadcasts_input=False, name='')\"}, {\"i\": 2, \"class\": \"SIGNZERO\", \"detail\": \"sign of zero\", \"repr\": \"SampleInput(input=tensor([[-8.4784],\\n        [-1.7658],\\n        [-4.3228],\\n        [-2.4005],\\n        [-7.9506]]), args=(tensor([ 3.6116, -8.0676, -0.5735,  3.1285, -3.0337]),), kwargs={}, broadcasts_input=True, name='')\"}], \"errors\": [], \"verdict\": \"DIFF:SIGNZERO\"}\n"}
,{"stream_name":"stdout","time":1976.684859888,"data":"{\"op\": \"clamp_min\", \"dtype\": \"float64\", \"samples\": 3, \"diffs\": [{\"i\": 1, \"class\": \"SIGNZERO\", \"detail\": \"sign of zero\", \"repr\": \"SampleInput(input=tensor([-4.8270, -7.5824, -0.6047, -1.5412, -1.9719], dtype=torch.float64), args=(tensor(-4.1460, dtype=torch.float64),), kwargs={}, broadcasts_input=False, name='')\"}, {\"i\": 2, \"class\": \"SIGNZERO\", \"detail\": \"sign of zero\", \"repr\": \"SampleInput(input=tensor([[-4.8270],\\n        [-7.5824],\\n        [-0.6047],\\n        [-1.5412],\\n        [-1.9719]], dtype=torch.float64), args=(tensor([-4.1460, -5.4215, -4.7842, -4.1508,  7.3808], dtype=torch.float64),), kwargs={}, broadcasts_input=True, name='')\"}], \"errors\": [], \"verdict\": \"DIFF:SIGNZERO\"}\n"}
,{"stream_name":"stdout","time":1976.684867111,"data":"{\"op\": \"mul\", \"dtype\": \"float32\", \"samples\": 3, \"diffs\": [], \"errors\": [], \"verdict\": \"ok\"}\n"}
,{"stream_name":"stdout","time":1976.684871702,"data":"{\"op\": \"mul\", \"dtype\": \"float64\", \"samples\": 3, \"diffs\": [], \"errors\": [], \"verdict\": \"ok\"}\n"}
,{"stream_name":"stdout","time":1976.684876064,"data":"{\"op\": \"sub\", \"dtype\": \"float32\", \"samples\": 3, \"diffs\": [], \"errors\": [], \"verdict\": \"ok\"}\n"}
,{"stream_name":"stdout","time":1976.684883223,"data":"{\"op\": \"sub\", \"dtype\": \"float64\", \"samples\": 3, \"diffs\": [], \"errors\": [], \"verdict\": \"ok\"}\n"}
,{"stream_name":"stdout","time":1976.684887746,"data":"{\"op\": \"addmm\", \"dtype\": \"float32\", \"samples\": 3, \"diffs\": [], \"errors\": [], \"verdict\": \"ok\"}\n"}
,{"stream_name":"stdout","time":1976.684892229,"data":"{\"op\": \"addmm\", \"dtype\": \"float64\", \"samples\": 3, \"diffs\": [], \"errors\": [], \"verdict\": \"ok\"}\n"}
,{"stream_name":"stdout","time":1976.684896875,"data":"{\"op\": \"addmm\", \"dtype\": \"float32\", \"samples\": 3, \"diffs\": [], \"errors\": [], \"verdict\": \"ok\"}\n"}
,{"stream_name":"stdout","time":1976.684901392,"data":"{\"op\": \"addmm\", \"dtype\": \"float64\", \"samples\": 3, \"diffs\": [], \"errors\": [], \"verdict\": \"ok\"}\n"}
,{"stream_name":"stdout","time":1976.684905906,"data":"{\"op\": \"addmv\", \"dtype\": \"float32\", \"samples\": 3, \"diffs\": [], \"errors\": [], \"verdict\": \"ok\"}\n"}
,{"stream_name":"stdout","time":1976.684910249,"data":"{\"op\": \"addmv\", \"dtype\": \"float64\", \"samples\": 3, \"diffs\": [], \"errors\": [], \"verdict\": \"ok\"}\n"}
,{"stream_name":"stdout","time":1976.684914215,"data":"{\"op\": \"addbmm\", \"dtype\": \"float32\", \"samples\": 3, \"diffs\": [], \"errors\": [], \"verdict\": \"ok\"}\n"}
,{"stream_name":"stdout","time":1976.684918141,"data":"{\"op\": \"addbmm\", \"dtype\": \"float64\", \"samples\": 3, \"diffs\": [], \"errors\": [], \"verdict\": \"ok\"}\n"}
,{"stream_name":"stdout","time":1976.684922196,"data":"{\"op\": \"baddbmm\", \"dtype\": \"float32\", \"samples\": 3, \"diffs\": [], \"errors\": [], \"verdict\": \"ok\"}\n"}
,{"stream_name":"stdout","time":1976.684948795,"data":"{\"op\": \"baddbmm\", \"dtype\": \"float64\", \"samples\": 3, \"diffs\": [], \"errors\": [], \"verdict\": \"ok\"}\n"}
,{"stream_name":"stdout","time":1976.684953701,"data":"{\"op\": \"dot\", \"dtype\": \"float32\", \"samples\": 1, \"diffs\": [], \"errors\": [], \"verdict\": \"ok\"}\n"}
,{"stream_name":"stdout","time":1976.684958346,"data":"{\"op\": \"dot\", \"dtype\": \"float64\", \"samples\": 1, \"diffs\": [], \"errors\": [], \"verdict\": \"ok\"}\n"}
,{"stream_name":"stdout","time":1976.684963095,"data":"{\"op\": \"vdot\", \"dtype\": \"float32\", \"samples\": 1, \"diffs\": [], \"errors\": [], \"verdict\": \"ok\"}\n"}
,{"stream_name":"stdout","time":1976.684968007,"data":"{\"op\": \"vdot\", \"dtype\": \"float64\", \"samples\": 1, \"diffs\": [], \"errors\": [], \"verdict\": \"ok\"}\n"}
,{"stream_name":"stdout","time":1976.684972665,"data":"{\"op\": \"bmm\", \"dtype\": \"float32\", \"samples\": 1, \"diffs\": [], \"errors\": [], \"verdict\": \"ok\"}\n"}
,{"stream_name":"stdout","time":1976.684977038,"data":"{\"op\": \"bmm\", \"dtype\": \"float64\", \"samples\": 1, \"diffs\": [], \"errors\": [], \"verdict\": \"ok\"}\n"}
,{"stream_name":"stdout","time":1976.684981604,"data":"{\"op\": \"mv\", \"dtype\": \"float32\", \"samples\": 1, \"diffs\": [], \"errors\": [], \"verdict\": \"ok\"}\n"}
,{"stream_name":"stdout","time":1976.684987681,"data":"{\"op\": \"mv\", \"dtype\": \"float64\", \"samples\": 1, \"diffs\": [], \"errors\": [], \"verdict\": \"ok\"}\n"}
,{"stream_name":"stdout","time":1976.684992025,"data":"{\"op\": \"addr\", \"dtype\": \"float32\", \"samples\": 3, \"diffs\": [], \"errors\": [], \"verdict\": \"ok\"}\n"}
,{"stream_name":"stdout","time":1976.684997156,"data":"{\"op\": \"addr\", \"dtype\": \"float64\", \"samples\": 3, \"diffs\": [], \"errors\": [], \"verdict\": \"ok\"}\n"}
,{"stream_name":"stdout","time":1976.685001783,"data":"{\"op\": \"addcmul\", \"dtype\": \"float32\", \"samples\": 3, \"diffs\": [], \"errors\": [], \"verdict\": \"ok\"}\n"}
,{"stream_name":"stdout","time":1976.685021436,"data":"{\"op\": \"addcmul\", \"dtype\": \"float64\", \"samples\": 3, \"diffs\": [], \"errors\": [], \"verdict\": \"ok\"}\n"}
,{"stream_name":"stdout","time":1976.68502565,"data":"{\"op\": \"addcdiv\", \"dtype\": \"float32\", \"samples\": 3, \"diffs\": [{\"i\": 1, \"class\": \"VALUE\", \"detail\": \"inf at [2, 1]: eager inf compiled 3.4028234663852886e+38\", \"repr\": \"SampleInput(input=tensor([[-8.4784, -1.7658, -4.3228, -2.4005, -7.9506],\\n        [ 3.6116, -8.0676, -0.5735,  3.1285, -3.0337],\\n        [ 5.1067,  1.1351,  4.9473,  5.7744, -3.9730],\\n        [ 3.2708, -3.8939,  2.8211, -4.7024,  4.1631],\\n        [ 1.8220, -3.5221, -4.4145,  2.3285,  8.3972]]), args=\"}], \"errors\": [], \"verdict\": \"DIFF:VALUE\"}\n"}
,{"stream_name":"stdout","time":1976.685033295,"data":"{\"op\": \"addcdiv\", \"dtype\": \"float64\", \"samples\": 3, \"diffs\": [{\"i\": 1, \"class\": \"VALUE\", \"detail\": \"inf at [2, 1]: eager inf compiled 1.7976931348623157e+308\", \"repr\": \"SampleInput(input=tensor([[-4.8270, -7.5824, -0.6047, -1.5412, -1.9719],\\n        [-4.1460, -5.4215, -4.7842, -4.1508,  7.3808],\\n        [ 5.5761, -8.3157,  4.1776,  2.0474, -4.0760],\\n        [-3.0637, -3.3422, -5.4398,  4.4805,  2.6850],\\n        [-3.8432, -3.0355, -2.1461, -2.6718, -7.7232]], dtype=\"}], \"errors\": [], \"verdict\": \"DIFF:VALUE\"}\n"}
,{"stream_name":"stdout","time":1976.685049507,"data":"{\"op\": \"asin\", \"dtype\": \"float32\", \"samples\": 1, \"diffs\": [], \"errors\": [], \"verdict\": \"ok\"}\n"}
,{"stream_name":"stdout","time":1976.685054109,"data":"{\"op\": \"asin\", \"dtype\": \"float64\", \"samples\": 1, \"diffs\": [], \"errors\": [], \"verdict\": \"ok\"}\n"}
,{"stream_name":"stdout","time":1976.685059139,"data":"{\"op\": \"asinh\", \"dtype\": \"float32\", \"samples\": 1, \"diffs\": [], \"errors\": [], \"verdict\": \"ok\"}\n"}
,{"stream_name":"stdout","time":1976.685063952,"data":"{\"op\": \"asinh\", \"dtype\": \"float64\", \"samples\": 1, \"diffs\": [], \"errors\": [], \"verdict\": \"ok\"}\n"}
,{"stream_name":"stdout","time":1976.685067765,"data":"{\"op\": \"atan\", \"dtype\": \"float32\", \"samples\": 1, \"diffs\": [], \"errors\": [], \"verdict\": \"ok\"}\n"}
,{"stream_name":"stdout","time":1976.685071876,"data":"{\"op\": \"atan\", \"dtype\": \"float64\", \"samples\": 1, \"diffs\": [], \"errors\": [], \"verdict\": \"ok\"}\n"}
,{"stream_name":"stdout","time":1976.685076979,"data":"{\"op\": \"atan2\", \"dtype\": \"float32\", \"samples\": 3, \"diffs\": [], \"errors\": [], \"verdict\": \"ok\"}\n"}
,{"stream_name":"stdout","time":1976.685081496,"data":"{\"op\": \"atan2\", \"dtype\": \"float64\", \"samples\": 3, \"diffs\": [], \"errors\": [], \"verdict\": \"ok\"}\n"}
,{"stream_name":"stdout","time":1976.685086219,"data":"{\"op\": \"atanh\", \"dtype\": \"float32\", \"samples\": 1, \"diffs\": [{\"i\": 0, \"class\": \"SIGNZERO\", \"detail\": \"sign of zero\", \"repr\": \"SampleInput(input=tensor([[-9.4203e-01, -1.9620e-01, -4.8031e-01, -2.6671e-01, -8.8339e-01,\\n          4.0129e-01, -8.9640e-01, -6.3721e-02,  3.4761e-01, -3.3707e-01,\\n          5.6741e-01,  1.2613e-01,  5.4970e-01,  6.4160e-01, -4.4144e-01,\\n          3.6342e-01, -4.3265e-01,  3.1346e-01, -5.2248e-01,\"}], \"errors\": [], \"verdict\": \"DIFF:SIGNZERO\"}\n"}
,{"stream_name":"stdout","time":1976.685092659,"data":"{\"op\": \"atanh\", \"dtype\": \"float64\", \"samples\": 1, \"diffs\": [{\"i\": 0, \"class\": \"SIGNZERO\", \"detail\": \"sign of zero\", \"repr\": \"SampleInput(input=tensor([[-0.5363, -0.8425, -0.0672, -0.1712, -0.2191, -0.4607, -0.6024, -0.5316,\\n         -0.4612,  0.8201,  0.6196, -0.9240,  0.4642,  0.2275, -0.4529, -0.3404,\\n         -0.3713, -0.6044,  0.4978,  0.2983],\\n        [-0.4270, -0.3373, -0.2385, -0.2969, -0.8581, -0.9551, -0.0582, -0\"}], \"errors\": [], \"verdict\": \"DIFF:SIGNZERO\"}\n"}
,{"stream_name":"stdout","time":1976.685099435,"data":"{\"op\": \"allclose\", \"dtype\": \"float32\", \"samples\": 3, \"diffs\": [], \"errors\": [], \"verdict\": \"ok\"}\n"}
,{"stream_name":"stdout","time":1976.685108771,"data":"{\"op\": \"allclose\", \"dtype\": \"float64\", \"samples\": 3, \"diffs\": [], \"errors\": [], \"verdict\": \"ok\"}\n"}
,{"stream_name":"stdout","time":1976.68511339,"data":"{\"op\": \"broadcast_to\", \"dtype\": \"float32\", \"samples\": 3, \"diffs\": [], \"errors\": [], \"verdict\": \"ok\"}\n"}
,{"stream_name":"stdout","time":1976.685118358,"data":"{\"op\": \"broadcast_to\", \"dtype\": \"float64\", \"samples\": 3, \"diffs\": [], \"errors\": [], \"verdict\": \"ok\"}\n"}
,{"stream_name":"stdout","time":1976.685123136,"data":"{\"op\": \"broadcast_shapes\", \"dtype\": \"float32\", \"samples\": 3, \"diffs\": [], \"errors\": [], \"verdict\": \"ok\"}\n"}
,{"stream_name":"stdout","time":1976.685127463,"data":"{\"op\": \"broadcast_tensors\", \"dtype\": \"float32\", \"samples\": 1, \"diffs\": [], \"errors\": [], \"verdict\": \"ok\"}\n"}
,{"stream_name":"stdout","time":1976.685132791,"data":"{\"op\": \"broadcast_tensors\", \"dtype\": \"float64\", \"samples\": 1, \"diffs\": [], \"errors\": [], \"verdict\": \"ok\"}\n"}
,{"stream_name":"stdout","time":1976.685137947,"data":"{\"op\": \"block_diag\", \"dtype\": \"float32\", \"samples\": 3, \"diffs\": [], \"errors\": [], \"verdict\": \"ok\"}\n"}
,{"stream_name":"stdout","time":1976.685142775,"data":"{\"op\": \"block_diag\", \"dtype\": \"float64\", \"samples\": 3, \"diffs\": [], \"errors\": [], \"verdict\": \"ok\"}\n"}
,{"stream_name":"stdout","time":1976.685149158,"data":"{\"op\": \"combinations\", \"dtype\": \"float32\", \"samples\": 3, \"diffs\": [], \"errors\": [], \"verdict\": \"ok\"}\n"}
,{"stream_name":"stdout","time":1976.685153936,"data":"{\"op\": \"combinations\", \"dtype\": \"float64\", \"samples\": 3, \"diffs\": [], \"errors\": [], \"verdict\": \"ok\"}\n"}
,{"stream_name":"stdout","time":1976.6851589,"data":"{\"op\": \"cartesian_prod\", \"dtype\": \"float32\", \"samples\": 3, \"diffs\": [], \"errors\": [], \"verdict\": \"ok\"}\n"}
,{"stream_name":"stdout","time":1976.685163687,"data":"{\"op\": \"cartesian_prod\", \"dtype\": \"float64\", \"samples\": 3, \"diffs\": [], \"errors\": [], \"verdict\": \"ok\"}\n"}
,{"stream_name":"stdout","time":1976.685168363,"data":"{\"op\": \"cdist\", \"dtype\": \"float32\", \"samples\": 3, \"diffs\": [], \"errors\": [], \"verdict\": \"ok\"}\n"}
,{"stream_name":"stdout","time":1976.68517358,"data":"{\"op\": \"cdist\", \"dtype\": \"float64\", \"samples\": 3, \"diffs\": [], \"errors\": [], \"verdict\": \"ok\"}\n"}
,{"stream_name":"stdout","time":1976.685178279,"data":"{\"op\": \"ceil\", \"dtype\": \"float32\", \"samples\": 1, \"diffs\": [], \"errors\": [], \"verdict\": \"ok\"}\n"}
,{"stream_name":"stdout","time":1976.685183217,"data":"{\"op\": \"ceil\", \"dtype\": \"float64\", \"samples\": 1, \"diffs\": [], \"errors\": [], \"verdict\": \"ok\"}\n"}
,{"stream_name":"stdout","time":1976.685187933,"data":"{\"op\": \"chunk\", \"dtype\": \"float32\", \"samples\": 3, \"diffs\": [], \"errors\": [], \"verdict\": \"ok\"}\n"}
,{"stream_name":"stdout","time":1976.685192662,"data":"{\"op\": \"chunk\", \"dtype\": \"float64\", \"samples\": 3, \"diffs\": [], \"errors\": [], \"verdict\": \"ok\"}\n"}
,{"stream_name":"stdout","time":1976.685197552,"data":"{\"op\": \"unsafe_chunk\", \"dtype\": \"float32\", \"samples\": 3, \"diffs\": [], \"errors\": [], \"verdict\": \"ok\"}\n"}
,{"stream_name":"stdout","time":1976.685202277,"data":"{\"op\": \"unsafe_chunk\", \"dtype\": \"float64\", \"samples\": 3, \"diffs\": [], \"errors\": [], \"verdict\": \"ok\"}\n"}
,{"stream_name":"stdout","time":1976.685206967,"data":"{\"op\": \"clone\", \"dtype\": \"float32\", \"samples\": 2, \"diffs\": [], \"errors\": [], \"verdict\": \"ok\"}\n"}
,{"stream_name":"stdout","time":1976.685215505,"data":"{\"op\": \"clone\", \"dtype\": \"float64\", \"samples\": 2, \"diffs\": [], \"errors\": [], \"verdict\": \"ok\"}\n"}
,{"stream_name":"stdout","time":1976.685220262,"data":"{\"op\": \"contiguous\", \"dtype\": \"float32\", \"samples\": 2, \"diffs\": [], \"errors\": [], \"verdict\": \"ok\"}\n"}
,{"stream_name":"stdout","time":1976.685224763,"data":"{\"op\": \"contiguous\", \"dtype\": \"float64\", \"samples\": 2, \"diffs\": [], \"errors\": [], \"verdict\": \"ok\"}\n"}
,{"stream_name":"stdout","time":1976.685229149,"data":"{\"op\": \"sum_to_size\", \"dtype\": \"float32\", \"samples\": 3, \"diffs\": [], \"errors\": [], \"verdict\": \"ok\"}\n"}
,{"stream_name":"stdout","time":1976.685233483,"data":"{\"op\": \"sum_to_size\", \"dtype\": \"float64\", \"samples\": 3, \"diffs\": [], \"errors\": [], \"verdict\": \"ok\"}\n"}
,{"stream_name":"stdout","time":1976.685238204,"data":"{\"op\": \"clamp\", \"dtype\": \"float32\", \"samples\": 3, \"diffs\": [], \"errors\": [], \"verdict\": \"ok\"}\n"}
,{"stream_name":"stdout","time":1976.685242943,"data":"{\"op\": \"clamp\", \"dtype\": \"float64\", \"samples\": 3, \"diffs\": [], \"errors\": [], \"verdict\": \"ok\"}\n"}
,{"stream_name":"stdout","time":1976.685247938,"data":"{\"op\": \"positive\", \"dtype\": \"float32\", \"samples\": 1, \"diffs\": [], \"errors\": [], \"verdict\": \"ok\"}\n"}
,{"stream_name":"stdout","time":1976.685253597,"data":"{\"op\": \"positive\", \"dtype\": \"float64\", \"samples\": 1, \"diffs\": [], \"errors\": [], \"verdict\": \"ok\"}\n"}
,{"stream_name":"stdout","time":1976.685258768,"data":"{\"op\": \"conj\", \"dtype\": \"float32\", \"samples\": 3, \"diffs\": [], \"errors\": [], \"verdict\": \"ok\"}\n"}
,{"stream_name":"stdout","time":1976.68526351,"data":"{\"op\": \"conj\", \"dtype\": \"float64\", \"samples\": 3, \"diffs\": [], \"errors\": [], \"verdict\": \"ok\"}\n"}
,{"stream_name":"stdout","time":1976.685268653,"data":"{\"op\": \"conj_physical\", \"dtype\": \"float32\", \"samples\": 1, \"diffs\": [], \"errors\": [], \"verdict\": \"ok\"}\n"}
,{"stream_name":"stdout","time":1976.685273375,"data":"{\"op\": \"conj_physical\", \"dtype\": \"float64\", \"samples\": 1, \"diffs\": [], \"errors\": [], \"verdict\": \"ok\"}\n"}
,{"stream_name":"stdout","time":1976.685278487,"data":"{\"op\": \"view_as_complex\", \"dtype\": \"float32\", \"samples\": 1, \"diffs\": [], \"errors\": [], \"verdict\": \"ok\"}\n"}
,{"stream_name":"stdout","time":1976.685283003,"data":"{\"op\": \"view_as_complex\", \"dtype\": \"float64\", \"samples\": 1, \"diffs\": [], \"errors\": [], \"verdict\": \"ok\"}\n"}
,{"stream_name":"stdout","time":1976.685287474,"data":"{\"op\": \"complex\", \"dtype\": \"float32\", \"samples\": 3, \"diffs\": [], \"errors\": [], \"verdict\": \"ok\"}\n"}
,{"stream_name":"stdout","time":1976.685292597,"data":"{\"op\": \"complex\", \"dtype\": \"float64\", \"samples\": 3, \"diffs\": [], \"errors\": [], \"verdict\": \"ok\"}\n"}
,{"stream_name":"stdout","time":1976.685297092,"data":"{\"op\": \"copysign\", \"dtype\": \"float32\", \"samples\": 3, \"diffs\": [], \"errors\": [], \"verdict\": \"ok\"}\n"}
,{"stream_name":"stdout","time":1976.685301537,"data":"{\"op\": \"copysign\", \"dtype\": \"float64\", \"samples\": 3, \"diffs\": [], \"errors\": [], \"verdict\": \"ok\"}\n"}
,{"stream_name":"stdout","time":1976.685306012,"data":"{\"op\": \"corrcoef\", \"dtype\": \"float32\", \"samples\": 3, \"diffs\": [], \"errors\": [], \"verdict\": \"ok\"}\n"}
,{"stream_name":"stdout","time":1976.685310954,"data":"{\"op\": \"corrcoef\", \"dtype\": \"float64\", \"samples\": 3, \"diffs\": [], \"errors\": [], \"verdict\": \"ok\"}\n"}
,{"stream_name":"stdout","time":1976.68531638,"data":"{\"op\": \"cos\", \"dtype\": \"float32\", \"samples\": 3, \"diffs\": [], \"errors\": [], \"verdict\": \"ok\"}\n"}
,{"stream_name":"stdout","time":1976.685321319,"data":"{\"op\": \"cos\", \"dtype\": \"float64\", \"samples\": 3, \"diffs\": [], \"errors\": [], \"verdict\": \"ok\"}\n"}
,{"stream_name":"stdout","time":1976.685330602,"data":"{\"op\": \"cosh\", \"dtype\": \"float32\", \"samples\": 3, \"diffs\": [], \"errors\": [], \"verdict\": \"ok\"}\n"}
,{"stream_name":"stdout","time":1976.685335944,"data":"{\"op\": \"cosh\", \"dtype\": \"float64\", \"samples\": 3, \"diffs\": [], \"errors\": [], \"verdict\": \"ok\"}\n"}
,{"stream_name":"stdout","time":1976.685341085,"data":"{\"op\": \"cov\", \"dtype\": \"float32\", \"samples\": 3, \"diffs\": [], \"errors\": [], \"verdict\": \"ok\"}\n"}
,{"stream_name":"stdout","time":1976.685345677,"data":"{\"op\": \"cov\", \"dtype\": \"float64\", \"samples\": 3, \"diffs\": [], \"errors\": [], \"verdict\": \"ok\"}\n"}
,{"stream_name":"stdout","time":1976.685351782,"data":"{\"op\": \"cross\", \"dtype\": \"float32\", \"samples\": 3, \"diffs\": [{\"i\": 1, \"class\": \"VALUE\", \"detail\": \"nan pattern at [0, 0, 1]: eager -inf compiled nan\", \"repr\": \"SampleInput(input=tensor([[[-8.4784, -1.7658, -4.3228, -2.4005, -7.9506],\\n         [ 3.6116, -8.0676, -0.5735,  3.1285, -3.0337],\\n         [ 5.1067,  1.1351,  4.9473,  5.7744, -3.9730]],\\n\\n        [[ 3.2708, -3.8939,  2.8211, -4.7024,  4.1631],\\n         [ 1.8220, -3.5221, -4.4145,  2.3285,  8.3972],\\n\"}], \"errors\": [], \"verdict\": \"DIFF:VALUE\"}\n"}
,{"stream_name":"stdout","time":1976.685359761,"data":"{\"op\": \"cross\", \"dtype\": \"float64\", \"samples\": 3, \"diffs\": [{\"i\": 1, \"class\": \"VALUE\", \"detail\": \"nan pattern at [0, 0, 1]: eager -inf compiled nan\", \"repr\": \"SampleInput(input=tensor([[[-4.8270, -7.5824, -0.6047, -1.5412, -1.9719],\\n         [-4.1460, -5.4215, -4.7842, -4.1508,  7.3808],\\n         [ 5.5761, -8.3157,  4.1776,  2.0474, -4.0760]],\\n\\n        [[-3.0637, -3.3422, -5.4398,  4.4805,  2.6850],\\n         [-3.8432, -3.0355, -2.1461, -2.6718, -7.7232],\\n\"}], \"errors\": [], \"verdict\": \"DIFF:VALUE\"}\n"}
,{"stream_name":"stdout","time":1976.685367083,"data":"{\"op\": \"cumsum\", \"dtype\": \"float32\", \"samples\": 3, \"diffs\": [], \"errors\": [], \"verdict\": \"ok\"}\n"}
,{"stream_name":"stdout","time":1976.685372108,"data":"{\"op\": \"cumsum\", \"dtype\": \"float64\", \"samples\": 3, \"diffs\": [], \"errors\": [], \"verdict\": \"ok\"}\n"}
,{"stream_name":"stdout","time":1976.6853768,"data":"{\"op\": \"cumprod\", \"dtype\": \"float32\", \"samples\": 3, \"diffs\": [], \"errors\": [], \"verdict\": \"ok\"}\n"}
,{"stream_name":"stdout","time":1976.685381955,"data":"{\"op\": \"cumprod\", \"dtype\": \"float64\", \"samples\": 3, \"diffs\": [], \"errors\": [], \"verdict\": \"ok\"}\n"}
,{"stream_name":"stdout","time":1976.685386975,"data":"{\"op\": \"cummax\", \"dtype\": \"float32\", \"samples\": 3, \"diffs\": [], \"errors\": [], \"verdict\": \"ok\"}\n"}
,{"stream_name":"stdout","time":1976.685392154,"data":"{\"op\": \"cummax\", \"dtype\": \"float64\", \"samples\": 3, \"diffs\": [], \"errors\": [], \"verdict\": \"ok\"}\n"}
,{"stream_name":"stdout","time":1976.685396874,"data":"{\"op\": \"cummin\", \"dtype\": \"float32\", \"samples\": 3, \"diffs\": [], \"errors\": [], \"verdict\": \"ok\"}\n"}
,{"stream_name":"stdout","time":1976.685401343,"data":"{\"op\": \"cummin\", \"dtype\": \"float64\", \"samples\": 3, \"diffs\": [], \"errors\": [], \"verdict\": \"ok\"}\n"}
,{"stream_name":"stdout","time":1976.685405967,"data":"{\"op\": \"deg2rad\", \"dtype\": \"float32\", \"samples\": 1, \"diffs\": [], \"errors\": [], \"verdict\": \"ok\"}\n"}
,{"stream_name":"stdout","time":1976.685410941,"data":"{\"op\": \"deg2rad\", \"dtype\": \"float64\", \"samples\": 1, \"diffs\": [], \"errors\": [], \"verdict\": \"ok\"}\n"}
,{"stream_name":"stdout","time":1976.685415586,"data":"{\"op\": \"diff\", \"dtype\": \"float32\", \"samples\": 3, \"diffs\": [], \"errors\": [], \"verdict\": \"ok\"}\n"}
,{"stream_name":"stdout","time":1976.685423823,"data":"{\"op\": \"diff\", \"dtype\": \"float64\", \"samples\": 3, \"diffs\": [], \"errors\": [], \"verdict\": \"ok\"}\n"}
,{"stream_name":"stdout","time":1976.685428907,"data":"{\"op\": \"div\", \"dtype\": \"float32\", \"samples\": 3, \"diffs\": [], \"errors\": [], \"verdict\": \"ok\"}\n"}
,{"stream_name":"stdout","time":1976.685434203,"data":"{\"op\": \"div\", \"dtype\": \"float64\", \"samples\": 3, \"diffs\": [], \"errors\": [], \"verdict\": \"ok\"}\n"}
,{"stream_name":"stdout","time":1976.685438497,"data":"{\"op\": \"div\", \"dtype\": \"float32\", \"samples\": 3, \"diffs\": [], \"errors\": [], \"verdict\": \"ok\"}\n"}
,{"stream_name":"stdout","time":1976.685442732,"data":"{\"op\": \"div\", \"dtype\": \"float64\", \"samples\": 3, \"diffs\": [], \"errors\": [], \"verdict\": \"ok\"}\n"}
,{"stream_name":"stdout","time":1976.685446949,"data":"{\"op\": \"div\", \"dtype\": \"float32\", \"samples\": 3, \"diffs\": [], \"errors\": [], \"verdict\": \"ok\"}\n"}
,{"stream_name":"stdout","time":1976.685451407,"data":"{\"op\": \"div\", \"dtype\": \"float64\", \"samples\": 3, \"diffs\": [], \"errors\": [], \"verdict\": \"ok\"}\n"}
,{"stream_name":"stdout","time":1976.685455696,"data":"{\"op\": \"true_divide\", \"dtype\": \"float32\", \"samples\": 3, \"diffs\": [], \"errors\": [], \"verdict\": \"ok\"}\n"}
,{"stream_name":"stdout","time":1976.685460132,"data":"{\"op\": \"true_divide\", \"dtype\": \"float64\", \"samples\": 3, \"diffs\": [], \"errors\": [], \"verdict\": \"ok\"}\n"}
,{"stream_name":"stdout","time":1976.685465007,"data":"{\"op\": \"equal\", \"dtype\": \"float32\", \"samples\": 3, \"diffs\": [], \"errors\": [], \"verdict\": \"ok\"}\n"}
,{"stream_name":"stdout","time":1976.685468949,"data":"{\"op\": \"equal\", \"dtype\": \"float64\", \"samples\": 3, \"diffs\": [], \"errors\": [], \"verdict\": \"ok\"}\n"}
,{"stream_name":"stdout","time":1976.685473629,"data":"{\"op\": \"exp\", \"dtype\": \"float32\", \"samples\": 3, \"diffs\": [], \"errors\": [], \"verdict\": \"ok\"}\n"}
,{"stream_name":"stdout","time":1976.685479611,"data":"{\"op\": \"exp\", \"dtype\": \"float64\", \"samples\": 3, \"diffs\": [], \"errors\": [], \"verdict\": \"ok\"}\n"}
,{"stream_name":"stdout","time":1976.685484398,"data":"{\"op\": \"expand\", \"dtype\": \"float32\", \"samples\": 3, \"diffs\": [], \"errors\": [], \"verdict\": \"ok\"}\n"}
,{"stream_name":"stdout","time":1976.685488852,"data":"{\"op\": \"expand\", \"dtype\": \"float64\", \"samples\": 3, \"diffs\": [], \"errors\": [], \"verdict\": \"ok\"}\n"}
,{"stream_name":"stdout","time":1976.685493464,"data":"{\"op\": \"expand_as\", \"dtype\": \"float32\", \"samples\": 3, \"diffs\": [], \"errors\": [], \"verdict\": \"ok\"}\n"}
,{"stream_name":"stdout","time":1976.685498237,"data":"{\"op\": \"expand_as\", \"dtype\": \"float64\", \"samples\": 3, \"diffs\": [], \"errors\": [], \"verdict\": \"ok\"}\n"}
,{"stream_name":"stdout","time":1976.685503038,"data":"{\"op\": \"expand_copy\", \"dtype\": \"float32\", \"samples\": 3, \"diffs\": [], \"errors\": [], \"verdict\": \"ok\"}\n"}
,{"stream_name":"stdout","time":1976.685508906,"data":"{\"op\": \"expand_copy\", \"dtype\": \"float64\", \"samples\": 3, \"diffs\": [], \"errors\": [], \"verdict\": \"ok\"}\n"}
,{"stream_name":"stdout","time":1976.68551421,"data":"{\"op\": \"diag\", \"dtype\": \"float32\", \"samples\": 3, \"diffs\": [], \"errors\": [], \"verdict\": \"ok\"}\n"}
,{"stream_name":"stdout","time":1976.685518942,"data":"{\"op\": \"diag\", \"dtype\": \"float64\", \"samples\": 3, \"diffs\": [], \"errors\": [], \"verdict\": \"ok\"}\n"}
,{"stream_name":"stdout","time":1976.685523588,"data":"{\"op\": \"diag_embed\", \"dtype\": \"float32\", \"samples\": 3, \"diffs\": [], \"errors\": [], \"verdict\": \"ok\"}\n"}
,{"stream_name":"stdout","time":1976.685528377,"data":"{\"op\": \"diag_embed\", \"dtype\": \"float64\", \"samples\": 3, \"diffs\": [], \"errors\": [], \"verdict\": \"ok\"}\n"}
,{"stream_name":"stdout","time":1976.685537668,"data":"{\"op\": \"diagonal\", \"dtype\": \"float32\", \"samples\": 3, \"diffs\": [], \"errors\": [], \"verdict\": \"ok\"}\n"}
,{"stream_name":"stdout","time":1976.685542846,"data":"{\"op\": \"diagonal\", \"dtype\": \"float64\", \"samples\": 3, \"diffs\": [], \"errors\": [], \"verdict\": \"ok\"}\n"}
,{"stream_name":"stdout","time":1976.685547816,"data":"{\"op\": \"diagonal_copy\", \"dtype\": \"float32\", \"samples\": 3, \"diffs\": [], \"errors\": [], \"verdict\": \"ok\"}\n"}
,{"stream_name":"stdout","time":1976.685552457,"data":"{\"op\": \"diagonal_copy\", \"dtype\": \"float64\", \"samples\": 3, \"diffs\": [], \"errors\": [], \"verdict\": \"ok\"}\n"}
,{"stream_name":"stdout","time":1976.685558149,"data":"{\"op\": \"diagonal_scatter\", \"dtype\": \"float32\", \"samples\": 3, \"diffs\": [], \"errors\": [], \"verdict\": \"ok\"}\n"}
,{"stream_name":"stdout","time":1976.685562399,"data":"{\"op\": \"diagonal_scatter\", \"dtype\": \"float64\", \"samples\": 3, \"diffs\": [], \"errors\": [], \"verdict\": \"ok\"}\n"}
,{"stream_name":"stdout","time":1976.68556748,"data":"{\"op\": \"alias_copy\", \"dtype\": \"float32\", \"samples\": 2, \"diffs\": [], \"errors\": [], \"verdict\": \"ok\"}\n"}
,{"stream_name":"stdout","time":1976.685572146,"data":"{\"op\": \"alias_copy\", \"dtype\": \"float64\", \"samples\": 2, \"diffs\": [], \"errors\": [], \"verdict\": \"ok\"}\n"}
,{"stream_name":"stdout","time":1976.685576744,"data":"{\"op\": \"eq\", \"dtype\": \"float32\", \"samples\": 3, \"diffs\": [], \"errors\": [], \"verdict\": \"ok\"}\n"}
,{"stream_name":"stdout","time":1976.6855816,"data":"{\"op\": \"eq\", \"dtype\": \"float64\", \"samples\": 3, \"diffs\": [], \"errors\": [], \"verdict\": \"ok\"}\n"}
,{"stream_name":"stdout","time":1976.685586752,"data":"{\"op\": \"fmax\", \"dtype\": \"float32\", \"samples\": 3, \"diffs\": [{\"i\": 1, \"class\": \"SIGNZERO\", \"detail\": \"sign of zero\", \"repr\": \"SampleInput(input=tensor([-8.4784, -1.7658, -4.3228, -2.4005, -7.9506]), args=(tensor(3.6116),), kwargs={}, broadcasts_input=False, name='')\"}, {\"i\": 2, \"class\": \"SIGNZERO\", \"detail\": \"sign of zero\", \"repr\": \"SampleInput(input=tensor([[-8.4784],\\n        [-1.7658],\\n        [-4.3228],\\n        [-2.4005],\\n        [-7.9506]]), args=(tensor([ 3.6116, -8.0676, -0.5735,  3.1285, -3.0337]),), kwargs={}, broadcasts_input=True, name='')\"}], \"errors\": [], \"verdict\": \"DIFF:SIGNZERO\"}\n"}
,{"stream_name":"stdout","time":1976.685595669,"data":"{\"op\": \"fmax\", \"dtype\": \"float64\", \"samples\": 3, \"diffs\": [{\"i\": 1, \"class\": \"SIGNZERO\", \"detail\": \"sign of zero\", \"repr\": \"SampleInput(input=tensor([-4.8270, -7.5824, -0.6047, -1.5412, -1.9719], dtype=torch.float64), args=(tensor(-4.1460, dtype=torch.float64),), kwargs={}, broadcasts_input=False, name='')\"}, {\"i\": 2, \"class\": \"SIGNZERO\", \"detail\": \"sign of zero\", \"repr\": \"SampleInput(input=tensor([[-4.8270],\\n        [-7.5824],\\n        [-0.6047],\\n        [-1.5412],\\n        [-1.9719]], dtype=torch.float64), args=(tensor([-4.1460, -5.4215, -4.7842, -4.1508,  7.3808], dtype=torch.float64),), kwargs={}, broadcasts_input=True, name='')\"}], \"errors\": [], \"verdict\": \"DIFF:SIGNZERO\"}\n"}
,{"stream_name":"stdout","time":1976.685605188,"data":"{\"op\": \"fmin\", \"dtype\": \"float32\", \"samples\": 3, \"diffs\": [{\"i\": 1, \"class\": \"SIGNZERO\", \"detail\": \"sign of zero\", \"repr\": \"SampleInput(input=tensor([-8.4784, -1.7658, -4.3228, -2.4005, -7.9506]), args=(tensor(3.6116),), kwargs={}, broadcasts_input=False, name='')\"}, {\"i\": 2, \"class\": \"SIGNZERO\", \"detail\": \"sign of zero\", \"repr\": \"SampleInput(input=tensor([[-8.4784],\\n        [-1.7658],\\n        [-4.3228],\\n        [-2.4005],\\n        [-7.9506]]), args=(tensor([ 3.6116, -8.0676, -0.5735,  3.1285, -3.0337]),), kwargs={}, broadcasts_input=True, name='')\"}], \"errors\": [], \"verdict\": \"DIFF:SIGNZERO\"}\n"}
,{"stream_name":"stdout","time":1976.68561727,"data":"{\"op\": \"fmin\", \"dtype\": \"float64\", \"samples\": 3, \"diffs\": [{\"i\": 1, \"class\": \"SIGNZERO\", \"detail\": \"sign of zero\", \"repr\": \"SampleInput(input=tensor([-4.8270, -7.5824, -0.6047, -1.5412, -1.9719], dtype=torch.float64), args=(tensor(-4.1460, dtype=torch.float64),), kwargs={}, broadcasts_input=False, name='')\"}, {\"i\": 2, \"class\": \"SIGNZERO\", \"detail\": \"sign of zero\", \"repr\": \"SampleInput(input=tensor([[-4.8270],\\n        [-7.5824],\\n        [-0.6047],\\n        [-1.5412],\\n        [-1.9719]], dtype=torch.float64), args=(tensor([-4.1460, -5.4215, -4.7842, -4.1508,  7.3808], dtype=torch.float64),), kwargs={}, broadcasts_input=True, name='')\"}], \"errors\": [], \"verdict\": \"DIFF:SIGNZERO\"}\n"}
,{"stream_name":"stdout","time":1976.685684588,"data":"{\"op\": \"fmod\", \"dtype\": \"float32\", \"samples\": 3, \"diffs\": [], \"errors\": [], \"verdict\": \"ok\"}\n"}
,{"stream_name":"stdout","time":1976.685741006,"data":"{\"op\": \"fmod\", \"dtype\": \"float64\", \"samples\": 3, \"diffs\": [], \"errors\": [], \"verdict\": \"ok\"}\n"}
,{"stream_name":"stdout","time":1976.685748481,"data":"{\"op\": \"remainder\", \"dtype\": \"float32\", \"samples\": 3, \"diffs\": [{\"i\": 2, \"class\": \"SIGNZERO\", \"detail\": \"sign of zero\", \"repr\": \"SampleInput(input=tensor([[-8.4784],\\n        [-1.7658],\\n        [-4.3228],\\n        [-2.4005],\\n        [-7.9506]]), args=(tensor([ 3.6116, -8.0676, -0.5735,  3.1285, -3.0337]),), kwargs={}, broadcasts_input=True, name='')\"}], \"errors\": [], \"verdict\": \"DIFF:SIGNZERO\"}\n"}
,{"stream_name":"stdout","time":1976.685822005,"data":"{\"op\": \"remainder\", \"dtype\": \"float64\", \"samples\": 3, \"diffs\": [{\"i\": 2, \"class\": \"SIGNZERO\", \"detail\": \"sign of zero\", \"repr\": \"SampleInput(input=tensor([[-4.8270],\\n        [-7.5824],\\n        [-0.6047],\\n        [-1.5412],\\n        [-1.9719]], dtype=torch.float64), args=(tensor([-4.1460, -5.4215, -4.7842, -4.1508,  7.3808], dtype=torch.float64),), kwargs={}, broadcasts_input=True, name='')\"}], \"errors\": [], \"verdict\": \"DIFF:SIGNZERO\"}\n"}
,{"stream_name":"stdout","time":1976.6858603,"data":"{\"op\": \"frac\", \"dtype\": \"float32\", \"samples\": 1, \"diffs\": [], \"errors\": [], \"verdict\": \"ok\"}\n"}
,{"stream_name":"stdout","time":1976.685867146,"data":"{\"op\": \"frac\", \"dtype\": \"float64\", \"samples\": 1, \"diffs\": [], \"errors\": [], \"verdict\": \"ok\"}\n"}
,{"stream_name":"stdout","time":1976.685872886,"data":"{\"op\": \"floor\", \"dtype\": \"float32\", \"samples\": 1, \"diffs\": [], \"errors\": [], \"verdict\": \"ok\"}\n"}
,{"stream_name":"stdout","time":1976.685878292,"data":"{\"op\": \"floor\", \"dtype\": \"float64\", \"samples\": 1, \"diffs\": [], \"errors\": [], \"verdict\": \"ok\"}\n"}
,{"stream_name":"stdout","time":1976.685882888,"data":"{\"op\": \"flip\", \"dtype\": \"float32\", \"samples\": 3, \"diffs\": [], \"errors\": [], \"verdict\": \"ok\"}\n"}
,{"stream_name":"stdout","time":1976.685887313,"data":"{\"op\": \"flip\", \"dtype\": \"float64\", \"samples\": 3, \"diffs\": [], \"errors\": [], \"verdict\": \"ok\"}\n"}
,{"stream_name":"stdout","time":1976.685891772,"data":"{\"op\": \"fliplr\", \"dtype\": \"float32\", \"samples\": 2, \"diffs\": [], \"errors\": [], \"verdict\": \"ok\"}\n"}
,{"stream_name":"stdout","time":1976.685897291,"data":"{\"op\": \"fliplr\", \"dtype\": \"float64\", \"samples\": 2, \"diffs\": [], \"errors\": [], \"verdict\": \"ok\"}\n"}
,{"stream_name":"stdout","time":1976.685902236,"data":"{\"op\": \"flipud\", \"dtype\": \"float32\", \"samples\": 2, \"diffs\": [], \"errors\": [], \"verdict\": \"ok\"}\n"}
,{"stream_name":"stdout","time":1976.685907396,"data":"{\"op\": \"flipud\", \"dtype\": \"float64\", \"samples\": 2, \"diffs\": [], \"errors\": [], \"verdict\": \"ok\"}\n"}
,{"stream_name":"stdout","time":1976.685950823,"data":"{\"op\": \"sparse.sampled_addmm\", \"dtype\": \"float32\", \"samples\": 3, \"diffs\": [], \"errors\": [], \"verdict\": \"ok\"}\n"}
,{"stream_name":"stdout","time":1976.685964313,"data":"{\"op\": \"sparse.sampled_addmm\", \"dtype\": \"float64\", \"samples\": 3, \"diffs\": [], \"errors\": [], \"verdict\": \"ok\"}\n"}
,{"stream_name":"stdout","time":1976.685969868,"data":"{\"op\": \"sparse.mm\", \"dtype\": \"float32\", \"samples\": 0, \"diffs\": [], \"errors\": [\"prep RuntimeError\", \"prep RuntimeError\", \"prep RuntimeError\"], \"verdict\": \"ok\"}\n"}
,{"stream_name":"stdout","time":1976.685975395,"data":"{\"op\": \"sparse.mm\", \"dtype\": \"float64\", \"samples\": 0, \"diffs\": [], \"errors\": [\"prep RuntimeError\", \"prep RuntimeError\", \"prep RuntimeError\"], \"verdict\": \"ok\"}\n"}
,{"stream_name":"stdout","time":1976.685981218,"data":"{\"op\": \"i0\", \"dtype\": \"float32\", \"samples\": 2, \"diffs\": [], \"errors\": [], \"verdict\": \"ok\"}\n"}
,{"stream_name":"stdout","time":1976.685986185,"data":"{\"op\": \"i0\", \"dtype\": \"float64\", \"samples\": 2, \"diffs\": [], \"errors\": [], \"verdict\": \"ok\"}\n"}
,{"stream_name":"stdout","time":1976.685992729,"data":"{\"op\": \"floor_divide\", \"dtype\": \"float32\", \"samples\": 3, \"diffs\": [], \"errors\": [], \"verdict\": \"ok\"}\n"}
,{"stream_name":"stdout","time":1976.685997977,"data":"{\"op\": \"floor_divide\", \"dtype\": \"float64\", \"samples\": 3, \"diffs\": [], \"errors\": [], \"verdict\": \"ok\"}\n"}
,{"stream_name":"stdout","time":1976.686002419,"data":"{\"op\": \"frexp\", \"dtype\": \"float32\", \"samples\": 3, \"diffs\": [], \"errors\": [], \"verdict\": \"ok\"}\n"}
,{"stream_name":"stdout","time":1976.686007085,"data":"{\"op\": \"frexp\", \"dtype\": \"float64\", \"samples\": 3, \"diffs\": [], \"errors\": [], \"verdict\": \"ok\"}\n"}
,{"stream_name":"stdout","time":1976.686011951,"data":"{\"op\": \"log1p\", \"dtype\": \"float32\", \"samples\": 1, \"diffs\": [], \"errors\": [], \"verdict\": \"ok\"}\n"}
,{"stream_name":"stdout","time":1976.686016562,"data":"{\"op\": \"log1p\", \"dtype\": \"float64\", \"samples\": 1, \"diffs\": [], \"errors\": [], \"verdict\": \"ok\"}\n"}
,{"stream_name":"stdout","time":1976.686021664,"data":"{\"op\": \"ge\", \"dtype\": \"float32\", \"samples\": 3, \"diffs\": [], \"errors\": [], \"verdict\": \"ok\"}\n"}
,{"stream_name":"stdout","time":1976.686026489,"data":"{\"op\": \"ge\", \"dtype\": \"float64\", \"samples\": 3, \"diffs\": [], \"errors\": [], \"verdict\": \"ok\"}\n"}
,{"stream_name":"stdout","time":1976.686031061,"data":"{\"op\": \"gt\", \"dtype\": \"float32\", \"samples\": 3, \"diffs\": [], \"errors\": [], \"verdict\": \"ok\"}\n"}
,{"stream_name":"stdout","time":1976.686035579,"data":"{\"op\": \"gt\", \"dtype\": \"float64\", \"samples\": 3, \"diffs\": [], \"errors\": [], \"verdict\": \"ok\"}\n"}
,{"stream_name":"stdout","time":1976.686040679,"data":"{\"op\": \"gradient\", \"dtype\": \"float32\", \"samples\": 3, \"diffs\": [], \"errors\": [], \"verdict\": \"ok\"}\n"}
,{"stream_name":"stdout","time":1976.686046005,"data":"{\"op\": \"gradient\", \"dtype\": \"float64\", \"samples\": 3, \"diffs\": [], \"errors\": [], \"verdict\": \"ok\"}\n"}
,{"stream_name":"stdout","time":1976.686050702,"data":"{\"op\": \"isin\", \"dtype\": \"float32\", \"samples\": 2, \"diffs\": [], \"errors\": [], \"verdict\": \"ok\"}\n"}
,{"stream_name":"stdout","time":1976.6860552,"data":"{\"op\": \"isin\", \"dtype\": \"float64\", \"samples\": 2, \"diffs\": [], \"errors\": [], \"verdict\": \"ok\"}\n"}
,{"stream_name":"stdout","time":1976.686060297,"data":"{\"op\": \"le\", \"dtype\": \"float32\", \"samples\": 3, \"diffs\": [], \"errors\": [], \"verdict\": \"ok\"}\n"}
,{"stream_name":"stdout","time":1976.686069829,"data":"{\"op\": \"le\", \"dtype\": \"float64\", \"samples\": 3, \"diffs\": [], \"errors\": [], \"verdict\": \"ok\"}\n"}
,{"stream_name":"stdout","time":1976.686074945,"data":"{\"op\": \"linspace\", \"dtype\": \"float32\", \"samples\": 3, \"diffs\": [], \"errors\": [], \"verdict\": \"ok\"}\n"}
,{"stream_name":"stdout","time":1976.686080209,"data":"{\"op\": \"linspace\", \"dtype\": \"float64\", \"samples\": 3, \"diffs\": [], \"errors\": [], \"verdict\": \"ok\"}\n"}
,{"stream_name":"stdout","time":1976.686084741,"data":"{\"op\": \"linspace\", \"dtype\": \"float32\", \"samples\": 3, \"diffs\": [], \"errors\": [], \"verdict\": \"ok\"}\n"}
,{"stream_name":"stdout","time":1976.686088956,"data":"{\"op\": \"linspace\", \"dtype\": \"float64\", \"samples\": 3, \"diffs\": [], \"errors\": [], \"verdict\": \"ok\"}\n"}
,{"stream_name":"stdout","time":1976.68609334,"data":"{\"op\": \"logspace\", \"dtype\": \"float32\", \"samples\": 3, \"diffs\": [], \"errors\": [], \"verdict\": \"ok\"}\n"}
,{"stream_name":"stdout","time":1976.686098485,"data":"{\"op\": \"logspace\", \"dtype\": \"float64\", \"samples\": 3, \"diffs\": [], \"errors\": [], \"verdict\": \"ok\"}\n"}
,{"stream_name":"stdout","time":1976.686103053,"data":"{\"op\": \"logspace\", \"dtype\": \"float32\", \"samples\": 3, \"diffs\": [], \"errors\": [], \"verdict\": \"ok\"}\n"}
,{"stream_name":"stdout","time":1976.686107624,"data":"{\"op\": \"logspace\", \"dtype\": \"float64\", \"samples\": 3, \"diffs\": [], \"errors\": [], \"verdict\": \"ok\"}\n"}
,{"stream_name":"stdout","time":1976.68611148,"data":"{\"op\": \"log\", \"dtype\": \"float32\", \"samples\": 3, \"diffs\": [], \"errors\": [], \"verdict\": \"ok\"}\n"}
,{"stream_name":"stdout","time":1976.686115638,"data":"{\"op\": \"log\", \"dtype\": \"float64\", \"samples\": 3, \"diffs\": [], \"errors\": [], \"verdict\": \"ok\"}\n"}
,{"stream_name":"stdout","time":1976.686121758,"data":"{\"op\": \"log10\", \"dtype\": \"float32\", \"samples\": 3, \"diffs\": [], \"errors\": [], \"verdict\": \"ok\"}\n"}
,{"stream_name":"stdout","time":1976.686126461,"data":"{\"op\": \"log10\", \"dtype\": \"float64\", \"samples\": 3, \"diffs\": [], \"errors\": [], \"verdict\": \"ok\"}\n"}
,{"stream_name":"stdout","time":1976.68613078,"data":"{\"op\": \"log2\", \"dtype\": \"float32\", \"samples\": 3, \"diffs\": [], \"errors\": [], \"verdict\": \"ok\"}\n"}
,{"stream_name":"stdout","time":1976.686135417,"data":"{\"op\": \"log2\", \"dtype\": \"float64\", \"samples\": 3, \"diffs\": [], \"errors\": [], \"verdict\": \"ok\"}\n"}
,{"stream_name":"stdout","time":1976.686140101,"data":"{\"op\": \"ldexp\", \"dtype\": \"float32\", \"samples\": 3, \"diffs\": [], \"errors\": [], \"verdict\": \"ok\"}\n"}
,{"stream_name":"stdout","time":1976.686144973,"data":"{\"op\": \"ldexp\", \"dtype\": \"float64\", \"samples\": 3, \"diffs\": [], \"errors\": [], \"verdict\": \"ok\"}\n"}
,{"stream_name":"stdout","time":1976.686149721,"data":"{\"op\": \"logaddexp\", \"dtype\": \"float32\", \"samples\": 3, \"diffs\": [], \"errors\": [], \"verdict\": \"ok\"}\n"}
,{"stream_name":"stdout","time":1976.686154832,"data":"{\"op\": \"logaddexp\", \"dtype\": \"float64\", \"samples\": 3, \"diffs\": [], \"errors\": [], \"verdict\": \"ok\"}\n"}
,{"stream_name":"stdout","time":1976.686160445,"data":"{\"op\": \"logaddexp2\", \"dtype\": \"float32\", \"samples\": 1, \"diffs\": [], \"errors\": [], \"verdict\": \"ok\"}\n"}
,{"stream_name":"stdout","time":1976.68616537,"data":"{\"op\": \"logaddexp2\", \"dtype\": \"float64\", \"samples\": 1, \"diffs\": [], \"errors\": [], \"verdict\": \"ok\"}\n"}
,{"stream_name":"stdout","time":1976.686170049,"data":"{\"op\": \"logical_not\", \"dtype\": \"float32\", \"samples\": 3, \"diffs\": [], \"errors\": [], \"verdict\": \"ok\"}\n"}
,{"stream_name":"stdout","time":1976.686174768,"data":"{\"op\": \"logical_not\", \"dtype\": \"float64\", \"samples\": 3, \"diffs\": [], \"errors\": [], \"verdict\": \"ok\"}\n"}
,{"stream_name":"stdout","time":1976.686183406,"data":"{\"op\": \"lt\", \"dtype\": \"float32\", \"samples\": 3, \"diffs\": [], \"errors\": [], \"verdict\": \"ok\"}\n"}
,{"stream_name":"stdout","time":1976.686188349,"data":"{\"op\": \"lt\", \"dtype\": \"float64\", \"samples\": 3, \"diffs\": [], \"errors\": [], \"verdict\": \"ok\"}\n"}
,{"stream_name":"stdout","time":1976.686193323,"data":"{\"op\": \"masked_fill\", \"dtype\": \"float32\", \"samples\": 3, \"diffs\": [], \"errors\": [], \"verdict\": \"ok\"}\n"}
,{"stream_name":"stdout","time":1976.686198178,"data":"{\"op\": \"masked_fill\", \"dtype\": \"float64\", \"samples\": 3, \"diffs\": [], \"errors\": [], \"verdict\": \"ok\"}\n"}
,{"stream_name":"stdout","time":1976.686202944,"data":"{\"op\": \"masked_scatter\", \"dtype\": \"float32\", \"samples\": 3, \"diffs\": [], \"errors\": [], \"verdict\": \"ok\"}\n"}
,{"stream_name":"stdout","time":1976.68620826,"data":"{\"op\": \"masked_scatter\", \"dtype\": \"float64\", \"samples\": 3, \"diffs\": [], \"errors\": [], \"verdict\": \"ok\"}\n"}
,{"stream_name":"stdout","time":1976.686212905,"data":"{\"op\": \"matrix_exp\", \"dtype\": \"float32\", \"samples\": 2, \"diffs\": [], \"errors\": [], \"verdict\": \"ok\"}\n"}
,{"stream_name":"stdout","time":1976.686217583,"data":"{\"op\": \"matrix_exp\", \"dtype\": \"float64\", \"samples\": 2, \"diffs\": [], \"errors\": [], \"verdict\": \"ok\"}\n"}
,{"stream_name":"stdout","time":1976.686222653,"data":"{\"op\": \"matmul\", \"dtype\": \"float32\", \"samples\": 3, \"diffs\": [], \"errors\": [], \"verdict\": \"ok\"}\n"}
,{"stream_name":"stdout","time":1976.686227715,"data":"{\"op\": \"matmul\", \"dtype\": \"float64\", \"samples\": 3, \"diffs\": [], \"errors\": [], \"verdict\": \"ok\"}\n"}
,{"stream_name":"stdout","time":1976.686233009,"data":"{\"op\": \"max\", \"dtype\": \"float32\", \"samples\": 3, \"diffs\": [], \"errors\": [], \"verdict\": \"ok\"}\n"}
,{"stream_name":"stdout","time":1976.686237645,"data":"{\"op\": \"max\", \"dtype\": \"float64\", \"samples\": 3, \"diffs\": [], \"errors\": [], \"verdict\": \"ok\"}\n"}
,{"stream_name":"stdout","time":1976.686242859,"data":"{\"op\": \"max\", \"dtype\": \"float32\", \"samples\": 2, \"diffs\": [], \"errors\": [], \"verdict\": \"ok\"}\n"}
,{"stream_name":"stdout","time":1976.686247553,"data":"{\"op\": \"max\", \"dtype\": \"float64\", \"samples\": 2, \"diffs\": [], \"errors\": [], \"verdict\": \"ok\"}\n"}
,{"stream_name":"stdout","time":1976.686256786,"data":"{\"op\": \"var_mean\", \"dtype\": \"float32\", \"samples\": 3, \"diffs\": [{\"i\": 1, \"class\": \"VALUE\", \"detail\": \"nan pattern at [0, 3]: eager nan compiled inf\", \"repr\": \"SampleInput(input=tensor([[[-8.4784, -1.7658, -4.3228, -2.4005, -7.9506],\\n         [ 3.6116, -8.0676, -0.5735,  3.1285, -3.0337],\\n         [ 5.1067,  1.1351,  4.9473,  5.7744, -3.9730],\\n         [ 3.2708, -3.8939,  2.8211, -4.7024,  4.1631],\\n         [ 1.8220, -3.5221, -4.4145,  2.3285,  8.3972]],\\n\\n\"}, {\"i\": 2, \"class\": \"VALUE\", \"detail\": \"nan pattern at [0, 0, 3]: eager nan compiled inf\", \"repr\": \"SampleInput(input=tensor([[[-8.4784, -1.7658, -4.3228, -2.4005, -7.9506],\\n         [ 3.6116, -8.0676, -0.5735,  3.1285, -3.0337],\\n         [ 5.1067,  1.1351,  4.9473,  5.7744, -3.9730],\\n         [ 3.2708, -3.8939,  2.8211, -4.7024,  4.1631],\\n         [ 1.8220, -3.5221, -4.4145,  2.3285,  8.3972]],\\n\\n\"}], \"errors\": [], \"verdict\": \"DIFF:VALUE\"}\n"}
,{"stream_name":"stdout","time":1976.686272134,"data":"{\"op\": \"var_mean\", \"dtype\": \"float64\", \"samples\": 3, \"diffs\": [{\"i\": 1, \"class\": \"VALUE\", \"detail\": \"nan pattern at [0, 3]: eager nan compiled inf\", \"repr\": \"SampleInput(input=tensor([[[-4.8270, -7.5824, -0.6047, -1.5412, -1.9719],\\n         [-4.1460, -5.4215, -4.7842, -4.1508,  7.3808],\\n         [ 5.5761, -8.3157,  4.1776,  2.0474, -4.0760],\\n         [-3.0637, -3.3422, -5.4398,  4.4805,  2.6850],\\n         [-3.8432, -3.0355, -2.1461, -2.6718, -7.7232]],\\n\\n\"}, {\"i\": 2, \"class\": \"VALUE\", \"detail\": \"nan pattern at [0, 0, 3]: eager nan compiled inf\", \"repr\": \"SampleInput(input=tensor([[[-4.8270, -7.5824, -0.6047, -1.5412, -1.9719],\\n         [-4.1460, -5.4215, -4.7842, -4.1508,  7.3808],\\n         [ 5.5761, -8.3157,  4.1776,  2.0474, -4.0760],\\n         [-3.0637, -3.3422, -5.4398,  4.4805,  2.6850],\\n         [-3.8432, -3.0355, -2.1461, -2.6718, -7.7232]],\\n\\n\"}], \"errors\": [], \"verdict\": \"DIFF:VALUE\"}\n"}
,{"stream_name":"stdout","time":1976.686283942,"data":"{\"op\": \"var_mean\", \"dtype\": \"float32\", \"samples\": 3, \"diffs\": [{\"i\": 2, \"class\": \"VALUE\", \"detail\": \"nan pattern at []: eager nan compiled 0.0\", \"repr\": \"SampleInput(input=tensor([]), args=(False,), kwargs={}, broadcasts_input=False, name='')\"}], \"errors\": [], \"verdict\": \"DIFF:VALUE\"}\n"}
,{"stream_name":"stdout","time":1976.686289865,"data":"{\"op\": \"var_mean\", \"dtype\": \"float64\", \"samples\": 3, \"diffs\": [{\"i\": 2, \"class\": \"VALUE\", \"detail\": \"nan pattern at []: eager nan compiled 0.0\", \"repr\": \"SampleInput(input=tensor([], dtype=torch.float64), args=(False,), kwargs={}, broadcasts_input=False, name='')\"}], \"errors\": [], \"verdict\": \"DIFF:VALUE\"}\n"}
,{"stream_name":"stdout","time":1976.686295674,"data":"{\"op\": \"std_mean\", \"dtype\": \"float32\", \"samples\": 3, \"diffs\": [{\"i\": 1, \"class\": \"VALUE\", \"detail\": \"inf at [0, 1]: eager 1.5217888883258408e+38 compiled inf\", \"repr\": \"SampleInput(input=tensor([[[-8.4784, -1.7658, -4.3228, -2.4005, -7.9506],\\n         [ 3.6116, -8.0676, -0.5735,  3.1285, -3.0337],\\n         [ 5.1067,  1.1351,  4.9473,  5.7744, -3.9730],\\n         [ 3.2708, -3.8939,  2.8211, -4.7024,  4.1631],\\n         [ 1.8220, -3.5221, -4.4145,  2.3285,  8.3972]],\\n\\n\"}, {\"i\": 2, \"class\": \"VALUE\", \"detail\": \"inf at [0, 0, 1]: eager 1.5217888883258408e+38 compiled inf\", \"repr\": \"SampleInput(input=tensor([[[-8.4784, -1.7658, -4.3228, -2.4005, -7.9506],\\n         [ 3.6116, -8.0676, -0.5735,  3.1285, -3.0337],\\n         [ 5.1067,  1.1351,  4.9473,  5.7744, -3.9730],\\n         [ 3.2708, -3.8939,  2.8211, -4.7024,  4.1631],\\n         [ 1.8220, -3.5221, -4.4145,  2.3285,  8.3972]],\\n\\n\"}], \"errors\": [], \"verdict\": \"DIFF:VALUE\"}\n"}
,{"stream_name":"stdout","time":1976.686306301,"data":"{\"op\": \"std_mean\", \"dtype\": \"float64\", \"samples\": 3, \"diffs\": [{\"i\": 1, \"class\": \"VALUE\", \"detail\": \"nan pattern at [0, 3]: eager nan compiled inf\", \"repr\": \"SampleInput(input=tensor([[[-4.8270, -7.5824, -0.6047, -1.5412, -1.9719],\\n         [-4.1460, -5.4215, -4.7842, -4.1508,  7.3808],\\n         [ 5.5761, -8.3157,  4.1776,  2.0474, -4.0760],\\n         [-3.0637, -3.3422, -5.4398,  4.4805,  2.6850],\\n         [-3.8432, -3.0355, -2.1461, -2.6718, -7.7232]],\\n\\n\"}, {\"i\": 2, \"class\": \"VALUE\", \"detail\": \"nan pattern at [0, 0, 3]: eager nan compiled inf\", \"repr\": \"SampleInput(input=tensor([[[-4.8270, -7.5824, -0.6047, -1.5412, -1.9719],\\n         [-4.1460, -5.4215, -4.7842, -4.1508,  7.3808],\\n         [ 5.5761, -8.3157,  4.1776,  2.0474, -4.0760],\\n         [-3.0637, -3.3422, -5.4398,  4.4805,  2.6850],\\n         [-3.8432, -3.0355, -2.1461, -2.6718, -7.7232]],\\n\\n\"}], \"errors\": [], \"verdict\": \"DIFF:VALUE\"}\n"}
,{"stream_name":"stdout","time":1976.686314888,"data":"{\"op\": \"std_mean\", \"dtype\": \"float32\", \"samples\": 3, \"diffs\": [{\"i\": 2, \"class\": \"VALUE\", \"detail\": \"nan pattern at []: eager nan compiled 0.0\", \"repr\": \"SampleInput(input=tensor([]), args=(False,), kwargs={}, broadcasts_input=False, name='')\"}], \"errors\": [], \"verdict\": \"DIFF:VALUE\"}\n"}
,{"stream_name":"stdout","time":1976.686320775,"data":"{\"op\": \"std_mean\", \"dtype\": \"float64\", \"samples\": 3, \"diffs\": [{\"i\": 2, \"class\": \"VALUE\", \"detail\": \"nan pattern at []: eager nan compiled 0.0\", \"repr\": \"SampleInput(input=tensor([], dtype=torch.float64), args=(False,), kwargs={}, broadcasts_input=False, name='')\"}], \"errors\": [], \"verdict\": \"DIFF:VALUE\"}\n"}
,{"stream_name":"stdout","time":1976.686330697,"data":"{\"op\": \"meshgrid\", \"dtype\": \"float32\", \"samples\": 3, \"diffs\": [], \"errors\": [], \"verdict\": \"ok\"}\n"}
,{"stream_name":"stdout","time":1976.686335988,"data":"{\"op\": \"meshgrid\", \"dtype\": \"float64\", \"samples\": 3, \"diffs\": [], \"errors\": [], \"verdict\": \"ok\"}\n"}
,{"stream_name":"stdout","time":1976.686340619,"data":"{\"op\": \"meshgrid\", \"dtype\": \"float32\", \"samples\": 3, \"diffs\": [], \"errors\": [], \"verdict\": \"ok\"}\n"}
,{"stream_name":"stdout","time":1976.68634552,"data":"{\"op\": \"meshgrid\", \"dtype\": \"float64\", \"samples\": 3, \"diffs\": [], \"errors\": [], \"verdict\": \"ok\"}\n"}
,{"stream_name":"stdout","time":1976.686351574,"data":"{\"op\": \"min\", \"dtype\": \"float32\", \"samples\": 3, \"diffs\": [], \"errors\": [], \"verdict\": \"ok\"}\n"}
,{"stream_name":"stdout","time":1976.686357013,"data":"{\"op\": \"min\", \"dtype\": \"float64\", \"samples\": 3, \"diffs\": [], \"errors\": [], \"verdict\": \"ok\"}\n"}
,{"stream_name":"stdout","time":1976.686364993,"data":"{\"op\": \"min\", \"dtype\": \"float32\", \"samples\": 2, \"diffs\": [], \"errors\": [], \"verdict\": \"ok\"}\n"}
,{"stream_name":"stdout","time":1976.686370558,"data":"{\"op\": \"min\", \"dtype\": \"float64\", \"samples\": 2, \"diffs\": [], \"errors\": [], \"verdict\": \"ok\"}\n"}
,{"stream_name":"stdout","time":1976.686375816,"data":"{\"op\": \"quantile\", \"dtype\": \"float32\", \"samples\": 3, \"diffs\": [], \"errors\": [], \"verdict\": \"ok\"}\n"}
,{"stream_name":"stdout","time":1976.686380679,"data":"{\"op\": \"quantile\", \"dtype\": \"float64\", \"samples\": 3, \"diffs\": [], \"errors\": [], \"verdict\": \"ok\"}\n"}
,{"stream_name":"stdout","time":1976.68638573,"data":"{\"op\": \"nanquantile\", \"dtype\": \"float32\", \"samples\": 3, \"diffs\": [], \"errors\": [], \"verdict\": \"ok\"}\n"}
,{"stream_name":"stdout","time":1976.686390482,"data":"{\"op\": \"nanquantile\", \"dtype\": \"float64\", \"samples\": 3, \"diffs\": [], \"errors\": [], \"verdict\": \"ok\"}\n"}
,{"stream_name":"stdout","time":1976.686395717,"data":"{\"op\": \"max\", \"dtype\": \"float32\", \"samples\": 3, \"diffs\": [{\"i\": 1, \"class\": \"SIGNZERO\", \"detail\": \"sign of zero\", \"repr\": \"SampleInput(input=tensor([-8.4784, -1.7658, -4.3228, -2.4005, -7.9506]), args=(tensor(3.6116),), kwargs={}, broadcasts_input=False, name='')\"}, {\"i\": 2, \"class\": \"SIGNZERO\", \"detail\": \"sign of zero\", \"repr\": \"SampleInput(input=tensor([[-8.4784],\\n        [-1.7658],\\n        [-4.3228],\\n        [-2.4005],\\n        [-7.9506]]), args=(tensor([ 3.6116, -8.0676, -0.5735,  3.1285, -3.0337]),), kwargs={}, broadcasts_input=True, name='')\"}], \"errors\": [], \"verdict\": \"DIFF:SIGNZERO\"}\n"}
,{"stream_name":"stdout","time":1976.686404286,"data":"{\"op\": \"max\", \"dtype\": \"float64\", \"samples\": 3, \"diffs\": [{\"i\": 1, \"class\": \"SIGNZERO\", \"detail\": \"sign of zero\", \"repr\": \"SampleInput(input=tensor([-4.8270, -7.5824, -0.6047, -1.5412, -1.9719], dtype=torch.float64), args=(tensor(-4.1460, dtype=torch.float64),), kwargs={}, broadcasts_input=False, name='')\"}, {\"i\": 2, \"class\": \"SIGNZERO\", \"detail\": \"sign of zero\", \"repr\": \"SampleInput(input=tensor([[-4.8270],\\n        [-7.5824],\\n        [-0.6047],\\n        [-1.5412],\\n        [-1.9719]], dtype=torch.float64), args=(tensor([-4.1460, -5.4215, -4.7842, -4.1508,  7.3808], dtype=torch.float64),), kwargs={}, broadcasts_input=True, name='')\"}], \"errors\": [], \"verdict\": \"DIFF:SIGNZERO\"}\n"}
,{"stream_name":"stdout","time":1976.686413234,"data":"{\"op\": \"maximum\", \"dtype\": \"float32\", \"samples\": 3, \"diffs\": [{\"i\": 1, \"class\": \"SIGNZERO\", \"detail\": \"sign of zero\", \"repr\": \"SampleInput(input=tensor([-8.4784, -1.7658, -4.3228, -2.4005, -7.9506]), args=(tensor(3.6116),), kwargs={}, broadcasts_input=False, name='')\"}, {\"i\": 2, \"class\": \"SIGNZERO\", \"detail\": \"sign of zero\", \"repr\": \"SampleInput(input=tensor([[-8.4784],\\n        [-1.7658],\\n        [-4.3228],\\n        [-2.4005],\\n        [-7.9506]]), args=(tensor([ 3.6116, -8.0676, -0.5735,  3.1285, -3.0337]),), kwargs={}, broadcasts_input=True, name='')\"}], \"errors\": [], \"verdict\": \"DIFF:SIGNZERO\"}\n"}
,{"stream_name":"stdout","time":1976.686424248,"data":"{\"op\": \"maximum\", \"dtype\": \"float64\", \"samples\": 3, \"diffs\": [{\"i\": 1, \"class\": \"SIGNZERO\", \"detail\": \"sign of zero\", \"repr\": \"SampleInput(input=tensor([-4.8270, -7.5824, -0.6047, -1.5412, -1.9719], dtype=torch.float64), args=(tensor(-4.1460, dtype=torch.float64),), kwargs={}, broadcasts_input=False, name='')\"}, {\"i\": 2, \"class\": \"SIGNZERO\", \"detail\": \"sign of zero\", \"repr\": \"SampleInput(input=tensor([[-4.8270],\\n        [-7.5824],\\n        [-0.6047],\\n        [-1.5412],\\n        [-1.9719]], dtype=torch.float64), args=(tensor([-4.1460, -5.4215, -4.7842, -4.1508,  7.3808], dtype=torch.float64),), kwargs={}, broadcasts_input=True, name='')\"}], \"errors\": [], \"verdict\": \"DIFF:SIGNZERO\"}\n"}
,{"stream_name":"stdout","time":1976.686432714,"data":"{\"op\": \"min\", \"dtype\": \"float32\", \"samples\": 3, \"diffs\": [{\"i\": 1, \"class\": \"SIGNZERO\", \"detail\": \"sign of zero\", \"repr\": \"SampleInput(input=tensor([-8.4784, -1.7658, -4.3228, -2.4005, -7.9506]), args=(tensor(3.6116),), kwargs={}, broadcasts_input=False, name='')\"}, {\"i\": 2, \"class\": \"SIGNZERO\", \"detail\": \"sign of zero\", \"repr\": \"SampleInput(input=tensor([[-8.4784],\\n        [-1.7658],\\n        [-4.3228],\\n        [-2.4005],\\n        [-7.9506]]), args=(tensor([ 3.6116, -8.0676, -0.5735,  3.1285, -3.0337]),), kwargs={}, broadcasts_input=True, name='')\"}], \"errors\": [], \"verdict\": \"DIFF:SIGNZERO\"}\n"}
,{"stream_name":"stdout","time":1976.686440894,"data":"{\"op\": \"min\", \"dtype\": \"float64\", \"samples\": 3, \"diffs\": [{\"i\": 1, \"class\": \"SIGNZERO\", \"detail\": \"sign of zero\", \"repr\": \"SampleInput(input=tensor([-4.8270, -7.5824, -0.6047, -1.5412, -1.9719], dtype=torch.float64), args=(tensor(-4.1460, dtype=torch.float64),), kwargs={}, broadcasts_input=False, name='')\"}, {\"i\": 2, \"class\": \"SIGNZERO\", \"detail\": \"sign of zero\", \"repr\": \"SampleInput(input=tensor([[-4.8270],\\n        [-7.5824],\\n        [-0.6047],\\n        [-1.5412],\\n        [-1.9719]], dtype=torch.float64), args=(tensor([-4.1460, -5.4215, -4.7842, -4.1508,  7.3808], dtype=torch.float64),), kwargs={}, broadcasts_input=True, name='')\"}], \"errors\": [], \"verdict\": \"DIFF:SIGNZERO\"}\n"}
,{"stream_name":"stdout","time":1976.686449173,"data":"{\"op\": \"minimum\", \"dtype\": \"float32\", \"samples\": 3, \"diffs\": [{\"i\": 1, \"class\": \"SIGNZERO\", \"detail\": \"sign of zero\", \"repr\": \"SampleInput(input=tensor([-8.4784, -1.7658, -4.3228, -2.4005, -7.9506]), args=(tensor(3.6116),), kwargs={}, broadcasts_input=False, name='')\"}, {\"i\": 2, \"class\": \"SIGNZERO\", \"detail\": \"sign of zero\", \"repr\": \"SampleInput(input=tensor([[-8.4784],\\n        [-1.7658],\\n        [-4.3228],\\n        [-2.4005],\\n        [-7.9506]]), args=(tensor([ 3.6116, -8.0676, -0.5735,  3.1285, -3.0337]),), kwargs={}, broadcasts_input=True, name='')\"}], \"errors\": [], \"verdict\": \"DIFF:SIGNZERO\"}\n"}
,{"stream_name":"stdout","time":1976.686457503,"data":"{\"op\": \"minimum\", \"dtype\": \"float64\", \"samples\": 3, \"diffs\": [{\"i\": 1, \"class\": \"SIGNZERO\", \"detail\": \"sign of zero\", \"repr\": \"SampleInput(input=tensor([-4.8270, -7.5824, -0.6047, -1.5412, -1.9719], dtype=torch.float64), args=(tensor(-4.1460, dtype=torch.float64),), kwargs={}, broadcasts_input=False, name='')\"}, {\"i\": 2, \"class\": \"SIGNZERO\", \"detail\": \"sign of zero\", \"repr\": \"SampleInput(input=tensor([[-4.8270],\\n        [-7.5824],\\n        [-0.6047],\\n        [-1.5412],\\n        [-1.9719]], dtype=torch.float64), args=(tensor([-4.1460, -5.4215, -4.7842, -4.1508,  7.3808], dtype=torch.float64),), kwargs={}, broadcasts_input=True, name='')\"}], \"errors\": [], \"verdict\": \"DIFF:SIGNZERO\"}\n"}
,{"stream_name":"stdout","time":1976.686468551,"data":"{\"op\": \"logical_and\", \"dtype\": \"float32\", \"samples\": 3, \"diffs\": [], \"errors\": [], \"verdict\": \"ok\"}\n"}
,{"stream_name":"stdout","time":1976.686473156,"data":"{\"op\": \"logical_and\", \"dtype\": \"float64\", \"samples\": 3, \"diffs\": [], \"errors\": [], \"verdict\": \"ok\"}\n"}
,{"stream_name":"stdout","time":1976.686478614,"data":"{\"op\": \"logical_or\", \"dtype\": \"float32\", \"samples\": 3, \"diffs\": [], \"errors\": [], \"verdict\": \"ok\"}\n"}
,{"stream_name":"stdout","time":1976.686483547,"data":"{\"op\": \"logical_or\", \"dtype\": \"float64\", \"samples\": 3, \"diffs\": [], \"errors\": [], \"verdict\": \"ok\"}\n"}
,{"stream_name":"stdout","time":1976.686488546,"data":"{\"op\": \"logical_xor\", \"dtype\": \"float32\", \"samples\": 3, \"diffs\": [], \"errors\": [], \"verdict\": \"ok\"}\n"}
,{"stream_name":"stdout","time":1976.686492735,"data":"{\"op\": \"logical_xor\", \"dtype\": \"float64\", \"samples\": 3, \"diffs\": [], \"errors\": [], \"verdict\": \"ok\"}\n"}
,{"stream_name":"stdout","time":1976.686497999,"data":"{\"op\": \"heaviside\", \"dtype\": \"float32\", \"samples\": 3, \"diffs\": [], \"errors\": [], \"verdict\": \"ok\"}\n"}
,{"stream_name":"stdout","time":1976.686502753,"data":"{\"op\": \"heaviside\", \"dtype\": \"float64\", \"samples\": 3, \"diffs\": [], \"errors\": [], \"verdict\": \"ok\"}\n"}
,{"stream_name":"stdout","time":1976.686507329,"data":"{\"op\": \"isclose\", \"dtype\": \"float32\", \"samples\": 3, \"diffs\": [], \"errors\": [], \"verdict\": \"ok\"}\n"}
,{"stream_name":"stdout","time":1976.686512302,"data":"{\"op\": \"isclose\", \"dtype\": \"float64\", \"samples\": 3, \"diffs\": [], \"errors\": [], \"verdict\": \"ok\"}\n"}
,{"stream_name":"stdout","time":1976.686517459,"data":"{\"op\": \"softmax\", \"dtype\": \"float32\", \"samples\": 3, \"diffs\": [], \"errors\": [], \"verdict\": \"ok\"}\n"}
,{"stream_name":"stdout","time":1976.686522274,"data":"{\"op\": \"softmax\", \"dtype\": \"float64\", \"samples\": 3, \"diffs\": [], \"errors\": [], \"verdict\": \"ok\"}\n"}
,{"stream_name":"stdout","time":1976.686526716,"data":"{\"op\": \"softmax\", \"dtype\": \"float32\", \"samples\": 3, \"diffs\": [], \"errors\": [], \"verdict\": \"ok\"}\n"}
,{"stream_name":"stdout","time":1976.686531306,"data":"{\"op\": \"softmax\", \"dtype\": \"float64\", \"samples\": 3, \"diffs\": [], \"errors\": [], \"verdict\": \"ok\"}\n"}
,{"stream_name":"stdout","time":1976.686537317,"data":"{\"op\": \"_softmax_backward_data\", \"dtype\": \"float32\", \"samples\": 3, \"diffs\": [{\"i\": 0, \"class\": \"SIGNZERO\", \"detail\": \"sign of zero\", \"repr\": \"SampleInput(input=tensor([ 3.6116, -8.0676, -0.5735,  3.1285, -3.0337]), args=(tensor([0.0008, 0.6208, 0.0481, 0.3291, 0.0013]), 0, torch.float32), kwargs={}, broadcasts_input=False, name='')\"}, {\"i\": 1, \"class\": \"VALUE\", \"detail\": \"nan pattern at [2, 1]: eager -inf compiled nan\", \"repr\": \"SampleInput(input=tensor([[ 4.3191, -0.8691, -0.4368,  5.1155, -6.2551],\\n        [ 2.9920, -2.9822,  5.2072, -3.2105,  0.4450],\\n        [ 3.0391,  6.1851, -1.3229,  8.2106, -7.6144],\\n        [-1.6054, -8.9746,  0.7456,  2.5540, -3.6433],\\n        [ 3.7379, -1.4590, -7.8209,  6.9096,  5.5491]]), args=\"}, {\"i\": 2, \"class\": \"VALUE\", \"detail\": \"nan pattern at [0, 6, 0]: eager -inf compiled nan\", \"repr\": \"SampleInput(input=tensor([[[ 4.6294, -5.5161,  5.4848,  8.2469, -3.0014],\\n         [ 1.0101,  4.9624, -0.7130, -7.5305,  4.0428],\\n         [ 4.2817, -4.9307, -6.0598, -1.5706,  1.7646],\\n         [-4.5515, -0.2163, -3.8892, -3.5062, -1.2317],\\n         [-3.4303,  6.9133,  2.3649,  8.0544,  8.1262],\\n  \"}], \"errors\": [], \"verdict\": \"DIFF:SIGNZERO+VALUE\"}\n"}
,{"stream_name":"stdout","time":1976.686551817,"data":"{\"op\": \"_softmax_backward_data\", \"dtype\": \"float64\", \"samples\": 3, \"diffs\": [{\"i\": 0, \"class\": \"SIGNZERO\", \"detail\": \"sign of zero\", \"repr\": \"SampleInput(input=tensor([-4.1460, -5.4215, -4.7842, -4.1508,  7.3808], dtype=torch.float64), args=(tensor([8.8215e-03, 5.6087e-04, 6.0153e-01, 2.3580e-01, 1.5328e-01],\\n       dtype=torch.float64), 0, torch.float64), kwargs={}, broadcasts_input=False, name='')\"}, {\"i\": 1, \"class\": \"VALUE\", \"detail\": \"nan pattern at [2, 1]: eager -inf compiled nan\", \"repr\": \"SampleInput(input=tensor([[-8.5962, -0.5242, -3.2520,  6.8468, -0.6113],\\n        [ 8.5120, -3.9030,  5.3708, -1.1798, -3.1237],\\n        [ 8.6853, -7.4478, -6.6799,  0.0768, -3.9763],\\n        [-0.1930, -1.4410,  8.7050, -6.1891,  5.2478],\\n        [-5.0540,  4.0983,  5.6691, -6.1025, -7.6308]], dtype=\"}, {\"i\": 2, \"class\": \"VALUE\", \"detail\": \"nan pattern at [0, 6, 1]: eager -inf compiled nan\", \"repr\": \"SampleInput(input=tensor([[[-2.1853,  8.7928,  1.5735, -6.1158, -5.7917],\\n         [-2.2879, -3.0691, -7.2295, -6.6871,  8.6062],\\n         [-5.4237, -3.6577, -3.5381,  3.1701, -7.8149],\\n         [ 0.4723,  7.6115, -2.2551,  6.7642, -1.9018],\\n         [ 4.5707, -6.0844, -3.2001,  1.6124, -2.3758],\\n  \"}], \"errors\": [], \"verdict\": \"DIFF:SIGNZERO+VALUE\"}\n"}
,{"stream_name":"stdout","time":1976.686562498,"data":"{\"op\": \"nn.functional.softmin\", \"dtype\": \"float32\", \"samples\": 3, \"diffs\": [], \"errors\": [], \"verdict\": \"ok\"}\n"}
,{"stream_name":"stdout","time":1976.686567596,"data":"{\"op\": \"nn.functional.softmin\", \"dtype\": \"float64\", \"samples\": 3, \"diffs\": [], \"errors\": [], \"verdict\": \"ok\"}\n"}
,{"stream_name":"stdout","time":1976.686572889,"data":"{\"op\": \"nn.functional.softmin\", \"dtype\": \"float32\", \"samples\": 3, \"diffs\": [], \"errors\": [], \"verdict\": \"ok\"}\n"}
,{"stream_name":"stdout","time":1976.686578142,"data":"{\"op\": \"nn.functional.softmin\", \"dtype\": \"float64\", \"samples\": 3, \"diffs\": [], \"errors\": [], \"verdict\": \"ok\"}\n"}
,{"stream_name":"stdout","time":1976.686583166,"data":"{\"op\": \"nn.functional.cross_entropy\", \"dtype\": \"float32\", \"samples\": 3, \"diffs\": [], \"errors\": [], \"verdict\": \"ok\"}\n"}
,{"stream_name":"stdout","time":1976.686588716,"data":"{\"op\": \"nn.functional.cross_entropy\", \"dtype\": \"float64\", \"samples\": 3, \"diffs\": [], \"errors\": [], \"verdict\": \"ok\"}\n"}
,{"stream_name":"stdout","time":1976.686593999,"data":"{\"op\": \"nn.functional.linear_cross_entropy\", \"dtype\": \"float32\", \"samples\": 3, \"diffs\": [], \"errors\": [], \"verdict\": \"ok\"}\n"}
,{"stream_name":"stdout","time":1976.68659835,"data":"{\"op\": \"nn.functional.linear_cross_entropy\", \"dtype\": \"float64\", \"samples\": 3, \"diffs\": [], \"errors\": [], \"verdict\": \"ok\"}\n"}
,{"stream_name":"stdout","time":1976.686603119,"data":"{\"op\": \"nn.functional.linear_cross_entropy\", \"dtype\": \"float32\", \"samples\": 3, \"diffs\": [], \"errors\": [], \"verdict\": \"ok\"}\n"}
,{"stream_name":"stdout","time":1976.686608187,"data":"{\"op\": \"nn.functional.linear_cross_entropy\", \"dtype\": \"float64\", \"samples\": 3, \"diffs\": [], \"errors\": [], \"verdict\": \"ok\"}\n"}
,{"stream_name":"stdout","time":1976.686613145,"data":"{\"op\": \"nn.functional.linear_cross_entropy\", \"dtype\": \"float32\", \"samples\": 3, \"diffs\": [], \"errors\": [], \"verdict\": \"ok\"}\n"}
,{"stream_name":"stdout","time":1976.686618295,"data":"{\"op\": \"nn.functional.linear_cross_entropy\", \"dtype\": \"float64\", \"samples\": 3, \"diffs\": [], \"errors\": [], \"verdict\": \"ok\"}\n"}
,{"stream_name":"stdout","time":1976.686627131,"data":"{\"op\": \"aminmax\", \"dtype\": \"float32\", \"samples\": 3, \"diffs\": [], \"errors\": [], \"verdict\": \"ok\"}\n"}
,{"stream_name":"stdout","time":1976.686632697,"data":"{\"op\": \"aminmax\", \"dtype\": \"float64\", \"samples\": 3, \"diffs\": [], \"errors\": [], \"verdict\": \"ok\"}\n"}
,{"stream_name":"stdout","time":1976.686639047,"data":"{\"op\": \"as_strided\", \"dtype\": \"float32\", \"samples\": 3, \"diffs\": [], \"errors\": [], \"verdict\": \"ok\"}\n"}
,{"stream_name":"stdout","time":1976.686643605,"data":"{\"op\": \"as_strided\", \"dtype\": \"float64\", \"samples\": 3, \"diffs\": [], \"errors\": [], \"verdict\": \"ok\"}\n"}
,{"stream_name":"stdout","time":1976.686648489,"data":"{\"op\": \"as_strided\", \"dtype\": \"float32\", \"samples\": 3, \"diffs\": [], \"errors\": [], \"verdict\": \"ok\"}\n"}
,{"stream_name":"stdout","time":1976.686652789,"data":"{\"op\": \"as_strided\", \"dtype\": \"float64\", \"samples\": 3, \"diffs\": [], \"errors\": [], \"verdict\": \"ok\"}\n"}
,{"stream_name":"stdout","time":1976.686657832,"data":"{\"op\": \"as_strided_copy\", \"dtype\": \"float32\", \"samples\": 3, \"diffs\": [], \"errors\": [], \"verdict\": \"ok\"}\n"}
,{"stream_name":"stdout","time":1976.686662461,"data":"{\"op\": \"as_strided_copy\", \"dtype\": \"float64\", \"samples\": 3, \"diffs\": [], \"errors\": [], \"verdict\": \"ok\"}\n"}
,{"stream_name":"stdout","time":1976.686666382,"data":"{\"op\": \"as_strided_scatter\", \"dtype\": \"float32\", \"samples\": 3, \"diffs\": [], \"errors\": [], \"verdict\": \"ok\"}\n"}
,{"stream_name":"stdout","time":1976.686671068,"data":"{\"op\": \"as_strided_scatter\", \"dtype\": \"float64\", \"samples\": 3, \"diffs\": [], \"errors\": [], \"verdict\": \"ok\"}\n"}
,{"stream_name":"stdout","time":1976.686675922,"data":"{\"op\": \"native_group_norm\", \"dtype\": \"float32\", \"samples\": 3, \"diffs\": [{\"i\": 0, \"class\": \"VALUE\", \"detail\": \"nan pattern at [0, 0]: eager nan compiled inf\", \"repr\": \"SampleInput(input=tensor([[[ 4.9473,  5.7744, -3.9730],\\n         [ 3.2708, -3.8939,  2.8211],\\n         [-4.7024,  4.1631,  1.8220],\\n         [-3.5221, -4.4145,  2.3285],\\n         [ 8.3972,  4.3191, -0.8691],\\n         [-0.4368,  5.1155, -6.2551]]]), args=(tensor([-8.4784, -1.7658, -4.3228, -2.4005, -\"}, {\"i\": 1, \"class\": \"VALUE\", \"detail\": \"nan pattern at [0, 0]: eager nan compiled inf\", \"repr\": \"SampleInput(input=tensor([[[-8.4784, -1.7658, -4.3228],\\n         [-2.4005, -7.9506,  3.6116],\\n         [-8.0676, -0.5735,  3.1285],\\n         [-3.0337,  5.1067,  1.1351],\\n         [ 4.9473,  5.7744, -3.9730],\\n         [ 3.2708, -3.8939,  2.8211]]]), args=(tensor([-8.4784, -1.7658, -4.3228, -2.4005, -\"}, {\"i\": 2, \"class\": \"VALUE\", \"detail\": \"nan pattern at [0, 0]: eager nan compiled inf\", \"repr\": \"SampleInput(input=tensor([[[-8.4784, -1.7658, -4.3228],\\n         [-2.4005, -7.9506,  3.6116],\\n         [-8.0676, -0.5735,  3.1285],\\n         [-3.0337,  5.1067,  1.1351],\\n         [ 4.9473,  5.7744, -3.9730],\\n         [ 3.2708, -3.8939,  2.8211]]]), args=(tensor([-8.4784, -1.7658, -4.3228, -2.4005, -\"}], \"errors\": [], \"verdict\": \"DIFF:VALUE\"}\n"}
,{"stream_name":"stdout","time":1976.68668906,"data":"{\"op\": \"native_group_norm\", \"dtype\": \"float64\", \"samples\": 3, \"diffs\": [{\"i\": 0, \"class\": \"VALUE\", \"detail\": \"nan pattern at [0, 0]: eager nan compiled inf\", \"repr\": \"SampleInput(input=tensor([[[ 4.1776,  2.0474, -4.0760],\\n         [-3.0637, -3.3422, -5.4398],\\n         [ 4.4805,  2.6850, -3.8432],\\n         [-3.0355, -2.1461, -2.6718],\\n         [-7.7232, -8.5962, -0.5242],\\n         [-3.2520,  6.8468, -0.6113]]], dtype=torch.float64), args=(tensor([-4.8270, -7.5824\"}, {\"i\": 1, \"class\": \"VALUE\", \"detail\": \"nan pattern at [0, 0]: eager nan compiled inf\", \"repr\": \"SampleInput(input=tensor([[[-4.8270, -7.5824, -0.6047],\\n         [-1.5412, -1.9719, -4.1460],\\n         [-5.4215, -4.7842, -4.1508],\\n         [ 7.3808,  5.5761, -8.3157],\\n         [ 4.1776,  2.0474, -4.0760],\\n         [-3.0637, -3.3422, -5.4398]]], dtype=torch.float64), args=(tensor([-4.8270, -7.5824\"}, {\"i\": 2, \"class\": \"VALUE\", \"detail\": \"nan pattern at [0, 0]: eager nan compiled inf\", \"repr\": \"SampleInput(input=tensor([[[-4.8270, -7.5824, -0.6047],\\n         [-1.5412, -1.9719, -4.1460],\\n         [-5.4215, -4.7842, -4.1508],\\n         [ 7.3808,  5.5761, -8.3157],\\n         [ 4.1776,  2.0474, -4.0760],\\n         [-3.0637, -3.3422, -5.4398]]], dtype=torch.float64), args=(tensor([-4.8270, -7.5824\"}], \"errors\": [], \"verdict\": \"DIFF:VALUE\"}\n"}
,{"stream_name":"stdout","time":1976.686704945,"data":"{\"op\": \"native_layer_norm\", \"dtype\": \"float32\", \"samples\": 3, \"diffs\": [], \"errors\": [], \"verdict\": \"ok\"}\n"}
,{"stream_name":"stdout","time":1976.686710399,"data":"{\"op\": \"native_layer_norm\", \"dtype\": \"float64\", \"samples\": 3, \"diffs\": [], \"errors\": [], \"verdict\": \"ok\"}\n"}
,{"stream_name":"stdout","time":1976.686715099,"data":"{\"op\": \"native_batch_norm\", \"dtype\": \"float32\", \"samples\": 3, \"diffs\": [{\"i\": 1, \"class\": \"VALUE\", \"detail\": \"nan pattern at [1, 0, 3]: eager 0.0 compiled nan\", \"repr\": \"SampleInput(input=tensor([[[ 3.1285, -3.0337,  5.1067,  1.1351],\\n         [ 4.9473,  5.7744, -3.9730,  3.2708]],\\n\\n        [[-3.8939,  2.8211, -4.7024,  4.1631],\\n         [ 1.8220, -3.5221, -4.4145,  2.3285]],\\n\\n        [[ 8.3972,  4.3191, -0.8691, -0.4368],\\n         [ 5.1155, -6.2551,  2.9920, -2.982\"}], \"errors\": [], \"verdict\": \"DIFF:VALUE\"}\n"}
,{"stream_name":"stdout","time":1976.686730534,"data":"{\"op\": \"native_batch_norm\", \"dtype\": \"float64\", \"samples\": 3, \"diffs\": [{\"i\": 1, \"class\": \"VALUE\", \"detail\": \"nan pattern at [1, 0, 3]: eager 0.0 compiled nan\", \"repr\": \"SampleInput(input=tensor([[[-4.1508,  7.3808,  5.5761, -8.3157],\\n         [ 4.1776,  2.0474, -4.0760, -3.0637]],\\n\\n        [[-3.3422, -5.4398,  4.4805,  2.6850],\\n         [-3.8432, -3.0355, -2.1461, -2.6718]],\\n\\n        [[-7.7232, -8.5962, -0.5242, -3.2520],\\n         [ 6.8468, -0.6113,  8.5120, -3.903\"}], \"errors\": [], \"verdict\": \"DIFF:VALUE\"}\n"}
,{"stream_name":"stdout","time":1976.686737858,"data":"{\"op\": \"_native_batch_norm_legit\", \"dtype\": \"float32\", \"samples\": 3, \"diffs\": [{\"i\": 1, \"class\": \"VALUE\", \"detail\": \"nan pattern at [1, 0, 3]: eager 0.0 compiled nan\", \"repr\": \"SampleInput(input=tensor([[[ 3.1285, -3.0337,  5.1067,  1.1351],\\n         [ 4.9473,  5.7744, -3.9730,  3.2708]],\\n\\n        [[-3.8939,  2.8211, -4.7024,  4.1631],\\n         [ 1.8220, -3.5221, -4.4145,  2.3285]],\\n\\n        [[ 8.3972,  4.3191, -0.8691, -0.4368],\\n         [ 5.1155, -6.2551,  2.9920, -2.982\"}], \"errors\": [], \"verdict\": \"DIFF:VALUE\"}\n"}
,{"stream_name":"stdout","time":1976.686749462,"data":"{\"op\": \"_native_batch_norm_legit\", \"dtype\": \"float64\", \"samples\": 3, \"diffs\": [{\"i\": 1, \"class\": \"VALUE\", \"detail\": \"nan pattern at [1, 0, 3]: eager 0.0 compiled nan\", \"repr\": \"SampleInput(input=tensor([[[-4.1508,  7.3808,  5.5761, -8.3157],\\n         [ 4.1776,  2.0474, -4.0760, -3.0637]],\\n\\n        [[-3.3422, -5.4398,  4.4805,  2.6850],\\n         [-3.8432, -3.0355, -2.1461, -2.6718]],\\n\\n        [[-7.7232, -8.5962, -0.5242, -3.2520],\\n         [ 6.8468, -0.6113,  8.5120, -3.903\"}], \"errors\": [], \"verdict\": \"DIFF:VALUE\"}\n"}
,{"stream_name":"stdout","time":1976.686756692,"data":"{\"op\": \"_batch_norm_with_update\", \"dtype\": \"float32\", \"samples\": 3, \"diffs\": [{\"i\": 1, \"class\": \"SIGNZERO\", \"detail\": \"sign of zero\", \"repr\": \"SampleInput(input=tensor([[[ 3.1285, -3.0337,  5.1067,  1.1351],\\n         [ 4.9473,  5.7744, -3.9730,  3.2708]],\\n\\n        [[-3.8939,  2.8211, -4.7024,  4.1631],\\n         [ 1.8220, -3.5221, -4.4145,  2.3285]],\\n\\n        [[ 8.3972,  4.3191, -0.8691, -0.4368],\\n         [ 5.1155, -6.2551,  2.9920, -2.982\"}], \"errors\": [], \"verdict\": \"DIFF:SIGNZERO\"}\n"}
,{"stream_name":"stdout","time":1976.686767218,"data":"{\"op\": \"_batch_norm_with_update\", \"dtype\": \"float64\", \"samples\": 3, \"diffs\": [{\"i\": 1, \"class\": \"SIGNZERO\", \"detail\": \"sign of zero\", \"repr\": \"SampleInput(input=tensor([[[-4.1508,  7.3808,  5.5761, -8.3157],\\n         [ 4.1776,  2.0474, -4.0760, -3.0637]],\\n\\n        [[-3.3422, -5.4398,  4.4805,  2.6850],\\n         [-3.8432, -3.0355, -2.1461, -2.6718]],\\n\\n        [[-7.7232, -8.5962, -0.5242, -3.2520],\\n         [ 6.8468, -0.6113,  8.5120, -3.903\"}], \"errors\": [], \"verdict\": \"DIFF:SIGNZERO\"}\n"}
,{"stream_name":"stdout","time":1976.686774038,"data":"{\"op\": \"nn.functional.cosine_similarity\", \"dtype\": \"float32\", \"samples\": 3, \"diffs\": [], \"errors\": [], \"verdict\": \"ok\"}\n"}
,{"stream_name":"stdout","time":1976.686778867,"data":"{\"op\": \"nn.functional.cosine_similarity\", \"dtype\": \"float64\", \"samples\": 3, \"diffs\": [], \"errors\": [], \"verdict\": \"ok\"}\n"}
,{"stream_name":"stdout","time":1976.686784114,"data":"{\"op\": \"nn.functional.adaptive_avg_pool1d\", \"dtype\": \"float32\", \"samples\": 3, \"diffs\": [], \"errors\": [], \"verdict\": \"ok\"}\n"}
,{"stream_name":"stdout","time":1976.686789193,"data":"{\"op\": \"nn.functional.adaptive_avg_pool1d\", \"dtype\": \"float64\", \"samples\": 3, \"diffs\": [], \"errors\": [], \"verdict\": \"ok\"}\n"}
,{"stream_name":"stdout","time":1976.686794343,"data":"{\"op\": \"nn.functional.adaptive_avg_pool2d\", \"dtype\": \"float32\", \"samples\": 3, \"diffs\": [], \"errors\": [], \"verdict\": \"ok\"}\n"}
,{"stream_name":"stdout","time":1976.686799201,"data":"{\"op\": \"nn.functional.adaptive_avg_pool2d\", \"dtype\": \"float64\", \"samples\": 3, \"diffs\": [], \"errors\": [], \"verdict\": \"ok\"}\n"}
,{"stream_name":"stdout","time":1976.686803763,"data":"{\"op\": \"nn.functional.adaptive_avg_pool3d\", \"dtype\": \"float32\", \"samples\": 3, \"diffs\": [], \"errors\": [], \"verdict\": \"ok\"}\n"}
,{"stream_name":"stdout","time":1976.68680839,"data":"{\"op\": \"nn.functional.adaptive_avg_pool3d\", \"dtype\": \"float64\", \"samples\": 3, \"diffs\": [], \"errors\": [], \"verdict\": \"ok\"}\n"}
,{"stream_name":"stdout","time":1976.686813251,"data":"{\"op\": \"nn.functional.adaptive_max_pool1d\", \"dtype\": \"float32\", \"samples\": 3, \"diffs\": [{\"i\": 0, \"class\": \"VALUE\", \"detail\": \"value at [0, 2, 1]: eager 2 compiled 1\", \"repr\": \"SampleInput(input=tensor([[[-8.4784, -1.7658, -4.3228, -2.4005],\\n         [-7.9506,  3.6116, -8.0676, -0.5735],\\n         [ 3.1285, -3.0337,  5.1067,  1.1351],\\n         [ 4.9473,  5.7744, -3.9730,  3.2708]],\\n\\n        [[-3.8939,  2.8211, -4.7024,  4.1631],\\n         [ 1.8220, -3.5221, -4.4145,  2.3285]\"}, {\"i\": 1, \"class\": \"VALUE\", \"detail\": \"value at [2, 1]: eager 2 compiled 1\", \"repr\": \"SampleInput(input=tensor([[-8.4784, -1.7658, -4.3228, -2.4005],\\n        [-7.9506,  3.6116, -8.0676, -0.5735],\\n        [ 3.1285, -3.0337,  5.1067,  1.1351],\\n        [ 4.9473,  5.7744, -3.9730,  3.2708]]), args=(3, True), kwargs={}, broadcasts_input=False, name='')\"}], \"errors\": [], \"verdict\": \"DIFF:VALUE\"}\n"}
,{"stream_name":"stdout","time":1976.686822092,"data":"{\"op\": \"nn.functional.adaptive_max_pool1d\", \"dtype\": \"float64\", \"samples\": 3, \"diffs\": [{\"i\": 0, \"class\": \"VALUE\", \"detail\": \"value at [0, 2, 1]: eager 2 compiled 1\", \"repr\": \"SampleInput(input=tensor([[[-4.8270, -7.5824, -0.6047, -1.5412],\\n         [-1.9719, -4.1460, -5.4215, -4.7842],\\n         [-4.1508,  7.3808,  5.5761, -8.3157],\\n         [ 4.1776,  2.0474, -4.0760, -3.0637]],\\n\\n        [[-3.3422, -5.4398,  4.4805,  2.6850],\\n         [-3.8432, -3.0355, -2.1461, -2.6718]\"}, {\"i\": 1, \"class\": \"VALUE\", \"detail\": \"value at [2, 1]: eager 2 compiled 1\", \"repr\": \"SampleInput(input=tensor([[-4.8270, -7.5824, -0.6047, -1.5412],\\n        [-1.9719, -4.1460, -5.4215, -4.7842],\\n        [-4.1508,  7.3808,  5.5761, -8.3157],\\n        [ 4.1776,  2.0474, -4.0760, -3.0637]], dtype=torch.float64), args=(3, True), kwargs={}, broadcasts_input=False, name='')\"}], \"errors\": [], \"verdict\": \"DIFF:VALUE\"}\n"}
,{"stream_name":"stdout","time":1976.68683964,"data":"{\"op\": \"nn.functional.adaptive_max_pool2d\", \"dtype\": \"float32\", \"samples\": 3, \"diffs\": [{\"i\": 0, \"class\": \"VALUE\", \"detail\": \"value at [0, 0, 1, 1]: eager 10 compiled 9\", \"repr\": \"SampleInput(input=tensor([[[[-8.4784, -1.7658, -4.3228, -2.4005],\\n          [-7.9506,  3.6116, -8.0676, -0.5735],\\n          [ 3.1285, -3.0337,  5.1067,  1.1351],\\n          [ 4.9473,  5.7744, -3.9730,  3.2708]],\\n\\n         [[-3.8939,  2.8211, -4.7024,  4.1631],\\n          [ 1.8220, -3.5221, -4.4145,  2\"}, {\"i\": 1, \"class\": \"VALUE\", \"detail\": \"value at [0, 1, 1]: eager 10 compiled 9\", \"repr\": \"SampleInput(input=tensor([[[-8.4784, -1.7658, -4.3228, -2.4005],\\n         [-7.9506,  3.6116, -8.0676, -0.5735],\\n         [ 3.1285, -3.0337,  5.1067,  1.1351],\\n         [ 4.9473,  5.7744, -3.9730,  3.2708]],\\n\\n        [[-3.8939,  2.8211, -4.7024,  4.1631],\\n         [ 1.8220, -3.5221, -4.4145,  2.3285]\"}], \"errors\": [], \"verdict\": \"DIFF:VALUE\"}\n"}
,{"stream_name":"stdout","time":1976.686849619,"data":"{\"op\": \"nn.functional.adaptive_max_pool2d\", \"dtype\": \"float64\", \"samples\": 3, \"diffs\": [{\"i\": 0, \"class\": \"VALUE\", \"detail\": \"value at [0, 0, 1, 1]: eager 10 compiled 9\", \"repr\": \"SampleInput(input=tensor([[[[-4.8270, -7.5824, -0.6047, -1.5412],\\n          [-1.9719, -4.1460, -5.4215, -4.7842],\\n          [-4.1508,  7.3808,  5.5761, -8.3157],\\n          [ 4.1776,  2.0474, -4.0760, -3.0637]],\\n\\n         [[-3.3422, -5.4398,  4.4805,  2.6850],\\n          [-3.8432, -3.0355, -2.1461, -2\"}, {\"i\": 1, \"class\": \"VALUE\", \"detail\": \"value at [0, 1, 1]: eager 10 compiled 9\", \"repr\": \"SampleInput(input=tensor([[[-4.8270, -7.5824, -0.6047, -1.5412],\\n         [-1.9719, -4.1460, -5.4215, -4.7842],\\n         [-4.1508,  7.3808,  5.5761, -8.3157],\\n         [ 4.1776,  2.0474, -4.0760, -3.0637]],\\n\\n        [[-3.3422, -5.4398,  4.4805,  2.6850],\\n         [-3.8432, -3.0355, -2.1461, -2.6718]\"}], \"errors\": [], \"verdict\": \"DIFF:VALUE\"}\n"}
,{"stream_name":"stdout","time":1976.68685959,"data":"{\"op\": \"nn.functional.adaptive_max_pool3d\", \"dtype\": \"float32\", \"samples\": 3, \"diffs\": [], \"errors\": [], \"verdict\": \"ok\"}\n"}
,{"stream_name":"stdout","time":1976.686864364,"data":"{\"op\": \"nn.functional.adaptive_max_pool3d\", \"dtype\": \"float64\", \"samples\": 3, \"diffs\": [], \"errors\": [], \"verdict\": \"ok\"}\n"}
,{"stream_name":"stdout","time":1976.686869098,"data":"{\"op\": \"nn.functional.avg_pool1d\", \"dtype\": \"float32\", \"samples\": 3, \"diffs\": [], \"errors\": [], \"verdict\": \"ok\"}\n"}
,{"stream_name":"stdout","time":1976.686874035,"data":"{\"op\": \"nn.functional.avg_pool1d\", \"dtype\": \"float64\", \"samples\": 3, \"diffs\": [], \"errors\": [], \"verdict\": \"ok\"}\n"}
,{"stream_name":"stdout","time":1976.686878595,"data":"{\"op\": \"nn.functional.avg_pool3d\", \"dtype\": \"float32\", \"samples\": 3, \"diffs\": [], \"errors\": [], \"verdict\": \"ok\"}\n"}
,{"stream_name":"stdout","time":1976.686883276,"data":"{\"op\": \"nn.functional.avg_pool3d\", \"dtype\": \"float64\", \"samples\": 3, \"diffs\": [], \"errors\": [], \"verdict\": \"ok\"}\n"}
,{"stream_name":"stdout","time":1976.686888018,"data":"{\"op\": \"nn.functional.binary_cross_entropy_with_logits\", \"dtype\": \"float32\", \"samples\": 3, \"diffs\": [], \"errors\": [], \"verdict\": \"ok\"}\n"}
,{"stream_name":"stdout","time":1976.686892424,"data":"{\"op\": \"nn.functional.binary_cross_entropy_with_logits\", \"dtype\": \"float64\", \"samples\": 3, \"diffs\": [], \"errors\": [], \"verdict\": \"ok\"}\n"}
,{"stream_name":"stdout","time":1976.686899712,"data":"{\"op\": \"nn.functional.conv_transpose1d\", \"dtype\": \"float32\", \"samples\": 3, \"diffs\": [], \"errors\": [], \"verdict\": \"ok\"}\n"}
,{"stream_name":"stdout","time":1976.686905946,"data":"{\"op\": \"nn.functional.conv_transpose1d\", \"dtype\": \"float64\", \"samples\": 3, \"diffs\": [], \"errors\": [], \"verdict\": \"ok\"}\n"}
,{"stream_name":"stdout","time":1976.686951527,"data":"{\"op\": \"nn.functional.conv_transpose2d\", \"dtype\": \"float32\", \"samples\": 3, \"diffs\": [], \"errors\": [], \"verdict\": \"ok\"}\n"}
,{"stream_name":"stdout","time":1976.686962617,"data":"{\"op\": \"nn.functional.conv_transpose2d\", \"dtype\": \"float64\", \"samples\": 3, \"diffs\": [], \"errors\": [], \"verdict\": \"ok\"}\n"}
,{"stream_name":"stdout","time":1976.686967501,"data":"{\"op\": \"nn.functional.conv_transpose3d\", \"dtype\": \"float32\", \"samples\": 3, \"diffs\": [], \"errors\": [], \"verdict\": \"ok\"}\n"}
,{"stream_name":"stdout","time":1976.686972746,"data":"{\"op\": \"nn.functional.conv_transpose3d\", \"dtype\": \"float64\", \"samples\": 3, \"diffs\": [], \"errors\": [], \"verdict\": \"ok\"}\n"}
,{"stream_name":"stdout","time":1976.686978144,"data":"{\"op\": \"nn.functional.conv1d\", \"dtype\": \"float32\", \"samples\": 3, \"diffs\": [], \"errors\": [], \"verdict\": \"ok\"}\n"}
,{"stream_name":"stdout","time":1976.686983647,"data":"{\"op\": \"nn.functional.conv1d\", \"dtype\": \"float64\", \"samples\": 3, \"diffs\": [], \"errors\": [], \"verdict\": \"ok\"}\n"}
,{"stream_name":"stdout","time":1976.686988627,"data":"{\"op\": \"nn.functional.conv2d\", \"dtype\": \"float32\", \"samples\": 3, \"diffs\": [{\"i\": 2, \"class\": \"VALUE\", \"detail\": \"nan pattern at [0, 0, 0, 0]: eager nan compiled -inf\", \"repr\": \"SampleInput(input=tensor([[[[-8.4784e+00, -1.7658e+00, -4.3228e+00, -2.4005e+00, -7.9506e+00,\\n            3.6116e+00, -8.0676e+00, -5.7349e-01],\\n          [ 3.1285e+00, -3.0337e+00,  5.1067e+00,  1.1351e+00,  4.9473e+00,\\n            5.7744e+00, -3.9730e+00,  3.2708e+00],\\n          [-3.8939e+00,  2.8\"}], \"errors\": [], \"verdict\": \"DIFF:VALUE\"}\n"}
,{"stream_name":"stdout","time":1976.686996064,"data":"{\"op\": \"nn.functional.conv2d\", \"dtype\": \"float64\", \"samples\": 3, \"diffs\": [], \"errors\": [], \"verdict\": \"ok\"}\n"}
,{"stream_name":"stdout","time":1976.687000736,"data":"{\"op\": \"nn.functional.conv3d\", \"dtype\": \"float32\", \"samples\": 3, \"diffs\": [], \"errors\": [], \"verdict\": \"ok\"}\n"}
,{"stream_name":"stdout","time":1976.68700527,"data":"{\"op\": \"nn.functional.conv3d\", \"dtype\": \"float64\", \"samples\": 3, \"diffs\": [], \"errors\": [], \"verdict\": \"ok\"}\n"}
,{"stream_name":"stdout","time":1976.687010407,"data":"{\"op\": \"nn.functional.group_norm\", \"dtype\": \"float32\", \"samples\": 3, \"diffs\": [], \"errors\": [], \"verdict\": \"ok\"}\n"}
,{"stream_name":"stdout","time":1976.687015855,"data":"{\"op\": \"nn.functional.group_norm\", \"dtype\": \"float64\", \"samples\": 3, \"diffs\": [], \"errors\": [], \"verdict\": \"ok\"}\n"}
,{"stream_name":"stdout","time":1976.687021536,"data":"{\"op\": \"nn.functional.instance_norm\", \"dtype\": \"float32\", \"samples\": 3, \"diffs\": [{\"i\": 0, \"class\": \"SIGNZERO\", \"detail\": \"sign of zero\", \"repr\": \"SampleInput(input=tensor([[[ 1.8220, -3.5221, -4.4145,  2.3285,  8.3972],\\n         [ 4.3191, -0.8691, -0.4368,  5.1155, -6.2551],\\n         [ 2.9920, -2.9822,  5.2072, -3.2105,  0.4450],\\n         [ 3.0391,  6.1851, -1.3229,  8.2106, -7.6144],\\n         [-1.6054, -8.9746,  0.7456,  2.5540, -3.6433]],\\n\\n\"}, {\"i\": 1, \"class\": \"SIGNZERO\", \"detail\": \"sign of zero\", \"repr\": \"SampleInput(input=tensor([[[ 1.8220, -3.5221, -4.4145,  2.3285,  8.3972],\\n         [ 4.3191, -0.8691, -0.4368,  5.1155, -6.2551],\\n         [ 2.9920, -2.9822,  5.2072, -3.2105,  0.4450],\\n         [ 3.0391,  6.1851, -1.3229,  8.2106, -7.6144],\\n         [-1.6054, -8.9746,  0.7456,  2.5540, -3.6433]],\\n\\n\"}, {\"i\": 2, \"class\": \"SIGNZERO\", \"detail\": \"sign of zero\", \"repr\": \"SampleInput(input=tensor([[[ 3.1285, -3.0337,  5.1067,  1.1351],\\n         [ 4.9473,  5.7744, -3.9730,  3.2708]],\\n\\n        [[-3.8939,  2.8211, -4.7024,  4.1631],\\n         [ 1.8220, -3.5221, -4.4145,  2.3285]],\\n\\n        [[ 8.3972,  4.3191, -0.8691, -0.4368],\\n         [ 5.1155, -6.2551,  2.9920, -2.982\"}], \"errors\": [], \"verdict\": \"DIFF:SIGNZERO\"}\n"}
,{"stream_name":"stdout","time":1976.687038127,"data":"{\"op\": \"nn.functional.instance_norm\", \"dtype\": \"float64\", \"samples\": 3, \"diffs\": [{\"i\": 0, \"class\": \"SIGNZERO\", \"detail\": \"sign of zero\", \"repr\": \"SampleInput(input=tensor([[[-3.8432, -3.0355, -2.1461, -2.6718, -7.7232],\\n         [-8.5962, -0.5242, -3.2520,  6.8468, -0.6113],\\n         [ 8.5120, -3.9030,  5.3708, -1.1798, -3.1237],\\n         [ 8.6853, -7.4478, -6.6799,  0.0768, -3.9763],\\n         [-0.1930, -1.4410,  8.7050, -6.1891,  5.2478]],\\n\\n\"}, {\"i\": 1, \"class\": \"SIGNZERO\", \"detail\": \"sign of zero\", \"repr\": \"SampleInput(input=tensor([[[-3.8432, -3.0355, -2.1461, -2.6718, -7.7232],\\n         [-8.5962, -0.5242, -3.2520,  6.8468, -0.6113],\\n         [ 8.5120, -3.9030,  5.3708, -1.1798, -3.1237],\\n         [ 8.6853, -7.4478, -6.6799,  0.0768, -3.9763],\\n         [-0.1930, -1.4410,  8.7050, -6.1891,  5.2478]],\\n\\n\"}, {\"i\": 2, \"class\": \"SIGNZERO\", \"detail\": \"sign of zero\", \"repr\": \"SampleInput(input=tensor([[[-4.1508,  7.3808,  5.5761, -8.3157],\\n         [ 4.1776,  2.0474, -4.0760, -3.0637]],\\n\\n        [[-3.3422, -5.4398,  4.4805,  2.6850],\\n         [-3.8432, -3.0355, -2.1461, -2.6718]],\\n\\n        [[-7.7232, -8.5962, -0.5242, -3.2520],\\n         [ 6.8468, -0.6113,  8.5120, -3.903\"}], \"errors\": [], \"verdict\": \"DIFF:SIGNZERO\"}\n"}
,{"stream_name":"stdout","time":1976.687048455,"data":"{\"op\": \"nn.functional.layer_norm\", \"dtype\": \"float32\", \"samples\": 3, \"diffs\": [], \"errors\": [], \"verdict\": \"ok\"}\n"}
,{"stream_name":"stdout","time":1976.687054037,"data":"{\"op\": \"nn.functional.layer_norm\", \"dtype\": \"float64\", \"samples\": 3, \"diffs\": [], \"errors\": [], \"verdict\": \"ok\"}\n"}
,{"stream_name":"stdout","time":1976.687058872,"data":"{\"op\": \"nn.functional.rms_norm\", \"dtype\": \"float32\", \"samples\": 3, \"diffs\": [], \"errors\": [], \"verdict\": \"ok\"}\n"}
,{"stream_name":"stdout","time":1976.687063498,"data":"{\"op\": \"nn.functional.rms_norm\", \"dtype\": \"float64\", \"samples\": 3, \"diffs\": [], \"errors\": [], \"verdict\": \"ok\"}\n"}
,{"stream_name":"stdout","time":1976.687070225,"data":"{\"op\": \"nn.functional.local_response_norm\", \"dtype\": \"float32\", \"samples\": 3, \"diffs\": [], \"errors\": [], \"verdict\": \"ok\"}\n"}
,{"stream_name":"stdout","time":1976.687075537,"data":"{\"op\": \"nn.functional.local_response_norm\", \"dtype\": \"float64\", \"samples\": 3, \"diffs\": [], \"errors\": [], \"verdict\": \"ok\"}\n"}
,{"stream_name":"stdout","time":1976.687080669,"data":"{\"op\": \"constant_pad_nd\", \"dtype\": \"float32\", \"samples\": 3, \"diffs\": [], \"errors\": [], \"verdict\": \"ok\"}\n"}
,{"stream_name":"stdout","time":1976.687085198,"data":"{\"op\": \"constant_pad_nd\", \"dtype\": \"float64\", \"samples\": 3, \"diffs\": [], \"errors\": [], \"verdict\": \"ok\"}\n"}
,{"stream_name":"stdout","time":1976.687089749,"data":"{\"op\": \"nn.functional.pad\", \"dtype\": \"float32\", \"samples\": 3, \"diffs\": [], \"errors\": [], \"verdict\": \"ok\"}\n"}
,{"stream_name":"stdout","time":1976.687094701,"data":"{\"op\": \"nn.functional.pad\", \"dtype\": \"float64\", \"samples\": 3, \"diffs\": [], \"errors\": [], \"verdict\": \"ok\"}\n"}
,{"stream_name":"stdout","time":1976.687103135,"data":"{\"op\": \"nn.functional.pad\", \"dtype\": \"float32\", \"samples\": 3, \"diffs\": [], \"errors\": [], \"verdict\": \"ok\"}\n"}
,{"stream_name":"stdout","time":1976.687107801,"data":"{\"op\": \"nn.functional.pad\", \"dtype\": \"float64\", \"samples\": 3, \"diffs\": [], \"errors\": [], \"verdict\": \"ok\"}\n"}
,{"stream_name":"stdout","time":1976.687112921,"data":"{\"op\": \"nn.functional.pad\", \"dtype\": \"float32\", \"samples\": 3, \"diffs\": [], \"errors\": [], \"verdict\": \"ok\"}\n"}
,{"stream_name":"stdout","time":1976.687117857,"data":"{\"op\": \"nn.functional.pad\", \"dtype\": \"float64\", \"samples\": 3, \"diffs\": [], \"errors\": [], \"verdict\": \"ok\"}\n"}
,{"stream_name":"stdout","time":1976.687122729,"data":"{\"op\": \"nn.functional.pad\", \"dtype\": \"float32\", \"samples\": 3, \"diffs\": [], \"errors\": [], \"verdict\": \"ok\"}\n"}
,{"stream_name":"stdout","time":1976.687127699,"data":"{\"op\": \"nn.functional.pad\", \"dtype\": \"float64\", \"samples\": 3, \"diffs\": [], \"errors\": [], \"verdict\": \"ok\"}\n"}
,{"stream_name":"stdout","time":1976.687133025,"data":"{\"op\": \"nn.functional.pad\", \"dtype\": \"float32\", \"samples\": 3, \"diffs\": [], \"errors\": [], \"verdict\": \"ok\"}\n"}
,{"stream_name":"stdout","time":1976.687137673,"data":"{\"op\": \"nn.functional.pad\", \"dtype\": \"float64\", \"samples\": 3, \"diffs\": [], \"errors\": [], \"verdict\": \"ok\"}\n"}
,{"stream_name":"stdout","time":1976.68714275,"data":"{\"op\": \"nn.functional.hardswish\", \"dtype\": \"float32\", \"samples\": 3, \"diffs\": [], \"errors\": [], \"verdict\": \"ok\"}\n"}
,{"stream_name":"stdout","time":1976.687146952,"data":"{\"op\": \"nn.functional.hardswish\", \"dtype\": \"float64\", \"samples\": 3, \"diffs\": [], \"errors\": [], \"verdict\": \"ok\"}\n"}
,{"stream_name":"stdout","time":1976.68715179,"data":"{\"op\": \"nn.functional.unfold\", \"dtype\": \"float32\", \"samples\": 3, \"diffs\": [], \"errors\": [], \"verdict\": \"ok\"}\n"}
,{"stream_name":"stdout","time":1976.687156922,"data":"{\"op\": \"nn.functional.unfold\", \"dtype\": \"float64\", \"samples\": 3, \"diffs\": [], \"errors\": [], \"verdict\": \"ok\"}\n"}
,{"stream_name":"stdout","time":1976.687162241,"data":"{\"op\": \"_upsample_bilinear2d_aa\", \"dtype\": \"float32\", \"samples\": 3, \"diffs\": [], \"errors\": [], \"verdict\": \"ok\"}\n"}
,{"stream_name":"stdout","time":1976.687166868,"data":"{\"op\": \"_upsample_bilinear2d_aa\", \"dtype\": \"float64\", \"samples\": 3, \"diffs\": [], \"errors\": [], \"verdict\": \"ok\"}\n"}
,{"stream_name":"stdout","time":1976.687171899,"data":"{\"op\": \"nn.functional.soft_margin_loss\", \"dtype\": \"float32\", \"samples\": 3, \"diffs\": [], \"errors\": [], \"verdict\": \"ok\"}\n"}
,{"stream_name":"stdout","time":1976.687176612,"data":"{\"op\": \"nn.functional.soft_margin_loss\", \"dtype\": \"float64\", \"samples\": 3, \"diffs\": [], \"errors\": [], \"verdict\": \"ok\"}\n"}
,{"stream_name":"stdout","time":1976.687181635,"data":"{\"op\": \"nn.functional.margin_ranking_loss\", \"dtype\": \"float32\", \"samples\": 3, \"diffs\": [], \"errors\": [], \"verdict\": \"ok\"}\n"}
,{"stream_name":"stdout","time":1976.68718622,"data":"{\"op\": \"nn.functional.margin_ranking_loss\", \"dtype\": \"float64\", \"samples\": 3, \"diffs\": [], \"errors\": [], \"verdict\": \"ok\"}\n"}
,{"stream_name":"stdout","time":1976.68719095,"data":"{\"op\": \"nn.functional.multi_margin_loss\", \"dtype\": \"float32\", \"samples\": 3, \"diffs\": [], \"errors\": [], \"verdict\": \"ok\"}\n"}
,{"stream_name":"stdout","time":1976.68719605,"data":"{\"op\": \"nn.functional.multi_margin_loss\", \"dtype\": \"float64\", \"samples\": 3, \"diffs\": [], \"errors\": [], \"verdict\": \"ok\"}\n"}
,{"stream_name":"stdout","time":1976.687201353,"data":"{\"op\": \"nn.functional.multilabel_margin_loss\", \"dtype\": \"float32\", \"samples\": 3, \"diffs\": [{\"i\": 2, \"class\": \"VALUE\", \"detail\": \"nan pattern at []: eager inf compiled nan\", \"repr\": \"SampleInput(input=tensor([[-8.4784, -1.7658, -4.3228, -2.4005, -7.9506],\\n        [ 3.6116, -8.0676, -0.5735,  3.1285, -3.0337],\\n        [ 5.1067,  1.1351,  4.9473,  5.7744, -3.9730],\\n        [ 3.2708, -3.8939,  2.8211, -4.7024,  4.1631],\\n        [ 1.8220, -3.5221, -4.4145,  2.3285,  8.3972],\\n       \"}], \"errors\": [], \"verdict\": \"DIFF:VALUE\"}\n"}
,{"stream_name":"stdout","time":1976.687211566,"data":"{\"op\": \"nn.functional.multilabel_margin_loss\", \"dtype\": \"float64\", \"samples\": 3, \"diffs\": [{\"i\": 2, \"class\": \"VALUE\", \"detail\": \"nan pattern at []: eager inf compiled nan\", \"repr\": \"SampleInput(input=tensor([[-4.8270, -7.5824, -0.6047, -1.5412, -1.9719],\\n        [-4.1460, -5.4215, -4.7842, -4.1508,  7.3808],\\n        [ 5.5761, -8.3157,  4.1776,  2.0474, -4.0760],\\n        [-3.0637, -3.3422, -5.4398,  4.4805,  2.6850],\\n        [-3.8432, -3.0355, -2.1461, -2.6718, -7.7232],\\n       \"}], \"errors\": [], \"verdict\": \"DIFF:VALUE\"}\n"}
,{"stream_name":"stdout","time":1976.687219188,"data":"{\"op\": \"nn.functional.multilabel_soft_margin_loss\", \"dtype\": \"float32\", \"samples\": 3, \"diffs\": [], \"errors\": [], \"verdict\": \"ok\"}\n"}
,{"stream_name":"stdout","time":1976.687224215,"data":"{\"op\": \"nn.functional.multilabel_soft_margin_loss\", \"dtype\": \"float64\", \"samples\": 3, \"diffs\": [], \"errors\": [], \"verdict\": \"ok\"}\n"}
,{"stream_name":"stdout","time":1976.687229449,"data":"{\"op\": \"nn.functional.avg_pool2d\", \"dtype\": \"float32\", \"samples\": 3, \"diffs\": [], \"errors\": [], \"verdict\": \"ok\"}\n"}
,{"stream_name":"stdout","time":1976.687234033,"data":"{\"op\": \"nn.functional.avg_pool2d\", \"dtype\": \"float64\", \"samples\": 3, \"diffs\": [], \"errors\": [], \"verdict\": \"ok\"}\n"}
,{"stream_name":"stdout","time":1976.687239402,"data":"{\"op\": \"nn.functional.max_pool1d\", \"dtype\": \"float32\", \"samples\": 3, \"diffs\": [], \"errors\": [], \"verdict\": \"ok\"}\n"}
,{"stream_name":"stdout","time":1976.687243894,"data":"{\"op\": \"nn.functional.max_pool1d\", \"dtype\": \"float64\", \"samples\": 3, \"diffs\": [], \"errors\": [], \"verdict\": \"ok\"}\n"}
,{"stream_name":"stdout","time":1976.687249005,"data":"{\"op\": \"nn.functional.max_pool2d\", \"dtype\": \"float32\", \"samples\": 3, \"diffs\": [], \"errors\": [], \"verdict\": \"ok\"}\n"}
,{"stream_name":"stdout","time":1976.687253863,"data":"{\"op\": \"nn.functional.max_pool2d\", \"dtype\": \"float64\", \"samples\": 3, \"diffs\": [], \"errors\": [], \"verdict\": \"ok\"}\n"}
,{"stream_name":"stdout","time":1976.687258952,"data":"{\"op\": \"max_pool2d_with_indices_backward\", \"dtype\": \"float32\", \"samples\": 3, \"diffs\": [], \"errors\": [], \"verdict\": \"ok\"}\n"}
,{"stream_name":"stdout","time":1976.687264049,"data":"{\"op\": \"max_pool2d_with_indices_backward\", \"dtype\": \"float64\", \"samples\": 3, \"diffs\": [], \"errors\": [], \"verdict\": \"ok\"}\n"}
,{"stream_name":"stdout","time":1976.687269247,"data":"{\"op\": \"nn.functional.max_pool3d\", \"dtype\": \"float32\", \"samples\": 3, \"diffs\": [{\"i\": 0, \"class\": \"VALUE\", \"detail\": \"value at [0, 0, 0, 1, 0]: eager 50 compiled 10\", \"repr\": \"SampleInput(input=tensor([[[[[-8.4784, -1.7658, -4.3228, -2.4005, -7.9506],\\n           [ 3.6116, -8.0676, -0.5735,  3.1285, -3.0337],\\n           [ 5.1067,  1.1351,  4.9473,  5.7744, -3.9730],\\n           [ 3.2708, -3.8939,  2.8211, -4.7024,  4.1631],\\n           [ 1.8220, -3.5221, -4.4145,  2.3285,  8\"}, {\"i\": 2, \"class\": \"VALUE\", \"detail\": \"value at [0, 0, 0, 0, 0]: eager 50 compiled 10\", \"repr\": \"SampleInput(input=tensor([[[[[-8.4784, -1.7658, -4.3228, -2.4005, -7.9506],\\n           [ 3.6116, -8.0676, -0.5735,  3.1285, -3.0337],\\n           [ 5.1067,  1.1351,  4.9473,  5.7744, -3.9730],\\n           [ 3.2708, -3.8939,  2.8211, -4.7024,  4.1631],\\n           [ 1.8220, -3.5221, -4.4145,  2.3285,  8\"}], \"errors\": [], \"verdict\": \"DIFF:VALUE\"}\n"}
,{"stream_name":"stdout","time":1976.687282618,"data":"{\"op\": \"nn.functional.max_pool3d\", \"dtype\": \"float64\", \"samples\": 3, \"diffs\": [{\"i\": 0, \"class\": \"VALUE\", \"detail\": \"value at [0, 0, 0, 1, 0]: eager 50 compiled 10\", \"repr\": \"SampleInput(input=tensor([[[[[-4.8270, -7.5824, -0.6047, -1.5412, -1.9719],\\n           [-4.1460, -5.4215, -4.7842, -4.1508,  7.3808],\\n           [ 5.5761, -8.3157,  4.1776,  2.0474, -4.0760],\\n           [-3.0637, -3.3422, -5.4398,  4.4805,  2.6850],\\n           [-3.8432, -3.0355, -2.1461, -2.6718, -7\"}, {\"i\": 2, \"class\": \"VALUE\", \"detail\": \"value at [0, 0, 0, 0, 0]: eager 50 compiled 10\", \"repr\": \"SampleInput(input=tensor([[[[[-4.8270, -7.5824, -0.6047, -1.5412, -1.9719],\\n           [-4.1460, -5.4215, -4.7842, -4.1508,  7.3808],\\n           [ 5.5761, -8.3157,  4.1776,  2.0474, -4.0760],\\n           [-3.0637, -3.3422, -5.4398,  4.4805,  2.6850],\\n           [-3.8432, -3.0355, -2.1461, -2.6718, -7\"}], \"errors\": [], \"verdict\": \"DIFF:VALUE\"}\n"}
,{"stream_name":"stdout","time":1976.687291858,"data":"{\"op\": \"nn.functional.linear\", \"dtype\": \"float32\", \"samples\": 3, \"diffs\": [], \"errors\": [], \"verdict\": \"ok\"}\n"}
,{"stream_name":"stdout","time":1976.687297096,"data":"{\"op\": \"nn.functional.linear\", \"dtype\": \"float64\", \"samples\": 3, \"diffs\": [], \"errors\": [], \"verdict\": \"ok\"}\n"}
,{"stream_name":"stdout","time":1976.687302293,"data":"{\"op\": \"nn.functional.bilinear\", \"dtype\": \"float32\", \"samples\": 3, \"diffs\": [], \"errors\": [], \"verdict\": \"ok\"}\n"}
,{"stream_name":"stdout","time":1976.687306998,"data":"{\"op\": \"nn.functional.bilinear\", \"dtype\": \"float64\", \"samples\": 3, \"diffs\": [], \"errors\": [], \"verdict\": \"ok\"}\n"}
,{"stream_name":"stdout","time":1976.687312255,"data":"{\"op\": \"torch.ops.aten._safe_softmax.default\", \"dtype\": \"float32\", \"samples\": 3, \"diffs\": [], \"errors\": [], \"verdict\": \"ok\"}\n"}
,{"stream_name":"stdout","time":1976.6873169,"data":"{\"op\": \"torch.ops.aten._safe_softmax.default\", \"dtype\": \"float64\", \"samples\": 3, \"diffs\": [], \"errors\": [], \"verdict\": \"ok\"}\n"}
,{"stream_name":"stdout","time":1976.687321327,"data":"{\"op\": \"nn.functional.scaled_dot_product_attention\", \"dtype\": \"float32\", \"samples\": 3, \"diffs\": [], \"errors\": [], \"verdict\": \"ok\"}\n"}
,{"stream_name":"stdout","time":1976.687326432,"data":"{\"op\": \"nn.functional.scaled_dot_product_attention\", \"dtype\": \"float64\", \"samples\": 3, \"diffs\": [], \"errors\": [], \"verdict\": \"ok\"}\n"}
,{"stream_name":"stdout","time":1976.687331421,"data":"{\"op\": \"torch.ops.aten._scaled_dot_product_flash_attention_for_cpu\", \"dtype\": \"float32\", \"samples\": 3, \"diffs\": [], \"errors\": [], \"verdict\": \"ok\"}\n"}
,{"stream_name":"stdout","time":1976.687336896,"data":"{\"op\": \"torch.ops.aten._scaled_dot_product_flash_attention_for_cpu\", \"dtype\": \"float64\", \"samples\": 3, \"diffs\": [], \"errors\": [], \"verdict\": \"ok\"}\n"}
,{"stream_name":"stdout","time":1976.687342351,"data":"{\"op\": \"nn.functional.hardsigmoid\", \"dtype\": \"float32\", \"samples\": 3, \"diffs\": [], \"errors\": [], \"verdict\": \"ok\"}\n"}
,{"stream_name":"stdout","time":1976.687347689,"data":"{\"op\": \"nn.functional.hardsigmoid\", \"dtype\": \"float64\", \"samples\": 3, \"diffs\": [], \"errors\": [], \"verdict\": \"ok\"}\n"}
,{"stream_name":"stdout","time":1976.687352644,"data":"{\"op\": \"nn.functional.logsigmoid\", \"dtype\": \"float32\", \"samples\": 3, \"diffs\": [], \"errors\": [], \"verdict\": \"ok\"}\n"}
,{"stream_name":"stdout","time":1976.687357561,"data":"{\"op\": \"nn.functional.logsigmoid\", \"dtype\": \"float64\", \"samples\": 3, \"diffs\": [], \"errors\": [], \"verdict\": \"ok\"}\n"}
,{"stream_name":"stdout","time":1976.687366158,"data":"{\"op\": \"nn.functional.mish\", \"dtype\": \"float32\", \"samples\": 3, \"diffs\": [], \"errors\": [], \"verdict\": \"ok\"}\n"}
,{"stream_name":"stdout","time":1976.687370736,"data":"{\"op\": \"nn.functional.mish\", \"dtype\": \"float64\", \"samples\": 3, \"diffs\": [], \"errors\": [], \"verdict\": \"ok\"}\n"}
,{"stream_name":"stdout","time":1976.687375686,"data":"{\"op\": \"nn.functional.softsign\", \"dtype\": \"float32\", \"samples\": 3, \"diffs\": [], \"errors\": [], \"verdict\": \"ok\"}\n"}
,{"stream_name":"stdout","time":1976.687380658,"data":"{\"op\": \"nn.functional.softsign\", \"dtype\": \"float64\", \"samples\": 3, \"diffs\": [], \"errors\": [], \"verdict\": \"ok\"}\n"}
,{"stream_name":"stdout","time":1976.687385835,"data":"{\"op\": \"nn.functional.tanhshrink\", \"dtype\": \"float32\", \"samples\": 3, \"diffs\": [], \"errors\": [], \"verdict\": \"ok\"}\n"}
,{"stream_name":"stdout","time":1976.687390658,"data":"{\"op\": \"nn.functional.tanhshrink\", \"dtype\": \"float64\", \"samples\": 3, \"diffs\": [], \"errors\": [], \"verdict\": \"ok\"}\n"}
,{"stream_name":"stdout","time":1976.687395346,"data":"{\"op\": \"nn.functional.threshold\", \"dtype\": \"float32\", \"samples\": 3, \"diffs\": [], \"errors\": [], \"verdict\": \"ok\"}\n"}
,{"stream_name":"stdout","time":1976.687399947,"data":"{\"op\": \"nn.functional.threshold\", \"dtype\": \"float64\", \"samples\": 3, \"diffs\": [], \"errors\": [], \"verdict\": \"ok\"}\n"}
,{"stream_name":"stdout","time":1976.68740457,"data":"{\"op\": \"nn.functional.triplet_margin_loss\", \"dtype\": \"float32\", \"samples\": 3, \"diffs\": [], \"errors\": [], \"verdict\": \"ok\"}\n"}
,{"stream_name":"stdout","time":1976.687409179,"data":"{\"op\": \"nn.functional.triplet_margin_loss\", \"dtype\": \"float64\", \"samples\": 3, \"diffs\": [], \"errors\": [], \"verdict\": \"ok\"}\n"}
,{"stream_name":"stdout","time":1976.687413537,"data":"{\"op\": \"nn.functional.triplet_margin_with_distance_loss\", \"dtype\": \"float32\", \"samples\": 3, \"diffs\": [], \"errors\": [], \"verdict\": \"ok\"}\n"}
,{"stream_name":"stdout","time":1976.687418369,"data":"{\"op\": \"nn.functional.triplet_margin_with_distance_loss\", \"dtype\": \"float64\", \"samples\": 3, \"diffs\": [], \"errors\": [], \"verdict\": \"ok\"}\n"}
,{"stream_name":"stdout","time":1976.687422778,"data":"{\"op\": \"nextafter\", \"dtype\": \"float32\", \"samples\": 3, \"diffs\": [], \"errors\": [], \"verdict\": \"ok\"}\n"}
,{"stream_name":"stdout","time":1976.687427688,"data":"{\"op\": \"nextafter\", \"dtype\": \"float64\", \"samples\": 3, \"diffs\": [], \"errors\": [], \"verdict\": \"ok\"}\n"}
,{"stream_name":"stdout","time":1976.687432025,"data":"{\"op\": \"to\", \"dtype\": \"float32\", \"samples\": 3, \"diffs\": [], \"errors\": [], \"verdict\": \"ok\"}\n"}
,{"stream_name":"stdout","time":1976.687436057,"data":"{\"op\": \"to\", \"dtype\": \"float64\", \"samples\": 3, \"diffs\": [], \"errors\": [], \"verdict\": \"ok\"}\n"}
,{"stream_name":"stdout","time":1976.687440667,"data":"{\"op\": \"nn.functional.batch_norm\", \"dtype\": \"float32\", \"samples\": 3, \"diffs\": [{\"i\": 1, \"class\": \"VALUE\", \"detail\": \"nan pattern at [1, 0, 3]: eager 0.0 compiled nan\", \"repr\": \"SampleInput(input=tensor([[[ 3.1285, -3.0337,  5.1067,  1.1351],\\n         [ 4.9473,  5.7744, -3.9730,  3.2708]],\\n\\n        [[-3.8939,  2.8211, -4.7024,  4.1631],\\n         [ 1.8220, -3.5221, -4.4145,  2.3285]],\\n\\n        [[ 8.3972,  4.3191, -0.8691, -0.4368],\\n         [ 5.1155, -6.2551,  2.9920, -2.982\"}], \"errors\": [], \"verdict\": \"DIFF:VALUE\"}\n"}
,{"stream_name":"stdout","time":1976.687450811,"data":"{\"op\": \"nn.functional.batch_norm\", \"dtype\": \"float64\", \"samples\": 3, \"diffs\": [{\"i\": 1, \"class\": \"VALUE\", \"detail\": \"nan pattern at [1, 0, 3]: eager 0.0 compiled nan\", \"repr\": \"SampleInput(input=tensor([[[-4.1508,  7.3808,  5.5761, -8.3157],\\n         [ 4.1776,  2.0474, -4.0760, -3.0637]],\\n\\n        [[-3.3422, -5.4398,  4.4805,  2.6850],\\n         [-3.8432, -3.0355, -2.1461, -2.6718]],\\n\\n        [[-7.7232, -8.5962, -0.5242, -3.2520],\\n         [ 6.8468, -0.6113,  8.5120, -3.903\"}], \"errors\": [], \"verdict\": \"DIFF:VALUE\"}\n"}
,{"stream_name":"stdout","time":1976.687461488,"data":"{\"op\": \"nn.functional.binary_cross_entropy\", \"dtype\": \"float32\", \"samples\": 3, \"diffs\": [{\"i\": 2, \"class\": \"SILENT\", \"detail\": \"eager raises RuntimeError, compiled returns\"}], \"errors\": [], \"verdict\": \"DIFF:SILENT\"}\n"}
,{"stream_name":"stdout","time":1976.687467218,"data":"{\"op\": \"nn.functional.binary_cross_entropy\", \"dtype\": \"float64\", \"samples\": 3, \"diffs\": [{\"i\": 2, \"class\": \"SILENT\", \"detail\": \"eager raises RuntimeError, compiled returns\"}], \"errors\": [], \"verdict\": \"DIFF:SILENT\"}\n"}
,{"stream_name":"stdout","time":1976.687472906,"data":"{\"op\": \"igamma\", \"dtype\": \"float32\", \"samples\": 3, \"diffs\": [], \"errors\": [], \"verdict\": \"ok\"}\n"}
,{"stream_name":"stdout","time":1976.687477803,"data":"{\"op\": \"igamma\", \"dtype\": \"float64\", \"samples\": 3, \"diffs\": [], \"errors\": [], \"verdict\": \"ok\"}\n"}
,{"stream_name":"stdout","time":1976.687482951,"data":"{\"op\": \"igammac\", \"dtype\": \"float32\", \"samples\": 3, \"diffs\": [], \"errors\": [], \"verdict\": \"ok\"}\n"}
,{"stream_name":"stdout","time":1976.687488886,"data":"{\"op\": \"igammac\", \"dtype\": \"float64\", \"samples\": 3, \"diffs\": [], \"errors\": [], \"verdict\": \"ok\"}\n"}
,{"stream_name":"stdout","time":1976.687493831,"data":"{\"op\": \"nn.functional.softshrink\", \"dtype\": \"float32\", \"samples\": 3, \"diffs\": [{\"i\": 0, \"class\": \"SIGNZERO\", \"detail\": \"sign of zero\", \"repr\": \"SampleInput(input=tensor([[-8.4784, -1.7658, -4.3228, -2.4005, -7.9506],\\n        [ 3.6116, -8.0676, -0.5735,  3.1285, -3.0337],\\n        [ 5.1067,  1.1351,  4.9473,  5.7744, -3.9730],\\n        [ 3.2708, -3.8939,  2.8211, -4.7024,  4.1631],\\n        [ 1.8220, -3.5221, -4.4145,  2.3285,  8.3972]]), args=\"}, {\"i\": 1, \"class\": \"SIGNZERO\", \"detail\": \"sign of zero\", \"repr\": \"SampleInput(input=tensor([[-8.4784, -1.7658, -4.3228, -2.4005, -7.9506],\\n        [ 3.6116, -8.0676, -0.5735,  3.1285, -3.0337],\\n        [ 5.1067,  1.1351,  4.9473,  5.7744, -3.9730],\\n        [ 3.2708, -3.8939,  2.8211, -4.7024,  4.1631],\\n        [ 1.8220, -3.5221, -4.4145,  2.3285,  8.3972]]), args=\"}, {\"i\": 2, \"class\": \"SIGNZERO\", \"detail\": \"sign of zero\", \"repr\": \"SampleInput(input=tensor([-8.4784, -1.7658, -4.3228, -2.4005, -7.9506,  3.6116, -8.0676, -0.5735,\\n         3.1285, -3.0337,  5.1067,  1.1351,  4.9473,  5.7744, -3.9730,  3.2708,\\n        -3.8939,  2.8211, -4.7024,  4.1631]), args=(), kwargs={}, broadcasts_input=False, name='')\"}], \"errors\": [], \"verdict\": \"DIFF:SIGNZERO\"}\n"}
,{"stream_name":"stdout","time":1976.687505772,"data":"{\"op\": \"nn.functional.softshrink\", \"dtype\": \"float64\", \"samples\": 3, \"diffs\": [{\"i\": 0, \"class\": \"SIGNZERO\", \"detail\": \"sign of zero\", \"repr\": \"SampleInput(input=tensor([[-4.8270, -7.5824, -0.6047, -1.5412, -1.9719],\\n        [-4.1460, -5.4215, -4.7842, -4.1508,  7.3808],\\n        [ 5.5761, -8.3157,  4.1776,  2.0474, -4.0760],\\n        [-3.0637, -3.3422, -5.4398,  4.4805,  2.6850],\\n        [-3.8432, -3.0355, -2.1461, -2.6718, -7.7232]], dtype=\"}, {\"i\": 1, \"class\": \"SIGNZERO\", \"detail\": \"sign of zero\", \"repr\": \"SampleInput(input=tensor([[-4.8270, -7.5824, -0.6047, -1.5412, -1.9719],\\n        [-4.1460, -5.4215, -4.7842, -4.1508,  7.3808],\\n        [ 5.5761, -8.3157,  4.1776,  2.0474, -4.0760],\\n        [-3.0637, -3.3422, -5.4398,  4.4805,  2.6850],\\n        [-3.8432, -3.0355, -2.1461, -2.6718, -7.7232]], dtype=\"}, {\"i\": 2, \"class\": \"SIGNZERO\", \"detail\": \"sign of zero\", \"repr\": \"SampleInput(input=tensor([-4.8270, -7.5824, -0.6047, -1.5412, -1.9719, -4.1460, -5.4215, -4.7842,\\n        -4.1508,  7.3808,  5.5761, -8.3157,  4.1776,  2.0474, -4.0760, -3.0637,\\n        -3.3422, -5.4398,  4.4805,  2.6850], dtype=torch.float64), args=(), kwargs={}, broadcasts_input=False, name='')\"}], \"errors\": [], \"verdict\": \"DIFF:SIGNZERO\"}\n"}
,{"stream_name":"stdout","time":1976.687519211,"data":"{\"op\": \"nn.functional.hardshrink\", \"dtype\": \"float32\", \"samples\": 3, \"diffs\": [], \"errors\": [], \"verdict\": \"ok\"}\n"}
,{"stream_name":"stdout","time":1976.687524223,"data":"{\"op\": \"nn.functional.hardshrink\", \"dtype\": \"float64\", \"samples\": 3, \"diffs\": [], \"errors\": [], \"verdict\": \"ok\"}\n"}
,{"stream_name":"stdout","time":1976.687529417,"data":"{\"op\": \"nn.functional.hardtanh\", \"dtype\": \"float32\", \"samples\": 3, \"diffs\": [{\"i\": 1, \"class\": \"SIGNZERO\", \"detail\": \"sign of zero\", \"repr\": \"SampleInput(input=tensor([[-8.4784, -1.7658, -4.3228, -2.4005, -7.9506],\\n        [ 3.6116, -8.0676, -0.5735,  3.1285, -3.0337],\\n        [ 5.1067,  1.1351,  4.9473,  5.7744, -3.9730],\\n        [ 3.2708, -3.8939,  2.8211, -4.7024,  4.1631],\\n        [ 1.8220, -3.5221, -4.4145,  2.3285,  8.3972]]), args=\"}], \"errors\": [], \"verdict\": \"DIFF:SIGNZERO\"}\n"}
,{"stream_name":"stdout","time":1976.687537453,"data":"{\"op\": \"nn.functional.hardtanh\", \"dtype\": \"float64\", \"samples\": 3, \"diffs\": [{\"i\": 1, \"class\": \"SIGNZERO\", \"detail\": \"sign of zero\", \"repr\": \"SampleInput(input=tensor([[-4.8270, -7.5824, -0.6047, -1.5412, -1.9719],\\n        [-4.1460, -5.4215, -4.7842, -4.1508,  7.3808],\\n        [ 5.5761, -8.3157,  4.1776,  2.0474, -4.0760],\\n        [-3.0637, -3.3422, -5.4398,  4.4805,  2.6850],\\n        [-3.8432, -3.0355, -2.1461, -2.6718, -7.7232]], dtype=\"}], \"errors\": [], \"verdict\": \"DIFF:SIGNZERO\"}\n"}
,{"stream_name":"stdout","time":1976.687544649,"data":"{\"op\": \"mm\", \"dtype\": \"float32\", \"samples\": 3, \"diffs\": [], \"errors\": [], \"verdict\": \"ok\"}\n"}
,{"stream_name":"stdout","time":1976.687548753,"data":"{\"op\": \"mm\", \"dtype\": \"float64\", \"samples\": 3, \"diffs\": [], \"errors\": [], \"verdict\": \"ok\"}\n"}
,{"stream_name":"stdout","time":1976.68755385,"data":"{\"op\": \"mvlgamma\", \"dtype\": \"float32\", \"samples\": 3, \"diffs\": [], \"errors\": [], \"verdict\": \"ok\"}\n"}
,{"stream_name":"stdout","time":1976.687558008,"data":"{\"op\": \"mvlgamma\", \"dtype\": \"float64\", \"samples\": 3, \"diffs\": [], \"errors\": [], \"verdict\": \"ok\"}\n"}
,{"stream_name":"stdout","time":1976.687563292,"data":"{\"op\": \"mvlgamma\", \"dtype\": \"float32\", \"samples\": 3, \"diffs\": [], \"errors\": [], \"verdict\": \"ok\"}\n"}
,{"stream_name":"stdout","time":1976.687568553,"data":"{\"op\": \"mvlgamma\", \"dtype\": \"float64\", \"samples\": 3, \"diffs\": [], \"errors\": [], \"verdict\": \"ok\"}\n"}
,{"stream_name":"stdout","time":1976.68757338,"data":"{\"op\": \"mvlgamma\", \"dtype\": \"float32\", \"samples\": 3, \"diffs\": [], \"errors\": [], \"verdict\": \"ok\"}\n"}
,{"stream_name":"stdout","time":1976.687578029,"data":"{\"op\": \"mvlgamma\", \"dtype\": \"float64\", \"samples\": 3, \"diffs\": [], \"errors\": [], \"verdict\": \"ok\"}\n"}
,{"stream_name":"stdout","time":1976.687582721,"data":"{\"op\": \"ne\", \"dtype\": \"float32\", \"samples\": 3, \"diffs\": [], \"errors\": [], \"verdict\": \"ok\"}\n"}
,{"stream_name":"stdout","time":1976.687587791,"data":"{\"op\": \"ne\", \"dtype\": \"float64\", \"samples\": 3, \"diffs\": [], \"errors\": [], \"verdict\": \"ok\"}\n"}
,{"stream_name":"stdout","time":1976.687592577,"data":"{\"op\": \"narrow\", \"dtype\": \"float32\", \"samples\": 3, \"diffs\": [], \"errors\": [], \"verdict\": \"ok\"}\n"}
,{"stream_name":"stdout","time":1976.687597256,"data":"{\"op\": \"narrow\", \"dtype\": \"float64\", \"samples\": 3, \"diffs\": [], \"errors\": [], \"verdict\": \"ok\"}\n"}
,{"stream_name":"stdout","time":1976.687605375,"data":"{\"op\": \"narrow_copy\", \"dtype\": \"float32\", \"samples\": 3, \"diffs\": [], \"errors\": [], \"verdict\": \"ok\"}\n"}
,{"stream_name":"stdout","time":1976.687610751,"data":"{\"op\": \"narrow_copy\", \"dtype\": \"float64\", \"samples\": 3, \"diffs\": [], \"errors\": [], \"verdict\": \"ok\"}\n"}
,{"stream_name":"stdout","time":1976.687615801,"data":"{\"op\": \"view_copy\", \"dtype\": \"float32\", \"samples\": 3, \"diffs\": [], \"errors\": [], \"verdict\": \"ok\"}\n"}
,{"stream_name":"stdout","time":1976.68762028,"data":"{\"op\": \"view_copy\", \"dtype\": \"float64\", \"samples\": 3, \"diffs\": [], \"errors\": [], \"verdict\": \"ok\"}\n"}
,{"stream_name":"stdout","time":1976.687625138,"data":"{\"op\": \"neg\", \"dtype\": \"float32\", \"samples\": 1, \"diffs\": [], \"errors\": [], \"verdict\": \"ok\"}\n"}
,{"stream_name":"stdout","time":1976.687630652,"data":"{\"op\": \"neg\", \"dtype\": \"float64\", \"samples\": 1, \"diffs\": [], \"errors\": [], \"verdict\": \"ok\"}\n"}
,{"stream_name":"stdout","time":1976.687635249,"data":"{\"op\": \"dist\", \"dtype\": \"float32\", \"samples\": 3, \"diffs\": [], \"errors\": [], \"verdict\": \"ok\"}\n"}
,{"stream_name":"stdout","time":1976.687639887,"data":"{\"op\": \"dist\", \"dtype\": \"float64\", \"samples\": 3, \"diffs\": [], \"errors\": [], \"verdict\": \"ok\"}\n"}
,{"stream_name":"stdout","time":1976.68764466,"data":"{\"op\": \"outer\", \"dtype\": \"float32\", \"samples\": 1, \"diffs\": [], \"errors\": [], \"verdict\": \"ok\"}\n"}
,{"stream_name":"stdout","time":1976.687649824,"data":"{\"op\": \"outer\", \"dtype\": \"float64\", \"samples\": 1, \"diffs\": [], \"errors\": [], \"verdict\": \"ok\"}\n"}
,{"stream_name":"stdout","time":1976.687654576,"data":"{\"op\": \"permute\", \"dtype\": \"float32\", \"samples\": 3, \"diffs\": [], \"errors\": [], \"verdict\": \"ok\"}\n"}
,{"stream_name":"stdout","time":1976.687659293,"data":"{\"op\": \"permute\", \"dtype\": \"float64\", \"samples\": 3, \"diffs\": [], \"errors\": [], \"verdict\": \"ok\"}\n"}
,{"stream_name":"stdout","time":1976.687663767,"data":"{\"op\": \"permute_copy\", \"dtype\": \"float32\", \"samples\": 3, \"diffs\": [], \"errors\": [], \"verdict\": \"ok\"}\n"}
,{"stream_name":"stdout","time":1976.687668784,"data":"{\"op\": \"permute_copy\", \"dtype\": \"float64\", \"samples\": 3, \"diffs\": [], \"errors\": [], \"verdict\": \"ok\"}\n"}
,{"stream_name":"stdout","time":1976.68767362,"data":"{\"op\": \"pow\", \"dtype\": \"float32\", \"samples\": 3, \"diffs\": [], \"errors\": [], \"verdict\": \"ok\"}\n"}
,{"stream_name":"stdout","time":1976.687678736,"data":"{\"op\": \"pow\", \"dtype\": \"float64\", \"samples\": 3, \"diffs\": [], \"errors\": [], \"verdict\": \"ok\"}\n"}
,{"stream_name":"stdout","time":1976.687683498,"data":"{\"op\": \"float_power\", \"dtype\": \"float32\", \"samples\": 3, \"diffs\": [], \"errors\": [], \"verdict\": \"ok\"}\n"}
,{"stream_name":"stdout","time":1976.687688285,"data":"{\"op\": \"float_power\", \"dtype\": \"float64\", \"samples\": 3, \"diffs\": [], \"errors\": [], \"verdict\": \"ok\"}\n"}
,{"stream_name":"stdout","time":1976.687692913,"data":"{\"op\": \"rad2deg\", \"dtype\": \"float32\", \"samples\": 1, \"diffs\": [], \"errors\": [], \"verdict\": \"ok\"}\n"}
,{"stream_name":"stdout","time":1976.687698401,"data":"{\"op\": \"rad2deg\", \"dtype\": \"float64\", \"samples\": 1, \"diffs\": [], \"errors\": [], \"verdict\": \"ok\"}\n"}
,{"stream_name":"stdout","time":1976.687703283,"data":"{\"op\": \"real\", \"dtype\": \"float32\", \"samples\": 3, \"diffs\": [], \"errors\": [], \"verdict\": \"ok\"}\n"}
,{"stream_name":"stdout","time":1976.687708171,"data":"{\"op\": \"real\", \"dtype\": \"float64\", \"samples\": 3, \"diffs\": [], \"errors\": [], \"verdict\": \"ok\"}\n"}
,{"stream_name":"stdout","time":1976.687716551,"data":"{\"op\": \"roll\", \"dtype\": \"float32\", \"samples\": 3, \"diffs\": [], \"errors\": [], \"verdict\": \"ok\"}\n"}
,{"stream_name":"stdout","time":1976.68772148,"data":"{\"op\": \"roll\", \"dtype\": \"float64\", \"samples\": 3, \"diffs\": [], \"errors\": [], \"verdict\": \"ok\"}\n"}
,{"stream_name":"stdout","time":1976.687725956,"data":"{\"op\": \"rot90\", \"dtype\": \"float32\", \"samples\": 3, \"diffs\": [], \"errors\": [], \"verdict\": \"ok\"}\n"}
,{"stream_name":"stdout","time":1976.687730869,"data":"{\"op\": \"rot90\", \"dtype\": \"float64\", \"samples\": 3, \"diffs\": [], \"errors\": [], \"verdict\": \"ok\"}\n"}
,{"stream_name":"stdout","time":1976.687735099,"data":"{\"op\": \"round\", \"dtype\": \"float32\", \"samples\": 1, \"diffs\": [], \"errors\": [], \"verdict\": \"ok\"}\n"}
,{"stream_name":"stdout","time":1976.687739197,"data":"{\"op\": \"round\", \"dtype\": \"float64\", \"samples\": 1, \"diffs\": [], \"errors\": [], \"verdict\": \"ok\"}\n"}
,{"stream_name":"stdout","time":1976.687743816,"data":"{\"op\": \"round\", \"dtype\": \"float32\", \"samples\": 3, \"diffs\": [], \"errors\": [], \"verdict\": \"ok\"}\n"}
,{"stream_name":"stdout","time":1976.687748961,"data":"{\"op\": \"round\", \"dtype\": \"float64\", \"samples\": 3, \"diffs\": [], \"errors\": [], \"verdict\": \"ok\"}\n"}
,{"stream_name":"stdout","time":1976.687753208,"data":"{\"op\": \"round\", \"dtype\": \"float32\", \"samples\": 3, \"diffs\": [], \"errors\": [], \"verdict\": \"ok\"}\n"}
,{"stream_name":"stdout","time":1976.6877581,"data":"{\"op\": \"round\", \"dtype\": \"float64\", \"samples\": 3, \"diffs\": [], \"errors\": [], \"verdict\": \"ok\"}\n"}
,{"stream_name":"stdout","time":1976.687762397,"data":"{\"op\": \"round\", \"dtype\": \"float32\", \"samples\": 3, \"diffs\": [], \"errors\": [], \"verdict\": \"ok\"}\n"}
,{"stream_name":"stdout","time":1976.687766772,"data":"{\"op\": \"round\", \"dtype\": \"float64\", \"samples\": 3, \"diffs\": [], \"errors\": [], \"verdict\": \"ok\"}\n"}
,{"stream_name":"stdout","time":1976.687771816,"data":"{\"op\": \"sin\", \"dtype\": \"float32\", \"samples\": 1, \"diffs\": [], \"errors\": [], \"verdict\": \"ok\"}\n"}
,{"stream_name":"stdout","time":1976.687777141,"data":"{\"op\": \"sin\", \"dtype\": \"float64\", \"samples\": 1, \"diffs\": [], \"errors\": [], \"verdict\": \"ok\"}\n"}
,{"stream_name":"stdout","time":1976.68778115,"data":"{\"op\": \"sinc\", \"dtype\": \"float32\", \"samples\": 3, \"diffs\": [], \"errors\": [], \"verdict\": \"ok\"}\n"}
,{"stream_name":"stdout","time":1976.687785086,"data":"{\"op\": \"sinc\", \"dtype\": \"float64\", \"samples\": 3, \"diffs\": [], \"errors\": [], \"verdict\": \"ok\"}\n"}
,{"stream_name":"stdout","time":1976.687789508,"data":"{\"op\": \"sinh\", \"dtype\": \"float32\", \"samples\": 1, \"diffs\": [], \"errors\": [], \"verdict\": \"ok\"}\n"}
,{"stream_name":"stdout","time":1976.687793492,"data":"{\"op\": \"sinh\", \"dtype\": \"float64\", \"samples\": 1, \"diffs\": [], \"errors\": [], \"verdict\": \"ok\"}\n"}
,{"stream_name":"stdout","time":1976.687799488,"data":"{\"op\": \"sign\", \"dtype\": \"float32\", \"samples\": 1, \"diffs\": [], \"errors\": [], \"verdict\": \"ok\"}\n"}
,{"stream_name":"stdout","time":1976.687804866,"data":"{\"op\": \"sign\", \"dtype\": \"float64\", \"samples\": 1, \"diffs\": [], \"errors\": [], \"verdict\": \"ok\"}\n"}
,{"stream_name":"stdout","time":1976.687809277,"data":"{\"op\": \"sgn\", \"dtype\": \"float32\", \"samples\": 1, \"diffs\": [], \"errors\": [], \"verdict\": \"ok\"}\n"}
,{"stream_name":"stdout","time":1976.687813716,"data":"{\"op\": \"sgn\", \"dtype\": \"float64\", \"samples\": 1, \"diffs\": [], \"errors\": [], \"verdict\": \"ok\"}\n"}
,{"stream_name":"stdout","time":1976.687818063,"data":"{\"op\": \"split\", \"dtype\": \"float32\", \"samples\": 2, \"diffs\": [], \"errors\": [], \"verdict\": \"ok\"}\n"}
,{"stream_name":"stdout","time":1976.687826967,"data":"{\"op\": \"split\", \"dtype\": \"float64\", \"samples\": 2, \"diffs\": [], \"errors\": [], \"verdict\": \"ok\"}\n"}
,{"stream_name":"stdout","time":1976.687832751,"data":"{\"op\": \"split\", \"dtype\": \"float32\", \"samples\": 3, \"diffs\": [], \"errors\": [], \"verdict\": \"ok\"}\n"}
,{"stream_name":"stdout","time":1976.68783705,"data":"{\"op\": \"split\", \"dtype\": \"float64\", \"samples\": 3, \"diffs\": [], \"errors\": [], \"verdict\": \"ok\"}\n"}
,{"stream_name":"stdout","time":1976.687842507,"data":"{\"op\": \"unsafe_split\", \"dtype\": \"float32\", \"samples\": 2, \"diffs\": [], \"errors\": [], \"verdict\": \"ok\"}\n"}
,{"stream_name":"stdout","time":1976.687847464,"data":"{\"op\": \"unsafe_split\", \"dtype\": \"float64\", \"samples\": 2, \"diffs\": [], \"errors\": [], \"verdict\": \"ok\"}\n"}
,{"stream_name":"stdout","time":1976.687852099,"data":"{\"op\": \"split_with_sizes\", \"dtype\": \"float32\", \"samples\": 3, \"diffs\": [], \"errors\": [], \"verdict\": \"ok\"}\n"}
,{"stream_name":"stdout","time":1976.687857486,"data":"{\"op\": \"split_with_sizes\", \"dtype\": \"float64\", \"samples\": 3, \"diffs\": [], \"errors\": [], \"verdict\": \"ok\"}\n"}
,{"stream_name":"stdout","time":1976.687862157,"data":"{\"op\": \"split_with_sizes_copy\", \"dtype\": \"float32\", \"samples\": 3, \"diffs\": [], \"errors\": [], \"verdict\": \"ok\"}\n"}
,{"stream_name":"stdout","time":1976.687866568,"data":"{\"op\": \"split_with_sizes_copy\", \"dtype\": \"float64\", \"samples\": 3, \"diffs\": [], \"errors\": [], \"verdict\": \"ok\"}\n"}
,{"stream_name":"stdout","time":1976.687871012,"data":"{\"op\": \"__radd__\", \"dtype\": \"float32\", \"samples\": 3, \"diffs\": [], \"errors\": [], \"verdict\": \"ok\"}\n"}
,{"stream_name":"stdout","time":1976.68787575,"data":"{\"op\": \"__radd__\", \"dtype\": \"float64\", \"samples\": 3, \"diffs\": [], \"errors\": [], \"verdict\": \"ok\"}\n"}
,{"stream_name":"stdout","time":1976.687880626,"data":"{\"op\": \"__rdiv__\", \"dtype\": \"float32\", \"samples\": 3, \"diffs\": [], \"errors\": [], \"verdict\": \"ok\"}\n"}
,{"stream_name":"stdout","time":1976.687885811,"data":"{\"op\": \"__rdiv__\", \"dtype\": \"float64\", \"samples\": 3, \"diffs\": [], \"errors\": [], \"verdict\": \"ok\"}\n"}
,{"stream_name":"stdout","time":1976.687890609,"data":"{\"op\": \"__rmul__\", \"dtype\": \"float32\", \"samples\": 3, \"diffs\": [], \"errors\": [], \"verdict\": \"ok\"}\n"}
,{"stream_name":"stdout","time":1976.687896307,"data":"{\"op\": \"__rmul__\", \"dtype\": \"float64\", \"samples\": 3, \"diffs\": [], \"errors\": [], \"verdict\": \"ok\"}\n"}
,{"stream_name":"stdout","time":1976.687900439,"data":"{\"op\": \"__rmatmul__\", \"dtype\": \"float32\", \"samples\": 3, \"diffs\": [], \"errors\": [], \"verdict\": \"ok\"}\n"}
,{"stream_name":"stdout","time":1976.687905038,"data":"{\"op\": \"__rmatmul__\", \"dtype\": \"float64\", \"samples\": 3, \"diffs\": [], \"errors\": [], \"verdict\": \"ok\"}\n"}
,{"stream_name":"stdout","time":1976.687909458,"data":"{\"op\": \"__rmod__\", \"dtype\": \"float32\", \"samples\": 3, \"diffs\": [{\"i\": 2, \"class\": \"SIGNZERO\", \"detail\": \"sign of zero\", \"repr\": \"SampleInput(input=tensor([[-8.4784],\\n        [-1.7658],\\n        [-4.3228],\\n        [-2.4005],\\n        [-7.9506]]), args=(tensor([ 3.6116, -8.0676, -0.5735,  3.1285, -3.0337]),), kwargs={}, broadcasts_input=True, name='')\"}], \"errors\": [], \"verdict\": \"DIFF:SIGNZERO\"}\n"}
,{"stream_name":"stdout","time":1976.687951549,"data":"{\"op\": \"__rmod__\", \"dtype\": \"float64\", \"samples\": 3, \"diffs\": [{\"i\": 2, \"class\": \"SIGNZERO\", \"detail\": \"sign of zero\", \"repr\": \"SampleInput(input=tensor([[-4.8270],\\n        [-7.5824],\\n        [-0.6047],\\n        [-1.5412],\\n        [-1.9719]], dtype=torch.float64), args=(tensor([-4.1460, -5.4215, -4.7842, -4.1508,  7.3808], dtype=torch.float64),), kwargs={}, broadcasts_input=True, name='')\"}], \"errors\": [], \"verdict\": \"DIFF:SIGNZERO\"}\n"}
,{"stream_name":"stdout","time":1976.687967252,"data":"{\"op\": \"__rpow__\", \"dtype\": \"float32\", \"samples\": 3, \"diffs\": [], \"errors\": [], \"verdict\": \"ok\"}\n"}
,{"stream_name":"stdout","time":1976.687971896,"data":"{\"op\": \"__rpow__\", \"dtype\": \"float64\", \"samples\": 3, \"diffs\": [], \"errors\": [], \"verdict\": \"ok\"}\n"}
,{"stream_name":"stdout","time":1976.687976992,"data":"{\"op\": \"__rsub__\", \"dtype\": \"float32\", \"samples\": 3, \"diffs\": [], \"errors\": [], \"verdict\": \"ok\"}\n"}
,{"stream_name":"stdout","time":1976.687983857,"data":"{\"op\": \"__rsub__\", \"dtype\": \"float64\", \"samples\": 3, \"diffs\": [], \"errors\": [], \"verdict\": \"ok\"}\n"}
,{"stream_name":"stdout","time":1976.687988967,"data":"{\"op\": \"rsub\", \"dtype\": \"float32\", \"samples\": 3, \"diffs\": [], \"errors\": [], \"verdict\": \"ok\"}\n"}
,{"stream_name":"stdout","time":1976.687994199,"data":"{\"op\": \"rsub\", \"dtype\": \"float64\", \"samples\": 3, \"diffs\": [], \"errors\": [], \"verdict\": \"ok\"}\n"}
,{"stream_name":"stdout","time":1976.687999832,"data":"{\"op\": \"select\", \"dtype\": \"float32\", \"samples\": 3, \"diffs\": [], \"errors\": [], \"verdict\": \"ok\"}\n"}
,{"stream_name":"stdout","time":1976.688004978,"data":"{\"op\": \"select\", \"dtype\": \"float64\", \"samples\": 3, \"diffs\": [], \"errors\": [], \"verdict\": \"ok\"}\n"}
,{"stream_name":"stdout","time":1976.688009685,"data":"{\"op\": \"select_scatter\", \"dtype\": \"float32\", \"samples\": 3, \"diffs\": [], \"errors\": [], \"verdict\": \"ok\"}\n"}
,{"stream_name":"stdout","time":1976.688014281,"data":"{\"op\": \"select_scatter\", \"dtype\": \"float64\", \"samples\": 3, \"diffs\": [], \"errors\": [], \"verdict\": \"ok\"}\n"}
,{"stream_name":"stdout","time":1976.688019441,"data":"{\"op\": \"slice\", \"dtype\": \"float32\", \"samples\": 3, \"diffs\": [], \"errors\": [], \"verdict\": \"ok\"}\n"}
,{"stream_name":"stdout","time":1976.688023564,"data":"{\"op\": \"slice\", \"dtype\": \"float64\", \"samples\": 3, \"diffs\": [], \"errors\": [], \"verdict\": \"ok\"}\n"}
,{"stream_name":"stdout","time":1976.688028355,"data":"{\"op\": \"slice_scatter\", \"dtype\": \"float32\", \"samples\": 3, \"diffs\": [], \"errors\": [], \"verdict\": \"ok\"}\n"}
,{"stream_name":"stdout","time":1976.688033398,"data":"{\"op\": \"slice_scatter\", \"dtype\": \"float64\", \"samples\": 3, \"diffs\": [], \"errors\": [], \"verdict\": \"ok\"}\n"}
,{"stream_name":"stdout","time":1976.68803825,"data":"{\"op\": \"signbit\", \"dtype\": \"float32\", \"samples\": 1, \"diffs\": [], \"errors\": [], \"verdict\": \"ok\"}\n"}
,{"stream_name":"stdout","time":1976.688043108,"data":"{\"op\": \"signbit\", \"dtype\": \"float64\", \"samples\": 1, \"diffs\": [], \"errors\": [], \"verdict\": \"ok\"}\n"}
,{"stream_name":"stdout","time":1976.68804753,"data":"{\"op\": \"tan\", \"dtype\": \"float32\", \"samples\": 1, \"diffs\": [], \"errors\": [], \"verdict\": \"ok\"}\n"}
,{"stream_name":"stdout","time":1976.688052004,"data":"{\"op\": \"tan\", \"dtype\": \"float64\", \"samples\": 1, \"diffs\": [], \"errors\": [], \"verdict\": \"ok\"}\n"}
,{"stream_name":"stdout","time":1976.688056541,"data":"{\"op\": \"tanh\", \"dtype\": \"float32\", \"samples\": 1, \"diffs\": [], \"errors\": [], \"verdict\": \"ok\"}\n"}
,{"stream_name":"stdout","time":1976.688061402,"data":"{\"op\": \"tanh\", \"dtype\": \"float64\", \"samples\": 1, \"diffs\": [], \"errors\": [], \"verdict\": \"ok\"}\n"}
,{"stream_name":"stdout","time":1976.688066562,"data":"{\"op\": \"tensor_split\", \"dtype\": \"float32\", \"samples\": 3, \"diffs\": [], \"errors\": [], \"verdict\": \"ok\"}\n"}
,{"stream_name":"stdout","time":1976.688081976,"data":"{\"op\": \"tensor_split\", \"dtype\": \"float64\", \"samples\": 3, \"diffs\": [], \"errors\": [], \"verdict\": \"ok\"}\n"}
,{"stream_name":"stdout","time":1976.688087532,"data":"{\"op\": \"hsplit\", \"dtype\": \"float32\", \"samples\": 2, \"diffs\": [], \"errors\": [], \"verdict\": \"ok\"}\n"}
,{"stream_name":"stdout","time":1976.688091865,"data":"{\"op\": \"hsplit\", \"dtype\": \"float64\", \"samples\": 2, \"diffs\": [], \"errors\": [], \"verdict\": \"ok\"}\n"}
,{"stream_name":"stdout","time":1976.688097276,"data":"{\"op\": \"vsplit\", \"dtype\": \"float32\", \"samples\": 2, \"diffs\": [], \"errors\": [], \"verdict\": \"ok\"}\n"}
,{"stream_name":"stdout","time":1976.688102293,"data":"{\"op\": \"vsplit\", \"dtype\": \"float64\", \"samples\": 2, \"diffs\": [], \"errors\": [], \"verdict\": \"ok\"}\n"}
,{"stream_name":"stdout","time":1976.688106966,"data":"{\"op\": \"dsplit\", \"dtype\": \"float32\", \"samples\": 2, \"diffs\": [], \"errors\": [], \"verdict\": \"ok\"}\n"}
,{"stream_name":"stdout","time":1976.688111532,"data":"{\"op\": \"dsplit\", \"dtype\": \"float64\", \"samples\": 2, \"diffs\": [], \"errors\": [], \"verdict\": \"ok\"}\n"}
,{"stream_name":"stdout","time":1976.688116144,"data":"{\"op\": \"trunc\", \"dtype\": \"float32\", \"samples\": 1, \"diffs\": [], \"errors\": [], \"verdict\": \"ok\"}\n"}
,{"stream_name":"stdout","time":1976.688120504,"data":"{\"op\": \"trunc\", \"dtype\": \"float64\", \"samples\": 1, \"diffs\": [], \"errors\": [], \"verdict\": \"ok\"}\n"}
,{"stream_name":"stdout","time":1976.688124952,"data":"{\"op\": \"exp2\", \"dtype\": \"float32\", \"samples\": 3, \"diffs\": [], \"errors\": [], \"verdict\": \"ok\"}\n"}
,{"stream_name":"stdout","time":1976.688129909,"data":"{\"op\": \"exp2\", \"dtype\": \"float64\", \"samples\": 3, \"diffs\": [], \"errors\": [], \"verdict\": \"ok\"}\n"}
,{"stream_name":"stdout","time":1976.688135072,"data":"{\"op\": \"expm1\", \"dtype\": \"float32\", \"samples\": 1, \"diffs\": [], \"errors\": [], \"verdict\": \"ok\"}\n"}
,{"stream_name":"stdout","time":1976.688139946,"data":"{\"op\": \"expm1\", \"dtype\": \"float64\", \"samples\": 1, \"diffs\": [], \"errors\": [], \"verdict\": \"ok\"}\n"}
,{"stream_name":"stdout","time":1976.688144144,"data":"{\"op\": \"nan_to_num\", \"dtype\": \"float32\", \"samples\": 3, \"diffs\": [], \"errors\": [], \"verdict\": \"ok\"}\n"}
,{"stream_name":"stdout","time":1976.688148927,"data":"{\"op\": \"nan_to_num\", \"dtype\": \"float64\", \"samples\": 3, \"diffs\": [], \"errors\": [], \"verdict\": \"ok\"}\n"}
,{"stream_name":"stdout","time":1976.688153506,"data":"{\"op\": \"reciprocal\", \"dtype\": \"float32\", \"samples\": 3, \"diffs\": [], \"errors\": [], \"verdict\": \"ok\"}\n"}
,{"stream_name":"stdout","time":1976.688158183,"data":"{\"op\": \"reciprocal\", \"dtype\": \"float64\", \"samples\": 3, \"diffs\": [], \"errors\": [], \"verdict\": \"ok\"}\n"}
,{"stream_name":"stdout","time":1976.688162706,"data":"{\"op\": \"square\", \"dtype\": \"float32\", \"samples\": 3, \"diffs\": [], \"errors\": [], \"verdict\": \"ok\"}\n"}
,{"stream_name":"stdout","time":1976.68816777,"data":"{\"op\": \"square\", \"dtype\": \"float64\", \"samples\": 3, \"diffs\": [], \"errors\": [], \"verdict\": \"ok\"}\n"}
,{"stream_name":"stdout","time":1976.688172462,"data":"{\"op\": \"lerp\", \"dtype\": \"float32\", \"samples\": 3, \"diffs\": [], \"errors\": [], \"verdict\": \"ok\"}\n"}
,{"stream_name":"stdout","time":1976.688176787,"data":"{\"op\": \"lerp\", \"dtype\": \"float64\", \"samples\": 3, \"diffs\": [], \"errors\": [], \"verdict\": \"ok\"}\n"}
,{"stream_name":"stdout","time":1976.688181517,"data":"{\"op\": \"angle\", \"dtype\": \"float32\", \"samples\": 1, \"diffs\": [], \"errors\": [], \"verdict\": \"ok\"}\n"}
,{"stream_name":"stdout","time":1976.688189809,"data":"{\"op\": \"angle\", \"dtype\": \"float64\", \"samples\": 1, \"diffs\": [], \"errors\": [], \"verdict\": \"ok\"}\n"}
,{"stream_name":"stdout","time":1976.688194419,"data":"{\"op\": \"isfinite\", \"dtype\": \"float32\", \"samples\": 3, \"diffs\": [], \"errors\": [], \"verdict\": \"ok\"}\n"}
,{"stream_name":"stdout","time":1976.688199699,"data":"{\"op\": \"isfinite\", \"dtype\": \"float64\", \"samples\": 3, \"diffs\": [], \"errors\": [], \"verdict\": \"ok\"}\n"}
,{"stream_name":"stdout","time":1976.688204801,"data":"{\"op\": \"isinf\", \"dtype\": \"float32\", \"samples\": 1, \"diffs\": [], \"errors\": [], \"verdict\": \"ok\"}\n"}
,{"stream_name":"stdout","time":1976.688209391,"data":"{\"op\": \"isinf\", \"dtype\": \"float64\", \"samples\": 1, \"diffs\": [], \"errors\": [], \"verdict\": \"ok\"}\n"}
,{"stream_name":"stdout","time":1976.688213912,"data":"{\"op\": \"isposinf\", \"dtype\": \"float32\", \"samples\": 1, \"diffs\": [], \"errors\": [], \"verdict\": \"ok\"}\n"}
,{"stream_name":"stdout","time":1976.68821868,"data":"{\"op\": \"isposinf\", \"dtype\": \"float64\", \"samples\": 1, \"diffs\": [], \"errors\": [], \"verdict\": \"ok\"}\n"}
,{"stream_name":"stdout","time":1976.688223548,"data":"{\"op\": \"isneginf\", \"dtype\": \"float32\", \"samples\": 1, \"diffs\": [], \"errors\": [], \"verdict\": \"ok\"}\n"}
,{"stream_name":"stdout","time":1976.688227946,"data":"{\"op\": \"isneginf\", \"dtype\": \"float64\", \"samples\": 1, \"diffs\": [], \"errors\": [], \"verdict\": \"ok\"}\n"}
,{"stream_name":"stdout","time":1976.688232561,"data":"{\"op\": \"isreal\", \"dtype\": \"float32\", \"samples\": 3, \"diffs\": [], \"errors\": [], \"verdict\": \"ok\"}\n"}
,{"stream_name":"stdout","time":1976.688237737,"data":"{\"op\": \"isreal\", \"dtype\": \"float64\", \"samples\": 3, \"diffs\": [], \"errors\": [], \"verdict\": \"ok\"}\n"}
,{"stream_name":"stdout","time":1976.688243028,"data":"{\"op\": \"isnan\", \"dtype\": \"float32\", \"samples\": 1, \"diffs\": [], \"errors\": [], \"verdict\": \"ok\"}\n"}
,{"stream_name":"stdout","time":1976.688247853,"data":"{\"op\": \"isnan\", \"dtype\": \"float64\", \"samples\": 1, \"diffs\": [], \"errors\": [], \"verdict\": \"ok\"}\n"}
,{"stream_name":"stdout","time":1976.688252377,"data":"{\"op\": \"einsum\", \"dtype\": \"float32\", \"samples\": 3, \"diffs\": [], \"errors\": [], \"verdict\": \"ok\"}\n"}
,{"stream_name":"stdout","time":1976.68825689,"data":"{\"op\": \"einsum\", \"dtype\": \"float64\", \"samples\": 3, \"diffs\": [], \"errors\": [], \"verdict\": \"ok\"}\n"}
,{"stream_name":"stdout","time":1976.688261772,"data":"{\"op\": \"pca_lowrank\", \"dtype\": \"float32\", \"samples\": 3, \"diffs\": [], \"errors\": [], \"verdict\": \"ok\"}\n"}
,{"stream_name":"stdout","time":1976.688266701,"data":"{\"op\": \"pca_lowrank\", \"dtype\": \"float64\", \"samples\": 3, \"diffs\": [], \"errors\": [], \"verdict\": \"ok\"}\n"}
,{"stream_name":"stdout","time":1976.688271323,"data":"{\"op\": \"polar\", \"dtype\": \"float32\", \"samples\": 3, \"diffs\": [], \"errors\": [], \"verdict\": \"ok\"}\n"}
,{"stream_name":"stdout","time":1976.688276073,"data":"{\"op\": \"polar\", \"dtype\": \"float64\", \"samples\": 3, \"diffs\": [], \"errors\": [], \"verdict\": \"ok\"}\n"}
,{"stream_name":"stdout","time":1976.688280841,"data":"{\"op\": \"polygamma\", \"dtype\": \"float32\", \"samples\": 3, \"diffs\": [], \"errors\": [], \"verdict\": \"ok\"}\n"}
,{"stream_name":"stdout","time":1976.688285904,"data":"{\"op\": \"polygamma\", \"dtype\": \"float64\", \"samples\": 3, \"diffs\": [], \"errors\": [], \"verdict\": \"ok\"}\n"}
,{"stream_name":"stdout","time":1976.688290785,"data":"{\"op\": \"polygamma\", \"dtype\": \"float32\", \"samples\": 3, \"diffs\": [], \"errors\": [], \"verdict\": \"ok\"}\n"}
,{"stream_name":"stdout","time":1976.688296142,"data":"{\"op\": \"polygamma\", \"dtype\": \"float64\", \"samples\": 3, \"diffs\": [], \"errors\": [], \"verdict\": \"ok\"}\n"}
,{"stream_name":"stdout","time":1976.688304303,"data":"{\"op\": \"polygamma\", \"dtype\": \"float32\", \"samples\": 3, \"diffs\": [], \"errors\": [], \"verdict\": \"ok\"}\n"}
,{"stream_name":"stdout","time":1976.68830886,"data":"{\"op\": \"polygamma\", \"dtype\": \"float64\", \"samples\": 3, \"diffs\": [], \"errors\": [], \"verdict\": \"ok\"}\n"}
,{"stream_name":"stdout","time":1976.688313879,"data":"{\"op\": \"polygamma\", \"dtype\": \"float32\", \"samples\": 3, \"diffs\": [], \"errors\": [], \"verdict\": \"ok\"}\n"}
,{"stream_name":"stdout","time":1976.68831926,"data":"{\"op\": \"polygamma\", \"dtype\": \"float64\", \"samples\": 3, \"diffs\": [], \"errors\": [], \"verdict\": \"ok\"}\n"}
,{"stream_name":"stdout","time":1976.688325313,"data":"{\"op\": \"polygamma\", \"dtype\": \"float32\", \"samples\": 3, \"diffs\": [], \"errors\": [], \"verdict\": \"ok\"}\n"}
,{"stream_name":"stdout","time":1976.68832984,"data":"{\"op\": \"polygamma\", \"dtype\": \"float64\", \"samples\": 3, \"diffs\": [], \"errors\": [], \"verdict\": \"ok\"}\n"}
,{"stream_name":"stdout","time":1976.68833448,"data":"{\"op\": \"ravel\", \"dtype\": \"float32\", \"samples\": 3, \"diffs\": [], \"errors\": [], \"verdict\": \"ok\"}\n"}
,{"stream_name":"stdout","time":1976.688339033,"data":"{\"op\": \"ravel\", \"dtype\": \"float64\", \"samples\": 3, \"diffs\": [], \"errors\": [], \"verdict\": \"ok\"}\n"}
,{"stream_name":"stdout","time":1976.688343836,"data":"{\"op\": \"reshape\", \"dtype\": \"float32\", \"samples\": 3, \"diffs\": [], \"errors\": [], \"verdict\": \"ok\"}\n"}
,{"stream_name":"stdout","time":1976.688348638,"data":"{\"op\": \"reshape\", \"dtype\": \"float64\", \"samples\": 3, \"diffs\": [], \"errors\": [], \"verdict\": \"ok\"}\n"}
,{"stream_name":"stdout","time":1976.688353812,"data":"{\"op\": \"reshape_as\", \"dtype\": \"float32\", \"samples\": 3, \"diffs\": [], \"errors\": [], \"verdict\": \"ok\"}\n"}
,{"stream_name":"stdout","time":1976.688366366,"data":"{\"op\": \"reshape_as\", \"dtype\": \"float64\", \"samples\": 3, \"diffs\": [], \"errors\": [], \"verdict\": \"ok\"}\n"}
,{"stream_name":"stdout","time":1976.688371552,"data":"{\"op\": \"view\", \"dtype\": \"float32\", \"samples\": 3, \"diffs\": [], \"errors\": [], \"verdict\": \"ok\"}\n"}
,{"stream_name":"stdout","time":1976.688376216,"data":"{\"op\": \"view\", \"dtype\": \"float64\", \"samples\": 3, \"diffs\": [], \"errors\": [], \"verdict\": \"ok\"}\n"}
,{"stream_name":"stdout","time":1976.688385765,"data":"{\"op\": \"view_as\", \"dtype\": \"float32\", \"samples\": 3, \"diffs\": [], \"errors\": [], \"verdict\": \"ok\"}\n"}
,{"stream_name":"stdout","time":1976.688390883,"data":"{\"op\": \"view_as\", \"dtype\": \"float64\", \"samples\": 3, \"diffs\": [], \"errors\": [], \"verdict\": \"ok\"}\n"}
,{"stream_name":"stdout","time":1976.688396245,"data":"{\"op\": \"atleast_1d\", \"dtype\": \"float32\", \"samples\": 3, \"diffs\": [], \"errors\": [], \"verdict\": \"ok\"}\n"}
,{"stream_name":"stdout","time":1976.688401492,"data":"{\"op\": \"atleast_1d\", \"dtype\": \"float64\", \"samples\": 3, \"diffs\": [], \"errors\": [], \"verdict\": \"ok\"}\n"}
,{"stream_name":"stdout","time":1976.688406028,"data":"{\"op\": \"atleast_2d\", \"dtype\": \"float32\", \"samples\": 3, \"diffs\": [], \"errors\": [], \"verdict\": \"ok\"}\n"}
,{"stream_name":"stdout","time":1976.688411109,"data":"{\"op\": \"atleast_2d\", \"dtype\": \"float64\", \"samples\": 3, \"diffs\": [], \"errors\": [], \"verdict\": \"ok\"}\n"}
,{"stream_name":"stdout","time":1976.688415482,"data":"{\"op\": \"atleast_3d\", \"dtype\": \"float32\", \"samples\": 3, \"diffs\": [], \"errors\": [], \"verdict\": \"ok\"}\n"}
,{"stream_name":"stdout","time":1976.688420353,"data":"{\"op\": \"atleast_3d\", \"dtype\": \"float64\", \"samples\": 3, \"diffs\": [], \"errors\": [], \"verdict\": \"ok\"}\n"}
,{"stream_name":"stdout","time":1976.688429018,"data":"{\"op\": \"flatten\", \"dtype\": \"float32\", \"samples\": 3, \"diffs\": [], \"errors\": [], \"verdict\": \"ok\"}\n"}
,{"stream_name":"stdout","time":1976.688433409,"data":"{\"op\": \"flatten\", \"dtype\": \"float64\", \"samples\": 3, \"diffs\": [], \"errors\": [], \"verdict\": \"ok\"}\n"}
,{"stream_name":"stdout","time":1976.688438713,"data":"{\"op\": \"unflatten\", \"dtype\": \"float32\", \"samples\": 3, \"diffs\": [], \"errors\": [], \"verdict\": \"ok\"}\n"}
,{"stream_name":"stdout","time":1976.688443803,"data":"{\"op\": \"unflatten\", \"dtype\": \"float64\", \"samples\": 3, \"diffs\": [], \"errors\": [], \"verdict\": \"ok\"}\n"}
,{"stream_name":"stdout","time":1976.688448371,"data":"{\"op\": \"gather\", \"dtype\": \"float32\", \"samples\": 3, \"diffs\": [], \"errors\": [], \"verdict\": \"ok\"}\n"}
,{"stream_name":"stdout","time":1976.688453329,"data":"{\"op\": \"gather\", \"dtype\": \"float64\", \"samples\": 3, \"diffs\": [], \"errors\": [], \"verdict\": \"ok\"}\n"}
,{"stream_name":"stdout","time":1976.688457881,"data":"{\"op\": \"index_fill\", \"dtype\": \"float32\", \"samples\": 3, \"diffs\": [], \"errors\": [], \"verdict\": \"ok\"}\n"}
,{"stream_name":"stdout","time":1976.688463031,"data":"{\"op\": \"index_fill\", \"dtype\": \"float64\", \"samples\": 3, \"diffs\": [], \"errors\": [], \"verdict\": \"ok\"}\n"}
,{"stream_name":"stdout","time":1976.688467658,"data":"{\"op\": \"index_copy\", \"dtype\": \"float32\", \"samples\": 3, \"diffs\": [], \"errors\": [], \"verdict\": \"ok\"}\n"}
,{"stream_name":"stdout","time":1976.688472468,"data":"{\"op\": \"index_copy\", \"dtype\": \"float64\", \"samples\": 3, \"diffs\": [], \"errors\": [], \"verdict\": \"ok\"}\n"}
,{"stream_name":"stdout","time":1976.688477825,"data":"{\"op\": \"index_select\", \"dtype\": \"float32\", \"samples\": 3, \"diffs\": [], \"errors\": [], \"verdict\": \"ok\"}\n"}
,{"stream_name":"stdout","time":1976.688481883,"data":"{\"op\": \"index_select\", \"dtype\": \"float64\", \"samples\": 3, \"diffs\": [], \"errors\": [], \"verdict\": \"ok\"}\n"}
,{"stream_name":"stdout","time":1976.688486688,"data":"{\"op\": \"index_add\", \"dtype\": \"float32\", \"samples\": 3, \"diffs\": [], \"errors\": [], \"verdict\": \"ok\"}\n"}
,{"stream_name":"stdout","time":1976.688491694,"data":"{\"op\": \"index_add\", \"dtype\": \"float64\", \"samples\": 3, \"diffs\": [], \"errors\": [], \"verdict\": \"ok\"}\n"}
,{"stream_name":"stdout","time":1976.688496753,"data":"{\"op\": \"__getitem__\", \"dtype\": \"float32\", \"samples\": 3, \"diffs\": [], \"errors\": [], \"verdict\": \"ok\"}\n"}
,{"stream_name":"stdout","time":1976.688501066,"data":"{\"op\": \"__getitem__\", \"dtype\": \"float64\", \"samples\": 3, \"diffs\": [], \"errors\": [], \"verdict\": \"ok\"}\n"}
,{"stream_name":"stdout","time":1976.68850585,"data":"{\"op\": \"index_put\", \"dtype\": \"float32\", \"samples\": 3, \"diffs\": [], \"errors\": [], \"verdict\": \"ok\"}\n"}
,{"stream_name":"stdout","time":1976.688510653,"data":"{\"op\": \"index_put\", \"dtype\": \"float64\", \"samples\": 3, \"diffs\": [], \"errors\": [], \"verdict\": \"ok\"}\n"}
,{"stream_name":"stdout","time":1976.688515753,"data":"{\"op\": \"put\", \"dtype\": \"float32\", \"samples\": 3, \"diffs\": [], \"errors\": [], \"verdict\": \"ok\"}\n"}
,{"stream_name":"stdout","time":1976.688520266,"data":"{\"op\": \"put\", \"dtype\": \"float64\", \"samples\": 3, \"diffs\": [], \"errors\": [], \"verdict\": \"ok\"}\n"}
,{"stream_name":"stdout","time":1976.688524805,"data":"{\"op\": \"take\", \"dtype\": \"float32\", \"samples\": 3, \"diffs\": [], \"errors\": [], \"verdict\": \"ok\"}\n"}
,{"stream_name":"stdout","time":1976.688529231,"data":"{\"op\": \"take\", \"dtype\": \"float64\", \"samples\": 3, \"diffs\": [], \"errors\": [], \"verdict\": \"ok\"}\n"}
,{"stream_name":"stdout","time":1976.68853725,"data":"{\"op\": \"scatter\", \"dtype\": \"float32\", \"samples\": 3, \"diffs\": [], \"errors\": [], \"verdict\": \"ok\"}\n"}
,{"stream_name":"stdout","time":1976.68854164,"data":"{\"op\": \"scatter\", \"dtype\": \"float64\", \"samples\": 3, \"diffs\": [], \"errors\": [], \"verdict\": \"ok\"}\n"}
,{"stream_name":"stdout","time":1976.6885467,"data":"{\"op\": \"bfloat16\", \"dtype\": \"float32\", \"samples\": 3, \"diffs\": [], \"errors\": [], \"verdict\": \"ok\"}\n"}
,{"stream_name":"stdout","time":1976.688551658,"data":"{\"op\": \"bfloat16\", \"dtype\": \"float64\", \"samples\": 3, \"diffs\": [], \"errors\": [], \"verdict\": \"ok\"}\n"}
,{"stream_name":"stdout","time":1976.688557373,"data":"{\"op\": \"bool\", \"dtype\": \"float32\", \"samples\": 3, \"diffs\": [], \"errors\": [], \"verdict\": \"ok\"}\n"}
,{"stream_name":"stdout","time":1976.688562193,"data":"{\"op\": \"bool\", \"dtype\": \"float64\", \"samples\": 3, \"diffs\": [], \"errors\": [], \"verdict\": \"ok\"}\n"}
,{"stream_name":"stdout","time":1976.688567102,"data":"{\"op\": \"byte\", \"dtype\": \"float32\", \"samples\": 3, \"diffs\": [], \"errors\": [], \"verdict\": \"ok\"}\n"}
,{"stream_name":"stdout","time":1976.688572218,"data":"{\"op\": \"byte\", \"dtype\": \"float64\", \"samples\": 3, \"diffs\": [], \"errors\": [], \"verdict\": \"ok\"}\n"}
,{"stream_name":"stdout","time":1976.688576657,"data":"{\"op\": \"char\", \"dtype\": \"float32\", \"samples\": 3, \"diffs\": [], \"errors\": [], \"verdict\": \"ok\"}\n"}
,{"stream_name":"stdout","time":1976.688581899,"data":"{\"op\": \"char\", \"dtype\": \"float64\", \"samples\": 3, \"diffs\": [], \"errors\": [], \"verdict\": \"ok\"}\n"}
,{"stream_name":"stdout","time":1976.688586374,"data":"{\"op\": \"double\", \"dtype\": \"float32\", \"samples\": 3, \"diffs\": [], \"errors\": [], \"verdict\": \"ok\"}\n"}
,{"stream_name":"stdout","time":1976.688591055,"data":"{\"op\": \"double\", \"dtype\": \"float64\", \"samples\": 3, \"diffs\": [], \"errors\": [], \"verdict\": \"ok\"}\n"}
,{"stream_name":"stdout","time":1976.688596381,"data":"{\"op\": \"float\", \"dtype\": \"float32\", \"samples\": 3, \"diffs\": [], \"errors\": [], \"verdict\": \"ok\"}\n"}
,{"stream_name":"stdout","time":1976.688601261,"data":"{\"op\": \"float\", \"dtype\": \"float64\", \"samples\": 3, \"diffs\": [], \"errors\": [], \"verdict\": \"ok\"}\n"}
,{"stream_name":"stdout","time":1976.688606413,"data":"{\"op\": \"half\", \"dtype\": \"float32\", \"samples\": 3, \"diffs\": [], \"errors\": [], \"verdict\": \"ok\"}\n"}
,{"stream_name":"stdout","time":1976.688611054,"data":"{\"op\": \"half\", \"dtype\": \"float64\", \"samples\": 3, \"diffs\": [], \"errors\": [], \"verdict\": \"ok\"}\n"}
,{"stream_name":"stdout","time":1976.688615703,"data":"{\"op\": \"int\", \"dtype\": \"float32\", \"samples\": 3, \"diffs\": [], \"errors\": [], \"verdict\": \"ok\"}\n"}
,{"stream_name":"stdout","time":1976.688619756,"data":"{\"op\": \"int\", \"dtype\": \"float64\", \"samples\": 3, \"diffs\": [], \"errors\": [], \"verdict\": \"ok\"}\n"}
,{"stream_name":"stdout","time":1976.688623447,"data":"{\"op\": \"long\", \"dtype\": \"float32\", \"samples\": 3, \"diffs\": [], \"errors\": [], \"verdict\": \"ok\"}\n"}
,{"stream_name":"stdout","time":1976.688627224,"data":"{\"op\": \"long\", \"dtype\": \"float64\", \"samples\": 3, \"diffs\": [], \"errors\": [], \"verdict\": \"ok\"}\n"}
,{"stream_name":"stdout","time":1976.688632006,"data":"{\"op\": \"short\", \"dtype\": \"float32\", \"samples\": 3, \"diffs\": [], \"errors\": [], \"verdict\": \"ok\"}\n"}
,{"stream_name":"stdout","time":1976.688637025,"data":"{\"op\": \"short\", \"dtype\": \"float64\", \"samples\": 3, \"diffs\": [], \"errors\": [], \"verdict\": \"ok\"}\n"}
,{"stream_name":"stdout","time":1976.688643873,"data":"{\"op\": \"cdouble\", \"dtype\": \"float32\", \"samples\": 3, \"diffs\": [], \"errors\": [], \"verdict\": \"ok\"}\n"}
,{"stream_name":"stdout","time":1976.688647905,"data":"{\"op\": \"cdouble\", \"dtype\": \"float64\", \"samples\": 3, \"diffs\": [], \"errors\": [], \"verdict\": \"ok\"}\n"}
,{"stream_name":"stdout","time":1976.688652892,"data":"{\"op\": \"cfloat\", \"dtype\": \"float32\", \"samples\": 3, \"diffs\": [], \"errors\": [], \"verdict\": \"ok\"}\n"}
,{"stream_name":"stdout","time":1976.688657839,"data":"{\"op\": \"cfloat\", \"dtype\": \"float64\", \"samples\": 3, \"diffs\": [], \"errors\": [], \"verdict\": \"ok\"}\n"}
,{"stream_name":"stdout","time":1976.688662253,"data":"{\"op\": \"chalf\", \"dtype\": \"float32\", \"samples\": 3, \"diffs\": [], \"errors\": [], \"verdict\": \"ok\"}\n"}
,{"stream_name":"stdout","time":1976.688666506,"data":"{\"op\": \"chalf\", \"dtype\": \"float64\", \"samples\": 3, \"diffs\": [], \"errors\": [], \"verdict\": \"ok\"}\n"}
,{"stream_name":"stdout","time":1976.688670805,"data":"{\"op\": \"zeros_like\", \"dtype\": \"float32\", \"samples\": 3, \"diffs\": [], \"errors\": [], \"verdict\": \"ok\"}\n"}
,{"stream_name":"stdout","time":1976.68867584,"data":"{\"op\": \"zeros_like\", \"dtype\": \"float64\", \"samples\": 3, \"diffs\": [], \"errors\": [], \"verdict\": \"ok\"}\n"}
,{"stream_name":"stdout","time":1976.688680155,"data":"{\"op\": \"ones_like\", \"dtype\": \"float32\", \"samples\": 3, \"diffs\": [], \"errors\": [], \"verdict\": \"ok\"}\n"}
,{"stream_name":"stdout","time":1976.688684606,"data":"{\"op\": \"ones_like\", \"dtype\": \"float64\", \"samples\": 3, \"diffs\": [], \"errors\": [], \"verdict\": \"ok\"}\n"}
,{"stream_name":"stdout","time":1976.68868909,"data":"{\"op\": \"full_like\", \"dtype\": \"float32\", \"samples\": 3, \"diffs\": [], \"errors\": [], \"verdict\": \"ok\"}\n"}
,{"stream_name":"stdout","time":1976.68869345,"data":"{\"op\": \"full_like\", \"dtype\": \"float64\", \"samples\": 3, \"diffs\": [], \"errors\": [], \"verdict\": \"ok\"}\n"}
,{"stream_name":"stdout","time":1976.688698256,"data":"{\"op\": \"new_zeros\", \"dtype\": \"float32\", \"samples\": 3, \"diffs\": [], \"errors\": [], \"verdict\": \"ok\"}\n"}
,{"stream_name":"stdout","time":1976.688702261,"data":"{\"op\": \"new_zeros\", \"dtype\": \"float64\", \"samples\": 3, \"diffs\": [], \"errors\": [], \"verdict\": \"ok\"}\n"}
,{"stream_name":"stdout","time":1976.688707273,"data":"{\"op\": \"new_ones\", \"dtype\": \"float32\", \"samples\": 3, \"diffs\": [], \"errors\": [], \"verdict\": \"ok\"}\n"}
,{"stream_name":"stdout","time":1976.688711855,"data":"{\"op\": \"new_ones\", \"dtype\": \"float64\", \"samples\": 3, \"diffs\": [], \"errors\": [], \"verdict\": \"ok\"}\n"}
,{"stream_name":"stdout","time":1976.688716608,"data":"{\"op\": \"ones\", \"dtype\": \"float32\", \"samples\": 2, \"diffs\": [], \"errors\": [], \"verdict\": \"ok\"}\n"}
,{"stream_name":"stdout","time":1976.688721551,"data":"{\"op\": \"ones\", \"dtype\": \"float64\", \"samples\": 2, \"diffs\": [], \"errors\": [], \"verdict\": \"ok\"}\n"}
,{"stream_name":"stdout","time":1976.688726288,"data":"{\"op\": \"zeros\", \"dtype\": \"float32\", \"samples\": 2, \"diffs\": [], \"errors\": [], \"verdict\": \"ok\"}\n"}
,{"stream_name":"stdout","time":1976.688730832,"data":"{\"op\": \"zeros\", \"dtype\": \"float64\", \"samples\": 2, \"diffs\": [], \"errors\": [], \"verdict\": \"ok\"}\n"}
,{"stream_name":"stdout","time":1976.688735333,"data":"{\"op\": \"full\", \"dtype\": \"float32\", \"samples\": 3, \"diffs\": [], \"errors\": [], \"verdict\": \"ok\"}\n"}
,{"stream_name":"stdout","time":1976.688740335,"data":"{\"op\": \"full\", \"dtype\": \"float64\", \"samples\": 3, \"diffs\": [], \"errors\": [], \"verdict\": \"ok\"}\n"}
,{"stream_name":"stdout","time":1976.688745327,"data":"{\"op\": \"eye\", \"dtype\": \"float32\", \"samples\": 3, \"diffs\": [], \"errors\": [], \"verdict\": \"ok\"}\n"}
,{"stream_name":"stdout","time":1976.688753587,"data":"{\"op\": \"eye\", \"dtype\": \"float64\", \"samples\": 3, \"diffs\": [], \"errors\": [], \"verdict\": \"ok\"}\n"}
,{"stream_name":"stdout","time":1976.688758246,"data":"{\"op\": \"scalar_tensor\", \"dtype\": \"float32\", \"samples\": 3, \"diffs\": [], \"errors\": [], \"verdict\": \"ok\"}\n"}
,{"stream_name":"stdout","time":1976.688762923,"data":"{\"op\": \"scalar_tensor\", \"dtype\": \"float64\", \"samples\": 3, \"diffs\": [], \"errors\": [], \"verdict\": \"ok\"}\n"}
,{"stream_name":"stdout","time":1976.688767823,"data":"{\"op\": \"new_full\", \"dtype\": \"float32\", \"samples\": 3, \"diffs\": [], \"errors\": [], \"verdict\": \"ok\"}\n"}
,{"stream_name":"stdout","time":1976.688772185,"data":"{\"op\": \"new_full\", \"dtype\": \"float64\", \"samples\": 3, \"diffs\": [], \"errors\": [], \"verdict\": \"ok\"}\n"}
,{"stream_name":"stdout","time":1976.688777199,"data":"{\"op\": \"scatter_add\", \"dtype\": \"float32\", \"samples\": 3, \"diffs\": [], \"errors\": [], \"verdict\": \"ok\"}\n"}
,{"stream_name":"stdout","time":1976.688781432,"data":"{\"op\": \"scatter_add\", \"dtype\": \"float64\", \"samples\": 3, \"diffs\": [], \"errors\": [], \"verdict\": \"ok\"}\n"}
,{"stream_name":"stdout","time":1976.68878585,"data":"{\"op\": \"stack\", \"dtype\": \"float32\", \"samples\": 3, \"diffs\": [], \"errors\": [], \"verdict\": \"ok\"}\n"}
,{"stream_name":"stdout","time":1976.688790315,"data":"{\"op\": \"stack\", \"dtype\": \"float64\", \"samples\": 3, \"diffs\": [], \"errors\": [], \"verdict\": \"ok\"}\n"}
,{"stream_name":"stdout","time":1976.688794058,"data":"{\"op\": \"hstack\", \"dtype\": \"float32\", \"samples\": 2, \"diffs\": [], \"errors\": [], \"verdict\": \"ok\"}\n"}
,{"stream_name":"stdout","time":1976.688798684,"data":"{\"op\": \"hstack\", \"dtype\": \"float64\", \"samples\": 2, \"diffs\": [], \"errors\": [], \"verdict\": \"ok\"}\n"}
,{"stream_name":"stdout","time":1976.688802978,"data":"{\"op\": \"hypot\", \"dtype\": \"float32\", \"samples\": 3, \"diffs\": [], \"errors\": [], \"verdict\": \"ok\"}\n"}
,{"stream_name":"stdout","time":1976.688807258,"data":"{\"op\": \"hypot\", \"dtype\": \"float64\", \"samples\": 3, \"diffs\": [], \"errors\": [], \"verdict\": \"ok\"}\n"}
,{"stream_name":"stdout","time":1976.688811276,"data":"{\"op\": \"histc\", \"dtype\": \"float32\", \"samples\": 3, \"diffs\": [], \"errors\": [], \"verdict\": \"ok\"}\n"}
,{"stream_name":"stdout","time":1976.688815488,"data":"{\"op\": \"histc\", \"dtype\": \"float64\", \"samples\": 3, \"diffs\": [], \"errors\": [], \"verdict\": \"ok\"}\n"}
,{"stream_name":"stdout","time":1976.688820753,"data":"{\"op\": \"cat\", \"dtype\": \"float32\", \"samples\": 3, \"diffs\": [], \"errors\": [], \"verdict\": \"ok\"}\n"}
,{"stream_name":"stdout","time":1976.68882535,"data":"{\"op\": \"cat\", \"dtype\": \"float64\", \"samples\": 3, \"diffs\": [], \"errors\": [], \"verdict\": \"ok\"}\n"}
,{"stream_name":"stdout","time":1976.688830395,"data":"{\"op\": \"unbind\", \"dtype\": \"float32\", \"samples\": 3, \"diffs\": [], \"errors\": [], \"verdict\": \"ok\"}\n"}
,{"stream_name":"stdout","time":1976.688835201,"data":"{\"op\": \"unbind\", \"dtype\": \"float64\", \"samples\": 3, \"diffs\": [], \"errors\": [], \"verdict\": \"ok\"}\n"}
,{"stream_name":"stdout","time":1976.688839402,"data":"{\"op\": \"unbind_copy\", \"dtype\": \"float32\", \"samples\": 3, \"diffs\": [], \"errors\": [], \"verdict\": \"ok\"}\n"}
,{"stream_name":"stdout","time":1976.688844697,"data":"{\"op\": \"unbind_copy\", \"dtype\": \"float64\", \"samples\": 3, \"diffs\": [], \"errors\": [], \"verdict\": \"ok\"}\n"}
,{"stream_name":"stdout","time":1976.688849046,"data":"{\"op\": \"vstack\", \"dtype\": \"float32\", \"samples\": 2, \"diffs\": [], \"errors\": [], \"verdict\": \"ok\"}\n"}
,{"stream_name":"stdout","time":1976.688857671,"data":"{\"op\": \"vstack\", \"dtype\": \"float64\", \"samples\": 2, \"diffs\": [], \"errors\": [], \"verdict\": \"ok\"}\n"}
,{"stream_name":"stdout","time":1976.688863457,"data":"{\"op\": \"dstack\", \"dtype\": \"float32\", \"samples\": 2, \"diffs\": [], \"errors\": [], \"verdict\": \"ok\"}\n"}
,{"stream_name":"stdout","time":1976.688868254,"data":"{\"op\": \"dstack\", \"dtype\": \"float64\", \"samples\": 2, \"diffs\": [], \"errors\": [], \"verdict\": \"ok\"}\n"}
,{"stream_name":"stdout","time":1976.688872523,"data":"{\"op\": \"unfold\", \"dtype\": \"float32\", \"samples\": 3, \"diffs\": [], \"errors\": [], \"verdict\": \"ok\"}\n"}
,{"stream_name":"stdout","time":1976.688877203,"data":"{\"op\": \"unfold\", \"dtype\": \"float64\", \"samples\": 3, \"diffs\": [], \"errors\": [], \"verdict\": \"ok\"}\n"}
,{"stream_name":"stdout","time":1976.688881374,"data":"{\"op\": \"unfold_copy\", \"dtype\": \"float32\", \"samples\": 3, \"diffs\": [], \"errors\": [], \"verdict\": \"ok\"}\n"}
,{"stream_name":"stdout","time":1976.68888579,"data":"{\"op\": \"unfold_copy\", \"dtype\": \"float64\", \"samples\": 3, \"diffs\": [], \"errors\": [], \"verdict\": \"ok\"}\n"}
,{"stream_name":"stdout","time":1976.688890135,"data":"{\"op\": \"movedim\", \"dtype\": \"float32\", \"samples\": 2, \"diffs\": [], \"errors\": [], \"verdict\": \"ok\"}\n"}
,{"stream_name":"stdout","time":1976.688894386,"data":"{\"op\": \"movedim\", \"dtype\": \"float64\", \"samples\": 2, \"diffs\": [], \"errors\": [], \"verdict\": \"ok\"}\n"}
,{"stream_name":"stdout","time":1976.68890089,"data":"{\"op\": \"renorm\", \"dtype\": \"float32\", \"samples\": 3, \"diffs\": [], \"errors\": [], \"verdict\": \"ok\"}\n"}
,{"stream_name":"stdout","time":1976.688905647,"data":"{\"op\": \"renorm\", \"dtype\": \"float64\", \"samples\": 3, \"diffs\": [], \"errors\": [], \"verdict\": \"ok\"}\n"}
,{"stream_name":"stdout","time":1976.688910174,"data":"{\"op\": \"repeat\", \"dtype\": \"float32\", \"samples\": 3, \"diffs\": [], \"errors\": [], \"verdict\": \"ok\"}\n"}
,{"stream_name":"stdout","time":1976.688923208,"data":"{\"op\": \"repeat\", \"dtype\": \"float64\", \"samples\": 3, \"diffs\": [], \"errors\": [], \"verdict\": \"ok\"}\n"}
,{"stream_name":"stdout","time":1976.688949071,"data":"{\"op\": \"squeeze\", \"dtype\": \"float32\", \"samples\": 3, \"diffs\": [], \"errors\": [], \"verdict\": \"ok\"}\n"}
,{"stream_name":"stdout","time":1976.688954266,"data":"{\"op\": \"squeeze\", \"dtype\": \"float64\", \"samples\": 3, \"diffs\": [], \"errors\": [], \"verdict\": \"ok\"}\n"}
,{"stream_name":"stdout","time":1976.688958381,"data":"{\"op\": \"squeeze\", \"dtype\": \"float32\", \"samples\": 3, \"diffs\": [], \"errors\": [], \"verdict\": \"ok\"}\n"}
,{"stream_name":"stdout","time":1976.688962485,"data":"{\"op\": \"squeeze\", \"dtype\": \"float64\", \"samples\": 3, \"diffs\": [], \"errors\": [], \"verdict\": \"ok\"}\n"}
,{"stream_name":"stdout","time":1976.688967043,"data":"{\"op\": \"squeeze_copy\", \"dtype\": \"float32\", \"samples\": 3, \"diffs\": [], \"errors\": [], \"verdict\": \"ok\"}\n"}
,{"stream_name":"stdout","time":1976.688971357,"data":"{\"op\": \"squeeze_copy\", \"dtype\": \"float64\", \"samples\": 3, \"diffs\": [], \"errors\": [], \"verdict\": \"ok\"}\n"}
,{"stream_name":"stdout","time":1976.688975867,"data":"{\"op\": \"fill\", \"dtype\": \"float32\", \"samples\": 3, \"diffs\": [], \"errors\": [], \"verdict\": \"ok\"}\n"}
,{"stream_name":"stdout","time":1976.688980359,"data":"{\"op\": \"fill\", \"dtype\": \"float64\", \"samples\": 3, \"diffs\": [], \"errors\": [], \"verdict\": \"ok\"}\n"}
,{"stream_name":"stdout","time":1976.688984945,"data":"{\"op\": \"take_along_dim\", \"dtype\": \"float32\", \"samples\": 3, \"diffs\": [], \"errors\": [], \"verdict\": \"ok\"}\n"}
,{"stream_name":"stdout","time":1976.688994027,"data":"{\"op\": \"take_along_dim\", \"dtype\": \"float64\", \"samples\": 3, \"diffs\": [], \"errors\": [], \"verdict\": \"ok\"}\n"}
,{"stream_name":"stdout","time":1976.688998776,"data":"{\"op\": \"tile\", \"dtype\": \"float32\", \"samples\": 3, \"diffs\": [], \"errors\": [], \"verdict\": \"ok\"}\n"}
,{"stream_name":"stdout","time":1976.689003565,"data":"{\"op\": \"tile\", \"dtype\": \"float64\", \"samples\": 3, \"diffs\": [], \"errors\": [], \"verdict\": \"ok\"}\n"}
,{"stream_name":"stdout","time":1976.689008232,"data":"{\"op\": \"trapz\", \"dtype\": \"float32\", \"samples\": 3, \"diffs\": [], \"errors\": [], \"verdict\": \"ok\"}\n"}
,{"stream_name":"stdout","time":1976.689012646,"data":"{\"op\": \"trapz\", \"dtype\": \"float64\", \"samples\": 3, \"diffs\": [], \"errors\": [], \"verdict\": \"ok\"}\n"}
,{"stream_name":"stdout","time":1976.689017046,"data":"{\"op\": \"trapezoid\", \"dtype\": \"float32\", \"samples\": 3, \"diffs\": [], \"errors\": [], \"verdict\": \"ok\"}\n"}
,{"stream_name":"stdout","time":1976.689022373,"data":"{\"op\": \"trapezoid\", \"dtype\": \"float64\", \"samples\": 3, \"diffs\": [], \"errors\": [], \"verdict\": \"ok\"}\n"}
,{"stream_name":"stdout","time":1976.689026505,"data":"{\"op\": \"cumulative_trapezoid\", \"dtype\": \"float32\", \"samples\": 3, \"diffs\": [], \"errors\": [], \"verdict\": \"ok\"}\n"}
,{"stream_name":"stdout","time":1976.68903145,"data":"{\"op\": \"cumulative_trapezoid\", \"dtype\": \"float64\", \"samples\": 3, \"diffs\": [], \"errors\": [], \"verdict\": \"ok\"}\n"}
,{"stream_name":"stdout","time":1976.689035927,"data":"{\"op\": \"unsqueeze\", \"dtype\": \"float32\", \"samples\": 3, \"diffs\": [], \"errors\": [], \"verdict\": \"ok\"}\n"}
,{"stream_name":"stdout","time":1976.689040836,"data":"{\"op\": \"unsqueeze\", \"dtype\": \"float64\", \"samples\": 3, \"diffs\": [], \"errors\": [], \"verdict\": \"ok\"}\n"}
,{"stream_name":"stdout","time":1976.689045547,"data":"{\"op\": \"unsqueeze_copy\", \"dtype\": \"float32\", \"samples\": 3, \"diffs\": [], \"errors\": [], \"verdict\": \"ok\"}\n"}
,{"stream_name":"stdout","time":1976.689050396,"data":"{\"op\": \"unsqueeze_copy\", \"dtype\": \"float64\", \"samples\": 3, \"diffs\": [], \"errors\": [], \"verdict\": \"ok\"}\n"}
,{"stream_name":"stdout","time":1976.68905553,"data":"{\"op\": \"xlogy\", \"dtype\": \"float32\", \"samples\": 3, \"diffs\": [], \"errors\": [], \"verdict\": \"ok\"}\n"}
,{"stream_name":"stdout","time":1976.689059531,"data":"{\"op\": \"xlogy\", \"dtype\": \"float64\", \"samples\": 3, \"diffs\": [], \"errors\": [], \"verdict\": \"ok\"}\n"}
,{"stream_name":"stdout","time":1976.689064018,"data":"{\"op\": \"zero_\", \"dtype\": \"float32\", \"samples\": 3, \"diffs\": [], \"errors\": [], \"verdict\": \"ok\"}\n"}
,{"stream_name":"stdout","time":1976.689068655,"data":"{\"op\": \"zero_\", \"dtype\": \"float64\", \"samples\": 3, \"diffs\": [], \"errors\": [], \"verdict\": \"ok\"}\n"}
,{"stream_name":"stdout","time":1976.689072868,"data":"{\"op\": \"logsumexp\", \"dtype\": \"float32\", \"samples\": 3, \"diffs\": [], \"errors\": [], \"verdict\": \"ok\"}\n"}
,{"stream_name":"stdout","time":1976.689077221,"data":"{\"op\": \"logsumexp\", \"dtype\": \"float64\", \"samples\": 3, \"diffs\": [], \"errors\": [], \"verdict\": \"ok\"}\n"}
,{"stream_name":"stdout","time":1976.689081671,"data":"{\"op\": \"trace\", \"dtype\": \"float32\", \"samples\": 3, \"diffs\": [], \"errors\": [], \"verdict\": \"ok\"}\n"}
,{"stream_name":"stdout","time":1976.689086393,"data":"{\"op\": \"trace\", \"dtype\": \"float64\", \"samples\": 3, \"diffs\": [], \"errors\": [], \"verdict\": \"ok\"}\n"}
,{"stream_name":"stdout","time":1976.689090882,"data":"{\"op\": \"transpose\", \"dtype\": \"float32\", \"samples\": 3, \"diffs\": [], \"errors\": [], \"verdict\": \"ok\"}\n"}
,{"stream_name":"stdout","time":1976.689099771,"data":"{\"op\": \"transpose\", \"dtype\": \"float64\", \"samples\": 3, \"diffs\": [], \"errors\": [], \"verdict\": \"ok\"}\n"}
,{"stream_name":"stdout","time":1976.689104193,"data":"{\"op\": \"transpose_copy\", \"dtype\": \"float32\", \"samples\": 3, \"diffs\": [], \"errors\": [], \"verdict\": \"ok\"}\n"}
,{"stream_name":"stdout","time":1976.689108493,"data":"{\"op\": \"transpose_copy\", \"dtype\": \"float64\", \"samples\": 3, \"diffs\": [], \"errors\": [], \"verdict\": \"ok\"}\n"}
,{"stream_name":"stdout","time":1976.689113234,"data":"{\"op\": \"T\", \"dtype\": \"float32\", \"samples\": 2, \"diffs\": [], \"errors\": [], \"verdict\": \"ok\"}\n"}
,{"stream_name":"stdout","time":1976.689117598,"data":"{\"op\": \"T\", \"dtype\": \"float64\", \"samples\": 2, \"diffs\": [], \"errors\": [], \"verdict\": \"ok\"}\n"}
,{"stream_name":"stdout","time":1976.689121772,"data":"{\"op\": \"H\", \"dtype\": \"float32\", \"samples\": 2, \"diffs\": [], \"errors\": [], \"verdict\": \"ok\"}\n"}
,{"stream_name":"stdout","time":1976.689126263,"data":"{\"op\": \"H\", \"dtype\": \"float64\", \"samples\": 2, \"diffs\": [], \"errors\": [], \"verdict\": \"ok\"}\n"}
,{"stream_name":"stdout","time":1976.689130339,"data":"{\"op\": \"mT\", \"dtype\": \"float32\", \"samples\": 3, \"diffs\": [], \"errors\": [], \"verdict\": \"ok\"}\n"}
,{"stream_name":"stdout","time":1976.689134482,"data":"{\"op\": \"mT\", \"dtype\": \"float64\", \"samples\": 3, \"diffs\": [], \"errors\": [], \"verdict\": \"ok\"}\n"}
,{"stream_name":"stdout","time":1976.689139292,"data":"{\"op\": \"mH\", \"dtype\": \"float32\", \"samples\": 3, \"diffs\": [], \"errors\": [], \"verdict\": \"ok\"}\n"}
,{"stream_name":"stdout","time":1976.689143601,"data":"{\"op\": \"mH\", \"dtype\": \"float64\", \"samples\": 3, \"diffs\": [], \"errors\": [], \"verdict\": \"ok\"}\n"}
,{"stream_name":"stdout","time":1976.689147769,"data":"{\"op\": \"tril\", \"dtype\": \"float32\", \"samples\": 3, \"diffs\": [], \"errors\": [], \"verdict\": \"ok\"}\n"}
,{"stream_name":"stdout","time":1976.689152649,"data":"{\"op\": \"tril\", \"dtype\": \"float64\", \"samples\": 3, \"diffs\": [], \"errors\": [], \"verdict\": \"ok\"}\n"}
,{"stream_name":"stdout","time":1976.689156966,"data":"{\"op\": \"triu\", \"dtype\": \"float32\", \"samples\": 3, \"diffs\": [], \"errors\": [], \"verdict\": \"ok\"}\n"}
,{"stream_name":"stdout","time":1976.689161151,"data":"{\"op\": \"triu\", \"dtype\": \"float64\", \"samples\": 3, \"diffs\": [], \"errors\": [], \"verdict\": \"ok\"}\n"}
,{"stream_name":"stdout","time":1976.689165459,"data":"{\"op\": \"kron\", \"dtype\": \"float32\", \"samples\": 1, \"diffs\": [], \"errors\": [], \"verdict\": \"ok\"}\n"}
,{"stream_name":"stdout","time":1976.689169913,"data":"{\"op\": \"kron\", \"dtype\": \"float64\", \"samples\": 1, \"diffs\": [], \"errors\": [], \"verdict\": \"ok\"}\n"}
,{"stream_name":"stdout","time":1976.689174384,"data":"{\"op\": \"inner\", \"dtype\": \"float32\", \"samples\": 2, \"diffs\": [], \"errors\": [], \"verdict\": \"ok\"}\n"}
,{"stream_name":"stdout","time":1976.68917928,"data":"{\"op\": \"inner\", \"dtype\": \"float64\", \"samples\": 2, \"diffs\": [], \"errors\": [], \"verdict\": \"ok\"}\n"}
,{"stream_name":"stdout","time":1976.689183603,"data":"{\"op\": \"tensordot\", \"dtype\": \"float32\", \"samples\": 3, \"diffs\": [], \"errors\": [], \"verdict\": \"ok\"}\n"}
,{"stream_name":"stdout","time":1976.689189333,"data":"{\"op\": \"tensordot\", \"dtype\": \"float64\", \"samples\": 3, \"diffs\": [], \"errors\": [], \"verdict\": \"ok\"}\n"}
,{"stream_name":"stdout","time":1976.689194065,"data":"{\"op\": \"to_sparse\", \"dtype\": \"float32\", \"verdict\": \"TOOL_ERROR\", \"diffs\": [], \"errors\": [\"aten/src/ATen/functorch/DynamicLayer.cpp:475 [backend fallback]\\nPreDispatch: registered at /__w/pytorch/pytorch/aten/src/ATen/core/PythonFallbackKernel.cpp:204 [backend fallback]\\nPythonDispatcher: registered at /__w/pytorch/pytorch/aten/src/ATen/core/PythonFallbackKernel.cpp:196 [backend fallback]\\n\\n\"]}\n"}
,{"stream_name":"stdout","time":1976.68920394,"data":"{\"op\": \"to_sparse\", \"dtype\": \"float64\", \"verdict\": \"TOOL_ERROR\", \"diffs\": [], \"errors\": [\"aten/src/ATen/functorch/DynamicLayer.cpp:475 [backend fallback]\\nPreDispatch: registered at /__w/pytorch/pytorch/aten/src/ATen/core/PythonFallbackKernel.cpp:204 [backend fallback]\\nPythonDispatcher: registered at /__w/pytorch/pytorch/aten/src/ATen/core/PythonFallbackKernel.cpp:196 [backend fallback]\\n\\n\"]}\n"}
,{"stream_name":"stdout","time":1976.689210241,"data":"{\"op\": \"logcumsumexp\", \"dtype\": \"float32\", \"samples\": 3, \"diffs\": [], \"errors\": [], \"verdict\": \"ok\"}\n"}
,{"stream_name":"stdout","time":1976.689214329,"data":"{\"op\": \"logcumsumexp\", \"dtype\": \"float64\", \"samples\": 3, \"diffs\": [], \"errors\": [], \"verdict\": \"ok\"}\n"}
,{"stream_name":"stdout","time":1976.689218758,"data":"{\"op\": \"sigmoid\", \"dtype\": \"float32\", \"samples\": 3, \"diffs\": [], \"errors\": [], \"verdict\": \"ok\"}\n"}
,{"stream_name":"stdout","time":1976.689223744,"data":"{\"op\": \"sigmoid\", \"dtype\": \"float64\", \"samples\": 3, \"diffs\": [], \"errors\": [], \"verdict\": \"ok\"}\n"}
,{"stream_name":"stdout","time":1976.689228045,"data":"{\"op\": \"digamma\", \"dtype\": \"float32\", \"samples\": 3, \"diffs\": [], \"errors\": [], \"verdict\": \"ok\"}\n"}
,{"stream_name":"stdout","time":1976.689232433,"data":"{\"op\": \"digamma\", \"dtype\": \"float64\", \"samples\": 3, \"diffs\": [], \"errors\": [], \"verdict\": \"ok\"}\n"}
,{"stream_name":"stdout","time":1976.689237146,"data":"{\"op\": \"erf\", \"dtype\": \"float32\", \"samples\": 1, \"diffs\": [], \"errors\": [], \"verdict\": \"ok\"}\n"}
,{"stream_name":"stdout","time":1976.689241861,"data":"{\"op\": \"erf\", \"dtype\": \"float64\", \"samples\": 1, \"diffs\": [], \"errors\": [], \"verdict\": \"ok\"}\n"}
,{"stream_name":"stdout","time":1976.689246379,"data":"{\"op\": \"erfc\", \"dtype\": \"float32\", \"samples\": 3, \"diffs\": [], \"errors\": [], \"verdict\": \"ok\"}\n"}
,{"stream_name":"stdout","time":1976.689250535,"data":"{\"op\": \"erfc\", \"dtype\": \"float64\", \"samples\": 3, \"diffs\": [], \"errors\": [], \"verdict\": \"ok\"}\n"}
,{"stream_name":"stdout","time":1976.689254867,"data":"{\"op\": \"erfinv\", \"dtype\": \"float32\", \"samples\": 1, \"diffs\": [], \"errors\": [], \"verdict\": \"ok\"}\n"}
,{"stream_name":"stdout","time":1976.689259073,"data":"{\"op\": \"erfinv\", \"dtype\": \"float64\", \"samples\": 1, \"diffs\": [], \"errors\": [], \"verdict\": \"ok\"}\n"}
,{"stream_name":"stdout","time":1976.689263479,"data":"{\"op\": \"nn.functional.smooth_l1_loss\", \"dtype\": \"float32\", \"samples\": 3, \"diffs\": [], \"errors\": [], \"verdict\": \"ok\"}\n"}
,{"stream_name":"stdout","time":1976.689267787,"data":"{\"op\": \"nn.functional.smooth_l1_loss\", \"dtype\": \"float64\", \"samples\": 3, \"diffs\": [], \"errors\": [], \"verdict\": \"ok\"}\n"}
,{"stream_name":"stdout","time":1976.68927272,"data":"{\"op\": \"nn.functional.l1_loss\", \"dtype\": \"float32\", \"samples\": 3, \"diffs\": [], \"errors\": [], \"verdict\": \"ok\"}\n"}
,{"stream_name":"stdout","time":1976.689276906,"data":"{\"op\": \"nn.functional.l1_loss\", \"dtype\": \"float64\", \"samples\": 3, \"diffs\": [], \"errors\": [], \"verdict\": \"ok\"}\n"}
,{"stream_name":"stdout","time":1976.689281166,"data":"{\"op\": \"lgamma\", \"dtype\": \"float32\", \"samples\": 3, \"diffs\": [], \"errors\": [], \"verdict\": \"ok\"}\n"}
,{"stream_name":"stdout","time":1976.689285865,"data":"{\"op\": \"lgamma\", \"dtype\": \"float64\", \"samples\": 3, \"diffs\": [], \"errors\": [], \"verdict\": \"ok\"}\n"}
,{"stream_name":"stdout","time":1976.689293081,"data":"{\"op\": \"log_softmax\", \"dtype\": \"float32\", \"samples\": 3, \"diffs\": [], \"errors\": [], \"verdict\": \"ok\"}\n"}
,{"stream_name":"stdout","time":1976.689298305,"data":"{\"op\": \"log_softmax\", \"dtype\": \"float64\", \"samples\": 3, \"diffs\": [], \"errors\": [], \"verdict\": \"ok\"}\n"}
,{"stream_name":"stdout","time":1976.689303384,"data":"{\"op\": \"log_softmax\", \"dtype\": \"float32\", \"samples\": 3, \"diffs\": [], \"errors\": [], \"verdict\": \"ok\"}\n"}
,{"stream_name":"stdout","time":1976.689308016,"data":"{\"op\": \"log_softmax\", \"dtype\": \"float64\", \"samples\": 3, \"diffs\": [], \"errors\": [], \"verdict\": \"ok\"}\n"}
,{"stream_name":"stdout","time":1976.689313366,"data":"{\"op\": \"logit\", \"dtype\": \"float32\", \"samples\": 3, \"diffs\": [], \"errors\": [], \"verdict\": \"ok\"}\n"}
,{"stream_name":"stdout","time":1976.689317871,"data":"{\"op\": \"logit\", \"dtype\": \"float64\", \"samples\": 3, \"diffs\": [], \"errors\": [], \"verdict\": \"ok\"}\n"}
,{"stream_name":"stdout","time":1976.689322471,"data":"{\"op\": \"where\", \"dtype\": \"float32\", \"samples\": 3, \"diffs\": [], \"errors\": [], \"verdict\": \"ok\"}\n"}
,{"stream_name":"stdout","time":1976.689326915,"data":"{\"op\": \"where\", \"dtype\": \"float64\", \"samples\": 3, \"diffs\": [], \"errors\": [], \"verdict\": \"ok\"}\n"}
,{"stream_name":"stdout","time":1976.689332373,"data":"{\"op\": \"jiterator_unary\", \"dtype\": \"float32\", \"samples\": 3, \"diffs\": [], \"errors\": [], \"verdict\": \"ok\"}\n"}
,{"stream_name":"stdout","time":1976.689337025,"data":"{\"op\": \"jiterator_unary\", \"dtype\": \"float64\", \"samples\": 3, \"diffs\": [], \"errors\": [], \"verdict\": \"ok\"}\n"}
,{"stream_name":"stdout","time":1976.689341772,"data":"{\"op\": \"jiterator_binary\", \"dtype\": \"float32\", \"samples\": 3, \"diffs\": [], \"errors\": [], \"verdict\": \"ok\"}\n"}
,{"stream_name":"stdout","time":1976.689346506,"data":"{\"op\": \"jiterator_binary\", \"dtype\": \"float64\", \"samples\": 3, \"diffs\": [], \"errors\": [], \"verdict\": \"ok\"}\n"}
,{"stream_name":"stdout","time":1976.689350989,"data":"{\"op\": \"jiterator_4inputs_with_extra_args\", \"dtype\": \"float32\", \"samples\": 3, \"diffs\": [], \"errors\": [], \"verdict\": \"ok\"}\n"}
,{"stream_name":"stdout","time":1976.68935562,"data":"{\"op\": \"jiterator_4inputs_with_extra_args\", \"dtype\": \"float64\", \"samples\": 3, \"diffs\": [], \"errors\": [], \"verdict\": \"ok\"}\n"}
,{"stream_name":"stdout","time":1976.689360165,"data":"{\"op\": \"jiterator_binary_return_by_ref\", \"dtype\": \"float32\", \"samples\": 3, \"diffs\": [], \"errors\": [], \"verdict\": \"ok\"}\n"}
,{"stream_name":"stdout","time":1976.689364862,"data":"{\"op\": \"jiterator_binary_return_by_ref\", \"dtype\": \"float64\", \"samples\": 3, \"diffs\": [], \"errors\": [], \"verdict\": \"ok\"}\n"}
,{"stream_name":"stdout","time":1976.689369498,"data":"{\"op\": \"jiterator_2inputs_2outputs\", \"dtype\": \"float32\", \"samples\": 3, \"diffs\": [], \"errors\": [], \"verdict\": \"ok\"}\n"}
,{"stream_name":"stdout","time":1976.689374813,"data":"{\"op\": \"jiterator_2inputs_2outputs\", \"dtype\": \"float64\", \"samples\": 3, \"diffs\": [], \"errors\": [], \"verdict\": \"ok\"}\n"}
,{"stream_name":"stdout","time":1976.689380021,"data":"{\"op\": \"norm\", \"dtype\": \"float32\", \"samples\": 3, \"diffs\": [], \"errors\": [], \"verdict\": \"ok\"}\n"}
,{"stream_name":"stdout","time":1976.689384608,"data":"{\"op\": \"norm\", \"dtype\": \"float64\", \"samples\": 3, \"diffs\": [], \"errors\": [], \"verdict\": \"ok\"}\n"}
,{"stream_name":"stdout","time":1976.689389201,"data":"{\"op\": \"norm\", \"dtype\": \"float32\", \"samples\": 2, \"diffs\": [], \"errors\": [], \"verdict\": \"ok\"}\n"}
,{"stream_name":"stdout","time":1976.689393874,"data":"{\"op\": \"norm\", \"dtype\": \"float64\", \"samples\": 2, \"diffs\": [], \"errors\": [], \"verdict\": \"ok\"}\n"}
,{"stream_name":"stdout","time":1976.689402206,"data":"{\"op\": \"norm\", \"dtype\": \"float32\", \"samples\": 3, \"diffs\": [], \"errors\": [], \"verdict\": \"ok\"}\n"}
,{"stream_name":"stdout","time":1976.689407028,"data":"{\"op\": \"norm\", \"dtype\": \"float64\", \"samples\": 3, \"diffs\": [], \"errors\": [], \"verdict\": \"ok\"}\n"}
,{"stream_name":"stdout","time":1976.689411738,"data":"{\"op\": \"norm\", \"dtype\": \"float32\", \"samples\": 3, \"diffs\": [], \"errors\": [], \"verdict\": \"ok\"}\n"}
,{"stream_name":"stdout","time":1976.689416095,"data":"{\"op\": \"norm\", \"dtype\": \"float64\", \"samples\": 3, \"diffs\": [], \"errors\": [], \"verdict\": \"ok\"}\n"}
,{"stream_name":"stdout","time":1976.689420591,"data":"{\"op\": \"t\", \"dtype\": \"float32\", \"samples\": 3, \"diffs\": [], \"errors\": [], \"verdict\": \"ok\"}\n"}
,{"stream_name":"stdout","time":1976.689424995,"data":"{\"op\": \"t\", \"dtype\": \"float64\", \"samples\": 3, \"diffs\": [], \"errors\": [], \"verdict\": \"ok\"}\n"}
,{"stream_name":"stdout","time":1976.689429403,"data":"{\"op\": \"t_copy\", \"dtype\": \"float32\", \"samples\": 3, \"diffs\": [], \"errors\": [], \"verdict\": \"ok\"}\n"}
,{"stream_name":"stdout","time":1976.689434035,"data":"{\"op\": \"t_copy\", \"dtype\": \"float64\", \"samples\": 3, \"diffs\": [], \"errors\": [], \"verdict\": \"ok\"}\n"}
,{"stream_name":"stdout","time":1976.689438888,"data":"{\"op\": \"nn.functional.embedding\", \"dtype\": \"float32\", \"samples\": 3, \"diffs\": [], \"errors\": [], \"verdict\": \"ok\"}\n"}
,{"stream_name":"stdout","time":1976.689443673,"data":"{\"op\": \"nn.functional.embedding\", \"dtype\": \"float64\", \"samples\": 3, \"diffs\": [], \"errors\": [], \"verdict\": \"ok\"}\n"}
,{"stream_name":"stdout","time":1976.689448865,"data":"{\"op\": \"nn.functional.multi_head_attention_forward\", \"dtype\": \"float32\", \"samples\": 3, \"diffs\": [], \"errors\": [], \"verdict\": \"ok\"}\n"}
,{"stream_name":"stdout","time":1976.689454742,"data":"{\"op\": \"nn.functional.multi_head_attention_forward\", \"dtype\": \"float64\", \"samples\": 3, \"diffs\": [], \"errors\": [], \"verdict\": \"ok\"}\n"}
,{"stream_name":"stdout","time":1976.689459819,"data":"{\"op\": \"nn.functional.mse_loss\", \"dtype\": \"float32\", \"samples\": 3, \"diffs\": [], \"errors\": [], \"verdict\": \"ok\"}\n"}
,{"stream_name":"stdout","time":1976.68946412,"data":"{\"op\": \"nn.functional.mse_loss\", \"dtype\": \"float64\", \"samples\": 3, \"diffs\": [], \"errors\": [], \"verdict\": \"ok\"}\n"}
,{"stream_name":"stdout","time":1976.689469078,"data":"{\"op\": \"grid_sampler_2d\", \"dtype\": \"float32\", \"samples\": 3, \"diffs\": [{\"i\": 0, \"class\": \"VALUE\", \"detail\": \"nan pattern at [0, 0, 0, 4]: eager nan compiled 0.0\", \"repr\": \"SampleInput(input=tensor([[[[-1.8841e+00, -3.9241e-01, -9.6062e-01, -5.3343e-01, -1.7668e+00,\\n            8.0258e-01, -1.7928e+00, -1.2744e-01,  6.9522e-01, -6.7415e-01,\\n            1.1348e+00,  2.5225e-01,  1.0994e+00,  1.2832e+00, -8.8289e-01,\\n            7.2684e-01, -8.6530e-01,  6.2692e-01, -1.0\"}, {\"i\": 1, \"class\": \"VALUE\", \"detail\": \"nan pattern at [0, 0, 0, 4]: eager nan compiled 0.0\", \"repr\": \"SampleInput(input=tensor([[[[-1.8841e+00, -3.9241e-01, -9.6062e-01, -5.3343e-01, -1.7668e+00,\\n            8.0258e-01, -1.7928e+00, -1.2744e-01,  6.9522e-01, -6.7415e-01,\\n            1.1348e+00,  2.5225e-01,  1.0994e+00,  1.2832e+00, -8.8289e-01,\\n            7.2684e-01, -8.6530e-01,  6.2692e-01, -1.0\"}, {\"i\": 2, \"class\": \"VALUE\", \"detail\": \"value rel 1: eager -0.9999998807907104 compiled -0.0\", \"repr\": \"SampleInput(input=tensor([[[[-1.8841e+00, -3.9241e-01, -9.6062e-01, -5.3343e-01, -1.7668e+00,\\n            8.0258e-01, -1.7928e+00, -1.2744e-01,  6.9522e-01, -6.7415e-01,\\n            1.1348e+00,  2.5225e-01,  1.0994e+00,  1.2832e+00, -8.8289e-01,\\n            7.2684e-01, -8.6530e-01,  6.2692e-01, -1.0\"}], \"errors\": [], \"verdict\": \"DIFF:VALUE\"}\n"}
,{"stream_name":"stdout","time":1976.689484342,"data":"{\"op\": \"grid_sampler_2d\", \"dtype\": \"float64\", \"samples\": 3, \"diffs\": [{\"i\": 0, \"class\": \"VALUE\", \"detail\": \"nan pattern at [0, 0, 0, 4]: eager nan compiled 0.0\", \"repr\": \"SampleInput(input=tensor([[[[-1.0727, -1.6850, -0.1344, -0.3425, -0.4382, -0.9213, -1.2048,\\n           -1.0631, -0.9224,  1.6402,  1.2391, -1.8479,  0.9284,  0.4550,\\n           -0.9058, -0.6808, -0.7427, -1.2088,  0.9957,  0.5967],\\n          [-0.8541, -0.6746, -0.4769, -0.5937, -1.7163, -1.9103, -0.\"}, {\"i\": 1, \"class\": \"VALUE\", \"detail\": \"nan pattern at [0, 0, 0, 4]: eager nan compiled 0.0\", \"repr\": \"SampleInput(input=tensor([[[[-1.0727, -1.6850, -0.1344, -0.3425, -0.4382, -0.9213, -1.2048,\\n           -1.0631, -0.9224,  1.6402,  1.2391, -1.8479,  0.9284,  0.4550,\\n           -0.9058, -0.6808, -0.7427, -1.2088,  0.9957,  0.5967],\\n          [-0.8541, -0.6746, -0.4769, -0.5937, -1.7163, -1.9103, -0.\"}, {\"i\": 2, \"class\": \"VALUE\", \"detail\": \"value rel 1: eager -0.9999999999999998 compiled -0.0\", \"repr\": \"SampleInput(input=tensor([[[[-1.0727, -1.6850, -0.1344, -0.3425, -0.4382, -0.9213, -1.2048,\\n           -1.0631, -0.9224,  1.6402,  1.2391, -1.8479,  0.9284,  0.4550,\\n           -0.9058, -0.6808, -0.7427, -1.2088,  0.9957,  0.5967],\\n          [-0.8541, -0.6746, -0.4769, -0.5937, -1.7163, -1.9103, -0.\"}], \"errors\": [], \"verdict\": \"DIFF:VALUE\"}\n"}
,{"stream_name":"stdout","time":1976.689496027,"data":"{\"op\": \"grid_sampler_3d\", \"dtype\": \"float32\", \"samples\": 3, \"diffs\": [], \"errors\": [], \"verdict\": \"ok\"}\n"}
,{"stream_name":"stdout","time":1976.6895005,"data":"{\"op\": \"grid_sampler_3d\", \"dtype\": \"float64\", \"samples\": 3, \"diffs\": [], \"errors\": [], \"verdict\": \"ok\"}\n"}
,{"stream_name":"stdout","time":1976.689505631,"data":"{\"op\": \"all\", \"dtype\": \"float32\", \"samples\": 3, \"diffs\": [], \"errors\": [], \"verdict\": \"ok\"}\n"}
,{"stream_name":"stdout","time":1976.689510138,"data":"{\"op\": \"all\", \"dtype\": \"float64\", \"samples\": 3, \"diffs\": [], \"errors\": [], \"verdict\": \"ok\"}\n"}
,{"stream_name":"stdout","time":1976.689514836,"data":"{\"op\": \"any\", \"dtype\": \"float32\", \"samples\": 3, \"diffs\": [], \"errors\": [], \"verdict\": \"ok\"}\n"}
,{"stream_name":"stdout","time":1976.689519434,"data":"{\"op\": \"any\", \"dtype\": \"float64\", \"samples\": 3, \"diffs\": [], \"errors\": [], \"verdict\": \"ok\"}\n"}
,{"stream_name":"stdout","time":1976.689523681,"data":"{\"op\": \"amax\", \"dtype\": \"float32\", \"samples\": 3, \"diffs\": [], \"errors\": [], \"verdict\": \"ok\"}\n"}
,{"stream_name":"stdout","time":1976.689528489,"data":"{\"op\": \"amax\", \"dtype\": \"float64\", \"samples\": 3, \"diffs\": [], \"errors\": [], \"verdict\": \"ok\"}\n"}
,{"stream_name":"stdout","time":1976.689533311,"data":"{\"op\": \"amin\", \"dtype\": \"float32\", \"samples\": 3, \"diffs\": [], \"errors\": [], \"verdict\": \"ok\"}\n"}
,{"stream_name":"stdout","time":1976.689538259,"data":"{\"op\": \"amin\", \"dtype\": \"float64\", \"samples\": 3, \"diffs\": [], \"errors\": [], \"verdict\": \"ok\"}\n"}
,{"stream_name":"stdout","time":1976.689543191,"data":"{\"op\": \"argmax\", \"dtype\": \"float32\", \"samples\": 3, \"diffs\": [], \"errors\": [], \"verdict\": \"ok\"}\n"}
,{"stream_name":"stdout","time":1976.68954822,"data":"{\"op\": \"argmax\", \"dtype\": \"float64\", \"samples\": 3, \"diffs\": [], \"errors\": [], \"verdict\": \"ok\"}\n"}
,{"stream_name":"stdout","time":1976.689553291,"data":"{\"op\": \"argmin\", \"dtype\": \"float32\", \"samples\": 3, \"diffs\": [], \"errors\": [], \"verdict\": \"ok\"}\n"}
,{"stream_name":"stdout","time":1976.689557787,"data":"{\"op\": \"argmin\", \"dtype\": \"float64\", \"samples\": 3, \"diffs\": [], \"errors\": [], \"verdict\": \"ok\"}\n"}
,{"stream_name":"stdout","time":1976.689566661,"data":"{\"op\": \"mean\", \"dtype\": \"float32\", \"samples\": 3, \"diffs\": [], \"errors\": [], \"verdict\": \"ok\"}\n"}
,{"stream_name":"stdout","time":1976.689570777,"data":"{\"op\": \"mean\", \"dtype\": \"float64\", \"samples\": 3, \"diffs\": [], \"errors\": [], \"verdict\": \"ok\"}\n"}
,{"stream_name":"stdout","time":1976.689574972,"data":"{\"op\": \"nanmean\", \"dtype\": \"float32\", \"samples\": 3, \"diffs\": [], \"errors\": [], \"verdict\": \"ok\"}\n"}
,{"stream_name":"stdout","time":1976.689580208,"data":"{\"op\": \"nanmean\", \"dtype\": \"float64\", \"samples\": 3, \"diffs\": [], \"errors\": [], \"verdict\": \"ok\"}\n"}
,{"stream_name":"stdout","time":1976.68958461,"data":"{\"op\": \"std\", \"dtype\": \"float32\", \"samples\": 3, \"diffs\": [{\"i\": 1, \"class\": \"VALUE\", \"detail\": \"inf at [0, 1]: eager 1.5217888883258408e+38 compiled inf\", \"repr\": \"SampleInput(input=tensor([[[-8.4784, -1.7658, -4.3228, -2.4005, -7.9506],\\n         [ 3.6116, -8.0676, -0.5735,  3.1285, -3.0337],\\n         [ 5.1067,  1.1351,  4.9473,  5.7744, -3.9730],\\n         [ 3.2708, -3.8939,  2.8211, -4.7024,  4.1631],\\n         [ 1.8220, -3.5221, -4.4145,  2.3285,  8.3972]],\\n\\n\"}, {\"i\": 2, \"class\": \"VALUE\", \"detail\": \"inf at [0, 0, 1]: eager 1.5217888883258408e+38 compiled inf\", \"repr\": \"SampleInput(input=tensor([[[-8.4784, -1.7658, -4.3228, -2.4005, -7.9506],\\n         [ 3.6116, -8.0676, -0.5735,  3.1285, -3.0337],\\n         [ 5.1067,  1.1351,  4.9473,  5.7744, -3.9730],\\n         [ 3.2708, -3.8939,  2.8211, -4.7024,  4.1631],\\n         [ 1.8220, -3.5221, -4.4145,  2.3285,  8.3972]],\\n\\n\"}], \"errors\": [], \"verdict\": \"DIFF:VALUE\"}\n"}
,{"stream_name":"stdout","time":1976.689593894,"data":"{\"op\": \"std\", \"dtype\": \"float64\", \"samples\": 3, \"diffs\": [], \"errors\": [], \"verdict\": \"ok\"}\n"}
,{"stream_name":"stdout","time":1976.689598303,"data":"{\"op\": \"std\", \"dtype\": \"float32\", \"samples\": 3, \"diffs\": [], \"errors\": [], \"verdict\": \"ok\"}\n"}
,{"stream_name":"stdout","time":1976.689603295,"data":"{\"op\": \"std\", \"dtype\": \"float64\", \"samples\": 3, \"diffs\": [], \"errors\": [], \"verdict\": \"ok\"}\n"}
,{"stream_name":"stdout","time":1976.689608348,"data":"{\"op\": \"var\", \"dtype\": \"float32\", \"samples\": 3, \"diffs\": [], \"errors\": [], \"verdict\": \"ok\"}\n"}
,{"stream_name":"stdout","time":1976.689613063,"data":"{\"op\": \"var\", \"dtype\": \"float64\", \"samples\": 3, \"diffs\": [], \"errors\": [], \"verdict\": \"ok\"}\n"}
,{"stream_name":"stdout","time":1976.689618215,"data":"{\"op\": \"var\", \"dtype\": \"float32\", \"samples\": 3, \"diffs\": [], \"errors\": [], \"verdict\": \"ok\"}\n"}
,{"stream_name":"stdout","time":1976.689623267,"data":"{\"op\": \"var\", \"dtype\": \"float64\", \"samples\": 3, \"diffs\": [], \"errors\": [], \"verdict\": \"ok\"}\n"}
,{"stream_name":"stdout","time":1976.689628163,"data":"{\"op\": \"prod\", \"dtype\": \"float32\", \"samples\": 3, \"diffs\": [], \"errors\": [], \"verdict\": \"ok\"}\n"}
,{"stream_name":"stdout","time":1976.689633236,"data":"{\"op\": \"prod\", \"dtype\": \"float64\", \"samples\": 3, \"diffs\": [], \"errors\": [], \"verdict\": \"ok\"}\n"}
,{"stream_name":"stdout","time":1976.689638017,"data":"{\"op\": \"sum\", \"dtype\": \"float32\", \"samples\": 3, \"diffs\": [], \"errors\": [], \"verdict\": \"ok\"}\n"}
,{"stream_name":"stdout","time":1976.689642569,"data":"{\"op\": \"sum\", \"dtype\": \"float64\", \"samples\": 3, \"diffs\": [], \"errors\": [], \"verdict\": \"ok\"}\n"}
,{"stream_name":"stdout","time":1976.689647445,"data":"{\"op\": \"nansum\", \"dtype\": \"float32\", \"samples\": 3, \"diffs\": [], \"errors\": [], \"verdict\": \"ok\"}\n"}
,{"stream_name":"stdout","time":1976.689652268,"data":"{\"op\": \"nansum\", \"dtype\": \"float64\", \"samples\": 3, \"diffs\": [], \"errors\": [], \"verdict\": \"ok\"}\n"}
,{"stream_name":"stdout","time":1976.689659993,"data":"{\"op\": \"hash_tensor\", \"dtype\": \"float32\", \"samples\": 3, \"diffs\": [], \"errors\": [], \"verdict\": \"ok\"}\n"}
,{"stream_name":"stdout","time":1976.689664797,"data":"{\"op\": \"hash_tensor\", \"dtype\": \"float64\", \"samples\": 3, \"diffs\": [], \"errors\": [], \"verdict\": \"ok\"}\n"}
,{"stream_name":"stdout","time":1976.689669373,"data":"{\"op\": \"nn.functional.cosine_embedding_loss\", \"dtype\": \"float32\", \"samples\": 3, \"diffs\": [], \"errors\": [], \"verdict\": \"ok\"}\n"}
,{"stream_name":"stdout","time":1976.68967416,"data":"{\"op\": \"nn.functional.cosine_embedding_loss\", \"dtype\": \"float64\", \"samples\": 3, \"diffs\": [], \"errors\": [], \"verdict\": \"ok\"}\n"}
,{"stream_name":"stdout","time":1976.68967913,"data":"{\"op\": \"nn.functional.nll_loss\", \"dtype\": \"float32\", \"samples\": 3, \"diffs\": [], \"errors\": [], \"verdict\": \"ok\"}\n"}
,{"stream_name":"stdout","time":1976.689684005,"data":"{\"op\": \"nn.functional.nll_loss\", \"dtype\": \"float64\", \"samples\": 3, \"diffs\": [], \"errors\": [], \"verdict\": \"ok\"}\n"}
,{"stream_name":"stdout","time":1976.689688864,"data":"{\"op\": \"nn.functional.gaussian_nll_loss\", \"dtype\": \"float32\", \"samples\": 3, \"diffs\": [], \"errors\": [], \"verdict\": \"ok\"}\n"}
,{"stream_name":"stdout","time":1976.689693904,"data":"{\"op\": \"nn.functional.gaussian_nll_loss\", \"dtype\": \"float64\", \"samples\": 3, \"diffs\": [], \"errors\": [], \"verdict\": \"ok\"}\n"}
,{"stream_name":"stdout","time":1976.689698589,"data":"{\"op\": \"nn.functional.hinge_embedding_loss\", \"dtype\": \"float32\", \"samples\": 3, \"diffs\": [], \"errors\": [], \"verdict\": \"ok\"}\n"}
,{"stream_name":"stdout","time":1976.689703278,"data":"{\"op\": \"nn.functional.hinge_embedding_loss\", \"dtype\": \"float64\", \"samples\": 3, \"diffs\": [], \"errors\": [], \"verdict\": \"ok\"}\n"}
,{"stream_name":"stdout","time":1976.689707458,"data":"{\"op\": \"nn.functional.huber_loss\", \"dtype\": \"float32\", \"samples\": 3, \"diffs\": [], \"errors\": [], \"verdict\": \"ok\"}\n"}
,{"stream_name":"stdout","time":1976.689712605,"data":"{\"op\": \"nn.functional.huber_loss\", \"dtype\": \"float64\", \"samples\": 3, \"diffs\": [], \"errors\": [], \"verdict\": \"ok\"}\n"}
,{"stream_name":"stdout","time":1976.689718114,"data":"{\"op\": \"nn.functional.pdist\", \"dtype\": \"float32\", \"samples\": 3, \"diffs\": [], \"errors\": [], \"verdict\": \"ok\"}\n"}
,{"stream_name":"stdout","time":1976.689723352,"data":"{\"op\": \"nn.functional.pdist\", \"dtype\": \"float64\", \"samples\": 3, \"diffs\": [], \"errors\": [], \"verdict\": \"ok\"}\n"}
,{"stream_name":"stdout","time":1976.689727704,"data":"{\"op\": \"repeat_interleave\", \"dtype\": \"float32\", \"samples\": 3, \"diffs\": [], \"errors\": [], \"verdict\": \"ok\"}\n"}
,{"stream_name":"stdout","time":1976.689732044,"data":"{\"op\": \"repeat_interleave\", \"dtype\": \"float64\", \"samples\": 3, \"diffs\": [], \"errors\": [], \"verdict\": \"ok\"}\n"}
,{"stream_name":"stdout","time":1976.68973671,"data":"{\"op\": \"nn.functional.pairwise_distance\", \"dtype\": \"float32\", \"samples\": 3, \"diffs\": [], \"errors\": [], \"verdict\": \"ok\"}\n"}
,{"stream_name":"stdout","time":1976.689741531,"data":"{\"op\": \"nn.functional.pairwise_distance\", \"dtype\": \"float64\", \"samples\": 3, \"diffs\": [], \"errors\": [], \"verdict\": \"ok\"}\n"}
,{"stream_name":"stdout","time":1976.689745752,"data":"{\"op\": \"nn.functional.pixel_shuffle\", \"dtype\": \"float32\", \"samples\": 3, \"diffs\": [], \"errors\": [], \"verdict\": \"ok\"}\n"}
,{"stream_name":"stdout","time":1976.689750355,"data":"{\"op\": \"nn.functional.pixel_shuffle\", \"dtype\": \"float64\", \"samples\": 3, \"diffs\": [], \"errors\": [], \"verdict\": \"ok\"}\n"}
,{"stream_name":"stdout","time":1976.689758579,"data":"{\"op\": \"nn.functional.pixel_unshuffle\", \"dtype\": \"float32\", \"samples\": 3, \"diffs\": [], \"errors\": [], \"verdict\": \"ok\"}\n"}
,{"stream_name":"stdout","time":1976.689763036,"data":"{\"op\": \"nn.functional.pixel_unshuffle\", \"dtype\": \"float64\", \"samples\": 3, \"diffs\": [], \"errors\": [], \"verdict\": \"ok\"}\n"}
,{"stream_name":"stdout","time":1976.689768388,"data":"{\"op\": \"nn.functional.channel_shuffle\", \"dtype\": \"float32\", \"samples\": 3, \"diffs\": [], \"errors\": [], \"verdict\": \"ok\"}\n"}
,{"stream_name":"stdout","time":1976.689773299,"data":"{\"op\": \"nn.functional.channel_shuffle\", \"dtype\": \"float64\", \"samples\": 3, \"diffs\": [], \"errors\": [], \"verdict\": \"ok\"}\n"}
,{"stream_name":"stdout","time":1976.68977783,"data":"{\"op\": \"nn.functional.kl_div\", \"dtype\": \"float32\", \"samples\": 3, \"diffs\": [], \"errors\": [], \"verdict\": \"ok\"}\n"}
,{"stream_name":"stdout","time":1976.689781866,"data":"{\"op\": \"nn.functional.kl_div\", \"dtype\": \"float64\", \"samples\": 3, \"diffs\": [], \"errors\": [], \"verdict\": \"ok\"}\n"}
,{"stream_name":"stdout","time":1976.689786537,"data":"{\"op\": \"diagflat\", \"dtype\": \"float32\", \"samples\": 3, \"diffs\": [], \"errors\": [], \"verdict\": \"ok\"}\n"}
,{"stream_name":"stdout","time":1976.68979184,"data":"{\"op\": \"diagflat\", \"dtype\": \"float64\", \"samples\": 3, \"diffs\": [], \"errors\": [], \"verdict\": \"ok\"}\n"}
,{"stream_name":"stdout","time":1976.689795893,"data":"{\"op\": \"scatter_reduce\", \"dtype\": \"float32\", \"samples\": 3, \"diffs\": [], \"errors\": [], \"verdict\": \"ok\"}\n"}
,{"stream_name":"stdout","time":1976.689800271,"data":"{\"op\": \"scatter_reduce\", \"dtype\": \"float64\", \"samples\": 3, \"diffs\": [], \"errors\": [], \"verdict\": \"ok\"}\n"}
,{"stream_name":"stdout","time":1976.689804877,"data":"{\"op\": \"scatter_reduce\", \"dtype\": \"float32\", \"samples\": 3, \"diffs\": [], \"errors\": [], \"verdict\": \"ok\"}\n"}
,{"stream_name":"stdout","time":1976.689809959,"data":"{\"op\": \"scatter_reduce\", \"dtype\": \"float64\", \"samples\": 3, \"diffs\": [], \"errors\": [], \"verdict\": \"ok\"}\n"}
,{"stream_name":"stdout","time":1976.68981439,"data":"{\"op\": \"scatter_reduce\", \"dtype\": \"float32\", \"samples\": 3, \"diffs\": [], \"errors\": [], \"verdict\": \"ok\"}\n"}
,{"stream_name":"stdout","time":1976.689819254,"data":"{\"op\": \"scatter_reduce\", \"dtype\": \"float64\", \"samples\": 3, \"diffs\": [], \"errors\": [], \"verdict\": \"ok\"}\n"}
,{"stream_name":"stdout","time":1976.689824001,"data":"{\"op\": \"scatter_reduce\", \"dtype\": \"float32\", \"samples\": 3, \"diffs\": [], \"errors\": [], \"verdict\": \"ok\"}\n"}
,{"stream_name":"stdout","time":1976.689828977,"data":"{\"op\": \"scatter_reduce\", \"dtype\": \"float64\", \"samples\": 3, \"diffs\": [], \"errors\": [], \"verdict\": \"ok\"}\n"}
,{"stream_name":"stdout","time":1976.689833372,"data":"{\"op\": \"scatter_reduce\", \"dtype\": \"float32\", \"samples\": 3, \"diffs\": [], \"errors\": [], \"verdict\": \"ok\"}\n"}
,{"stream_name":"stdout","time":1976.689838156,"data":"{\"op\": \"scatter_reduce\", \"dtype\": \"float64\", \"samples\": 3, \"diffs\": [], \"errors\": [], \"verdict\": \"ok\"}\n"}
,{"stream_name":"stdout","time":1976.689843106,"data":"{\"op\": \"_segment_reduce\", \"dtype\": \"float32\", \"samples\": 3, \"diffs\": [], \"errors\": [], \"verdict\": \"ok\"}\n"}
,{"stream_name":"stdout","time":1976.689847182,"data":"{\"op\": \"_segment_reduce\", \"dtype\": \"float64\", \"samples\": 3, \"diffs\": [], \"errors\": [], \"verdict\": \"ok\"}\n"}
,{"stream_name":"stdout","time":1976.689851303,"data":"{\"op\": \"_segment_reduce\", \"dtype\": \"float32\", \"samples\": 3, \"diffs\": [], \"errors\": [], \"verdict\": \"ok\"}\n"}
,{"stream_name":"stdout","time":1976.689858918,"data":"{\"op\": \"_segment_reduce\", \"dtype\": \"float64\", \"samples\": 3, \"diffs\": [], \"errors\": [], \"verdict\": \"ok\"}\n"}
,{"stream_name":"stdout","time":1976.689863932,"data":"{\"op\": \"linalg.cross\", \"dtype\": \"float32\", \"samples\": 3, \"diffs\": [{\"i\": 1, \"class\": \"VALUE\", \"detail\": \"nan pattern at [0, 0, 1]: eager -inf compiled nan\", \"repr\": \"SampleInput(input=tensor([[[-8.4784, -1.7658, -4.3228, -2.4005, -7.9506],\\n         [ 3.6116, -8.0676, -0.5735,  3.1285, -3.0337],\\n         [ 5.1067,  1.1351,  4.9473,  5.7744, -3.9730]],\\n\\n        [[ 3.2708, -3.8939,  2.8211, -4.7024,  4.1631],\\n         [ 1.8220, -3.5221, -4.4145,  2.3285,  8.3972],\\n\"}], \"errors\": [], \"verdict\": \"DIFF:VALUE\"}\n"}
,{"stream_name":"stdout","time":1976.689873506,"data":"{\"op\": \"linalg.cross\", \"dtype\": \"float64\", \"samples\": 3, \"diffs\": [{\"i\": 1, \"class\": \"VALUE\", \"detail\": \"nan pattern at [0, 0, 1]: eager -inf compiled nan\", \"repr\": \"SampleInput(input=tensor([[[-4.8270, -7.5824, -0.6047, -1.5412, -1.9719],\\n         [-4.1460, -5.4215, -4.7842, -4.1508,  7.3808],\\n         [ 5.5761, -8.3157,  4.1776,  2.0474, -4.0760]],\\n\\n        [[-3.0637, -3.3422, -5.4398,  4.4805,  2.6850],\\n         [-3.8432, -3.0355, -2.1461, -2.6718, -7.7232],\\n\"}], \"errors\": [], \"verdict\": \"DIFF:VALUE\"}\n"}
,{"stream_name":"stdout","time":1976.689880616,"data":"{\"op\": \"linalg.diagonal\", \"dtype\": \"float32\", \"samples\": 3, \"diffs\": [], \"errors\": [], \"verdict\": \"ok\"}\n"}
,{"stream_name":"stdout","time":1976.68988525,"data":"{\"op\": \"linalg.diagonal\", \"dtype\": \"float64\", \"samples\": 3, \"diffs\": [], \"errors\": [], \"verdict\": \"ok\"}\n"}
,{"stream_name":"stdout","time":1976.689889402,"data":"{\"op\": \"linalg.vecdot\", \"dtype\": \"float32\", \"samples\": 3, \"diffs\": [], \"errors\": [], \"verdict\": \"ok\"}\n"}
,{"stream_name":"stdout","time":1976.689893972,"data":"{\"op\": \"linalg.vecdot\", \"dtype\": \"float64\", \"samples\": 3, \"diffs\": [], \"errors\": [], \"verdict\": \"ok\"}\n"}
,{"stream_name":"stdout","time":1976.689897959,"data":"{\"op\": \"linalg.cond\", \"dtype\": \"float32\", \"samples\": 3, \"diffs\": [], \"errors\": [], \"verdict\": \"ok\"}\n"}
,{"stream_name":"stdout","time":1976.689902743,"data":"{\"op\": \"linalg.cond\", \"dtype\": \"float64\", \"samples\": 3, \"diffs\": [], \"errors\": [], \"verdict\": \"ok\"}\n"}
,{"stream_name":"stdout","time":1976.689907234,"data":"{\"op\": \"linalg.householder_product\", \"dtype\": \"float32\", \"samples\": 3, \"diffs\": [], \"errors\": [], \"verdict\": \"ok\"}\n"}
,{"stream_name":"stdout","time":1976.689923275,"data":"{\"op\": \"linalg.householder_product\", \"dtype\": \"float64\", \"samples\": 3, \"diffs\": [], \"errors\": [], \"verdict\": \"ok\"}\n"}
,{"stream_name":"stdout","time":1976.689944456,"data":"{\"op\": \"linalg.ldl_factor\", \"dtype\": \"float32\", \"samples\": 3, \"diffs\": [], \"errors\": [], \"verdict\": \"ok\"}\n"}
,{"stream_name":"stdout","time":1976.689949436,"data":"{\"op\": \"linalg.ldl_factor\", \"dtype\": \"float64\", \"samples\": 3, \"diffs\": [], \"errors\": [], \"verdict\": \"ok\"}\n"}
,{"stream_name":"stdout","time":1976.689954453,"data":"{\"op\": \"linalg.ldl_factor_ex\", \"dtype\": \"float32\", \"samples\": 3, \"diffs\": [], \"errors\": [], \"verdict\": \"ok\"}\n"}
,{"stream_name":"stdout","time":1976.689963352,"data":"{\"op\": \"linalg.ldl_factor_ex\", \"dtype\": \"float64\", \"samples\": 3, \"diffs\": [], \"errors\": [], \"verdict\": \"ok\"}\n"}
,{"stream_name":"stdout","time":1976.689967584,"data":"{\"op\": \"linalg.matrix_power\", \"dtype\": \"float32\", \"samples\": 3, \"diffs\": [], \"errors\": [], \"verdict\": \"ok\"}\n"}
,{"stream_name":"stdout","time":1976.689972296,"data":"{\"op\": \"linalg.matrix_power\", \"dtype\": \"float64\", \"samples\": 3, \"diffs\": [], \"errors\": [], \"verdict\": \"ok\"}\n"}
,{"stream_name":"stdout","time":1976.68998188,"data":"{\"op\": \"linalg.multi_dot\", \"dtype\": \"float32\", \"samples\": 3, \"diffs\": [], \"errors\": [], \"verdict\": \"ok\"}\n"}
,{"stream_name":"stdout","time":1976.689986136,"data":"{\"op\": \"linalg.multi_dot\", \"dtype\": \"float64\", \"samples\": 3, \"diffs\": [], \"errors\": [], \"verdict\": \"ok\"}\n"}
,{"stream_name":"stdout","time":1976.689990125,"data":"{\"op\": \"linalg.norm\", \"dtype\": \"float32\", \"samples\": 3, \"diffs\": [], \"errors\": [], \"verdict\": \"ok\"}\n"}
,{"stream_name":"stdout","time":1976.689994656,"data":"{\"op\": \"linalg.norm\", \"dtype\": \"float64\", \"samples\": 3, \"diffs\": [], \"errors\": [], \"verdict\": \"ok\"}\n"}
,{"stream_name":"stdout","time":1976.689999989,"data":"{\"op\": \"linalg.norm\", \"dtype\": \"float32\", \"samples\": 3, \"diffs\": [], \"errors\": [], \"verdict\": \"ok\"}\n"}
,{"stream_name":"stdout","time":1976.690004587,"data":"{\"op\": \"linalg.norm\", \"dtype\": \"float64\", \"samples\": 3, \"diffs\": [], \"errors\": [], \"verdict\": \"ok\"}\n"}
,{"stream_name":"stdout","time":1976.690008995,"data":"{\"op\": \"linalg.matrix_norm\", \"dtype\": \"float32\", \"samples\": 3, \"diffs\": [], \"errors\": [], \"verdict\": \"ok\"}\n"}
,{"stream_name":"stdout","time":1976.690013365,"data":"{\"op\": \"linalg.matrix_norm\", \"dtype\": \"float64\", \"samples\": 3, \"diffs\": [], \"errors\": [], \"verdict\": \"ok\"}\n"}
,{"stream_name":"stdout","time":1976.690017721,"data":"{\"op\": \"linalg.polar\", \"dtype\": \"float32\", \"samples\": 3, \"diffs\": [], \"errors\": [], \"verdict\": \"ok\"}\n"}
,{"stream_name":"stdout","time":1976.690021678,"data":"{\"op\": \"linalg.polar\", \"dtype\": \"float64\", \"samples\": 3, \"diffs\": [], \"errors\": [], \"verdict\": \"ok\"}\n"}
,{"stream_name":"stdout","time":1976.690025746,"data":"{\"op\": \"linalg.vander\", \"dtype\": \"float32\", \"samples\": 3, \"diffs\": [], \"errors\": [], \"verdict\": \"ok\"}\n"}
,{"stream_name":"stdout","time":1976.690030001,"data":"{\"op\": \"linalg.vander\", \"dtype\": \"float64\", \"samples\": 3, \"diffs\": [], \"errors\": [], \"verdict\": \"ok\"}\n"}
,{"stream_name":"stdout","time":1976.690034374,"data":"{\"op\": \"linalg.vector_norm\", \"dtype\": \"float32\", \"samples\": 3, \"diffs\": [], \"errors\": [], \"verdict\": \"ok\"}\n"}
,{"stream_name":"stdout","time":1976.690038635,"data":"{\"op\": \"linalg.vector_norm\", \"dtype\": \"float64\", \"samples\": 3, \"diffs\": [], \"errors\": [], \"verdict\": \"ok\"}\n"}
,{"stream_name":"stdout","time":1976.690043411,"data":"{\"op\": \"linalg.inv\", \"dtype\": \"float32\", \"samples\": 3, \"diffs\": [], \"errors\": [], \"verdict\": \"ok\"}\n"}
,{"stream_name":"stdout","time":1976.690048378,"data":"{\"op\": \"linalg.inv\", \"dtype\": \"float64\", \"samples\": 3, \"diffs\": [], \"errors\": [], \"verdict\": \"ok\"}\n"}
,{"stream_name":"stdout","time":1976.690053369,"data":"{\"op\": \"linalg.inv_ex\", \"dtype\": \"float32\", \"samples\": 3, \"diffs\": [], \"errors\": [], \"verdict\": \"ok\"}\n"}
,{"stream_name":"stdout","time":1976.690058141,"data":"{\"op\": \"linalg.inv_ex\", \"dtype\": \"float64\", \"samples\": 3, \"diffs\": [], \"errors\": [], \"verdict\": \"ok\"}\n"}
,{"stream_name":"stdout","time":1976.690062551,"data":"{\"op\": \"linalg.tensorinv\", \"dtype\": \"float32\", \"samples\": 2, \"diffs\": [], \"errors\": [], \"verdict\": \"ok\"}\n"}
,{"stream_name":"stdout","time":1976.690066316,"data":"{\"op\": \"linalg.tensorinv\", \"dtype\": \"float64\", \"samples\": 2, \"diffs\": [], \"errors\": [], \"verdict\": \"ok\"}\n"}
,{"stream_name":"stdout","time":1976.690070604,"data":"{\"op\": \"special.i0e\", \"dtype\": \"float32\", \"samples\": 2, \"diffs\": [], \"errors\": [], \"verdict\": \"ok\"}\n"}
,{"stream_name":"stdout","time":1976.690078208,"data":"{\"op\": \"special.i0e\", \"dtype\": \"float64\", \"samples\": 2, \"diffs\": [], \"errors\": [], \"verdict\": \"ok\"}\n"}
,{"stream_name":"stdout","time":1976.690082786,"data":"{\"op\": \"special.i1\", \"dtype\": \"float32\", \"samples\": 2, \"diffs\": [], \"errors\": [], \"verdict\": \"ok\"}\n"}
,{"stream_name":"stdout","time":1976.690087474,"data":"{\"op\": \"special.i1\", \"dtype\": \"float64\", \"samples\": 2, \"diffs\": [], \"errors\": [], \"verdict\": \"ok\"}\n"}
,{"stream_name":"stdout","time":1976.690092542,"data":"{\"op\": \"special.i1e\", \"dtype\": \"float32\", \"samples\": 2, \"diffs\": [], \"errors\": [], \"verdict\": \"ok\"}\n"}
,{"stream_name":"stdout","time":1976.690096953,"data":"{\"op\": \"special.i1e\", \"dtype\": \"float64\", \"samples\": 2, \"diffs\": [], \"errors\": [], \"verdict\": \"ok\"}\n"}
,{"stream_name":"stdout","time":1976.690101768,"data":"{\"op\": \"special.ndtr\", \"dtype\": \"float32\", \"samples\": 3, \"diffs\": [], \"errors\": [], \"verdict\": \"ok\"}\n"}
,{"stream_name":"stdout","time":1976.690106347,"data":"{\"op\": \"special.ndtr\", \"dtype\": \"float64\", \"samples\": 3, \"diffs\": [], \"errors\": [], \"verdict\": \"ok\"}\n"}
,{"stream_name":"stdout","time":1976.690110704,"data":"{\"op\": \"special.polygamma\", \"dtype\": \"float32\", \"samples\": 3, \"diffs\": [], \"errors\": [], \"verdict\": \"ok\"}\n"}
,{"stream_name":"stdout","time":1976.6901154,"data":"{\"op\": \"special.polygamma\", \"dtype\": \"float64\", \"samples\": 3, \"diffs\": [], \"errors\": [], \"verdict\": \"ok\"}\n"}
,{"stream_name":"stdout","time":1976.690119759,"data":"{\"op\": \"special.xlog1py\", \"dtype\": \"float32\", \"samples\": 3, \"diffs\": [], \"errors\": [], \"verdict\": \"ok\"}\n"}
,{"stream_name":"stdout","time":1976.690124621,"data":"{\"op\": \"special.xlog1py\", \"dtype\": \"float64\", \"samples\": 3, \"diffs\": [], \"errors\": [], \"verdict\": \"ok\"}\n"}
,{"stream_name":"stdout","time":1976.690129172,"data":"{\"op\": \"special.entr\", \"dtype\": \"float32\", \"samples\": 2, \"diffs\": [], \"errors\": [], \"verdict\": \"ok\"}\n"}
,{"stream_name":"stdout","time":1976.690133551,"data":"{\"op\": \"special.entr\", \"dtype\": \"float64\", \"samples\": 2, \"diffs\": [], \"errors\": [], \"verdict\": \"ok\"}\n"}
,{"stream_name":"stdout","time":1976.690138073,"data":"{\"op\": \"special.ndtri\", \"dtype\": \"float32\", \"samples\": 3, \"diffs\": [], \"errors\": [], \"verdict\": \"ok\"}\n"}
,{"stream_name":"stdout","time":1976.69014279,"data":"{\"op\": \"special.ndtri\", \"dtype\": \"float64\", \"samples\": 3, \"diffs\": [], \"errors\": [], \"verdict\": \"ok\"}\n"}
,{"stream_name":"stdout","time":1976.69014753,"data":"{\"op\": \"special.log_ndtr\", \"dtype\": \"float32\", \"samples\": 3, \"diffs\": [], \"errors\": [], \"verdict\": \"ok\"}\n"}
,{"stream_name":"stdout","time":1976.690152303,"data":"{\"op\": \"special.log_ndtr\", \"dtype\": \"float64\", \"samples\": 3, \"diffs\": [], \"errors\": [], \"verdict\": \"ok\"}\n"}
,{"stream_name":"stdout","time":1976.69015725,"data":"{\"op\": \"special.erfcx\", \"dtype\": \"float32\", \"samples\": 3, \"diffs\": [], \"errors\": [], \"verdict\": \"ok\"}\n"}
,{"stream_name":"stdout","time":1976.690161558,"data":"{\"op\": \"special.erfcx\", \"dtype\": \"float64\", \"samples\": 3, \"diffs\": [], \"errors\": [], \"verdict\": \"ok\"}\n"}
,{"stream_name":"stdout","time":1976.690168728,"data":"{\"op\": \"special.airy_ai\", \"dtype\": \"float32\", \"samples\": 3, \"diffs\": [], \"errors\": [], \"verdict\": \"ok\"}\n"}
,{"stream_name":"stdout","time":1976.690173347,"data":"{\"op\": \"special.airy_ai\", \"dtype\": \"float64\", \"samples\": 3, \"diffs\": [], \"errors\": [], \"verdict\": \"ok\"}\n"}
,{"stream_name":"stdout","time":1976.690177386,"data":"{\"op\": \"special.bessel_j0\", \"dtype\": \"float32\", \"samples\": 3, \"diffs\": [], \"errors\": [], \"verdict\": \"ok\"}\n"}
,{"stream_name":"stdout","time":1976.690185436,"data":"{\"op\": \"special.bessel_j0\", \"dtype\": \"float64\", \"samples\": 3, \"diffs\": [], \"errors\": [], \"verdict\": \"ok\"}\n"}
,{"stream_name":"stdout","time":1976.690190716,"data":"{\"op\": \"special.bessel_j1\", \"dtype\": \"float32\", \"samples\": 3, \"diffs\": [], \"errors\": [], \"verdict\": \"ok\"}\n"}
,{"stream_name":"stdout","time":1976.690195511,"data":"{\"op\": \"special.bessel_j1\", \"dtype\": \"float64\", \"samples\": 3, \"diffs\": [], \"errors\": [], \"verdict\": \"ok\"}\n"}
,{"stream_name":"stdout","time":1976.690200074,"data":"{\"op\": \"special.bessel_y0\", \"dtype\": \"float32\", \"samples\": 3, \"diffs\": [], \"errors\": [], \"verdict\": \"ok\"}\n"}
,{"stream_name":"stdout","time":1976.690204639,"data":"{\"op\": \"special.bessel_y0\", \"dtype\": \"float64\", \"samples\": 3, \"diffs\": [], \"errors\": [], \"verdict\": \"ok\"}\n"}
,{"stream_name":"stdout","time":1976.69020885,"data":"{\"op\": \"special.bessel_y1\", \"dtype\": \"float32\", \"samples\": 3, \"diffs\": [], \"errors\": [], \"verdict\": \"ok\"}\n"}
,{"stream_name":"stdout","time":1976.690213111,"data":"{\"op\": \"special.bessel_y1\", \"dtype\": \"float64\", \"samples\": 3, \"diffs\": [], \"errors\": [], \"verdict\": \"ok\"}\n"}
,{"stream_name":"stdout","time":1976.690218041,"data":"{\"op\": \"special.chebyshev_polynomial_t\", \"dtype\": \"float32\", \"samples\": 3, \"diffs\": [], \"errors\": [], \"verdict\": \"ok\"}\n"}
,{"stream_name":"stdout","time":1976.690222636,"data":"{\"op\": \"special.chebyshev_polynomial_t\", \"dtype\": \"float64\", \"samples\": 3, \"diffs\": [], \"errors\": [], \"verdict\": \"ok\"}\n"}
,{"stream_name":"stdout","time":1976.69022687,"data":"{\"op\": \"special.chebyshev_polynomial_u\", \"dtype\": \"float32\", \"samples\": 3, \"diffs\": [], \"errors\": [], \"verdict\": \"ok\"}\n"}
,{"stream_name":"stdout","time":1976.690231359,"data":"{\"op\": \"special.chebyshev_polynomial_u\", \"dtype\": \"float64\", \"samples\": 3, \"diffs\": [], \"errors\": [], \"verdict\": \"ok\"}\n"}
,{"stream_name":"stdout","time":1976.690236229,"data":"{\"op\": \"special.chebyshev_polynomial_v\", \"dtype\": \"float32\", \"samples\": 3, \"diffs\": [], \"errors\": [], \"verdict\": \"ok\"}\n"}
,{"stream_name":"stdout","time":1976.690240988,"data":"{\"op\": \"special.chebyshev_polynomial_v\", \"dtype\": \"float64\", \"samples\": 3, \"diffs\": [], \"errors\": [], \"verdict\": \"ok\"}\n"}
,{"stream_name":"stdout","time":1976.690246018,"data":"{\"op\": \"special.chebyshev_polynomial_w\", \"dtype\": \"float32\", \"samples\": 3, \"diffs\": [], \"errors\": [], \"verdict\": \"ok\"}\n"}
,{"stream_name":"stdout","time":1976.690250913,"data":"{\"op\": \"special.chebyshev_polynomial_w\", \"dtype\": \"float64\", \"samples\": 3, \"diffs\": [], \"errors\": [], \"verdict\": \"ok\"}\n"}
,{"stream_name":"stdout","time":1976.690256009,"data":"{\"op\": \"special.hermite_polynomial_h\", \"dtype\": \"float32\", \"samples\": 3, \"diffs\": [], \"errors\": [], \"verdict\": \"ok\"}\n"}
,{"stream_name":"stdout","time":1976.690260998,"data":"{\"op\": \"special.hermite_polynomial_h\", \"dtype\": \"float64\", \"samples\": 3, \"diffs\": [], \"errors\": [], \"verdict\": \"ok\"}\n"}
,{"stream_name":"stdout","time":1976.690265519,"data":"{\"op\": \"special.hermite_polynomial_he\", \"dtype\": \"float32\", \"samples\": 3, \"diffs\": [], \"errors\": [], \"verdict\": \"ok\"}\n"}
,{"stream_name":"stdout","time":1976.690270746,"data":"{\"op\": \"special.hermite_polynomial_he\", \"dtype\": \"float64\", \"samples\": 3, \"diffs\": [], \"errors\": [], \"verdict\": \"ok\"}\n"}
,{"stream_name":"stdout","time":1976.690275959,"data":"{\"op\": \"special.laguerre_polynomial_l\", \"dtype\": \"float32\", \"samples\": 3, \"diffs\": [], \"errors\": [], \"verdict\": \"ok\"}\n"}
,{"stream_name":"stdout","time":1976.690285393,"data":"{\"op\": \"special.laguerre_polynomial_l\", \"dtype\": \"float64\", \"samples\": 3, \"diffs\": [], \"errors\": [], \"verdict\": \"ok\"}\n"}
,{"stream_name":"stdout","time":1976.690290266,"data":"{\"op\": \"special.legendre_polynomial_p\", \"dtype\": \"float32\", \"samples\": 3, \"diffs\": [], \"errors\": [], \"verdict\": \"ok\"}\n"}
,{"stream_name":"stdout","time":1976.690295115,"data":"{\"op\": \"special.legendre_polynomial_p\", \"dtype\": \"float64\", \"samples\": 3, \"diffs\": [], \"errors\": [], \"verdict\": \"ok\"}\n"}
,{"stream_name":"stdout","time":1976.690299738,"data":"{\"op\": \"special.modified_bessel_i0\", \"dtype\": \"float32\", \"samples\": 3, \"diffs\": [], \"errors\": [], \"verdict\": \"ok\"}\n"}
,{"stream_name":"stdout","time":1976.690304237,"data":"{\"op\": \"special.modified_bessel_i0\", \"dtype\": \"float64\", \"samples\": 3, \"diffs\": [], \"errors\": [], \"verdict\": \"ok\"}\n"}
,{"stream_name":"stdout","time":1976.690308967,"data":"{\"op\": \"special.modified_bessel_i1\", \"dtype\": \"float32\", \"samples\": 3, \"diffs\": [], \"errors\": [], \"verdict\": \"ok\"}\n"}
,{"stream_name":"stdout","time":1976.690313017,"data":"{\"op\": \"special.modified_bessel_i1\", \"dtype\": \"float64\", \"samples\": 3, \"diffs\": [], \"errors\": [], \"verdict\": \"ok\"}\n"}
,{"stream_name":"stdout","time":1976.690317467,"data":"{\"op\": \"special.modified_bessel_k0\", \"dtype\": \"float32\", \"samples\": 3, \"diffs\": [], \"errors\": [], \"verdict\": \"ok\"}\n"}
,{"stream_name":"stdout","time":1976.690322385,"data":"{\"op\": \"special.modified_bessel_k0\", \"dtype\": \"float64\", \"samples\": 3, \"diffs\": [], \"errors\": [], \"verdict\": \"ok\"}\n"}
,{"stream_name":"stdout","time":1976.690326557,"data":"{\"op\": \"special.modified_bessel_k1\", \"dtype\": \"float32\", \"samples\": 3, \"diffs\": [], \"errors\": [], \"verdict\": \"ok\"}\n"}
,{"stream_name":"stdout","time":1976.690330946,"data":"{\"op\": \"special.modified_bessel_k1\", \"dtype\": \"float64\", \"samples\": 3, \"diffs\": [], \"errors\": [], \"verdict\": \"ok\"}\n"}
,{"stream_name":"stdout","time":1976.690335532,"data":"{\"op\": \"special.scaled_modified_bessel_k0\", \"dtype\": \"float32\", \"samples\": 3, \"diffs\": [], \"errors\": [], \"verdict\": \"ok\"}\n"}
,{"stream_name":"stdout","time":1976.690339761,"data":"{\"op\": \"special.scaled_modified_bessel_k0\", \"dtype\": \"float64\", \"samples\": 3, \"diffs\": [], \"errors\": [], \"verdict\": \"ok\"}\n"}
,{"stream_name":"stdout","time":1976.690344663,"data":"{\"op\": \"special.scaled_modified_bessel_k1\", \"dtype\": \"float32\", \"samples\": 3, \"diffs\": [], \"errors\": [], \"verdict\": \"ok\"}\n"}
,{"stream_name":"stdout","time":1976.690348763,"data":"{\"op\": \"special.scaled_modified_bessel_k1\", \"dtype\": \"float64\", \"samples\": 3, \"diffs\": [], \"errors\": [], \"verdict\": \"ok\"}\n"}
,{"stream_name":"stdout","time":1976.6903542,"data":"{\"op\": \"special.shifted_chebyshev_polynomial_t\", \"dtype\": \"float32\", \"samples\": 3, \"diffs\": [], \"errors\": [], \"verdict\": \"ok\"}\n"}
,{"stream_name":"stdout","time":1976.690360362,"data":"{\"op\": \"special.shifted_chebyshev_polynomial_t\", \"dtype\": \"float64\", \"samples\": 3, \"diffs\": [], \"errors\": [], \"verdict\": \"ok\"}\n"}
,{"stream_name":"stdout","time":1976.690365156,"data":"{\"op\": \"special.shifted_chebyshev_polynomial_u\", \"dtype\": \"float32\", \"samples\": 3, \"diffs\": [], \"errors\": [], \"verdict\": \"ok\"}\n"}
,{"stream_name":"stdout","time":1976.690370065,"data":"{\"op\": \"special.shifted_chebyshev_polynomial_u\", \"dtype\": \"float64\", \"samples\": 3, \"diffs\": [], \"errors\": [], \"verdict\": \"ok\"}\n"}
,{"stream_name":"stdout","time":1976.690374878,"data":"{\"op\": \"special.shifted_chebyshev_polynomial_v\", \"dtype\": \"float32\", \"samples\": 3, \"diffs\": [], \"errors\": [], \"verdict\": \"ok\"}\n"}
,{"stream_name":"stdout","time":1976.690382773,"data":"{\"op\": \"special.shifted_chebyshev_polynomial_v\", \"dtype\": \"float64\", \"samples\": 3, \"diffs\": [], \"errors\": [], \"verdict\": \"ok\"}\n"}
,{"stream_name":"stdout","time":1976.690387833,"data":"{\"op\": \"special.shifted_chebyshev_polynomial_w\", \"dtype\": \"float32\", \"samples\": 3, \"diffs\": [], \"errors\": [], \"verdict\": \"ok\"}\n"}
,{"stream_name":"stdout","time":1976.690392954,"data":"{\"op\": \"special.shifted_chebyshev_polynomial_w\", \"dtype\": \"float64\", \"samples\": 3, \"diffs\": [], \"errors\": [], \"verdict\": \"ok\"}\n"}
,{"stream_name":"stdout","time":1976.690398178,"data":"{\"op\": \"special.spherical_bessel_j0\", \"dtype\": \"float32\", \"samples\": 3, \"diffs\": [], \"errors\": [], \"verdict\": \"ok\"}\n"}
,{"stream_name":"stdout","time":1976.690402723,"data":"{\"op\": \"special.spherical_bessel_j0\", \"dtype\": \"float64\", \"samples\": 3, \"diffs\": [], \"errors\": [], \"verdict\": \"ok\"}\n"}
,{"stream_name":"stdout","time":1976.690407673,"data":"{\"op\": \"masked.sum\", \"dtype\": \"float32\", \"samples\": 3, \"diffs\": [], \"errors\": [], \"verdict\": \"ok\"}\n"}
,{"stream_name":"stdout","time":1976.690412626,"data":"{\"op\": \"masked.sum\", \"dtype\": \"float64\", \"samples\": 3, \"diffs\": [], \"errors\": [], \"verdict\": \"ok\"}\n"}
,{"stream_name":"stdout","time":1976.690416789,"data":"{\"op\": \"masked.prod\", \"dtype\": \"float32\", \"samples\": 3, \"diffs\": [], \"errors\": [], \"verdict\": \"ok\"}\n"}
,{"stream_name":"stdout","time":1976.690421544,"data":"{\"op\": \"masked.prod\", \"dtype\": \"float64\", \"samples\": 3, \"diffs\": [], \"errors\": [], \"verdict\": \"ok\"}\n"}
,{"stream_name":"stdout","time":1976.690425991,"data":"{\"op\": \"masked.cumsum\", \"dtype\": \"float32\", \"samples\": 3, \"diffs\": [], \"errors\": [], \"verdict\": \"ok\"}\n"}
,{"stream_name":"stdout","time":1976.690430393,"data":"{\"op\": \"masked.cumsum\", \"dtype\": \"float64\", \"samples\": 3, \"diffs\": [], \"errors\": [], \"verdict\": \"ok\"}\n"}
,{"stream_name":"stdout","time":1976.690434736,"data":"{\"op\": \"masked.cumprod\", \"dtype\": \"float32\", \"samples\": 3, \"diffs\": [], \"errors\": [], \"verdict\": \"ok\"}\n"}
,{"stream_name":"stdout","time":1976.690439957,"data":"{\"op\": \"masked.cumprod\", \"dtype\": \"float64\", \"samples\": 3, \"diffs\": [], \"errors\": [], \"verdict\": \"ok\"}\n"}
,{"stream_name":"stdout","time":1976.690444411,"data":"{\"op\": \"masked.amax\", \"dtype\": \"float32\", \"samples\": 3, \"diffs\": [], \"errors\": [], \"verdict\": \"ok\"}\n"}
,{"stream_name":"stdout","time":1976.690448979,"data":"{\"op\": \"masked.amax\", \"dtype\": \"float64\", \"samples\": 3, \"diffs\": [], \"errors\": [], \"verdict\": \"ok\"}\n"}
,{"stream_name":"stdout","time":1976.690453495,"data":"{\"op\": \"masked.amin\", \"dtype\": \"float32\", \"samples\": 3, \"diffs\": [], \"errors\": [], \"verdict\": \"ok\"}\n"}
,{"stream_name":"stdout","time":1976.690457625,"data":"{\"op\": \"masked.amin\", \"dtype\": \"float64\", \"samples\": 3, \"diffs\": [], \"errors\": [], \"verdict\": \"ok\"}\n"}
,{"stream_name":"stdout","time":1976.690462434,"data":"{\"op\": \"masked.argmax\", \"dtype\": \"float32\", \"samples\": 3, \"diffs\": [], \"errors\": [], \"verdict\": \"ok\"}\n"}
,{"stream_name":"stdout","time":1976.690466561,"data":"{\"op\": \"masked.argmax\", \"dtype\": \"float64\", \"samples\": 3, \"diffs\": [], \"errors\": [], \"verdict\": \"ok\"}\n"}
,{"stream_name":"stdout","time":1976.690471321,"data":"{\"op\": \"masked.argmin\", \"dtype\": \"float32\", \"samples\": 3, \"diffs\": [], \"errors\": [], \"verdict\": \"ok\"}\n"}
,{"stream_name":"stdout","time":1976.690476093,"data":"{\"op\": \"masked.argmin\", \"dtype\": \"float64\", \"samples\": 3, \"diffs\": [], \"errors\": [], \"verdict\": \"ok\"}\n"}
,{"stream_name":"stdout","time":1976.69048327,"data":"{\"op\": \"masked.mean\", \"dtype\": \"float32\", \"samples\": 3, \"diffs\": [], \"errors\": [], \"verdict\": \"ok\"}\n"}
,{"stream_name":"stdout","time":1976.690488037,"data":"{\"op\": \"masked.mean\", \"dtype\": \"float64\", \"samples\": 3, \"diffs\": [], \"errors\": [], \"verdict\": \"ok\"}\n"}
,{"stream_name":"stdout","time":1976.690492111,"data":"{\"op\": \"masked.norm\", \"dtype\": \"float32\", \"samples\": 3, \"diffs\": [], \"errors\": [], \"verdict\": \"ok\"}\n"}
,{"stream_name":"stdout","time":1976.69049619,"data":"{\"op\": \"masked.norm\", \"dtype\": \"float64\", \"samples\": 3, \"diffs\": [], \"errors\": [], \"verdict\": \"ok\"}\n"}
,{"stream_name":"stdout","time":1976.690501222,"data":"{\"op\": \"masked.var\", \"dtype\": \"float32\", \"samples\": 3, \"diffs\": [], \"errors\": [], \"verdict\": \"ok\"}\n"}
,{"stream_name":"stdout","time":1976.690505281,"data":"{\"op\": \"masked.var\", \"dtype\": \"float64\", \"samples\": 3, \"diffs\": [], \"errors\": [], \"verdict\": \"ok\"}\n"}
,{"stream_name":"stdout","time":1976.690509611,"data":"{\"op\": \"masked.std\", \"dtype\": \"float32\", \"samples\": 3, \"diffs\": [], \"errors\": [], \"verdict\": \"ok\"}\n"}
,{"stream_name":"stdout","time":1976.690514089,"data":"{\"op\": \"masked.std\", \"dtype\": \"float64\", \"samples\": 3, \"diffs\": [], \"errors\": [], \"verdict\": \"ok\"}\n"}
,{"stream_name":"stdout","time":1976.690518239,"data":"{\"op\": \"masked.softmax\", \"dtype\": \"float32\", \"samples\": 3, \"diffs\": [], \"errors\": [], \"verdict\": \"ok\"}\n"}
,{"stream_name":"stdout","time":1976.69052269,"data":"{\"op\": \"masked.softmax\", \"dtype\": \"float64\", \"samples\": 3, \"diffs\": [], \"errors\": [], \"verdict\": \"ok\"}\n"}
,{"stream_name":"stdout","time":1976.690526619,"data":"{\"op\": \"masked.log_softmax\", \"dtype\": \"float32\", \"samples\": 3, \"diffs\": [], \"errors\": [], \"verdict\": \"ok\"}\n"}
,{"stream_name":"stdout","time":1976.690530608,"data":"{\"op\": \"masked.log_softmax\", \"dtype\": \"float64\", \"samples\": 3, \"diffs\": [], \"errors\": [], \"verdict\": \"ok\"}\n"}
,{"stream_name":"stdout","time":1976.690534851,"data":"{\"op\": \"masked.softmin\", \"dtype\": \"float32\", \"samples\": 3, \"diffs\": [], \"errors\": [], \"verdict\": \"ok\"}\n"}
,{"stream_name":"stdout","time":1976.690538947,"data":"{\"op\": \"masked.softmin\", \"dtype\": \"float64\", \"samples\": 3, \"diffs\": [], \"errors\": [], \"verdict\": \"ok\"}\n"}
,{"stream_name":"stdout","time":1976.690543709,"data":"{\"op\": \"masked.logaddexp\", \"dtype\": \"float32\", \"samples\": 3, \"diffs\": [], \"errors\": [], \"verdict\": \"ok\"}\n"}
,{"stream_name":"stdout","time":1976.690548097,"data":"{\"op\": \"masked.logaddexp\", \"dtype\": \"float64\", \"samples\": 3, \"diffs\": [], \"errors\": [], \"verdict\": \"ok\"}\n"}
,{"stream_name":"stdout","time":1976.690552698,"data":"{\"op\": \"masked.logsumexp\", \"dtype\": \"float32\", \"samples\": 3, \"diffs\": [], \"errors\": [], \"verdict\": \"ok\"}\n"}
,{"stream_name":"stdout","time":1976.690559291,"data":"{\"op\": \"masked.logsumexp\", \"dtype\": \"float64\", \"samples\": 3, \"diffs\": [], \"errors\": [], \"verdict\": \"ok\"}\n"}
,{"stream_name":"stdout","time":1976.690564682,"data":"{\"op\": \"bmm\", \"dtype\": \"float32\", \"samples\": 3, \"diffs\": [{\"i\": 0, \"class\": \"SIGNZERO\", \"detail\": \"sign of zero\", \"repr\": \"SampleInput(input=tensor([[[-8.4784],\\n         [-1.7658],\\n         [-4.3228],\\n         [-2.4005],\\n         [-7.9506],\\n         [ 3.6116],\\n         [-8.0676],\\n         [-0.5735],\\n         [ 3.1285],\\n         [-3.0337],\\n         [ 5.1067],\\n         [ 1.1351],\\n         [ 4.9473],\\n         [ 5.7744],\\n  \"}, {\"i\": 1, \"class\": \"SIGNZERO\", \"detail\": \"sign of zero\", \"repr\": \"SampleInput(input=tensor([[[-1.8841],\\n         [-0.3924],\\n         [-0.9606],\\n         [-0.5334],\\n         [-1.7668],\\n         [ 0.8026],\\n         [-1.7928],\\n         [-0.1274],\\n         [ 0.6952],\\n         [-0.6742],\\n         [ 1.1348],\\n         [ 0.2523],\\n         [ 1.0994],\\n         [ 1.2832],\\n  \"}, {\"i\": 2, \"class\": \"SIGNZERO\", \"detail\": \"sign of zero\", \"repr\": \"SampleInput(input=tensor([[[0.1261],\\n         [0.4617],\\n         [0.3339],\\n         [0.4300],\\n         [0.1525],\\n         [0.7306],\\n         [0.1466],\\n         [0.5213],\\n         [0.7064],\\n         [0.3983],\\n         [0.8053],\\n         [0.6068],\\n         [0.7974],\\n         [0.8387],\\n         [0.3513\"}], \"errors\": [], \"verdict\": \"DIFF:SIGNZERO\"}\n"}
,{"stream_name":"stdout","time":1976.690581231,"data":"{\"op\": \"bmm\", \"dtype\": \"float64\", \"samples\": 3, \"diffs\": [{\"i\": 0, \"class\": \"SIGNZERO\", \"detail\": \"sign of zero\", \"repr\": \"SampleInput(input=tensor([[[-4.8270],\\n         [-7.5824],\\n         [-0.6047],\\n         [-1.5412],\\n         [-1.9719],\\n         [-4.1460],\\n         [-5.4215],\\n         [-4.7842],\\n         [-4.1508],\\n         [ 7.3808],\\n         [ 5.5761],\\n         [-8.3157],\\n         [ 4.1776],\\n         [ 2.0474],\\n  \"}, {\"i\": 1, \"class\": \"SIGNZERO\", \"detail\": \"sign of zero\", \"repr\": \"SampleInput(input=tensor([[[-1.0727],\\n         [-1.6850],\\n         [-0.1344],\\n         [-0.3425],\\n         [-0.4382],\\n         [-0.9213],\\n         [-1.2048],\\n         [-1.0631],\\n         [-0.9224],\\n         [ 1.6402],\\n         [ 1.2391],\\n         [-1.8479],\\n         [ 0.9284],\\n         [ 0.4550],\\n  \"}, {\"i\": 2, \"class\": \"SIGNZERO\", \"detail\": \"sign of zero\", \"repr\": \"SampleInput(input=tensor([[[0.3087],\\n         [0.1709],\\n         [0.5198],\\n         [0.4729],\\n         [0.4514],\\n         [0.3427],\\n         [0.2789],\\n         [0.3108],\\n         [0.3425],\\n         [0.9190],\\n         [0.8288],\\n         [0.1342],\\n         [0.7589],\\n         [0.6524],\\n         [0.3462\"}], \"errors\": [], \"verdict\": \"DIFF:SIGNZERO\"}\n"}
,{"stream_name":"stdout","time":1976.690591374,"data":"\n"}
,{"stream_name":"stdout","time":1976.690594736,"data":"=====JSONL END\n"}
,{"stream_name":"stdout","time":1976.690598086,"data":"JOB DONE\n"}
,{"stream_name":"stderr","time":1979.525404672,"data":"/usr/local/lib/python3.12/dist-packages/mistune.py:435: SyntaxWarning: invalid escape sequence '\\|'\n"}
,{"stream_name":"stderr","time":1979.525445823,"data":"  cells[i][c] = re.sub('\\\\\\\\\\|', '|', cell)\n"}
,{"stream_name":"stderr","time":1979.893990327,"data":"/usr/local/lib/python3.12/dist-packages/nbconvert/filters/filter_links.py:36: SyntaxWarning: invalid escape sequence '\\_'\n"}
,{"stream_name":"stderr","time":1979.894022695,"data":"  text = re.sub(r'_', '\\_', text) # Escape underscores in display text\n"}
,{"stream_name":"stderr","time":1980.694749166,"data":"[NbConvertApp] Converting notebook __script__.ipynb to html\n"}
,{"stream_name":"stderr","time":1982.38958165,"data":"[NbConvertApp] Writing 298664 bytes to __results__.html\n"}
]