[{"stream_name":"stdout","time":7.878640559,"data":"   ©¥©¥©¥©¥©¥©¥©¥©¥©¥©¥©¥©¥©¥©¥©¥©¥©¥©¥©¥©¥©¥©¥©¥©¥©¥©¥©¥©¥©¥©¥©¥©¥©¥©¥©¥©¥©¥©¥©¥©¥ 196.3/196.3 MB 8.8 MB/s eta 0:00:00\n"}
,{"stream_name":"stderr","time":48.259311214,"data":"ERROR: pip's dependency resolver does not currently take into account all the packages that are installed. This behaviour is the source of the following dependency conflicts.\n"}
,{"stream_name":"stderr","time":48.25934801,"data":"torchaudio 2.10.0+cpu requires torch==2.10.0, but you have torch 2.14.0+cpu which is incompatible.\n"}
,{"stream_name":"stderr","time":48.259353828,"data":"torchvision 0.25.0+cpu requires torch==2.10.0, but you have torch 2.14.0+cpu which is incompatible.\n"}
,{"stream_name":"stdout","time":52.106500607,"data":"   ©¥©¥©¥©¥©¥©¥©¥©¥©¥©¥©¥©¥©¥©¥©¥©¥©¥©¥©¥©¥©¥©¥©¥©¥©¥©¥©¥©¥©¥©¥©¥©¥©¥©¥©¥©¥©¥©¥©¥©¥ 1.2/1.2 MB 4.8 MB/s eta 0:00:00\n"}
,{"stream_name":"stdout","time":493.847365014,"data":"ate complex64 (3s, total 333s)\n"}
,{"stream_name":"stdout","time":493.847442987,"data":"[356/1346] ok           nn.functional.cosine_similarity int8 (0s, total 333s)\n"}
,{"stream_name":"stdout","time":493.847452712,"data":"[357/1346] ok           nn.functional.cosine_similarity uint8 (0s, total 333s)\n"}
,{"stream_name":"stdout","time":493.847458161,"data":"[358/1346] ok           nn.functional.cosine_similarity int16 (0s, total 333s)\n"}
,{"stream_name":"stdout","time":493.847463374,"data":"[359/1346] ok           nn.functional.cosine_similarity int32 (0s, total 333s)\n"}
,{"stream_name":"stdout","time":493.847468521,"data":"[360/1346] ok           nn.functional.cosine_similarity int64 (0s, total 333s)\n"}
,{"stream_name":"stdout","time":493.847473488,"data":"[361/1346] ok           nn.functional.cosine_similarity bool (0s, total 333s)\n"}
,{"stream_name":"stdout","time":493.847478739,"data":"[362/1346] ok           nn.functional.cosine_similarity complex64 (0s, total 333s)\n"}
,{"stream_name":"stdout","time":493.84748358,"data":"[363/1346] DIFF:SILENT  nn.functional.adaptive_avg_pool1d int8 (3s, total 336s)\n"}
,{"stream_name":"stdout","time":493.847488618,"data":"[364/1346] DIFF:SILENT  nn.functional.adaptive_avg_pool1d uint8 (2s, total 338s)\n"}
,{"stream_name":"stdout","time":493.847493463,"data":"[365/1346] DIFF:SILENT  nn.functional.adaptive_avg_pool1d int16 (2s, total 341s)\n"}
,{"stream_name":"stdout","time":493.847498224,"data":"[366/1346] DIFF:SILENT  nn.functional.adaptive_avg_pool1d int32 (3s, total 343s)\n"}
,{"stream_name":"stdout","time":493.847503238,"data":"[367/1346] ok           nn.functional.adaptive_avg_pool1d int64 (0s, total 344s)\n"}
,{"stream_name":"stdout","time":493.847508134,"data":"[368/1346] DIFF:SILENT  nn.functional.adaptive_avg_pool1d bool (2s, total 346s)\n"}
,{"stream_name":"stdout","time":493.847511502,"data":"[369/1346] ok           nn.functional.adaptive_avg_pool1d complex64 (0s, total 347s)\n"}
,{"stream_name":"stdout","time":493.847515769,"data":"[370/1346] DIFF:SILENT  nn.functional.adaptive_avg_pool2d int8 (4s, total 351s)\n"}
,{"stream_name":"stdout","time":493.847520783,"data":"[371/1346] DIFF:SILENT  nn.functional.adaptive_avg_pool2d uint8 (3s, total 354s)\n"}
,{"stream_name":"stdout","time":493.847525932,"data":"[372/1346] DIFF:SILENT  nn.functional.adaptive_avg_pool2d int16 (3s, total 357s)\n"}
,{"stream_name":"stdout","time":493.847530869,"data":"[373/1346] DIFF:SILENT  nn.functional.adaptive_avg_pool2d int32 (4s, total 360s)\n"}
,{"stream_name":"stdout","time":493.847535991,"data":"[374/1346] ok           nn.functional.adaptive_avg_pool2d int64 (0s, total 360s)\n"}
,{"stream_name":"stdout","time":493.847541292,"data":"[375/1346] DIFF:SILENT  nn.functional.adaptive_avg_pool2d bool (3s, total 363s)\n"}
,{"stream_name":"stdout","time":493.847563436,"data":"[376/1346] ok           nn.functional.adaptive_avg_pool2d complex64 (0s, total 364s)\n"}
,{"stream_name":"stdout","time":493.847567737,"data":"[377/1346] ok           nn.functional.adaptive_avg_pool3d int8 (0s, total 364s)\n"}
,{"stream_name":"stdout","time":493.847571652,"data":"[378/1346] ok           nn.functional.adaptive_avg_pool3d uint8 (0s, total 364s)\n"}
,{"stream_name":"stdout","time":493.847575648,"data":"[379/1346] ok           nn.functional.adaptive_avg_pool3d int16 (0s, total 365s)\n"}
,{"stream_name":"stdout","time":493.847579479,"data":"[380/1346] ok           nn.functional.adaptive_avg_pool3d int32 (0s, total 365s)\n"}
,{"stream_name":"stdout","time":493.847585244,"data":"[381/1346] ok           nn.functional.adaptive_avg_pool3d int64 (0s, total 366s)\n"}
,{"stream_name":"stdout","time":493.847589157,"data":"[382/1346] ok           nn.functional.adaptive_avg_pool3d bool (0s, total 366s)\n"}
,{"stream_name":"stdout","time":493.847593476,"data":"[383/1346] ok           nn.functional.adaptive_avg_pool3d complex64 (0s, total 366s)\n"}
,{"stream_name":"stdout","time":493.847597326,"data":"[384/1346] DIFF:SILENT  nn.functional.adaptive_max_pool1d int8 (4s, total 370s)\n"}
,{"stream_name":"stdout","time":493.847601033,"data":"[385/1346] DIFF:SILENT  nn.functional.adaptive_max_pool1d uint8 (4s, total 374s)\n"}
,{"stream_name":"stdout","time":493.847603585,"data":"[386/1346] DIFF:SILENT  nn.functional.adaptive_max_pool1d int16 (4s, total 378s)\n"}
,{"stream_name":"stdout","time":493.847606725,"data":"[387/1346] DIFF:SILENT  nn.functional.adaptive_max_pool1d int32 (3s, total 381s)\n"}
,{"stream_name":"stdout","time":493.847610017,"data":"[388/1346] ok           nn.functional.adaptive_max_pool1d int64 (0s, total 381s)\n"}
,{"stream_name":"stdout","time":493.847613988,"data":"[389/1346] DIFF:SILENT  nn.functional.adaptive_max_pool1d bool (4s, total 385s)\n"}
,{"stream_name":"stdout","time":493.847617983,"data":"[390/1346] ok           nn.functional.adaptive_max_pool1d complex64 (1s, total 385s)\n"}
,{"stream_name":"stdout","time":493.847622354,"data":"[391/1346] DIFF:SILENT  nn.functional.adaptive_max_pool2d int8 (4s, total 389s)\n"}
,{"stream_name":"stdout","time":493.847626344,"data":"[392/1346] DIFF:SILENT  nn.functional.adaptive_max_pool2d uint8 (3s, total 392s)\n"}
,{"stream_name":"stdout","time":493.847630301,"data":"[393/1346] DIFF:SILENT  nn.functional.adaptive_max_pool2d int16 (3s, total 395s)\n"}
,{"stream_name":"stdout","time":493.847634305,"data":"[394/1346] DIFF:SILENT  nn.functional.adaptive_max_pool2d int32 (3s, total 398s)\n"}
,{"stream_name":"stdout","time":493.847637829,"data":"[395/1346] ok           nn.functional.adaptive_max_pool2d int64 (0s, total 398s)\n"}
,{"stream_name":"stdout","time":493.847641635,"data":"[396/1346] DIFF:SILENT  nn.functional.adaptive_max_pool2d bool (3s, total 401s)\n"}
,{"stream_name":"stdout","time":493.847645429,"data":"[397/1346] ok           nn.functional.adaptive_max_pool2d complex64 (0s, total 401s)\n"}
,{"stream_name":"stdout","time":493.847660069,"data":"[398/1346] DIFF:SILENT  nn.functional.adaptive_max_pool3d int8 (3s, total 404s)\n"}
,{"stream_name":"stdout","time":493.847664555,"data":"[399/1346] DIFF:SILENT  nn.functional.adaptive_max_pool3d uint8 (3s, total 407s)\n"}
,{"stream_name":"stdout","time":493.847685149,"data":"[400/1346] DIFF:SILENT  nn.functional.adaptive_max_pool3d int16 (3s, total 409s)\n"}
,{"stream_name":"stdout","time":493.847688812,"data":"[401/1346] DIFF:SILENT  nn.functional.adaptive_max_pool3d int32 (3s, total 412s)\n"}
,{"stream_name":"stdout","time":493.847693412,"data":"[402/1346] DIFF:SILENT  nn.functional.adaptive_max_pool3d int64 (3s, total 415s)\n"}
,{"stream_name":"stdout","time":493.847701427,"data":"[403/1346] DIFF:SILENT  nn.functional.adaptive_max_pool3d bool (3s, total 418s)\n"}
,{"stream_name":"stdout","time":493.847705371,"data":"[404/1346] ok           nn.functional.adaptive_max_pool3d complex64 (2s, total 421s)\n"}
,{"stream_name":"stdout","time":493.847709619,"data":"\n"}
,{"stream_name":"stdout","time":493.84771397,"data":"exit -6  21 torch/_subclasses/fake_tensor.py:3212] [0/0]     _check_with(RuntimeError, cond, message)\n"}
,{"stream_name":"stdout","time":493.847717783,"data":"E0922 05:34:48.596000 21 torch/_subclasses/fake_tensor.py:3212] [0/0]   File \"/usr/local/lib/python3.12/dist-packages/torch/__init__.py\", line 2118, in _check_with\n"}
,{"stream_name":"stdout","time":493.847721709,"data":"E0922 05:34:48.596000 21 torch/_subclasses/fake_tensor.py:3212] [0/0]     raise error_type(message_evaluated)\n"}
,{"stream_name":"stdout","time":493.847725801,"data":"E0922 05:34:48.596000 21 torch/_subclasses/fake_tensor.py:3212] [0/0] RuntimeError: mean(): could not infer output dtype. Input dtype must be either a floating point or complex dtype. Got: torch.bool\n"}
,{"stream_name":"stdout","time":493.847731931,"data":"double free or corruption (out)\n"}
,{"stream_name":"stdout","time":493.847736087,"data":"\n"}
,{"stream_name":"stdout","time":1764.507222123,"data":"otal 1171s)\n"}
,{"stream_name":"stdout","time":1764.507486674,"data":"[877/940] ok           special.shifted_chebyshev_polynomial_w complex64 (0s, total 1171s)\n"}
,{"stream_name":"stdout","time":1764.507500388,"data":"[878/940] DIFF:SILENT  special.spherical_bessel_j0 float16 (2s, total 1173s)\n"}
,{"stream_name":"stdout","time":1764.507506036,"data":"[879/940] DIFF:SILENT  special.spherical_bessel_j0 bfloat16 (2s, total 1175s)\n"}
,{"stream_name":"stdout","time":1764.507511102,"data":"[880/940] ok           special.spherical_bessel_j0 complex64 (0s, total 1176s)\n"}
,{"stream_name":"stdout","time":1764.507516512,"data":"[881/940] ok           masked.cumsum bool (2s, total 1178s)\n"}
,{"stream_name":"stdout","time":1764.50752147,"data":"[882/940] ok           masked.cumprod bool (2s, total 1181s)\n"}
,{"stream_name":"stdout","time":1764.507526317,"data":"[883/940] ok           masked.amax bool (1s, total 1182s)\n"}
,{"stream_name":"stdout","time":1764.507531175,"data":"[884/940] ok           masked.amax complex64 (0s, total 1182s)\n"}
,{"stream_name":"stdout","time":1764.507536249,"data":"[885/940] ok           masked.amin bool (1s, total 1183s)\n"}
,{"stream_name":"stdout","time":1764.507541019,"data":"[886/940] ok           masked.amin complex64 (0s, total 1183s)\n"}
,{"stream_name":"stdout","time":1764.507545851,"data":"[887/940] DIFF:SILENT  masked.argmax bool (2s, total 1186s)\n"}
,{"stream_name":"stdout","time":1764.507550696,"data":"[888/940] ok           masked.argmax complex64 (0s, total 1186s)\n"}
,{"stream_name":"stdout","time":1764.507556675,"data":"[889/940] DIFF:SILENT  masked.argmin bool (0s, total 1186s)\n"}
,{"stream_name":"stdout","time":1764.507560694,"data":"[890/940] ok           masked.argmin complex64 (0s, total 1186s)\n"}
,{"stream_name":"stdout","time":1764.507565517,"data":"[891/940] ok           masked.mean int8 (0s, total 1187s)\n"}
,{"stream_name":"stdout","time":1764.507569949,"data":"[892/940] ok           masked.mean uint8 (0s, total 1187s)\n"}
,{"stream_name":"stdout","time":1764.507574871,"data":"[893/940] ok           masked.mean int16 (0s, total 1187s)\n"}
,{"stream_name":"stdout","time":1764.507580013,"data":"[894/940] ok           masked.mean int32 (0s, total 1187s)\n"}
,{"stream_name":"stdout","time":1764.507584968,"data":"[895/940] ok           masked.mean int64 (0s, total 1187s)\n"}
,{"stream_name":"stdout","time":1764.507590101,"data":"[896/940] ok           masked.mean bool (0s, total 1187s)\n"}
,{"stream_name":"stdout","time":1764.50761361,"data":"[897/940] ok           masked.norm int8 (0s, total 1187s)\n"}
,{"stream_name":"stdout","time":1764.50761817,"data":"[898/940] ok           masked.norm uint8 (0s, total 1187s)\n"}
,{"stream_name":"stdout","time":1764.507622144,"data":"[899/940] ok           masked.norm int16 (0s, total 1187s)\n"}
,{"stream_name":"stdout","time":1764.507625927,"data":"[900/940] ok           masked.norm int32 (0s, total 1187s)\n"}
,{"stream_name":"stdout","time":1764.507629927,"data":"[901/940] ok           masked.norm int64 (0s, total 1187s)\n"}
,{"stream_name":"stdout","time":1764.507633852,"data":"[902/940] ok           masked.norm bool (0s, total 1187s)\n"}
,{"stream_name":"stdout","time":1764.507637661,"data":"[903/940] ok           masked.norm complex64 (1s, total 1188s)\n"}
,{"stream_name":"stdout","time":1764.507641547,"data":"[904/940] DIFF:SILENT  masked.var bool (4s, total 1193s)\n"}
,{"stream_name":"stdout","time":1764.507645477,"data":"[905/940] DIFF:SILENT  masked.std bool (4s, total 1197s)\n"}
,{"stream_name":"stdout","time":1764.507649291,"data":"[906/940] DIFF:SILENT  masked.softmax int8 (2s, total 1199s)\n"}
,{"stream_name":"stdout","time":1764.507652592,"data":"[907/940] DIFF:SILENT  masked.softmax uint8 (2s, total 1201s)\n"}
,{"stream_name":"stdout","time":1764.5076563,"data":"[908/940] DIFF:SILENT  masked.softmax int16 (1s, total 1202s)\n"}
,{"stream_name":"stdout","time":1764.507663752,"data":"[909/940] DIFF:SILENT  masked.softmax int32 (2s, total 1204s)\n"}
,{"stream_name":"stdout","time":1764.507667685,"data":"[910/940] DIFF:SILENT  masked.softmax int64 (2s, total 1206s)\n"}
,{"stream_name":"stdout","time":1764.507671182,"data":"[911/940] ok           masked.softmax bool (0s, total 1206s)\n"}
,{"stream_name":"stdout","time":1764.507675018,"data":"[912/940] ok           masked.softmax complex64 (0s, total 1206s)\n"}
,{"stream_name":"stdout","time":1764.507679614,"data":"[913/940] DIFF:SILENT  masked.log_softmax int8 (2s, total 1208s)\n"}
,{"stream_name":"stdout","time":1764.507683332,"data":"[914/940] DIFF:SILENT  masked.log_softmax uint8 (2s, total 1211s)\n"}
,{"stream_name":"stdout","time":1764.507686824,"data":"[915/940] DIFF:SILENT  masked.log_softmax int16 (1s, total 1212s)\n"}
,{"stream_name":"stdout","time":1764.507690864,"data":"[916/940] DIFF:SILENT  masked.log_softmax int32 (2s, total 1214s)\n"}
,{"stream_name":"stdout","time":1764.507695032,"data":"[917/940] DIFF:SILENT  masked.log_softmax int64 (2s, total 1216s)\n"}
,{"stream_name":"stdout","time":1764.507698647,"data":"[918/940] ok           masked.log_softmax bool (0s, total 1216s)\n"}
,{"stream_name":"stdout","time":1764.50770202,"data":"[919/940] ok           masked.log_softmax complex64 (0s, total 1216s)\n"}
,{"stream_name":"stdout","time":1764.507705555,"data":"[920/940] DIFF:SILENT  masked.softmin int8 (2s, total 1218s)\n"}
,{"stream_name":"stdout","time":1764.507709087,"data":"[921/940] DIFF:SILENT  masked.softmin uint8 (2s, total 1220s)\n"}
,{"stream_name":"stdout","time":1764.507854988,"data":"[922/940] DIFF:SILENT  masked.softmin int16 (1s, total 1222s)\n"}
,{"stream_name":"stdout","time":1764.507861527,"data":"[923/940] DIFF:SILENT  masked.softmin int32 (2s, total 1224s)\n"}
,{"stream_name":"stdout","time":1764.507866063,"data":"[924/940] DIFF:SILENT  masked.softmin int64 (2s, total 1225s)\n"}
,{"stream_name":"stdout","time":1764.507870208,"data":"[925/940] ok           masked.softmin bool (0s, total 1226s)\n"}
,{"stream_name":"stdout","time":1764.507874197,"data":"[926/940] ok           masked.softmin complex64 (0s, total 1226s)\n"}
,{"stream_name":"stdout","time":1764.507877802,"data":"[927/940] DIFF:SILENT  masked.logaddexp int8 (4s, total 1230s)\n"}
,{"stream_name":"stdout","time":1764.507892011,"data":"[928/940] DIFF:SILENT  masked.logaddexp uint8 (5s, total 1235s)\n"}
,{"stream_name":"stdout","time":1764.507895963,"data":"[929/940] DIFF:SILENT  masked.logaddexp int16 (3s, total 1238s)\n"}
,{"stream_name":"stdout","time":1764.507899602,"data":"[930/940] DIFF:SILENT  masked.logaddexp int32 (4s, total 1243s)\n"}
,{"stream_name":"stdout","time":1764.507903148,"data":"[931/940] DIFF:SILENT  masked.logaddexp int64 (5s, total 1247s)\n"}
,{"stream_name":"stdout","time":1764.50790706,"data":"[932/940] ok           masked.logaddexp bool (0s, total 1247s)\n"}
,{"stream_name":"stdout","time":1764.507910839,"data":"[933/940] ok           masked.logaddexp complex64 (4s, total 1251s)\n"}
,{"stream_name":"stdout","time":1764.507914949,"data":"[934/940] ok           masked.logsumexp bool (1s, total 1252s)\n"}
,{"stream_name":"stdout","time":1764.507918507,"data":"[935/940] ok           bmm int8 (1s, total 1254s)\n"}
,{"stream_name":"stdout","time":1764.507921993,"data":"[936/940] ok           bmm uint8 (1s, total 1255s)\n"}
,{"stream_name":"stdout","time":1764.507925595,"data":"[937/940] ok           bmm int16 (1s, total 1256s)\n"}
,{"stream_name":"stdout","time":1764.507929305,"data":"[938/940] ok           bmm int32 (1s, total 1257s)\n"}
,{"stream_name":"stdout","time":1764.507932646,"data":"[939/940] ok           bmm int64 (1s, total 1258s)\n"}
,{"stream_name":"stdout","time":1764.507936556,"data":"[940/940] DIFF:SIGNZERO bmm complex64 (0s, total 1258s)\n"}
,{"stream_name":"stdout","time":1764.50794018,"data":"SWEEP DONE\n"}
,{"stream_name":"stdout","time":1764.507943887,"data":"\n"}
,{"stream_name":"stdout","time":1764.507947405,"data":"exit 0 t__.py\", line 2140, in _check\n"}
,{"stream_name":"stdout","time":1764.50795255,"data":"E0922 05:56:17.901000 1416 torch/_subclasses/fake_tensor.py:3212] [0/0]     _check_with(RuntimeError, cond, message)\n"}
,{"stream_name":"stdout","time":1764.507956778,"data":"E0922 05:56:17.901000 1416 torch/_subclasses/fake_tensor.py:3212] [0/0]   File \"/usr/local/lib/python3.12/dist-packages/torch/__init__.py\", line 2118, in _check_with\n"}
,{"stream_name":"stdout","time":1764.507961143,"data":"E0922 05:56:17.901000 1416 torch/_subclasses/fake_tensor.py:3212] [0/0]     raise error_type(message_evaluated)\n"}
,{"stream_name":"stdout","time":1764.507965122,"data":"E0922 05:56:17.901000 1416 torch/_subclasses/fake_tensor.py:3212] [0/0] RuntimeError: linalg.vector_norm: Expected a floating point or complex tensor as input. Got torch.bool\n"}
,{"stream_name":"stdout","time":1764.507969728,"data":"\n"}
,{"stream_name":"stdout","time":1764.507973385,"data":"=====JSONL BEGIN\n"}
,{"stream_name":"stdout","time":1764.507977108,"data":"{\"op\": \"abs\", \"dtype\": \"bool\", \"samples\": 1, \"diffs\": [], \"errors\": [], \"verdict\": \"ok\"}\n"}
,{"stream_name":"stdout","time":1764.507981848,"data":"{\"op\": \"arange\", \"dtype\": \"bool\", \"samples\": 3, \"diffs\": [], \"errors\": [], \"verdict\": \"ok\"}\n"}
,{"stream_name":"stdout","time":1764.507986606,"data":"{\"op\": \"arange\", \"dtype\": \"complex64\", \"samples\": 3, \"diffs\": [], \"errors\": [], \"verdict\": \"ok\"}\n"}
,{"stream_name":"stdout","time":1764.507991466,"data":"{\"op\": \"clamp_max\", \"dtype\": \"complex64\", \"samples\": 3, \"diffs\": [], \"errors\": [], \"verdict\": \"ok\"}\n"}
,{"stream_name":"stdout","time":1764.507996151,"data":"{\"op\": \"clamp_min\", \"dtype\": \"complex64\", \"samples\": 3, \"diffs\": [], \"errors\": [], \"verdict\": \"ok\"}\n"}
,{"stream_name":"stdout","time":1764.508000247,"data":"{\"op\": \"sub\", \"dtype\": \"bool\", \"samples\": 3, \"diffs\": [], \"errors\": [], \"verdict\": \"ok\"}\n"}
,{"stream_name":"stdout","time":1764.508009411,"data":"{\"op\": \"addmm\", \"dtype\": \"bool\", \"samples\": 3, \"diffs\": [], \"errors\": [], \"verdict\": \"ok\"}\n"}
,{"stream_name":"stdout","time":1764.508013547,"data":"{\"op\": \"addmm\", \"dtype\": \"bool\", \"samples\": 3, \"diffs\": [], \"errors\": [], \"verdict\": \"ok\"}\n"}
,{"stream_name":"stdout","time":1764.508019198,"data":"{\"op\": \"addmv\", \"dtype\": \"bool\", \"samples\": 3, \"diffs\": [{\"i\": 0, \"class\": \"SILENT\", \"detail\": \"eager raises NotImplementedError, compiled returns\"}, {\"i\": 1, \"class\": \"SILENT\", \"detail\": \"eager raises NotImplementedError, compiled returns\"}, {\"i\": 2, \"class\": \"SILENT\", \"detail\": \"eager raises NotImplementedError, compiled returns\"}], \"errors\": [], \"verdict\": \"DIFF:SILENT\"}\n"}
,{"stream_name":"stdout","time":1764.508026957,"data":"{\"op\": \"addbmm\", \"dtype\": \"bool\", \"samples\": 3, \"diffs\": [], \"errors\": [], \"verdict\": \"ok\"}\n"}
,{"stream_name":"stdout","time":1764.508031649,"data":"{\"op\": \"baddbmm\", \"dtype\": \"bool\", \"samples\": 3, \"diffs\": [], \"errors\": [], \"verdict\": \"ok\"}\n"}
,{"stream_name":"stdout","time":1764.508036419,"data":"{\"op\": \"dot\", \"dtype\": \"bool\", \"samples\": 1, \"diffs\": [{\"i\": 0, \"class\": \"SILENT\", \"detail\": \"eager raises NotImplementedError, compiled returns\"}], \"errors\": [], \"verdict\": \"DIFF:SILENT\"}\n"}
,{"stream_name":"stdout","time":1764.508043026,"data":"{\"op\": \"vdot\", \"dtype\": \"bool\", \"samples\": 1, \"diffs\": [{\"i\": 0, \"class\": \"SILENT\", \"detail\": \"eager raises NotImplementedError, compiled returns\"}], \"errors\": [], \"verdict\": \"DIFF:SILENT\"}\n"}
,{"stream_name":"stdout","time":1764.50804822,"data":"{\"op\": \"bmm\", \"dtype\": \"bool\", \"samples\": 1, \"diffs\": [], \"errors\": [], \"verdict\": \"ok\"}\n"}
,{"stream_name":"stdout","time":1764.508053027,"data":"{\"op\": \"mv\", \"dtype\": \"bool\", \"samples\": 1, \"diffs\": [{\"i\": 0, \"class\": \"SILENT\", \"detail\": \"eager raises NotImplementedError, compiled returns\"}], \"errors\": [], \"verdict\": \"DIFF:SILENT\"}\n"}
,{"stream_name":"stdout","time":1764.508058008,"data":"{\"op\": \"addcmul\", \"dtype\": \"bool\", \"samples\": 3, \"diffs\": [], \"errors\": [], \"verdict\": \"ok\"}\n"}
,{"stream_name":"stdout","time":1764.5080625,"data":"{\"op\": \"addcdiv\", \"dtype\": \"int8\", \"samples\": 3, \"diffs\": [{\"i\": 1, \"class\": \"SILENT\", \"detail\": \"eager raises RuntimeError, compiled returns\"}], \"errors\": [], \"verdict\": \"DIFF:SILENT\"}\n"}
,{"stream_name":"stdout","time":1764.508067503,"data":"{\"op\": \"addcdiv\", \"dtype\": \"uint8\", \"samples\": 3, \"diffs\": [{\"i\": 1, \"class\": \"SILENT\", \"detail\": \"eager raises RuntimeError, compiled returns\"}], \"errors\": [], \"verdict\": \"DIFF:SILENT\"}\n"}
,{"stream_name":"stdout","time":1764.508072652,"data":"{\"op\": \"addcdiv\", \"dtype\": \"int16\", \"samples\": 3, \"diffs\": [{\"i\": 1, \"class\": \"SILENT\", \"detail\": \"eager raises RuntimeError, compiled returns\"}], \"errors\": [], \"verdict\": \"DIFF:SILENT\"}\n"}
,{"stream_name":"stdout","time":1764.508077875,"data":"{\"op\": \"addcdiv\", \"dtype\": \"int32\", \"samples\": 3, \"diffs\": [{\"i\": 1, \"class\": \"SILENT\", \"detail\": \"eager raises RuntimeError, compiled returns\"}], \"errors\": [], \"verdict\": \"DIFF:SILENT\"}\n"}
,{"stream_name":"stdout","time":1764.508083065,"data":"{\"op\": \"addcdiv\", \"dtype\": \"int64\", \"samples\": 3, \"diffs\": [{\"i\": 1, \"class\": \"SILENT\", \"detail\": \"eager raises RuntimeError, compiled returns\"}], \"errors\": [], \"verdict\": \"DIFF:SILENT\"}\n"}
,{"stream_name":"stdout","time":1764.508088346,"data":"{\"op\": \"addcdiv\", \"dtype\": \"bool\", \"samples\": 3, \"diffs\": [{\"i\": 1, \"class\": \"SILENT\", \"detail\": \"eager raises RuntimeError, compiled returns\"}], \"errors\": [], \"verdict\": \"DIFF:SILENT\"}\n"}
,{"stream_name":"stdout","time":1764.50809775,"data":"{\"op\": \"atan2\", \"dtype\": \"complex64\", \"samples\": 3, \"diffs\": [], \"errors\": [], \"verdict\": \"ok\"}\n"}
,{"stream_name":"stdout","time":1764.508101726,"data":"{\"op\": \"allclose\", \"dtype\": \"int8\", \"samples\": 3, \"diffs\": [], \"errors\": [], \"verdict\": \"ok\"}\n"}
,{"stream_name":"stdout","time":1764.508106397,"data":"{\"op\": \"allclose\", \"dtype\": \"uint8\", \"samples\": 3, \"diffs\": [], \"errors\": [], \"verdict\": \"ok\"}\n"}
,{"stream_name":"stdout","time":1764.508110999,"data":"{\"op\": \"allclose\", \"dtype\": \"int16\", \"samples\": 3, \"diffs\": [], \"errors\": [], \"verdict\": \"ok\"}\n"}
,{"stream_name":"stdout","time":1764.508116145,"data":"{\"op\": \"allclose\", \"dtype\": \"int32\", \"samples\": 3, \"diffs\": [], \"errors\": [], \"verdict\": \"ok\"}\n"}
,{"stream_name":"stdout","time":1764.50812074,"data":"{\"op\": \"allclose\", \"dtype\": \"int64\", \"samples\": 3, \"diffs\": [], \"errors\": [], \"verdict\": \"ok\"}\n"}
,{"stream_name":"stdout","time":1764.508125472,"data":"{\"op\": \"allclose\", \"dtype\": \"bool\", \"samples\": 3, \"diffs\": [], \"errors\": [], \"verdict\": \"ok\"}\n"}
,{"stream_name":"stdout","time":1764.508130322,"data":"{\"op\": \"broadcast_shapes\", \"dtype\": \"int8\", \"samples\": 3, \"diffs\": [], \"errors\": [], \"verdict\": \"ok\"}\n"}
,{"stream_name":"stdout","time":1764.508135219,"data":"{\"op\": \"broadcast_shapes\", \"dtype\": \"uint8\", \"samples\": 3, \"diffs\": [], \"errors\": [], \"verdict\": \"ok\"}\n"}
,{"stream_name":"stdout","time":1764.508139764,"data":"{\"op\": \"broadcast_shapes\", \"dtype\": \"int16\", \"samples\": 3, \"diffs\": [], \"errors\": [], \"verdict\": \"ok\"}\n"}
,{"stream_name":"stdout","time":1764.508144482,"data":"{\"op\": \"broadcast_shapes\", \"dtype\": \"int32\", \"samples\": 3, \"diffs\": [], \"errors\": [], \"verdict\": \"ok\"}\n"}
,{"stream_name":"stdout","time":1764.508148913,"data":"{\"op\": \"broadcast_shapes\", \"dtype\": \"int64\", \"samples\": 3, \"diffs\": [], \"errors\": [], \"verdict\": \"ok\"}\n"}
,{"stream_name":"stdout","time":1764.508153287,"data":"{\"op\": \"broadcast_shapes\", \"dtype\": \"bool\", \"samples\": 3, \"diffs\": [], \"errors\": [], \"verdict\": \"ok\"}\n"}
,{"stream_name":"stdout","time":1764.508157798,"data":"{\"op\": \"broadcast_shapes\", \"dtype\": \"float16\", \"samples\": 3, \"diffs\": [], \"errors\": [], \"verdict\": \"ok\"}\n"}
,{"stream_name":"stdout","time":1764.508162275,"data":"{\"op\": \"broadcast_shapes\", \"dtype\": \"bfloat16\", \"samples\": 3, \"diffs\": [], \"errors\": [], \"verdict\": \"ok\"}\n"}
,{"stream_name":"stdout","time":1764.508166647,"data":"{\"op\": \"broadcast_shapes\", \"dtype\": \"float64\", \"samples\": 3, \"diffs\": [], \"errors\": [], \"verdict\": \"ok\"}\n"}
,{"stream_name":"stdout","time":1764.508171362,"data":"{\"op\": \"broadcast_shapes\", \"dtype\": \"complex64\", \"samples\": 3, \"diffs\": [], \"errors\": [], \"verdict\": \"ok\"}\n"}
,{"stream_name":"stdout","time":1764.50817608,"data":"{\"op\": \"bitwise_not\", \"dtype\": \"float16\", \"samples\": 3, \"diffs\": [{\"i\": 0, \"class\": \"SILENT\", \"detail\": \"eager raises NotImplementedError, compiled returns\"}, {\"i\": 1, \"class\": \"SILENT\", \"detail\": \"eager raises NotImplementedError, compiled returns\"}], \"errors\": [], \"verdict\": \"DIFF:SILENT\"}\n"}
,{"stream_name":"stdout","time":1764.508182149,"data":"{\"op\": \"bitwise_not\", \"dtype\": \"bfloat16\", \"samples\": 3, \"diffs\": [{\"i\": 0, \"class\": \"SILENT\", \"detail\": \"eager raises NotImplementedError, compiled returns\"}, {\"i\": 1, \"class\": \"SILENT\", \"detail\": \"eager raises NotImplementedError, compiled returns\"}], \"errors\": [], \"verdict\": \"DIFF:SILENT\"}\n"}
,{"stream_name":"stdout","time":1764.508188474,"data":"{\"op\": \"bitwise_not\", \"dtype\": \"float32\", \"samples\": 3, \"diffs\": [{\"i\": 0, \"class\": \"SILENT\", \"detail\": \"eager raises NotImplementedError, compiled returns\"}, {\"i\": 1, \"class\": \"SILENT\", \"detail\": \"eager raises NotImplementedError, compiled returns\"}], \"errors\": [], \"verdict\": \"DIFF:SILENT\"}\n"}
,{"stream_name":"stdout","time":1764.508207011,"data":"{\"op\": \"bitwise_not\", \"dtype\": \"float64\", \"samples\": 3, \"diffs\": [{\"i\": 0, \"class\": \"SILENT\", \"detail\": \"eager raises NotImplementedError, compiled returns\"}, {\"i\": 1, \"class\": \"SILENT\", \"detail\": \"eager raises NotImplementedError, compiled returns\"}], \"errors\": [], \"verdict\": \"DIFF:SILENT\"}\n"}
,{"stream_name":"stdout","time":1764.508213208,"data":"{\"op\": \"bitwise_not\", \"dtype\": \"complex64\", \"samples\": 3, \"diffs\": [], \"errors\": [], \"verdict\": \"ok\"}\n"}
,{"stream_name":"stdout","time":1764.508217687,"data":"{\"op\": \"bitwise_left_shift\", \"dtype\": \"bool\", \"samples\": 3, \"diffs\": [], \"errors\": [], \"verdict\": \"ok\"}\n"}
,{"stream_name":"stdout","time":1764.508222337,"data":"{\"op\": \"bitwise_left_shift\", \"dtype\": \"float16\", \"samples\": 3, \"diffs\": [], \"errors\": [], \"verdict\": \"ok\"}\n"}
,{"stream_name":"stdout","time":1764.508227131,"data":"{\"op\": \"bitwise_left_shift\", \"dtype\": \"bfloat16\", \"samples\": 3, \"diffs\": [], \"errors\": [], \"verdict\": \"ok\"}\n"}
,{"stream_name":"stdout","time":1764.508231728,"data":"{\"op\": \"bitwise_left_shift\", \"dtype\": \"float32\", \"samples\": 3, \"diffs\": [], \"errors\": [], \"verdict\": \"ok\"}\n"}
,{"stream_name":"stdout","time":1764.508236208,"data":"{\"op\": \"bitwise_left_shift\", \"dtype\": \"float64\", \"samples\": 3, \"diffs\": [], \"errors\": [], \"verdict\": \"ok\"}\n"}
,{"stream_name":"stdout","time":1764.508240663,"data":"{\"op\": \"bitwise_left_shift\", \"dtype\": \"complex64\", \"samples\": 3, \"diffs\": [], \"errors\": [], \"verdict\": \"ok\"}\n"}
,{"stream_name":"stdout","time":1764.508245142,"data":"{\"op\": \"bitwise_right_shift\", \"dtype\": \"bool\", \"samples\": 3, \"diffs\": [], \"errors\": [], \"verdict\": \"ok\"}\n"}
,{"stream_name":"stdout","time":1764.508249708,"data":"{\"op\": \"bitwise_right_shift\", \"dtype\": \"float16\", \"samples\": 3, \"diffs\": [], \"errors\": [], \"verdict\": \"ok\"}\n"}
,{"stream_name":"stdout","time":1764.508254098,"data":"{\"op\": \"bitwise_right_shift\", \"dtype\": \"bfloat16\", \"samples\": 3, \"diffs\": [], \"errors\": [], \"verdict\": \"ok\"}\n"}
,{"stream_name":"stdout","time":1764.5082586,"data":"{\"op\": \"bitwise_right_shift\", \"dtype\": \"float32\", \"samples\": 3, \"diffs\": [], \"errors\": [], \"verdict\": \"ok\"}\n"}
,{"stream_name":"stdout","time":1764.508263583,"data":"{\"op\": \"bitwise_right_shift\", \"dtype\": \"float64\", \"samples\": 3, \"diffs\": [], \"errors\": [], \"verdict\": \"ok\"}\n"}
,{"stream_name":"stdout","time":1764.508268005,"data":"{\"op\": \"bitwise_right_shift\", \"dtype\": \"complex64\", \"samples\": 3, \"diffs\": [], \"errors\": [], \"verdict\": \"ok\"}\n"}
,{"stream_name":"stdout","time":1764.508272442,"data":"{\"op\": \"cdist\", \"dtype\": \"int8\", \"samples\": 3, \"diffs\": [], \"errors\": [], \"verdict\": \"ok\"}\n"}
,{"stream_name":"stdout","time":1764.508276795,"data":"{\"op\": \"cdist\", \"dtype\": \"uint8\", \"samples\": 3, \"diffs\": [], \"errors\": [], \"verdict\": \"ok\"}\n"}
,{"stream_name":"stdout","time":1764.50828158,"data":"{\"op\": \"cdist\", \"dtype\": \"int16\", \"samples\": 3, \"diffs\": [], \"errors\": [], \"verdict\": \"ok\"}\n"}
,{"stream_name":"stdout","time":1764.508284606,"data":"{\"op\": \"cdist\", \"dtype\": \"int32\", \"samples\": 3, \"diffs\": [], \"errors\": [], \"verdict\": \"ok\"}\n"}
,{"stream_name":"stdout","time":1764.508288765,"data":"{\"op\": \"cdist\", \"dtype\": \"int64\", \"samples\": 3, \"diffs\": [], \"errors\": [], \"verdict\": \"ok\"}\n"}
,{"stream_name":"stdout","time":1764.508296768,"data":"{\"op\": \"cdist\", \"dtype\": \"bool\", \"samples\": 3, \"diffs\": [], \"errors\": [], \"verdict\": \"ok\"}\n"}
,{"stream_name":"stdout","time":1764.50830195,"data":"{\"op\": \"cdist\", \"dtype\": \"float16\", \"samples\": 3, \"diffs\": [], \"errors\": [], \"verdict\": \"ok\"}\n"}
,{"stream_name":"stdout","time":1764.508306656,"data":"{\"op\": \"cdist\", \"dtype\": \"bfloat16\", \"samples\": 3, \"diffs\": [], \"errors\": [], \"verdict\": \"ok\"}\n"}
,{"stream_name":"stdout","time":1764.50831161,"data":"{\"op\": \"cdist\", \"dtype\": \"complex64\", \"samples\": 3, \"diffs\": [], \"errors\": [], \"verdict\": \"ok\"}\n"}
,{"stream_name":"stdout","time":1764.508316537,"data":"{\"op\": \"ceil\", \"dtype\": \"bool\", \"samples\": 1, \"diffs\": [{\"i\": 0, \"class\": \"SILENT\", \"detail\": \"eager raises NotImplementedError, compiled returns\"}], \"errors\": [], \"verdict\": \"DIFF:SILENT\"}\n"}
,{"stream_name":"stdout","time":1764.508322009,"data":"{\"op\": \"ceil\", \"dtype\": \"complex64\", \"samples\": 1, \"diffs\": [], \"errors\": [], \"verdict\": \"ok\"}\n"}
,{"stream_name":"stdout","time":1764.508326714,"data":"{\"op\": \"clamp\", \"dtype\": \"bool\", \"samples\": 3, \"diffs\": [{\"i\": 0, \"class\": \"SILENT\", \"detail\": \"eager raises NotImplementedError, compiled returns\"}, {\"i\": 1, \"class\": \"SILENT\", \"detail\": \"eager raises NotImplementedError, compiled returns\"}], \"errors\": [], \"verdict\": \"DIFF:SILENT\"}\n"}
,{"stream_name":"stdout","time":1764.508332548,"data":"{\"op\": \"clamp\", \"dtype\": \"complex64\", \"samples\": 3, \"diffs\": [], \"errors\": [], \"verdict\": \"ok\"}\n"}
,{"stream_name":"stdout","time":1764.508336928,"data":"{\"op\": \"positive\", \"dtype\": \"bool\", \"samples\": 1, \"diffs\": [], \"errors\": [], \"verdict\": \"ok\"}\n"}
,{"stream_name":"stdout","time":1764.508341835,"data":"{\"op\": \"view_as_real\", \"dtype\": \"int8\", \"samples\": 2, \"diffs\": [], \"errors\": [], \"verdict\": \"ok\"}\n"}
,{"stream_name":"stdout","time":1764.508346263,"data":"{\"op\": \"view_as_real\", \"dtype\": \"uint8\", \"samples\": 2, \"diffs\": [], \"errors\": [], \"verdict\": \"ok\"}\n"}
,{"stream_name":"stdout","time":1764.508350705,"data":"{\"op\": \"view_as_real\", \"dtype\": \"int16\", \"samples\": 2, \"diffs\": [], \"errors\": [], \"verdict\": \"ok\"}\n"}
,{"stream_name":"stdout","time":1764.508355163,"data":"{\"op\": \"view_as_real\", \"dtype\": \"int32\", \"samples\": 2, \"diffs\": [], \"errors\": [], \"verdict\": \"ok\"}\n"}
,{"stream_name":"stdout","time":1764.508359544,"data":"{\"op\": \"view_as_real\", \"dtype\": \"int64\", \"samples\": 2, \"diffs\": [], \"errors\": [], \"verdict\": \"ok\"}\n"}
,{"stream_name":"stdout","time":1764.508364283,"data":"{\"op\": \"view_as_real\", \"dtype\": \"bool\", \"samples\": 2, \"diffs\": [], \"errors\": [], \"verdict\": \"ok\"}\n"}
,{"stream_name":"stdout","time":1764.508369714,"data":"{\"op\": \"view_as_real\", \"dtype\": \"float16\", \"samples\": 2, \"diffs\": [], \"errors\": [], \"verdict\": \"ok\"}\n"}
,{"stream_name":"stdout","time":1764.508372852,"data":"{\"op\": \"view_as_real\", \"dtype\": \"bfloat16\", \"samples\": 2, \"diffs\": [], \"errors\": [], \"verdict\": \"ok\"}\n"}
,{"stream_name":"stdout","time":1764.508375982,"data":"{\"op\": \"view_as_real\", \"dtype\": \"float32\", \"samples\": 2, \"diffs\": [], \"errors\": [], \"verdict\": \"ok\"}\n"}
,{"stream_name":"stdout","time":1764.508380397,"data":"{\"op\": \"view_as_real\", \"dtype\": \"float64\", \"samples\": 2, \"diffs\": [], \"errors\": [], \"verdict\": \"ok\"}\n"}
,{"stream_name":"stdout","time":1764.508384951,"data":"{\"op\": \"view_as_complex\", \"dtype\": \"int8\", \"samples\": 1, \"diffs\": [], \"errors\": [], \"verdict\": \"ok\"}\n"}
,{"stream_name":"stdout","time":1764.508393382,"data":"{\"op\": \"view_as_complex\", \"dtype\": \"uint8\", \"samples\": 1, \"diffs\": [], \"errors\": [], \"verdict\": \"ok\"}\n"}
,{"stream_name":"stdout","time":1764.508398159,"data":"{\"op\": \"view_as_complex\", \"dtype\": \"int16\", \"samples\": 1, \"diffs\": [], \"errors\": [], \"verdict\": \"ok\"}\n"}
,{"stream_name":"stdout","time":1764.508402958,"data":"{\"op\": \"view_as_complex\", \"dtype\": \"int32\", \"samples\": 1, \"diffs\": [], \"errors\": [], \"verdict\": \"ok\"}\n"}
,{"stream_name":"stdout","time":1764.508421945,"data":"{\"op\": \"view_as_complex\", \"dtype\": \"int64\", \"samples\": 1, \"diffs\": [], \"errors\": [], \"verdict\": \"ok\"}\n"}
,{"stream_name":"stdout","time":1764.508427227,"data":"{\"op\": \"view_as_complex\", \"dtype\": \"bool\", \"samples\": 1, \"diffs\": [], \"errors\": [], \"verdict\": \"ok\"}\n"}
,{"stream_name":"stdout","time":1764.50843184,"data":"{\"op\": \"view_as_complex\", \"dtype\": \"bfloat16\", \"samples\": 1, \"diffs\": [], \"errors\": [], \"verdict\": \"ok\"}\n"}
,{"stream_name":"stdout","time":1764.508441625,"data":"{\"op\": \"view_as_complex\", \"dtype\": \"complex64\", \"samples\": 1, \"diffs\": [], \"errors\": [], \"verdict\": \"ok\"}\n"}
,{"stream_name":"stdout","time":1764.508446362,"data":"{\"op\": \"complex\", \"dtype\": \"int8\", \"samples\": 3, \"diffs\": [], \"errors\": [], \"verdict\": \"ok\"}\n"}
,{"stream_name":"stdout","time":1764.508450909,"data":"{\"op\": \"complex\", \"dtype\": \"uint8\", \"samples\": 3, \"diffs\": [], \"errors\": [], \"verdict\": \"ok\"}\n"}
,{"stream_name":"stdout","time":1764.508455355,"data":"{\"op\": \"complex\", \"dtype\": \"int16\", \"samples\": 3, \"diffs\": [], \"errors\": [], \"verdict\": \"ok\"}\n"}
,{"stream_name":"stdout","time":1764.508459825,"data":"{\"op\": \"complex\", \"dtype\": \"int32\", \"samples\": 3, \"diffs\": [], \"errors\": [], \"verdict\": \"ok\"}\n"}
,{"stream_name":"stdout","time":1764.508464388,"data":"{\"op\": \"complex\", \"dtype\": \"int64\", \"samples\": 3, \"diffs\": [], \"errors\": [], \"verdict\": \"ok\"}\n"}
,{"stream_name":"stdout","time":1764.508469277,"data":"{\"op\": \"complex\", \"dtype\": \"bool\", \"samples\": 3, \"diffs\": [], \"errors\": [], \"verdict\": \"ok\"}\n"}
,{"stream_name":"stdout","time":1764.508473678,"data":"{\"op\": \"complex\", \"dtype\": \"bfloat16\", \"samples\": 3, \"diffs\": [], \"errors\": [], \"verdict\": \"ok\"}\n"}
,{"stream_name":"stdout","time":1764.508478633,"data":"{\"op\": \"complex\", \"dtype\": \"complex64\", \"samples\": 3, \"diffs\": [], \"errors\": [], \"verdict\": \"ok\"}\n"}
,{"stream_name":"stdout","time":1764.508483285,"data":"{\"op\": \"copysign\", \"dtype\": \"complex64\", \"samples\": 3, \"diffs\": [], \"errors\": [], \"verdict\": \"ok\"}\n"}
,{"stream_name":"stdout","time":1764.508488524,"data":"{\"op\": \"corrcoef\", \"dtype\": \"bool\", \"samples\": 3, \"diffs\": [], \"errors\": [], \"verdict\": \"ok\"}\n"}
,{"stream_name":"stdout","time":1764.508492953,"data":"{\"op\": \"cov\", \"dtype\": \"bool\", \"samples\": 3, \"diffs\": [], \"errors\": [], \"verdict\": \"ok\"}\n"}
,{"stream_name":"stdout","time":1764.508497463,"data":"{\"op\": \"cross\", \"dtype\": \"bool\", \"samples\": 3, \"diffs\": [], \"errors\": [], \"verdict\": \"ok\"}\n"}
,{"stream_name":"stdout","time":1764.50850198,"data":"{\"op\": \"cumsum\", \"dtype\": \"bool\", \"samples\": 3, \"diffs\": [], \"errors\": [], \"verdict\": \"ok\"}\n"}
,{"stream_name":"stdout","time":1764.508506692,"data":"{\"op\": \"cumprod\", \"dtype\": \"bool\", \"samples\": 3, \"diffs\": [], \"errors\": [], \"verdict\": \"ok\"}\n"}
,{"stream_name":"stdout","time":1764.508511129,"data":"{\"op\": \"cummax\", \"dtype\": \"complex64\", \"samples\": 3, \"diffs\": [], \"errors\": [], \"verdict\": \"ok\"}\n"}
,{"stream_name":"stdout","time":1764.508519274,"data":"{\"op\": \"cummin\", \"dtype\": \"complex64\", \"samples\": 3, \"diffs\": [], \"errors\": [], \"verdict\": \"ok\"}\n"}
,{"stream_name":"stdout","time":1764.508523832,"data":"{\"op\": \"deg2rad\", \"dtype\": \"complex64\", \"samples\": 1, \"diffs\": [], \"errors\": [], \"verdict\": \"ok\"}\n"}
,{"stream_name":"stdout","time":1764.508528216,"data":"{\"op\": \"div\", \"dtype\": \"bool\", \"samples\": 3, \"diffs\": [], \"errors\": [], \"verdict\": \"ok\"}\n"}
,{"stream_name":"stdout","time":1764.508532545,"data":"{\"op\": \"div\", \"dtype\": \"complex64\", \"samples\": 3, \"diffs\": [], \"errors\": [], \"verdict\": \"ok\"}\n"}
,{"stream_name":"stdout","time":1764.508537125,"data":"{\"op\": \"div\", \"dtype\": \"bool\", \"samples\": 3, \"diffs\": [], \"errors\": [], \"verdict\": \"ok\"}\n"}
,{"stream_name":"stdout","time":1764.508541509,"data":"{\"op\": \"div\", \"dtype\": \"complex64\", \"samples\": 3, \"diffs\": [], \"errors\": [], \"verdict\": \"ok\"}\n"}
,{"stream_name":"stdout","time":1764.508545959,"data":"{\"op\": \"fmax\", \"dtype\": \"complex64\", \"samples\": 3, \"diffs\": [], \"errors\": [], \"verdict\": \"ok\"}\n"}
,{"stream_name":"stdout","time":1764.508548763,"data":"{\"op\": \"fmin\", \"dtype\": \"complex64\", \"samples\": 3, \"diffs\": [], \"errors\": [], \"verdict\": \"ok\"}\n"}
,{"stream_name":"stdout","time":1764.508552162,"data":"{\"op\": \"fmod\", \"dtype\": \"bool\", \"samples\": 3, \"diffs\": [{\"i\": 0, \"class\": \"SILENT\", \"detail\": \"eager raises NotImplementedError, compiled returns\"}, {\"i\": 1, \"class\": \"SILENT\", \"detail\": \"eager raises NotImplementedError, compiled returns\"}, {\"i\": 2, \"class\": \"SILENT\", \"detail\": \"eager raises NotImplementedError, compiled returns\"}], \"errors\": [], \"verdict\": \"DIFF:SILENT\"}\n"}
,{"stream_name":"stdout","time":1764.508558691,"data":"{\"op\": \"fmod\", \"dtype\": \"complex64\", \"samples\": 3, \"diffs\": [], \"errors\": [], \"verdict\": \"ok\"}\n"}
,{"stream_name":"stdout","time":1764.508563348,"data":"{\"op\": \"remainder\", \"dtype\": \"bool\", \"samples\": 3, \"diffs\": [{\"i\": 0, \"class\": \"SILENT\", \"detail\": \"eager raises NotImplementedError, compiled returns\"}], \"errors\": [], \"verdict\": \"DIFF:SILENT\"}\n"}
,{"stream_name":"stdout","time":1764.50856866,"data":"{\"op\": \"remainder\", \"dtype\": \"complex64\", \"samples\": 3, \"diffs\": [], \"errors\": [], \"verdict\": \"ok\"}\n"}
,{"stream_name":"stdout","time":1764.508574001,"data":"{\"op\": \"frac\", \"dtype\": \"int8\", \"samples\": 1, \"diffs\": [{\"i\": 0, \"class\": \"SILENT\", \"detail\": \"eager raises NotImplementedError, compiled returns\"}], \"errors\": [], \"verdict\": \"DIFF:SILENT\"}\n"}
,{"stream_name":"stdout","time":1764.508579463,"data":"{\"op\": \"frac\", \"dtype\": \"uint8\", \"samples\": 1, \"diffs\": [{\"i\": 0, \"class\": \"SILENT\", \"detail\": \"eager raises NotImplementedError, compiled returns\"}], \"errors\": [], \"verdict\": \"DIFF:SILENT\"}\n"}
,{"stream_name":"stdout","time":1764.508584999,"data":"{\"op\": \"frac\", \"dtype\": \"int16\", \"samples\": 1, \"diffs\": [{\"i\": 0, \"class\": \"SILENT\", \"detail\": \"eager raises NotImplementedError, compiled returns\"}], \"errors\": [], \"verdict\": \"DIFF:SILENT\"}\n"}
,{"stream_name":"stdout","time":1764.50859006,"data":"{\"op\": \"frac\", \"dtype\": \"int32\", \"samples\": 1, \"diffs\": [{\"i\": 0, \"class\": \"SILENT\", \"detail\": \"eager raises NotImplementedError, compiled returns\"}], \"errors\": [], \"verdict\": \"DIFF:SILENT\"}\n"}
,{"stream_name":"stdout","time":1764.508595292,"data":"{\"op\": \"frac\", \"dtype\": \"int64\", \"samples\": 1, \"diffs\": [{\"i\": 0, \"class\": \"SILENT\", \"detail\": \"eager raises NotImplementedError, compiled returns\"}], \"errors\": [], \"verdict\": \"DIFF:SILENT\"}\n"}
,{"stream_name":"stdout","time":1764.508600445,"data":"{\"op\": \"frac\", \"dtype\": \"bool\", \"samples\": 1, \"diffs\": [], \"errors\": [], \"verdict\": \"ok\"}\n"}
,{"stream_name":"stdout","time":1764.508608523,"data":"{\"op\": \"frac\", \"dtype\": \"complex64\", \"samples\": 1, \"diffs\": [], \"errors\": [], \"verdict\": \"ok\"}\n"}
,{"stream_name":"stdout","time":1764.508612793,"data":"{\"op\": \"floor\", \"dtype\": \"bool\", \"samples\": 1, \"diffs\": [{\"i\": 0, \"class\": \"SILENT\", \"detail\": \"eager raises NotImplementedError, compiled returns\"}], \"errors\": [], \"verdict\": \"DIFF:SILENT\"}\n"}
,{"stream_name":"stdout","time":1764.508617783,"data":"{\"op\": \"floor\", \"dtype\": \"complex64\", \"samples\": 1, \"diffs\": [], \"errors\": [], \"verdict\": \"ok\"}\n"}
,{"stream_name":"stdout","time":1764.50862223,"data":"{\"op\": \"sparse.sampled_addmm\", \"dtype\": \"int8\", \"samples\": 3, \"diffs\": [], \"errors\": [], \"verdict\": \"ok\"}\n"}
,{"stream_name":"stdout","time":1764.508627016,"data":"{\"op\": \"sparse.sampled_addmm\", \"dtype\": \"uint8\", \"samples\": 3, \"diffs\": [], \"errors\": [], \"verdict\": \"ok\"}\n"}
,{"stream_name":"stdout","time":1764.508631351,"data":"{\"op\": \"sparse.sampled_addmm\", \"dtype\": \"int16\", \"samples\": 3, \"diffs\": [], \"errors\": [], \"verdict\": \"ok\"}\n"}
,{"stream_name":"stdout","time":1764.508636313,"data":"{\"op\": \"sparse.sampled_addmm\", \"dtype\": \"int32\", \"samples\": 3, \"diffs\": [], \"errors\": [], \"verdict\": \"ok\"}\n"}
,{"stream_name":"stdout","time":1764.50863927,"data":"{\"op\": \"sparse.sampled_addmm\", \"dtype\": \"int64\", \"samples\": 3, \"diffs\": [], \"errors\": [], \"verdict\": \"ok\"}\n"}
,{"stream_name":"stdout","time":1764.508642849,"data":"{\"op\": \"sparse.sampled_addmm\", \"dtype\": \"bool\", \"samples\": 3, \"diffs\": [], \"errors\": [], \"verdict\": \"ok\"}\n"}
,{"stream_name":"stdout","time":1764.508647045,"data":"{\"op\": \"sparse.sampled_addmm\", \"dtype\": \"float16\", \"samples\": 3, \"diffs\": [], \"errors\": [], \"verdict\": \"ok\"}\n"}
,{"stream_name":"stdout","time":1764.508651824,"data":"{\"op\": \"sparse.sampled_addmm\", \"dtype\": \"bfloat16\", \"samples\": 3, \"diffs\": [], \"errors\": [], \"verdict\": \"ok\"}\n"}
,{"stream_name":"stdout","time":1764.508660771,"data":"{\"op\": \"sparse.mm\", \"dtype\": \"int8\", \"samples\": 3, \"diffs\": [], \"errors\": [], \"verdict\": \"ok\"}\n"}
,{"stream_name":"stdout","time":1764.508665873,"data":"{\"op\": \"sparse.mm\", \"dtype\": \"uint8\", \"samples\": 3, \"diffs\": [], \"errors\": [], \"verdict\": \"ok\"}\n"}
,{"stream_name":"stdout","time":1764.508671911,"data":"{\"op\": \"sparse.mm\", \"dtype\": \"int16\", \"samples\": 3, \"diffs\": [], \"errors\": [], \"verdict\": \"ok\"}\n"}
,{"stream_name":"stdout","time":1764.508676416,"data":"{\"op\": \"sparse.mm\", \"dtype\": \"int32\", \"samples\": 3, \"diffs\": [], \"errors\": [], \"verdict\": \"ok\"}\n"}
,{"stream_name":"stdout","time":1764.508681075,"data":"{\"op\": \"sparse.mm\", \"dtype\": \"int64\", \"samples\": 3, \"diffs\": [], \"errors\": [], \"verdict\": \"ok\"}\n"}
,{"stream_name":"stdout","time":1764.508685602,"data":"{\"op\": \"sparse.mm\", \"dtype\": \"bool\", \"samples\": 3, \"diffs\": [], \"errors\": [], \"verdict\": \"ok\"}\n"}
,{"stream_name":"stdout","time":1764.508690133,"data":"{\"op\": \"sparse.mm\", \"dtype\": \"complex64\", \"samples\": 3, \"diffs\": [], \"errors\": [], \"verdict\": \"ok\"}\n"}
,{"stream_name":"stdout","time":1764.508694717,"data":"{\"op\": \"i0\", \"dtype\": \"complex64\", \"samples\": 2, \"diffs\": [], \"errors\": [], \"verdict\": \"ok\"}\n"}
,{"stream_name":"stdout","time":1764.508699273,"data":"{\"op\": \"floor_divide\", \"dtype\": \"bool\", \"samples\": 3, \"diffs\": [], \"errors\": [], \"verdict\": \"ok\"}\n"}
,{"stream_name":"stdout","time":1764.50870403,"data":"{\"op\": \"floor_divide\", \"dtype\": \"complex64\", \"samples\": 3, \"diffs\": [], \"errors\": [], \"verdict\": \"ok\"}\n"}
,{"stream_name":"stdout","time":1764.508719739,"data":"{\"op\": \"frexp\", \"dtype\": \"int8\", \"samples\": 3, \"diffs\": [], \"errors\": [], \"verdict\": \"ok\"}\n"}
,{"stream_name":"stdout","time":1764.508724269,"data":"{\"op\": \"frexp\", \"dtype\": \"uint8\", \"samples\": 3, \"diffs\": [], \"errors\": [], \"verdict\": \"ok\"}\n"}
,{"stream_name":"stdout","time":1764.508729369,"data":"{\"op\": \"frexp\", \"dtype\": \"int16\", \"samples\": 3, \"diffs\": [], \"errors\": [], \"verdict\": \"ok\"}\n"}
,{"stream_name":"stdout","time":1764.508732493,"data":"{\"op\": \"frexp\", \"dtype\": \"int32\", \"samples\": 3, \"diffs\": [], \"errors\": [], \"verdict\": \"ok\"}\n"}
,{"stream_name":"stdout","time":1764.508736076,"data":"{\"op\": \"frexp\", \"dtype\": \"int64\", \"samples\": 3, \"diffs\": [], \"errors\": [], \"verdict\": \"ok\"}\n"}
,{"stream_name":"stdout","time":1764.508740665,"data":"{\"op\": \"frexp\", \"dtype\": \"bool\", \"samples\": 3, \"diffs\": [], \"errors\": [], \"verdict\": \"ok\"}\n"}
,{"stream_name":"stdout","time":1764.508745168,"data":"{\"op\": \"frexp\", \"dtype\": \"complex64\", \"samples\": 3, \"diffs\": [], \"errors\": [], \"verdict\": \"ok\"}\n"}
,{"stream_name":"stdout","time":1764.508749999,"data":"{\"op\": \"ge\", \"dtype\": \"complex64\", \"samples\": 3, \"diffs\": [], \"errors\": [], \"verdict\": \"ok\"}\n"}
,{"stream_name":"stdout","time":1764.508754828,"data":"{\"op\": \"gt\", \"dtype\": \"complex64\", \"samples\": 3, \"diffs\": [], \"errors\": [], \"verdict\": \"ok\"}\n"}
,{"stream_name":"stdout","time":1764.508759901,"data":"{\"op\": \"imag\", \"dtype\": \"int8\", \"samples\": 3, \"diffs\": [], \"errors\": [], \"verdict\": \"ok\"}\n"}
,{"stream_name":"stdout","time":1764.508764515,"data":"{\"op\": \"imag\", \"dtype\": \"uint8\", \"samples\": 3, \"diffs\": [], \"errors\": [], \"verdict\": \"ok\"}\n"}
,{"stream_name":"stdout","time":1764.508768927,"data":"{\"op\": \"imag\", \"dtype\": \"int16\", \"samples\": 3, \"diffs\": [], \"errors\": [], \"verdict\": \"ok\"}\n"}
,{"stream_name":"stdout","time":1764.508773371,"data":"{\"op\": \"imag\", \"dtype\": \"int32\", \"samples\": 3, \"diffs\": [], \"errors\": [], \"verdict\": \"ok\"}\n"}
,{"stream_name":"stdout","time":1764.508778004,"data":"{\"op\": \"imag\", \"dtype\": \"int64\", \"samples\": 3, \"diffs\": [], \"errors\": [], \"verdict\": \"ok\"}\n"}
,{"stream_name":"stdout","time":1764.508782545,"data":"{\"op\": \"imag\", \"dtype\": \"bool\", \"samples\": 3, \"diffs\": [], \"errors\": [], \"verdict\": \"ok\"}\n"}
,{"stream_name":"stdout","time":1764.508787325,"data":"{\"op\": \"imag\", \"dtype\": \"float16\", \"samples\": 3, \"diffs\": [], \"errors\": [], \"verdict\": \"ok\"}\n"}
,{"stream_name":"stdout","time":1764.508791922,"data":"{\"op\": \"imag\", \"dtype\": \"bfloat16\", \"samples\": 3, \"diffs\": [], \"errors\": [], \"verdict\": \"ok\"}\n"}
,{"stream_name":"stdout","time":1764.508796448,"data":"{\"op\": \"imag\", \"dtype\": \"float32\", \"samples\": 3, \"diffs\": [], \"errors\": [], \"verdict\": \"ok\"}\n"}
,{"stream_name":"stdout","time":1764.508800899,"data":"{\"op\": \"imag\", \"dtype\": \"float64\", \"samples\": 3, \"diffs\": [], \"errors\": [], \"verdict\": \"ok\"}\n"}
,{"stream_name":"stdout","time":1764.508805399,"data":"{\"op\": \"gradient\", \"dtype\": \"uint8\", \"samples\": 3, \"diffs\": [], \"errors\": [], \"verdict\": \"ok\"}\n"}
,{"stream_name":"stdout","time":1764.50881001,"data":"{\"op\": \"gradient\", \"dtype\": \"bool\", \"samples\": 3, \"diffs\": [], \"errors\": [], \"verdict\": \"ok\"}\n"}
,{"stream_name":"stdout","time":1764.508814561,"data":"{\"op\": \"isin\", \"dtype\": \"bool\", \"samples\": 2, \"diffs\": [], \"errors\": [], \"verdict\": \"ok\"}\n"}
,{"stream_name":"stdout","time":1764.508822401,"data":"{\"op\": \"isin\", \"dtype\": \"complex64\", \"samples\": 2, \"diffs\": [], \"errors\": [], \"verdict\": \"ok\"}\n"}
,{"stream_name":"stdout","time":1764.508825616,"data":"{\"op\": \"le\", \"dtype\": \"complex64\", \"samples\": 3, \"diffs\": [], \"errors\": [], \"verdict\": \"ok\"}\n"}
,{"stream_name":"stdout","time":1764.508829882,"data":"{\"op\": \"linspace\", \"dtype\": \"bool\", \"samples\": 3, \"diffs\": [], \"errors\": [], \"verdict\": \"ok\"}\n"}
,{"stream_name":"stdout","time":1764.508834547,"data":"{\"op\": \"linspace\", \"dtype\": \"bool\", \"samples\": 3, \"diffs\": [], \"errors\": [], \"verdict\": \"ok\"}\n"}
,{"stream_name":"stdout","time":1764.508839094,"data":"{\"op\": \"logspace\", \"dtype\": \"bool\", \"samples\": 3, \"diffs\": [], \"errors\": [], \"verdict\": \"ok\"}\n"}
,{"stream_name":"stdout","time":1764.508843629,"data":"{\"op\": \"logspace\", \"dtype\": \"bool\", \"samples\": 3, \"diffs\": [], \"errors\": [], \"verdict\": \"ok\"}\n"}
,{"stream_name":"stdout","time":1764.50884872,"data":"{\"op\": \"logaddexp\", \"dtype\": \"int8\", \"samples\": 3, \"diffs\": [{\"i\": 0, \"class\": \"SILENT\", \"detail\": \"eager raises NotImplementedError, compiled returns\"}, {\"i\": 1, \"class\": \"SILENT\", \"detail\": \"eager raises NotImplementedError, compiled returns\"}, {\"i\": 2, \"class\": \"SILENT\", \"detail\": \"eager raises NotImplementedError, compiled returns\"}], \"errors\": [], \"verdict\": \"DIFF:SILENT\"}\n"}
,{"stream_name":"stdout","time":1764.508855548,"data":"{\"op\": \"logaddexp\", \"dtype\": \"uint8\", \"samples\": 3, \"diffs\": [{\"i\": 0, \"class\": \"SILENT\", \"detail\": \"eager raises NotImplementedError, compiled returns\"}, {\"i\": 1, \"class\": \"SILENT\", \"detail\": \"eager raises NotImplementedError, compiled returns\"}, {\"i\": 2, \"class\": \"SILENT\", \"detail\": \"eager raises NotImplementedError, compiled returns\"}], \"errors\": [], \"verdict\": \"DIFF:SILENT\"}\n"}
,{"stream_name":"stdout","time":1764.508862646,"data":"{\"op\": \"logaddexp\", \"dtype\": \"int16\", \"samples\": 3, \"diffs\": [{\"i\": 0, \"class\": \"SILENT\", \"detail\": \"eager raises NotImplementedError, compiled returns\"}, {\"i\": 1, \"class\": \"SILENT\", \"detail\": \"eager raises NotImplementedError, compiled returns\"}, {\"i\": 2, \"class\": \"SILENT\", \"detail\": \"eager raises NotImplementedError, compiled returns\"}], \"errors\": [], \"verdict\": \"DIFF:SILENT\"}\n"}
,{"stream_name":"stdout","time":1764.508869568,"data":"{\"op\": \"logaddexp\", \"dtype\": \"int32\", \"samples\": 3, \"diffs\": [{\"i\": 0, \"class\": \"SILENT\", \"detail\": \"eager raises NotImplementedError, compiled returns\"}, {\"i\": 1, \"class\": \"SILENT\", \"detail\": \"eager raises NotImplementedError, compiled returns\"}, {\"i\": 2, \"class\": \"SILENT\", \"detail\": \"eager raises NotImplementedError, compiled returns\"}], \"errors\": [], \"verdict\": \"DIFF:SILENT\"}\n"}
,{"stream_name":"stdout","time":1764.508875736,"data":"{\"op\": \"logaddexp\", \"dtype\": \"int64\", \"samples\": 3, \"diffs\": [{\"i\": 0, \"class\": \"SILENT\", \"detail\": \"eager raises NotImplementedError, compiled returns\"}, {\"i\": 1, \"class\": \"SILENT\", \"detail\": \"eager raises NotImplementedError, compiled returns\"}, {\"i\": 2, \"class\": \"SILENT\", \"detail\": \"eager raises NotImplementedError, compiled returns\"}], \"errors\": [], \"verdict\": \"DIFF:SILENT\"}\n"}
,{"stream_name":"stdout","time":1764.508882876,"data":"{\"op\": \"logaddexp\", \"dtype\": \"bool\", \"samples\": 3, \"diffs\": [], \"errors\": [], \"verdict\": \"ok\"}\n"}
,{"stream_name":"stdout","time":1764.508887563,"data":"{\"op\": \"logaddexp2\", \"dtype\": \"int8\", \"samples\": 1, \"diffs\": [{\"i\": 0, \"class\": \"SILENT\", \"detail\": \"eager raises NotImplementedError, compiled returns\"}], \"errors\": [], \"verdict\": \"DIFF:SILENT\"}\n"}
,{"stream_name":"stdout","time":1764.508893272,"data":"{\"op\": \"logaddexp2\", \"dtype\": \"uint8\", \"samples\": 1, \"diffs\": [{\"i\": 0, \"class\": \"SILENT\", \"detail\": \"eager raises NotImplementedError, compiled returns\"}], \"errors\": [], \"verdict\": \"DIFF:SILENT\"}\n"}
,{"stream_name":"stdout","time":1764.508907468,"data":"{\"op\": \"logaddexp2\", \"dtype\": \"int16\", \"samples\": 1, \"diffs\": [{\"i\": 0, \"class\": \"SILENT\", \"detail\": \"eager raises NotImplementedError, compiled returns\"}], \"errors\": [], \"verdict\": \"DIFF:SILENT\"}\n"}
,{"stream_name":"stdout","time":1764.50891281,"data":"{\"op\": \"logaddexp2\", \"dtype\": \"int32\", \"samples\": 1, \"diffs\": [{\"i\": 0, \"class\": \"SILENT\", \"detail\": \"eager raises NotImplementedError, compiled returns\"}], \"errors\": [], \"verdict\": \"DIFF:SILENT\"}\n"}
,{"stream_name":"stdout","time":1764.50891628,"data":"{\"op\": \"logaddexp2\", \"dtype\": \"int64\", \"samples\": 1, \"diffs\": [{\"i\": 0, \"class\": \"SILENT\", \"detail\": \"eager raises NotImplementedError, compiled returns\"}], \"errors\": [], \"verdict\": \"DIFF:SILENT\"}\n"}
,{"stream_name":"stdout","time":1764.508920955,"data":"{\"op\": \"logaddexp2\", \"dtype\": \"bool\", \"samples\": 1, \"diffs\": [], \"errors\": [], \"verdict\": \"ok\"}\n"}
,{"stream_name":"stdout","time":1764.508925767,"data":"{\"op\": \"logaddexp2\", \"dtype\": \"complex64\", \"samples\": 1, \"diffs\": [], \"errors\": [], \"verdict\": \"ok\"}\n"}
,{"stream_name":"stdout","time":1764.508930395,"data":"{\"op\": \"lt\", \"dtype\": \"complex64\", \"samples\": 3, \"diffs\": [], \"errors\": [], \"verdict\": \"ok\"}\n"}
,{"stream_name":"stdout","time":1764.508935192,"data":"{\"op\": \"matrix_exp\", \"dtype\": \"int8\", \"samples\": 2, \"diffs\": [], \"errors\": [], \"verdict\": \"ok\"}\n"}
,{"stream_name":"stdout","time":1764.508940018,"data":"{\"op\": \"matrix_exp\", \"dtype\": \"uint8\", \"samples\": 2, \"diffs\": [], \"errors\": [], \"verdict\": \"ok\"}\n"}
,{"stream_name":"stdout","time":1764.508945967,"data":"{\"op\": \"matrix_exp\", \"dtype\": \"int16\", \"samples\": 2, \"diffs\": [], \"errors\": [], \"verdict\": \"ok\"}\n"}
,{"stream_name":"stdout","time":1764.508950409,"data":"{\"op\": \"matrix_exp\", \"dtype\": \"int32\", \"samples\": 2, \"diffs\": [], \"errors\": [], \"verdict\": \"ok\"}\n"}
,{"stream_name":"stdout","time":1764.508954638,"data":"{\"op\": \"matrix_exp\", \"dtype\": \"int64\", \"samples\": 2, \"diffs\": [], \"errors\": [], \"verdict\": \"ok\"}\n"}
,{"stream_name":"stdout","time":1764.508959017,"data":"{\"op\": \"matrix_exp\", \"dtype\": \"bool\", \"samples\": 2, \"diffs\": [], \"errors\": [], \"verdict\": \"ok\"}\n"}
,{"stream_name":"stdout","time":1764.508963583,"data":"{\"op\": \"matmul\", \"dtype\": \"bool\", \"samples\": 3, \"diffs\": [{\"i\": 0, \"class\": \"SILENT\", \"detail\": \"eager raises NotImplementedError, compiled returns\"}, {\"i\": 1, \"class\": \"SILENT\", \"detail\": \"eager raises NotImplementedError, compiled returns\"}], \"errors\": [], \"verdict\": \"DIFF:SILENT\"}\n"}
,{"stream_name":"stdout","time":1764.508969168,"data":"{\"op\": \"max\", \"dtype\": \"complex64\", \"samples\": 3, \"diffs\": [], \"errors\": [], \"verdict\": \"ok\"}\n"}
,{"stream_name":"stdout","time":1764.508973755,"data":"{\"op\": \"max\", \"dtype\": \"complex64\", \"samples\": 2, \"diffs\": [], \"errors\": [], \"verdict\": \"ok\"}\n"}
,{"stream_name":"stdout","time":1764.508978453,"data":"{\"op\": \"var_mean\", \"dtype\": \"int8\", \"samples\": 3, \"diffs\": [], \"errors\": [], \"verdict\": \"ok\"}\n"}
,{"stream_name":"stdout","time":1764.508982952,"data":"{\"op\": \"var_mean\", \"dtype\": \"uint8\", \"samples\": 3, \"diffs\": [], \"errors\": [], \"verdict\": \"ok\"}\n"}
,{"stream_name":"stdout","time":1764.508987357,"data":"{\"op\": \"var_mean\", \"dtype\": \"int16\", \"samples\": 3, \"diffs\": [], \"errors\": [], \"verdict\": \"ok\"}\n"}
,{"stream_name":"stdout","time":1764.508995276,"data":"{\"op\": \"var_mean\", \"dtype\": \"int32\", \"samples\": 3, \"diffs\": [], \"errors\": [], \"verdict\": \"ok\"}\n"}
,{"stream_name":"stdout","time":1764.509000203,"data":"{\"op\": \"var_mean\", \"dtype\": \"int64\", \"samples\": 3, \"diffs\": [], \"errors\": [], \"verdict\": \"ok\"}\n"}
,{"stream_name":"stdout","time":1764.509004284,"data":"{\"op\": \"var_mean\", \"dtype\": \"bool\", \"samples\": 3, \"diffs\": [], \"errors\": [], \"verdict\": \"ok\"}\n"}
,{"stream_name":"stdout","time":1764.509007153,"data":"{\"op\": \"var_mean\", \"dtype\": \"int8\", \"samples\": 3, \"diffs\": [], \"errors\": [], \"verdict\": \"ok\"}\n"}
,{"stream_name":"stdout","time":1764.509010852,"data":"{\"op\": \"var_mean\", \"dtype\": \"uint8\", \"samples\": 3, \"diffs\": [], \"errors\": [], \"verdict\": \"ok\"}\n"}
,{"stream_name":"stdout","time":1764.50901544,"data":"{\"op\": \"var_mean\", \"dtype\": \"int16\", \"samples\": 3, \"diffs\": [], \"errors\": [], \"verdict\": \"ok\"}\n"}
,{"stream_name":"stdout","time":1764.509020076,"data":"{\"op\": \"var_mean\", \"dtype\": \"int32\", \"samples\": 3, \"diffs\": [], \"errors\": [], \"verdict\": \"ok\"}\n"}
,{"stream_name":"stdout","time":1764.509024903,"data":"{\"op\": \"var_mean\", \"dtype\": \"int64\", \"samples\": 3, \"diffs\": [], \"errors\": [], \"verdict\": \"ok\"}\n"}
,{"stream_name":"stdout","time":1764.509029629,"data":"{\"op\": \"var_mean\", \"dtype\": \"bool\", \"samples\": 3, \"diffs\": [], \"errors\": [], \"verdict\": \"ok\"}\n"}
,{"stream_name":"stdout","time":1764.509034612,"data":"{\"op\": \"std_mean\", \"dtype\": \"int8\", \"samples\": 3, \"diffs\": [], \"errors\": [], \"verdict\": \"ok\"}\n"}
,{"stream_name":"stdout","time":1764.509039078,"data":"{\"op\": \"std_mean\", \"dtype\": \"uint8\", \"samples\": 3, \"diffs\": [], \"errors\": [], \"verdict\": \"ok\"}\n"}
,{"stream_name":"stdout","time":1764.509043535,"data":"{\"op\": \"std_mean\", \"dtype\": \"int16\", \"samples\": 3, \"diffs\": [], \"errors\": [], \"verdict\": \"ok\"}\n"}
,{"stream_name":"stdout","time":1764.509048003,"data":"{\"op\": \"std_mean\", \"dtype\": \"int32\", \"samples\": 3, \"diffs\": [], \"errors\": [], \"verdict\": \"ok\"}\n"}
,{"stream_name":"stdout","time":1764.509052381,"data":"{\"op\": \"std_mean\", \"dtype\": \"int64\", \"samples\": 3, \"diffs\": [], \"errors\": [], \"verdict\": \"ok\"}\n"}
,{"stream_name":"stdout","time":1764.509056844,"data":"{\"op\": \"std_mean\", \"dtype\": \"bool\", \"samples\": 3, \"diffs\": [], \"errors\": [], \"verdict\": \"ok\"}\n"}
,{"stream_name":"stdout","time":1764.509061242,"data":"{\"op\": \"std_mean\", \"dtype\": \"int8\", \"samples\": 3, \"diffs\": [], \"errors\": [], \"verdict\": \"ok\"}\n"}
,{"stream_name":"stdout","time":1764.509065673,"data":"{\"op\": \"std_mean\", \"dtype\": \"uint8\", \"samples\": 3, \"diffs\": [], \"errors\": [], \"verdict\": \"ok\"}\n"}
,{"stream_name":"stdout","time":1764.509070452,"data":"{\"op\": \"std_mean\", \"dtype\": \"int16\", \"samples\": 3, \"diffs\": [], \"errors\": [], \"verdict\": \"ok\"}\n"}
,{"stream_name":"stdout","time":1764.509074842,"data":"{\"op\": \"std_mean\", \"dtype\": \"int32\", \"samples\": 3, \"diffs\": [], \"errors\": [], \"verdict\": \"ok\"}\n"}
,{"stream_name":"stdout","time":1764.50908003,"data":"{\"op\": \"std_mean\", \"dtype\": \"int64\", \"samples\": 3, \"diffs\": [], \"errors\": [], \"verdict\": \"ok\"}\n"}
,{"stream_name":"stdout","time":1764.509084758,"data":"{\"op\": \"std_mean\", \"dtype\": \"bool\", \"samples\": 3, \"diffs\": [], \"errors\": [], \"verdict\": \"ok\"}\n"}
,{"stream_name":"stdout","time":1764.509089224,"data":"{\"op\": \"min\", \"dtype\": \"complex64\", \"samples\": 3, \"diffs\": [], \"errors\": [], \"verdict\": \"ok\"}\n"}
,{"stream_name":"stdout","time":1764.509093417,"data":"{\"op\": \"min\", \"dtype\": \"complex64\", \"samples\": 2, \"diffs\": [], \"errors\": [], \"verdict\": \"ok\"}\n"}
,{"stream_name":"stdout","time":1764.509099772,"data":"{\"op\": \"quantile\", \"dtype\": \"int8\", \"samples\": 3, \"diffs\": [], \"errors\": [], \"verdict\": \"ok\"}\n"}
,{"stream_name":"stdout","time":1764.50910437,"data":"{\"op\": \"quantile\", \"dtype\": \"uint8\", \"samples\": 3, \"diffs\": [], \"errors\": [], \"verdict\": \"ok\"}\n"}
,{"stream_name":"stdout","time":1764.509109342,"data":"{\"op\": \"quantile\", \"dtype\": \"int16\", \"samples\": 3, \"diffs\": [], \"errors\": [], \"verdict\": \"ok\"}\n"}
,{"stream_name":"stdout","time":1764.509113866,"data":"{\"op\": \"quantile\", \"dtype\": \"int32\", \"samples\": 3, \"diffs\": [], \"errors\": [], \"verdict\": \"ok\"}\n"}
,{"stream_name":"stdout","time":1764.50911881,"data":"{\"op\": \"quantile\", \"dtype\": \"int64\", \"samples\": 3, \"diffs\": [], \"errors\": [], \"verdict\": \"ok\"}\n"}
,{"stream_name":"stdout","time":1764.50912334,"data":"{\"op\": \"quantile\", \"dtype\": \"bool\", \"samples\": 3, \"diffs\": [], \"errors\": [], \"verdict\": \"ok\"}\n"}
,{"stream_name":"stdout","time":1764.509128242,"data":"{\"op\": \"quantile\", \"dtype\": \"float16\", \"samples\": 3, \"diffs\": [], \"errors\": [], \"verdict\": \"ok\"}\n"}
,{"stream_name":"stdout","time":1764.509132772,"data":"{\"op\": \"quantile\", \"dtype\": \"bfloat16\", \"samples\": 3, \"diffs\": [], \"errors\": [], \"verdict\": \"ok\"}\n"}
,{"stream_name":"stdout","time":1764.509137322,"data":"{\"op\": \"quantile\", \"dtype\": \"complex64\", \"samples\": 3, \"diffs\": [], \"errors\": [], \"verdict\": \"ok\"}\n"}
,{"stream_name":"stdout","time":1764.509141902,"data":"{\"op\": \"nanquantile\", \"dtype\": \"int8\", \"samples\": 3, \"diffs\": [], \"errors\": [], \"verdict\": \"ok\"}\n"}
,{"stream_name":"stdout","time":1764.509146471,"data":"{\"op\": \"nanquantile\", \"dtype\": \"uint8\", \"samples\": 3, \"diffs\": [], \"errors\": [], \"verdict\": \"ok\"}\n"}
,{"stream_name":"stdout","time":1764.509150635,"data":"{\"op\": \"nanquantile\", \"dtype\": \"int16\", \"samples\": 3, \"diffs\": [], \"errors\": [], \"verdict\": \"ok\"}\n"}
,{"stream_name":"stdout","time":1764.50915511,"data":"{\"op\": \"nanquantile\", \"dtype\": \"int32\", \"samples\": 3, \"diffs\": [], \"errors\": [], \"verdict\": \"ok\"}\n"}
,{"stream_name":"stdout","time":1764.509159601,"data":"{\"op\": \"nanquantile\", \"dtype\": \"int64\", \"samples\": 3, \"diffs\": [], \"errors\": [], \"verdict\": \"ok\"}\n"}
,{"stream_name":"stdout","time":1764.509164104,"data":"{\"op\": \"nanquantile\", \"dtype\": \"bool\", \"samples\": 3, \"diffs\": [], \"errors\": [], \"verdict\": \"ok\"}\n"}
,{"stream_name":"stdout","time":1764.509168559,"data":"{\"op\": \"nanquantile\", \"dtype\": \"float16\", \"samples\": 3, \"diffs\": [], \"errors\": [], \"verdict\": \"ok\"}\n"}
,{"stream_name":"stdout","time":1764.509173096,"data":"{\"op\": \"nanquantile\", \"dtype\": \"bfloat16\", \"samples\": 3, \"diffs\": [], \"errors\": [], \"verdict\": \"ok\"}\n"}
,{"stream_name":"stdout","time":1764.509178221,"data":"{\"op\": \"nanquantile\", \"dtype\": \"complex64\", \"samples\": 3, \"diffs\": [], \"errors\": [], \"verdict\": \"ok\"}\n"}
,{"stream_name":"stdout","time":1764.509182856,"data":"{\"op\": \"max\", \"dtype\": \"complex64\", \"samples\": 3, \"diffs\": [], \"errors\": [], \"verdict\": \"ok\"}\n"}
,{"stream_name":"stdout","time":1764.509186853,"data":"{\"op\": \"maximum\", \"dtype\": \"complex64\", \"samples\": 3, \"diffs\": [], \"errors\": [], \"verdict\": \"ok\"}\n"}
,{"stream_name":"stdout","time":1764.509189721,"data":"{\"op\": \"min\", \"dtype\": \"complex64\", \"samples\": 3, \"diffs\": [], \"errors\": [], \"verdict\": \"ok\"}\n"}
,{"stream_name":"stdout","time":1764.509193761,"data":"{\"op\": \"minimum\", \"dtype\": \"complex64\", \"samples\": 3, \"diffs\": [], \"errors\": [], \"verdict\": \"ok\"}\n"}
,{"stream_name":"stdout","time":1764.509202068,"data":"{\"op\": \"bitwise_and\", \"dtype\": \"float16\", \"samples\": 3, \"diffs\": [{\"i\": 1, \"class\": \"SILENT\", \"detail\": \"eager raises NotImplementedError, compiled returns\"}, {\"i\": 2, \"class\": \"SILENT\", \"detail\": \"eager raises NotImplementedError, compiled returns\"}], \"errors\": [], \"verdict\": \"DIFF:SILENT\"}\n"}
,{"stream_name":"stdout","time":1764.509208732,"data":"{\"op\": \"bitwise_and\", \"dtype\": \"bfloat16\", \"samples\": 3, \"diffs\": [{\"i\": 1, \"class\": \"SILENT\", \"detail\": \"eager raises NotImplementedError, compiled returns\"}, {\"i\": 2, \"class\": \"SILENT\", \"detail\": \"eager raises NotImplementedError, compiled returns\"}], \"errors\": [], \"verdict\": \"DIFF:SILENT\"}\n"}
,{"stream_name":"stdout","time":1764.509214602,"data":"{\"op\": \"bitwise_and\", \"dtype\": \"float32\", \"samples\": 3, \"diffs\": [{\"i\": 1, \"class\": \"SILENT\", \"detail\": \"eager raises NotImplementedError, compiled returns\"}, {\"i\": 2, \"class\": \"SILENT\", \"detail\": \"eager raises NotImplementedError, compiled returns\"}], \"errors\": [], \"verdict\": \"DIFF:SILENT\"}\n"}
,{"stream_name":"stdout","time":1764.509220652,"data":"{\"op\": \"bitwise_and\", \"dtype\": \"float64\", \"samples\": 3, \"diffs\": [{\"i\": 1, \"class\": \"SILENT\", \"detail\": \"eager raises NotImplementedError, compiled returns\"}, {\"i\": 2, \"class\": \"SILENT\", \"detail\": \"eager raises NotImplementedError, compiled returns\"}], \"errors\": [], \"verdict\": \"DIFF:SILENT\"}\n"}
,{"stream_name":"stdout","time":1764.509226588,"data":"{\"op\": \"bitwise_and\", \"dtype\": \"complex64\", \"samples\": 3, \"diffs\": [], \"errors\": [], \"verdict\": \"ok\"}\n"}
,{"stream_name":"stdout","time":1764.509231279,"data":"{\"op\": \"bitwise_or\", \"dtype\": \"float16\", \"samples\": 3, \"diffs\": [{\"i\": 1, \"class\": \"SILENT\", \"detail\": \"eager raises NotImplementedError, compiled returns\"}, {\"i\": 2, \"class\": \"SILENT\", \"detail\": \"eager raises NotImplementedError, compiled returns\"}], \"errors\": [], \"verdict\": \"DIFF:SILENT\"}\n"}
,{"stream_name":"stdout","time":1764.509237534,"data":"{\"op\": \"bitwise_or\", \"dtype\": \"bfloat16\", \"samples\": 3, \"diffs\": [{\"i\": 1, \"class\": \"SILENT\", \"detail\": \"eager raises NotImplementedError, compiled returns\"}, {\"i\": 2, \"class\": \"SILENT\", \"detail\": \"eager raises NotImplementedError, compiled returns\"}], \"errors\": [], \"verdict\": \"DIFF:SILENT\"}\n"}
,{"stream_name":"stdout","time":1764.509243087,"data":"{\"op\": \"bitwise_or\", \"dtype\": \"float32\", \"samples\": 3, \"diffs\": [{\"i\": 1, \"class\": \"SILENT\", \"detail\": \"eager raises NotImplementedError, compiled returns\"}, {\"i\": 2, \"class\": \"SILENT\", \"detail\": \"eager raises NotImplementedError, compiled returns\"}], \"errors\": [], \"verdict\": \"DIFF:SILENT\"}\n"}
,{"stream_name":"stdout","time":1764.5092488,"data":"{\"op\": \"bitwise_or\", \"dtype\": \"float64\", \"samples\": 3, \"diffs\": [{\"i\": 1, \"class\": \"SILENT\", \"detail\": \"eager raises NotImplementedError, compiled returns\"}, {\"i\": 2, \"class\": \"SILENT\", \"detail\": \"eager raises NotImplementedError, compiled returns\"}], \"errors\": [], \"verdict\": \"DIFF:SILENT\"}\n"}
,{"stream_name":"stdout","time":1764.509254628,"data":"{\"op\": \"bitwise_or\", \"dtype\": \"complex64\", \"samples\": 3, \"diffs\": [], \"errors\": [], \"verdict\": \"ok\"}\n"}
,{"stream_name":"stdout","time":1764.509259271,"data":"{\"op\": \"bitwise_xor\", \"dtype\": \"float16\", \"samples\": 3, \"diffs\": [{\"i\": 1, \"class\": \"SILENT\", \"detail\": \"eager raises NotImplementedError, compiled returns\"}, {\"i\": 2, \"class\": \"SILENT\", \"detail\": \"eager raises NotImplementedError, compiled returns\"}], \"errors\": [], \"verdict\": \"DIFF:SILENT\"}\n"}
,{"stream_name":"stdout","time":1764.509264934,"data":"{\"op\": \"bitwise_xor\", \"dtype\": \"bfloat16\", \"samples\": 3, \"diffs\": [{\"i\": 1, \"class\": \"SILENT\", \"detail\": \"eager raises NotImplementedError, compiled returns\"}, {\"i\": 2, \"class\": \"SILENT\", \"detail\": \"eager raises NotImplementedError, compiled returns\"}], \"errors\": [], \"verdict\": \"DIFF:SILENT\"}\n"}
,{"stream_name":"stdout","time":1764.509274543,"data":"{\"op\": \"bitwise_xor\", \"dtype\": \"float32\", \"samples\": 3, \"diffs\": [{\"i\": 1, \"class\": \"SILENT\", \"detail\": \"eager raises NotImplementedError, compiled returns\"}, {\"i\": 2, \"class\": \"SILENT\", \"detail\": \"eager raises NotImplementedError, compiled returns\"}], \"errors\": [], \"verdict\": \"DIFF:SILENT\"}\n"}
,{"stream_name":"stdout","time":1764.509280259,"data":"{\"op\": \"bitwise_xor\", \"dtype\": \"float64\", \"samples\": 3, \"diffs\": [{\"i\": 1, \"class\": \"SILENT\", \"detail\": \"eager raises NotImplementedError, compiled returns\"}, {\"i\": 2, \"class\": \"SILENT\", \"detail\": \"eager raises NotImplementedError, compiled returns\"}], \"errors\": [], \"verdict\": \"DIFF:SILENT\"}\n"}
,{"stream_name":"stdout","time":1764.509284342,"data":"{\"op\": \"bitwise_xor\", \"dtype\": \"complex64\", \"samples\": 3, \"diffs\": [], \"errors\": [], \"verdict\": \"ok\"}\n"}
,{"stream_name":"stdout","time":1764.509289077,"data":"{\"op\": \"heaviside\", \"dtype\": \"complex64\", \"samples\": 3, \"diffs\": [], \"errors\": [], \"verdict\": \"ok\"}\n"}
,{"stream_name":"stdout","time":1764.509293854,"data":"{\"op\": \"lcm\", \"dtype\": \"bool\", \"samples\": 3, \"diffs\": [], \"errors\": [], \"verdict\": \"ok\"}\n"}
,{"stream_name":"stdout","time":1764.509298533,"data":"{\"op\": \"lcm\", \"dtype\": \"float16\", \"samples\": 3, \"diffs\": [], \"errors\": [], \"verdict\": \"ok\"}\n"}
,{"stream_name":"stdout","time":1764.509303212,"data":"{\"op\": \"lcm\", \"dtype\": \"bfloat16\", \"samples\": 3, \"diffs\": [], \"errors\": [], \"verdict\": \"ok\"}\n"}
,{"stream_name":"stdout","time":1764.50930758,"data":"{\"op\": \"lcm\", \"dtype\": \"float32\", \"samples\": 3, \"diffs\": [], \"errors\": [], \"verdict\": \"ok\"}\n"}
,{"stream_name":"stdout","time":1764.509312705,"data":"{\"op\": \"lcm\", \"dtype\": \"float64\", \"samples\": 3, \"diffs\": [], \"errors\": [], \"verdict\": \"ok\"}\n"}
,{"stream_name":"stdout","time":1764.509317521,"data":"{\"op\": \"lcm\", \"dtype\": \"complex64\", \"samples\": 3, \"diffs\": [], \"errors\": [], \"verdict\": \"ok\"}\n"}
,{"stream_name":"stdout","time":1764.509322027,"data":"{\"op\": \"gcd\", \"dtype\": \"bool\", \"samples\": 3, \"diffs\": [], \"errors\": [], \"verdict\": \"ok\"}\n"}
,{"stream_name":"stdout","time":1764.509326486,"data":"{\"op\": \"gcd\", \"dtype\": \"float16\", \"samples\": 3, \"diffs\": [], \"errors\": [], \"verdict\": \"ok\"}\n"}
,{"stream_name":"stdout","time":1764.50933084,"data":"{\"op\": \"gcd\", \"dtype\": \"bfloat16\", \"samples\": 3, \"diffs\": [], \"errors\": [], \"verdict\": \"ok\"}\n"}
,{"stream_name":"stdout","time":1764.50933516,"data":"{\"op\": \"gcd\", \"dtype\": \"float32\", \"samples\": 3, \"diffs\": [], \"errors\": [], \"verdict\": \"ok\"}\n"}
,{"stream_name":"stdout","time":1764.509339763,"data":"{\"op\": \"gcd\", \"dtype\": \"float64\", \"samples\": 3, \"diffs\": [], \"errors\": [], \"verdict\": \"ok\"}\n"}
,{"stream_name":"stdout","time":1764.509344255,"data":"{\"op\": \"gcd\", \"dtype\": \"complex64\", \"samples\": 3, \"diffs\": [], \"errors\": [], \"verdict\": \"ok\"}\n"}
,{"stream_name":"stdout","time":1764.509349007,"data":"{\"op\": \"softmax\", \"dtype\": \"int8\", \"samples\": 3, \"diffs\": [{\"i\": 0, \"class\": \"SILENT\", \"detail\": \"eager raises NotImplementedError, compiled returns\"}, {\"i\": 1, \"class\": \"SILENT\", \"detail\": \"eager raises NotImplementedError, compiled returns\"}, {\"i\": 2, \"class\": \"SILENT\", \"detail\": \"eager raises NotImplementedError, compiled returns\"}], \"errors\": [], \"verdict\": \"DIFF:SILENT\"}\n"}
,{"stream_name":"stdout","time":1764.509378218,"data":"{\"op\": \"softmax\", \"dtype\": \"uint8\", \"samples\": 3, \"diffs\": [{\"i\": 0, \"class\": \"SILENT\", \"detail\": \"eager raises NotImplementedError, compiled returns\"}, {\"i\": 1, \"class\": \"SILENT\", \"detail\": \"eager raises NotImplementedError, compiled returns\"}, {\"i\": 2, \"class\": \"SILENT\", \"detail\": \"eager raises NotImplementedError, compiled returns\"}], \"errors\": [], \"verdict\": \"DIFF:SILENT\"}\n"}
,{"stream_name":"stdout","time":1764.509385185,"data":"{\"op\": \"softmax\", \"dtype\": \"int16\", \"samples\": 3, \"diffs\": [{\"i\": 0, \"class\": \"SILENT\", \"detail\": \"eager raises NotImplementedError, compiled returns\"}, {\"i\": 1, \"class\": \"SILENT\", \"detail\": \"eager raises NotImplementedError, compiled returns\"}, {\"i\": 2, \"class\": \"SILENT\", \"detail\": \"eager raises NotImplementedError, compiled returns\"}], \"errors\": [], \"verdict\": \"DIFF:SILENT\"}\n"}
,{"stream_name":"stdout","time":1764.509391579,"data":"{\"op\": \"softmax\", \"dtype\": \"int32\", \"samples\": 3, \"diffs\": [{\"i\": 0, \"class\": \"SILENT\", \"detail\": \"eager raises NotImplementedError, compiled returns\"}, {\"i\": 1, \"class\": \"SILENT\", \"detail\": \"eager raises NotImplementedError, compiled returns\"}, {\"i\": 2, \"class\": \"SILENT\", \"detail\": \"eager raises NotImplementedError, compiled returns\"}], \"errors\": [], \"verdict\": \"DIFF:SILENT\"}\n"}
,{"stream_name":"stdout","time":1764.509397857,"data":"{\"op\": \"softmax\", \"dtype\": \"int64\", \"samples\": 3, \"diffs\": [{\"i\": 0, \"class\": \"SILENT\", \"detail\": \"eager raises NotImplementedError, compiled returns\"}, {\"i\": 1, \"class\": \"SILENT\", \"detail\": \"eager raises NotImplementedError, compiled returns\"}, {\"i\": 2, \"class\": \"SILENT\", \"detail\": \"eager raises NotImplementedError, compiled returns\"}], \"errors\": [], \"verdict\": \"DIFF:SILENT\"}\n"}
,{"stream_name":"stdout","time":1764.509404114,"data":"{\"op\": \"softmax\", \"dtype\": \"bool\", \"samples\": 3, \"diffs\": [], \"errors\": [], \"verdict\": \"ok\"}\n"}
,{"stream_name":"stdout","time":1764.509429573,"data":"{\"op\": \"softmax\", \"dtype\": \"complex64\", \"samples\": 3, \"diffs\": [], \"errors\": [], \"verdict\": \"ok\"}\n"}
,{"stream_name":"stdout","time":1764.50943437,"data":"{\"op\": \"_softmax_backward_data\", \"dtype\": \"int8\", \"samples\": 3, \"diffs\": [{\"i\": 0, \"class\": \"SILENT\", \"detail\": \"eager raises NotImplementedError, compiled returns\"}, {\"i\": 1, \"class\": \"SILENT\", \"detail\": \"eager raises NotImplementedError, compiled returns\"}, {\"i\": 2, \"class\": \"SILENT\", \"detail\": \"eager raises NotImplementedError, compiled returns\"}], \"errors\": [], \"verdict\": \"DIFF:SILENT\"}\n"}
,{"stream_name":"stdout","time":1764.509445288,"data":"{\"op\": \"_softmax_backward_data\", \"dtype\": \"uint8\", \"samples\": 3, \"diffs\": [{\"i\": 0, \"class\": \"SILENT\", \"detail\": \"eager raises NotImplementedError, compiled returns\"}, {\"i\": 1, \"class\": \"SILENT\", \"detail\": \"eager raises NotImplementedError, compiled returns\"}, {\"i\": 2, \"class\": \"SILENT\", \"detail\": \"eager raises NotImplementedError, compiled returns\"}], \"errors\": [], \"verdict\": \"DIFF:SILENT\"}\n"}
,{"stream_name":"stdout","time":1764.509453424,"data":"{\"op\": \"_softmax_backward_data\", \"dtype\": \"int16\", \"samples\": 3, \"diffs\": [{\"i\": 0, \"class\": \"SILENT\", \"detail\": \"eager raises NotImplementedError, compiled returns\"}, {\"i\": 1, \"class\": \"SILENT\", \"detail\": \"eager raises NotImplementedError, compiled returns\"}, {\"i\": 2, \"class\": \"SILENT\", \"detail\": \"eager raises NotImplementedError, compiled returns\"}], \"errors\": [], \"verdict\": \"DIFF:SILENT\"}\n"}
,{"stream_name":"stdout","time":1764.509459795,"data":"{\"op\": \"_softmax_backward_data\", \"dtype\": \"int32\", \"samples\": 3, \"diffs\": [{\"i\": 0, \"class\": \"SILENT\", \"detail\": \"eager raises NotImplementedError, compiled returns\"}, {\"i\": 1, \"class\": \"SILENT\", \"detail\": \"eager raises NotImplementedError, compiled returns\"}, {\"i\": 2, \"class\": \"SILENT\", \"detail\": \"eager raises NotImplementedError, compiled returns\"}], \"errors\": [], \"verdict\": \"DIFF:SILENT\"}\n"}
,{"stream_name":"stdout","time":1764.509470156,"data":"{\"op\": \"_softmax_backward_data\", \"dtype\": \"int64\", \"samples\": 3, \"diffs\": [{\"i\": 0, \"class\": \"SILENT\", \"detail\": \"eager raises NotImplementedError, compiled returns\"}, {\"i\": 1, \"class\": \"SILENT\", \"detail\": \"eager raises NotImplementedError, compiled returns\"}, {\"i\": 2, \"class\": \"SILENT\", \"detail\": \"eager raises NotImplementedError, compiled returns\"}], \"errors\": [], \"verdict\": \"DIFF:SILENT\"}\n"}
,{"stream_name":"stdout","time":1764.509476998,"data":"{\"op\": \"_softmax_backward_data\", \"dtype\": \"bool\", \"samples\": 3, \"diffs\": [], \"errors\": [], \"verdict\": \"ok\"}\n"}
,{"stream_name":"stdout","time":1764.509481303,"data":"{\"op\": \"_softmax_backward_data\", \"dtype\": \"complex64\", \"samples\": 3, \"diffs\": [{\"i\": 0, \"class\": \"SILENT\", \"detail\": \"eager raises NotImplementedError, compiled returns\"}, {\"i\": 1, \"class\": \"SILENT\", \"detail\": \"eager raises NotImplementedError, compiled returns\"}, {\"i\": 2, \"class\": \"SILENT\", \"detail\": \"eager raises NotImplementedError, compiled returns\"}], \"errors\": [], \"verdict\": \"DIFF:SILENT\"}\n"}
,{"stream_name":"stdout","time":1764.509488762,"data":"{\"op\": \"nn.functional.softmin\", \"dtype\": \"int8\", \"samples\": 3, \"diffs\": [{\"i\": 0, \"class\": \"SILENT\", \"detail\": \"eager raises NotImplementedError, compiled returns\"}, {\"i\": 1, \"class\": \"SILENT\", \"detail\": \"eager raises NotImplementedError, compiled returns\"}, {\"i\": 2, \"class\": \"SILENT\", \"detail\": \"eager raises NotImplementedError, compiled returns\"}], \"errors\": [], \"verdict\": \"DIFF:SILENT\"}\n"}
,{"stream_name":"stdout","time":1764.509495104,"data":"{\"op\": \"nn.functional.softmin\", \"dtype\": \"uint8\", \"samples\": 3, \"diffs\": [{\"i\": 0, \"class\": \"SILENT\", \"detail\": \"eager raises NotImplementedError, compiled returns\"}, {\"i\": 1, \"class\": \"SILENT\", \"detail\": \"eager raises NotImplementedError, compiled returns\"}, {\"i\": 2, \"class\": \"SILENT\", \"detail\": \"eager raises NotImplementedError, compiled returns\"}], \"errors\": [], \"verdict\": \"DIFF:SILENT\"}\n"}
,{"stream_name":"stdout","time":1764.50950149,"data":"{\"op\": \"nn.functional.softmin\", \"dtype\": \"int16\", \"samples\": 3, \"diffs\": [{\"i\": 0, \"class\": \"SILENT\", \"detail\": \"eager raises NotImplementedError, compiled returns\"}, {\"i\": 1, \"class\": \"SILENT\", \"detail\": \"eager raises NotImplementedError, compiled returns\"}, {\"i\": 2, \"class\": \"SILENT\", \"detail\": \"eager raises NotImplementedError, compiled returns\"}], \"errors\": [], \"verdict\": \"DIFF:SILENT\"}\n"}
,{"stream_name":"stdout","time":1764.509507782,"data":"{\"op\": \"nn.functional.softmin\", \"dtype\": \"int32\", \"samples\": 3, \"diffs\": [{\"i\": 0, \"class\": \"SILENT\", \"detail\": \"eager raises NotImplementedError, compiled returns\"}, {\"i\": 1, \"class\": \"SILENT\", \"detail\": \"eager raises NotImplementedError, compiled returns\"}, {\"i\": 2, \"class\": \"SILENT\", \"detail\": \"eager raises NotImplementedError, compiled returns\"}], \"errors\": [], \"verdict\": \"DIFF:SILENT\"}\n"}
,{"stream_name":"stdout","time":1764.509514066,"data":"{\"op\": \"nn.functional.softmin\", \"dtype\": \"int64\", \"samples\": 3, \"diffs\": [{\"i\": 0, \"class\": \"SILENT\", \"detail\": \"eager raises NotImplementedError, compiled returns\"}, {\"i\": 1, \"class\": \"SILENT\", \"detail\": \"eager raises NotImplementedError, compiled returns\"}, {\"i\": 2, \"class\": \"SILENT\", \"detail\": \"eager raises NotImplementedError, compiled returns\"}], \"errors\": [], \"verdict\": \"DIFF:SILENT\"}\n"}
,{"stream_name":"stdout","time":1764.509523898,"data":"{\"op\": \"nn.functional.softmin\", \"dtype\": \"bool\", \"samples\": 3, \"diffs\": [], \"errors\": [], \"verdict\": \"ok\"}\n"}
,{"stream_name":"stdout","time":1764.509528538,"data":"{\"op\": \"nn.functional.softmin\", \"dtype\": \"complex64\", \"samples\": 3, \"diffs\": [], \"errors\": [], \"verdict\": \"ok\"}\n"}
,{"stream_name":"stdout","time":1764.509533493,"data":"{\"op\": \"nn.functional.softmin\", \"dtype\": \"bool\", \"samples\": 3, \"diffs\": [], \"errors\": [], \"verdict\": \"ok\"}\n"}
,{"stream_name":"stdout","time":1764.509538468,"data":"{\"op\": \"nn.functional.cross_entropy\", \"dtype\": \"int8\", \"samples\": 3, \"diffs\": [{\"i\": 0, \"class\": \"SILENT\", \"detail\": \"eager raises NotImplementedError, compiled returns\"}, {\"i\": 2, \"class\": \"SILENT\", \"detail\": \"eager raises NotImplementedError, compiled returns\"}], \"errors\": [], \"verdict\": \"DIFF:SILENT\"}\n"}
,{"stream_name":"stdout","time":1764.509543835,"data":"{\"op\": \"nn.functional.cross_entropy\", \"dtype\": \"uint8\", \"samples\": 3, \"diffs\": [{\"i\": 0, \"class\": \"SILENT\", \"detail\": \"eager raises NotImplementedError, compiled returns\"}, {\"i\": 2, \"class\": \"SILENT\", \"detail\": \"eager raises NotImplementedError, compiled returns\"}], \"errors\": [], \"verdict\": \"DIFF:SILENT\"}\n"}
,{"stream_name":"stdout","time":1764.509549062,"data":"{\"op\": \"nn.functional.cross_entropy\", \"dtype\": \"int16\", \"samples\": 3, \"diffs\": [{\"i\": 0, \"class\": \"SILENT\", \"detail\": \"eager raises NotImplementedError, compiled returns\"}, {\"i\": 2, \"class\": \"SILENT\", \"detail\": \"eager raises NotImplementedError, compiled returns\"}], \"errors\": [], \"verdict\": \"DIFF:SILENT\"}\n"}
,{"stream_name":"stdout","time":1764.509553604,"data":"{\"op\": \"nn.functional.cross_entropy\", \"dtype\": \"int32\", \"samples\": 3, \"diffs\": [{\"i\": 0, \"class\": \"SILENT\", \"detail\": \"eager raises NotImplementedError, compiled returns\"}, {\"i\": 2, \"class\": \"SILENT\", \"detail\": \"eager raises NotImplementedError, compiled returns\"}], \"errors\": [], \"verdict\": \"DIFF:SILENT\"}\n"}
,{"stream_name":"stdout","time":1764.509559838,"data":"{\"op\": \"nn.functional.cross_entropy\", \"dtype\": \"int64\", \"samples\": 3, \"diffs\": [{\"i\": 0, \"class\": \"SILENT\", \"detail\": \"eager raises NotImplementedError, compiled returns\"}, {\"i\": 2, \"class\": \"SILENT\", \"detail\": \"eager raises NotImplementedError, compiled returns\"}], \"errors\": [], \"verdict\": \"DIFF:SILENT\"}\n"}
,{"stream_name":"stdout","time":1764.509565936,"data":"{\"op\": \"nn.functional.cross_entropy\", \"dtype\": \"bool\", \"samples\": 3, \"diffs\": [], \"errors\": [], \"verdict\": \"ok\"}\n"}
,{"stream_name":"stdout","time":1764.509570788,"data":"{\"op\": \"nn.functional.cross_entropy\", \"dtype\": \"complex64\", \"samples\": 3, \"diffs\": [], \"errors\": [], \"verdict\": \"ok\"}\n"}
,{"stream_name":"stdout","time":1764.509576269,"data":"{\"op\": \"nn.functional.linear_cross_entropy\", \"dtype\": \"int8\", \"samples\": 3, \"diffs\": [{\"i\": 0, \"class\": \"SILENT\", \"detail\": \"eager raises NotImplementedError, compiled returns\"}, {\"i\": 1, \"class\": \"SILENT\", \"detail\": \"eager raises NotImplementedError, compiled returns\"}, {\"i\": 2, \"class\": \"SILENT\", \"detail\": \"eager raises NotImplementedError, compiled returns\"}], \"errors\": [], \"verdict\": \"DIFF:SILENT\"}\n"}
,{"stream_name":"stdout","time":1764.509582698,"data":"{\"op\": \"nn.functional.linear_cross_entropy\", \"dtype\": \"uint8\", \"samples\": 3, \"diffs\": [{\"i\": 0, \"class\": \"SILENT\", \"detail\": \"eager raises NotImplementedError, compiled returns\"}, {\"i\": 1, \"class\": \"SILENT\", \"detail\": \"eager raises NotImplementedError, compiled returns\"}, {\"i\": 2, \"class\": \"SILENT\", \"detail\": \"eager raises NotImplementedError, compiled returns\"}], \"errors\": [], \"verdict\": \"DIFF:SILENT\"}\n"}
,{"stream_name":"stdout","time":1764.509592951,"data":"{\"op\": \"nn.functional.linear_cross_entropy\", \"dtype\": \"int16\", \"samples\": 3, \"diffs\": [{\"i\": 0, \"class\": \"SILENT\", \"detail\": \"eager raises NotImplementedError, compiled returns\"}, {\"i\": 1, \"class\": \"SILENT\", \"detail\": \"eager raises NotImplementedError, compiled returns\"}, {\"i\": 2, \"class\": \"SILENT\", \"detail\": \"eager raises NotImplementedError, compiled returns\"}], \"errors\": [], \"verdict\": \"DIFF:SILENT\"}\n"}
,{"stream_name":"stdout","time":1764.509599489,"data":"{\"op\": \"nn.functional.linear_cross_entropy\", \"dtype\": \"int32\", \"samples\": 3, \"diffs\": [{\"i\": 0, \"class\": \"SILENT\", \"detail\": \"eager raises NotImplementedError, compiled returns\"}, {\"i\": 1, \"class\": \"SILENT\", \"detail\": \"eager raises NotImplementedError, compiled returns\"}, {\"i\": 2, \"class\": \"SILENT\", \"detail\": \"eager raises NotImplementedError, compiled returns\"}], \"errors\": [], \"verdict\": \"DIFF:SILENT\"}\n"}
,{"stream_name":"stdout","time":1764.509605998,"data":"{\"op\": \"nn.functional.linear_cross_entropy\", \"dtype\": \"int64\", \"samples\": 3, \"diffs\": [{\"i\": 0, \"class\": \"SILENT\", \"detail\": \"eager raises NotImplementedError, compiled returns\"}, {\"i\": 1, \"class\": \"SILENT\", \"detail\": \"eager raises NotImplementedError, compiled returns\"}, {\"i\": 2, \"class\": \"SILENT\", \"detail\": \"eager raises NotImplementedError, compiled returns\"}], \"errors\": [], \"verdict\": \"DIFF:SILENT\"}\n"}
,{"stream_name":"stdout","time":1764.509612476,"data":"{\"op\": \"nn.functional.linear_cross_entropy\", \"dtype\": \"bool\", \"samples\": 3, \"diffs\": [], \"errors\": [], \"verdict\": \"ok\"}\n"}
,{"stream_name":"stdout","time":1764.50961716,"data":"{\"op\": \"nn.functional.linear_cross_entropy\", \"dtype\": \"complex64\", \"samples\": 3, \"diffs\": [], \"errors\": [], \"verdict\": \"ok\"}\n"}
,{"stream_name":"stdout","time":1764.509621984,"data":"{\"op\": \"nn.functional.linear_cross_entropy\", \"dtype\": \"int8\", \"samples\": 3, \"diffs\": [], \"errors\": [], \"verdict\": \"ok\"}\n"}
,{"stream_name":"stdout","time":1764.509626493,"data":"{\"op\": \"nn.functional.linear_cross_entropy\", \"dtype\": \"uint8\", \"samples\": 3, \"diffs\": [], \"errors\": [], \"verdict\": \"ok\"}\n"}
,{"stream_name":"stdout","time":1764.509631566,"data":"{\"op\": \"nn.functional.linear_cross_entropy\", \"dtype\": \"int16\", \"samples\": 3, \"diffs\": [], \"errors\": [], \"verdict\": \"ok\"}\n"}
,{"stream_name":"stdout","time":1764.509636204,"data":"{\"op\": \"nn.functional.linear_cross_entropy\", \"dtype\": \"int32\", \"samples\": 3, \"diffs\": [], \"errors\": [], \"verdict\": \"ok\"}\n"}
,{"stream_name":"stdout","time":1764.509639321,"data":"{\"op\": \"nn.functional.linear_cross_entropy\", \"dtype\": \"int64\", \"samples\": 3, \"diffs\": [], \"errors\": [], \"verdict\": \"ok\"}\n"}
,{"stream_name":"stdout","time":1764.509642301,"data":"{\"op\": \"nn.functional.linear_cross_entropy\", \"dtype\": \"bool\", \"samples\": 3, \"diffs\": [], \"errors\": [], \"verdict\": \"ok\"}\n"}
,{"stream_name":"stdout","time":1764.509646883,"data":"{\"op\": \"nn.functional.linear_cross_entropy\", \"dtype\": \"complex64\", \"samples\": 3, \"diffs\": [], \"errors\": [], \"verdict\": \"ok\"}\n"}
,{"stream_name":"stdout","time":1764.509651579,"data":"{\"op\": \"nn.functional.linear_cross_entropy\", \"dtype\": \"int8\", \"samples\": 3, \"diffs\": [], \"errors\": [], \"verdict\": \"ok\"}\n"}
,{"stream_name":"stdout","time":1764.509655937,"data":"{\"op\": \"nn.functional.linear_cross_entropy\", \"dtype\": \"uint8\", \"samples\": 3, \"diffs\": [], \"errors\": [], \"verdict\": \"ok\"}\n"}
,{"stream_name":"stdout","time":1764.509660808,"data":"{\"op\": \"nn.functional.linear_cross_entropy\", \"dtype\": \"int16\", \"samples\": 3, \"diffs\": [], \"errors\": [], \"verdict\": \"ok\"}\n"}
,{"stream_name":"stdout","time":1764.509669115,"data":"{\"op\": \"nn.functional.linear_cross_entropy\", \"dtype\": \"int32\", \"samples\": 3, \"diffs\": [], \"errors\": [], \"verdict\": \"ok\"}\n"}
,{"stream_name":"stdout","time":1764.509674025,"data":"{\"op\": \"nn.functional.linear_cross_entropy\", \"dtype\": \"int64\", \"samples\": 3, \"diffs\": [], \"errors\": [], \"verdict\": \"ok\"}\n"}
,{"stream_name":"stdout","time":1764.509678624,"data":"{\"op\": \"nn.functional.linear_cross_entropy\", \"dtype\": \"bool\", \"samples\": 3, \"diffs\": [], \"errors\": [], \"verdict\": \"ok\"}\n"}
,{"stream_name":"stdout","time":1764.509683312,"data":"{\"op\": \"nn.functional.linear_cross_entropy\", \"dtype\": \"complex64\", \"samples\": 3, \"diffs\": [], \"errors\": [], \"verdict\": \"ok\"}\n"}
,{"stream_name":"stdout","time":1764.50968806,"data":"{\"op\": \"aminmax\", \"dtype\": \"complex64\", \"samples\": 3, \"diffs\": [], \"errors\": [], \"verdict\": \"ok\"}\n"}
,{"stream_name":"stdout","time":1764.509692488,"data":"{\"op\": \"native_group_norm\", \"dtype\": \"int8\", \"samples\": 3, \"diffs\": [], \"errors\": [], \"verdict\": \"ok\"}\n"}
,{"stream_name":"stdout","time":1764.509696965,"data":"{\"op\": \"native_group_norm\", \"dtype\": \"uint8\", \"samples\": 3, \"diffs\": [], \"errors\": [], \"verdict\": \"ok\"}\n"}
,{"stream_name":"stdout","time":1764.509701791,"data":"{\"op\": \"native_group_norm\", \"dtype\": \"int16\", \"samples\": 3, \"diffs\": [], \"errors\": [], \"verdict\": \"ok\"}\n"}
,{"stream_name":"stdout","time":1764.509706506,"data":"{\"op\": \"native_group_norm\", \"dtype\": \"int32\", \"samples\": 3, \"diffs\": [], \"errors\": [], \"verdict\": \"ok\"}\n"}
,{"stream_name":"stdout","time":1764.5097187,"data":"{\"op\": \"native_group_norm\", \"dtype\": \"int64\", \"samples\": 3, \"diffs\": [], \"errors\": [], \"verdict\": \"ok\"}\n"}
,{"stream_name":"stdout","time":1764.509723438,"data":"{\"op\": \"native_group_norm\", \"dtype\": \"bool\", \"samples\": 3, \"diffs\": [], \"errors\": [], \"verdict\": \"ok\"}\n"}
,{"stream_name":"stdout","time":1764.509728403,"data":"{\"op\": \"native_group_norm\", \"dtype\": \"complex64\", \"samples\": 3, \"diffs\": [{\"i\": 0, \"class\": \"SILENT\", \"detail\": \"eager raises NotImplementedError, compiled returns\"}, {\"i\": 1, \"class\": \"SILENT\", \"detail\": \"eager raises NotImplementedError, compiled returns\"}, {\"i\": 2, \"class\": \"SILENT\", \"detail\": \"eager raises NotImplementedError, compiled returns\"}], \"errors\": [], \"verdict\": \"DIFF:SILENT\"}\n"}
,{"stream_name":"stdout","time":1764.509732374,"data":"{\"op\": \"native_layer_norm\", \"dtype\": \"int8\", \"samples\": 3, \"diffs\": [], \"errors\": [], \"verdict\": \"ok\"}\n"}
,{"stream_name":"stdout","time":1764.509736336,"data":"{\"op\": \"native_layer_norm\", \"dtype\": \"uint8\", \"samples\": 3, \"diffs\": [], \"errors\": [], \"verdict\": \"ok\"}\n"}
,{"stream_name":"stdout","time":1764.509741005,"data":"{\"op\": \"native_layer_norm\", \"dtype\": \"int16\", \"samples\": 3, \"diffs\": [], \"errors\": [], \"verdict\": \"ok\"}\n"}
,{"stream_name":"stdout","time":1764.509746016,"data":"{\"op\": \"native_layer_norm\", \"dtype\": \"int32\", \"samples\": 3, \"diffs\": [], \"errors\": [], \"verdict\": \"ok\"}\n"}
,{"stream_name":"stdout","time":1764.509750648,"data":"{\"op\": \"native_layer_norm\", \"dtype\": \"int64\", \"samples\": 3, \"diffs\": [], \"errors\": [], \"verdict\": \"ok\"}\n"}
,{"stream_name":"stdout","time":1764.509755224,"data":"{\"op\": \"native_layer_norm\", \"dtype\": \"bool\", \"samples\": 3, \"diffs\": [], \"errors\": [], \"verdict\": \"ok\"}\n"}
,{"stream_name":"stdout","time":1764.509760065,"data":"{\"op\": \"native_layer_norm\", \"dtype\": \"complex64\", \"samples\": 3, \"diffs\": [], \"errors\": [], \"verdict\": \"ok\"}\n"}
,{"stream_name":"stdout","time":1764.509768305,"data":"{\"op\": \"native_batch_norm\", \"dtype\": \"int8\", \"samples\": 3, \"diffs\": [{\"i\": 1, \"class\": \"SILENT\", \"detail\": \"eager raises NotImplementedError, compiled returns\"}], \"errors\": [], \"verdict\": \"DIFF:SILENT\"}\n"}
,{"stream_name":"stdout","time":1764.509773684,"data":"{\"op\": \"native_batch_norm\", \"dtype\": \"uint8\", \"samples\": 3, \"diffs\": [{\"i\": 1, \"class\": \"SILENT\", \"detail\": \"eager raises NotImplementedError, compiled returns\"}], \"errors\": [], \"verdict\": \"DIFF:SILENT\"}\n"}
,{"stream_name":"stdout","time":1764.50977974,"data":"{\"op\": \"native_batch_norm\", \"dtype\": \"int16\", \"samples\": 3, \"diffs\": [{\"i\": 1, \"class\": \"SILENT\", \"detail\": \"eager raises NotImplementedError, compiled returns\"}], \"errors\": [], \"verdict\": \"DIFF:SILENT\"}\n"}
,{"stream_name":"stdout","time":1764.509784931,"data":"{\"op\": \"native_batch_norm\", \"dtype\": \"int32\", \"samples\": 3, \"diffs\": [{\"i\": 1, \"class\": \"SILENT\", \"detail\": \"eager raises NotImplementedError, compiled returns\"}], \"errors\": [], \"verdict\": \"DIFF:SILENT\"}\n"}
,{"stream_name":"stdout","time":1764.509790553,"data":"{\"op\": \"native_batch_norm\", \"dtype\": \"int64\", \"samples\": 3, \"diffs\": [{\"i\": 1, \"class\": \"SILENT\", \"detail\": \"eager raises NotImplementedError, compiled returns\"}], \"errors\": [], \"verdict\": \"DIFF:SILENT\"}\n"}
,{"stream_name":"stdout","time":1764.509795878,"data":"{\"op\": \"native_batch_norm\", \"dtype\": \"bool\", \"samples\": 3, \"diffs\": [], \"errors\": [], \"verdict\": \"ok\"}\n"}
,{"stream_name":"stdout","time":1764.509800584,"data":"{\"op\": \"native_batch_norm\", \"dtype\": \"complex64\", \"samples\": 3, \"diffs\": [{\"i\": 0, \"class\": \"SILENT\", \"detail\": \"eager raises NotImplementedError, compiled returns\"}, {\"i\": 1, \"class\": \"SILENT\", \"detail\": \"eager raises NotImplementedError, compiled returns\"}, {\"i\": 2, \"class\": \"SILENT\", \"detail\": \"eager raises NotImplementedError, compiled returns\"}], \"errors\": [], \"verdict\": \"DIFF:SILENT\"}\n"}
,{"stream_name":"stdout","time":1764.509807114,"data":"{\"op\": \"_native_batch_norm_legit\", \"dtype\": \"int8\", \"samples\": 3, \"diffs\": [{\"i\": 1, \"class\": \"SILENT\", \"detail\": \"eager raises NotImplementedError, compiled returns\"}], \"errors\": [], \"verdict\": \"DIFF:SILENT\"}\n"}
,{"stream_name":"stdout","time":1764.509812318,"data":"{\"op\": \"_native_batch_norm_legit\", \"dtype\": \"uint8\", \"samples\": 3, \"diffs\": [{\"i\": 1, \"class\": \"SILENT\", \"detail\": \"eager raises NotImplementedError, compiled returns\"}], \"errors\": [], \"verdict\": \"DIFF:SILENT\"}\n"}
,{"stream_name":"stdout","time":1764.509817299,"data":"{\"op\": \"_native_batch_norm_legit\", \"dtype\": \"int16\", \"samples\": 3, \"diffs\": [{\"i\": 1, \"class\": \"SILENT\", \"detail\": \"eager raises NotImplementedError, compiled returns\"}], \"errors\": [], \"verdict\": \"DIFF:SILENT\"}\n"}
,{"stream_name":"stdout","time":1764.50982151,"data":"{\"op\": \"_native_batch_norm_legit\", \"dtype\": \"int32\", \"samples\": 3, \"diffs\": [{\"i\": 1, \"class\": \"SILENT\", \"detail\": \"eager raises NotImplementedError, compiled returns\"}], \"errors\": [], \"verdict\": \"DIFF:SILENT\"}\n"}
,{"stream_name":"stdout","time":1764.509824617,"data":"{\"op\": \"_native_batch_norm_legit\", \"dtype\": \"int64\", \"samples\": 3, \"diffs\": [{\"i\": 1, \"class\": \"SILENT\", \"detail\": \"eager raises NotImplementedError, compiled returns\"}], \"errors\": [], \"verdict\": \"DIFF:SILENT\"}\n"}
,{"stream_name":"stdout","time":1764.509830118,"data":"{\"op\": \"_native_batch_norm_legit\", \"dtype\": \"bool\", \"samples\": 3, \"diffs\": [], \"errors\": [], \"verdict\": \"ok\"}\n"}
,{"stream_name":"stdout","time":1764.509835051,"data":"{\"op\": \"_native_batch_norm_legit\", \"dtype\": \"complex64\", \"samples\": 3, \"diffs\": [{\"i\": 0, \"class\": \"SILENT\", \"detail\": \"eager raises NotImplementedError, compiled returns\"}, {\"i\": 1, \"class\": \"SILENT\", \"detail\": \"eager raises NotImplementedError, compiled returns\"}, {\"i\": 2, \"class\": \"SILENT\", \"detail\": \"eager raises NotImplementedError, compiled returns\"}], \"errors\": [], \"verdict\": \"DIFF:SILENT\"}\n"}
,{"stream_name":"stdout","time":1764.509845248,"data":"{\"op\": \"_batch_norm_with_update\", \"dtype\": \"int8\", \"samples\": 3, \"diffs\": [], \"errors\": [], \"verdict\": \"ok\"}\n"}
,{"stream_name":"stdout","time":1764.509850633,"data":"{\"op\": \"_batch_norm_with_update\", \"dtype\": \"uint8\", \"samples\": 3, \"diffs\": [], \"errors\": [], \"verdict\": \"ok\"}\n"}
,{"stream_name":"stdout","time":1764.509855307,"data":"{\"op\": \"_batch_norm_with_update\", \"dtype\": \"int16\", \"samples\": 3, \"diffs\": [], \"errors\": [], \"verdict\": \"ok\"}\n"}
,{"stream_name":"stdout","time":1764.509860009,"data":"{\"op\": \"_batch_norm_with_update\", \"dtype\": \"int32\", \"samples\": 3, \"diffs\": [], \"errors\": [], \"verdict\": \"ok\"}\n"}
,{"stream_name":"stdout","time":1764.509864557,"data":"{\"op\": \"_batch_norm_with_update\", \"dtype\": \"int64\", \"samples\": 3, \"diffs\": [], \"errors\": [], \"verdict\": \"ok\"}\n"}
,{"stream_name":"stdout","time":1764.509868988,"data":"{\"op\": \"_batch_norm_with_update\", \"dtype\": \"bool\", \"samples\": 3, \"diffs\": [], \"errors\": [], \"verdict\": \"ok\"}\n"}
,{"stream_name":"stdout","time":1764.509873736,"data":"{\"op\": \"_batch_norm_with_update\", \"dtype\": \"complex64\", \"samples\": 3, \"diffs\": [{\"i\": 0, \"class\": \"SILENT\", \"detail\": \"eager raises NotImplementedError, compiled returns\"}, {\"i\": 1, \"class\": \"SILENT\", \"detail\": \"eager raises NotImplementedError, compiled returns\"}, {\"i\": 2, \"class\": \"SILENT\", \"detail\": \"eager raises NotImplementedError, compiled returns\"}], \"errors\": [], \"verdict\": \"DIFF:SILENT\"}\n"}
,{"stream_name":"stdout","time":1764.509880197,"data":"{\"op\": \"nn.functional.cosine_similarity\", \"dtype\": \"int8\", \"samples\": 3, \"diffs\": [], \"errors\": [], \"verdict\": \"ok\"}\n"}
,{"stream_name":"stdout","time":1764.50988509,"data":"{\"op\": \"nn.functional.cosine_similarity\", \"dtype\": \"uint8\", \"samples\": 3, \"diffs\": [], \"errors\": [], \"verdict\": \"ok\"}\n"}
,{"stream_name":"stdout","time":1764.509889478,"data":"{\"op\": \"nn.functional.cosine_similarity\", \"dtype\": \"int16\", \"samples\": 3, \"diffs\": [], \"errors\": [], \"verdict\": \"ok\"}\n"}
,{"stream_name":"stdout","time":1764.509893656,"data":"{\"op\": \"nn.functional.cosine_similarity\", \"dtype\": \"int32\", \"samples\": 3, \"diffs\": [], \"errors\": [], \"verdict\": \"ok\"}\n"}
,{"stream_name":"stdout","time":1764.509898461,"data":"{\"op\": \"nn.functional.cosine_similarity\", \"dtype\": \"int64\", \"samples\": 3, \"diffs\": [], \"errors\": [], \"verdict\": \"ok\"}\n"}
,{"stream_name":"stdout","time":1764.509903046,"data":"{\"op\": \"nn.functional.cosine_similarity\", \"dtype\": \"bool\", \"samples\": 3, \"diffs\": [], \"errors\": [], \"verdict\": \"ok\"}\n"}
,{"stream_name":"stdout","time":1764.509907323,"data":"{\"op\": \"nn.functional.cosine_similarity\", \"dtype\": \"complex64\", \"samples\": 3, \"diffs\": [], \"errors\": [], \"verdict\": \"ok\"}\n"}
,{"stream_name":"stdout","time":1764.509911966,"data":"{\"op\": \"nn.functional.adaptive_avg_pool1d\", \"dtype\": \"int8\", \"samples\": 3, \"diffs\": [{\"i\": 1, \"class\": \"SILENT\", \"detail\": \"eager raises NotImplementedError, compiled returns\"}, {\"i\": 2, \"class\": \"SILENT\", \"detail\": \"eager raises NotImplementedError, compiled returns\"}], \"errors\": [], \"verdict\": \"DIFF:SILENT\"}\n"}
,{"stream_name":"stdout","time":1764.509915719,"data":"{\"op\": \"nn.functional.adaptive_avg_pool1d\", \"dtype\": \"uint8\", \"samples\": 3, \"diffs\": [{\"i\": 1, \"class\": \"SILENT\", \"detail\": \"eager raises NotImplementedError, compiled returns\"}, {\"i\": 2, \"class\": \"SILENT\", \"detail\": \"eager raises NotImplementedError, compiled returns\"}], \"errors\": [], \"verdict\": \"DIFF:SILENT\"}\n"}
,{"stream_name":"stdout","time":1764.509925483,"data":"{\"op\": \"nn.functional.adaptive_avg_pool1d\", \"dtype\": \"int16\", \"samples\": 3, \"diffs\": [{\"i\": 1, \"class\": \"SILENT\", \"detail\": \"eager raises NotImplementedError, compiled returns\"}, {\"i\": 2, \"class\": \"SILENT\", \"detail\": \"eager raises NotImplementedError, compiled returns\"}], \"errors\": [], \"verdict\": \"DIFF:SILENT\"}\n"}
,{"stream_name":"stdout","time":1764.509931786,"data":"{\"op\": \"nn.functional.adaptive_avg_pool1d\", \"dtype\": \"int32\", \"samples\": 3, \"diffs\": [{\"i\": 1, \"class\": \"SILENT\", \"detail\": \"eager raises NotImplementedError, compiled returns\"}, {\"i\": 2, \"class\": \"SILENT\", \"detail\": \"eager raises NotImplementedError, compiled returns\"}], \"errors\": [], \"verdict\": \"DIFF:SILENT\"}\n"}
,{"stream_name":"stdout","time":1764.509937696,"data":"{\"op\": \"nn.functional.adaptive_avg_pool1d\", \"dtype\": \"int64\", \"samples\": 3, \"diffs\": [], \"errors\": [\"compile InductorError\"], \"verdict\": \"ok\"}\n"}
,{"stream_name":"stdout","time":1764.509942669,"data":"{\"op\": \"nn.functional.adaptive_avg_pool1d\", \"dtype\": \"bool\", \"samples\": 3, \"diffs\": [{\"i\": 1, \"class\": \"SILENT\", \"detail\": \"eager raises NotImplementedError, compiled returns\"}, {\"i\": 2, \"class\": \"SILENT\", \"detail\": \"eager raises NotImplementedError, compiled returns\"}], \"errors\": [], \"verdict\": \"DIFF:SILENT\"}\n"}
,{"stream_name":"stdout","time":1764.509948978,"data":"{\"op\": \"nn.functional.adaptive_avg_pool1d\", \"dtype\": \"complex64\", \"samples\": 3, \"diffs\": [], \"errors\": [], \"verdict\": \"ok\"}\n"}
,{"stream_name":"stdout","time":1764.509953461,"data":"{\"op\": \"nn.functional.adaptive_avg_pool2d\", \"dtype\": \"int8\", \"samples\": 3, \"diffs\": [{\"i\": 0, \"class\": \"SILENT\", \"detail\": \"eager raises NotImplementedError, compiled returns\"}, {\"i\": 1, \"class\": \"SILENT\", \"detail\": \"eager raises NotImplementedError, compiled returns\"}, {\"i\": 2, \"class\": \"SILENT\", \"detail\": \"eager raises NotImplementedError, compiled returns\"}], \"errors\": [], \"verdict\": \"DIFF:SILENT\"}\n"}
,{"stream_name":"stdout","time":1764.509960089,"data":"{\"op\": \"nn.functional.adaptive_avg_pool2d\", \"dtype\": \"uint8\", \"samples\": 3, \"diffs\": [{\"i\": 0, \"class\": \"SILENT\", \"detail\": \"eager raises NotImplementedError, compiled returns\"}, {\"i\": 1, \"class\": \"SILENT\", \"detail\": \"eager raises NotImplementedError, compiled returns\"}, {\"i\": 2, \"class\": \"SILENT\", \"detail\": \"eager raises NotImplementedError, compiled returns\"}], \"errors\": [], \"verdict\": \"DIFF:SILENT\"}\n"}
,{"stream_name":"stdout","time":1764.509966643,"data":"{\"op\": \"nn.functional.adaptive_avg_pool2d\", \"dtype\": \"int16\", \"samples\": 3, \"diffs\": [{\"i\": 0, \"class\": \"SILENT\", \"detail\": \"eager raises NotImplementedError, compiled returns\"}, {\"i\": 1, \"class\": \"SILENT\", \"detail\": \"eager raises NotImplementedError, compiled returns\"}, {\"i\": 2, \"class\": \"SILENT\", \"detail\": \"eager raises NotImplementedError, compiled returns\"}], \"errors\": [], \"verdict\": \"DIFF:SILENT\"}\n"}
,{"stream_name":"stdout","time":1764.5099731,"data":"{\"op\": \"nn.functional.adaptive_avg_pool2d\", \"dtype\": \"int32\", \"samples\": 3, \"diffs\": [{\"i\": 0, \"class\": \"SILENT\", \"detail\": \"eager raises NotImplementedError, compiled returns\"}, {\"i\": 1, \"class\": \"SILENT\", \"detail\": \"eager raises NotImplementedError, compiled returns\"}, {\"i\": 2, \"class\": \"SILENT\", \"detail\": \"eager raises NotImplementedError, compiled returns\"}], \"errors\": [], \"verdict\": \"DIFF:SILENT\"}\n"}
,{"stream_name":"stdout","time":1764.509983476,"data":"{\"op\": \"nn.functional.adaptive_avg_pool2d\", \"dtype\": \"int64\", \"samples\": 3, \"diffs\": [], \"errors\": [], \"verdict\": \"ok\"}\n"}
,{"stream_name":"stdout","time":1764.509988569,"data":"{\"op\": \"nn.functional.adaptive_avg_pool2d\", \"dtype\": \"bool\", \"samples\": 3, \"diffs\": [{\"i\": 0, \"class\": \"SILENT\", \"detail\": \"eager raises NotImplementedError, compiled returns\"}, {\"i\": 1, \"class\": \"SILENT\", \"detail\": \"eager raises NotImplementedError, compiled returns\"}, {\"i\": 2, \"class\": \"SILENT\", \"detail\": \"eager raises NotImplementedError, compiled returns\"}], \"errors\": [], \"verdict\": \"DIFF:SILENT\"}\n"}
,{"stream_name":"stdout","time":1764.509994878,"data":"{\"op\": \"nn.functional.adaptive_avg_pool2d\", \"dtype\": \"complex64\", \"samples\": 3, \"diffs\": [], \"errors\": [], \"verdict\": \"ok\"}\n"}
,{"stream_name":"stdout","time":1764.509999926,"data":"{\"op\": \"nn.functional.adaptive_avg_pool3d\", \"dtype\": \"int8\", \"samples\": 3, \"diffs\": [], \"errors\": [], \"verdict\": \"ok\"}\n"}
,{"stream_name":"stdout","time":1764.510002993,"data":"{\"op\": \"nn.functional.adaptive_avg_pool3d\", \"dtype\": \"uint8\", \"samples\": 3, \"diffs\": [], \"errors\": [], \"verdict\": \"ok\"}\n"}
,{"stream_name":"stdout","time":1764.510006648,"data":"{\"op\": \"nn.functional.adaptive_avg_pool3d\", \"dtype\": \"int16\", \"samples\": 3, \"diffs\": [], \"errors\": [], \"verdict\": \"ok\"}\n"}
,{"stream_name":"stdout","time":1764.510011338,"data":"{\"op\": \"nn.functional.adaptive_avg_pool3d\", \"dtype\": \"int32\", \"samples\": 3, \"diffs\": [], \"errors\": [], \"verdict\": \"ok\"}\n"}
,{"stream_name":"stdout","time":1764.510015817,"data":"{\"op\": \"nn.functional.adaptive_avg_pool3d\", \"dtype\": \"int64\", \"samples\": 3, \"diffs\": [], \"errors\": [], \"verdict\": \"ok\"}\n"}
,{"stream_name":"stdout","time":1764.510020206,"data":"{\"op\": \"nn.functional.adaptive_avg_pool3d\", \"dtype\": \"bool\", \"samples\": 3, \"diffs\": [], \"errors\": [], \"verdict\": \"ok\"}\n"}
,{"stream_name":"stdout","time":1764.510025143,"data":"{\"op\": \"nn.functional.adaptive_avg_pool3d\", \"dtype\": \"complex64\", \"samples\": 3, \"diffs\": [], \"errors\": [], \"verdict\": \"ok\"}\n"}
,{"stream_name":"stdout","time":1764.51002981,"data":"{\"op\": \"nn.functional.adaptive_max_pool1d\", \"dtype\": \"int8\", \"samples\": 3, \"diffs\": [{\"i\": 0, \"class\": \"SILENT\", \"detail\": \"eager raises NotImplementedError, compiled returns\"}, {\"i\": 1, \"class\": \"SILENT\", \"detail\": \"eager raises NotImplementedError, compiled returns\"}, {\"i\": 2, \"class\": \"SILENT\", \"detail\": \"eager raises NotImplementedError, compiled returns\"}], \"errors\": [], \"verdict\": \"DIFF:SILENT\"}\n"}
,{"stream_name":"stdout","time":1764.510036609,"data":"{\"op\": \"nn.functional.adaptive_max_pool1d\", \"dtype\": \"uint8\", \"samples\": 3, \"diffs\": [{\"i\": 0, \"class\": \"SILENT\", \"detail\": \"eager raises NotImplementedError, compiled returns\"}, {\"i\": 1, \"class\": \"SILENT\", \"detail\": \"eager raises NotImplementedError, compiled returns\"}, {\"i\": 2, \"class\": \"SILENT\", \"detail\": \"eager raises NotImplementedError, compiled returns\"}], \"errors\": [], \"verdict\": \"DIFF:SILENT\"}\n"}
,{"stream_name":"stdout","time":1764.510043844,"data":"{\"op\": \"nn.functional.adaptive_max_pool1d\", \"dtype\": \"int16\", \"samples\": 3, \"diffs\": [{\"i\": 0, \"class\": \"SILENT\", \"detail\": \"eager raises NotImplementedError, compiled returns\"}, {\"i\": 1, \"class\": \"SILENT\", \"detail\": \"eager raises NotImplementedError, compiled returns\"}, {\"i\": 2, \"class\": \"SILENT\", \"detail\": \"eager raises NotImplementedError, compiled returns\"}], \"errors\": [], \"verdict\": \"DIFF:SILENT\"}\n"}
,{"stream_name":"stdout","time":1764.510050484,"data":"{\"op\": \"nn.functional.adaptive_max_pool1d\", \"dtype\": \"int32\", \"samples\": 3, \"diffs\": [{\"i\": 0, \"class\": \"SILENT\", \"detail\": \"eager raises NotImplementedError, compiled returns\"}, {\"i\": 1, \"class\": \"SILENT\", \"detail\": \"eager raises NotImplementedError, compiled returns\"}, {\"i\": 2, \"class\": \"SILENT\", \"detail\": \"eager raises NotImplementedError, compiled returns\"}], \"errors\": [], \"verdict\": \"DIFF:SILENT\"}\n"}
,{"stream_name":"stdout","time":1764.510060457,"data":"{\"op\": \"nn.functional.adaptive_max_pool1d\", \"dtype\": \"int64\", \"samples\": 3, \"diffs\": [], \"errors\": [], \"verdict\": \"ok\"}\n"}
,{"stream_name":"stdout","time":1764.510065203,"data":"{\"op\": \"nn.functional.adaptive_max_pool1d\", \"dtype\": \"bool\", \"samples\": 3, \"diffs\": [{\"i\": 0, \"class\": \"SILENT\", \"detail\": \"eager raises NotImplementedError, compiled returns\"}, {\"i\": 1, \"class\": \"SILENT\", \"detail\": \"eager raises NotImplementedError, compiled returns\"}, {\"i\": 2, \"class\": \"SILENT\", \"detail\": \"eager raises NotImplementedError, compiled returns\"}], \"errors\": [], \"verdict\": \"DIFF:SILENT\"}\n"}
,{"stream_name":"stdout","time":1764.510071672,"data":"{\"op\": \"nn.functional.adaptive_max_pool1d\", \"dtype\": \"complex64\", \"samples\": 3, \"diffs\": [], \"errors\": [], \"verdict\": \"ok\"}\n"}
,{"stream_name":"stdout","time":1764.510076204,"data":"{\"op\": \"nn.functional.adaptive_max_pool2d\", \"dtype\": \"int8\", \"samples\": 3, \"diffs\": [{\"i\": 0, \"class\": \"SILENT\", \"detail\": \"eager raises NotImplementedError, compiled returns\"}, {\"i\": 1, \"class\": \"SILENT\", \"detail\": \"eager raises NotImplementedError, compiled returns\"}, {\"i\": 2, \"class\": \"SILENT\", \"detail\": \"eager raises NotImplementedError, compiled returns\"}], \"errors\": [], \"verdict\": \"DIFF:SILENT\"}\n"}
,{"stream_name":"stdout","time":1764.510082774,"data":"{\"op\": \"nn.functional.adaptive_max_pool2d\", \"dtype\": \"uint8\", \"samples\": 3, \"diffs\": [{\"i\": 0, \"class\": \"SILENT\", \"detail\": \"eager raises NotImplementedError, compiled returns\"}, {\"i\": 1, \"class\": \"SILENT\", \"detail\": \"eager raises NotImplementedError, compiled returns\"}, {\"i\": 2, \"class\": \"SILENT\", \"detail\": \"eager raises NotImplementedError, compiled returns\"}], \"errors\": [], \"verdict\": \"DIFF:SILENT\"}\n"}
,{"stream_name":"stdout","time":1764.510090045,"data":"{\"op\": \"nn.functional.adaptive_max_pool2d\", \"dtype\": \"int16\", \"samples\": 3, \"diffs\": [{\"i\": 0, \"class\": \"SILENT\", \"detail\": \"eager raises NotImplementedError, compiled returns\"}, {\"i\": 1, \"class\": \"SILENT\", \"detail\": \"eager raises NotImplementedError, compiled returns\"}, {\"i\": 2, \"class\": \"SILENT\", \"detail\": \"eager raises NotImplementedError, compiled returns\"}], \"errors\": [], \"verdict\": \"DIFF:SILENT\"}\n"}
,{"stream_name":"stdout","time":1764.510093994,"data":"{\"op\": \"nn.functional.adaptive_max_pool2d\", \"dtype\": \"int32\", \"samples\": 3, \"diffs\": [{\"i\": 0, \"class\": \"SILENT\", \"detail\": \"eager raises NotImplementedError, compiled returns\"}, {\"i\": 1, \"class\": \"SILENT\", \"detail\": \"eager raises NotImplementedError, compiled returns\"}, {\"i\": 2, \"class\": \"SILENT\", \"detail\": \"eager raises NotImplementedError, compiled returns\"}], \"errors\": [], \"verdict\": \"DIFF:SILENT\"}\n"}
,{"stream_name":"stdout","time":1764.510098517,"data":"{\"op\": \"nn.functional.adaptive_max_pool2d\", \"dtype\": \"int64\", \"samples\": 3, \"diffs\": [], \"errors\": [], \"verdict\": \"ok\"}\n"}
,{"stream_name":"stdout","time":1764.510103431,"data":"{\"op\": \"nn.functional.adaptive_max_pool2d\", \"dtype\": \"bool\", \"samples\": 3, \"diffs\": [{\"i\": 0, \"class\": \"SILENT\", \"detail\": \"eager raises NotImplementedError, compiled returns\"}, {\"i\": 1, \"class\": \"SILENT\", \"detail\": \"eager raises NotImplementedError, compiled returns\"}, {\"i\": 2, \"class\": \"SILENT\", \"detail\": \"eager raises NotImplementedError, compiled returns\"}], \"errors\": [], \"verdict\": \"DIFF:SILENT\"}\n"}
,{"stream_name":"stdout","time":1764.510113724,"data":"{\"op\": \"nn.functional.adaptive_max_pool2d\", \"dtype\": \"complex64\", \"samples\": 3, \"diffs\": [], \"errors\": [], \"verdict\": \"ok\"}\n"}
,{"stream_name":"stdout","time":1764.510118584,"data":"{\"op\": \"nn.functional.adaptive_max_pool3d\", \"dtype\": \"int8\", \"samples\": 3, \"diffs\": [{\"i\": 0, \"class\": \"SILENT\", \"detail\": \"eager raises NotImplementedError, compiled returns\"}, {\"i\": 1, \"class\": \"SILENT\", \"detail\": \"eager raises NotImplementedError, compiled returns\"}, {\"i\": 2, \"class\": \"SILENT\", \"detail\": \"eager raises NotImplementedError, compiled returns\"}], \"errors\": [], \"verdict\": \"DIFF:SILENT\"}\n"}
,{"stream_name":"stdout","time":1764.510125793,"data":"{\"op\": \"nn.functional.adaptive_max_pool3d\", \"dtype\": \"uint8\", \"samples\": 3, \"diffs\": [{\"i\": 0, \"class\": \"SILENT\", \"detail\": \"eager raises NotImplementedError, compiled returns\"}, {\"i\": 1, \"class\": \"SILENT\", \"detail\": \"eager raises NotImplementedError, compiled returns\"}, {\"i\": 2, \"class\": \"SILENT\", \"detail\": \"eager raises NotImplementedError, compiled returns\"}], \"errors\": [], \"verdict\": \"DIFF:SILENT\"}\n"}
,{"stream_name":"stdout","time":1764.510132404,"data":"{\"op\": \"nn.functional.adaptive_max_pool3d\", \"dtype\": \"int16\", \"samples\": 3, \"diffs\": [{\"i\": 0, \"class\": \"SILENT\", \"detail\": \"eager raises NotImplementedError, compiled returns\"}, {\"i\": 1, \"class\": \"SILENT\", \"detail\": \"eager raises NotImplementedError, compiled returns\"}, {\"i\": 2, \"class\": \"SILENT\", \"detail\": \"eager raises NotImplementedError, compiled returns\"}], \"errors\": [], \"verdict\": \"DIFF:SILENT\"}\n"}
,{"stream_name":"stdout","time":1764.510138756,"data":"{\"op\": \"nn.functional.adaptive_max_pool3d\", \"dtype\": \"int32\", \"samples\": 3, \"diffs\": [{\"i\": 0, \"class\": \"SILENT\", \"detail\": \"eager raises NotImplementedError, compiled returns\"}, {\"i\": 1, \"class\": \"SILENT\", \"detail\": \"eager raises NotImplementedError, compiled returns\"}, {\"i\": 2, \"class\": \"SILENT\", \"detail\": \"eager raises NotImplementedError, compiled returns\"}], \"errors\": [], \"verdict\": \"DIFF:SILENT\"}\n"}
,{"stream_name":"stdout","time":1764.510145052,"data":"{\"op\": \"nn.functional.adaptive_max_pool3d\", \"dtype\": \"int64\", \"samples\": 3, \"diffs\": [{\"i\": 0, \"class\": \"SILENT\", \"detail\": \"eager raises NotImplementedError, compiled returns\"}, {\"i\": 1, \"class\": \"SILENT\", \"detail\": \"eager raises NotImplementedError, compiled returns\"}, {\"i\": 2, \"class\": \"SILENT\", \"detail\": \"eager raises NotImplementedError, compiled returns\"}], \"errors\": [], \"verdict\": \"DIFF:SILENT\"}\n"}
,{"stream_name":"stdout","time":1764.510151592,"data":"{\"op\": \"nn.functional.adaptive_max_pool3d\", \"dtype\": \"bool\", \"samples\": 3, \"diffs\": [{\"i\": 0, \"class\": \"SILENT\", \"detail\": \"eager raises NotImplementedError, compiled returns\"}, {\"i\": 1, \"class\": \"SILENT\", \"detail\": \"eager raises NotImplementedError, compiled returns\"}, {\"i\": 2, \"class\": \"SILENT\", \"detail\": \"eager raises NotImplementedError, compiled returns\"}], \"errors\": [], \"verdict\": \"DIFF:SILENT\"}\n"}
,{"stream_name":"stdout","time":1764.510158328,"data":"{\"op\": \"nn.functional.adaptive_max_pool3d\", \"dtype\": \"complex64\", \"samples\": 3, \"diffs\": [], \"errors\": [], \"verdict\": \"ok\"}\n"}
,{"stream_name":"stdout","time":1764.510163099,"data":"{\"op\": \"nn.functional.avg_pool1d\", \"dtype\": \"int8\", \"samples\": 0, \"diffs\": [{\"i\": -1, \"class\": \"CRASH\", \"detail\": \"process died\"}], \"errors\": [], \"verdict\": \"DIFF:CRASH\"}\n"}
,{"stream_name":"stdout","time":1764.510168421,"data":"{\"op\": \"nn.functional.avg_pool1d\", \"dtype\": \"uint8\", \"samples\": 3, \"diffs\": [], \"errors\": [], \"verdict\": \"ok\"}\n"}
,{"stream_name":"stdout","time":1764.510176306,"data":"{\"op\": \"nn.functional.avg_pool1d\", \"dtype\": \"int16\", \"samples\": 3, \"diffs\": [{\"i\": 0, \"class\": \"SILENT\", \"detail\": \"eager raises NotImplementedError, compiled returns\"}, {\"i\": 1, \"class\": \"SILENT\", \"detail\": \"eager raises NotImplementedError, compiled returns\"}, {\"i\": 2, \"class\": \"SILENT\", \"detail\": \"eager raises NotImplementedError, compiled returns\"}], \"errors\": [], \"verdict\": \"DIFF:SILENT\"}\n"}
,{"stream_name":"stdout","time":1764.510182789,"data":"{\"op\": \"nn.functional.avg_pool1d\", \"dtype\": \"int32\", \"samples\": 3, \"diffs\": [{\"i\": 0, \"class\": \"SILENT\", \"detail\": \"eager raises NotImplementedError, compiled returns\"}, {\"i\": 1, \"class\": \"SILENT\", \"detail\": \"eager raises NotImplementedError, compiled returns\"}, {\"i\": 2, \"class\": \"SILENT\", \"detail\": \"eager raises NotImplementedError, compiled returns\"}], \"errors\": [], \"verdict\": \"DIFF:SILENT\"}\n"}
,{"stream_name":"stdout","time":1764.510186702,"data":"{\"op\": \"nn.functional.avg_pool1d\", \"dtype\": \"bool\", \"samples\": 3, \"diffs\": [{\"i\": 0, \"class\": \"SILENT\", \"detail\": \"eager raises NotImplementedError, compiled returns\"}], \"errors\": [], \"verdict\": \"DIFF:SILENT\"}\n"}
,{"stream_name":"stdout","time":1764.51019119,"data":"{\"op\": \"nn.functional.avg_pool1d\", \"dtype\": \"complex64\", \"samples\": 3, \"diffs\": [], \"errors\": [], \"verdict\": \"ok\"}\n"}
,{"stream_name":"stdout","time":1764.510196065,"data":"{\"op\": \"nn.functional.avg_pool3d\", \"dtype\": \"int8\", \"samples\": 3, \"diffs\": [{\"i\": 0, \"class\": \"SILENT\", \"detail\": \"eager raises NotImplementedError, compiled returns\"}, {\"i\": 1, \"class\": \"SILENT\", \"detail\": \"eager raises NotImplementedError, compiled returns\"}, {\"i\": 2, \"class\": \"SILENT\", \"detail\": \"eager raises NotImplementedError, compiled returns\"}], \"errors\": [], \"verdict\": \"DIFF:SILENT\"}\n"}
,{"stream_name":"stdout","time":1764.510202742,"data":"{\"op\": \"nn.functional.avg_pool3d\", \"dtype\": \"uint8\", \"samples\": 3, \"diffs\": [], \"errors\": [], \"verdict\": \"ok\"}\n"}
,{"stream_name":"stdout","time":1764.510208185,"data":"{\"op\": \"nn.functional.avg_pool3d\", \"dtype\": \"int16\", \"samples\": 3, \"diffs\": [{\"i\": 0, \"class\": \"SILENT\", \"detail\": \"eager raises NotImplementedError, compiled returns\"}, {\"i\": 1, \"class\": \"SILENT\", \"detail\": \"eager raises NotImplementedError, compiled returns\"}, {\"i\": 2, \"class\": \"SILENT\", \"detail\": \"eager raises NotImplementedError, compiled returns\"}], \"errors\": [], \"verdict\": \"DIFF:SILENT\"}\n"}
,{"stream_name":"stdout","time":1764.510214821,"data":"{\"op\": \"nn.functional.avg_pool3d\", \"dtype\": \"int32\", \"samples\": 3, \"diffs\": [{\"i\": 0, \"class\": \"SILENT\", \"detail\": \"eager raises NotImplementedError, compiled returns\"}, {\"i\": 1, \"class\": \"SILENT\", \"detail\": \"eager raises NotImplementedError, compiled returns\"}, {\"i\": 2, \"class\": \"SILENT\", \"detail\": \"eager raises NotImplementedError, compiled returns\"}], \"errors\": [], \"verdict\": \"DIFF:SILENT\"}\n"}
,{"stream_name":"stdout","time":1764.510221975,"data":"{\"op\": \"nn.functional.avg_pool3d\", \"dtype\": \"bool\", \"samples\": 3, \"diffs\": [{\"i\": 0, \"class\": \"SILENT\", \"detail\": \"eager raises NotImplementedError, compiled returns\"}], \"errors\": [], \"verdict\": \"DIFF:SILENT\"}\n"}
,{"stream_name":"stdout","time":1764.510228884,"data":"{\"op\": \"nn.functional.avg_pool3d\", \"dtype\": \"float16\", \"samples\": 3, \"diffs\": [{\"i\": 0, \"class\": \"SILENT\", \"detail\": \"eager raises NotImplementedError, compiled returns\"}, {\"i\": 1, \"class\": \"SILENT\", \"detail\": \"eager raises NotImplementedError, compiled returns\"}, {\"i\": 2, \"class\": \"SILENT\", \"detail\": \"eager raises NotImplementedError, compiled returns\"}], \"errors\": [], \"verdict\": \"DIFF:SILENT\"}\n"}
,{"stream_name":"stdout","time":1764.510238597,"data":"{\"op\": \"nn.functional.avg_pool3d\", \"dtype\": \"bfloat16\", \"samples\": 3, \"diffs\": [{\"i\": 0, \"class\": \"SILENT\", \"detail\": \"eager raises NotImplementedError, compiled returns\"}, {\"i\": 1, \"class\": \"SILENT\", \"detail\": \"eager raises NotImplementedError, compiled returns\"}, {\"i\": 2, \"class\": \"SILENT\", \"detail\": \"eager raises NotImplementedError, compiled returns\"}], \"errors\": [], \"verdict\": \"DIFF:SILENT\"}\n"}
,{"stream_name":"stdout","time":1764.510245236,"data":"{\"op\": \"nn.functional.avg_pool3d\", \"dtype\": \"complex64\", \"samples\": 3, \"diffs\": [], \"errors\": [], \"verdict\": \"ok\"}\n"}
,{"stream_name":"stdout","time":1764.510250097,"data":"{\"op\": \"nn.functional.binary_cross_entropy_with_logits\", \"dtype\": \"int8\", \"samples\": 3, \"diffs\": [], \"errors\": [], \"verdict\": \"ok\"}\n"}
,{"stream_name":"stdout","time":1764.510255311,"data":"{\"op\": \"nn.functional.binary_cross_entropy_with_logits\", \"dtype\": \"uint8\", \"samples\": 3, \"diffs\": [], \"errors\": [], \"verdict\": \"ok\"}\n"}
,{"stream_name":"stdout","time":1764.510259828,"data":"{\"op\": \"nn.functional.binary_cross_entropy_with_logits\", \"dtype\": \"int16\", \"samples\": 3, \"diffs\": [], \"errors\": [], \"verdict\": \"ok\"}\n"}
,{"stream_name":"stdout","time":1764.510264538,"data":"{\"op\": \"nn.functional.binary_cross_entropy_with_logits\", \"dtype\": \"int32\", \"samples\": 3, \"diffs\": [], \"errors\": [], \"verdict\": \"ok\"}\n"}
,{"stream_name":"stdout","time":1764.510269164,"data":"{\"op\": \"nn.functional.binary_cross_entropy_with_logits\", \"dtype\": \"int64\", \"samples\": 3, \"diffs\": [], \"errors\": [], \"verdict\": \"ok\"}\n"}
,{"stream_name":"stdout","time":1764.510273756,"data":"{\"op\": \"nn.functional.binary_cross_entropy_with_logits\", \"dtype\": \"bool\", \"samples\": 3, \"diffs\": [], \"errors\": [], \"verdict\": \"ok\"}\n"}
,{"stream_name":"stdout","time":1764.51027823,"data":"{\"op\": \"nn.functional.binary_cross_entropy_with_logits\", \"dtype\": \"complex64\", \"samples\": 3, \"diffs\": [], \"errors\": [], \"verdict\": \"ok\"}\n"}
,{"stream_name":"stdout","time":1764.510282515,"data":"{\"op\": \"nn.functional.conv_transpose1d\", \"dtype\": \"int8\", \"samples\": 3, \"diffs\": [], \"errors\": [], \"verdict\": \"ok\"}\n"}
,{"stream_name":"stdout","time":1764.51028748,"data":"{\"op\": \"nn.functional.conv_transpose1d\", \"dtype\": \"uint8\", \"samples\": 3, \"diffs\": [], \"errors\": [], \"verdict\": \"ok\"}\n"}
,{"stream_name":"stdout","time":1764.510292163,"data":"{\"op\": \"nn.functional.conv_transpose1d\", \"dtype\": \"int16\", \"samples\": 3, \"diffs\": [], \"errors\": [], \"verdict\": \"ok\"}\n"}
,{"stream_name":"stdout","time":1764.510296761,"data":"{\"op\": \"nn.functional.conv_transpose1d\", \"dtype\": \"int32\", \"samples\": 3, \"diffs\": [], \"errors\": [], \"verdict\": \"ok\"}\n"}
,{"stream_name":"stdout","time":1764.510301544,"data":"{\"op\": \"nn.functional.conv_transpose1d\", \"dtype\": \"bool\", \"samples\": 3, \"diffs\": [{\"i\": 0, \"class\": \"SILENT\", \"detail\": \"eager raises NotImplementedError, compiled returns\"}, {\"i\": 1, \"class\": \"SILENT\", \"detail\": \"eager raises NotImplementedError, compiled returns\"}, {\"i\": 2, \"class\": \"SILENT\", \"detail\": \"eager raises NotImplementedError, compiled returns\"}], \"errors\": [], \"verdict\": \"DIFF:SILENT\"}\n"}
,{"stream_name":"stdout","time":1764.510308132,"data":"{\"op\": \"nn.functional.conv_transpose2d\", \"dtype\": \"int8\", \"samples\": 3, \"diffs\": [], \"errors\": [], \"verdict\": \"ok\"}\n"}
,{"stream_name":"stdout","time":1764.51031259,"data":"{\"op\": \"nn.functional.conv_transpose2d\", \"dtype\": \"uint8\", \"samples\": 3, \"diffs\": [], \"errors\": [], \"verdict\": \"ok\"}\n"}
,{"stream_name":"stdout","time":1764.510317298,"data":"{\"op\": \"nn.functional.conv_transpose2d\", \"dtype\": \"int16\", \"samples\": 3, \"diffs\": [], \"errors\": [], \"verdict\": \"ok\"}\n"}
,{"stream_name":"stdout","time":1764.510325414,"data":"{\"op\": \"nn.functional.conv_transpose2d\", \"dtype\": \"int32\", \"samples\": 3, \"diffs\": [], \"errors\": [], \"verdict\": \"ok\"}\n"}
,{"stream_name":"stdout","time":1764.51033085,"data":"{\"op\": \"nn.functional.conv_transpose2d\", \"dtype\": \"bool\", \"samples\": 3, \"diffs\": [{\"i\": 0, \"class\": \"SILENT\", \"detail\": \"eager raises NotImplementedError, compiled returns\"}, {\"i\": 1, \"class\": \"SILENT\", \"detail\": \"eager raises NotImplementedError, compiled returns\"}, {\"i\": 2, \"class\": \"SILENT\", \"detail\": \"eager raises NotImplementedError, compiled returns\"}], \"errors\": [], \"verdict\": \"DIFF:SILENT\"}\n"}
,{"stream_name":"stdout","time":1764.510337191,"data":"{\"op\": \"nn.functional.conv_transpose3d\", \"dtype\": \"int8\", \"samples\": 3, \"diffs\": [], \"errors\": [], \"verdict\": \"ok\"}\n"}
,{"stream_name":"stdout","time":1764.510341832,"data":"{\"op\": \"nn.functional.conv_transpose3d\", \"dtype\": \"uint8\", \"samples\": 3, \"diffs\": [], \"errors\": [], \"verdict\": \"ok\"}\n"}
,{"stream_name":"stdout","time":1764.510346072,"data":"{\"op\": \"nn.functional.conv_transpose3d\", \"dtype\": \"int16\", \"samples\": 3, \"diffs\": [], \"errors\": [], \"verdict\": \"ok\"}\n"}
,{"stream_name":"stdout","time":1764.510350523,"data":"{\"op\": \"nn.functional.conv_transpose3d\", \"dtype\": \"int32\", \"samples\": 3, \"diffs\": [], \"errors\": [], \"verdict\": \"ok\"}\n"}
,{"stream_name":"stdout","time":1764.51035514,"data":"{\"op\": \"nn.functional.conv_transpose3d\", \"dtype\": \"bool\", \"samples\": 3, \"diffs\": [{\"i\": 0, \"class\": \"SILENT\", \"detail\": \"eager raises NotImplementedError, compiled returns\"}, {\"i\": 1, \"class\": \"SILENT\", \"detail\": \"eager raises NotImplementedError, compiled returns\"}, {\"i\": 2, \"class\": \"SILENT\", \"detail\": \"eager raises NotImplementedError, compiled returns\"}], \"errors\": [], \"verdict\": \"DIFF:SILENT\"}\n"}
,{"stream_name":"stdout","time":1764.510361041,"data":"{\"op\": \"nn.functional.conv1d\", \"dtype\": \"int8\", \"samples\": 3, \"diffs\": [], \"errors\": [], \"verdict\": \"ok\"}\n"}
,{"stream_name":"stdout","time":1764.510364878,"data":"{\"op\": \"nn.functional.conv1d\", \"dtype\": \"uint8\", \"samples\": 3, \"diffs\": [], \"errors\": [], \"verdict\": \"ok\"}\n"}
,{"stream_name":"stdout","time":1764.510367937,"data":"{\"op\": \"nn.functional.conv1d\", \"dtype\": \"int16\", \"samples\": 3, \"diffs\": [], \"errors\": [], \"verdict\": \"ok\"}\n"}
,{"stream_name":"stdout","time":1764.510371397,"data":"{\"op\": \"nn.functional.conv1d\", \"dtype\": \"int32\", \"samples\": 3, \"diffs\": [], \"errors\": [], \"verdict\": \"ok\"}\n"}
,{"stream_name":"stdout","time":1764.51037673,"data":"{\"op\": \"nn.functional.conv1d\", \"dtype\": \"bool\", \"samples\": 3, \"diffs\": [{\"i\": 0, \"class\": \"SILENT\", \"detail\": \"eager raises NotImplementedError, compiled returns\"}, {\"i\": 1, \"class\": \"SILENT\", \"detail\": \"eager raises NotImplementedError, compiled returns\"}, {\"i\": 2, \"class\": \"SILENT\", \"detail\": \"eager raises NotImplementedError, compiled returns\"}], \"errors\": [], \"verdict\": \"DIFF:SILENT\"}\n"}
,{"stream_name":"stdout","time":1764.510383189,"data":"{\"op\": \"nn.functional.conv2d\", \"dtype\": \"int8\", \"samples\": 3, \"diffs\": [], \"errors\": [], \"verdict\": \"ok\"}\n"}
,{"stream_name":"stdout","time":1764.51038796,"data":"{\"op\": \"nn.functional.conv2d\", \"dtype\": \"uint8\", \"samples\": 3, \"diffs\": [], \"errors\": [], \"verdict\": \"ok\"}\n"}
,{"stream_name":"stdout","time":1764.510392564,"data":"{\"op\": \"nn.functional.conv2d\", \"dtype\": \"int16\", \"samples\": 3, \"diffs\": [], \"errors\": [], \"verdict\": \"ok\"}\n"}
,{"stream_name":"stdout","time":1764.510400052,"data":"{\"op\": \"nn.functional.conv2d\", \"dtype\": \"int32\", \"samples\": 3, \"diffs\": [], \"errors\": [], \"verdict\": \"ok\"}\n"}
,{"stream_name":"stdout","time":1764.510404567,"data":"{\"op\": \"nn.functional.conv2d\", \"dtype\": \"bool\", \"samples\": 3, \"diffs\": [{\"i\": 0, \"class\": \"SILENT\", \"detail\": \"eager raises NotImplementedError, compiled returns\"}, {\"i\": 1, \"class\": \"SILENT\", \"detail\": \"eager raises NotImplementedError, compiled returns\"}, {\"i\": 2, \"class\": \"SILENT\", \"detail\": \"eager raises NotImplementedError, compiled returns\"}], \"errors\": [], \"verdict\": \"DIFF:SILENT\"}\n"}
,{"stream_name":"stdout","time":1764.510425346,"data":"{\"op\": \"nn.functional.conv3d\", \"dtype\": \"int8\", \"samples\": 3, \"diffs\": [], \"errors\": [], \"verdict\": \"ok\"}\n"}
,{"stream_name":"stdout","time":1764.510433829,"data":"{\"op\": \"nn.functional.conv3d\", \"dtype\": \"uint8\", \"samples\": 3, \"diffs\": [], \"errors\": [], \"verdict\": \"ok\"}\n"}
,{"stream_name":"stdout","time":1764.510438582,"data":"{\"op\": \"nn.functional.conv3d\", \"dtype\": \"int16\", \"samples\": 3, \"diffs\": [], \"errors\": [], \"verdict\": \"ok\"}\n"}
,{"stream_name":"stdout","time":1764.510443201,"data":"{\"op\": \"nn.functional.conv3d\", \"dtype\": \"int32\", \"samples\": 3, \"diffs\": [], \"errors\": [], \"verdict\": \"ok\"}\n"}
,{"stream_name":"stdout","time":1764.510447821,"data":"{\"op\": \"nn.functional.conv3d\", \"dtype\": \"bool\", \"samples\": 3, \"diffs\": [{\"i\": 0, \"class\": \"SILENT\", \"detail\": \"eager raises NotImplementedError, compiled returns\"}, {\"i\": 1, \"class\": \"SILENT\", \"detail\": \"eager raises NotImplementedError, compiled returns\"}, {\"i\": 2, \"class\": \"SILENT\", \"detail\": \"eager raises NotImplementedError, compiled returns\"}], \"errors\": [], \"verdict\": \"DIFF:SILENT\"}\n"}
,{"stream_name":"stdout","time":1764.510454024,"data":"{\"op\": \"nn.functional.group_norm\", \"dtype\": \"int8\", \"samples\": 3, \"diffs\": [], \"errors\": [], \"verdict\": \"ok\"}\n"}
,{"stream_name":"stdout","time":1764.510458857,"data":"{\"op\": \"nn.functional.group_norm\", \"dtype\": \"uint8\", \"samples\": 3, \"diffs\": [], \"errors\": [], \"verdict\": \"ok\"}\n"}
,{"stream_name":"stdout","time":1764.510463508,"data":"{\"op\": \"nn.functional.group_norm\", \"dtype\": \"int16\", \"samples\": 3, \"diffs\": [], \"errors\": [], \"verdict\": \"ok\"}\n"}
,{"stream_name":"stdout","time":1764.51046863,"data":"{\"op\": \"nn.functional.group_norm\", \"dtype\": \"int32\", \"samples\": 3, \"diffs\": [], \"errors\": [], \"verdict\": \"ok\"}\n"}
,{"stream_name":"stdout","time":1764.510473238,"data":"{\"op\": \"nn.functional.group_norm\", \"dtype\": \"int64\", \"samples\": 3, \"diffs\": [], \"errors\": [], \"verdict\": \"ok\"}\n"}
,{"stream_name":"stdout","time":1764.510477641,"data":"{\"op\": \"nn.functional.group_norm\", \"dtype\": \"bool\", \"samples\": 3, \"diffs\": [], \"errors\": [], \"verdict\": \"ok\"}\n"}
,{"stream_name":"stdout","time":1764.510482106,"data":"{\"op\": \"nn.functional.group_norm\", \"dtype\": \"complex64\", \"samples\": 3, \"diffs\": [{\"i\": 0, \"class\": \"SILENT\", \"detail\": \"eager raises NotImplementedError, compiled returns\"}, {\"i\": 1, \"class\": \"SILENT\", \"detail\": \"eager raises NotImplementedError, compiled returns\"}, {\"i\": 2, \"class\": \"SILENT\", \"detail\": \"eager raises NotImplementedError, compiled returns\"}], \"errors\": [], \"verdict\": \"DIFF:SILENT\"}\n"}
,{"stream_name":"stdout","time":1764.510487942,"data":"{\"op\": \"nn.functional.instance_norm\", \"dtype\": \"int8\", \"samples\": 3, \"diffs\": [], \"errors\": [], \"verdict\": \"ok\"}\n"}
,{"stream_name":"stdout","time":1764.510492006,"data":"{\"op\": \"nn.functional.instance_norm\", \"dtype\": \"uint8\", \"samples\": 3, \"diffs\": [], \"errors\": [], \"verdict\": \"ok\"}\n"}
,{"stream_name":"stdout","time":1764.510499978,"data":"{\"op\": \"nn.functional.instance_norm\", \"dtype\": \"int16\", \"samples\": 3, \"diffs\": [], \"errors\": [], \"verdict\": \"ok\"}\n"}
,{"stream_name":"stdout","time":1764.510504897,"data":"{\"op\": \"nn.functional.instance_norm\", \"dtype\": \"int32\", \"samples\": 3, \"diffs\": [], \"errors\": [], \"verdict\": \"ok\"}\n"}
,{"stream_name":"stdout","time":1764.510509449,"data":"{\"op\": \"nn.functional.instance_norm\", \"dtype\": \"int64\", \"samples\": 3, \"diffs\": [], \"errors\": [], \"verdict\": \"ok\"}\n"}
,{"stream_name":"stdout","time":1764.510514275,"data":"{\"op\": \"nn.functional.instance_norm\", \"dtype\": \"bool\", \"samples\": 3, \"diffs\": [], \"errors\": [], \"verdict\": \"ok\"}\n"}
,{"stream_name":"stdout","time":1764.510519247,"data":"{\"op\": \"nn.functional.instance_norm\", \"dtype\": \"complex64\", \"samples\": 3, \"diffs\": [{\"i\": 0, \"class\": \"SILENT\", \"detail\": \"eager raises NotImplementedError, compiled returns\"}, {\"i\": 1, \"class\": \"SILENT\", \"detail\": \"eager raises NotImplementedError, compiled returns\"}, {\"i\": 2, \"class\": \"SILENT\", \"detail\": \"eager raises NotImplementedError, compiled returns\"}], \"errors\": [], \"verdict\": \"DIFF:SILENT\"}\n"}
,{"stream_name":"stdout","time":1764.51052603,"data":"{\"op\": \"nn.functional.layer_norm\", \"dtype\": \"int8\", \"samples\": 3, \"diffs\": [], \"errors\": [], \"verdict\": \"ok\"}\n"}
,{"stream_name":"stdout","time":1764.510530538,"data":"{\"op\": \"nn.functional.layer_norm\", \"dtype\": \"uint8\", \"samples\": 3, \"diffs\": [], \"errors\": [], \"verdict\": \"ok\"}\n"}
,{"stream_name":"stdout","time":1764.510535507,"data":"{\"op\": \"nn.functional.layer_norm\", \"dtype\": \"int16\", \"samples\": 3, \"diffs\": [], \"errors\": [], \"verdict\": \"ok\"}\n"}
,{"stream_name":"stdout","time":1764.510540392,"data":"{\"op\": \"nn.functional.layer_norm\", \"dtype\": \"int32\", \"samples\": 3, \"diffs\": [], \"errors\": [], \"verdict\": \"ok\"}\n"}
,{"stream_name":"stdout","time":1764.51054494,"data":"{\"op\": \"nn.functional.layer_norm\", \"dtype\": \"int64\", \"samples\": 3, \"diffs\": [], \"errors\": [], \"verdict\": \"ok\"}\n"}
,{"stream_name":"stdout","time":1764.510549467,"data":"{\"op\": \"nn.functional.layer_norm\", \"dtype\": \"bool\", \"samples\": 3, \"diffs\": [], \"errors\": [], \"verdict\": \"ok\"}\n"}
,{"stream_name":"stdout","time":1764.510553915,"data":"{\"op\": \"nn.functional.layer_norm\", \"dtype\": \"complex64\", \"samples\": 3, \"diffs\": [], \"errors\": [], \"verdict\": \"ok\"}\n"}
,{"stream_name":"stdout","time":1764.510558337,"data":"{\"op\": \"nn.functional.rms_norm\", \"dtype\": \"int8\", \"samples\": 3, \"diffs\": [], \"errors\": [], \"verdict\": \"ok\"}\n"}
,{"stream_name":"stdout","time":1764.510562837,"data":"{\"op\": \"nn.functional.rms_norm\", \"dtype\": \"uint8\", \"samples\": 3, \"diffs\": [], \"errors\": [], \"verdict\": \"ok\"}\n"}
,{"stream_name":"stdout","time":1764.51056762,"data":"{\"op\": \"nn.functional.rms_norm\", \"dtype\": \"int16\", \"samples\": 3, \"diffs\": [], \"errors\": [], \"verdict\": \"ok\"}\n"}
,{"stream_name":"stdout","time":1764.5105721,"data":"{\"op\": \"nn.functional.rms_norm\", \"dtype\": \"int32\", \"samples\": 3, \"diffs\": [], \"errors\": [], \"verdict\": \"ok\"}\n"}
,{"stream_name":"stdout","time":1764.510576794,"data":"{\"op\": \"nn.functional.rms_norm\", \"dtype\": \"int64\", \"samples\": 3, \"diffs\": [], \"errors\": [], \"verdict\": \"ok\"}\n"}
,{"stream_name":"stdout","time":1764.510581184,"data":"{\"op\": \"nn.functional.rms_norm\", \"dtype\": \"bool\", \"samples\": 3, \"diffs\": [], \"errors\": [], \"verdict\": \"ok\"}\n"}
,{"stream_name":"stdout","time":1764.51058499,"data":"{\"op\": \"nn.functional.local_response_norm\", \"dtype\": \"int8\", \"samples\": 3, \"diffs\": [{\"i\": 0, \"class\": \"SILENT\", \"detail\": \"eager raises NotImplementedError, compiled returns\"}, {\"i\": 1, \"class\": \"SILENT\", \"detail\": \"eager raises NotImplementedError, compiled returns\"}, {\"i\": 2, \"class\": \"SILENT\", \"detail\": \"eager raises NotImplementedError, compiled returns\"}], \"errors\": [], \"verdict\": \"DIFF:SILENT\"}\n"}
,{"stream_name":"stdout","time":1764.510598578,"data":"{\"op\": \"nn.functional.local_response_norm\", \"dtype\": \"uint8\", \"samples\": 3, \"diffs\": [], \"errors\": [], \"verdict\": \"ok\"}\n"}
,{"stream_name":"stdout","time":1764.510604338,"data":"{\"op\": \"nn.functional.local_response_norm\", \"dtype\": \"int16\", \"samples\": 3, \"diffs\": [{\"i\": 0, \"class\": \"SILENT\", \"detail\": \"eager raises NotImplementedError, compiled returns\"}, {\"i\": 1, \"class\": \"SILENT\", \"detail\": \"eager raises NotImplementedError, compiled returns\"}, {\"i\": 2, \"class\": \"SILENT\", \"detail\": \"eager raises NotImplementedError, compiled returns\"}], \"errors\": [], \"verdict\": \"DIFF:SILENT\"}\n"}
,{"stream_name":"stdout","time":1764.510610911,"data":"{\"op\": \"nn.functional.local_response_norm\", \"dtype\": \"int32\", \"samples\": 3, \"diffs\": [{\"i\": 0, \"class\": \"SILENT\", \"detail\": \"eager raises NotImplementedError, compiled returns\"}, {\"i\": 1, \"class\": \"SILENT\", \"detail\": \"eager raises NotImplementedError, compiled returns\"}, {\"i\": 2, \"class\": \"SILENT\", \"detail\": \"eager raises NotImplementedError, compiled returns\"}], \"errors\": [], \"verdict\": \"DIFF:SILENT\"}\n"}
,{"stream_name":"stdout","time":1764.510617786,"data":"{\"op\": \"nn.functional.local_response_norm\", \"dtype\": \"bool\", \"samples\": 3, \"diffs\": [], \"errors\": [], \"verdict\": \"ok\"}\n"}
,{"stream_name":"stdout","time":1764.51062256,"data":"{\"op\": \"nn.functional.local_response_norm\", \"dtype\": \"complex64\", \"samples\": 3, \"diffs\": [], \"errors\": [], \"verdict\": \"ok\"}\n"}
,{"stream_name":"stdout","time":1764.510627394,"data":"{\"op\": \"nn.functional.pad\", \"dtype\": \"bool\", \"samples\": 3, \"diffs\": [{\"i\": 0, \"class\": \"SILENT\", \"detail\": \"eager raises NotImplementedError, compiled returns\"}, {\"i\": 1, \"class\": \"SILENT\", \"detail\": \"eager raises NotImplementedError, compiled returns\"}, {\"i\": 2, \"class\": \"SILENT\", \"detail\": \"eager raises NotImplementedError, compiled returns\"}], \"errors\": [], \"verdict\": \"DIFF:SILENT\"}\n"}
,{"stream_name":"stdout","time":1764.51063338,"data":"{\"op\": \"nn.functional.pad\", \"dtype\": \"bool\", \"samples\": 3, \"diffs\": [], \"errors\": [], \"verdict\": \"ok\"}\n"}
,{"stream_name":"stdout","time":1764.510637813,"data":"{\"op\": \"nn.functional.pad\", \"dtype\": \"bool\", \"samples\": 3, \"diffs\": [], \"errors\": [], \"verdict\": \"ok\"}\n"}
,{"stream_name":"stdout","time":1764.510642564,"data":"{\"op\": \"nn.functional.hardswish\", \"dtype\": \"int8\", \"samples\": 3, \"diffs\": [{\"i\": 0, \"class\": \"SILENT\", \"detail\": \"eager raises NotImplementedError, compiled returns\"}, {\"i\": 1, \"class\": \"SILENT\", \"detail\": \"eager raises NotImplementedError, compiled returns\"}, {\"i\": 2, \"class\": \"SILENT\", \"detail\": \"eager raises NotImplementedError, compiled returns\"}], \"errors\": [], \"verdict\": \"DIFF:SILENT\"}\n"}
,{"stream_name":"stdout","time":1764.510649433,"data":"{\"op\": \"nn.functional.hardswish\", \"dtype\": \"uint8\", \"samples\": 3, \"diffs\": [{\"i\": 0, \"class\": \"SILENT\", \"detail\": \"eager raises NotImplementedError, compiled returns\"}, {\"i\": 1, \"class\": \"SILENT\", \"detail\": \"eager raises NotImplementedError, compiled returns\"}, {\"i\": 2, \"class\": \"SILENT\", \"detail\": \"eager raises NotImplementedError, compiled returns\"}], \"errors\": [], \"verdict\": \"DIFF:SILENT\"}\n"}
,{"stream_name":"stdout","time":1764.510655742,"data":"{\"op\": \"nn.functional.hardswish\", \"dtype\": \"int16\", \"samples\": 3, \"diffs\": [{\"i\": 0, \"class\": \"SILENT\", \"detail\": \"eager raises NotImplementedError, compiled returns\"}, {\"i\": 1, \"class\": \"SILENT\", \"detail\": \"eager raises NotImplementedError, compiled returns\"}, {\"i\": 2, \"class\": \"SILENT\", \"detail\": \"eager raises NotImplementedError, compiled returns\"}], \"errors\": [], \"verdict\": \"DIFF:SILENT\"}\n"}
,{"stream_name":"stdout","time":1764.510665531,"data":"{\"op\": \"nn.functional.hardswish\", \"dtype\": \"int32\", \"samples\": 3, \"diffs\": [{\"i\": 0, \"class\": \"SILENT\", \"detail\": \"eager raises NotImplementedError, compiled returns\"}, {\"i\": 1, \"class\": \"SILENT\", \"detail\": \"eager raises NotImplementedError, compiled returns\"}, {\"i\": 2, \"class\": \"SILENT\", \"detail\": \"eager raises NotImplementedError, compiled returns\"}], \"errors\": [], \"verdict\": \"DIFF:SILENT\"}\n"}
,{"stream_name":"stdout","time":1764.510671424,"data":"{\"op\": \"nn.functional.hardswish\", \"dtype\": \"int64\", \"samples\": 3, \"diffs\": [{\"i\": 0, \"class\": \"SILENT\", \"detail\": \"eager raises NotImplementedError, compiled returns\"}, {\"i\": 1, \"class\": \"SILENT\", \"detail\": \"eager raises NotImplementedError, compiled returns\"}, {\"i\": 2, \"class\": \"SILENT\", \"detail\": \"eager raises NotImplementedError, compiled returns\"}], \"errors\": [], \"verdict\": \"DIFF:SILENT\"}\n"}
,{"stream_name":"stdout","time":1764.510677119,"data":"{\"op\": \"nn.functional.hardswish\", \"dtype\": \"bool\", \"samples\": 3, \"diffs\": [{\"i\": 0, \"class\": \"SILENT\", \"detail\": \"eager raises NotImplementedError, compiled returns\"}, {\"i\": 1, \"class\": \"SILENT\", \"detail\": \"eager raises NotImplementedError, compiled returns\"}, {\"i\": 2, \"class\": \"SILENT\", \"detail\": \"eager raises NotImplementedError, compiled returns\"}], \"errors\": [], \"verdict\": \"DIFF:SILENT\"}\n"}
,{"stream_name":"stdout","time":1764.51068165,"data":"{\"op\": \"nn.functional.hardswish\", \"dtype\": \"complex64\", \"samples\": 3, \"diffs\": [], \"errors\": [], \"verdict\": \"ok\"}\n"}
,{"stream_name":"stdout","time":1764.510686825,"data":"{\"op\": \"nn.functional.unfold\", \"dtype\": \"int8\", \"samples\": 3, \"diffs\": [{\"i\": 0, \"class\": \"SILENT\", \"detail\": \"eager raises NotImplementedError, compiled returns\"}, {\"i\": 1, \"class\": \"SILENT\", \"detail\": \"eager raises NotImplementedError, compiled returns\"}, {\"i\": 2, \"class\": \"SILENT\", \"detail\": \"eager raises NotImplementedError, compiled returns\"}], \"errors\": [], \"verdict\": \"DIFF:SILENT\"}\n"}
,{"stream_name":"stdout","time":1764.510693456,"data":"{\"op\": \"nn.functional.unfold\", \"dtype\": \"uint8\", \"samples\": 3, \"diffs\": [{\"i\": 0, \"class\": \"SILENT\", \"detail\": \"eager raises NotImplementedError, compiled returns\"}, {\"i\": 1, \"class\": \"SILENT\", \"detail\": \"eager raises NotImplementedError, compiled returns\"}, {\"i\": 2, \"class\": \"SILENT\", \"detail\": \"eager raises NotImplementedError, compiled returns\"}], \"errors\": [], \"verdict\": \"DIFF:SILENT\"}\n"}
,{"stream_name":"stdout","time":1764.510700402,"data":"{\"op\": \"nn.functional.unfold\", \"dtype\": \"int16\", \"samples\": 3, \"diffs\": [{\"i\": 0, \"class\": \"SILENT\", \"detail\": \"eager raises NotImplementedError, compiled returns\"}, {\"i\": 1, \"class\": \"SILENT\", \"detail\": \"eager raises NotImplementedError, compiled returns\"}, {\"i\": 2, \"class\": \"SILENT\", \"detail\": \"eager raises NotImplementedError, compiled returns\"}], \"errors\": [], \"verdict\": \"DIFF:SILENT\"}\n"}
,{"stream_name":"stdout","time":1764.510707068,"data":"{\"op\": \"nn.functional.unfold\", \"dtype\": \"int32\", \"samples\": 3, \"diffs\": [{\"i\": 0, \"class\": \"SILENT\", \"detail\": \"eager raises NotImplementedError, compiled returns\"}, {\"i\": 1, \"class\": \"SILENT\", \"detail\": \"eager raises NotImplementedError, compiled returns\"}, {\"i\": 2, \"class\": \"SILENT\", \"detail\": \"eager raises NotImplementedError, compiled returns\"}], \"errors\": [], \"verdict\": \"DIFF:SILENT\"}\n"}
,{"stream_name":"stdout","time":1764.510722352,"data":"{\"op\": \"nn.functional.unfold\", \"dtype\": \"int64\", \"samples\": 3, \"diffs\": [{\"i\": 0, \"class\": \"SILENT\", \"detail\": \"eager raises NotImplementedError, compiled returns\"}, {\"i\": 1, \"class\": \"SILENT\", \"detail\": \"eager raises NotImplementedError, compiled returns\"}, {\"i\": 2, \"class\": \"SILENT\", \"detail\": \"eager raises NotImplementedError, compiled returns\"}], \"errors\": [], \"verdict\": \"DIFF:SILENT\"}\n"}
,{"stream_name":"stdout","time":1764.510728938,"data":"{\"op\": \"_upsample_bilinear2d_aa\", \"dtype\": \"int8\", \"samples\": 3, \"diffs\": [], \"errors\": [], \"verdict\": \"ok\"}\n"}
,{"stream_name":"stdout","time":1764.510733504,"data":"{\"op\": \"_upsample_bilinear2d_aa\", \"dtype\": \"int16\", \"samples\": 3, \"diffs\": [], \"errors\": [], \"verdict\": \"ok\"}\n"}
,{"stream_name":"stdout","time":1764.510738018,"data":"{\"op\": \"_upsample_bilinear2d_aa\", \"dtype\": \"int32\", \"samples\": 3, \"diffs\": [], \"errors\": [], \"verdict\": \"ok\"}\n"}
,{"stream_name":"stdout","time":1764.510743193,"data":"{\"op\": \"_upsample_bilinear2d_aa\", \"dtype\": \"int64\", \"samples\": 3, \"diffs\": [], \"errors\": [], \"verdict\": \"ok\"}\n"}
,{"stream_name":"stdout","time":1764.510747771,"data":"{\"op\": \"_upsample_bilinear2d_aa\", \"dtype\": \"bool\", \"samples\": 3, \"diffs\": [], \"errors\": [], \"verdict\": \"ok\"}\n"}
,{"stream_name":"stdout","time":1764.510752204,"data":"{\"op\": \"_upsample_bilinear2d_aa\", \"dtype\": \"float16\", \"samples\": 3, \"diffs\": [], \"errors\": [], \"verdict\": \"ok\"}\n"}
,{"stream_name":"stdout","time":1764.510756606,"data":"{\"op\": \"_upsample_bilinear2d_aa\", \"dtype\": \"bfloat16\", \"samples\": 3, \"diffs\": [], \"errors\": [], \"verdict\": \"ok\"}\n"}
,{"stream_name":"stdout","time":1764.510760894,"data":"{\"op\": \"_upsample_bilinear2d_aa\", \"dtype\": \"complex64\", \"samples\": 3, \"diffs\": [], \"errors\": [], \"verdict\": \"ok\"}\n"}
,{"stream_name":"stdout","time":1764.510765913,"data":"{\"op\": \"nn.functional.soft_margin_loss\", \"dtype\": \"int8\", \"samples\": 3, \"diffs\": [{\"i\": 0, \"class\": \"SILENT\", \"detail\": \"eager raises RuntimeError, compiled returns\"}, {\"i\": 1, \"class\": \"SILENT\", \"detail\": \"eager raises RuntimeError, compiled returns\"}, {\"i\": 2, \"class\": \"SILENT\", \"detail\": \"eager raises RuntimeError, compiled returns\"}], \"errors\": [], \"verdict\": \"DIFF:SILENT\"}\n"}
,{"stream_name":"stdout","time":1764.510770251,"data":"{\"op\": \"nn.functional.soft_margin_loss\", \"dtype\": \"uint8\", \"samples\": 3, \"diffs\": [{\"i\": 0, \"class\": \"SILENT\", \"detail\": \"eager raises RuntimeError, compiled returns\"}, {\"i\": 1, \"class\": \"SILENT\", \"detail\": \"eager raises RuntimeError, compiled returns\"}, {\"i\": 2, \"class\": \"SILENT\", \"detail\": \"eager raises RuntimeError, compiled returns\"}], \"errors\": [], \"verdict\": \"DIFF:SILENT\"}\n"}
,{"stream_name":"stdout","time":1764.510775627,"data":"{\"op\": \"nn.functional.soft_margin_loss\", \"dtype\": \"int16\", \"samples\": 3, \"diffs\": [{\"i\": 0, \"class\": \"SILENT\", \"detail\": \"eager raises RuntimeError, compiled returns\"}, {\"i\": 1, \"class\": \"SILENT\", \"detail\": \"eager raises RuntimeError, compiled returns\"}, {\"i\": 2, \"class\": \"SILENT\", \"detail\": \"eager raises RuntimeError, compiled returns\"}], \"errors\": [], \"verdict\": \"DIFF:SILENT\"}\n"}
,{"stream_name":"stdout","time":1764.510782344,"data":"{\"op\": \"nn.functional.soft_margin_loss\", \"dtype\": \"int32\", \"samples\": 3, \"diffs\": [{\"i\": 0, \"class\": \"SILENT\", \"detail\": \"eager raises RuntimeError, compiled returns\"}, {\"i\": 1, \"class\": \"SILENT\", \"detail\": \"eager raises RuntimeError, compiled returns\"}, {\"i\": 2, \"class\": \"SILENT\", \"detail\": \"eager raises RuntimeError, compiled returns\"}], \"errors\": [], \"verdict\": \"DIFF:SILENT\"}\n"}
,{"stream_name":"stdout","time":1764.510799833,"data":"{\"op\": \"nn.functional.soft_margin_loss\", \"dtype\": \"int64\", \"samples\": 3, \"diffs\": [{\"i\": 0, \"class\": \"SILENT\", \"detail\": \"eager raises RuntimeError, compiled returns\"}, {\"i\": 1, \"class\": \"SILENT\", \"detail\": \"eager raises RuntimeError, compiled returns\"}, {\"i\": 2, \"class\": \"SILENT\", \"detail\": \"eager raises RuntimeError, compiled returns\"}], \"errors\": [], \"verdict\": \"DIFF:SILENT\"}\n"}
,{"stream_name":"stdout","time":1764.510806444,"data":"{\"op\": \"nn.functional.soft_margin_loss\", \"dtype\": \"bool\", \"samples\": 3, \"diffs\": [], \"errors\": [], \"verdict\": \"ok\"}\n"}
,{"stream_name":"stdout","time":1764.510810857,"data":"{\"op\": \"nn.functional.soft_margin_loss\", \"dtype\": \"complex64\", \"samples\": 3, \"diffs\": [], \"errors\": [], \"verdict\": \"ok\"}\n"}
,{"stream_name":"stdout","time":1764.510815405,"data":"{\"op\": \"nn.functional.margin_ranking_loss\", \"dtype\": \"bool\", \"samples\": 3, \"diffs\": [], \"errors\": [], \"verdict\": \"ok\"}\n"}
,{"stream_name":"stdout","time":1764.510820145,"data":"{\"op\": \"nn.functional.margin_ranking_loss\", \"dtype\": \"complex64\", \"samples\": 3, \"diffs\": [], \"errors\": [], \"verdict\": \"ok\"}\n"}
,{"stream_name":"stdout","time":1764.510824773,"data":"{\"op\": \"nn.functional.multi_margin_loss\", \"dtype\": \"int8\", \"samples\": 3, \"diffs\": [{\"i\": 0, \"class\": \"SILENT\", \"detail\": \"eager raises NotImplementedError, compiled returns\"}, {\"i\": 1, \"class\": \"SILENT\", \"detail\": \"eager raises NotImplementedError, compiled returns\"}, {\"i\": 2, \"class\": \"SILENT\", \"detail\": \"eager raises NotImplementedError, compiled returns\"}], \"errors\": [], \"verdict\": \"DIFF:SILENT\"}\n"}
,{"stream_name":"stdout","time":1764.510831136,"data":"{\"op\": \"nn.functional.multi_margin_loss\", \"dtype\": \"uint8\", \"samples\": 3, \"diffs\": [{\"i\": 0, \"class\": \"SILENT\", \"detail\": \"eager raises NotImplementedError, compiled returns\"}, {\"i\": 1, \"class\": \"SILENT\", \"detail\": \"eager raises NotImplementedError, compiled returns\"}, {\"i\": 2, \"class\": \"SILENT\", \"detail\": \"eager raises NotImplementedError, compiled returns\"}], \"errors\": [], \"verdict\": \"DIFF:SILENT\"}\n"}
,{"stream_name":"stdout","time":1764.510837618,"data":"{\"op\": \"nn.functional.multi_margin_loss\", \"dtype\": \"int16\", \"samples\": 3, \"diffs\": [{\"i\": 0, \"class\": \"SILENT\", \"detail\": \"eager raises NotImplementedError, compiled returns\"}, {\"i\": 1, \"class\": \"SILENT\", \"detail\": \"eager raises NotImplementedError, compiled returns\"}, {\"i\": 2, \"class\": \"SILENT\", \"detail\": \"eager raises NotImplementedError, compiled returns\"}], \"errors\": [], \"verdict\": \"DIFF:SILENT\"}\n"}
,{"stream_name":"stdout","time":1764.510844319,"data":"{\"op\": \"nn.functional.multi_margin_loss\", \"dtype\": \"int32\", \"samples\": 3, \"diffs\": [{\"i\": 0, \"class\": \"SILENT\", \"detail\": \"eager raises NotImplementedError, compiled returns\"}, {\"i\": 1, \"class\": \"SILENT\", \"detail\": \"eager raises NotImplementedError, compiled returns\"}, {\"i\": 2, \"class\": \"SILENT\", \"detail\": \"eager raises NotImplementedError, compiled returns\"}], \"errors\": [], \"verdict\": \"DIFF:SILENT\"}\n"}
,{"stream_name":"stdout","time":1764.510851318,"data":"{\"op\": \"nn.functional.multi_margin_loss\", \"dtype\": \"int64\", \"samples\": 3, \"diffs\": [{\"i\": 0, \"class\": \"SILENT\", \"detail\": \"eager raises NotImplementedError, compiled returns\"}, {\"i\": 1, \"class\": \"SILENT\", \"detail\": \"eager raises NotImplementedError, compiled returns\"}, {\"i\": 2, \"class\": \"SILENT\", \"detail\": \"eager raises NotImplementedError, compiled returns\"}], \"errors\": [], \"verdict\": \"DIFF:SILENT\"}\n"}
,{"stream_name":"stdout","time":1764.510857746,"data":"{\"op\": \"nn.functional.multi_margin_loss\", \"dtype\": \"bool\", \"samples\": 3, \"diffs\": [{\"i\": 0, \"class\": \"SILENT\", \"detail\": \"eager raises NotImplementedError, compiled returns\"}, {\"i\": 1, \"class\": \"SILENT\", \"detail\": \"eager raises NotImplementedError, compiled returns\"}, {\"i\": 2, \"class\": \"SILENT\", \"detail\": \"eager raises NotImplementedError, compiled returns\"}], \"errors\": [], \"verdict\": \"DIFF:SILENT\"}\n"}
,{"stream_name":"stdout","time":1764.510865134,"data":"{\"op\": \"nn.functional.multi_margin_loss\", \"dtype\": \"float16\", \"samples\": 3, \"diffs\": [{\"i\": 0, \"class\": \"SILENT\", \"detail\": \"eager raises NotImplementedError, compiled returns\"}, {\"i\": 1, \"class\": \"SILENT\", \"detail\": \"eager raises NotImplementedError, compiled returns\"}, {\"i\": 2, \"class\": \"SILENT\", \"detail\": \"eager raises NotImplementedError, compiled returns\"}], \"errors\": [], \"verdict\": \"DIFF:SILENT\"}\n"}
,{"stream_name":"stdout","time":1764.510871929,"data":"{\"op\": \"nn.functional.multi_margin_loss\", \"dtype\": \"bfloat16\", \"samples\": 3, \"diffs\": [{\"i\": 0, \"class\": \"SILENT\", \"detail\": \"eager raises NotImplementedError, compiled returns\"}, {\"i\": 1, \"class\": \"SILENT\", \"detail\": \"eager raises NotImplementedError, compiled returns\"}, {\"i\": 2, \"class\": \"SILENT\", \"detail\": \"eager raises NotImplementedError, compiled returns\"}], \"errors\": [], \"verdict\": \"DIFF:SILENT\"}\n"}
,{"stream_name":"stdout","time":1764.510878796,"data":"{\"op\": \"nn.functional.multi_margin_loss\", \"dtype\": \"complex64\", \"samples\": 3, \"diffs\": [], \"errors\": [], \"verdict\": \"ok\"}\n"}
,{"stream_name":"stdout","time":1764.510883781,"data":"{\"op\": \"nn.functional.multilabel_margin_loss\", \"dtype\": \"int8\", \"samples\": 3, \"diffs\": [{\"i\": 0, \"class\": \"SILENT\", \"detail\": \"eager raises NotImplementedError, compiled returns\"}, {\"i\": 1, \"class\": \"SILENT\", \"detail\": \"eager raises NotImplementedError, compiled returns\"}, {\"i\": 2, \"class\": \"SILENT\", \"detail\": \"eager raises NotImplementedError, compiled returns\"}], \"errors\": [], \"verdict\": \"DIFF:SILENT\"}\n"}
,{"stream_name":"stdout","time":1764.510890812,"data":"{\"op\": \"nn.functional.multilabel_margin_loss\", \"dtype\": \"uint8\", \"samples\": 3, \"diffs\": [{\"i\": 0, \"class\": \"SILENT\", \"detail\": \"eager raises NotImplementedError, compiled returns\"}, {\"i\": 1, \"class\": \"SILENT\", \"detail\": \"eager raises NotImplementedError, compiled returns\"}, {\"i\": 2, \"class\": \"SILENT\", \"detail\": \"eager raises NotImplementedError, compiled returns\"}], \"errors\": [], \"verdict\": \"DIFF:SILENT\"}\n"}
,{"stream_name":"stdout","time":1764.510906341,"data":"{\"op\": \"nn.functional.multilabel_margin_loss\", \"dtype\": \"int16\", \"samples\": 3, \"diffs\": [{\"i\": 0, \"class\": \"SILENT\", \"detail\": \"eager raises NotImplementedError, compiled returns\"}, {\"i\": 1, \"class\": \"SILENT\", \"detail\": \"eager raises NotImplementedError, compiled returns\"}, {\"i\": 2, \"class\": \"SILENT\", \"detail\": \"eager raises NotImplementedError, compiled returns\"}], \"errors\": [], \"verdict\": \"DIFF:SILENT\"}\n"}
,{"stream_name":"stdout","time":1764.510912804,"data":"{\"op\": \"nn.functional.multilabel_margin_loss\", \"dtype\": \"int32\", \"samples\": 3, \"diffs\": [{\"i\": 0, \"class\": \"SILENT\", \"detail\": \"eager raises NotImplementedError, compiled returns\"}, {\"i\": 1, \"class\": \"SILENT\", \"detail\": \"eager raises NotImplementedError, compiled returns\"}, {\"i\": 2, \"class\": \"SILENT\", \"detail\": \"eager raises NotImplementedError, compiled returns\"}], \"errors\": [], \"verdict\": \"DIFF:SILENT\"}\n"}
,{"stream_name":"stdout","time":1764.510919645,"data":"{\"op\": \"nn.functional.multilabel_margin_loss\", \"dtype\": \"int64\", \"samples\": 3, \"diffs\": [{\"i\": 0, \"class\": \"SILENT\", \"detail\": \"eager raises NotImplementedError, compiled returns\"}, {\"i\": 1, \"class\": \"SILENT\", \"detail\": \"eager raises NotImplementedError, compiled returns\"}, {\"i\": 2, \"class\": \"SILENT\", \"detail\": \"eager raises NotImplementedError, compiled returns\"}], \"errors\": [], \"verdict\": \"DIFF:SILENT\"}\n"}
,{"stream_name":"stdout","time":1764.51092953,"data":"{\"op\": \"nn.functional.multilabel_margin_loss\", \"dtype\": \"bool\", \"samples\": 3, \"diffs\": [{\"i\": 0, \"class\": \"SILENT\", \"detail\": \"eager raises NotImplementedError, compiled returns\"}, {\"i\": 1, \"class\": \"SILENT\", \"detail\": \"eager raises NotImplementedError, compiled returns\"}, {\"i\": 2, \"class\": \"SILENT\", \"detail\": \"eager raises NotImplementedError, compiled returns\"}], \"errors\": [], \"verdict\": \"DIFF:SILENT\"}\n"}
,{"stream_name":"stdout","time":1764.510936243,"data":"{\"op\": \"nn.functional.multilabel_margin_loss\", \"dtype\": \"float16\", \"samples\": 3, \"diffs\": [{\"i\": 0, \"class\": \"SILENT\", \"detail\": \"eager raises NotImplementedError, compiled returns\"}, {\"i\": 1, \"class\": \"SILENT\", \"detail\": \"eager raises NotImplementedError, compiled returns\"}, {\"i\": 2, \"class\": \"SILENT\", \"detail\": \"eager raises NotImplementedError, compiled returns\"}], \"errors\": [], \"verdict\": \"DIFF:SILENT\"}\n"}
,{"stream_name":"stdout","time":1764.510942584,"data":"{\"op\": \"nn.functional.multilabel_margin_loss\", \"dtype\": \"bfloat16\", \"samples\": 3, \"diffs\": [{\"i\": 0, \"class\": \"SILENT\", \"detail\": \"eager raises NotImplementedError, compiled returns\"}, {\"i\": 1, \"class\": \"SILENT\", \"detail\": \"eager raises NotImplementedError, compiled returns\"}, {\"i\": 2, \"class\": \"SILENT\", \"detail\": \"eager raises NotImplementedError, compiled returns\"}], \"errors\": [], \"verdict\": \"DIFF:SILENT\"}\n"}
,{"stream_name":"stdout","time":1764.510948912,"data":"{\"op\": \"nn.functional.multilabel_margin_loss\", \"dtype\": \"complex64\", \"samples\": 3, \"diffs\": [], \"errors\": [], \"verdict\": \"ok\"}\n"}
,{"stream_name":"stdout","time":1764.510952524,"data":"{\"op\": \"nn.functional.multilabel_soft_margin_loss\", \"dtype\": \"int8\", \"samples\": 3, \"diffs\": [{\"i\": 0, \"class\": \"SILENT\", \"detail\": \"eager raises NotImplementedError, compiled returns\"}, {\"i\": 1, \"class\": \"SILENT\", \"detail\": \"eager raises NotImplementedError, compiled returns\"}, {\"i\": 2, \"class\": \"SILENT\", \"detail\": \"eager raises NotImplementedError, compiled returns\"}], \"errors\": [], \"verdict\": \"DIFF:SILENT\"}\n"}
,{"stream_name":"stdout","time":1764.510957438,"data":"{\"op\": \"nn.functional.multilabel_soft_margin_loss\", \"dtype\": \"uint8\", \"samples\": 3, \"diffs\": [{\"i\": 0, \"class\": \"SILENT\", \"detail\": \"eager raises NotImplementedError, compiled returns\"}, {\"i\": 1, \"class\": \"SILENT\", \"detail\": \"eager raises NotImplementedError, compiled returns\"}, {\"i\": 2, \"class\": \"SILENT\", \"detail\": \"eager raises NotImplementedError, compiled returns\"}], \"errors\": [], \"verdict\": \"DIFF:SILENT\"}\n"}
,{"stream_name":"stdout","time":1764.510964178,"data":"{\"op\": \"nn.functional.multilabel_soft_margin_loss\", \"dtype\": \"int16\", \"samples\": 3, \"diffs\": [{\"i\": 0, \"class\": \"SILENT\", \"detail\": \"eager raises NotImplementedError, compiled returns\"}, {\"i\": 1, \"class\": \"SILENT\", \"detail\": \"eager raises NotImplementedError, compiled returns\"}, {\"i\": 2, \"class\": \"SILENT\", \"detail\": \"eager raises NotImplementedError, compiled returns\"}], \"errors\": [], \"verdict\": \"DIFF:SILENT\"}\n"}
,{"stream_name":"stdout","time":1764.510970599,"data":"{\"op\": \"nn.functional.multilabel_soft_margin_loss\", \"dtype\": \"int32\", \"samples\": 3, \"diffs\": [{\"i\": 0, \"class\": \"SILENT\", \"detail\": \"eager raises NotImplementedError, compiled returns\"}, {\"i\": 1, \"class\": \"SILENT\", \"detail\": \"eager raises NotImplementedError, compiled returns\"}, {\"i\": 2, \"class\": \"SILENT\", \"detail\": \"eager raises NotImplementedError, compiled returns\"}], \"errors\": [], \"verdict\": \"DIFF:SILENT\"}\n"}
,{"stream_name":"stdout","time":1764.510981537,"data":"{\"op\": \"nn.functional.multilabel_soft_margin_loss\", \"dtype\": \"int64\", \"samples\": 3, \"diffs\": [{\"i\": 0, \"class\": \"SILENT\", \"detail\": \"eager raises NotImplementedError, compiled returns\"}, {\"i\": 1, \"class\": \"SILENT\", \"detail\": \"eager raises NotImplementedError, compiled returns\"}, {\"i\": 2, \"class\": \"SILENT\", \"detail\": \"eager raises NotImplementedError, compiled returns\"}], \"errors\": [], \"verdict\": \"DIFF:SILENT\"}\n"}
,{"stream_name":"stdout","time":1764.510988513,"data":"{\"op\": \"nn.functional.multilabel_soft_margin_loss\", \"dtype\": \"bool\", \"samples\": 3, \"diffs\": [], \"errors\": [], \"verdict\": \"ok\"}\n"}
,{"stream_name":"stdout","time":1764.510993224,"data":"{\"op\": \"nn.functional.multilabel_soft_margin_loss\", \"dtype\": \"complex64\", \"samples\": 3, \"diffs\": [], \"errors\": [], \"verdict\": \"ok\"}\n"}
,{"stream_name":"stdout","time":1764.51099824,"data":"{\"op\": \"nn.functional.avg_pool2d\", \"dtype\": \"int8\", \"samples\": 3, \"diffs\": [{\"i\": 0, \"class\": \"SILENT\", \"detail\": \"eager raises NotImplementedError, compiled returns\"}, {\"i\": 1, \"class\": \"SILENT\", \"detail\": \"eager raises NotImplementedError, compiled returns\"}], \"errors\": [], \"verdict\": \"DIFF:SILENT\"}\n"}
,{"stream_name":"stdout","time":1764.511004473,"data":"{\"op\": \"nn.functional.avg_pool2d\", \"dtype\": \"uint8\", \"samples\": 3, \"diffs\": [], \"errors\": [], \"verdict\": \"ok\"}\n"}
,{"stream_name":"stdout","time":1764.511009222,"data":"{\"op\": \"nn.functional.avg_pool2d\", \"dtype\": \"int16\", \"samples\": 3, \"diffs\": [{\"i\": 0, \"class\": \"SILENT\", \"detail\": \"eager raises NotImplementedError, compiled returns\"}, {\"i\": 1, \"class\": \"SILENT\", \"detail\": \"eager raises NotImplementedError, compiled returns\"}], \"errors\": [], \"verdict\": \"DIFF:SILENT\"}\n"}
,{"stream_name":"stdout","time":1764.511015004,"data":"{\"op\": \"nn.functional.avg_pool2d\", \"dtype\": \"int32\", \"samples\": 3, \"diffs\": [{\"i\": 0, \"class\": \"SILENT\", \"detail\": \"eager raises NotImplementedError, compiled returns\"}, {\"i\": 1, \"class\": \"SILENT\", \"detail\": \"eager raises NotImplementedError, compiled returns\"}], \"errors\": [], \"verdict\": \"DIFF:SILENT\"}\n"}
,{"stream_name":"stdout","time":1764.51102088,"data":"{\"op\": \"nn.functional.avg_pool2d\", \"dtype\": \"bool\", \"samples\": 3, \"diffs\": [], \"errors\": [], \"verdict\": \"ok\"}\n"}
,{"stream_name":"stdout","time":1764.511025694,"data":"{\"op\": \"nn.functional.avg_pool2d\", \"dtype\": \"complex64\", \"samples\": 3, \"diffs\": [], \"errors\": [], \"verdict\": \"ok\"}\n"}
,{"stream_name":"stdout","time":1764.511030316,"data":"{\"op\": \"nn.functional.max_pool1d\", \"dtype\": \"int8\", \"samples\": 3, \"diffs\": [{\"i\": 1, \"class\": \"SILENT\", \"detail\": \"eager raises NotImplementedError, compiled returns\"}], \"errors\": [], \"verdict\": \"DIFF:SILENT\"}\n"}
,{"stream_name":"stdout","time":1764.511035496,"data":"{\"op\": \"nn.functional.max_pool1d\", \"dtype\": \"uint8\", \"samples\": 3, \"diffs\": [{\"i\": 1, \"class\": \"SILENT\", \"detail\": \"eager raises NotImplementedError, compiled returns\"}], \"errors\": [], \"verdict\": \"DIFF:SILENT\"}\n"}
,{"stream_name":"stdout","time":1764.511040415,"data":"{\"op\": \"nn.functional.max_pool1d\", \"dtype\": \"int16\", \"samples\": 3, \"diffs\": [{\"i\": 1, \"class\": \"SILENT\", \"detail\": \"eager raises NotImplementedError, compiled returns\"}], \"errors\": [], \"verdict\": \"DIFF:SILENT\"}\n"}
,{"stream_name":"stdout","time":1764.511044642,"data":"{\"op\": \"nn.functional.max_pool1d\", \"dtype\": \"int32\", \"samples\": 3, \"diffs\": [{\"i\": 1, \"class\": \"SILENT\", \"detail\": \"eager raises NotImplementedError, compiled returns\"}], \"errors\": [], \"verdict\": \"DIFF:SILENT\"}\n"}
,{"stream_name":"stdout","time":1764.5110479,"data":"{\"op\": \"nn.functional.max_pool1d\", \"dtype\": \"int64\", \"samples\": 3, \"diffs\": [{\"i\": 1, \"class\": \"SILENT\", \"detail\": \"eager raises NotImplementedError, compiled returns\"}], \"errors\": [], \"verdict\": \"DIFF:SILENT\"}\n"}
,{"stream_name":"stdout","time":1764.511057225,"data":"{\"op\": \"nn.functional.max_pool1d\", \"dtype\": \"bool\", \"samples\": 3, \"diffs\": [{\"i\": 0, \"class\": \"SILENT\", \"detail\": \"eager raises NotImplementedError, compiled returns\"}, {\"i\": 1, \"class\": \"SILENT\", \"detail\": \"eager raises NotImplementedError, compiled returns\"}, {\"i\": 2, \"class\": \"SILENT\", \"detail\": \"eager raises NotImplementedError, compiled returns\"}], \"errors\": [], \"verdict\": \"DIFF:SILENT\"}\n"}
,{"stream_name":"stdout","time":1764.511064157,"data":"{\"op\": \"nn.functional.max_pool1d\", \"dtype\": \"complex64\", \"samples\": 3, \"diffs\": [], \"errors\": [], \"verdict\": \"ok\"}\n"}
,{"stream_name":"stdout","time":1764.511068849,"data":"{\"op\": \"nn.functional.max_pool2d\", \"dtype\": \"bool\", \"samples\": 3, \"diffs\": [{\"i\": 0, \"class\": \"SILENT\", \"detail\": \"eager raises NotImplementedError, compiled returns\"}, {\"i\": 1, \"class\": \"SILENT\", \"detail\": \"eager raises NotImplementedError, compiled returns\"}, {\"i\": 2, \"class\": \"SILENT\", \"detail\": \"eager raises NotImplementedError, compiled returns\"}], \"errors\": [], \"verdict\": \"DIFF:SILENT\"}\n"}
,{"stream_name":"stdout","time":1764.511075551,"data":"{\"op\": \"nn.functional.max_pool2d\", \"dtype\": \"complex64\", \"samples\": 3, \"diffs\": [], \"errors\": [], \"verdict\": \"ok\"}\n"}
,{"stream_name":"stdout","time":1764.511080113,"data":"{\"op\": \"max_pool2d_with_indices_backward\", \"dtype\": \"int8\", \"samples\": 3, \"diffs\": [{\"i\": 0, \"class\": \"SILENT\", \"detail\": \"eager raises NotImplementedError, compiled returns\"}, {\"i\": 1, \"class\": \"SILENT\", \"detail\": \"eager raises NotImplementedError, compiled returns\"}, {\"i\": 2, \"class\": \"SILENT\", \"detail\": \"eager raises NotImplementedError, compiled returns\"}], \"errors\": [], \"verdict\": \"DIFF:SILENT\"}\n"}
,{"stream_name":"stdout","time":1764.51108614,"data":"{\"op\": \"max_pool2d_with_indices_backward\", \"dtype\": \"uint8\", \"samples\": 3, \"diffs\": [{\"i\": 0, \"class\": \"SILENT\", \"detail\": \"eager raises NotImplementedError, compiled returns\"}, {\"i\": 1, \"class\": \"SILENT\", \"detail\": \"eager raises NotImplementedError, compiled returns\"}, {\"i\": 2, \"class\": \"SILENT\", \"detail\": \"eager raises NotImplementedError, compiled returns\"}], \"errors\": [], \"verdict\": \"DIFF:SILENT\"}\n"}
,{"stream_name":"stdout","time":1764.511093185,"data":"{\"op\": \"max_pool2d_with_indices_backward\", \"dtype\": \"int16\", \"samples\": 3, \"diffs\": [{\"i\": 0, \"class\": \"SILENT\", \"detail\": \"eager raises NotImplementedError, compiled returns\"}, {\"i\": 1, \"class\": \"SILENT\", \"detail\": \"eager raises NotImplementedError, compiled returns\"}, {\"i\": 2, \"class\": \"SILENT\", \"detail\": \"eager raises NotImplementedError, compiled returns\"}], \"errors\": [], \"verdict\": \"DIFF:SILENT\"}\n"}
,{"stream_name":"stdout","time":1764.511099737,"data":"{\"op\": \"max_pool2d_with_indices_backward\", \"dtype\": \"int32\", \"samples\": 3, \"diffs\": [{\"i\": 0, \"class\": \"SILENT\", \"detail\": \"eager raises NotImplementedError, compiled returns\"}, {\"i\": 1, \"class\": \"SILENT\", \"detail\": \"eager raises NotImplementedError, compiled returns\"}, {\"i\": 2, \"class\": \"SILENT\", \"detail\": \"eager raises NotImplementedError, compiled returns\"}], \"errors\": [], \"verdict\": \"DIFF:SILENT\"}\n"}
,{"stream_name":"stdout","time":1764.511106019,"data":"{\"op\": \"max_pool2d_with_indices_backward\", \"dtype\": \"int64\", \"samples\": 3, \"diffs\": [{\"i\": 0, \"class\": \"SILENT\", \"detail\": \"eager raises NotImplementedError, compiled returns\"}, {\"i\": 1, \"class\": \"SILENT\", \"detail\": \"eager raises NotImplementedError, compiled returns\"}, {\"i\": 2, \"class\": \"SILENT\", \"detail\": \"eager raises NotImplementedError, compiled returns\"}], \"errors\": [], \"verdict\": \"DIFF:SILENT\"}\n"}
,{"stream_name":"stdout","time":1764.511116381,"data":"{\"op\": \"max_pool2d_with_indices_backward\", \"dtype\": \"bool\", \"samples\": 3, \"diffs\": [{\"i\": 0, \"class\": \"SILENT\", \"detail\": \"eager raises NotImplementedError, compiled returns\"}, {\"i\": 1, \"class\": \"SILENT\", \"detail\": \"eager raises NotImplementedError, compiled returns\"}, {\"i\": 2, \"class\": \"SILENT\", \"detail\": \"eager raises NotImplementedError, compiled returns\"}], \"errors\": [], \"verdict\": \"DIFF:SILENT\"}\n"}
,{"stream_name":"stdout","time":1764.511122882,"data":"{\"op\": \"max_pool2d_with_indices_backward\", \"dtype\": \"complex64\", \"samples\": 3, \"diffs\": [], \"errors\": [], \"verdict\": \"ok\"}\n"}
,{"stream_name":"stdout","time":1764.51112766,"data":"{\"op\": \"nn.functional.max_pool3d\", \"dtype\": \"bool\", \"samples\": 3, \"diffs\": [{\"i\": 0, \"class\": \"SILENT\", \"detail\": \"eager raises NotImplementedError, compiled returns\"}, {\"i\": 1, \"class\": \"SILENT\", \"detail\": \"eager raises NotImplementedError, compiled returns\"}, {\"i\": 2, \"class\": \"SILENT\", \"detail\": \"eager raises NotImplementedError, compiled returns\"}], \"errors\": [], \"verdict\": \"DIFF:SILENT\"}\n"}
,{"stream_name":"stdout","time":1764.511134279,"data":"{\"op\": \"nn.functional.max_pool3d\", \"dtype\": \"complex64\", \"samples\": 3, \"diffs\": [], \"errors\": [], \"verdict\": \"ok\"}\n"}
,{"stream_name":"stdout","time":1764.511137718,"data":"{\"op\": \"nn.functional.linear\", \"dtype\": \"bool\", \"samples\": 3, \"diffs\": [{\"i\": 0, \"class\": \"SILENT\", \"detail\": \"eager raises NotImplementedError, compiled returns\"}], \"errors\": [\"compile BackendCompilerFailed\"], \"verdict\": \"DIFF:SILENT\"}\n"}
,{"stream_name":"stdout","time":1764.511142572,"data":"{\"op\": \"nn.functional.bilinear\", \"dtype\": \"bool\", \"samples\": 3, \"diffs\": [], \"errors\": [], \"verdict\": \"ok\"}\n"}
,{"stream_name":"stdout","time":1764.511147506,"data":"{\"op\": \"nn.functional.bilinear\", \"dtype\": \"complex64\", \"samples\": 3, \"diffs\": [], \"errors\": [\"compile InductorError\"], \"verdict\": \"ok\"}\n"}
,{"stream_name":"stdout","time":1764.511152337,"data":"{\"op\": \"torch._scaled_mm_v2\", \"dtype\": \"int8\", \"samples\": 0, \"diffs\": [], \"errors\": [], \"verdict\": \"NO_SAMPLES:no_supported_dtype\"}\n"}
,{"stream_name":"stdout","time":1764.511157333,"data":"{\"op\": \"torch._scaled_mm_v2\", \"dtype\": \"uint8\", \"samples\": 0, \"diffs\": [], \"errors\": [], \"verdict\": \"NO_SAMPLES:no_supported_dtype\"}\n"}
,{"stream_name":"stdout","time":1764.511162305,"data":"{\"op\": \"torch._scaled_mm_v2\", \"dtype\": \"int16\", \"samples\": 0, \"diffs\": [], \"errors\": [], \"verdict\": \"NO_SAMPLES:no_supported_dtype\"}\n"}
,{"stream_name":"stdout","time":1764.511167856,"data":"{\"op\": \"torch._scaled_mm_v2\", \"dtype\": \"int32\", \"samples\": 0, \"diffs\": [], \"errors\": [], \"verdict\": \"NO_SAMPLES:no_supported_dtype\"}\n"}
,{"stream_name":"stdout","time":1764.511172546,"data":"{\"op\": \"torch._scaled_mm_v2\", \"dtype\": \"int64\", \"samples\": 0, \"diffs\": [], \"errors\": [], \"verdict\": \"NO_SAMPLES:no_supported_dtype\"}\n"}
,{"stream_name":"stdout","time":1764.511177033,"data":"{\"op\": \"torch._scaled_mm_v2\", \"dtype\": \"bool\", \"samples\": 0, \"diffs\": [], \"errors\": [], \"verdict\": \"NO_SAMPLES:no_supported_dtype\"}\n"}
,{"stream_name":"stdout","time":1764.511181609,"data":"{\"op\": \"torch._scaled_mm_v2\", \"dtype\": \"float16\", \"samples\": 0, \"diffs\": [], \"errors\": [], \"verdict\": \"NO_SAMPLES:no_supported_dtype\"}\n"}
,{"stream_name":"stdout","time":1764.511186615,"data":"{\"op\": \"torch._scaled_mm_v2\", \"dtype\": \"bfloat16\", \"samples\": 0, \"diffs\": [], \"errors\": [], \"verdict\": \"NO_SAMPLES:no_supported_dtype\"}\n"}
,{"stream_name":"stdout","time":1764.511194753,"data":"{\"op\": \"torch._scaled_mm_v2\", \"dtype\": \"float32\", \"samples\": 0, \"diffs\": [], \"errors\": [], \"verdict\": \"NO_SAMPLES:no_supported_dtype\"}\n"}
,{"stream_name":"stdout","time":1764.511198964,"data":"{\"op\": \"torch._scaled_mm_v2\", \"dtype\": \"float64\", \"samples\": 0, \"diffs\": [], \"errors\": [], \"verdict\": \"NO_SAMPLES:no_supported_dtype\"}\n"}
,{"stream_name":"stdout","time":1764.511203173,"data":"{\"op\": \"torch._scaled_mm_v2\", \"dtype\": \"complex64\", \"samples\": 0, \"diffs\": [], \"errors\": [], \"verdict\": \"NO_SAMPLES:no_supported_dtype\"}\n"}
,{"stream_name":"stdout","time":1764.511208944,"data":"{\"op\": \"torch._scaled_mm\", \"dtype\": \"int8\", \"samples\": 0, \"diffs\": [], \"errors\": [], \"verdict\": \"NO_SAMPLES:no_supported_dtype\"}\n"}
,{"stream_name":"stdout","time":1764.511215003,"data":"{\"op\": \"torch._scaled_mm\", \"dtype\": \"uint8\", \"samples\": 0, \"diffs\": [], \"errors\": [], \"verdict\": \"NO_SAMPLES:no_supported_dtype\"}\n"}
,{"stream_name":"stdout","time":1764.511219154,"data":"{\"op\": \"torch._scaled_mm\", \"dtype\": \"int16\", \"samples\": 0, \"diffs\": [], \"errors\": [], \"verdict\": \"NO_SAMPLES:no_supported_dtype\"}\n"}
,{"stream_name":"stdout","time":1764.511223225,"data":"{\"op\": \"torch._scaled_mm\", \"dtype\": \"int32\", \"samples\": 0, \"diffs\": [], \"errors\": [], \"verdict\": \"NO_SAMPLES:no_supported_dtype\"}\n"}
,{"stream_name":"stdout","time":1764.511227518,"data":"{\"op\": \"torch._scaled_mm\", \"dtype\": \"int64\", \"samples\": 0, \"diffs\": [], \"errors\": [], \"verdict\": \"NO_SAMPLES:no_supported_dtype\"}\n"}
,{"stream_name":"stdout","time":1764.51123177,"data":"{\"op\": \"torch._scaled_mm\", \"dtype\": \"bool\", \"samples\": 0, \"diffs\": [], \"errors\": [], \"verdict\": \"NO_SAMPLES:no_supported_dtype\"}\n"}
,{"stream_name":"stdout","time":1764.51123631,"data":"{\"op\": \"torch._scaled_mm\", \"dtype\": \"float16\", \"samples\": 0, \"diffs\": [], \"errors\": [], \"verdict\": \"NO_SAMPLES:no_supported_dtype\"}\n"}
,{"stream_name":"stdout","time":1764.511240448,"data":"{\"op\": \"torch._scaled_mm\", \"dtype\": \"bfloat16\", \"samples\": 0, \"diffs\": [], \"errors\": [], \"verdict\": \"NO_SAMPLES:no_supported_dtype\"}\n"}
,{"stream_name":"stdout","time":1764.511245161,"data":"{\"op\": \"torch._scaled_mm\", \"dtype\": \"float32\", \"samples\": 0, \"diffs\": [], \"errors\": [], \"verdict\": \"NO_SAMPLES:no_supported_dtype\"}\n"}
,{"stream_name":"stdout","time":1764.511250226,"data":"{\"op\": \"torch._scaled_mm\", \"dtype\": \"float64\", \"samples\": 0, \"diffs\": [], \"errors\": [], \"verdict\": \"NO_SAMPLES:no_supported_dtype\"}\n"}
,{"stream_name":"stdout","time":1764.511254557,"data":"{\"op\": \"torch._scaled_mm\", \"dtype\": \"complex64\", \"samples\": 0, \"diffs\": [], \"errors\": [], \"verdict\": \"NO_SAMPLES:no_supported_dtype\"}\n"}
,{"stream_name":"stdout","time":1764.511259515,"data":"{\"op\": \"torch.ops.aten._safe_softmax.default\", \"dtype\": \"complex64\", \"samples\": 3, \"diffs\": [], \"errors\": [], \"verdict\": \"ok\"}\n"}
,{"stream_name":"stdout","time":1764.51126396,"data":"{\"op\": \"nn.functional.scaled_dot_product_attention\", \"dtype\": \"int8\", \"samples\": 3, \"diffs\": [], \"errors\": [], \"verdict\": \"ok\"}\n"}
,{"stream_name":"stdout","time":1764.511270619,"data":"{\"op\": \"nn.functional.scaled_dot_product_attention\", \"dtype\": \"uint8\", \"samples\": 3, \"diffs\": [], \"errors\": [], \"verdict\": \"ok\"}\n"}
,{"stream_name":"stdout","time":1764.511275063,"data":"{\"op\": \"nn.functional.scaled_dot_product_attention\", \"dtype\": \"int16\", \"samples\": 3, \"diffs\": [], \"errors\": [], \"verdict\": \"ok\"}\n"}
,{"stream_name":"stdout","time":1764.511280356,"data":"{\"op\": \"nn.functional.scaled_dot_product_attention\", \"dtype\": \"int32\", \"samples\": 3, \"diffs\": [], \"errors\": [], \"verdict\": \"ok\"}\n"}
,{"stream_name":"stdout","time":1764.511289572,"data":"{\"op\": \"nn.functional.scaled_dot_product_attention\", \"dtype\": \"int64\", \"samples\": 3, \"diffs\": [], \"errors\": [], \"verdict\": \"ok\"}\n"}
,{"stream_name":"stdout","time":1764.511294685,"data":"{\"op\": \"nn.functional.scaled_dot_product_attention\", \"dtype\": \"bool\", \"samples\": 3, \"diffs\": [], \"errors\": [], \"verdict\": \"ok\"}\n"}
,{"stream_name":"stdout","time":1764.511299463,"data":"{\"op\": \"nn.functional.scaled_dot_product_attention\", \"dtype\": \"complex64\", \"samples\": 3, \"diffs\": [], \"errors\": [], \"verdict\": \"ok\"}\n"}
,{"stream_name":"stdout","time":1764.51130431,"data":"{\"op\": \"torch.ops.aten._flash_attention_forward\", \"dtype\": \"int8\", \"samples\": 0, \"diffs\": [], \"errors\": [], \"verdict\": \"NO_SAMPLES:no_supported_dtype\"}\n"}
,{"stream_name":"stdout","time":1764.511308955,"data":"{\"op\": \"torch.ops.aten._flash_attention_forward\", \"dtype\": \"uint8\", \"samples\": 0, \"diffs\": [], \"errors\": [], \"verdict\": \"NO_SAMPLES:no_supported_dtype\"}\n"}
,{"stream_name":"stdout","time":1764.51131368,"data":"{\"op\": \"torch.ops.aten._flash_attention_forward\", \"dtype\": \"int16\", \"samples\": 0, \"diffs\": [], \"errors\": [], \"verdict\": \"NO_SAMPLES:no_supported_dtype\"}\n"}
,{"stream_name":"stdout","time":1764.511318435,"data":"{\"op\": \"torch.ops.aten._flash_attention_forward\", \"dtype\": \"int32\", \"samples\": 0, \"diffs\": [], \"errors\": [], \"verdict\": \"NO_SAMPLES:no_supported_dtype\"}\n"}
,{"stream_name":"stdout","time":1764.511323354,"data":"{\"op\": \"torch.ops.aten._flash_attention_forward\", \"dtype\": \"int64\", \"samples\": 0, \"diffs\": [], \"errors\": [], \"verdict\": \"NO_SAMPLES:no_supported_dtype\"}\n"}
,{"stream_name":"stdout","time":1764.511328034,"data":"{\"op\": \"torch.ops.aten._flash_attention_forward\", \"dtype\": \"bool\", \"samples\": 0, \"diffs\": [], \"errors\": [], \"verdict\": \"NO_SAMPLES:no_supported_dtype\"}\n"}
,{"stream_name":"stdout","time":1764.511332645,"data":"{\"op\": \"torch.ops.aten._flash_attention_forward\", \"dtype\": \"float16\", \"samples\": 0, \"diffs\": [], \"errors\": [], \"verdict\": \"NO_SAMPLES:no_supported_dtype\"}\n"}
,{"stream_name":"stdout","time":1764.511337388,"data":"{\"op\": \"torch.ops.aten._flash_attention_forward\", \"dtype\": \"bfloat16\", \"samples\": 0, \"diffs\": [], \"errors\": [], \"verdict\": \"NO_SAMPLES:no_supported_dtype\"}\n"}
,{"stream_name":"stdout","time":1764.511342408,"data":"{\"op\": \"torch.ops.aten._flash_attention_forward\", \"dtype\": \"float32\", \"samples\": 0, \"diffs\": [], \"errors\": [], \"verdict\": \"NO_SAMPLES:no_supported_dtype\"}\n"}
,{"stream_name":"stdout","time":1764.511345708,"data":"{\"op\": \"torch.ops.aten._flash_attention_forward\", \"dtype\": \"float64\", \"samples\": 0, \"diffs\": [], \"errors\": [], \"verdict\": \"NO_SAMPLES:no_supported_dtype\"}\n"}
,{"stream_name":"stdout","time":1764.5113504,"data":"{\"op\": \"torch.ops.aten._flash_attention_forward\", \"dtype\": \"complex64\", \"samples\": 0, \"diffs\": [], \"errors\": [], \"verdict\": \"NO_SAMPLES:no_supported_dtype\"}\n"}
,{"stream_name":"stdout","time":1764.511355597,"data":"{\"op\": \"torch.ops.aten._scaled_dot_product_flash_attention_for_cpu\", \"dtype\": \"int8\", \"samples\": 3, \"diffs\": [], \"errors\": [], \"verdict\": \"ok\"}\n"}
,{"stream_name":"stdout","time":1764.511360389,"data":"{\"op\": \"torch.ops.aten._scaled_dot_product_flash_attention_for_cpu\", \"dtype\": \"uint8\", \"samples\": 3, \"diffs\": [], \"errors\": [], \"verdict\": \"ok\"}\n"}
,{"stream_name":"stdout","time":1764.51136551,"data":"{\"op\": \"torch.ops.aten._scaled_dot_product_flash_attention_for_cpu\", \"dtype\": \"int16\", \"samples\": 3, \"diffs\": [], \"errors\": [], \"verdict\": \"ok\"}\n"}
,{"stream_name":"stdout","time":1764.511375719,"data":"{\"op\": \"torch.ops.aten._scaled_dot_product_flash_attention_for_cpu\", \"dtype\": \"int32\", \"samples\": 3, \"diffs\": [], \"errors\": [], \"verdict\": \"ok\"}\n"}
,{"stream_name":"stdout","time":1764.511380605,"data":"{\"op\": \"torch.ops.aten._scaled_dot_product_flash_attention_for_cpu\", \"dtype\": \"int64\", \"samples\": 3, \"diffs\": [], \"errors\": [], \"verdict\": \"ok\"}\n"}
,{"stream_name":"stdout","time":1764.511385175,"data":"{\"op\": \"torch.ops.aten._scaled_dot_product_flash_attention_for_cpu\", \"dtype\": \"bool\", \"samples\": 3, \"diffs\": [], \"errors\": [], \"verdict\": \"ok\"}\n"}
,{"stream_name":"stdout","time":1764.511389875,"data":"{\"op\": \"torch.ops.aten._scaled_dot_product_flash_attention_for_cpu\", \"dtype\": \"complex64\", \"samples\": 3, \"diffs\": [], \"errors\": [], \"verdict\": \"ok\"}\n"}
,{"stream_name":"stdout","time":1764.511394414,"data":"{\"op\": \"torch.ops.aten._efficient_attention_forward\", \"dtype\": \"int8\", \"samples\": 0, \"diffs\": [], \"errors\": [], \"verdict\": \"NO_SAMPLES:no_supported_dtype\"}\n"}
,{"stream_name":"stdout","time":1764.511399089,"data":"{\"op\": \"torch.ops.aten._efficient_attention_forward\", \"dtype\": \"uint8\", \"samples\": 0, \"diffs\": [], \"errors\": [], \"verdict\": \"NO_SAMPLES:no_supported_dtype\"}\n"}
,{"stream_name":"stdout","time":1764.511403951,"data":"{\"op\": \"torch.ops.aten._efficient_attention_forward\", \"dtype\": \"int16\", \"samples\": 0, \"diffs\": [], \"errors\": [], \"verdict\": \"NO_SAMPLES:no_supported_dtype\"}\n"}
,{"stream_name":"stdout","time":1764.511435373,"data":"{\"op\": \"torch.ops.aten._efficient_attention_forward\", \"dtype\": \"int32\", \"samples\": 0, \"diffs\": [], \"errors\": [], \"verdict\": \"NO_SAMPLES:no_supported_dtype\"}\n"}
,{"stream_name":"stdout","time":1764.511440733,"data":"{\"op\": \"torch.ops.aten._efficient_attention_forward\", \"dtype\": \"int64\", \"samples\": 0, \"diffs\": [], \"errors\": [], \"verdict\": \"NO_SAMPLES:no_supported_dtype\"}\n"}
,{"stream_name":"stdout","time":1764.51144554,"data":"{\"op\": \"torch.ops.aten._efficient_attention_forward\", \"dtype\": \"bool\", \"samples\": 0, \"diffs\": [], \"errors\": [], \"verdict\": \"NO_SAMPLES:no_supported_dtype\"}\n"}
,{"stream_name":"stdout","time":1764.511450315,"data":"{\"op\": \"torch.ops.aten._efficient_attention_forward\", \"dtype\": \"float16\", \"samples\": 0, \"diffs\": [], \"errors\": [], \"verdict\": \"NO_SAMPLES:no_supported_dtype\"}\n"}
,{"stream_name":"stdout","time":1764.511455642,"data":"{\"op\": \"torch.ops.aten._efficient_attention_forward\", \"dtype\": \"bfloat16\", \"samples\": 0, \"diffs\": [], \"errors\": [], \"verdict\": \"NO_SAMPLES:no_supported_dtype\"}\n"}
,{"stream_name":"stdout","time":1764.511460617,"data":"{\"op\": \"torch.ops.aten._efficient_attention_forward\", \"dtype\": \"float32\", \"samples\": 0, \"diffs\": [], \"errors\": [], \"verdict\": \"NO_SAMPLES:no_supported_dtype\"}\n"}
,{"stream_name":"stdout","time":1764.511465366,"data":"{\"op\": \"torch.ops.aten._efficient_attention_forward\", \"dtype\": \"float64\", \"samples\": 0, \"diffs\": [], \"errors\": [], \"verdict\": \"NO_SAMPLES:no_supported_dtype\"}\n"}
,{"stream_name":"stdout","time":1764.511470012,"data":"{\"op\": \"torch.ops.aten._efficient_attention_forward\", \"dtype\": \"complex64\", \"samples\": 0, \"diffs\": [], \"errors\": [], \"verdict\": \"NO_SAMPLES:no_supported_dtype\"}\n"}
,{"stream_name":"stdout","time":1764.511474723,"data":"{\"op\": \"nn.functional.hardsigmoid\", \"dtype\": \"int8\", \"samples\": 3, \"diffs\": [{\"i\": 0, \"class\": \"SILENT\", \"detail\": \"eager raises NotImplementedError, compiled returns\"}, {\"i\": 1, \"class\": \"SILENT\", \"detail\": \"eager raises NotImplementedError, compiled returns\"}, {\"i\": 2, \"class\": \"SILENT\", \"detail\": \"eager raises NotImplementedError, compiled returns\"}], \"errors\": [], \"verdict\": \"DIFF:SILENT\"}\n"}
,{"stream_name":"stdout","time":1764.511485525,"data":"{\"op\": \"nn.functional.hardsigmoid\", \"dtype\": \"uint8\", \"samples\": 3, \"diffs\": [{\"i\": 0, \"class\": \"SILENT\", \"detail\": \"eager raises NotImplementedError, compiled returns\"}, {\"i\": 1, \"class\": \"SILENT\", \"detail\": \"eager raises NotImplementedError, compiled returns\"}, {\"i\": 2, \"class\": \"SILENT\", \"detail\": \"eager raises NotImplementedError, compiled returns\"}], \"errors\": [], \"verdict\": \"DIFF:SILENT\"}\n"}
,{"stream_name":"stdout","time":1764.511491913,"data":"{\"op\": \"nn.functional.hardsigmoid\", \"dtype\": \"int16\", \"samples\": 3, \"diffs\": [{\"i\": 0, \"class\": \"SILENT\", \"detail\": \"eager raises NotImplementedError, compiled returns\"}, {\"i\": 1, \"class\": \"SILENT\", \"detail\": \"eager raises NotImplementedError, compiled returns\"}, {\"i\": 2, \"class\": \"SILENT\", \"detail\": \"eager raises NotImplementedError, compiled returns\"}], \"errors\": [], \"verdict\": \"DIFF:SILENT\"}\n"}
,{"stream_name":"stdout","time":1764.511499078,"data":"{\"op\": \"nn.functional.hardsigmoid\", \"dtype\": \"int32\", \"samples\": 3, \"diffs\": [{\"i\": 0, \"class\": \"SILENT\", \"detail\": \"eager raises NotImplementedError, compiled returns\"}, {\"i\": 1, \"class\": \"SILENT\", \"detail\": \"eager raises NotImplementedError, compiled returns\"}, {\"i\": 2, \"class\": \"SILENT\", \"detail\": \"eager raises NotImplementedError, compiled returns\"}], \"errors\": [], \"verdict\": \"DIFF:SILENT\"}\n"}
,{"stream_name":"stdout","time":1764.511504597,"data":"{\"op\": \"nn.functional.hardsigmoid\", \"dtype\": \"int64\", \"samples\": 3, \"diffs\": [{\"i\": 0, \"class\": \"SILENT\", \"detail\": \"eager raises NotImplementedError, compiled returns\"}, {\"i\": 1, \"class\": \"SILENT\", \"detail\": \"eager raises NotImplementedError, compiled returns\"}, {\"i\": 2, \"class\": \"SILENT\", \"detail\": \"eager raises NotImplementedError, compiled returns\"}], \"errors\": [], \"verdict\": \"DIFF:SILENT\"}\n"}
,{"stream_name":"stdout","time":1764.511509336,"data":"{\"op\": \"nn.functional.hardsigmoid\", \"dtype\": \"bool\", \"samples\": 3, \"diffs\": [{\"i\": 0, \"class\": \"SILENT\", \"detail\": \"eager raises NotImplementedError, compiled returns\"}, {\"i\": 1, \"class\": \"SILENT\", \"detail\": \"eager raises NotImplementedError, compiled returns\"}, {\"i\": 2, \"class\": \"SILENT\", \"detail\": \"eager raises NotImplementedError, compiled returns\"}], \"errors\": [], \"verdict\": \"DIFF:SILENT\"}\n"}
,{"stream_name":"stdout","time":1764.511515802,"data":"{\"op\": \"nn.functional.hardsigmoid\", \"dtype\": \"complex64\", \"samples\": 3, \"diffs\": [], \"errors\": [], \"verdict\": \"ok\"}\n"}
,{"stream_name":"stdout","time":1764.511520502,"data":"{\"op\": \"nn.functional.logsigmoid\", \"dtype\": \"int8\", \"samples\": 3, \"diffs\": [{\"i\": 0, \"class\": \"SILENT\", \"detail\": \"eager raises NotImplementedError, compiled returns\"}, {\"i\": 1, \"class\": \"SILENT\", \"detail\": \"eager raises NotImplementedError, compiled returns\"}, {\"i\": 2, \"class\": \"SILENT\", \"detail\": \"eager raises NotImplementedError, compiled returns\"}], \"errors\": [], \"verdict\": \"DIFF:SILENT\"}\n"}
,{"stream_name":"stdout","time":1764.511527472,"data":"{\"op\": \"nn.functional.logsigmoid\", \"dtype\": \"uint8\", \"samples\": 3, \"diffs\": [{\"i\": 0, \"class\": \"SILENT\", \"detail\": \"eager raises NotImplementedError, compiled returns\"}, {\"i\": 1, \"class\": \"SILENT\", \"detail\": \"eager raises NotImplementedError, compiled returns\"}, {\"i\": 2, \"class\": \"SILENT\", \"detail\": \"eager raises NotImplementedError, compiled returns\"}], \"errors\": [], \"verdict\": \"DIFF:SILENT\"}\n"}
,{"stream_name":"stdout","time":1764.511534734,"data":"{\"op\": \"nn.functional.logsigmoid\", \"dtype\": \"int16\", \"samples\": 3, \"diffs\": [{\"i\": 0, \"class\": \"SILENT\", \"detail\": \"eager raises NotImplementedError, compiled returns\"}, {\"i\": 1, \"class\": \"SILENT\", \"detail\": \"eager raises NotImplementedError, compiled returns\"}, {\"i\": 2, \"class\": \"SILENT\", \"detail\": \"eager raises NotImplementedError, compiled returns\"}], \"errors\": [], \"verdict\": \"DIFF:SILENT\"}\n"}
,{"stream_name":"stdout","time":1764.511545615,"data":"{\"op\": \"nn.functional.logsigmoid\", \"dtype\": \"int32\", \"samples\": 3, \"diffs\": [{\"i\": 0, \"class\": \"SILENT\", \"detail\": \"eager raises NotImplementedError, compiled returns\"}, {\"i\": 1, \"class\": \"SILENT\", \"detail\": \"eager raises NotImplementedError, compiled returns\"}, {\"i\": 2, \"class\": \"SILENT\", \"detail\": \"eager raises NotImplementedError, compiled returns\"}], \"errors\": [], \"verdict\": \"DIFF:SILENT\"}\n"}
,{"stream_name":"stdout","time":1764.511551704,"data":"{\"op\": \"nn.functional.logsigmoid\", \"dtype\": \"int64\", \"samples\": 3, \"diffs\": [{\"i\": 0, \"class\": \"SILENT\", \"detail\": \"eager raises NotImplementedError, compiled returns\"}, {\"i\": 1, \"class\": \"SILENT\", \"detail\": \"eager raises NotImplementedError, compiled returns\"}, {\"i\": 2, \"class\": \"SILENT\", \"detail\": \"eager raises NotImplementedError, compiled returns\"}], \"errors\": [], \"verdict\": \"DIFF:SILENT\"}\n"}
,{"stream_name":"stdout","time":1764.511558244,"data":"{\"op\": \"nn.functional.logsigmoid\", \"dtype\": \"bool\", \"samples\": 3, \"diffs\": [], \"errors\": [], \"verdict\": \"ok\"}\n"}
,{"stream_name":"stdout","time":1764.511562968,"data":"{\"op\": \"nn.functional.logsigmoid\", \"dtype\": \"complex64\", \"samples\": 3, \"diffs\": [], \"errors\": [], \"verdict\": \"ok\"}\n"}
,{"stream_name":"stdout","time":1764.511567574,"data":"{\"op\": \"nn.functional.mish\", \"dtype\": \"int8\", \"samples\": 3, \"diffs\": [{\"i\": 0, \"class\": \"SILENT\", \"detail\": \"eager raises NotImplementedError, compiled returns\"}, {\"i\": 1, \"class\": \"SILENT\", \"detail\": \"eager raises NotImplementedError, compiled returns\"}, {\"i\": 2, \"class\": \"SILENT\", \"detail\": \"eager raises NotImplementedError, compiled returns\"}], \"errors\": [], \"verdict\": \"DIFF:SILENT\"}\n"}
,{"stream_name":"stdout","time":1764.511573877,"data":"{\"op\": \"nn.functional.mish\", \"dtype\": \"uint8\", \"samples\": 3, \"diffs\": [{\"i\": 0, \"class\": \"SILENT\", \"detail\": \"eager raises NotImplementedError, compiled returns\"}, {\"i\": 1, \"class\": \"SILENT\", \"detail\": \"eager raises NotImplementedError, compiled returns\"}, {\"i\": 2, \"class\": \"SILENT\", \"detail\": \"eager raises NotImplementedError, compiled returns\"}], \"errors\": [], \"verdict\": \"DIFF:SILENT\"}\n"}
,{"stream_name":"stdout","time":1764.511580779,"data":"{\"op\": \"nn.functional.mish\", \"dtype\": \"int16\", \"samples\": 3, \"diffs\": [{\"i\": 0, \"class\": \"SILENT\", \"detail\": \"eager raises NotImplementedError, compiled returns\"}, {\"i\": 1, \"class\": \"SILENT\", \"detail\": \"eager raises NotImplementedError, compiled returns\"}, {\"i\": 2, \"class\": \"SILENT\", \"detail\": \"eager raises NotImplementedError, compiled returns\"}], \"errors\": [], \"verdict\": \"DIFF:SILENT\"}\n"}
,{"stream_name":"stdout","time":1764.511587124,"data":"{\"op\": \"nn.functional.mish\", \"dtype\": \"int32\", \"samples\": 3, \"diffs\": [{\"i\": 0, \"class\": \"SILENT\", \"detail\": \"eager raises NotImplementedError, compiled returns\"}, {\"i\": 1, \"class\": \"SILENT\", \"detail\": \"eager raises NotImplementedError, compiled returns\"}, {\"i\": 2, \"class\": \"SILENT\", \"detail\": \"eager raises NotImplementedError, compiled returns\"}], \"errors\": [], \"verdict\": \"DIFF:SILENT\"}\n"}
,{"stream_name":"stdout","time":1764.511593883,"data":"{\"op\": \"nn.functional.mish\", \"dtype\": \"int64\", \"samples\": 3, \"diffs\": [{\"i\": 0, \"class\": \"SILENT\", \"detail\": \"eager raises NotImplementedError, compiled returns\"}, {\"i\": 1, \"class\": \"SILENT\", \"detail\": \"eager raises NotImplementedError, compiled returns\"}, {\"i\": 2, \"class\": \"SILENT\", \"detail\": \"eager raises NotImplementedError, compiled returns\"}], \"errors\": [], \"verdict\": \"DIFF:SILENT\"}\n"}
,{"stream_name":"stdout","time":1764.511601129,"data":"{\"op\": \"nn.functional.mish\", \"dtype\": \"bool\", \"samples\": 3, \"diffs\": [{\"i\": 0, \"class\": \"SILENT\", \"detail\": \"eager raises NotImplementedError, compiled returns\"}, {\"i\": 1, \"class\": \"SILENT\", \"detail\": \"eager raises NotImplementedError, compiled returns\"}, {\"i\": 2, \"class\": \"SILENT\", \"detail\": \"eager raises NotImplementedError, compiled returns\"}], \"errors\": [], \"verdict\": \"DIFF:SILENT\"}\n"}
,{"stream_name":"stdout","time":1764.511607395,"data":"{\"op\": \"nn.functional.mish\", \"dtype\": \"complex64\", \"samples\": 3, \"diffs\": [], \"errors\": [], \"verdict\": \"ok\"}\n"}
,{"stream_name":"stdout","time":1764.511612445,"data":"{\"op\": \"nn.functional.softsign\", \"dtype\": \"bool\", \"samples\": 3, \"diffs\": [{\"i\": 1, \"class\": \"SILENT\", \"detail\": \"eager raises NotImplementedError, compiled returns\"}, {\"i\": 2, \"class\": \"SILENT\", \"detail\": \"eager raises NotImplementedError, compiled returns\"}], \"errors\": [], \"verdict\": \"DIFF:SILENT\"}\n"}
,{"stream_name":"stdout","time":1764.511619156,"data":"{\"op\": \"nn.functional.tanhshrink\", \"dtype\": \"bool\", \"samples\": 3, \"diffs\": [{\"i\": 0, \"class\": \"SILENT\", \"detail\": \"eager raises NotImplementedError, compiled returns\"}, {\"i\": 1, \"class\": \"SILENT\", \"detail\": \"eager raises NotImplementedError, compiled returns\"}, {\"i\": 2, \"class\": \"SILENT\", \"detail\": \"eager raises NotImplementedError, compiled returns\"}], \"errors\": [], \"verdict\": \"DIFF:SILENT\"}\n"}
,{"stream_name":"stdout","time":1764.51162627,"data":"{\"op\": \"nn.functional.threshold\", \"dtype\": \"bool\", \"samples\": 3, \"diffs\": [{\"i\": 0, \"class\": \"SILENT\", \"detail\": \"eager raises NotImplementedError, compiled returns\"}, {\"i\": 1, \"class\": \"SILENT\", \"detail\": \"eager raises NotImplementedError, compiled returns\"}, {\"i\": 2, \"class\": \"SILENT\", \"detail\": \"eager raises NotImplementedError, compiled returns\"}], \"errors\": [], \"verdict\": \"DIFF:SILENT\"}\n"}
,{"stream_name":"stdout","time":1764.511632088,"data":"{\"op\": \"nn.functional.threshold\", \"dtype\": \"complex64\", \"samples\": 3, \"diffs\": [], \"errors\": [], \"verdict\": \"ok\"}\n"}
,{"stream_name":"stdout","time":1764.511636575,"data":"{\"op\": \"nn.functional.triplet_margin_loss\", \"dtype\": \"bool\", \"samples\": 3, \"diffs\": [], \"errors\": [], \"verdict\": \"ok\"}\n"}
,{"stream_name":"stdout","time":1764.511641165,"data":"{\"op\": \"nn.functional.triplet_margin_with_distance_loss\", \"dtype\": \"bool\", \"samples\": 3, \"diffs\": [], \"errors\": [], \"verdict\": \"ok\"}\n"}
,{"stream_name":"stdout","time":1764.511645783,"data":"{\"op\": \"nextafter\", \"dtype\": \"int8\", \"samples\": 3, \"diffs\": [{\"i\": 0, \"class\": \"SILENT\", \"detail\": \"eager raises NotImplementedError, compiled returns\"}, {\"i\": 1, \"class\": \"SILENT\", \"detail\": \"eager raises NotImplementedError, compiled returns\"}, {\"i\": 2, \"class\": \"SILENT\", \"detail\": \"eager raises NotImplementedError, compiled returns\"}], \"errors\": [], \"verdict\": \"DIFF:SILENT\"}\n"}
,{"stream_name":"stdout","time":1764.511654004,"data":"{\"op\": \"nextafter\", \"dtype\": \"uint8\", \"samples\": 3, \"diffs\": [{\"i\": 0, \"class\": \"SILENT\", \"detail\": \"eager raises NotImplementedError, compiled returns\"}, {\"i\": 1, \"class\": \"SILENT\", \"detail\": \"eager raises NotImplementedError, compiled returns\"}, {\"i\": 2, \"class\": \"SILENT\", \"detail\": \"eager raises NotImplementedError, compiled returns\"}], \"errors\": [], \"verdict\": \"DIFF:SILENT\"}\n"}
,{"stream_name":"stdout","time":1764.511661093,"data":"{\"op\": \"nextafter\", \"dtype\": \"int16\", \"samples\": 3, \"diffs\": [{\"i\": 0, \"class\": \"SILENT\", \"detail\": \"eager raises NotImplementedError, compiled returns\"}, {\"i\": 1, \"class\": \"SILENT\", \"detail\": \"eager raises NotImplementedError, compiled returns\"}, {\"i\": 2, \"class\": \"SILENT\", \"detail\": \"eager raises NotImplementedError, compiled returns\"}], \"errors\": [], \"verdict\": \"DIFF:SILENT\"}\n"}
,{"stream_name":"stdout","time":1764.511671781,"data":"{\"op\": \"nextafter\", \"dtype\": \"int32\", \"samples\": 3, \"diffs\": [{\"i\": 0, \"class\": \"SILENT\", \"detail\": \"eager raises NotImplementedError, compiled returns\"}, {\"i\": 1, \"class\": \"SILENT\", \"detail\": \"eager raises NotImplementedError, compiled returns\"}, {\"i\": 2, \"class\": \"SILENT\", \"detail\": \"eager raises NotImplementedError, compiled returns\"}], \"errors\": [], \"verdict\": \"DIFF:SILENT\"}\n"}
,{"stream_name":"stdout","time":1764.511677941,"data":"{\"op\": \"nextafter\", \"dtype\": \"int64\", \"samples\": 3, \"diffs\": [{\"i\": 0, \"class\": \"SILENT\", \"detail\": \"eager raises NotImplementedError, compiled returns\"}, {\"i\": 1, \"class\": \"SILENT\", \"detail\": \"eager raises NotImplementedError, compiled returns\"}, {\"i\": 2, \"class\": \"SILENT\", \"detail\": \"eager raises NotImplementedError, compiled returns\"}], \"errors\": [], \"verdict\": \"DIFF:SILENT\"}\n"}
,{"stream_name":"stdout","time":1764.511684293,"data":"{\"op\": \"nextafter\", \"dtype\": \"bool\", \"samples\": 3, \"diffs\": [{\"i\": 0, \"class\": \"SILENT\", \"detail\": \"eager raises NotImplementedError, compiled returns\"}, {\"i\": 1, \"class\": \"SILENT\", \"detail\": \"eager raises NotImplementedError, compiled returns\"}, {\"i\": 2, \"class\": \"SILENT\", \"detail\": \"eager raises NotImplementedError, compiled returns\"}], \"errors\": [], \"verdict\": \"DIFF:SILENT\"}\n"}
,{"stream_name":"stdout","time":1764.511688435,"data":"{\"op\": \"nextafter\", \"dtype\": \"complex64\", \"samples\": 3, \"diffs\": [], \"errors\": [], \"verdict\": \"ok\"}\n"}
,{"stream_name":"stdout","time":1764.511691804,"data":"{\"op\": \"nn.functional.batch_norm\", \"dtype\": \"int8\", \"samples\": 3, \"diffs\": [{\"i\": 1, \"class\": \"SILENT\", \"detail\": \"eager raises NotImplementedError, compiled returns\"}], \"errors\": [], \"verdict\": \"DIFF:SILENT\"}\n"}
,{"stream_name":"stdout","time":1764.511697235,"data":"{\"op\": \"nn.functional.batch_norm\", \"dtype\": \"uint8\", \"samples\": 3, \"diffs\": [{\"i\": 1, \"class\": \"SILENT\", \"detail\": \"eager raises NotImplementedError, compiled returns\"}], \"errors\": [], \"verdict\": \"DIFF:SILENT\"}\n"}
,{"stream_name":"stdout","time":1764.511702808,"data":"{\"op\": \"nn.functional.batch_norm\", \"dtype\": \"int16\", \"samples\": 3, \"diffs\": [{\"i\": 1, \"class\": \"SILENT\", \"detail\": \"eager raises NotImplementedError, compiled returns\"}], \"errors\": [], \"verdict\": \"DIFF:SILENT\"}\n"}
,{"stream_name":"stdout","time":1764.511709981,"data":"{\"op\": \"nn.functional.batch_norm\", \"dtype\": \"int32\", \"samples\": 3, \"diffs\": [{\"i\": 1, \"class\": \"SILENT\", \"detail\": \"eager raises NotImplementedError, compiled returns\"}], \"errors\": [], \"verdict\": \"DIFF:SILENT\"}\n"}
,{"stream_name":"stdout","time":1764.51172322,"data":"{\"op\": \"nn.functional.batch_norm\", \"dtype\": \"int64\", \"samples\": 3, \"diffs\": [{\"i\": 1, \"class\": \"SILENT\", \"detail\": \"eager raises NotImplementedError, compiled returns\"}], \"errors\": [], \"verdict\": \"DIFF:SILENT\"}\n"}
,{"stream_name":"stdout","time":1764.51172827,"data":"{\"op\": \"nn.functional.batch_norm\", \"dtype\": \"bool\", \"samples\": 3, \"diffs\": [], \"errors\": [], \"verdict\": \"ok\"}\n"}
,{"stream_name":"stdout","time":1764.511732852,"data":"{\"op\": \"nn.functional.batch_norm\", \"dtype\": \"complex64\", \"samples\": 3, \"diffs\": [{\"i\": 0, \"class\": \"SILENT\", \"detail\": \"eager raises NotImplementedError, compiled returns\"}, {\"i\": 1, \"class\": \"SILENT\", \"detail\": \"eager raises NotImplementedError, compiled returns\"}, {\"i\": 2, \"class\": \"SILENT\", \"detail\": \"eager raises NotImplementedError, compiled returns\"}], \"errors\": [], \"verdict\": \"DIFF:SILENT\"}\n"}
,{"stream_name":"stdout","time":1764.511742871,"data":"{\"op\": \"nn.functional.batch_norm\", \"dtype\": \"int8\", \"samples\": 0, \"diffs\": [], \"errors\": [], \"verdict\": \"NO_SAMPLES:no_supported_dtype\"}\n"}
,{"stream_name":"stdout","time":1764.511747653,"data":"{\"op\": \"nn.functional.batch_norm\", \"dtype\": \"uint8\", \"samples\": 0, \"diffs\": [], \"errors\": [], \"verdict\": \"NO_SAMPLES:no_supported_dtype\"}\n"}
,{"stream_name":"stdout","time":1764.511752457,"data":"{\"op\": \"nn.functional.batch_norm\", \"dtype\": \"int16\", \"samples\": 0, \"diffs\": [], \"errors\": [], \"verdict\": \"NO_SAMPLES:no_supported_dtype\"}\n"}
,{"stream_name":"stdout","time":1764.511757313,"data":"{\"op\": \"nn.functional.batch_norm\", \"dtype\": \"int32\", \"samples\": 0, \"diffs\": [], \"errors\": [], \"verdict\": \"NO_SAMPLES:no_supported_dtype\"}\n"}
,{"stream_name":"stdout","time":1764.511761936,"data":"{\"op\": \"nn.functional.batch_norm\", \"dtype\": \"int64\", \"samples\": 0, \"diffs\": [], \"errors\": [], \"verdict\": \"NO_SAMPLES:no_supported_dtype\"}\n"}
,{"stream_name":"stdout","time":1764.511766653,"data":"{\"op\": \"nn.functional.batch_norm\", \"dtype\": \"bool\", \"samples\": 0, \"diffs\": [], \"errors\": [], \"verdict\": \"NO_SAMPLES:no_supported_dtype\"}\n"}
,{"stream_name":"stdout","time":1764.511771216,"data":"{\"op\": \"nn.functional.batch_norm\", \"dtype\": \"float16\", \"samples\": 0, \"diffs\": [], \"errors\": [], \"verdict\": \"NO_SAMPLES:no_supported_dtype\"}\n"}
,{"stream_name":"stdout","time":1764.511775518,"data":"{\"op\": \"nn.functional.batch_norm\", \"dtype\": \"bfloat16\", \"samples\": 0, \"diffs\": [], \"errors\": [], \"verdict\": \"NO_SAMPLES:no_supported_dtype\"}\n"}
,{"stream_name":"stdout","time":1764.511778807,"data":"{\"op\": \"nn.functional.batch_norm\", \"dtype\": \"float32\", \"samples\": 0, \"diffs\": [], \"errors\": [], \"verdict\": \"NO_SAMPLES:no_supported_dtype\"}\n"}
,{"stream_name":"stdout","time":1764.511782136,"data":"{\"op\": \"nn.functional.batch_norm\", \"dtype\": \"float64\", \"samples\": 0, \"diffs\": [], \"errors\": [], \"verdict\": \"NO_SAMPLES:no_supported_dtype\"}\n"}
,{"stream_name":"stdout","time":1764.511786919,"data":"{\"op\": \"nn.functional.batch_norm\", \"dtype\": \"complex64\", \"samples\": 0, \"diffs\": [], \"errors\": [], \"verdict\": \"NO_SAMPLES:no_supported_dtype\"}\n"}
,{"stream_name":"stdout","time":1764.511792137,"data":"{\"op\": \"nn.functional.binary_cross_entropy\", \"dtype\": \"int8\", \"samples\": 3, \"diffs\": [{\"i\": 0, \"class\": \"SILENT\", \"detail\": \"eager raises NotImplementedError, compiled returns\"}, {\"i\": 1, \"class\": \"SILENT\", \"detail\": \"eager raises NotImplementedError, compiled returns\"}, {\"i\": 2, \"class\": \"SILENT\", \"detail\": \"eager raises NotImplementedError, compiled returns\"}], \"errors\": [], \"verdict\": \"DIFF:SILENT\"}\n"}
,{"stream_name":"stdout","time":1764.511798647,"data":"{\"op\": \"nn.functional.binary_cross_entropy\", \"dtype\": \"uint8\", \"samples\": 3, \"diffs\": [{\"i\": 0, \"class\": \"SILENT\", \"detail\": \"eager raises NotImplementedError, compiled returns\"}, {\"i\": 1, \"class\": \"SILENT\", \"detail\": \"eager raises NotImplementedError, compiled returns\"}, {\"i\": 2, \"class\": \"SILENT\", \"detail\": \"eager raises NotImplementedError, compiled returns\"}], \"errors\": [], \"verdict\": \"DIFF:SILENT\"}\n"}
,{"stream_name":"stdout","time":1764.511805603,"data":"{\"op\": \"nn.functional.binary_cross_entropy\", \"dtype\": \"int16\", \"samples\": 3, \"diffs\": [{\"i\": 0, \"class\": \"SILENT\", \"detail\": \"eager raises NotImplementedError, compiled returns\"}, {\"i\": 1, \"class\": \"SILENT\", \"detail\": \"eager raises NotImplementedError, compiled returns\"}, {\"i\": 2, \"class\": \"SILENT\", \"detail\": \"eager raises NotImplementedError, compiled returns\"}], \"errors\": [], \"verdict\": \"DIFF:SILENT\"}\n"}
,{"stream_name":"stdout","time":1764.51181609,"data":"{\"op\": \"nn.functional.binary_cross_entropy\", \"dtype\": \"int32\", \"samples\": 3, \"diffs\": [{\"i\": 0, \"class\": \"SILENT\", \"detail\": \"eager raises NotImplementedError, compiled returns\"}, {\"i\": 1, \"class\": \"SILENT\", \"detail\": \"eager raises NotImplementedError, compiled returns\"}, {\"i\": 2, \"class\": \"SILENT\", \"detail\": \"eager raises NotImplementedError, compiled returns\"}], \"errors\": [], \"verdict\": \"DIFF:SILENT\"}\n"}
,{"stream_name":"stdout","time":1764.511822869,"data":"{\"op\": \"nn.functional.binary_cross_entropy\", \"dtype\": \"int64\", \"samples\": 3, \"diffs\": [{\"i\": 0, \"class\": \"SILENT\", \"detail\": \"eager raises NotImplementedError, compiled returns\"}, {\"i\": 1, \"class\": \"SILENT\", \"detail\": \"eager raises NotImplementedError, compiled returns\"}, {\"i\": 2, \"class\": \"SILENT\", \"detail\": \"eager raises NotImplementedError, compiled returns\"}], \"errors\": [], \"verdict\": \"DIFF:SILENT\"}\n"}
,{"stream_name":"stdout","time":1764.511829095,"data":"{\"op\": \"nn.functional.binary_cross_entropy\", \"dtype\": \"bool\", \"samples\": 3, \"diffs\": [], \"errors\": [], \"verdict\": \"ok\"}\n"}
,{"stream_name":"stdout","time":1764.51183368,"data":"{\"op\": \"nn.functional.binary_cross_entropy\", \"dtype\": \"complex64\", \"samples\": 3, \"diffs\": [], \"errors\": [], \"verdict\": \"ok\"}\n"}
,{"stream_name":"stdout","time":1764.511838258,"data":"{\"op\": \"igamma\", \"dtype\": \"int8\", \"samples\": 3, \"diffs\": [{\"i\": 0, \"class\": \"SILENT\", \"detail\": \"eager raises NotImplementedError, compiled returns\"}, {\"i\": 1, \"class\": \"SILENT\", \"detail\": \"eager raises NotImplementedError, compiled returns\"}, {\"i\": 2, \"class\": \"SILENT\", \"detail\": \"eager raises NotImplementedError, compiled returns\"}], \"errors\": [], \"verdict\": \"DIFF:SILENT\"}\n"}
,{"stream_name":"stdout","time":1764.511845131,"data":"{\"op\": \"igamma\", \"dtype\": \"uint8\", \"samples\": 3, \"diffs\": [{\"i\": 0, \"class\": \"SILENT\", \"detail\": \"eager raises NotImplementedError, compiled returns\"}, {\"i\": 1, \"class\": \"SILENT\", \"detail\": \"eager raises NotImplementedError, compiled returns\"}, {\"i\": 2, \"class\": \"SILENT\", \"detail\": \"eager raises NotImplementedError, compiled returns\"}], \"errors\": [], \"verdict\": \"DIFF:SILENT\"}\n"}
,{"stream_name":"stdout","time":1764.51185167,"data":"{\"op\": \"igamma\", \"dtype\": \"int16\", \"samples\": 3, \"diffs\": [{\"i\": 0, \"class\": \"SILENT\", \"detail\": \"eager raises NotImplementedError, compiled returns\"}, {\"i\": 1, \"class\": \"SILENT\", \"detail\": \"eager raises NotImplementedError, compiled returns\"}, {\"i\": 2, \"class\": \"SILENT\", \"detail\": \"eager raises NotImplementedError, compiled returns\"}], \"errors\": [], \"verdict\": \"DIFF:SILENT\"}\n"}
,{"stream_name":"stdout","time":1764.511858184,"data":"{\"op\": \"igamma\", \"dtype\": \"int32\", \"samples\": 3, \"diffs\": [{\"i\": 0, \"class\": \"SILENT\", \"detail\": \"eager raises NotImplementedError, compiled returns\"}, {\"i\": 1, \"class\": \"SILENT\", \"detail\": \"eager raises NotImplementedError, compiled returns\"}, {\"i\": 2, \"class\": \"SILENT\", \"detail\": \"eager raises NotImplementedError, compiled returns\"}], \"errors\": [], \"verdict\": \"DIFF:SILENT\"}\n"}
,{"stream_name":"stdout","time":1764.511864526,"data":"{\"op\": \"igamma\", \"dtype\": \"int64\", \"samples\": 3, \"diffs\": [{\"i\": 0, \"class\": \"SILENT\", \"detail\": \"eager raises NotImplementedError, compiled returns\"}, {\"i\": 1, \"class\": \"SILENT\", \"detail\": \"eager raises NotImplementedError, compiled returns\"}, {\"i\": 2, \"class\": \"SILENT\", \"detail\": \"eager raises NotImplementedError, compiled returns\"}], \"errors\": [], \"verdict\": \"DIFF:SILENT\"}\n"}
,{"stream_name":"stdout","time":1764.511876588,"data":"{\"op\": \"igamma\", \"dtype\": \"bool\", \"samples\": 3, \"diffs\": [{\"i\": 0, \"class\": \"SILENT\", \"detail\": \"eager raises NotImplementedError, compiled returns\"}, {\"i\": 1, \"class\": \"SILENT\", \"detail\": \"eager raises NotImplementedError, compiled returns\"}, {\"i\": 2, \"class\": \"SILENT\", \"detail\": \"eager raises NotImplementedError, compiled returns\"}], \"errors\": [], \"verdict\": \"DIFF:SILENT\"}\n"}
,{"stream_name":"stdout","time":1764.511883182,"data":"{\"op\": \"igamma\", \"dtype\": \"complex64\", \"samples\": 3, \"diffs\": [], \"errors\": [], \"verdict\": \"ok\"}\n"}
,{"stream_name":"stdout","time":1764.511887805,"data":"{\"op\": \"igammac\", \"dtype\": \"int8\", \"samples\": 3, \"diffs\": [{\"i\": 0, \"class\": \"SILENT\", \"detail\": \"eager raises NotImplementedError, compiled returns\"}, {\"i\": 1, \"class\": \"SILENT\", \"detail\": \"eager raises NotImplementedError, compiled returns\"}, {\"i\": 2, \"class\": \"SILENT\", \"detail\": \"eager raises NotImplementedError, compiled returns\"}], \"errors\": [], \"verdict\": \"DIFF:SILENT\"}\n"}
,{"stream_name":"stdout","time":1764.511893816,"data":"{\"op\": \"igammac\", \"dtype\": \"uint8\", \"samples\": 3, \"diffs\": [{\"i\": 0, \"class\": \"SILENT\", \"detail\": \"eager raises NotImplementedError, compiled returns\"}, {\"i\": 1, \"class\": \"SILENT\", \"detail\": \"eager raises NotImplementedError, compiled returns\"}, {\"i\": 2, \"class\": \"SILENT\", \"detail\": \"eager raises NotImplementedError, compiled returns\"}], \"errors\": [], \"verdict\": \"DIFF:SILENT\"}\n"}
,{"stream_name":"stdout","time":1764.51190127,"data":"{\"op\": \"igammac\", \"dtype\": \"int16\", \"samples\": 3, \"diffs\": [{\"i\": 0, \"class\": \"SILENT\", \"detail\": \"eager raises NotImplementedError, compiled returns\"}, {\"i\": 1, \"class\": \"SILENT\", \"detail\": \"eager raises NotImplementedError, compiled returns\"}, {\"i\": 2, \"class\": \"SILENT\", \"detail\": \"eager raises NotImplementedError, compiled returns\"}], \"errors\": [], \"verdict\": \"DIFF:SILENT\"}\n"}
,{"stream_name":"stdout","time":1764.511907653,"data":"{\"op\": \"igammac\", \"dtype\": \"int32\", \"samples\": 3, \"diffs\": [{\"i\": 0, \"class\": \"SILENT\", \"detail\": \"eager raises NotImplementedError, compiled returns\"}, {\"i\": 1, \"class\": \"SILENT\", \"detail\": \"eager raises NotImplementedError, compiled returns\"}, {\"i\": 2, \"class\": \"SILENT\", \"detail\": \"eager raises NotImplementedError, compiled returns\"}], \"errors\": [], \"verdict\": \"DIFF:SILENT\"}\n"}
,{"stream_name":"stdout","time":1764.511913916,"data":"{\"op\": \"igammac\", \"dtype\": \"int64\", \"samples\": 3, \"diffs\": [{\"i\": 0, \"class\": \"SILENT\", \"detail\": \"eager raises NotImplementedError, compiled returns\"}, {\"i\": 1, \"class\": \"SILENT\", \"detail\": \"eager raises NotImplementedError, compiled returns\"}, {\"i\": 2, \"class\": \"SILENT\", \"detail\": \"eager raises NotImplementedError, compiled returns\"}], \"errors\": [], \"verdict\": \"DIFF:SILENT\"}\n"}
,{"stream_name":"stdout","time":1764.511920106,"data":"{\"op\": \"igammac\", \"dtype\": \"bool\", \"samples\": 3, \"diffs\": [{\"i\": 0, \"class\": \"SILENT\", \"detail\": \"eager raises NotImplementedError, compiled returns\"}, {\"i\": 1, \"class\": \"SILENT\", \"detail\": \"eager raises NotImplementedError, compiled returns\"}, {\"i\": 2, \"class\": \"SILENT\", \"detail\": \"eager raises NotImplementedError, compiled returns\"}], \"errors\": [], \"verdict\": \"DIFF:SILENT\"}\n"}
,{"stream_name":"stdout","time":1764.511926836,"data":"{\"op\": \"igammac\", \"dtype\": \"complex64\", \"samples\": 3, \"diffs\": [], \"errors\": [], \"verdict\": \"ok\"}\n"}
,{"stream_name":"stdout","time":1764.511931717,"data":"{\"op\": \"nn.functional.softshrink\", \"dtype\": \"int8\", \"samples\": 3, \"diffs\": [], \"errors\": [], \"verdict\": \"ok\"}\n"}
,{"stream_name":"stdout","time":1764.511939973,"data":"{\"op\": \"nn.functional.softshrink\", \"dtype\": \"uint8\", \"samples\": 3, \"diffs\": [], \"errors\": [], \"verdict\": \"ok\"}\n"}
,{"stream_name":"stdout","time":1764.511944564,"data":"{\"op\": \"nn.functional.softshrink\", \"dtype\": \"int16\", \"samples\": 3, \"diffs\": [], \"errors\": [], \"verdict\": \"ok\"}\n"}
,{"stream_name":"stdout","time":1764.511948989,"data":"{\"op\": \"nn.functional.softshrink\", \"dtype\": \"int32\", \"samples\": 3, \"diffs\": [], \"errors\": [], \"verdict\": \"ok\"}\n"}
,{"stream_name":"stdout","time":1764.511953616,"data":"{\"op\": \"nn.functional.softshrink\", \"dtype\": \"int64\", \"samples\": 3, \"diffs\": [], \"errors\": [], \"verdict\": \"ok\"}\n"}
,{"stream_name":"stdout","time":1764.511958112,"data":"{\"op\": \"nn.functional.softshrink\", \"dtype\": \"bool\", \"samples\": 3, \"diffs\": [], \"errors\": [], \"verdict\": \"ok\"}\n"}
,{"stream_name":"stdout","time":1764.511961441,"data":"{\"op\": \"nn.functional.softshrink\", \"dtype\": \"complex64\", \"samples\": 3, \"diffs\": [], \"errors\": [], \"verdict\": \"ok\"}\n"}
,{"stream_name":"stdout","time":1764.511964617,"data":"{\"op\": \"nn.functional.hardshrink\", \"dtype\": \"int8\", \"samples\": 3, \"diffs\": [{\"i\": 0, \"class\": \"SILENT\", \"detail\": \"eager raises NotImplementedError, compiled returns\"}, {\"i\": 1, \"class\": \"SILENT\", \"detail\": \"eager raises NotImplementedError, compiled returns\"}, {\"i\": 2, \"class\": \"SILENT\", \"detail\": \"eager raises NotImplementedError, compiled returns\"}], \"errors\": [], \"verdict\": \"DIFF:SILENT\"}\n"}
,{"stream_name":"stdout","time":1764.511968455,"data":"{\"op\": \"nn.functional.hardshrink\", \"dtype\": \"uint8\", \"samples\": 3, \"diffs\": [{\"i\": 0, \"class\": \"SILENT\", \"detail\": \"eager raises NotImplementedError, compiled returns\"}, {\"i\": 1, \"class\": \"SILENT\", \"detail\": \"eager raises NotImplementedError, compiled returns\"}, {\"i\": 2, \"class\": \"SILENT\", \"detail\": \"eager raises NotImplementedError, compiled returns\"}], \"errors\": [], \"verdict\": \"DIFF:SILENT\"}\n"}
,{"stream_name":"stdout","time":1764.511972186,"data":"{\"op\": \"nn.functional.hardshrink\", \"dtype\": \"int16\", \"samples\": 3, \"diffs\": [{\"i\": 0, \"class\": \"SILENT\", \"detail\": \"eager raises NotImplementedError, compiled returns\"}, {\"i\": 1, \"class\": \"SILENT\", \"detail\": \"eager raises NotImplementedError, compiled returns\"}, {\"i\": 2, \"class\": \"SILENT\", \"detail\": \"eager raises NotImplementedError, compiled returns\"}], \"errors\": [], \"verdict\": \"DIFF:SILENT\"}\n"}
,{"stream_name":"stdout","time":1764.511975966,"data":"{\"op\": \"nn.functional.hardshrink\", \"dtype\": \"int32\", \"samples\": 3, \"diffs\": [{\"i\": 0, \"class\": \"SILENT\", \"detail\": \"eager raises NotImplementedError, compiled returns\"}, {\"i\": 1, \"class\": \"SILENT\", \"detail\": \"eager raises NotImplementedError, compiled returns\"}, {\"i\": 2, \"class\": \"SILENT\", \"detail\": \"eager raises NotImplementedError, compiled returns\"}], \"errors\": [], \"verdict\": \"DIFF:SILENT\"}\n"}
,{"stream_name":"stdout","time":1764.511979953,"data":"{\"op\": \"nn.functional.hardshrink\", \"dtype\": \"int64\", \"samples\": 3, \"diffs\": [{\"i\": 0, \"class\": \"SILENT\", \"detail\": \"eager raises NotImplementedError, compiled returns\"}, {\"i\": 1, \"class\": \"SILENT\", \"detail\": \"eager raises NotImplementedError, compiled returns\"}, {\"i\": 2, \"class\": \"SILENT\", \"detail\": \"eager raises NotImplementedError, compiled returns\"}], \"errors\": [], \"verdict\": \"DIFF:SILENT\"}\n"}
,{"stream_name":"stdout","time":1764.511984219,"data":"{\"op\": \"nn.functional.hardshrink\", \"dtype\": \"bool\", \"samples\": 3, \"diffs\": [], \"errors\": [], \"verdict\": \"ok\"}\n"}
,{"stream_name":"stdout","time":1764.511988656,"data":"{\"op\": \"nn.functional.hardshrink\", \"dtype\": \"complex64\", \"samples\": 3, \"diffs\": [{\"i\": 0, \"class\": \"SILENT\", \"detail\": \"eager raises NotImplementedError, compiled returns\"}, {\"i\": 1, \"class\": \"SILENT\", \"detail\": \"eager raises NotImplementedError, compiled returns\"}, {\"i\": 2, \"class\": \"SILENT\", \"detail\": \"eager raises NotImplementedError, compiled returns\"}], \"errors\": [], \"verdict\": \"DIFF:SILENT\"}\n"}
,{"stream_name":"stdout","time":1764.51199837,"data":"{\"op\": \"nn.functional.hardtanh\", \"dtype\": \"uint8\", \"samples\": 3, \"diffs\": [], \"errors\": [], \"verdict\": \"ok\"}\n"}
,{"stream_name":"stdout","time":1764.512003474,"data":"{\"op\": \"nn.functional.hardtanh\", \"dtype\": \"bool\", \"samples\": 3, \"diffs\": [], \"errors\": [], \"verdict\": \"ok\"}\n"}
,{"stream_name":"stdout","time":1764.512008198,"data":"{\"op\": \"nn.functional.hardtanh\", \"dtype\": \"complex64\", \"samples\": 3, \"diffs\": [], \"errors\": [], \"verdict\": \"ok\"}\n"}
,{"stream_name":"stdout","time":1764.512013276,"data":"{\"op\": \"mm\", \"dtype\": \"bool\", \"samples\": 3, \"diffs\": [], \"errors\": [\"compile BackendCompilerFailed\", \"compile BackendCompilerFailed\"], \"verdict\": \"ok\"}\n"}
,{"stream_name":"stdout","time":1764.51201823,"data":"{\"op\": \"mvlgamma\", \"dtype\": \"bool\", \"samples\": 3, \"diffs\": [{\"i\": 0, \"class\": \"SILENT\", \"detail\": \"eager raises RuntimeError, compiled returns\"}, {\"i\": 1, \"class\": \"SILENT\", \"detail\": \"eager raises RuntimeError, compiled returns\"}, {\"i\": 2, \"class\": \"SILENT\", \"detail\": \"eager raises RuntimeError, compiled returns\"}], \"errors\": [], \"verdict\": \"DIFF:SILENT\"}\n"}
,{"stream_name":"stdout","time":1764.512024798,"data":"{\"op\": \"mvlgamma\", \"dtype\": \"complex64\", \"samples\": 3, \"diffs\": [], \"errors\": [], \"verdict\": \"ok\"}\n"}
,{"stream_name":"stdout","time":1764.512029375,"data":"{\"op\": \"mvlgamma\", \"dtype\": \"bool\", \"samples\": 3, \"diffs\": [{\"i\": 0, \"class\": \"SILENT\", \"detail\": \"eager raises RuntimeError, compiled returns\"}, {\"i\": 1, \"class\": \"SILENT\", \"detail\": \"eager raises RuntimeError, compiled returns\"}, {\"i\": 2, \"class\": \"SILENT\", \"detail\": \"eager raises RuntimeError, compiled returns\"}], \"errors\": [], \"verdict\": \"DIFF:SILENT\"}\n"}
,{"stream_name":"stdout","time":1764.512035684,"data":"{\"op\": \"mvlgamma\", \"dtype\": \"complex64\", \"samples\": 3, \"diffs\": [], \"errors\": [], \"verdict\": \"ok\"}\n"}
,{"stream_name":"stdout","time":1764.512040951,"data":"{\"op\": \"mvlgamma\", \"dtype\": \"bool\", \"samples\": 3, \"diffs\": [{\"i\": 0, \"class\": \"SILENT\", \"detail\": \"eager raises RuntimeError, compiled returns\"}, {\"i\": 1, \"class\": \"SILENT\", \"detail\": \"eager raises RuntimeError, compiled returns\"}, {\"i\": 2, \"class\": \"SILENT\", \"detail\": \"eager raises RuntimeError, compiled returns\"}], \"errors\": [], \"verdict\": \"DIFF:SILENT\"}\n"}
,{"stream_name":"stdout","time":1764.512047294,"data":"{\"op\": \"mvlgamma\", \"dtype\": \"complex64\", \"samples\": 3, \"diffs\": [], \"errors\": [], \"verdict\": \"ok\"}\n"}
,{"stream_name":"stdout","time":1764.51205182,"data":"{\"op\": \"neg\", \"dtype\": \"bool\", \"samples\": 1, \"diffs\": [], \"errors\": [], \"verdict\": \"ok\"}\n"}
,{"stream_name":"stdout","time":1764.512056386,"data":"{\"op\": \"dist\", \"dtype\": \"int8\", \"samples\": 3, \"diffs\": [], \"errors\": [], \"verdict\": \"ok\"}\n"}
,{"stream_name":"stdout","time":1764.512060878,"data":"{\"op\": \"dist\", \"dtype\": \"uint8\", \"samples\": 3, \"diffs\": [], \"errors\": [], \"verdict\": \"ok\"}\n"}
,{"stream_name":"stdout","time":1764.512065516,"data":"{\"op\": \"dist\", \"dtype\": \"int16\", \"samples\": 3, \"diffs\": [], \"errors\": [], \"verdict\": \"ok\"}\n"}
,{"stream_name":"stdout","time":1764.512070319,"data":"{\"op\": \"dist\", \"dtype\": \"int32\", \"samples\": 3, \"diffs\": [], \"errors\": [], \"verdict\": \"ok\"}\n"}
,{"stream_name":"stdout","time":1764.512076369,"data":"{\"op\": \"dist\", \"dtype\": \"int64\", \"samples\": 3, \"diffs\": [], \"errors\": [], \"verdict\": \"ok\"}\n"}
,{"stream_name":"stdout","time":1764.512079348,"data":"{\"op\": \"dist\", \"dtype\": \"bool\", \"samples\": 3, \"diffs\": [], \"errors\": [], \"verdict\": \"ok\"}\n"}
,{"stream_name":"stdout","time":1764.5120821,"data":"{\"op\": \"pow\", \"dtype\": \"bool\", \"samples\": 3, \"diffs\": [{\"i\": 0, \"class\": \"SILENT\", \"detail\": \"eager raises NotImplementedError, compiled returns\"}], \"errors\": [], \"verdict\": \"DIFF:SILENT\"}\n"}
,{"stream_name":"stdout","time":1764.512085237,"data":"{\"op\": \"rad2deg\", \"dtype\": \"complex64\", \"samples\": 1, \"diffs\": [], \"errors\": [], \"verdict\": \"ok\"}\n"}
,{"stream_name":"stdout","time":1764.512087988,"data":"{\"op\": \"round\", \"dtype\": \"bool\", \"samples\": 1, \"diffs\": [{\"i\": 0, \"class\": \"SILENT\", \"detail\": \"eager raises NotImplementedError, compiled returns\"}], \"errors\": [], \"verdict\": \"DIFF:SILENT\"}\n"}
,{"stream_name":"stdout","time":1764.512091067,"data":"{\"op\": \"round\", \"dtype\": \"complex64\", \"samples\": 1, \"diffs\": [], \"errors\": [], \"verdict\": \"ok\"}\n"}
,{"stream_name":"stdout","time":1764.512094033,"data":"{\"op\": \"round\", \"dtype\": \"int8\", \"samples\": 3, \"diffs\": [{\"i\": 0, \"class\": \"SILENT\", \"detail\": \"eager raises NotImplementedError, compiled returns\"}, {\"i\": 1, \"class\": \"SILENT\", \"detail\": \"eager raises NotImplementedError, compiled returns\"}, {\"i\": 2, \"class\": \"SILENT\", \"detail\": \"eager raises NotImplementedError, compiled returns\"}], \"errors\": [], \"verdict\": \"DIFF:SILENT\"}\n"}
,{"stream_name":"stdout","time":1764.512098062,"data":"{\"op\": \"round\", \"dtype\": \"uint8\", \"samples\": 3, \"diffs\": [{\"i\": 0, \"class\": \"SILENT\", \"detail\": \"eager raises NotImplementedError, compiled returns\"}, {\"i\": 1, \"class\": \"SILENT\", \"detail\": \"eager raises NotImplementedError, compiled returns\"}, {\"i\": 2, \"class\": \"SILENT\", \"detail\": \"eager raises NotImplementedError, compiled returns\"}], \"errors\": [], \"verdict\": \"DIFF:SILENT\"}\n"}
,{"stream_name":"stdout","time":1764.512101828,"data":"{\"op\": \"round\", \"dtype\": \"int16\", \"samples\": 3, \"diffs\": [{\"i\": 0, \"class\": \"SILENT\", \"detail\": \"eager raises NotImplementedError, compiled returns\"}, {\"i\": 1, \"class\": \"SILENT\", \"detail\": \"eager raises NotImplementedError, compiled returns\"}, {\"i\": 2, \"class\": \"SILENT\", \"detail\": \"eager raises NotImplementedError, compiled returns\"}], \"errors\": [], \"verdict\": \"DIFF:SILENT\"}\n"}
,{"stream_name":"stdout","time":1764.51210551,"data":"{\"op\": \"round\", \"dtype\": \"int32\", \"samples\": 3, \"diffs\": [{\"i\": 0, \"class\": \"SILENT\", \"detail\": \"eager raises NotImplementedError, compiled returns\"}, {\"i\": 1, \"class\": \"SILENT\", \"detail\": \"eager raises NotImplementedError, compiled returns\"}, {\"i\": 2, \"class\": \"SILENT\", \"detail\": \"eager raises NotImplementedError, compiled returns\"}], \"errors\": [], \"verdict\": \"DIFF:SILENT\"}\n"}
,{"stream_name":"stdout","time":1764.512109136,"data":"{\"op\": \"round\", \"dtype\": \"int64\", \"samples\": 3, \"diffs\": [{\"i\": 0, \"class\": \"SILENT\", \"detail\": \"eager raises NotImplementedError, compiled returns\"}, {\"i\": 1, \"class\": \"SILENT\", \"detail\": \"eager raises NotImplementedError, compiled returns\"}, {\"i\": 2, \"class\": \"SILENT\", \"detail\": \"eager raises NotImplementedError, compiled returns\"}], \"errors\": [], \"verdict\": \"DIFF:SILENT\"}\n"}
,{"stream_name":"stdout","time":1764.512112739,"data":"{\"op\": \"round\", \"dtype\": \"bool\", \"samples\": 3, \"diffs\": [{\"i\": 0, \"class\": \"SILENT\", \"detail\": \"eager raises NotImplementedError, compiled returns\"}, {\"i\": 1, \"class\": \"SILENT\", \"detail\": \"eager raises NotImplementedError, compiled returns\"}, {\"i\": 2, \"class\": \"SILENT\", \"detail\": \"eager raises NotImplementedError, compiled returns\"}], \"errors\": [], \"verdict\": \"DIFF:SILENT\"}\n"}
,{"stream_name":"stdout","time":1764.512118734,"data":"{\"op\": \"round\", \"dtype\": \"complex64\", \"samples\": 3, \"diffs\": [], \"errors\": [], \"verdict\": \"ok\"}\n"}
,{"stream_name":"stdout","time":1764.512121984,"data":"{\"op\": \"round\", \"dtype\": \"int8\", \"samples\": 3, \"diffs\": [{\"i\": 0, \"class\": \"SILENT\", \"detail\": \"eager raises NotImplementedError, compiled returns\"}, {\"i\": 1, \"class\": \"SILENT\", \"detail\": \"eager raises NotImplementedError, compiled returns\"}, {\"i\": 2, \"class\": \"SILENT\", \"detail\": \"eager raises NotImplementedError, compiled returns\"}], \"errors\": [], \"verdict\": \"DIFF:SILENT\"}\n"}
,{"stream_name":"stdout","time":1764.512125966,"data":"{\"op\": \"round\", \"dtype\": \"uint8\", \"samples\": 3, \"diffs\": [{\"i\": 0, \"class\": \"SILENT\", \"detail\": \"eager raises NotImplementedError, compiled returns\"}, {\"i\": 1, \"class\": \"SILENT\", \"detail\": \"eager raises NotImplementedError, compiled returns\"}, {\"i\": 2, \"class\": \"SILENT\", \"detail\": \"eager raises NotImplementedError, compiled returns\"}], \"errors\": [], \"verdict\": \"DIFF:SILENT\"}\n"}
,{"stream_name":"stdout","time":1764.512129621,"data":"{\"op\": \"round\", \"dtype\": \"int16\", \"samples\": 3, \"diffs\": [{\"i\": 0, \"class\": \"SILENT\", \"detail\": \"eager raises NotImplementedError, compiled returns\"}, {\"i\": 1, \"class\": \"SILENT\", \"detail\": \"eager raises NotImplementedError, compiled returns\"}, {\"i\": 2, \"class\": \"SILENT\", \"detail\": \"eager raises NotImplementedError, compiled returns\"}], \"errors\": [], \"verdict\": \"DIFF:SILENT\"}\n"}
,{"stream_name":"stdout","time":1764.512133269,"data":"{\"op\": \"round\", \"dtype\": \"int32\", \"samples\": 3, \"diffs\": [{\"i\": 0, \"class\": \"SILENT\", \"detail\": \"eager raises NotImplementedError, compiled returns\"}, {\"i\": 1, \"class\": \"SILENT\", \"detail\": \"eager raises NotImplementedError, compiled returns\"}, {\"i\": 2, \"class\": \"SILENT\", \"detail\": \"eager raises NotImplementedError, compiled returns\"}], \"errors\": [], \"verdict\": \"DIFF:SILENT\"}\n"}
,{"stream_name":"stdout","time":1764.512137434,"data":"{\"op\": \"round\", \"dtype\": \"int64\", \"samples\": 3, \"diffs\": [{\"i\": 0, \"class\": \"SILENT\", \"detail\": \"eager raises NotImplementedError, compiled returns\"}, {\"i\": 1, \"class\": \"SILENT\", \"detail\": \"eager raises NotImplementedError, compiled returns\"}, {\"i\": 2, \"class\": \"SILENT\", \"detail\": \"eager raises NotImplementedError, compiled returns\"}], \"errors\": [], \"verdict\": \"DIFF:SILENT\"}\n"}
,{"stream_name":"stdout","time":1764.512143799,"data":"{\"op\": \"round\", \"dtype\": \"bool\", \"samples\": 3, \"diffs\": [{\"i\": 0, \"class\": \"SILENT\", \"detail\": \"eager raises NotImplementedError, compiled returns\"}, {\"i\": 1, \"class\": \"SILENT\", \"detail\": \"eager raises NotImplementedError, compiled returns\"}, {\"i\": 2, \"class\": \"SILENT\", \"detail\": \"eager raises NotImplementedError, compiled returns\"}], \"errors\": [], \"verdict\": \"DIFF:SILENT\"}\n"}
,{"stream_name":"stdout","time":1764.512151161,"data":"{\"op\": \"round\", \"dtype\": \"float16\", \"samples\": 3, \"diffs\": [], \"errors\": [], \"verdict\": \"ok\"}\n"}
,{"stream_name":"stdout","time":1764.51215627,"data":"{\"op\": \"round\", \"dtype\": \"complex64\", \"samples\": 3, \"diffs\": [], \"errors\": [], \"verdict\": \"ok\"}\n"}
,{"stream_name":"stdout","time":1764.512160703,"data":"{\"op\": \"round\", \"dtype\": \"int8\", \"samples\": 3, \"diffs\": [{\"i\": 0, \"class\": \"SILENT\", \"detail\": \"eager raises NotImplementedError, compiled returns\"}, {\"i\": 1, \"class\": \"SILENT\", \"detail\": \"eager raises NotImplementedError, compiled returns\"}, {\"i\": 2, \"class\": \"SILENT\", \"detail\": \"eager raises NotImplementedError, compiled returns\"}], \"errors\": [], \"verdict\": \"DIFF:SILENT\"}\n"}
,{"stream_name":"stdout","time":1764.512170948,"data":"{\"op\": \"round\", \"dtype\": \"uint8\", \"samples\": 3, \"diffs\": [{\"i\": 0, \"class\": \"SILENT\", \"detail\": \"eager raises NotImplementedError, compiled returns\"}, {\"i\": 1, \"class\": \"SILENT\", \"detail\": \"eager raises NotImplementedError, compiled returns\"}, {\"i\": 2, \"class\": \"SILENT\", \"detail\": \"eager raises NotImplementedError, compiled returns\"}], \"errors\": [], \"verdict\": \"DIFF:SILENT\"}\n"}
,{"stream_name":"stdout","time":1764.51217731,"data":"{\"op\": \"round\", \"dtype\": \"int16\", \"samples\": 3, \"diffs\": [{\"i\": 0, \"class\": \"SILENT\", \"detail\": \"eager raises NotImplementedError, compiled returns\"}, {\"i\": 1, \"class\": \"SILENT\", \"detail\": \"eager raises NotImplementedError, compiled returns\"}, {\"i\": 2, \"class\": \"SILENT\", \"detail\": \"eager raises NotImplementedError, compiled returns\"}], \"errors\": [], \"verdict\": \"DIFF:SILENT\"}\n"}
,{"stream_name":"stdout","time":1764.512183457,"data":"{\"op\": \"round\", \"dtype\": \"int32\", \"samples\": 3, \"diffs\": [{\"i\": 0, \"class\": \"SILENT\", \"detail\": \"eager raises NotImplementedError, compiled returns\"}, {\"i\": 1, \"class\": \"SILENT\", \"detail\": \"eager raises NotImplementedError, compiled returns\"}, {\"i\": 2, \"class\": \"SILENT\", \"detail\": \"eager raises NotImplementedError, compiled returns\"}], \"errors\": [], \"verdict\": \"DIFF:SILENT\"}\n"}
,{"stream_name":"stdout","time":1764.512189518,"data":"{\"op\": \"round\", \"dtype\": \"int64\", \"samples\": 3, \"diffs\": [{\"i\": 0, \"class\": \"SILENT\", \"detail\": \"eager raises NotImplementedError, compiled returns\"}, {\"i\": 1, \"class\": \"SILENT\", \"detail\": \"eager raises NotImplementedError, compiled returns\"}, {\"i\": 2, \"class\": \"SILENT\", \"detail\": \"eager raises NotImplementedError, compiled returns\"}], \"errors\": [], \"verdict\": \"DIFF:SILENT\"}\n"}
,{"stream_name":"stdout","time":1764.512195951,"data":"{\"op\": \"round\", \"dtype\": \"bool\", \"samples\": 3, \"diffs\": [{\"i\": 0, \"class\": \"SILENT\", \"detail\": \"eager raises NotImplementedError, compiled returns\"}, {\"i\": 1, \"class\": \"SILENT\", \"detail\": \"eager raises NotImplementedError, compiled returns\"}, {\"i\": 2, \"class\": \"SILENT\", \"detail\": \"eager raises NotImplementedError, compiled returns\"}], \"errors\": [], \"verdict\": \"DIFF:SILENT\"}\n"}
,{"stream_name":"stdout","time":1764.512202074,"data":"{\"op\": \"round\", \"dtype\": \"float16\", \"samples\": 3, \"diffs\": [], \"errors\": [], \"verdict\": \"ok\"}\n"}
,{"stream_name":"stdout","time":1764.512206464,"data":"{\"op\": \"round\", \"dtype\": \"complex64\", \"samples\": 3, \"diffs\": [], \"errors\": [], \"verdict\": \"ok\"}\n"}
,{"stream_name":"stdout","time":1764.512210816,"data":"{\"op\": \"sign\", \"dtype\": \"complex64\", \"samples\": 1, \"diffs\": [], \"errors\": [], \"verdict\": \"ok\"}\n"}
,{"stream_name":"stdout","time":1764.512215479,"data":"{\"op\": \"__ror__\", \"dtype\": \"float16\", \"samples\": 3, \"diffs\": [{\"i\": 1, \"class\": \"SILENT\", \"detail\": \"eager raises NotImplementedError, compiled returns\"}, {\"i\": 2, \"class\": \"SILENT\", \"detail\": \"eager raises NotImplementedError, compiled returns\"}], \"errors\": [], \"verdict\": \"DIFF:SILENT\"}\n"}
,{"stream_name":"stdout","time":1764.512221449,"data":"{\"op\": \"__ror__\", \"dtype\": \"bfloat16\", \"samples\": 3, \"diffs\": [{\"i\": 1, \"class\": \"SILENT\", \"detail\": \"eager raises NotImplementedError, compiled returns\"}, {\"i\": 2, \"class\": \"SILENT\", \"detail\": \"eager raises NotImplementedError, compiled returns\"}], \"errors\": [], \"verdict\": \"DIFF:SILENT\"}\n"}
,{"stream_name":"stdout","time":1764.512225436,"data":"{\"op\": \"__ror__\", \"dtype\": \"float32\", \"samples\": 3, \"diffs\": [{\"i\": 1, \"class\": \"SILENT\", \"detail\": \"eager raises NotImplementedError, compiled returns\"}, {\"i\": 2, \"class\": \"SILENT\", \"detail\": \"eager raises NotImplementedError, compiled returns\"}], \"errors\": [], \"verdict\": \"DIFF:SILENT\"}\n"}
,{"stream_name":"stdout","time":1764.5122311,"data":"{\"op\": \"__ror__\", \"dtype\": \"float64\", \"samples\": 3, \"diffs\": [{\"i\": 1, \"class\": \"SILENT\", \"detail\": \"eager raises NotImplementedError, compiled returns\"}, {\"i\": 2, \"class\": \"SILENT\", \"detail\": \"eager raises NotImplementedError, compiled returns\"}], \"errors\": [], \"verdict\": \"DIFF:SILENT\"}\n"}
,{"stream_name":"stdout","time":1764.512234592,"data":"{\"op\": \"__ror__\", \"dtype\": \"complex64\", \"samples\": 3, \"diffs\": [], \"errors\": [], \"verdict\": \"ok\"}\n"}
,{"stream_name":"stdout","time":1764.512237564,"data":"{\"op\": \"__rxor__\", \"dtype\": \"float16\", \"samples\": 3, \"diffs\": [{\"i\": 1, \"class\": \"SILENT\", \"detail\": \"eager raises NotImplementedError, compiled returns\"}, {\"i\": 2, \"class\": \"SILENT\", \"detail\": \"eager raises NotImplementedError, compiled returns\"}], \"errors\": [], \"verdict\": \"DIFF:SILENT\"}\n"}
,{"stream_name":"stdout","time":1764.512240937,"data":"{\"op\": \"__rxor__\", \"dtype\": \"bfloat16\", \"samples\": 3, \"diffs\": [{\"i\": 1, \"class\": \"SILENT\", \"detail\": \"eager raises NotImplementedError, compiled returns\"}, {\"i\": 2, \"class\": \"SILENT\", \"detail\": \"eager raises NotImplementedError, compiled returns\"}], \"errors\": [], \"verdict\": \"DIFF:SILENT\"}\n"}
,{"stream_name":"stdout","time":1764.51224428,"data":"{\"op\": \"__rxor__\", \"dtype\": \"float32\", \"samples\": 3, \"diffs\": [{\"i\": 1, \"class\": \"SILENT\", \"detail\": \"eager raises NotImplementedError, compiled returns\"}, {\"i\": 2, \"class\": \"SILENT\", \"detail\": \"eager raises NotImplementedError, compiled returns\"}], \"errors\": [], \"verdict\": \"DIFF:SILENT\"}\n"}
,{"stream_name":"stdout","time":1764.51224801,"data":"{\"op\": \"__rxor__\", \"dtype\": \"float64\", \"samples\": 3, \"diffs\": [{\"i\": 1, \"class\": \"SILENT\", \"detail\": \"eager raises NotImplementedError, compiled returns\"}, {\"i\": 2, \"class\": \"SILENT\", \"detail\": \"eager raises NotImplementedError, compiled returns\"}], \"errors\": [], \"verdict\": \"DIFF:SILENT\"}\n"}
,{"stream_name":"stdout","time":1764.512251388,"data":"{\"op\": \"__rxor__\", \"dtype\": \"complex64\", \"samples\": 3, \"diffs\": [], \"errors\": [], \"verdict\": \"ok\"}\n"}
,{"stream_name":"stdout","time":1764.512254159,"data":"{\"op\": \"__rmatmul__\", \"dtype\": \"bool\", \"samples\": 3, \"diffs\": [{\"i\": 0, \"class\": \"SILENT\", \"detail\": \"eager raises NotImplementedError, compiled returns\"}, {\"i\": 1, \"class\": \"SILENT\", \"detail\": \"eager raises NotImplementedError, compiled returns\"}], \"errors\": [], \"verdict\": \"DIFF:SILENT\"}\n"}
,{"stream_name":"stdout","time":1764.512257576,"data":"{\"op\": \"__rmod__\", \"dtype\": \"bool\", \"samples\": 3, \"diffs\": [{\"i\": 0, \"class\": \"SILENT\", \"detail\": \"eager raises NotImplementedError, compiled returns\"}], \"errors\": [], \"verdict\": \"DIFF:SILENT\"}\n"}
,{"stream_name":"stdout","time":1764.512260616,"data":"{\"op\": \"__rmod__\", \"dtype\": \"complex64\", \"samples\": 3, \"diffs\": [], \"errors\": [], \"verdict\": \"ok\"}\n"}
,{"stream_name":"stdout","time":1764.51226344,"data":"{\"op\": \"__rpow__\", \"dtype\": \"bool\", \"samples\": 3, \"diffs\": [{\"i\": 0, \"class\": \"SILENT\", \"detail\": \"eager raises NotImplementedError, compiled returns\"}], \"errors\": [], \"verdict\": \"DIFF:SILENT\"}\n"}
,{"stream_name":"stdout","time":1764.512266657,"data":"{\"op\": \"__rsub__\", \"dtype\": \"bool\", \"samples\": 3, \"diffs\": [], \"errors\": [], \"verdict\": \"ok\"}\n"}
,{"stream_name":"stdout","time":1764.512269453,"data":"{\"op\": \"rsub\", \"dtype\": \"bool\", \"samples\": 3, \"diffs\": [], \"errors\": [], \"verdict\": \"ok\"}\n"}
,{"stream_name":"stdout","time":1764.512275061,"data":"{\"op\": \"select_scatter\", \"dtype\": \"complex64\", \"samples\": 3, \"diffs\": [], \"errors\": [], \"verdict\": \"ok\"}\n"}
,{"stream_name":"stdout","time":1764.51227803,"data":"{\"op\": \"slice_scatter\", \"dtype\": \"complex64\", \"samples\": 3, \"diffs\": [], \"errors\": [], \"verdict\": \"ok\"}\n"}
,{"stream_name":"stdout","time":1764.512280913,"data":"{\"op\": \"signbit\", \"dtype\": \"complex64\", \"samples\": 1, \"diffs\": [], \"errors\": [], \"verdict\": \"ok\"}\n"}
,{"stream_name":"stdout","time":1764.512283689,"data":"{\"op\": \"trunc\", \"dtype\": \"bool\", \"samples\": 1, \"diffs\": [{\"i\": 0, \"class\": \"SILENT\", \"detail\": \"eager raises NotImplementedError, compiled returns\"}], \"errors\": [], \"verdict\": \"DIFF:SILENT\"}\n"}
,{"stream_name":"stdout","time":1764.512286734,"data":"{\"op\": \"trunc\", \"dtype\": \"complex64\", \"samples\": 1, \"diffs\": [], \"errors\": [], \"verdict\": \"ok\"}\n"}
,{"stream_name":"stdout","time":1764.512289433,"data":"{\"op\": \"nan_to_num\", \"dtype\": \"complex64\", \"samples\": 3, \"diffs\": [], \"errors\": [\"compile BackendCompilerFailed\", \"compile BackendCompilerFailed\", \"compile BackendCompilerFailed\"], \"verdict\": \"ok\"}\n"}
,{"stream_name":"stdout","time":1764.512292635,"data":"{\"op\": \"lerp\", \"dtype\": \"int8\", \"samples\": 3, \"diffs\": [], \"errors\": [], \"verdict\": \"ok\"}\n"}
,{"stream_name":"stdout","time":1764.512295465,"data":"{\"op\": \"lerp\", \"dtype\": \"uint8\", \"samples\": 3, \"diffs\": [], \"errors\": [], \"verdict\": \"ok\"}\n"}
,{"stream_name":"stdout","time":1764.51229851,"data":"{\"op\": \"lerp\", \"dtype\": \"int16\", \"samples\": 3, \"diffs\": [], \"errors\": [], \"verdict\": \"ok\"}\n"}
,{"stream_name":"stdout","time":1764.512301279,"data":"{\"op\": \"lerp\", \"dtype\": \"int32\", \"samples\": 3, \"diffs\": [], \"errors\": [], \"verdict\": \"ok\"}\n"}
,{"stream_name":"stdout","time":1764.512304005,"data":"{\"op\": \"lerp\", \"dtype\": \"int64\", \"samples\": 3, \"diffs\": [], \"errors\": [], \"verdict\": \"ok\"}\n"}
,{"stream_name":"stdout","time":1764.512306714,"data":"{\"op\": \"lerp\", \"dtype\": \"bool\", \"samples\": 3, \"diffs\": [], \"errors\": [], \"verdict\": \"ok\"}\n"}
,{"stream_name":"stdout","time":1764.512309388,"data":"{\"op\": \"isposinf\", \"dtype\": \"complex64\", \"samples\": 1, \"diffs\": [], \"errors\": [], \"verdict\": \"ok\"}\n"}
,{"stream_name":"stdout","time":1764.512312113,"data":"{\"op\": \"isneginf\", \"dtype\": \"complex64\", \"samples\": 1, \"diffs\": [], \"errors\": [], \"verdict\": \"ok\"}\n"}
,{"stream_name":"stdout","time":1764.512314815,"data":"{\"op\": \"einsum\", \"dtype\": \"bool\", \"samples\": 3, \"diffs\": [], \"errors\": [], \"verdict\": \"ok\"}\n"}
,{"stream_name":"stdout","time":1764.512317519,"data":"{\"op\": \"pca_lowrank\", \"dtype\": \"int8\", \"samples\": 3, \"diffs\": [], \"errors\": [], \"verdict\": \"ok\"}\n"}
,{"stream_name":"stdout","time":1764.512320531,"data":"{\"op\": \"pca_lowrank\", \"dtype\": \"uint8\", \"samples\": 3, \"diffs\": [], \"errors\": [], \"verdict\": \"ok\"}\n"}
,{"stream_name":"stdout","time":1764.512323319,"data":"{\"op\": \"pca_lowrank\", \"dtype\": \"int16\", \"samples\": 3, \"diffs\": [], \"errors\": [], \"verdict\": \"ok\"}\n"}
,{"stream_name":"stdout","time":1764.512326071,"data":"{\"op\": \"pca_lowrank\", \"dtype\": \"int32\", \"samples\": 3, \"diffs\": [], \"errors\": [], \"verdict\": \"ok\"}\n"}
,{"stream_name":"stdout","time":1764.512329336,"data":"{\"op\": \"pca_lowrank\", \"dtype\": \"int64\", \"samples\": 3, \"diffs\": [], \"errors\": [], \"verdict\": \"ok\"}\n"}
,{"stream_name":"stdout","time":1764.512332023,"data":"{\"op\": \"pca_lowrank\", \"dtype\": \"bool\", \"samples\": 3, \"diffs\": [], \"errors\": [], \"verdict\": \"ok\"}\n"}
,{"stream_name":"stdout","time":1764.512336892,"data":"{\"op\": \"pca_lowrank\", \"dtype\": \"float16\", \"samples\": 3, \"diffs\": [], \"errors\": [], \"verdict\": \"ok\"}\n"}
,{"stream_name":"stdout","time":1764.512339666,"data":"{\"op\": \"pca_lowrank\", \"dtype\": \"bfloat16\", \"samples\": 3, \"diffs\": [], \"errors\": [], \"verdict\": \"ok\"}\n"}
,{"stream_name":"stdout","time":1764.512342365,"data":"{\"op\": \"polar\", \"dtype\": \"int8\", \"samples\": 3, \"diffs\": [], \"errors\": [], \"verdict\": \"ok\"}\n"}
,{"stream_name":"stdout","time":1764.512345285,"data":"{\"op\": \"polar\", \"dtype\": \"uint8\", \"samples\": 3, \"diffs\": [], \"errors\": [], \"verdict\": \"ok\"}\n"}
,{"stream_name":"stdout","time":1764.512348021,"data":"{\"op\": \"polar\", \"dtype\": \"int16\", \"samples\": 3, \"diffs\": [], \"errors\": [], \"verdict\": \"ok\"}\n"}
,{"stream_name":"stdout","time":1764.51235073,"data":"{\"op\": \"polar\", \"dtype\": \"int32\", \"samples\": 3, \"diffs\": [], \"errors\": [], \"verdict\": \"ok\"}\n"}
,{"stream_name":"stdout","time":1764.512353466,"data":"{\"op\": \"polar\", \"dtype\": \"int64\", \"samples\": 3, \"diffs\": [], \"errors\": [], \"verdict\": \"ok\"}\n"}
,{"stream_name":"stdout","time":1764.512356116,"data":"{\"op\": \"polar\", \"dtype\": \"bool\", \"samples\": 3, \"diffs\": [], \"errors\": [], \"verdict\": \"ok\"}\n"}
,{"stream_name":"stdout","time":1764.512358762,"data":"{\"op\": \"polar\", \"dtype\": \"bfloat16\", \"samples\": 3, \"diffs\": [], \"errors\": [], \"verdict\": \"ok\"}\n"}
,{"stream_name":"stdout","time":1764.51236156,"data":"{\"op\": \"polar\", \"dtype\": \"complex64\", \"samples\": 3, \"diffs\": [], \"errors\": [], \"verdict\": \"ok\"}\n"}
,{"stream_name":"stdout","time":1764.512364303,"data":"{\"op\": \"polygamma\", \"dtype\": \"complex64\", \"samples\": 3, \"diffs\": [], \"errors\": [], \"verdict\": \"ok\"}\n"}
,{"stream_name":"stdout","time":1764.512367278,"data":"{\"op\": \"polygamma\", \"dtype\": \"float16\", \"samples\": 3, \"diffs\": [], \"errors\": [], \"verdict\": \"ok\"}\n"}
,{"stream_name":"stdout","time":1764.512371013,"data":"{\"op\": \"polygamma\", \"dtype\": \"complex64\", \"samples\": 3, \"diffs\": [], \"errors\": [], \"verdict\": \"ok\"}\n"}
,{"stream_name":"stdout","time":1764.512375302,"data":"{\"op\": \"polygamma\", \"dtype\": \"float16\", \"samples\": 3, \"diffs\": [], \"errors\": [], \"verdict\": \"ok\"}\n"}
,{"stream_name":"stdout","time":1764.512380062,"data":"{\"op\": \"polygamma\", \"dtype\": \"complex64\", \"samples\": 3, \"diffs\": [], \"errors\": [], \"verdict\": \"ok\"}\n"}
,{"stream_name":"stdout","time":1764.512384293,"data":"{\"op\": \"polygamma\", \"dtype\": \"float16\", \"samples\": 3, \"diffs\": [], \"errors\": [], \"verdict\": \"ok\"}\n"}
,{"stream_name":"stdout","time":1764.512388798,"data":"{\"op\": \"polygamma\", \"dtype\": \"complex64\", \"samples\": 3, \"diffs\": [], \"errors\": [], \"verdict\": \"ok\"}\n"}
,{"stream_name":"stdout","time":1764.512393036,"data":"{\"op\": \"polygamma\", \"dtype\": \"float16\", \"samples\": 3, \"diffs\": [], \"errors\": [], \"verdict\": \"ok\"}\n"}
,{"stream_name":"stdout","time":1764.512397425,"data":"{\"op\": \"polygamma\", \"dtype\": \"complex64\", \"samples\": 3, \"diffs\": [], \"errors\": [], \"verdict\": \"ok\"}\n"}
,{"stream_name":"stdout","time":1764.512403036,"data":"{\"op\": \"unravel_index\", \"dtype\": \"bool\", \"samples\": 3, \"diffs\": [], \"errors\": [], \"verdict\": \"ok\"}\n"}
,{"stream_name":"stdout","time":1764.512429129,"data":"{\"op\": \"unravel_index\", \"dtype\": \"float16\", \"samples\": 3, \"diffs\": [], \"errors\": [], \"verdict\": \"ok\"}\n"}
,{"stream_name":"stdout","time":1764.512434203,"data":"{\"op\": \"unravel_index\", \"dtype\": \"bfloat16\", \"samples\": 3, \"diffs\": [], \"errors\": [], \"verdict\": \"ok\"}\n"}
,{"stream_name":"stdout","time":1764.512442946,"data":"{\"op\": \"unravel_index\", \"dtype\": \"float32\", \"samples\": 3, \"diffs\": [], \"errors\": [], \"verdict\": \"ok\"}\n"}
,{"stream_name":"stdout","time":1764.512447482,"data":"{\"op\": \"unravel_index\", \"dtype\": \"float64\", \"samples\": 3, \"diffs\": [], \"errors\": [], \"verdict\": \"ok\"}\n"}
,{"stream_name":"stdout","time":1764.512451987,"data":"{\"op\": \"unravel_index\", \"dtype\": \"complex64\", \"samples\": 3, \"diffs\": [], \"errors\": [], \"verdict\": \"ok\"}\n"}
,{"stream_name":"stdout","time":1764.51245659,"data":"{\"op\": \"hypot\", \"dtype\": \"int8\", \"samples\": 3, \"diffs\": [{\"i\": 0, \"class\": \"SILENT\", \"detail\": \"eager raises NotImplementedError, compiled returns\"}, {\"i\": 1, \"class\": \"SILENT\", \"detail\": \"eager raises NotImplementedError, compiled returns\"}, {\"i\": 2, \"class\": \"SILENT\", \"detail\": \"eager raises NotImplementedError, compiled returns\"}], \"errors\": [], \"verdict\": \"DIFF:SILENT\"}\n"}
,{"stream_name":"stdout","time":1764.512463114,"data":"{\"op\": \"hypot\", \"dtype\": \"uint8\", \"samples\": 3, \"diffs\": [{\"i\": 0, \"class\": \"SILENT\", \"detail\": \"eager raises NotImplementedError, compiled returns\"}, {\"i\": 1, \"class\": \"SILENT\", \"detail\": \"eager raises NotImplementedError, compiled returns\"}, {\"i\": 2, \"class\": \"SILENT\", \"detail\": \"eager raises NotImplementedError, compiled returns\"}], \"errors\": [], \"verdict\": \"DIFF:SILENT\"}\n"}
,{"stream_name":"stdout","time":1764.512469471,"data":"{\"op\": \"hypot\", \"dtype\": \"int16\", \"samples\": 3, \"diffs\": [{\"i\": 0, \"class\": \"SILENT\", \"detail\": \"eager raises NotImplementedError, compiled returns\"}, {\"i\": 1, \"class\": \"SILENT\", \"detail\": \"eager raises NotImplementedError, compiled returns\"}, {\"i\": 2, \"class\": \"SILENT\", \"detail\": \"eager raises NotImplementedError, compiled returns\"}], \"errors\": [], \"verdict\": \"DIFF:SILENT\"}\n"}
,{"stream_name":"stdout","time":1764.51248367,"data":"{\"op\": \"hypot\", \"dtype\": \"int32\", \"samples\": 3, \"diffs\": [{\"i\": 0, \"class\": \"SILENT\", \"detail\": \"eager raises NotImplementedError, compiled returns\"}, {\"i\": 1, \"class\": \"SILENT\", \"detail\": \"eager raises NotImplementedError, compiled returns\"}, {\"i\": 2, \"class\": \"SILENT\", \"detail\": \"eager raises NotImplementedError, compiled returns\"}], \"errors\": [], \"verdict\": \"DIFF:SILENT\"}\n"}
,{"stream_name":"stdout","time":1764.512489584,"data":"{\"op\": \"hypot\", \"dtype\": \"int64\", \"samples\": 3, \"diffs\": [{\"i\": 0, \"class\": \"SILENT\", \"detail\": \"eager raises NotImplementedError, compiled returns\"}, {\"i\": 1, \"class\": \"SILENT\", \"detail\": \"eager raises NotImplementedError, compiled returns\"}, {\"i\": 2, \"class\": \"SILENT\", \"detail\": \"eager raises NotImplementedError, compiled returns\"}], \"errors\": [], \"verdict\": \"DIFF:SILENT\"}\n"}
,{"stream_name":"stdout","time":1764.512496968,"data":"{\"op\": \"hypot\", \"dtype\": \"bool\", \"samples\": 3, \"diffs\": [{\"i\": 0, \"class\": \"SILENT\", \"detail\": \"eager raises NotImplementedError, compiled returns\"}, {\"i\": 1, \"class\": \"SILENT\", \"detail\": \"eager raises NotImplementedError, compiled returns\"}, {\"i\": 2, \"class\": \"SILENT\", \"detail\": \"eager raises NotImplementedError, compiled returns\"}], \"errors\": [], \"verdict\": \"DIFF:SILENT\"}\n"}
,{"stream_name":"stdout","time":1764.512500708,"data":"{\"op\": \"hypot\", \"dtype\": \"complex64\", \"samples\": 3, \"diffs\": [], \"errors\": [], \"verdict\": \"ok\"}\n"}
,{"stream_name":"stdout","time":1764.512503746,"data":"{\"op\": \"histc\", \"dtype\": \"int8\", \"samples\": 3, \"diffs\": [], \"errors\": [], \"verdict\": \"ok\"}\n"}
,{"stream_name":"stdout","time":1764.512506517,"data":"{\"op\": \"histc\", \"dtype\": \"uint8\", \"samples\": 3, \"diffs\": [], \"errors\": [], \"verdict\": \"ok\"}\n"}
,{"stream_name":"stdout","time":1764.512511894,"data":"{\"op\": \"histc\", \"dtype\": \"int16\", \"samples\": 3, \"diffs\": [], \"errors\": [], \"verdict\": \"ok\"}\n"}
,{"stream_name":"stdout","time":1764.512514791,"data":"{\"op\": \"histc\", \"dtype\": \"int32\", \"samples\": 3, \"diffs\": [], \"errors\": [], \"verdict\": \"ok\"}\n"}
,{"stream_name":"stdout","time":1764.512517524,"data":"{\"op\": \"histc\", \"dtype\": \"int64\", \"samples\": 3, \"diffs\": [], \"errors\": [], \"verdict\": \"ok\"}\n"}
,{"stream_name":"stdout","time":1764.512520246,"data":"{\"op\": \"histc\", \"dtype\": \"bool\", \"samples\": 3, \"diffs\": [], \"errors\": [], \"verdict\": \"ok\"}\n"}
,{"stream_name":"stdout","time":1764.512522959,"data":"{\"op\": \"histc\", \"dtype\": \"complex64\", \"samples\": 3, \"diffs\": [], \"errors\": [], \"verdict\": \"ok\"}\n"}
,{"stream_name":"stdout","time":1764.512525695,"data":"{\"op\": \"bincount\", \"dtype\": \"bool\", \"samples\": 3, \"diffs\": [], \"errors\": [], \"verdict\": \"ok\"}\n"}
,{"stream_name":"stdout","time":1764.512528688,"data":"{\"op\": \"bincount\", \"dtype\": \"float16\", \"samples\": 3, \"diffs\": [], \"errors\": [], \"verdict\": \"ok\"}\n"}
,{"stream_name":"stdout","time":1764.512531591,"data":"{\"op\": \"bincount\", \"dtype\": \"bfloat16\", \"samples\": 3, \"diffs\": [], \"errors\": [], \"verdict\": \"ok\"}\n"}
,{"stream_name":"stdout","time":1764.512534517,"data":"{\"op\": \"bincount\", \"dtype\": \"float32\", \"samples\": 3, \"diffs\": [], \"errors\": [], \"verdict\": \"ok\"}\n"}
,{"stream_name":"stdout","time":1764.512537381,"data":"{\"op\": \"bincount\", \"dtype\": \"float64\", \"samples\": 3, \"diffs\": [], \"errors\": [], \"verdict\": \"ok\"}\n"}
,{"stream_name":"stdout","time":1764.512540451,"data":"{\"op\": \"bincount\", \"dtype\": \"complex64\", \"samples\": 3, \"diffs\": [], \"errors\": [], \"verdict\": \"ok\"}\n"}
,{"stream_name":"stdout","time":1764.512543646,"data":"{\"op\": \"renorm\", \"dtype\": \"int8\", \"samples\": 3, \"diffs\": [], \"errors\": [], \"verdict\": \"ok\"}\n"}
,{"stream_name":"stdout","time":1764.512546373,"data":"{\"op\": \"renorm\", \"dtype\": \"uint8\", \"samples\": 3, \"diffs\": [], \"errors\": [], \"verdict\": \"ok\"}\n"}
,{"stream_name":"stdout","time":1764.512549126,"data":"{\"op\": \"renorm\", \"dtype\": \"int16\", \"samples\": 3, \"diffs\": [], \"errors\": [], \"verdict\": \"ok\"}\n"}
,{"stream_name":"stdout","time":1764.512552057,"data":"{\"op\": \"renorm\", \"dtype\": \"int32\", \"samples\": 3, \"diffs\": [], \"errors\": [], \"verdict\": \"ok\"}\n"}
,{"stream_name":"stdout","time":1764.512554796,"data":"{\"op\": \"renorm\", \"dtype\": \"int64\", \"samples\": 3, \"diffs\": [], \"errors\": [], \"verdict\": \"ok\"}\n"}
,{"stream_name":"stdout","time":1764.512557537,"data":"{\"op\": \"renorm\", \"dtype\": \"bool\", \"samples\": 3, \"diffs\": [], \"errors\": [], \"verdict\": \"ok\"}\n"}
,{"stream_name":"stdout","time":1764.512560338,"data":"{\"op\": \"trapz\", \"dtype\": \"bool\", \"samples\": 3, \"diffs\": [], \"errors\": [], \"verdict\": \"ok\"}\n"}
,{"stream_name":"stdout","time":1764.51256304,"data":"{\"op\": \"trapezoid\", \"dtype\": \"bool\", \"samples\": 3, \"diffs\": [], \"errors\": [], \"verdict\": \"ok\"}\n"}
,{"stream_name":"stdout","time":1764.512565809,"data":"{\"op\": \"cumulative_trapezoid\", \"dtype\": \"bool\", \"samples\": 3, \"diffs\": [], \"errors\": [], \"verdict\": \"ok\"}\n"}
,{"stream_name":"stdout","time":1764.512568676,"data":"{\"op\": \"xlogy\", \"dtype\": \"complex64\", \"samples\": 3, \"diffs\": [{\"i\": 0, \"class\": \"SILENT\", \"detail\": \"eager raises NotImplementedError, compiled returns\"}, {\"i\": 1, \"class\": \"SILENT\", \"detail\": \"eager raises NotImplementedError, compiled returns\"}, {\"i\": 2, \"class\": \"SILENT\", \"detail\": \"eager raises NotImplementedError, compiled returns\"}], \"errors\": [], \"verdict\": \"DIFF:SILENT\"}\n"}
,{"stream_name":"stdout","time":1764.512578432,"data":"{\"op\": \"trace\", \"dtype\": \"bool\", \"samples\": 3, \"diffs\": [{\"i\": 0, \"class\": \"SILENT\", \"detail\": \"eager raises NotImplementedError, compiled returns\"}, {\"i\": 1, \"class\": \"SILENT\", \"detail\": \"eager raises NotImplementedError, compiled returns\"}, {\"i\": 2, \"class\": \"SILENT\", \"detail\": \"eager raises NotImplementedError, compiled returns\"}], \"errors\": [], \"verdict\": \"DIFF:SILENT\"}\n"}
,{"stream_name":"stdout","time":1764.512582488,"data":"{\"op\": \"triu_indices\", \"dtype\": \"int8\", \"samples\": 3, \"diffs\": [], \"errors\": [], \"verdict\": \"ok\"}\n"}
,{"stream_name":"stdout","time":1764.51258531,"data":"{\"op\": \"triu_indices\", \"dtype\": \"uint8\", \"samples\": 3, \"diffs\": [], \"errors\": [], \"verdict\": \"ok\"}\n"}
,{"stream_name":"stdout","time":1764.512588123,"data":"{\"op\": \"triu_indices\", \"dtype\": \"int16\", \"samples\": 3, \"diffs\": [], \"errors\": [], \"verdict\": \"ok\"}\n"}
,{"stream_name":"stdout","time":1764.512591342,"data":"{\"op\": \"triu_indices\", \"dtype\": \"bool\", \"samples\": 3, \"diffs\": [], \"errors\": [], \"verdict\": \"ok\"}\n"}
,{"stream_name":"stdout","time":1764.512594169,"data":"{\"op\": \"triu_indices\", \"dtype\": \"float16\", \"samples\": 3, \"diffs\": [], \"errors\": [], \"verdict\": \"ok\"}\n"}
,{"stream_name":"stdout","time":1764.512597004,"data":"{\"op\": \"triu_indices\", \"dtype\": \"bfloat16\", \"samples\": 3, \"diffs\": [], \"errors\": [], \"verdict\": \"ok\"}\n"}
,{"stream_name":"stdout","time":1764.512599725,"data":"{\"op\": \"triu_indices\", \"dtype\": \"float32\", \"samples\": 3, \"diffs\": [], \"errors\": [], \"verdict\": \"ok\"}\n"}
,{"stream_name":"stdout","time":1764.512602463,"data":"{\"op\": \"triu_indices\", \"dtype\": \"float64\", \"samples\": 3, \"diffs\": [], \"errors\": [], \"verdict\": \"ok\"}\n"}
,{"stream_name":"stdout","time":1764.512605389,"data":"{\"op\": \"triu_indices\", \"dtype\": \"complex64\", \"samples\": 3, \"diffs\": [], \"errors\": [], \"verdict\": \"ok\"}\n"}
,{"stream_name":"stdout","time":1764.512608233,"data":"{\"op\": \"tril_indices\", \"dtype\": \"int8\", \"samples\": 3, \"diffs\": [], \"errors\": [], \"verdict\": \"ok\"}\n"}
,{"stream_name":"stdout","time":1764.512610997,"data":"{\"op\": \"tril_indices\", \"dtype\": \"uint8\", \"samples\": 3, \"diffs\": [], \"errors\": [], \"verdict\": \"ok\"}\n"}
,{"stream_name":"stdout","time":1764.512613809,"data":"{\"op\": \"tril_indices\", \"dtype\": \"int16\", \"samples\": 3, \"diffs\": [], \"errors\": [], \"verdict\": \"ok\"}\n"}
,{"stream_name":"stdout","time":1764.512616534,"data":"{\"op\": \"tril_indices\", \"dtype\": \"bool\", \"samples\": 3, \"diffs\": [], \"errors\": [], \"verdict\": \"ok\"}\n"}
,{"stream_name":"stdout","time":1764.512619254,"data":"{\"op\": \"tril_indices\", \"dtype\": \"float16\", \"samples\": 3, \"diffs\": [], \"errors\": [], \"verdict\": \"ok\"}\n"}
,{"stream_name":"stdout","time":1764.51262212,"data":"{\"op\": \"tril_indices\", \"dtype\": \"bfloat16\", \"samples\": 3, \"diffs\": [], \"errors\": [], \"verdict\": \"ok\"}\n"}
,{"stream_name":"stdout","time":1764.512624942,"data":"{\"op\": \"tril_indices\", \"dtype\": \"float32\", \"samples\": 3, \"diffs\": [], \"errors\": [], \"verdict\": \"ok\"}\n"}
,{"stream_name":"stdout","time":1764.512627957,"data":"{\"op\": \"tril_indices\", \"dtype\": \"float64\", \"samples\": 3, \"diffs\": [], \"errors\": [], \"verdict\": \"ok\"}\n"}
,{"stream_name":"stdout","time":1764.512630731,"data":"{\"op\": \"tril_indices\", \"dtype\": \"complex64\", \"samples\": 3, \"diffs\": [], \"errors\": [], \"verdict\": \"ok\"}\n"}
,{"stream_name":"stdout","time":1764.512633517,"data":"{\"op\": \"inner\", \"dtype\": \"bool\", \"samples\": 2, \"diffs\": [{\"i\": 0, \"class\": \"SILENT\", \"detail\": \"eager raises NotImplementedError, compiled returns\"}], \"errors\": [], \"verdict\": \"DIFF:SILENT\"}\n"}
,{"stream_name":"stdout","time":1764.51263932,"data":"{\"op\": \"tensordot\", \"dtype\": \"bool\", \"samples\": 3, \"diffs\": [{\"i\": 2, \"class\": \"SILENT\", \"detail\": \"eager raises NotImplementedError, compiled returns\"}], \"errors\": [\"compile InductorError\"], \"verdict\": \"DIFF:SILENT\"}\n"}
,{"stream_name":"stdout","time":1764.512642814,"data":"{\"op\": \"logcumsumexp\", \"dtype\": \"int8\", \"samples\": 3, \"diffs\": [{\"i\": 2, \"class\": \"SILENT\", \"detail\": \"eager raises NotImplementedError, compiled returns\"}], \"errors\": [], \"verdict\": \"DIFF:SILENT\"}\n"}
,{"stream_name":"stdout","time":1764.512646635,"data":"{\"op\": \"logcumsumexp\", \"dtype\": \"uint8\", \"samples\": 3, \"diffs\": [{\"i\": 2, \"class\": \"SILENT\", \"detail\": \"eager raises NotImplementedError, compiled returns\"}], \"errors\": [], \"verdict\": \"DIFF:SILENT\"}\n"}
,{"stream_name":"stdout","time":1764.512649751,"data":"{\"op\": \"logcumsumexp\", \"dtype\": \"int16\", \"samples\": 3, \"diffs\": [{\"i\": 2, \"class\": \"SILENT\", \"detail\": \"eager raises NotImplementedError, compiled returns\"}], \"errors\": [], \"verdict\": \"DIFF:SILENT\"}\n"}
,{"stream_name":"stdout","time":1764.512652884,"data":"{\"op\": \"logcumsumexp\", \"dtype\": \"int32\", \"samples\": 3, \"diffs\": [{\"i\": 2, \"class\": \"SILENT\", \"detail\": \"eager raises NotImplementedError, compiled returns\"}], \"errors\": [], \"verdict\": \"DIFF:SILENT\"}\n"}
,{"stream_name":"stdout","time":1764.512656135,"data":"{\"op\": \"logcumsumexp\", \"dtype\": \"int64\", \"samples\": 3, \"diffs\": [{\"i\": 2, \"class\": \"SILENT\", \"detail\": \"eager raises NotImplementedError, compiled returns\"}], \"errors\": [], \"verdict\": \"DIFF:SILENT\"}\n"}
,{"stream_name":"stdout","time":1764.512659239,"data":"{\"op\": \"logcumsumexp\", \"dtype\": \"bool\", \"samples\": 3, \"diffs\": [{\"i\": 2, \"class\": \"SILENT\", \"detail\": \"eager raises NotImplementedError, compiled returns\"}], \"errors\": [], \"verdict\": \"DIFF:SILENT\"}\n"}
,{"stream_name":"stdout","time":1764.512662331,"data":"{\"op\": \"digamma\", \"dtype\": \"complex64\", \"samples\": 3, \"diffs\": [], \"errors\": [], \"verdict\": \"ok\"}\n"}
,{"stream_name":"stdout","time":1764.512665193,"data":"{\"op\": \"erf\", \"dtype\": \"complex64\", \"samples\": 1, \"diffs\": [], \"errors\": [], \"verdict\": \"ok\"}\n"}
,{"stream_name":"stdout","time":1764.512667929,"data":"{\"op\": \"erfc\", \"dtype\": \"complex64\", \"samples\": 3, \"diffs\": [], \"errors\": [], \"verdict\": \"ok\"}\n"}
,{"stream_name":"stdout","time":1764.512670685,"data":"{\"op\": \"erfinv\", \"dtype\": \"complex64\", \"samples\": 1, \"diffs\": [], \"errors\": [], \"verdict\": \"ok\"}\n"}
,{"stream_name":"stdout","time":1764.512673464,"data":"{\"op\": \"nn.functional.smooth_l1_loss\", \"dtype\": \"int8\", \"samples\": 3, \"diffs\": [{\"i\": 0, \"class\": \"SILENT\", \"detail\": \"eager raises NotImplementedError, compiled returns\"}, {\"i\": 1, \"class\": \"SILENT\", \"detail\": \"eager raises NotImplementedError, compiled returns\"}, {\"i\": 2, \"class\": \"SILENT\", \"detail\": \"eager raises NotImplementedError, compiled returns\"}], \"errors\": [], \"verdict\": \"DIFF:SILENT\"}\n"}
,{"stream_name":"stdout","time":1764.512677698,"data":"{\"op\": \"nn.functional.smooth_l1_loss\", \"dtype\": \"uint8\", \"samples\": 3, \"diffs\": [{\"i\": 0, \"class\": \"SILENT\", \"detail\": \"eager raises NotImplementedError, compiled returns\"}, {\"i\": 1, \"class\": \"SILENT\", \"detail\": \"eager raises NotImplementedError, compiled returns\"}, {\"i\": 2, \"class\": \"SILENT\", \"detail\": \"eager raises NotImplementedError, compiled returns\"}], \"errors\": [], \"verdict\": \"DIFF:SILENT\"}\n"}
,{"stream_name":"stdout","time":1764.512681706,"data":"{\"op\": \"nn.functional.smooth_l1_loss\", \"dtype\": \"int16\", \"samples\": 3, \"diffs\": [{\"i\": 0, \"class\": \"SILENT\", \"detail\": \"eager raises NotImplementedError, compiled returns\"}, {\"i\": 1, \"class\": \"SILENT\", \"detail\": \"eager raises NotImplementedError, compiled returns\"}, {\"i\": 2, \"class\": \"SILENT\", \"detail\": \"eager raises NotImplementedError, compiled returns\"}], \"errors\": [], \"verdict\": \"DIFF:SILENT\"}\n"}
,{"stream_name":"stdout","time":1764.512688879,"data":"{\"op\": \"nn.functional.smooth_l1_loss\", \"dtype\": \"int32\", \"samples\": 3, \"diffs\": [{\"i\": 0, \"class\": \"SILENT\", \"detail\": \"eager raises NotImplementedError, compiled returns\"}, {\"i\": 1, \"class\": \"SILENT\", \"detail\": \"eager raises NotImplementedError, compiled returns\"}, {\"i\": 2, \"class\": \"SILENT\", \"detail\": \"eager raises NotImplementedError, compiled returns\"}], \"errors\": [], \"verdict\": \"DIFF:SILENT\"}\n"}
,{"stream_name":"stdout","time":1764.512692737,"data":"{\"op\": \"nn.functional.smooth_l1_loss\", \"dtype\": \"int64\", \"samples\": 3, \"diffs\": [{\"i\": 0, \"class\": \"SILENT\", \"detail\": \"eager raises NotImplementedError, compiled returns\"}, {\"i\": 1, \"class\": \"SILENT\", \"detail\": \"eager raises NotImplementedError, compiled returns\"}, {\"i\": 2, \"class\": \"SILENT\", \"detail\": \"eager raises NotImplementedError, compiled returns\"}], \"errors\": [], \"verdict\": \"DIFF:SILENT\"}\n"}
,{"stream_name":"stdout","time":1764.512696512,"data":"{\"op\": \"nn.functional.smooth_l1_loss\", \"dtype\": \"bool\", \"samples\": 3, \"diffs\": [], \"errors\": [], \"verdict\": \"ok\"}\n"}
,{"stream_name":"stdout","time":1764.512699349,"data":"{\"op\": \"nn.functional.smooth_l1_loss\", \"dtype\": \"complex64\", \"samples\": 3, \"diffs\": [{\"i\": 0, \"class\": \"SILENT\", \"detail\": \"eager raises NotImplementedError, compiled returns\"}, {\"i\": 1, \"class\": \"SILENT\", \"detail\": \"eager raises NotImplementedError, compiled returns\"}, {\"i\": 2, \"class\": \"SILENT\", \"detail\": \"eager raises NotImplementedError, compiled returns\"}], \"errors\": [], \"verdict\": \"DIFF:SILENT\"}\n"}
,{"stream_name":"stdout","time":1764.51270304,"data":"{\"op\": \"nn.functional.l1_loss\", \"dtype\": \"int8\", \"samples\": 3, \"diffs\": [], \"errors\": [], \"verdict\": \"ok\"}\n"}
,{"stream_name":"stdout","time":1764.512705862,"data":"{\"op\": \"nn.functional.l1_loss\", \"dtype\": \"uint8\", \"samples\": 3, \"diffs\": [], \"errors\": [], \"verdict\": \"ok\"}\n"}
,{"stream_name":"stdout","time":1764.512709147,"data":"{\"op\": \"nn.functional.l1_loss\", \"dtype\": \"int16\", \"samples\": 3, \"diffs\": [], \"errors\": [], \"verdict\": \"ok\"}\n"}
,{"stream_name":"stdout","time":1764.512718281,"data":"{\"op\": \"nn.functional.l1_loss\", \"dtype\": \"int32\", \"samples\": 3, \"diffs\": [], \"errors\": [], \"verdict\": \"ok\"}\n"}
,{"stream_name":"stdout","time":1764.512721228,"data":"{\"op\": \"nn.functional.l1_loss\", \"dtype\": \"int64\", \"samples\": 3, \"diffs\": [], \"errors\": [], \"verdict\": \"ok\"}\n"}
,{"stream_name":"stdout","time":1764.512724037,"data":"{\"op\": \"nn.functional.l1_loss\", \"dtype\": \"bool\", \"samples\": 3, \"diffs\": [], \"errors\": [], \"verdict\": \"ok\"}\n"}
,{"stream_name":"stdout","time":1764.512726881,"data":"{\"op\": \"lgamma\", \"dtype\": \"complex64\", \"samples\": 3, \"diffs\": [], \"errors\": [], \"verdict\": \"ok\"}\n"}
,{"stream_name":"stdout","time":1764.51272964,"data":"{\"op\": \"log_softmax\", \"dtype\": \"int8\", \"samples\": 3, \"diffs\": [{\"i\": 0, \"class\": \"SILENT\", \"detail\": \"eager raises NotImplementedError, compiled returns\"}, {\"i\": 1, \"class\": \"SILENT\", \"detail\": \"eager raises NotImplementedError, compiled returns\"}, {\"i\": 2, \"class\": \"SILENT\", \"detail\": \"eager raises NotImplementedError, compiled returns\"}], \"errors\": [], \"verdict\": \"DIFF:SILENT\"}\n"}
,{"stream_name":"stdout","time":1764.512736285,"data":"{\"op\": \"log_softmax\", \"dtype\": \"uint8\", \"samples\": 3, \"diffs\": [{\"i\": 0, \"class\": \"SILENT\", \"detail\": \"eager raises NotImplementedError, compiled returns\"}, {\"i\": 1, \"class\": \"SILENT\", \"detail\": \"eager raises NotImplementedError, compiled returns\"}, {\"i\": 2, \"class\": \"SILENT\", \"detail\": \"eager raises NotImplementedError, compiled returns\"}], \"errors\": [], \"verdict\": \"DIFF:SILENT\"}\n"}
,{"stream_name":"stdout","time":1764.51274024,"data":"{\"op\": \"log_softmax\", \"dtype\": \"int16\", \"samples\": 3, \"diffs\": [{\"i\": 0, \"class\": \"SILENT\", \"detail\": \"eager raises NotImplementedError, compiled returns\"}, {\"i\": 1, \"class\": \"SILENT\", \"detail\": \"eager raises NotImplementedError, compiled returns\"}, {\"i\": 2, \"class\": \"SILENT\", \"detail\": \"eager raises NotImplementedError, compiled returns\"}], \"errors\": [], \"verdict\": \"DIFF:SILENT\"}\n"}
,{"stream_name":"stdout","time":1764.512744484,"data":"{\"op\": \"log_softmax\", \"dtype\": \"int32\", \"samples\": 3, \"diffs\": [{\"i\": 0, \"class\": \"SILENT\", \"detail\": \"eager raises NotImplementedError, compiled returns\"}, {\"i\": 1, \"class\": \"SILENT\", \"detail\": \"eager raises NotImplementedError, compiled returns\"}, {\"i\": 2, \"class\": \"SILENT\", \"detail\": \"eager raises NotImplementedError, compiled returns\"}], \"errors\": [], \"verdict\": \"DIFF:SILENT\"}\n"}
,{"stream_name":"stdout","time":1764.512748776,"data":"{\"op\": \"log_softmax\", \"dtype\": \"int64\", \"samples\": 3, \"diffs\": [{\"i\": 0, \"class\": \"SILENT\", \"detail\": \"eager raises NotImplementedError, compiled returns\"}, {\"i\": 1, \"class\": \"SILENT\", \"detail\": \"eager raises NotImplementedError, compiled returns\"}, {\"i\": 2, \"class\": \"SILENT\", \"detail\": \"eager raises NotImplementedError, compiled returns\"}], \"errors\": [], \"verdict\": \"DIFF:SILENT\"}\n"}
,{"stream_name":"stdout","time":1764.512752485,"data":"{\"op\": \"log_softmax\", \"dtype\": \"bool\", \"samples\": 3, \"diffs\": [], \"errors\": [], \"verdict\": \"ok\"}\n"}
,{"stream_name":"stdout","time":1764.512755329,"data":"{\"op\": \"log_softmax\", \"dtype\": \"complex64\", \"samples\": 3, \"diffs\": [], \"errors\": [], \"verdict\": \"ok\"}\n"}
,{"stream_name":"stdout","time":1764.512759854,"data":"{\"op\": \"logit\", \"dtype\": \"complex64\", \"samples\": 3, \"diffs\": [], \"errors\": [], \"verdict\": \"ok\"}\n"}
,{"stream_name":"stdout","time":1764.512762686,"data":"{\"op\": \"norm\", \"dtype\": \"int8\", \"samples\": 3, \"diffs\": [], \"errors\": [], \"verdict\": \"ok\"}\n"}
,{"stream_name":"stdout","time":1764.5127666,"data":"{\"op\": \"norm\", \"dtype\": \"uint8\", \"samples\": 3, \"diffs\": [], \"errors\": [], \"verdict\": \"ok\"}\n"}
,{"stream_name":"stdout","time":1764.512771061,"data":"{\"op\": \"norm\", \"dtype\": \"int16\", \"samples\": 3, \"diffs\": [], \"errors\": [], \"verdict\": \"ok\"}\n"}
,{"stream_name":"stdout","time":1764.512775695,"data":"{\"op\": \"norm\", \"dtype\": \"int32\", \"samples\": 3, \"diffs\": [], \"errors\": [], \"verdict\": \"ok\"}\n"}
,{"stream_name":"stdout","time":1764.512780076,"data":"{\"op\": \"norm\", \"dtype\": \"int64\", \"samples\": 3, \"diffs\": [], \"errors\": [], \"verdict\": \"ok\"}\n"}
,{"stream_name":"stdout","time":1764.512784482,"data":"{\"op\": \"norm\", \"dtype\": \"bool\", \"samples\": 3, \"diffs\": [], \"errors\": [], \"verdict\": \"ok\"}\n"}
,{"stream_name":"stdout","time":1764.512788569,"data":"{\"op\": \"norm\", \"dtype\": \"int8\", \"samples\": 2, \"diffs\": [], \"errors\": [], \"verdict\": \"ok\"}\n"}
,{"stream_name":"stdout","time":1764.512793276,"data":"{\"op\": \"norm\", \"dtype\": \"uint8\", \"samples\": 2, \"diffs\": [], \"errors\": [], \"verdict\": \"ok\"}\n"}
,{"stream_name":"stdout","time":1764.512797508,"data":"{\"op\": \"norm\", \"dtype\": \"int16\", \"samples\": 2, \"diffs\": [], \"errors\": [], \"verdict\": \"ok\"}\n"}
,{"stream_name":"stdout","time":1764.5128052,"data":"{\"op\": \"norm\", \"dtype\": \"int32\", \"samples\": 2, \"diffs\": [], \"errors\": [], \"verdict\": \"ok\"}\n"}
,{"stream_name":"stdout","time":1764.512809616,"data":"{\"op\": \"norm\", \"dtype\": \"int64\", \"samples\": 2, \"diffs\": [], \"errors\": [], \"verdict\": \"ok\"}\n"}
,{"stream_name":"stdout","time":1764.512814373,"data":"{\"op\": \"norm\", \"dtype\": \"bool\", \"samples\": 2, \"diffs\": [], \"errors\": [], \"verdict\": \"ok\"}\n"}
,{"stream_name":"stdout","time":1764.512818819,"data":"{\"op\": \"norm\", \"dtype\": \"float16\", \"samples\": 2, \"diffs\": [], \"errors\": [], \"verdict\": \"ok\"}\n"}
,{"stream_name":"stdout","time":1764.512823313,"data":"{\"op\": \"norm\", \"dtype\": \"bfloat16\", \"samples\": 2, \"diffs\": [], \"errors\": [], \"verdict\": \"ok\"}\n"}
,{"stream_name":"stdout","time":1764.512828204,"data":"{\"op\": \"norm\", \"dtype\": \"int8\", \"samples\": 3, \"diffs\": [], \"errors\": [], \"verdict\": \"ok\"}\n"}
,{"stream_name":"stdout","time":1764.512832922,"data":"{\"op\": \"norm\", \"dtype\": \"uint8\", \"samples\": 3, \"diffs\": [], \"errors\": [], \"verdict\": \"ok\"}\n"}
,{"stream_name":"stdout","time":1764.512837274,"data":"{\"op\": \"norm\", \"dtype\": \"int16\", \"samples\": 3, \"diffs\": [], \"errors\": [], \"verdict\": \"ok\"}\n"}
,{"stream_name":"stdout","time":1764.512841518,"data":"{\"op\": \"norm\", \"dtype\": \"int32\", \"samples\": 3, \"diffs\": [], \"errors\": [], \"verdict\": \"ok\"}\n"}
,{"stream_name":"stdout","time":1764.512845668,"data":"{\"op\": \"norm\", \"dtype\": \"int64\", \"samples\": 3, \"diffs\": [], \"errors\": [], \"verdict\": \"ok\"}\n"}
,{"stream_name":"stdout","time":1764.512850524,"data":"{\"op\": \"norm\", \"dtype\": \"bool\", \"samples\": 3, \"diffs\": [], \"errors\": [], \"verdict\": \"ok\"}\n"}
,{"stream_name":"stdout","time":1764.512853467,"data":"{\"op\": \"norm\", \"dtype\": \"int8\", \"samples\": 3, \"diffs\": [], \"errors\": [], \"verdict\": \"ok\"}\n"}
,{"stream_name":"stdout","time":1764.512856239,"data":"{\"op\": \"norm\", \"dtype\": \"uint8\", \"samples\": 3, \"diffs\": [], \"errors\": [], \"verdict\": \"ok\"}\n"}
,{"stream_name":"stdout","time":1764.512858953,"data":"{\"op\": \"norm\", \"dtype\": \"int16\", \"samples\": 3, \"diffs\": [], \"errors\": [], \"verdict\": \"ok\"}\n"}
,{"stream_name":"stdout","time":1764.512861671,"data":"{\"op\": \"norm\", \"dtype\": \"int32\", \"samples\": 3, \"diffs\": [], \"errors\": [], \"verdict\": \"ok\"}\n"}
,{"stream_name":"stdout","time":1764.512864404,"data":"{\"op\": \"norm\", \"dtype\": \"int64\", \"samples\": 3, \"diffs\": [], \"errors\": [], \"verdict\": \"ok\"}\n"}
,{"stream_name":"stdout","time":1764.512867057,"data":"{\"op\": \"norm\", \"dtype\": \"bool\", \"samples\": 3, \"diffs\": [], \"errors\": [], \"verdict\": \"ok\"}\n"}
,{"stream_name":"stdout","time":1764.512869745,"data":"{\"op\": \"nn.functional.one_hot\", \"dtype\": \"int8\", \"samples\": 3, \"diffs\": [{\"i\": 1, \"class\": \"SILENT\", \"detail\": \"eager raises RuntimeError, compiled returns\"}], \"errors\": [], \"verdict\": \"DIFF:SILENT\"}\n"}
,{"stream_name":"stdout","time":1764.512873208,"data":"{\"op\": \"nn.functional.one_hot\", \"dtype\": \"uint8\", \"samples\": 3, \"diffs\": [{\"i\": 1, \"class\": \"SILENT\", \"detail\": \"eager raises RuntimeError, compiled returns\"}], \"errors\": [], \"verdict\": \"DIFF:SILENT\"}\n"}
,{"stream_name":"stdout","time":1764.512876388,"data":"{\"op\": \"nn.functional.one_hot\", \"dtype\": \"int16\", \"samples\": 3, \"diffs\": [{\"i\": 1, \"class\": \"SILENT\", \"detail\": \"eager raises RuntimeError, compiled returns\"}], \"errors\": [], \"verdict\": \"DIFF:SILENT\"}\n"}
,{"stream_name":"stdout","time":1764.51287953,"data":"{\"op\": \"nn.functional.one_hot\", \"dtype\": \"int32\", \"samples\": 3, \"diffs\": [{\"i\": 1, \"class\": \"SILENT\", \"detail\": \"eager raises RuntimeError, compiled returns\"}], \"errors\": [], \"verdict\": \"DIFF:SILENT\"}\n"}
,{"stream_name":"stdout","time":1764.512888185,"data":"{\"op\": \"nn.functional.one_hot\", \"dtype\": \"bool\", \"samples\": 3, \"diffs\": [], \"errors\": [], \"verdict\": \"ok\"}\n"}
,{"stream_name":"stdout","time":1764.512891414,"data":"{\"op\": \"nn.functional.one_hot\", \"dtype\": \"float16\", \"samples\": 3, \"diffs\": [{\"i\": 1, \"class\": \"SILENT\", \"detail\": \"eager raises RuntimeError, compiled returns\"}], \"errors\": [], \"verdict\": \"DIFF:SILENT\"}\n"}
,{"stream_name":"stdout","time":1764.512894562,"data":"{\"op\": \"nn.functional.one_hot\", \"dtype\": \"bfloat16\", \"samples\": 3, \"diffs\": [{\"i\": 1, \"class\": \"SILENT\", \"detail\": \"eager raises RuntimeError, compiled returns\"}], \"errors\": [], \"verdict\": \"DIFF:SILENT\"}\n"}
,{"stream_name":"stdout","time":1764.512897621,"data":"{\"op\": \"nn.functional.one_hot\", \"dtype\": \"float32\", \"samples\": 3, \"diffs\": [{\"i\": 1, \"class\": \"SILENT\", \"detail\": \"eager raises RuntimeError, compiled returns\"}], \"errors\": [], \"verdict\": \"DIFF:SILENT\"}\n"}
,{"stream_name":"stdout","time":1764.512900674,"data":"{\"op\": \"nn.functional.one_hot\", \"dtype\": \"float64\", \"samples\": 3, \"diffs\": [{\"i\": 1, \"class\": \"SILENT\", \"detail\": \"eager raises RuntimeError, compiled returns\"}], \"errors\": [], \"verdict\": \"DIFF:SILENT\"}\n"}
,{"stream_name":"stdout","time":1764.512903935,"data":"{\"op\": \"nn.functional.one_hot\", \"dtype\": \"complex64\", \"samples\": 3, \"diffs\": [], \"errors\": [], \"verdict\": \"ok\"}\n"}
,{"stream_name":"stdout","time":1764.512906737,"data":"{\"op\": \"nn.functional.embedding\", \"dtype\": \"int8\", \"samples\": 3, \"diffs\": [], \"errors\": [], \"verdict\": \"ok\"}\n"}
,{"stream_name":"stdout","time":1764.512909597,"data":"{\"op\": \"nn.functional.embedding\", \"dtype\": \"uint8\", \"samples\": 3, \"diffs\": [], \"errors\": [], \"verdict\": \"ok\"}\n"}
,{"stream_name":"stdout","time":1764.512912381,"data":"{\"op\": \"nn.functional.embedding\", \"dtype\": \"int16\", \"samples\": 3, \"diffs\": [], \"errors\": [], \"verdict\": \"ok\"}\n"}
,{"stream_name":"stdout","time":1764.512915174,"data":"{\"op\": \"nn.functional.embedding\", \"dtype\": \"int32\", \"samples\": 3, \"diffs\": [], \"errors\": [], \"verdict\": \"ok\"}\n"}
,{"stream_name":"stdout","time":1764.512917977,"data":"{\"op\": \"nn.functional.embedding\", \"dtype\": \"int64\", \"samples\": 3, \"diffs\": [], \"errors\": [], \"verdict\": \"ok\"}\n"}
,{"stream_name":"stdout","time":1764.51292068,"data":"{\"op\": \"nn.functional.embedding\", \"dtype\": \"bool\", \"samples\": 3, \"diffs\": [], \"errors\": [], \"verdict\": \"ok\"}\n"}
,{"stream_name":"stdout","time":1764.512923388,"data":"{\"op\": \"nn.functional.embedding\", \"dtype\": \"complex64\", \"samples\": 3, \"diffs\": [], \"errors\": [], \"verdict\": \"ok\"}\n"}
,{"stream_name":"stdout","time":1764.512926328,"data":"{\"op\": \"nn.functional.multi_head_attention_forward\", \"dtype\": \"int8\", \"samples\": 3, \"diffs\": [], \"errors\": [], \"verdict\": \"ok\"}\n"}
,{"stream_name":"stdout","time":1764.512929228,"data":"{\"op\": \"nn.functional.multi_head_attention_forward\", \"dtype\": \"uint8\", \"samples\": 3, \"diffs\": [], \"errors\": [], \"verdict\": \"ok\"}\n"}
,{"stream_name":"stdout","time":1764.512932074,"data":"{\"op\": \"nn.functional.multi_head_attention_forward\", \"dtype\": \"int16\", \"samples\": 3, \"diffs\": [], \"errors\": [], \"verdict\": \"ok\"}\n"}
,{"stream_name":"stdout","time":1764.512935267,"data":"{\"op\": \"nn.functional.multi_head_attention_forward\", \"dtype\": \"int32\", \"samples\": 3, \"diffs\": [], \"errors\": [], \"verdict\": \"ok\"}\n"}
,{"stream_name":"stdout","time":1764.512938327,"data":"{\"op\": \"nn.functional.multi_head_attention_forward\", \"dtype\": \"int64\", \"samples\": 3, \"diffs\": [], \"errors\": [], \"verdict\": \"ok\"}\n"}
,{"stream_name":"stdout","time":1764.512943095,"data":"{\"op\": \"nn.functional.multi_head_attention_forward\", \"dtype\": \"bool\", \"samples\": 3, \"diffs\": [], \"errors\": [], \"verdict\": \"ok\"}\n"}
,{"stream_name":"stdout","time":1764.512945954,"data":"{\"op\": \"nn.functional.multi_head_attention_forward\", \"dtype\": \"complex64\", \"samples\": 3, \"diffs\": [], \"errors\": [], \"verdict\": \"ok\"}\n"}
,{"stream_name":"stdout","time":1764.512948788,"data":"{\"op\": \"nn.functional.mse_loss\", \"dtype\": \"int8\", \"samples\": 3, \"diffs\": [{\"i\": 2, \"class\": \"SILENT\", \"detail\": \"eager raises NotImplementedError, compiled returns\"}], \"errors\": [], \"verdict\": \"DIFF:SILENT\"}\n"}
,{"stream_name":"stdout","time":1764.512952124,"data":"{\"op\": \"nn.functional.mse_loss\", \"dtype\": \"uint8\", \"samples\": 3, \"diffs\": [{\"i\": 2, \"class\": \"SILENT\", \"detail\": \"eager raises NotImplementedError, compiled returns\"}], \"errors\": [], \"verdict\": \"DIFF:SILENT\"}\n"}
,{"stream_name":"stdout","time":1764.512955244,"data":"{\"op\": \"nn.functional.mse_loss\", \"dtype\": \"int16\", \"samples\": 3, \"diffs\": [{\"i\": 2, \"class\": \"SILENT\", \"detail\": \"eager raises NotImplementedError, compiled returns\"}], \"errors\": [], \"verdict\": \"DIFF:SILENT\"}\n"}
,{"stream_name":"stdout","time":1764.512958398,"data":"{\"op\": \"nn.functional.mse_loss\", \"dtype\": \"int32\", \"samples\": 3, \"diffs\": [{\"i\": 2, \"class\": \"SILENT\", \"detail\": \"eager raises NotImplementedError, compiled returns\"}], \"errors\": [], \"verdict\": \"DIFF:SILENT\"}\n"}
,{"stream_name":"stdout","time":1764.512961511,"data":"{\"op\": \"nn.functional.mse_loss\", \"dtype\": \"int64\", \"samples\": 3, \"diffs\": [{\"i\": 2, \"class\": \"SILENT\", \"detail\": \"eager raises NotImplementedError, compiled returns\"}], \"errors\": [], \"verdict\": \"DIFF:SILENT\"}\n"}
,{"stream_name":"stdout","time":1764.512964588,"data":"{\"op\": \"nn.functional.mse_loss\", \"dtype\": \"bool\", \"samples\": 3, \"diffs\": [], \"errors\": [], \"verdict\": \"ok\"}\n"}
,{"stream_name":"stdout","time":1764.512967371,"data":"{\"op\": \"nn.functional.mse_loss\", \"dtype\": \"complex64\", \"samples\": 3, \"diffs\": [{\"i\": 0, \"class\": \"SILENT\", \"detail\": \"eager raises NotImplementedError, compiled returns\"}, {\"i\": 1, \"class\": \"SILENT\", \"detail\": \"eager raises NotImplementedError, compiled returns\"}, {\"i\": 2, \"class\": \"SILENT\", \"detail\": \"eager raises NotImplementedError, compiled returns\"}], \"errors\": [], \"verdict\": \"DIFF:SILENT\"}\n"}
,{"stream_name":"stdout","time":1764.512971391,"data":"{\"op\": \"grid_sampler_2d\", \"dtype\": \"int8\", \"samples\": 3, \"diffs\": [{\"i\": 0, \"class\": \"SILENT\", \"detail\": \"eager raises NotImplementedError, compiled returns\"}, {\"i\": 1, \"class\": \"SILENT\", \"detail\": \"eager raises NotImplementedError, compiled returns\"}, {\"i\": 2, \"class\": \"SILENT\", \"detail\": \"eager raises NotImplementedError, compiled returns\"}], \"errors\": [], \"verdict\": \"DIFF:SILENT\"}\n"}
,{"stream_name":"stdout","time":1764.512975154,"data":"{\"op\": \"grid_sampler_2d\", \"dtype\": \"uint8\", \"samples\": 3, \"diffs\": [{\"i\": 0, \"class\": \"SILENT\", \"detail\": \"eager raises NotImplementedError, compiled returns\"}, {\"i\": 1, \"class\": \"SILENT\", \"detail\": \"eager raises NotImplementedError, compiled returns\"}, {\"i\": 2, \"class\": \"SILENT\", \"detail\": \"eager raises NotImplementedError, compiled returns\"}], \"errors\": [], \"verdict\": \"DIFF:SILENT\"}\n"}
,{"stream_name":"stdout","time":1764.512979069,"data":"{\"op\": \"grid_sampler_2d\", \"dtype\": \"int16\", \"samples\": 3, \"diffs\": [{\"i\": 0, \"class\": \"SILENT\", \"detail\": \"eager raises NotImplementedError, compiled returns\"}, {\"i\": 1, \"class\": \"SILENT\", \"detail\": \"eager raises NotImplementedError, compiled returns\"}, {\"i\": 2, \"class\": \"SILENT\", \"detail\": \"eager raises NotImplementedError, compiled returns\"}], \"errors\": [], \"verdict\": \"DIFF:SILENT\"}\n"}
,{"stream_name":"stdout","time":1764.512984625,"data":"{\"op\": \"grid_sampler_2d\", \"dtype\": \"int32\", \"samples\": 3, \"diffs\": [{\"i\": 0, \"class\": \"SILENT\", \"detail\": \"eager raises NotImplementedError, compiled returns\"}, {\"i\": 1, \"class\": \"SILENT\", \"detail\": \"eager raises NotImplementedError, compiled returns\"}, {\"i\": 2, \"class\": \"SILENT\", \"detail\": \"eager raises NotImplementedError, compiled returns\"}], \"errors\": [], \"verdict\": \"DIFF:SILENT\"}\n"}
,{"stream_name":"stdout","time":1764.512988515,"data":"{\"op\": \"grid_sampler_2d\", \"dtype\": \"int64\", \"samples\": 3, \"diffs\": [{\"i\": 0, \"class\": \"SILENT\", \"detail\": \"eager raises NotImplementedError, compiled returns\"}, {\"i\": 1, \"class\": \"SILENT\", \"detail\": \"eager raises NotImplementedError, compiled returns\"}, {\"i\": 2, \"class\": \"SILENT\", \"detail\": \"eager raises NotImplementedError, compiled returns\"}], \"errors\": [], \"verdict\": \"DIFF:SILENT\"}\n"}
,{"stream_name":"stdout","time":1764.512992609,"data":"{\"op\": \"grid_sampler_2d\", \"dtype\": \"bool\", \"samples\": 3, \"diffs\": [{\"i\": 0, \"class\": \"SILENT\", \"detail\": \"eager raises NotImplementedError, compiled returns\"}, {\"i\": 1, \"class\": \"SILENT\", \"detail\": \"eager raises NotImplementedError, compiled returns\"}, {\"i\": 2, \"class\": \"SILENT\", \"detail\": \"eager raises NotImplementedError, compiled returns\"}], \"errors\": [], \"verdict\": \"DIFF:SILENT\"}\n"}
,{"stream_name":"stdout","time":1764.512996356,"data":"{\"op\": \"grid_sampler_2d\", \"dtype\": \"complex64\", \"samples\": 3, \"diffs\": [], \"errors\": [], \"verdict\": \"ok\"}\n"}
,{"stream_name":"stdout","time":1764.512999104,"data":"{\"op\": \"grid_sampler_3d\", \"dtype\": \"int8\", \"samples\": 3, \"diffs\": [], \"errors\": [], \"verdict\": \"ok\"}\n"}
,{"stream_name":"stdout","time":1764.513001834,"data":"{\"op\": \"grid_sampler_3d\", \"dtype\": \"uint8\", \"samples\": 3, \"diffs\": [], \"errors\": [], \"verdict\": \"ok\"}\n"}
,{"stream_name":"stdout","time":1764.513004556,"data":"{\"op\": \"grid_sampler_3d\", \"dtype\": \"int16\", \"samples\": 3, \"diffs\": [], \"errors\": [], \"verdict\": \"ok\"}\n"}
,{"stream_name":"stdout","time":1764.513007457,"data":"{\"op\": \"grid_sampler_3d\", \"dtype\": \"int32\", \"samples\": 3, \"diffs\": [], \"errors\": [], \"verdict\": \"ok\"}\n"}
,{"stream_name":"stdout","time":1764.513010189,"data":"{\"op\": \"grid_sampler_3d\", \"dtype\": \"int64\", \"samples\": 3, \"diffs\": [], \"errors\": [], \"verdict\": \"ok\"}\n"}
,{"stream_name":"stdout","time":1764.513012924,"data":"{\"op\": \"grid_sampler_3d\", \"dtype\": \"bool\", \"samples\": 3, \"diffs\": [], \"errors\": [], \"verdict\": \"ok\"}\n"}
,{"stream_name":"stdout","time":1764.513015686,"data":"{\"op\": \"grid_sampler_3d\", \"dtype\": \"complex64\", \"samples\": 3, \"diffs\": [], \"errors\": [], \"verdict\": \"ok\"}\n"}
,{"stream_name":"stdout","time":1764.513018452,"data":"{\"op\": \"amax\", \"dtype\": \"complex64\", \"samples\": 3, \"diffs\": [], \"errors\": [], \"verdict\": \"ok\"}\n"}
,{"stream_name":"stdout","time":1764.513021151,"data":"{\"op\": \"amin\", \"dtype\": \"complex64\", \"samples\": 3, \"diffs\": [], \"errors\": [], \"verdict\": \"ok\"}\n"}
,{"stream_name":"stdout","time":1764.513023895,"data":"{\"op\": \"argmax\", \"dtype\": \"bool\", \"samples\": 3, \"diffs\": [{\"i\": 0, \"class\": \"SILENT\", \"detail\": \"eager raises RuntimeError, compiled returns\"}, {\"i\": 1, \"class\": \"SILENT\", \"detail\": \"eager raises RuntimeError, compiled returns\"}, {\"i\": 2, \"class\": \"SILENT\", \"detail\": \"eager raises RuntimeError, compiled returns\"}], \"errors\": [], \"verdict\": \"DIFF:SILENT\"}\n"}
,{"stream_name":"stdout","time":1764.513029784,"data":"{\"op\": \"argmax\", \"dtype\": \"complex64\", \"samples\": 3, \"diffs\": [], \"errors\": [], \"verdict\": \"ok\"}\n"}
,{"stream_name":"stdout","time":1764.513032855,"data":"{\"op\": \"argmin\", \"dtype\": \"bool\", \"samples\": 3, \"diffs\": [{\"i\": 0, \"class\": \"SILENT\", \"detail\": \"eager raises RuntimeError, compiled returns\"}, {\"i\": 1, \"class\": \"SILENT\", \"detail\": \"eager raises RuntimeError, compiled returns\"}, {\"i\": 2, \"class\": \"SILENT\", \"detail\": \"eager raises RuntimeError, compiled returns\"}], \"errors\": [], \"verdict\": \"DIFF:SILENT\"}\n"}
,{"stream_name":"stdout","time":1764.51303685,"data":"{\"op\": \"argmin\", \"dtype\": \"complex64\", \"samples\": 3, \"diffs\": [], \"errors\": [], \"verdict\": \"ok\"}\n"}
,{"stream_name":"stdout","time":1764.513039718,"data":"{\"op\": \"mean\", \"dtype\": \"int8\", \"samples\": 3, \"diffs\": [], \"errors\": [], \"verdict\": \"ok\"}\n"}
,{"stream_name":"stdout","time":1764.513042495,"data":"{\"op\": \"mean\", \"dtype\": \"uint8\", \"samples\": 3, \"diffs\": [], \"errors\": [], \"verdict\": \"ok\"}\n"}
,{"stream_name":"stdout","time":1764.513045198,"data":"{\"op\": \"mean\", \"dtype\": \"int16\", \"samples\": 3, \"diffs\": [], \"errors\": [], \"verdict\": \"ok\"}\n"}
,{"stream_name":"stdout","time":1764.513047861,"data":"{\"op\": \"mean\", \"dtype\": \"int32\", \"samples\": 3, \"diffs\": [], \"errors\": [], \"verdict\": \"ok\"}\n"}
,{"stream_name":"stdout","time":1764.513050526,"data":"{\"op\": \"mean\", \"dtype\": \"int64\", \"samples\": 3, \"diffs\": [], \"errors\": [], \"verdict\": \"ok\"}\n"}
,{"stream_name":"stdout","time":1764.513053182,"data":"{\"op\": \"mean\", \"dtype\": \"bool\", \"samples\": 3, \"diffs\": [], \"errors\": [], \"verdict\": \"ok\"}\n"}
,{"stream_name":"stdout","time":1764.513056075,"data":"{\"op\": \"nanmean\", \"dtype\": \"int8\", \"samples\": 3, \"diffs\": [], \"errors\": [], \"verdict\": \"ok\"}\n"}
,{"stream_name":"stdout","time":1764.513058828,"data":"{\"op\": \"nanmean\", \"dtype\": \"uint8\", \"samples\": 3, \"diffs\": [], \"errors\": [], \"verdict\": \"ok\"}\n"}
,{"stream_name":"stdout","time":1764.513061567,"data":"{\"op\": \"nanmean\", \"dtype\": \"int16\", \"samples\": 3, \"diffs\": [], \"errors\": [], \"verdict\": \"ok\"}\n"}
,{"stream_name":"stdout","time":1764.513064296,"data":"{\"op\": \"nanmean\", \"dtype\": \"int32\", \"samples\": 3, \"diffs\": [], \"errors\": [], \"verdict\": \"ok\"}\n"}
,{"stream_name":"stdout","time":1764.513066998,"data":"{\"op\": \"nanmean\", \"dtype\": \"int64\", \"samples\": 3, \"diffs\": [], \"errors\": [], \"verdict\": \"ok\"}\n"}
,{"stream_name":"stdout","time":1764.513069672,"data":"{\"op\": \"nanmean\", \"dtype\": \"bool\", \"samples\": 3, \"diffs\": [], \"errors\": [], \"verdict\": \"ok\"}\n"}
,{"stream_name":"stdout","time":1764.513072386,"data":"{\"op\": \"nanmean\", \"dtype\": \"complex64\", \"samples\": 3, \"diffs\": [{\"i\": 0, \"class\": \"SILENT\", \"detail\": \"eager raises RuntimeError, compiled returns\"}, {\"i\": 1, \"class\": \"SILENT\", \"detail\": \"eager raises RuntimeError, compiled returns\"}, {\"i\": 2, \"class\": \"SILENT\", \"detail\": \"eager raises RuntimeError, compiled returns\"}], \"errors\": [], \"verdict\": \"DIFF:SILENT\"}\n"}
,{"stream_name":"stdout","time":1764.51307604,"data":"{\"op\": \"std\", \"dtype\": \"int8\", \"samples\": 3, \"diffs\": [{\"i\": 1, \"class\": \"SILENT\", \"detail\": \"eager raises RuntimeError, compiled returns\"}, {\"i\": 2, \"class\": \"SILENT\", \"detail\": \"eager raises RuntimeError, compiled returns\"}], \"errors\": [], \"verdict\": \"DIFF:SILENT\"}\n"}
,{"stream_name":"stdout","time":1764.513080134,"data":"{\"op\": \"std\", \"dtype\": \"uint8\", \"samples\": 3, \"diffs\": [{\"i\": 1, \"class\": \"SILENT\", \"detail\": \"eager raises RuntimeError, compiled returns\"}, {\"i\": 2, \"class\": \"SILENT\", \"detail\": \"eager raises RuntimeError, compiled returns\"}], \"errors\": [], \"verdict\": \"DIFF:SILENT\"}\n"}
,{"stream_name":"stdout","time":1764.513085537,"data":"{\"op\": \"std\", \"dtype\": \"int16\", \"samples\": 3, \"diffs\": [{\"i\": 0, \"class\": \"SILENT\", \"detail\": \"eager raises RuntimeError, compiled returns\"}, {\"i\": 1, \"class\": \"SILENT\", \"detail\": \"eager raises RuntimeError, compiled returns\"}, {\"i\": 2, \"class\": \"SILENT\", \"detail\": \"eager raises RuntimeError, compiled returns\"}], \"errors\": [], \"verdict\": \"DIFF:SILENT\"}\n"}
,{"stream_name":"stdout","time":1764.513089324,"data":"{\"op\": \"std\", \"dtype\": \"int32\", \"samples\": 3, \"diffs\": [{\"i\": 1, \"class\": \"SILENT\", \"detail\": \"eager raises RuntimeError, compiled returns\"}, {\"i\": 2, \"class\": \"SILENT\", \"detail\": \"eager raises RuntimeError, compiled returns\"}], \"errors\": [], \"verdict\": \"DIFF:SILENT\"}\n"}
,{"stream_name":"stdout","time":1764.513092687,"data":"{\"op\": \"std\", \"dtype\": \"int64\", \"samples\": 3, \"diffs\": [{\"i\": 1, \"class\": \"SILENT\", \"detail\": \"eager raises RuntimeError, compiled returns\"}, {\"i\": 2, \"class\": \"SILENT\", \"detail\": \"eager raises RuntimeError, compiled returns\"}], \"errors\": [], \"verdict\": \"DIFF:SILENT\"}\n"}
,{"stream_name":"stdout","time":1764.513096057,"data":"{\"op\": \"std\", \"dtype\": \"bool\", \"samples\": 3, \"diffs\": [], \"errors\": [], \"verdict\": \"ok\"}\n"}
,{"stream_name":"stdout","time":1764.513098837,"data":"{\"op\": \"std\", \"dtype\": \"int8\", \"samples\": 3, \"diffs\": [{\"i\": 2, \"class\": \"SILENT\", \"detail\": \"eager raises RuntimeError, compiled returns\"}], \"errors\": [], \"verdict\": \"DIFF:SILENT\"}\n"}
,{"stream_name":"stdout","time":1764.513102226,"data":"{\"op\": \"std\", \"dtype\": \"uint8\", \"samples\": 3, \"diffs\": [{\"i\": 2, \"class\": \"SILENT\", \"detail\": \"eager raises RuntimeError, compiled returns\"}], \"errors\": [], \"verdict\": \"DIFF:SILENT\"}\n"}
,{"stream_name":"stdout","time":1764.513105243,"data":"{\"op\": \"std\", \"dtype\": \"int16\", \"samples\": 3, \"diffs\": [{\"i\": 0, \"class\": \"SILENT\", \"detail\": \"eager raises RuntimeError, compiled returns\"}, {\"i\": 1, \"class\": \"SILENT\", \"detail\": \"eager raises RuntimeError, compiled returns\"}, {\"i\": 2, \"class\": \"SILENT\", \"detail\": \"eager raises RuntimeError, compiled returns\"}], \"errors\": [], \"verdict\": \"DIFF:SILENT\"}\n"}
,{"stream_name":"stdout","time":1764.513109081,"data":"{\"op\": \"std\", \"dtype\": \"int32\", \"samples\": 3, \"diffs\": [{\"i\": 2, \"class\": \"SILENT\", \"detail\": \"eager raises RuntimeError, compiled returns\"}], \"errors\": [], \"verdict\": \"DIFF:SILENT\"}\n"}
,{"stream_name":"stdout","time":1764.513112567,"data":"{\"op\": \"std\", \"dtype\": \"int64\", \"samples\": 3, \"diffs\": [{\"i\": 2, \"class\": \"SILENT\", \"detail\": \"eager raises RuntimeError, compiled returns\"}], \"errors\": [], \"verdict\": \"DIFF:SILENT\"}\n"}
,{"stream_name":"stdout","time":1764.51311596,"data":"{\"op\": \"std\", \"dtype\": \"bool\", \"samples\": 3, \"diffs\": [], \"errors\": [], \"verdict\": \"ok\"}\n"}
,{"stream_name":"stdout","time":1764.513118778,"data":"{\"op\": \"var\", \"dtype\": \"int8\", \"samples\": 3, \"diffs\": [{\"i\": 1, \"class\": \"SILENT\", \"detail\": \"eager raises RuntimeError, compiled returns\"}, {\"i\": 2, \"class\": \"SILENT\", \"detail\": \"eager raises RuntimeError, compiled returns\"}], \"errors\": [], \"verdict\": \"DIFF:SILENT\"}\n"}
,{"stream_name":"stdout","time":1764.513122241,"data":"{\"op\": \"var\", \"dtype\": \"uint8\", \"samples\": 3, \"diffs\": [{\"i\": 1, \"class\": \"SILENT\", \"detail\": \"eager raises RuntimeError, compiled returns\"}, {\"i\": 2, \"class\": \"SILENT\", \"detail\": \"eager raises RuntimeError, compiled returns\"}], \"errors\": [], \"verdict\": \"DIFF:SILENT\"}\n"}
,{"stream_name":"stdout","time":1764.513127894,"data":"{\"op\": \"var\", \"dtype\": \"int16\", \"samples\": 3, \"diffs\": [{\"i\": 0, \"class\": \"SILENT\", \"detail\": \"eager raises RuntimeError, compiled returns\"}, {\"i\": 1, \"class\": \"SILENT\", \"detail\": \"eager raises RuntimeError, compiled returns\"}, {\"i\": 2, \"class\": \"SILENT\", \"detail\": \"eager raises RuntimeError, compiled returns\"}], \"errors\": [], \"verdict\": \"DIFF:SILENT\"}\n"}
,{"stream_name":"stdout","time":1764.513131567,"data":"{\"op\": \"var\", \"dtype\": \"int32\", \"samples\": 3, \"diffs\": [{\"i\": 1, \"class\": \"SILENT\", \"detail\": \"eager raises RuntimeError, compiled returns\"}, {\"i\": 2, \"class\": \"SILENT\", \"detail\": \"eager raises RuntimeError, compiled returns\"}], \"errors\": [], \"verdict\": \"DIFF:SILENT\"}\n"}
,{"stream_name":"stdout","time":1764.513134878,"data":"{\"op\": \"var\", \"dtype\": \"int64\", \"samples\": 3, \"diffs\": [{\"i\": 1, \"class\": \"SILENT\", \"detail\": \"eager raises RuntimeError, compiled returns\"}, {\"i\": 2, \"class\": \"SILENT\", \"detail\": \"eager raises RuntimeError, compiled returns\"}], \"errors\": [], \"verdict\": \"DIFF:SILENT\"}\n"}
,{"stream_name":"stdout","time":1764.513138462,"data":"{\"op\": \"var\", \"dtype\": \"bool\", \"samples\": 3, \"diffs\": [], \"errors\": [], \"verdict\": \"ok\"}\n"}
,{"stream_name":"stdout","time":1764.513141407,"data":"{\"op\": \"var\", \"dtype\": \"int8\", \"samples\": 3, \"diffs\": [{\"i\": 2, \"class\": \"SILENT\", \"detail\": \"eager raises RuntimeError, compiled returns\"}], \"errors\": [], \"verdict\": \"DIFF:SILENT\"}\n"}
,{"stream_name":"stdout","time":1764.513144469,"data":"{\"op\": \"var\", \"dtype\": \"uint8\", \"samples\": 3, \"diffs\": [{\"i\": 2, \"class\": \"SILENT\", \"detail\": \"eager raises RuntimeError, compiled returns\"}], \"errors\": [], \"verdict\": \"DIFF:SILENT\"}\n"}
,{"stream_name":"stdout","time":1764.513147883,"data":"{\"op\": \"var\", \"dtype\": \"int16\", \"samples\": 3, \"diffs\": [{\"i\": 0, \"class\": \"SILENT\", \"detail\": \"eager raises RuntimeError, compiled returns\"}, {\"i\": 1, \"class\": \"SILENT\", \"detail\": \"eager raises RuntimeError, compiled returns\"}, {\"i\": 2, \"class\": \"SILENT\", \"detail\": \"eager raises RuntimeError, compiled returns\"}], \"errors\": [], \"verdict\": \"DIFF:SILENT\"}\n"}
,{"stream_name":"stdout","time":1764.513151591,"data":"{\"op\": \"var\", \"dtype\": \"int32\", \"samples\": 3, \"diffs\": [{\"i\": 2, \"class\": \"SILENT\", \"detail\": \"eager raises RuntimeError, compiled returns\"}], \"errors\": [], \"verdict\": \"DIFF:SILENT\"}\n"}
,{"stream_name":"stdout","time":1764.513154669,"data":"{\"op\": \"var\", \"dtype\": \"int64\", \"samples\": 3, \"diffs\": [{\"i\": 2, \"class\": \"SILENT\", \"detail\": \"eager raises RuntimeError, compiled returns\"}], \"errors\": [], \"verdict\": \"DIFF:SILENT\"}\n"}
,{"stream_name":"stdout","time":1764.513157796,"data":"{\"op\": \"var\", \"dtype\": \"bool\", \"samples\": 3, \"diffs\": [], \"errors\": [], \"verdict\": \"ok\"}\n"}
,{"stream_name":"stdout","time":1764.513160533,"data":"{\"op\": \"nansum\", \"dtype\": \"complex64\", \"samples\": 3, \"diffs\": [{\"i\": 0, \"class\": \"SILENT\", \"detail\": \"eager raises RuntimeError, compiled returns\"}, {\"i\": 1, \"class\": \"SILENT\", \"detail\": \"eager raises RuntimeError, compiled returns\"}, {\"i\": 2, \"class\": \"SILENT\", \"detail\": \"eager raises RuntimeError, compiled returns\"}], \"errors\": [], \"verdict\": \"DIFF:SILENT\"}\n"}
,{"stream_name":"stdout","time":1764.513164377,"data":"{\"op\": \"hash_tensor\", \"dtype\": \"complex64\", \"samples\": 3, \"diffs\": [], \"errors\": [], \"verdict\": \"ok\"}\n"}
,{"stream_name":"stdout","time":1764.513167195,"data":"{\"op\": \"nn.functional.cosine_embedding_loss\", \"dtype\": \"complex64\", \"samples\": 3, \"diffs\": [], \"errors\": [], \"verdict\": \"ok\"}\n"}
,{"stream_name":"stdout","time":1764.51317216,"data":"{\"op\": \"nn.functional.nll_loss\", \"dtype\": \"int8\", \"samples\": 3, \"diffs\": [{\"i\": 0, \"class\": \"SILENT\", \"detail\": \"eager raises NotImplementedError, compiled returns\"}, {\"i\": 1, \"class\": \"SILENT\", \"detail\": \"eager raises NotImplementedError, compiled returns\"}, {\"i\": 2, \"class\": \"SILENT\", \"detail\": \"eager raises NotImplementedError, compiled returns\"}], \"errors\": [], \"verdict\": \"DIFF:SILENT\"}\n"}
,{"stream_name":"stdout","time":1764.513176375,"data":"{\"op\": \"nn.functional.nll_loss\", \"dtype\": \"uint8\", \"samples\": 3, \"diffs\": [{\"i\": 0, \"class\": \"SILENT\", \"detail\": \"eager raises NotImplementedError, compiled returns\"}, {\"i\": 1, \"class\": \"SILENT\", \"detail\": \"eager raises NotImplementedError, compiled returns\"}, {\"i\": 2, \"class\": \"SILENT\", \"detail\": \"eager raises NotImplementedError, compiled returns\"}], \"errors\": [], \"verdict\": \"DIFF:SILENT\"}\n"}
,{"stream_name":"stdout","time":1764.513180194,"data":"{\"op\": \"nn.functional.nll_loss\", \"dtype\": \"int16\", \"samples\": 3, \"diffs\": [{\"i\": 0, \"class\": \"SILENT\", \"detail\": \"eager raises NotImplementedError, compiled returns\"}, {\"i\": 1, \"class\": \"SILENT\", \"detail\": \"eager raises NotImplementedError, compiled returns\"}, {\"i\": 2, \"class\": \"SILENT\", \"detail\": \"eager raises NotImplementedError, compiled returns\"}], \"errors\": [], \"verdict\": \"DIFF:SILENT\"}\n"}
,{"stream_name":"stdout","time":1764.513183906,"data":"{\"op\": \"nn.functional.nll_loss\", \"dtype\": \"int32\", \"samples\": 3, \"diffs\": [{\"i\": 0, \"class\": \"SILENT\", \"detail\": \"eager raises NotImplementedError, compiled returns\"}, {\"i\": 1, \"class\": \"SILENT\", \"detail\": \"eager raises NotImplementedError, compiled returns\"}, {\"i\": 2, \"class\": \"SILENT\", \"detail\": \"eager raises NotImplementedError, compiled returns\"}], \"errors\": [], \"verdict\": \"DIFF:SILENT\"}\n"}
,{"stream_name":"stdout","time":1764.513187534,"data":"{\"op\": \"nn.functional.nll_loss\", \"dtype\": \"int64\", \"samples\": 3, \"diffs\": [{\"i\": 0, \"class\": \"SILENT\", \"detail\": \"eager raises NotImplementedError, compiled returns\"}, {\"i\": 1, \"class\": \"SILENT\", \"detail\": \"eager raises NotImplementedError, compiled returns\"}, {\"i\": 2, \"class\": \"SILENT\", \"detail\": \"eager raises NotImplementedError, compiled returns\"}], \"errors\": [], \"verdict\": \"DIFF:SILENT\"}\n"}
,{"stream_name":"stdout","time":1764.513191168,"data":"{\"op\": \"nn.functional.nll_loss\", \"dtype\": \"bool\", \"samples\": 3, \"diffs\": [], \"errors\": [], \"verdict\": \"ok\"}\n"}
,{"stream_name":"stdout","time":1764.51319413,"data":"{\"op\": \"nn.functional.nll_loss\", \"dtype\": \"complex64\", \"samples\": 3, \"diffs\": [{\"i\": 0, \"class\": \"SILENT\", \"detail\": \"eager raises NotImplementedError, compiled returns\"}, {\"i\": 1, \"class\": \"SILENT\", \"detail\": \"eager raises NotImplementedError, compiled returns\"}, {\"i\": 2, \"class\": \"SILENT\", \"detail\": \"eager raises NotImplementedError, compiled returns\"}], \"errors\": [], \"verdict\": \"DIFF:SILENT\"}\n"}
,{"stream_name":"stdout","time":1764.51319786,"data":"{\"op\": \"nn.functional.gaussian_nll_loss\", \"dtype\": \"int8\", \"samples\": 3, \"diffs\": [], \"errors\": [], \"verdict\": \"ok\"}\n"}
,{"stream_name":"stdout","time":1764.513200731,"data":"{\"op\": \"nn.functional.gaussian_nll_loss\", \"dtype\": \"uint8\", \"samples\": 3, \"diffs\": [], \"errors\": [], \"verdict\": \"ok\"}\n"}
,{"stream_name":"stdout","time":1764.513203908,"data":"{\"op\": \"nn.functional.gaussian_nll_loss\", \"dtype\": \"int16\", \"samples\": 3, \"diffs\": [], \"errors\": [], \"verdict\": \"ok\"}\n"}
,{"stream_name":"stdout","time":1764.513206825,"data":"{\"op\": \"nn.functional.gaussian_nll_loss\", \"dtype\": \"int32\", \"samples\": 3, \"diffs\": [], \"errors\": [], \"verdict\": \"ok\"}\n"}
,{"stream_name":"stdout","time":1764.513212474,"data":"{\"op\": \"nn.functional.gaussian_nll_loss\", \"dtype\": \"int64\", \"samples\": 3, \"diffs\": [], \"errors\": [], \"verdict\": \"ok\"}\n"}
,{"stream_name":"stdout","time":1764.513217062,"data":"{\"op\": \"nn.functional.gaussian_nll_loss\", \"dtype\": \"bool\", \"samples\": 3, \"diffs\": [], \"errors\": [], \"verdict\": \"ok\"}\n"}
,{"stream_name":"stdout","time":1764.513219895,"data":"{\"op\": \"nn.functional.gaussian_nll_loss\", \"dtype\": \"complex64\", \"samples\": 3, \"diffs\": [], \"errors\": [], \"verdict\": \"ok\"}\n"}
,{"stream_name":"stdout","time":1764.51322291,"data":"{\"op\": \"nn.functional.hinge_embedding_loss\", \"dtype\": \"int8\", \"samples\": 3, \"diffs\": [], \"errors\": [], \"verdict\": \"ok\"}\n"}
,{"stream_name":"stdout","time":1764.513225741,"data":"{\"op\": \"nn.functional.hinge_embedding_loss\", \"dtype\": \"uint8\", \"samples\": 3, \"diffs\": [], \"errors\": [], \"verdict\": \"ok\"}\n"}
,{"stream_name":"stdout","time":1764.513228579,"data":"{\"op\": \"nn.functional.hinge_embedding_loss\", \"dtype\": \"int16\", \"samples\": 3, \"diffs\": [], \"errors\": [], \"verdict\": \"ok\"}\n"}
,{"stream_name":"stdout","time":1764.513231396,"data":"{\"op\": \"nn.functional.hinge_embedding_loss\", \"dtype\": \"int32\", \"samples\": 3, \"diffs\": [], \"errors\": [], \"verdict\": \"ok\"}\n"}
,{"stream_name":"stdout","time":1764.513234237,"data":"{\"op\": \"nn.functional.hinge_embedding_loss\", \"dtype\": \"int64\", \"samples\": 3, \"diffs\": [], \"errors\": [], \"verdict\": \"ok\"}\n"}
,{"stream_name":"stdout","time":1764.51323698,"data":"{\"op\": \"nn.functional.hinge_embedding_loss\", \"dtype\": \"bool\", \"samples\": 3, \"diffs\": [], \"errors\": [], \"verdict\": \"ok\"}\n"}
,{"stream_name":"stdout","time":1764.513239732,"data":"{\"op\": \"nn.functional.hinge_embedding_loss\", \"dtype\": \"complex64\", \"samples\": 3, \"diffs\": [], \"errors\": [], \"verdict\": \"ok\"}\n"}
,{"stream_name":"stdout","time":1764.513242505,"data":"{\"op\": \"nn.functional.huber_loss\", \"dtype\": \"int8\", \"samples\": 3, \"diffs\": [{\"i\": 0, \"class\": \"SILENT\", \"detail\": \"eager raises NotImplementedError, compiled returns\"}, {\"i\": 1, \"class\": \"SILENT\", \"detail\": \"eager raises NotImplementedError, compiled returns\"}, {\"i\": 2, \"class\": \"SILENT\", \"detail\": \"eager raises NotImplementedError, compiled returns\"}], \"errors\": [], \"verdict\": \"DIFF:SILENT\"}\n"}
,{"stream_name":"stdout","time":1764.513247025,"data":"{\"op\": \"nn.functional.huber_loss\", \"dtype\": \"uint8\", \"samples\": 3, \"diffs\": [{\"i\": 0, \"class\": \"SILENT\", \"detail\": \"eager raises NotImplementedError, compiled returns\"}, {\"i\": 1, \"class\": \"SILENT\", \"detail\": \"eager raises NotImplementedError, compiled returns\"}, {\"i\": 2, \"class\": \"SILENT\", \"detail\": \"eager raises NotImplementedError, compiled returns\"}], \"errors\": [], \"verdict\": \"DIFF:SILENT\"}\n"}
,{"stream_name":"stdout","time":1764.513250815,"data":"{\"op\": \"nn.functional.huber_loss\", \"dtype\": \"int16\", \"samples\": 3, \"diffs\": [{\"i\": 0, \"class\": \"SILENT\", \"detail\": \"eager raises NotImplementedError, compiled returns\"}, {\"i\": 1, \"class\": \"SILENT\", \"detail\": \"eager raises NotImplementedError, compiled returns\"}, {\"i\": 2, \"class\": \"SILENT\", \"detail\": \"eager raises NotImplementedError, compiled returns\"}], \"errors\": [], \"verdict\": \"DIFF:SILENT\"}\n"}
,{"stream_name":"stdout","time":1764.513254619,"data":"{\"op\": \"nn.functional.huber_loss\", \"dtype\": \"int32\", \"samples\": 3, \"diffs\": [{\"i\": 0, \"class\": \"SILENT\", \"detail\": \"eager raises NotImplementedError, compiled returns\"}, {\"i\": 1, \"class\": \"SILENT\", \"detail\": \"eager raises NotImplementedError, compiled returns\"}, {\"i\": 2, \"class\": \"SILENT\", \"detail\": \"eager raises NotImplementedError, compiled returns\"}], \"errors\": [], \"verdict\": \"DIFF:SILENT\"}\n"}
,{"stream_name":"stdout","time":1764.513260795,"data":"{\"op\": \"nn.functional.huber_loss\", \"dtype\": \"int64\", \"samples\": 3, \"diffs\": [{\"i\": 0, \"class\": \"SILENT\", \"detail\": \"eager raises NotImplementedError, compiled returns\"}, {\"i\": 1, \"class\": \"SILENT\", \"detail\": \"eager raises NotImplementedError, compiled returns\"}, {\"i\": 2, \"class\": \"SILENT\", \"detail\": \"eager raises NotImplementedError, compiled returns\"}], \"errors\": [], \"verdict\": \"DIFF:SILENT\"}\n"}
,{"stream_name":"stdout","time":1764.513264638,"data":"{\"op\": \"nn.functional.huber_loss\", \"dtype\": \"bool\", \"samples\": 3, \"diffs\": [], \"errors\": [], \"verdict\": \"ok\"}\n"}
,{"stream_name":"stdout","time":1764.513267445,"data":"{\"op\": \"nn.functional.huber_loss\", \"dtype\": \"complex64\", \"samples\": 3, \"diffs\": [{\"i\": 0, \"class\": \"SILENT\", \"detail\": \"eager raises NotImplementedError, compiled returns\"}, {\"i\": 1, \"class\": \"SILENT\", \"detail\": \"eager raises NotImplementedError, compiled returns\"}, {\"i\": 2, \"class\": \"SILENT\", \"detail\": \"eager raises NotImplementedError, compiled returns\"}], \"errors\": [], \"verdict\": \"DIFF:SILENT\"}\n"}
,{"stream_name":"stdout","time":1764.513271149,"data":"{\"op\": \"nn.functional.pdist\", \"dtype\": \"int8\", \"samples\": 3, \"diffs\": [], \"errors\": [], \"verdict\": \"ok\"}\n"}
,{"stream_name":"stdout","time":1764.513274166,"data":"{\"op\": \"nn.functional.pdist\", \"dtype\": \"uint8\", \"samples\": 3, \"diffs\": [], \"errors\": [], \"verdict\": \"ok\"}\n"}
,{"stream_name":"stdout","time":1764.513277199,"data":"{\"op\": \"nn.functional.pdist\", \"dtype\": \"int16\", \"samples\": 3, \"diffs\": [], \"errors\": [], \"verdict\": \"ok\"}\n"}
,{"stream_name":"stdout","time":1764.513279984,"data":"{\"op\": \"nn.functional.pdist\", \"dtype\": \"int32\", \"samples\": 3, \"diffs\": [], \"errors\": [], \"verdict\": \"ok\"}\n"}
,{"stream_name":"stdout","time":1764.513282715,"data":"{\"op\": \"nn.functional.pdist\", \"dtype\": \"int64\", \"samples\": 3, \"diffs\": [], \"errors\": [], \"verdict\": \"ok\"}\n"}
,{"stream_name":"stdout","time":1764.513285479,"data":"{\"op\": \"nn.functional.pdist\", \"dtype\": \"bool\", \"samples\": 3, \"diffs\": [], \"errors\": [], \"verdict\": \"ok\"}\n"}
,{"stream_name":"stdout","time":1764.51328824,"data":"{\"op\": \"nn.functional.pdist\", \"dtype\": \"float16\", \"samples\": 3, \"diffs\": [], \"errors\": [], \"verdict\": \"ok\"}\n"}
,{"stream_name":"stdout","time":1764.513290985,"data":"{\"op\": \"nn.functional.pdist\", \"dtype\": \"bfloat16\", \"samples\": 3, \"diffs\": [], \"errors\": [], \"verdict\": \"ok\"}\n"}
,{"stream_name":"stdout","time":1764.513293689,"data":"{\"op\": \"nn.functional.pdist\", \"dtype\": \"complex64\", \"samples\": 3, \"diffs\": [], \"errors\": [], \"verdict\": \"ok\"}\n"}
,{"stream_name":"stdout","time":1764.51329641,"data":"{\"op\": \"nn.functional.pairwise_distance\", \"dtype\": \"bool\", \"samples\": 3, \"diffs\": [], \"errors\": [], \"verdict\": \"ok\"}\n"}
,{"stream_name":"stdout","time":1764.513299404,"data":"{\"op\": \"nn.functional.kl_div\", \"dtype\": \"int8\", \"samples\": 3, \"diffs\": [], \"errors\": [], \"verdict\": \"ok\"}\n"}
,{"stream_name":"stdout","time":1764.513302206,"data":"{\"op\": \"nn.functional.kl_div\", \"dtype\": \"uint8\", \"samples\": 3, \"diffs\": [], \"errors\": [], \"verdict\": \"ok\"}\n"}
,{"stream_name":"stdout","time":1764.513305186,"data":"{\"op\": \"nn.functional.kl_div\", \"dtype\": \"int16\", \"samples\": 3, \"diffs\": [], \"errors\": [], \"verdict\": \"ok\"}\n"}
,{"stream_name":"stdout","time":1764.513307959,"data":"{\"op\": \"nn.functional.kl_div\", \"dtype\": \"int32\", \"samples\": 3, \"diffs\": [], \"errors\": [], \"verdict\": \"ok\"}\n"}
,{"stream_name":"stdout","time":1764.513310693,"data":"{\"op\": \"nn.functional.kl_div\", \"dtype\": \"int64\", \"samples\": 3, \"diffs\": [], \"errors\": [], \"verdict\": \"ok\"}\n"}
,{"stream_name":"stdout","time":1764.51331542,"data":"{\"op\": \"nn.functional.kl_div\", \"dtype\": \"bool\", \"samples\": 3, \"diffs\": [], \"errors\": [], \"verdict\": \"ok\"}\n"}
,{"stream_name":"stdout","time":1764.513318217,"data":"{\"op\": \"nn.functional.kl_div\", \"dtype\": \"complex64\", \"samples\": 3, \"diffs\": [], \"errors\": [], \"verdict\": \"ok\"}\n"}
,{"stream_name":"stdout","time":1764.513329436,"data":"{\"op\": \"scatter_reduce\", \"dtype\": \"complex64\", \"samples\": 3, \"diffs\": [], \"errors\": [], \"verdict\": \"ok\"}\n"}
,{"stream_name":"stdout","time":1764.513332259,"data":"{\"op\": \"scatter_reduce\", \"dtype\": \"complex64\", \"samples\": 3, \"diffs\": [], \"errors\": [], \"verdict\": \"ok\"}\n"}
,{"stream_name":"stdout","time":1764.513335061,"data":"{\"op\": \"scatter_reduce\", \"dtype\": \"bool\", \"samples\": 3, \"diffs\": [], \"errors\": [], \"verdict\": \"ok\"}\n"}
,{"stream_name":"stdout","time":1764.513338209,"data":"{\"op\": \"scatter_reduce\", \"dtype\": \"complex64\", \"samples\": 3, \"diffs\": [], \"errors\": [], \"verdict\": \"ok\"}\n"}
,{"stream_name":"stdout","time":1764.513340954,"data":"{\"op\": \"scatter_reduce\", \"dtype\": \"complex64\", \"samples\": 3, \"diffs\": [], \"errors\": [], \"verdict\": \"ok\"}\n"}
,{"stream_name":"stdout","time":1764.513343777,"data":"{\"op\": \"scatter_reduce\", \"dtype\": \"complex64\", \"samples\": 3, \"diffs\": [], \"errors\": [], \"verdict\": \"ok\"}\n"}
,{"stream_name":"stdout","time":1764.513346474,"data":"{\"op\": \"_segment_reduce\", \"dtype\": \"int8\", \"samples\": 3, \"diffs\": [], \"errors\": [], \"verdict\": \"ok\"}\n"}
,{"stream_name":"stdout","time":1764.513349342,"data":"{\"op\": \"_segment_reduce\", \"dtype\": \"uint8\", \"samples\": 3, \"diffs\": [], \"errors\": [], \"verdict\": \"ok\"}\n"}
,{"stream_name":"stdout","time":1764.513352294,"data":"{\"op\": \"_segment_reduce\", \"dtype\": \"int16\", \"samples\": 3, \"diffs\": [], \"errors\": [], \"verdict\": \"ok\"}\n"}
,{"stream_name":"stdout","time":1764.513355078,"data":"{\"op\": \"_segment_reduce\", \"dtype\": \"int32\", \"samples\": 3, \"diffs\": [], \"errors\": [], \"verdict\": \"ok\"}\n"}
,{"stream_name":"stdout","time":1764.513357935,"data":"{\"op\": \"_segment_reduce\", \"dtype\": \"int64\", \"samples\": 3, \"diffs\": [], \"errors\": [], \"verdict\": \"ok\"}\n"}
,{"stream_name":"stdout","time":1764.513360646,"data":"{\"op\": \"_segment_reduce\", \"dtype\": \"bool\", \"samples\": 3, \"diffs\": [], \"errors\": [], \"verdict\": \"ok\"}\n"}
,{"stream_name":"stdout","time":1764.51336337,"data":"{\"op\": \"_segment_reduce\", \"dtype\": \"complex64\", \"samples\": 3, \"diffs\": [], \"errors\": [], \"verdict\": \"ok\"}\n"}
,{"stream_name":"stdout","time":1764.51336615,"data":"{\"op\": \"_segment_reduce\", \"dtype\": \"int8\", \"samples\": 3, \"diffs\": [], \"errors\": [], \"verdict\": \"ok\"}\n"}
,{"stream_name":"stdout","time":1764.51336896,"data":"{\"op\": \"_segment_reduce\", \"dtype\": \"uint8\", \"samples\": 3, \"diffs\": [], \"errors\": [], \"verdict\": \"ok\"}\n"}
,{"stream_name":"stdout","time":1764.5133717,"data":"{\"op\": \"_segment_reduce\", \"dtype\": \"int16\", \"samples\": 3, \"diffs\": [], \"errors\": [], \"verdict\": \"ok\"}\n"}
,{"stream_name":"stdout","time":1764.513374636,"data":"{\"op\": \"_segment_reduce\", \"dtype\": \"int32\", \"samples\": 3, \"diffs\": [], \"errors\": [], \"verdict\": \"ok\"}\n"}
,{"stream_name":"stdout","time":1764.51337738,"data":"{\"op\": \"_segment_reduce\", \"dtype\": \"int64\", \"samples\": 3, \"diffs\": [], \"errors\": [], \"verdict\": \"ok\"}\n"}
,{"stream_name":"stdout","time":1764.513380216,"data":"{\"op\": \"_segment_reduce\", \"dtype\": \"bool\", \"samples\": 3, \"diffs\": [], \"errors\": [], \"verdict\": \"ok\"}\n"}
,{"stream_name":"stdout","time":1764.513385577,"data":"{\"op\": \"_segment_reduce\", \"dtype\": \"complex64\", \"samples\": 3, \"diffs\": [], \"errors\": [], \"verdict\": \"ok\"}\n"}
,{"stream_name":"stdout","time":1764.51338834,"data":"{\"op\": \"linalg.cross\", \"dtype\": \"bool\", \"samples\": 3, \"diffs\": [], \"errors\": [], \"verdict\": \"ok\"}\n"}
,{"stream_name":"stdout","time":1764.513391104,"data":"{\"op\": \"linalg.vecdot\", \"dtype\": \"int8\", \"samples\": 3, \"diffs\": [], \"errors\": [], \"verdict\": \"ok\"}\n"}
,{"stream_name":"stdout","time":1764.513393837,"data":"{\"op\": \"linalg.vecdot\", \"dtype\": \"uint8\", \"samples\": 3, \"diffs\": [], \"errors\": [], \"verdict\": \"ok\"}\n"}
,{"stream_name":"stdout","time":1764.513396796,"data":"{\"op\": \"linalg.vecdot\", \"dtype\": \"int16\", \"samples\": 3, \"diffs\": [], \"errors\": [], \"verdict\": \"ok\"}\n"}
,{"stream_name":"stdout","time":1764.513399747,"data":"{\"op\": \"linalg.vecdot\", \"dtype\": \"int32\", \"samples\": 3, \"diffs\": [], \"errors\": [], \"verdict\": \"ok\"}\n"}
,{"stream_name":"stdout","time":1764.513402515,"data":"{\"op\": \"linalg.vecdot\", \"dtype\": \"int64\", \"samples\": 3, \"diffs\": [], \"errors\": [], \"verdict\": \"ok\"}\n"}
,{"stream_name":"stdout","time":1764.513405268,"data":"{\"op\": \"linalg.vecdot\", \"dtype\": \"bool\", \"samples\": 3, \"diffs\": [], \"errors\": [], \"verdict\": \"ok\"}\n"}
,{"stream_name":"stdout","time":1764.51343042,"data":"{\"op\": \"linalg.cond\", \"dtype\": \"int8\", \"samples\": 3, \"diffs\": [], \"errors\": [], \"verdict\": \"ok\"}\n"}
,{"stream_name":"stdout","time":1764.513434996,"data":"{\"op\": \"linalg.cond\", \"dtype\": \"uint8\", \"samples\": 3, \"diffs\": [], \"errors\": [], \"verdict\": \"ok\"}\n"}
,{"stream_name":"stdout","time":1764.513439422,"data":"{\"op\": \"linalg.cond\", \"dtype\": \"int16\", \"samples\": 3, \"diffs\": [], \"errors\": [], \"verdict\": \"ok\"}\n"}
,{"stream_name":"stdout","time":1764.513444039,"data":"{\"op\": \"linalg.cond\", \"dtype\": \"int32\", \"samples\": 3, \"diffs\": [], \"errors\": [], \"verdict\": \"ok\"}\n"}
,{"stream_name":"stdout","time":1764.513448495,"data":"{\"op\": \"linalg.cond\", \"dtype\": \"int64\", \"samples\": 3, \"diffs\": [], \"errors\": [], \"verdict\": \"ok\"}\n"}
,{"stream_name":"stdout","time":1764.513452843,"data":"{\"op\": \"linalg.cond\", \"dtype\": \"bool\", \"samples\": 3, \"diffs\": [], \"errors\": [], \"verdict\": \"ok\"}\n"}
,{"stream_name":"stdout","time":1764.513457241,"data":"{\"op\": \"linalg.cond\", \"dtype\": \"float16\", \"samples\": 3, \"diffs\": [], \"errors\": [], \"verdict\": \"ok\"}\n"}
,{"stream_name":"stdout","time":1764.51346165,"data":"{\"op\": \"linalg.cond\", \"dtype\": \"bfloat16\", \"samples\": 3, \"diffs\": [], \"errors\": [], \"verdict\": \"ok\"}\n"}
,{"stream_name":"stdout","time":1764.513464495,"data":"{\"op\": \"linalg.householder_product\", \"dtype\": \"int8\", \"samples\": 3, \"diffs\": [], \"errors\": [], \"verdict\": \"ok\"}\n"}
,{"stream_name":"stdout","time":1764.513467314,"data":"{\"op\": \"linalg.householder_product\", \"dtype\": \"uint8\", \"samples\": 3, \"diffs\": [], \"errors\": [], \"verdict\": \"ok\"}\n"}
,{"stream_name":"stdout","time":1764.513470128,"data":"{\"op\": \"linalg.householder_product\", \"dtype\": \"int16\", \"samples\": 3, \"diffs\": [], \"errors\": [], \"verdict\": \"ok\"}\n"}
,{"stream_name":"stdout","time":1764.51347311,"data":"{\"op\": \"linalg.householder_product\", \"dtype\": \"int32\", \"samples\": 3, \"diffs\": [], \"errors\": [], \"verdict\": \"ok\"}\n"}
,{"stream_name":"stdout","time":1764.513475905,"data":"{\"op\": \"linalg.householder_product\", \"dtype\": \"int64\", \"samples\": 3, \"diffs\": [], \"errors\": [], \"verdict\": \"ok\"}\n"}
,{"stream_name":"stdout","time":1764.513478674,"data":"{\"op\": \"linalg.householder_product\", \"dtype\": \"bool\", \"samples\": 3, \"diffs\": [], \"errors\": [], \"verdict\": \"ok\"}\n"}
,{"stream_name":"stdout","time":1764.51348551,"data":"{\"op\": \"linalg.householder_product\", \"dtype\": \"float16\", \"samples\": 3, \"diffs\": [], \"errors\": [], \"verdict\": \"ok\"}\n"}
,{"stream_name":"stdout","time":1764.513490427,"data":"{\"op\": \"linalg.householder_product\", \"dtype\": \"bfloat16\", \"samples\": 3, \"diffs\": [], \"errors\": [], \"verdict\": \"ok\"}\n"}
,{"stream_name":"stdout","time":1764.513495671,"data":"{\"op\": \"linalg.ldl_factor\", \"dtype\": \"int8\", \"samples\": 3, \"diffs\": [], \"errors\": [], \"verdict\": \"ok\"}\n"}
,{"stream_name":"stdout","time":1764.513500256,"data":"{\"op\": \"linalg.ldl_factor\", \"dtype\": \"uint8\", \"samples\": 3, \"diffs\": [], \"errors\": [], \"verdict\": \"ok\"}\n"}
,{"stream_name":"stdout","time":1764.513504542,"data":"{\"op\": \"linalg.ldl_factor\", \"dtype\": \"int16\", \"samples\": 3, \"diffs\": [], \"errors\": [], \"verdict\": \"ok\"}\n"}
,{"stream_name":"stdout","time":1764.51350905,"data":"{\"op\": \"linalg.ldl_factor\", \"dtype\": \"int32\", \"samples\": 3, \"diffs\": [], \"errors\": [], \"verdict\": \"ok\"}\n"}
,{"stream_name":"stdout","time":1764.513513673,"data":"{\"op\": \"linalg.ldl_factor\", \"dtype\": \"int64\", \"samples\": 3, \"diffs\": [], \"errors\": [], \"verdict\": \"ok\"}\n"}
,{"stream_name":"stdout","time":1764.513518173,"data":"{\"op\": \"linalg.ldl_factor\", \"dtype\": \"bool\", \"samples\": 3, \"diffs\": [], \"errors\": [], \"verdict\": \"ok\"}\n"}
,{"stream_name":"stdout","time":1764.513522655,"data":"{\"op\": \"linalg.ldl_factor\", \"dtype\": \"float16\", \"samples\": 3, \"diffs\": [], \"errors\": [], \"verdict\": \"ok\"}\n"}
,{"stream_name":"stdout","time":1764.513527252,"data":"{\"op\": \"linalg.ldl_factor\", \"dtype\": \"bfloat16\", \"samples\": 3, \"diffs\": [], \"errors\": [], \"verdict\": \"ok\"}\n"}
,{"stream_name":"stdout","time":1764.51353168,"data":"{\"op\": \"linalg.ldl_factor_ex\", \"dtype\": \"int8\", \"samples\": 3, \"diffs\": [], \"errors\": [], \"verdict\": \"ok\"}\n"}
,{"stream_name":"stdout","time":1764.513536175,"data":"{\"op\": \"linalg.ldl_factor_ex\", \"dtype\": \"uint8\", \"samples\": 3, \"diffs\": [], \"errors\": [], \"verdict\": \"ok\"}\n"}
,{"stream_name":"stdout","time":1764.513540699,"data":"{\"op\": \"linalg.ldl_factor_ex\", \"dtype\": \"int16\", \"samples\": 3, \"diffs\": [], \"errors\": [], \"verdict\": \"ok\"}\n"}
,{"stream_name":"stdout","time":1764.513545346,"data":"{\"op\": \"linalg.ldl_factor_ex\", \"dtype\": \"int32\", \"samples\": 3, \"diffs\": [], \"errors\": [], \"verdict\": \"ok\"}\n"}
,{"stream_name":"stdout","time":1764.513549833,"data":"{\"op\": \"linalg.ldl_factor_ex\", \"dtype\": \"int64\", \"samples\": 3, \"diffs\": [], \"errors\": [], \"verdict\": \"ok\"}\n"}
,{"stream_name":"stdout","time":1764.51355446,"data":"{\"op\": \"linalg.ldl_factor_ex\", \"dtype\": \"bool\", \"samples\": 3, \"diffs\": [], \"errors\": [], \"verdict\": \"ok\"}\n"}
,{"stream_name":"stdout","time":1764.513559202,"data":"{\"op\": \"linalg.ldl_factor_ex\", \"dtype\": \"float16\", \"samples\": 3, \"diffs\": [], \"errors\": [], \"verdict\": \"ok\"}\n"}
,{"stream_name":"stdout","time":1764.513562091,"data":"{\"op\": \"linalg.ldl_factor_ex\", \"dtype\": \"bfloat16\", \"samples\": 3, \"diffs\": [], \"errors\": [], \"verdict\": \"ok\"}\n"}
,{"stream_name":"stdout","time":1764.513564845,"data":"{\"op\": \"linalg.matrix_power\", \"dtype\": \"int8\", \"samples\": 3, \"diffs\": [], \"errors\": [], \"verdict\": \"ok\"}\n"}
,{"stream_name":"stdout","time":1764.513567566,"data":"{\"op\": \"linalg.matrix_power\", \"dtype\": \"uint8\", \"samples\": 3, \"diffs\": [], \"errors\": [], \"verdict\": \"ok\"}\n"}
,{"stream_name":"stdout","time":1764.513570374,"data":"{\"op\": \"linalg.matrix_power\", \"dtype\": \"int16\", \"samples\": 3, \"diffs\": [], \"errors\": [], \"verdict\": \"ok\"}\n"}
,{"stream_name":"stdout","time":1764.513577694,"data":"{\"op\": \"linalg.matrix_power\", \"dtype\": \"int32\", \"samples\": 3, \"diffs\": [], \"errors\": [], \"verdict\": \"ok\"}\n"}
,{"stream_name":"stdout","time":1764.513580657,"data":"{\"op\": \"linalg.matrix_power\", \"dtype\": \"int64\", \"samples\": 3, \"diffs\": [], \"errors\": [], \"verdict\": \"ok\"}\n"}
,{"stream_name":"stdout","time":1764.513583456,"data":"{\"op\": \"linalg.matrix_power\", \"dtype\": \"bool\", \"samples\": 3, \"diffs\": [{\"i\": 1, \"class\": \"SILENT\", \"detail\": \"eager raises NotImplementedError, compiled returns\"}, {\"i\": 2, \"class\": \"SILENT\", \"detail\": \"eager raises NotImplementedError, compiled returns\"}], \"errors\": [], \"verdict\": \"DIFF:SILENT\"}\n"}
,{"stream_name":"stdout","time":1764.51358697,"data":"{\"op\": \"linalg.matrix_power\", \"dtype\": \"float16\", \"samples\": 3, \"diffs\": [], \"errors\": [], \"verdict\": \"ok\"}\n"}
,{"stream_name":"stdout","time":1764.513589713,"data":"{\"op\": \"linalg.matrix_power\", \"dtype\": \"bfloat16\", \"samples\": 3, \"diffs\": [], \"errors\": [], \"verdict\": \"ok\"}\n"}
,{"stream_name":"stdout","time":1764.51359247,"data":"{\"op\": \"linalg.multi_dot\", \"dtype\": \"bool\", \"samples\": 3, \"diffs\": [{\"i\": 0, \"class\": \"SILENT\", \"detail\": \"eager raises NotImplementedError, compiled returns\"}], \"errors\": [\"compile BackendCompilerFailed\", \"compile BackendCompilerFailed\"], \"verdict\": \"DIFF:SILENT\"}\n"}
,{"stream_name":"stdout","time":1764.51359598,"data":"{\"op\": \"linalg.norm\", \"dtype\": \"int8\", \"samples\": 3, \"diffs\": [], \"errors\": [], \"verdict\": \"ok\"}\n"}
,{"stream_name":"stdout","time":1764.51359874,"data":"{\"op\": \"linalg.norm\", \"dtype\": \"uint8\", \"samples\": 3, \"diffs\": [], \"errors\": [], \"verdict\": \"ok\"}\n"}
,{"stream_name":"stdout","time":1764.513601822,"data":"{\"op\": \"linalg.norm\", \"dtype\": \"int16\", \"samples\": 3, \"diffs\": [], \"errors\": [], \"verdict\": \"ok\"}\n"}
,{"stream_name":"stdout","time":1764.513604547,"data":"{\"op\": \"linalg.norm\", \"dtype\": \"int32\", \"samples\": 3, \"diffs\": [], \"errors\": [], \"verdict\": \"ok\"}\n"}
,{"stream_name":"stdout","time":1764.513607288,"data":"{\"op\": \"linalg.norm\", \"dtype\": \"int64\", \"samples\": 3, \"diffs\": [], \"errors\": [], \"verdict\": \"ok\"}\n"}
,{"stream_name":"stdout","time":1764.513610079,"data":"{\"op\": \"linalg.norm\", \"dtype\": \"bool\", \"samples\": 3, \"diffs\": [], \"errors\": [], \"verdict\": \"ok\"}\n"}
,{"stream_name":"stdout","time":1764.51361278,"data":"{\"op\": \"linalg.norm\", \"dtype\": \"int8\", \"samples\": 3, \"diffs\": [], \"errors\": [], \"verdict\": \"ok\"}\n"}
,{"stream_name":"stdout","time":1764.513615473,"data":"{\"op\": \"linalg.norm\", \"dtype\": \"uint8\", \"samples\": 3, \"diffs\": [], \"errors\": [], \"verdict\": \"ok\"}\n"}
,{"stream_name":"stdout","time":1764.513618139,"data":"{\"op\": \"linalg.norm\", \"dtype\": \"int16\", \"samples\": 3, \"diffs\": [], \"errors\": [], \"verdict\": \"ok\"}\n"}
,{"stream_name":"stdout","time":1764.513620869,"data":"{\"op\": \"linalg.norm\", \"dtype\": \"int32\", \"samples\": 3, \"diffs\": [], \"errors\": [], \"verdict\": \"ok\"}\n"}
,{"stream_name":"stdout","time":1764.513623796,"data":"{\"op\": \"linalg.norm\", \"dtype\": \"int64\", \"samples\": 3, \"diffs\": [], \"errors\": [], \"verdict\": \"ok\"}\n"}
,{"stream_name":"stdout","time":1764.513626835,"data":"{\"op\": \"linalg.norm\", \"dtype\": \"bool\", \"samples\": 3, \"diffs\": [], \"errors\": [], \"verdict\": \"ok\"}\n"}
,{"stream_name":"stdout","time":1764.513629639,"data":"{\"op\": \"linalg.matrix_norm\", \"dtype\": \"int8\", \"samples\": 3, \"diffs\": [], \"errors\": [], \"verdict\": \"ok\"}\n"}
,{"stream_name":"stdout","time":1764.513634554,"data":"{\"op\": \"linalg.matrix_norm\", \"dtype\": \"uint8\", \"samples\": 3, \"diffs\": [], \"errors\": [], \"verdict\": \"ok\"}\n"}
,{"stream_name":"stdout","time":1764.51363733,"data":"{\"op\": \"linalg.matrix_norm\", \"dtype\": \"int16\", \"samples\": 3, \"diffs\": [], \"errors\": [], \"verdict\": \"ok\"}\n"}
,{"stream_name":"stdout","time":1764.513640051,"data":"{\"op\": \"linalg.matrix_norm\", \"dtype\": \"int32\", \"samples\": 3, \"diffs\": [], \"errors\": [], \"verdict\": \"ok\"}\n"}
,{"stream_name":"stdout","time":1764.513642766,"data":"{\"op\": \"linalg.matrix_norm\", \"dtype\": \"int64\", \"samples\": 3, \"diffs\": [], \"errors\": [], \"verdict\": \"ok\"}\n"}
,{"stream_name":"stdout","time":1764.513645533,"data":"{\"op\": \"linalg.matrix_norm\", \"dtype\": \"bool\", \"samples\": 3, \"diffs\": [], \"errors\": [], \"verdict\": \"ok\"}\n"}
,{"stream_name":"stdout","time":1764.513648468,"data":"{\"op\": \"linalg.polar\", \"dtype\": \"int8\", \"samples\": 3, \"diffs\": [], \"errors\": [], \"verdict\": \"ok\"}\n"}
,{"stream_name":"stdout","time":1764.513651219,"data":"{\"op\": \"linalg.polar\", \"dtype\": \"uint8\", \"samples\": 3, \"diffs\": [], \"errors\": [], \"verdict\": \"ok\"}\n"}
,{"stream_name":"stdout","time":1764.513653956,"data":"{\"op\": \"linalg.polar\", \"dtype\": \"int16\", \"samples\": 3, \"diffs\": [], \"errors\": [], \"verdict\": \"ok\"}\n"}
,{"stream_name":"stdout","time":1764.513656685,"data":"{\"op\": \"linalg.polar\", \"dtype\": \"int32\", \"samples\": 3, \"diffs\": [], \"errors\": [], \"verdict\": \"ok\"}\n"}
,{"stream_name":"stdout","time":1764.513659445,"data":"{\"op\": \"linalg.polar\", \"dtype\": \"int64\", \"samples\": 3, \"diffs\": [], \"errors\": [], \"verdict\": \"ok\"}\n"}
,{"stream_name":"stdout","time":1764.513662182,"data":"{\"op\": \"linalg.polar\", \"dtype\": \"bool\", \"samples\": 3, \"diffs\": [], \"errors\": [], \"verdict\": \"ok\"}\n"}
,{"stream_name":"stdout","time":1764.513664892,"data":"{\"op\": \"linalg.polar\", \"dtype\": \"float16\", \"samples\": 3, \"diffs\": [], \"errors\": [], \"verdict\": \"ok\"}\n"}
,{"stream_name":"stdout","time":1764.513667688,"data":"{\"op\": \"linalg.polar\", \"dtype\": \"bfloat16\", \"samples\": 3, \"diffs\": [], \"errors\": [], \"verdict\": \"ok\"}\n"}
,{"stream_name":"stdout","time":1764.513670655,"data":"{\"op\": \"linalg.vander\", \"dtype\": \"bool\", \"samples\": 3, \"diffs\": [], \"errors\": [], \"verdict\": \"ok\"}\n"}
,{"stream_name":"stdout","time":1764.513673436,"data":"{\"op\": \"linalg.vander\", \"dtype\": \"float16\", \"samples\": 3, \"diffs\": [], \"errors\": [], \"verdict\": \"ok\"}\n"}
,{"stream_name":"stdout","time":1764.513676221,"data":"{\"op\": \"linalg.vander\", \"dtype\": \"bfloat16\", \"samples\": 3, \"diffs\": [], \"errors\": [], \"verdict\": \"ok\"}\n"}
,{"stream_name":"stdout","time":1764.513679015,"data":"{\"op\": \"linalg.vector_norm\", \"dtype\": \"int8\", \"samples\": 3, \"diffs\": [], \"errors\": [], \"verdict\": \"ok\"}\n"}
,{"stream_name":"stdout","time":1764.513681753,"data":"{\"op\": \"linalg.vector_norm\", \"dtype\": \"uint8\", \"samples\": 3, \"diffs\": [], \"errors\": [], \"verdict\": \"ok\"}\n"}
,{"stream_name":"stdout","time":1764.513684709,"data":"{\"op\": \"linalg.vector_norm\", \"dtype\": \"int16\", \"samples\": 3, \"diffs\": [], \"errors\": [], \"verdict\": \"ok\"}\n"}
,{"stream_name":"stdout","time":1764.513687425,"data":"{\"op\": \"linalg.vector_norm\", \"dtype\": \"int32\", \"samples\": 3, \"diffs\": [], \"errors\": [], \"verdict\": \"ok\"}\n"}
,{"stream_name":"stdout","time":1764.513690173,"data":"{\"op\": \"linalg.vector_norm\", \"dtype\": \"int64\", \"samples\": 3, \"diffs\": [], \"errors\": [], \"verdict\": \"ok\"}\n"}
,{"stream_name":"stdout","time":1764.513693102,"data":"{\"op\": \"linalg.vector_norm\", \"dtype\": \"bool\", \"samples\": 3, \"diffs\": [], \"errors\": [], \"verdict\": \"ok\"}\n"}
,{"stream_name":"stdout","time":1764.513698024,"data":"{\"op\": \"linalg.inv\", \"dtype\": \"int8\", \"samples\": 3, \"diffs\": [], \"errors\": [], \"verdict\": \"ok\"}\n"}
,{"stream_name":"stdout","time":1764.513700868,"data":"{\"op\": \"linalg.inv\", \"dtype\": \"uint8\", \"samples\": 3, \"diffs\": [], \"errors\": [], \"verdict\": \"ok\"}\n"}
,{"stream_name":"stdout","time":1764.513703635,"data":"{\"op\": \"linalg.inv\", \"dtype\": \"int16\", \"samples\": 3, \"diffs\": [], \"errors\": [], \"verdict\": \"ok\"}\n"}
,{"stream_name":"stdout","time":1764.513706305,"data":"{\"op\": \"linalg.inv\", \"dtype\": \"int32\", \"samples\": 3, \"diffs\": [], \"errors\": [], \"verdict\": \"ok\"}\n"}
,{"stream_name":"stdout","time":1764.513709006,"data":"{\"op\": \"linalg.inv\", \"dtype\": \"int64\", \"samples\": 3, \"diffs\": [], \"errors\": [], \"verdict\": \"ok\"}\n"}
,{"stream_name":"stdout","time":1764.513717499,"data":"{\"op\": \"linalg.inv\", \"dtype\": \"bool\", \"samples\": 3, \"diffs\": [], \"errors\": [], \"verdict\": \"ok\"}\n"}
,{"stream_name":"stdout","time":1764.51372058,"data":"{\"op\": \"linalg.inv\", \"dtype\": \"float16\", \"samples\": 3, \"diffs\": [], \"errors\": [], \"verdict\": \"ok\"}\n"}
,{"stream_name":"stdout","time":1764.513723428,"data":"{\"op\": \"linalg.inv\", \"dtype\": \"bfloat16\", \"samples\": 3, \"diffs\": [], \"errors\": [], \"verdict\": \"ok\"}\n"}
,{"stream_name":"stdout","time":1764.51372623,"data":"{\"op\": \"linalg.inv_ex\", \"dtype\": \"int8\", \"samples\": 3, \"diffs\": [], \"errors\": [], \"verdict\": \"ok\"}\n"}
,{"stream_name":"stdout","time":1764.513729089,"data":"{\"op\": \"linalg.inv_ex\", \"dtype\": \"uint8\", \"samples\": 3, \"diffs\": [], \"errors\": [], \"verdict\": \"ok\"}\n"}
,{"stream_name":"stdout","time":1764.513731804,"data":"{\"op\": \"linalg.inv_ex\", \"dtype\": \"int16\", \"samples\": 3, \"diffs\": [], \"errors\": [], \"verdict\": \"ok\"}\n"}
,{"stream_name":"stdout","time":1764.513734558,"data":"{\"op\": \"linalg.inv_ex\", \"dtype\": \"int32\", \"samples\": 3, \"diffs\": [], \"errors\": [], \"verdict\": \"ok\"}\n"}
,{"stream_name":"stdout","time":1764.513737246,"data":"{\"op\": \"linalg.inv_ex\", \"dtype\": \"int64\", \"samples\": 3, \"diffs\": [], \"errors\": [], \"verdict\": \"ok\"}\n"}
,{"stream_name":"stdout","time":1764.513739919,"data":"{\"op\": \"linalg.inv_ex\", \"dtype\": \"bool\", \"samples\": 3, \"diffs\": [], \"errors\": [], \"verdict\": \"ok\"}\n"}
,{"stream_name":"stdout","time":1764.513742923,"data":"{\"op\": \"linalg.inv_ex\", \"dtype\": \"float16\", \"samples\": 3, \"diffs\": [], \"errors\": [], \"verdict\": \"ok\"}\n"}
,{"stream_name":"stdout","time":1764.513745725,"data":"{\"op\": \"linalg.inv_ex\", \"dtype\": \"bfloat16\", \"samples\": 3, \"diffs\": [], \"errors\": [], \"verdict\": \"ok\"}\n"}
,{"stream_name":"stdout","time":1764.513748488,"data":"{\"op\": \"linalg.tensorinv\", \"dtype\": \"int8\", \"samples\": 2, \"diffs\": [], \"errors\": [], \"verdict\": \"ok\"}\n"}
,{"stream_name":"stdout","time":1764.513751657,"data":"{\"op\": \"linalg.tensorinv\", \"dtype\": \"uint8\", \"samples\": 2, \"diffs\": [], \"errors\": [], \"verdict\": \"ok\"}\n"}
,{"stream_name":"stdout","time":1764.51375443,"data":"{\"op\": \"linalg.tensorinv\", \"dtype\": \"int16\", \"samples\": 2, \"diffs\": [], \"errors\": [], \"verdict\": \"ok\"}\n"}
,{"stream_name":"stdout","time":1764.513757137,"data":"{\"op\": \"linalg.tensorinv\", \"dtype\": \"int32\", \"samples\": 2, \"diffs\": [], \"errors\": [], \"verdict\": \"ok\"}\n"}
,{"stream_name":"stdout","time":1764.513759858,"data":"{\"op\": \"linalg.tensorinv\", \"dtype\": \"int64\", \"samples\": 2, \"diffs\": [], \"errors\": [], \"verdict\": \"ok\"}\n"}
,{"stream_name":"stdout","time":1764.513762746,"data":"{\"op\": \"linalg.tensorinv\", \"dtype\": \"bool\", \"samples\": 2, \"diffs\": [], \"errors\": [], \"verdict\": \"ok\"}\n"}
,{"stream_name":"stdout","time":1764.513768067,"data":"{\"op\": \"linalg.tensorinv\", \"dtype\": \"float16\", \"samples\": 2, \"diffs\": [], \"errors\": [], \"verdict\": \"ok\"}\n"}
,{"stream_name":"stdout","time":1764.513770938,"data":"{\"op\": \"linalg.tensorinv\", \"dtype\": \"bfloat16\", \"samples\": 2, \"diffs\": [], \"errors\": [], \"verdict\": \"ok\"}\n"}
,{"stream_name":"stdout","time":1764.513773694,"data":"{\"op\": \"special.i0e\", \"dtype\": \"complex64\", \"samples\": 2, \"diffs\": [], \"errors\": [], \"verdict\": \"ok\"}\n"}
,{"stream_name":"stdout","time":1764.513776457,"data":"{\"op\": \"special.i1\", \"dtype\": \"complex64\", \"samples\": 2, \"diffs\": [], \"errors\": [], \"verdict\": \"ok\"}\n"}
,{"stream_name":"stdout","time":1764.51377918,"data":"{\"op\": \"special.i1e\", \"dtype\": \"complex64\", \"samples\": 2, \"diffs\": [], \"errors\": [], \"verdict\": \"ok\"}\n"}
,{"stream_name":"stdout","time":1764.513781924,"data":"{\"op\": \"special.ndtr\", \"dtype\": \"complex64\", \"samples\": 3, \"diffs\": [], \"errors\": [], \"verdict\": \"ok\"}\n"}
,{"stream_name":"stdout","time":1764.513784608,"data":"{\"op\": \"special.polygamma\", \"dtype\": \"complex64\", \"samples\": 3, \"diffs\": [], \"errors\": [], \"verdict\": \"ok\"}\n"}
,{"stream_name":"stdout","time":1764.513787401,"data":"{\"op\": \"special.xlog1py\", \"dtype\": \"complex64\", \"samples\": 3, \"diffs\": [{\"i\": 0, \"class\": \"SILENT\", \"detail\": \"eager raises NotImplementedError, compiled returns\"}, {\"i\": 1, \"class\": \"SILENT\", \"detail\": \"eager raises NotImplementedError, compiled returns\"}, {\"i\": 2, \"class\": \"SILENT\", \"detail\": \"eager raises NotImplementedError, compiled returns\"}], \"errors\": [], \"verdict\": \"DIFF:SILENT\"}\n"}
,{"stream_name":"stdout","time":1764.513791347,"data":"{\"op\": \"special.entr\", \"dtype\": \"complex64\", \"samples\": 2, \"diffs\": [], \"errors\": [], \"verdict\": \"ok\"}\n"}
,{"stream_name":"stdout","time":1764.513794432,"data":"{\"op\": \"special.ndtri\", \"dtype\": \"float16\", \"samples\": 3, \"diffs\": [{\"i\": 0, \"class\": \"SILENT\", \"detail\": \"eager raises NotImplementedError, compiled returns\"}, {\"i\": 1, \"class\": \"SILENT\", \"detail\": \"eager raises NotImplementedError, compiled returns\"}, {\"i\": 2, \"class\": \"SILENT\", \"detail\": \"eager raises NotImplementedError, compiled returns\"}], \"errors\": [], \"verdict\": \"DIFF:SILENT\"}\n"}
,{"stream_name":"stdout","time":1764.513798289,"data":"{\"op\": \"special.ndtri\", \"dtype\": \"bfloat16\", \"samples\": 3, \"diffs\": [{\"i\": 0, \"class\": \"SILENT\", \"detail\": \"eager raises NotImplementedError, compiled returns\"}, {\"i\": 1, \"class\": \"SILENT\", \"detail\": \"eager raises NotImplementedError, compiled returns\"}, {\"i\": 2, \"class\": \"SILENT\", \"detail\": \"eager raises NotImplementedError, compiled returns\"}], \"errors\": [], \"verdict\": \"DIFF:SILENT\"}\n"}
,{"stream_name":"stdout","time":1764.513802062,"data":"{\"op\": \"special.ndtri\", \"dtype\": \"complex64\", \"samples\": 3, \"diffs\": [], \"errors\": [], \"verdict\": \"ok\"}\n"}
,{"stream_name":"stdout","time":1764.513804791,"data":"{\"op\": \"special.log_ndtr\", \"dtype\": \"float16\", \"samples\": 3, \"diffs\": [{\"i\": 0, \"class\": \"SILENT\", \"detail\": \"eager raises NotImplementedError, compiled returns\"}, {\"i\": 1, \"class\": \"SILENT\", \"detail\": \"eager raises NotImplementedError, compiled returns\"}, {\"i\": 2, \"class\": \"SILENT\", \"detail\": \"eager raises NotImplementedError, compiled returns\"}], \"errors\": [], \"verdict\": \"DIFF:SILENT\"}\n"}
,{"stream_name":"stdout","time":1764.513808455,"data":"{\"op\": \"special.log_ndtr\", \"dtype\": \"bfloat16\", \"samples\": 3, \"diffs\": [{\"i\": 0, \"class\": \"SILENT\", \"detail\": \"eager raises NotImplementedError, compiled returns\"}, {\"i\": 1, \"class\": \"SILENT\", \"detail\": \"eager raises NotImplementedError, compiled returns\"}, {\"i\": 2, \"class\": \"SILENT\", \"detail\": \"eager raises NotImplementedError, compiled returns\"}], \"errors\": [], \"verdict\": \"DIFF:SILENT\"}\n"}
,{"stream_name":"stdout","time":1764.513814213,"data":"{\"op\": \"special.log_ndtr\", \"dtype\": \"complex64\", \"samples\": 3, \"diffs\": [], \"errors\": [], \"verdict\": \"ok\"}\n"}
,{"stream_name":"stdout","time":1764.513817115,"data":"{\"op\": \"special.erfcx\", \"dtype\": \"float16\", \"samples\": 3, \"diffs\": [{\"i\": 0, \"class\": \"SILENT\", \"detail\": \"eager raises NotImplementedError, compiled returns\"}, {\"i\": 1, \"class\": \"SILENT\", \"detail\": \"eager raises NotImplementedError, compiled returns\"}, {\"i\": 2, \"class\": \"SILENT\", \"detail\": \"eager raises NotImplementedError, compiled returns\"}], \"errors\": [], \"verdict\": \"DIFF:SILENT\"}\n"}
,{"stream_name":"stdout","time":1764.513821491,"data":"{\"op\": \"special.erfcx\", \"dtype\": \"bfloat16\", \"samples\": 3, \"diffs\": [{\"i\": 0, \"class\": \"SILENT\", \"detail\": \"eager raises NotImplementedError, compiled returns\"}, {\"i\": 1, \"class\": \"SILENT\", \"detail\": \"eager raises NotImplementedError, compiled returns\"}, {\"i\": 2, \"class\": \"SILENT\", \"detail\": \"eager raises NotImplementedError, compiled returns\"}], \"errors\": [], \"verdict\": \"DIFF:SILENT\"}\n"}
,{"stream_name":"stdout","time":1764.5138253,"data":"{\"op\": \"special.erfcx\", \"dtype\": \"complex64\", \"samples\": 3, \"diffs\": [], \"errors\": [], \"verdict\": \"ok\"}\n"}
,{"stream_name":"stdout","time":1764.513828204,"data":"{\"op\": \"special.airy_ai\", \"dtype\": \"float16\", \"samples\": 3, \"diffs\": [{\"i\": 0, \"class\": \"SILENT\", \"detail\": \"eager raises NotImplementedError, compiled returns\"}, {\"i\": 1, \"class\": \"SILENT\", \"detail\": \"eager raises NotImplementedError, compiled returns\"}, {\"i\": 2, \"class\": \"SILENT\", \"detail\": \"eager raises NotImplementedError, compiled returns\"}], \"errors\": [], \"verdict\": \"DIFF:SILENT\"}\n"}
,{"stream_name":"stdout","time":1764.513831927,"data":"{\"op\": \"special.airy_ai\", \"dtype\": \"bfloat16\", \"samples\": 3, \"diffs\": [{\"i\": 0, \"class\": \"SILENT\", \"detail\": \"eager raises NotImplementedError, compiled returns\"}, {\"i\": 1, \"class\": \"SILENT\", \"detail\": \"eager raises NotImplementedError, compiled returns\"}, {\"i\": 2, \"class\": \"SILENT\", \"detail\": \"eager raises NotImplementedError, compiled returns\"}], \"errors\": [], \"verdict\": \"DIFF:SILENT\"}\n"}
,{"stream_name":"stdout","time":1764.513835598,"data":"{\"op\": \"special.airy_ai\", \"dtype\": \"complex64\", \"samples\": 3, \"diffs\": [], \"errors\": [], \"verdict\": \"ok\"}\n"}
,{"stream_name":"stdout","time":1764.513838338,"data":"{\"op\": \"special.bessel_j0\", \"dtype\": \"float16\", \"samples\": 3, \"diffs\": [{\"i\": 0, \"class\": \"SILENT\", \"detail\": \"eager raises NotImplementedError, compiled returns\"}, {\"i\": 1, \"class\": \"SILENT\", \"detail\": \"eager raises NotImplementedError, compiled returns\"}, {\"i\": 2, \"class\": \"SILENT\", \"detail\": \"eager raises NotImplementedError, compiled returns\"}], \"errors\": [], \"verdict\": \"DIFF:SILENT\"}\n"}
,{"stream_name":"stdout","time":1764.513842024,"data":"{\"op\": \"special.bessel_j0\", \"dtype\": \"bfloat16\", \"samples\": 3, \"diffs\": [{\"i\": 0, \"class\": \"SILENT\", \"detail\": \"eager raises NotImplementedError, compiled returns\"}, {\"i\": 1, \"class\": \"SILENT\", \"detail\": \"eager raises NotImplementedError, compiled returns\"}, {\"i\": 2, \"class\": \"SILENT\", \"detail\": \"eager raises NotImplementedError, compiled returns\"}], \"errors\": [], \"verdict\": \"DIFF:SILENT\"}\n"}
,{"stream_name":"stdout","time":1764.513845985,"data":"{\"op\": \"special.bessel_j0\", \"dtype\": \"complex64\", \"samples\": 3, \"diffs\": [], \"errors\": [], \"verdict\": \"ok\"}\n"}
,{"stream_name":"stdout","time":1764.51385127,"data":"{\"op\": \"special.bessel_j1\", \"dtype\": \"float16\", \"samples\": 3, \"diffs\": [{\"i\": 0, \"class\": \"SILENT\", \"detail\": \"eager raises NotImplementedError, compiled returns\"}, {\"i\": 1, \"class\": \"SILENT\", \"detail\": \"eager raises NotImplementedError, compiled returns\"}, {\"i\": 2, \"class\": \"SILENT\", \"detail\": \"eager raises NotImplementedError, compiled returns\"}], \"errors\": [], \"verdict\": \"DIFF:SILENT\"}\n"}
,{"stream_name":"stdout","time":1764.513855103,"data":"{\"op\": \"special.bessel_j1\", \"dtype\": \"bfloat16\", \"samples\": 3, \"diffs\": [{\"i\": 0, \"class\": \"SILENT\", \"detail\": \"eager raises NotImplementedError, compiled returns\"}, {\"i\": 1, \"class\": \"SILENT\", \"detail\": \"eager raises NotImplementedError, compiled returns\"}, {\"i\": 2, \"class\": \"SILENT\", \"detail\": \"eager raises NotImplementedError, compiled returns\"}], \"errors\": [], \"verdict\": \"DIFF:SILENT\"}\n"}
,{"stream_name":"stdout","time":1764.513858827,"data":"{\"op\": \"special.bessel_j1\", \"dtype\": \"complex64\", \"samples\": 3, \"diffs\": [], \"errors\": [], \"verdict\": \"ok\"}\n"}
,{"stream_name":"stdout","time":1764.513861612,"data":"{\"op\": \"special.bessel_y0\", \"dtype\": \"float16\", \"samples\": 3, \"diffs\": [{\"i\": 0, \"class\": \"SILENT\", \"detail\": \"eager raises NotImplementedError, compiled returns\"}, {\"i\": 1, \"class\": \"SILENT\", \"detail\": \"eager raises NotImplementedError, compiled returns\"}, {\"i\": 2, \"class\": \"SILENT\", \"detail\": \"eager raises NotImplementedError, compiled returns\"}], \"errors\": [], \"verdict\": \"DIFF:SILENT\"}\n"}
,{"stream_name":"stdout","time":1764.513865236,"data":"{\"op\": \"special.bessel_y0\", \"dtype\": \"bfloat16\", \"samples\": 3, \"diffs\": [{\"i\": 0, \"class\": \"SILENT\", \"detail\": \"eager raises NotImplementedError, compiled returns\"}, {\"i\": 1, \"class\": \"SILENT\", \"detail\": \"eager raises NotImplementedError, compiled returns\"}, {\"i\": 2, \"class\": \"SILENT\", \"detail\": \"eager raises NotImplementedError, compiled returns\"}], \"errors\": [], \"verdict\": \"DIFF:SILENT\"}\n"}
,{"stream_name":"stdout","time":1764.513868993,"data":"{\"op\": \"special.bessel_y0\", \"dtype\": \"complex64\", \"samples\": 3, \"diffs\": [], \"errors\": [], \"verdict\": \"ok\"}\n"}
,{"stream_name":"stdout","time":1764.513872139,"data":"{\"op\": \"special.bessel_y1\", \"dtype\": \"float16\", \"samples\": 3, \"diffs\": [{\"i\": 0, \"class\": \"SILENT\", \"detail\": \"eager raises NotImplementedError, compiled returns\"}, {\"i\": 1, \"class\": \"SILENT\", \"detail\": \"eager raises NotImplementedError, compiled returns\"}, {\"i\": 2, \"class\": \"SILENT\", \"detail\": \"eager raises NotImplementedError, compiled returns\"}], \"errors\": [], \"verdict\": \"DIFF:SILENT\"}\n"}
,{"stream_name":"stdout","time":1764.513875815,"data":"{\"op\": \"special.bessel_y1\", \"dtype\": \"bfloat16\", \"samples\": 3, \"diffs\": [{\"i\": 0, \"class\": \"SILENT\", \"detail\": \"eager raises NotImplementedError, compiled returns\"}, {\"i\": 1, \"class\": \"SILENT\", \"detail\": \"eager raises NotImplementedError, compiled returns\"}, {\"i\": 2, \"class\": \"SILENT\", \"detail\": \"eager raises NotImplementedError, compiled returns\"}], \"errors\": [], \"verdict\": \"DIFF:SILENT\"}\n"}
,{"stream_name":"stdout","time":1764.513879775,"data":"{\"op\": \"special.bessel_y1\", \"dtype\": \"complex64\", \"samples\": 3, \"diffs\": [], \"errors\": [], \"verdict\": \"ok\"}\n"}
,{"stream_name":"stdout","time":1764.513882571,"data":"{\"op\": \"special.chebyshev_polynomial_t\", \"dtype\": \"float16\", \"samples\": 3, \"diffs\": [{\"i\": 0, \"class\": \"SILENT\", \"detail\": \"eager raises NotImplementedError, compiled returns\"}, {\"i\": 1, \"class\": \"SILENT\", \"detail\": \"eager raises NotImplementedError, compiled returns\"}, {\"i\": 2, \"class\": \"SILENT\", \"detail\": \"eager raises NotImplementedError, compiled returns\"}], \"errors\": [], \"verdict\": \"DIFF:SILENT\"}\n"}
,{"stream_name":"stdout","time":1764.513888397,"data":"{\"op\": \"special.chebyshev_polynomial_t\", \"dtype\": \"bfloat16\", \"samples\": 3, \"diffs\": [{\"i\": 0, \"class\": \"SILENT\", \"detail\": \"eager raises NotImplementedError, compiled returns\"}, {\"i\": 1, \"class\": \"SILENT\", \"detail\": \"eager raises NotImplementedError, compiled returns\"}, {\"i\": 2, \"class\": \"SILENT\", \"detail\": \"eager raises NotImplementedError, compiled returns\"}], \"errors\": [], \"verdict\": \"DIFF:SILENT\"}\n"}
,{"stream_name":"stdout","time":1764.513892231,"data":"{\"op\": \"special.chebyshev_polynomial_t\", \"dtype\": \"complex64\", \"samples\": 3, \"diffs\": [], \"errors\": [], \"verdict\": \"ok\"}\n"}
,{"stream_name":"stdout","time":1764.513895069,"data":"{\"op\": \"special.chebyshev_polynomial_u\", \"dtype\": \"float16\", \"samples\": 3, \"diffs\": [{\"i\": 0, \"class\": \"SILENT\", \"detail\": \"eager raises NotImplementedError, compiled returns\"}, {\"i\": 1, \"class\": \"SILENT\", \"detail\": \"eager raises NotImplementedError, compiled returns\"}, {\"i\": 2, \"class\": \"SILENT\", \"detail\": \"eager raises NotImplementedError, compiled returns\"}], \"errors\": [], \"verdict\": \"DIFF:SILENT\"}\n"}
,{"stream_name":"stdout","time":1764.513899103,"data":"{\"op\": \"special.chebyshev_polynomial_u\", \"dtype\": \"bfloat16\", \"samples\": 3, \"diffs\": [{\"i\": 0, \"class\": \"SILENT\", \"detail\": \"eager raises NotImplementedError, compiled returns\"}, {\"i\": 1, \"class\": \"SILENT\", \"detail\": \"eager raises NotImplementedError, compiled returns\"}, {\"i\": 2, \"class\": \"SILENT\", \"detail\": \"eager raises NotImplementedError, compiled returns\"}], \"errors\": [], \"verdict\": \"DIFF:SILENT\"}\n"}
,{"stream_name":"stdout","time":1764.513902841,"data":"{\"op\": \"special.chebyshev_polynomial_u\", \"dtype\": \"complex64\", \"samples\": 3, \"diffs\": [], \"errors\": [], \"verdict\": \"ok\"}\n"}
,{"stream_name":"stdout","time":1764.513905629,"data":"{\"op\": \"special.chebyshev_polynomial_v\", \"dtype\": \"float16\", \"samples\": 3, \"diffs\": [{\"i\": 0, \"class\": \"SILENT\", \"detail\": \"eager raises NotImplementedError, compiled returns\"}, {\"i\": 1, \"class\": \"SILENT\", \"detail\": \"eager raises NotImplementedError, compiled returns\"}, {\"i\": 2, \"class\": \"SILENT\", \"detail\": \"eager raises NotImplementedError, compiled returns\"}], \"errors\": [], \"verdict\": \"DIFF:SILENT\"}\n"}
,{"stream_name":"stdout","time":1764.513909573,"data":"{\"op\": \"special.chebyshev_polynomial_v\", \"dtype\": \"bfloat16\", \"samples\": 3, \"diffs\": [{\"i\": 0, \"class\": \"SILENT\", \"detail\": \"eager raises NotImplementedError, compiled returns\"}, {\"i\": 1, \"class\": \"SILENT\", \"detail\": \"eager raises NotImplementedError, compiled returns\"}, {\"i\": 2, \"class\": \"SILENT\", \"detail\": \"eager raises NotImplementedError, compiled returns\"}], \"errors\": [], \"verdict\": \"DIFF:SILENT\"}\n"}
,{"stream_name":"stdout","time":1764.51391328,"data":"{\"op\": \"special.chebyshev_polynomial_v\", \"dtype\": \"complex64\", \"samples\": 3, \"diffs\": [], \"errors\": [], \"verdict\": \"ok\"}\n"}
,{"stream_name":"stdout","time":1764.513916137,"data":"{\"op\": \"special.chebyshev_polynomial_w\", \"dtype\": \"float16\", \"samples\": 3, \"diffs\": [{\"i\": 0, \"class\": \"SILENT\", \"detail\": \"eager raises NotImplementedError, compiled returns\"}, {\"i\": 1, \"class\": \"SILENT\", \"detail\": \"eager raises NotImplementedError, compiled returns\"}, {\"i\": 2, \"class\": \"SILENT\", \"detail\": \"eager raises NotImplementedError, compiled returns\"}], \"errors\": [], \"verdict\": \"DIFF:SILENT\"}\n"}
,{"stream_name":"stdout","time":1764.51392034,"data":"{\"op\": \"special.chebyshev_polynomial_w\", \"dtype\": \"bfloat16\", \"samples\": 3, \"diffs\": [{\"i\": 0, \"class\": \"SILENT\", \"detail\": \"eager raises NotImplementedError, compiled returns\"}, {\"i\": 1, \"class\": \"SILENT\", \"detail\": \"eager raises NotImplementedError, compiled returns\"}, {\"i\": 2, \"class\": \"SILENT\", \"detail\": \"eager raises NotImplementedError, compiled returns\"}], \"errors\": [], \"verdict\": \"DIFF:SILENT\"}\n"}
,{"stream_name":"stdout","time":1764.513926399,"data":"{\"op\": \"special.chebyshev_polynomial_w\", \"dtype\": \"complex64\", \"samples\": 3, \"diffs\": [], \"errors\": [], \"verdict\": \"ok\"}\n"}
,{"stream_name":"stdout","time":1764.513929245,"data":"{\"op\": \"special.hermite_polynomial_h\", \"dtype\": \"float16\", \"samples\": 3, \"diffs\": [{\"i\": 0, \"class\": \"SILENT\", \"detail\": \"eager raises NotImplementedError, compiled returns\"}, {\"i\": 1, \"class\": \"SILENT\", \"detail\": \"eager raises NotImplementedError, compiled returns\"}, {\"i\": 2, \"class\": \"SILENT\", \"detail\": \"eager raises NotImplementedError, compiled returns\"}], \"errors\": [], \"verdict\": \"DIFF:SILENT\"}\n"}
,{"stream_name":"stdout","time":1764.513932956,"data":"{\"op\": \"special.hermite_polynomial_h\", \"dtype\": \"bfloat16\", \"samples\": 3, \"diffs\": [{\"i\": 0, \"class\": \"SILENT\", \"detail\": \"eager raises NotImplementedError, compiled returns\"}, {\"i\": 1, \"class\": \"SILENT\", \"detail\": \"eager raises NotImplementedError, compiled returns\"}, {\"i\": 2, \"class\": \"SILENT\", \"detail\": \"eager raises NotImplementedError, compiled returns\"}], \"errors\": [], \"verdict\": \"DIFF:SILENT\"}\n"}
,{"stream_name":"stdout","time":1764.513936737,"data":"{\"op\": \"special.hermite_polynomial_h\", \"dtype\": \"complex64\", \"samples\": 3, \"diffs\": [], \"errors\": [], \"verdict\": \"ok\"}\n"}
,{"stream_name":"stdout","time":1764.513939836,"data":"{\"op\": \"special.hermite_polynomial_he\", \"dtype\": \"float16\", \"samples\": 3, \"diffs\": [{\"i\": 0, \"class\": \"SILENT\", \"detail\": \"eager raises NotImplementedError, compiled returns\"}, {\"i\": 1, \"class\": \"SILENT\", \"detail\": \"eager raises NotImplementedError, compiled returns\"}, {\"i\": 2, \"class\": \"SILENT\", \"detail\": \"eager raises NotImplementedError, compiled returns\"}], \"errors\": [], \"verdict\": \"DIFF:SILENT\"}\n"}
,{"stream_name":"stdout","time":1764.513943597,"data":"{\"op\": \"special.hermite_polynomial_he\", \"dtype\": \"bfloat16\", \"samples\": 3, \"diffs\": [{\"i\": 0, \"class\": \"SILENT\", \"detail\": \"eager raises NotImplementedError, compiled returns\"}, {\"i\": 1, \"class\": \"SILENT\", \"detail\": \"eager raises NotImplementedError, compiled returns\"}, {\"i\": 2, \"class\": \"SILENT\", \"detail\": \"eager raises NotImplementedError, compiled returns\"}], \"errors\": [], \"verdict\": \"DIFF:SILENT\"}\n"}
,{"stream_name":"stdout","time":1764.513947624,"data":"{\"op\": \"special.hermite_polynomial_he\", \"dtype\": \"complex64\", \"samples\": 3, \"diffs\": [], \"errors\": [], \"verdict\": \"ok\"}\n"}
,{"stream_name":"stdout","time":1764.513950466,"data":"{\"op\": \"special.laguerre_polynomial_l\", \"dtype\": \"float16\", \"samples\": 3, \"diffs\": [{\"i\": 0, \"class\": \"SILENT\", \"detail\": \"eager raises NotImplementedError, compiled returns\"}, {\"i\": 1, \"class\": \"SILENT\", \"detail\": \"eager raises NotImplementedError, compiled returns\"}, {\"i\": 2, \"class\": \"SILENT\", \"detail\": \"eager raises NotImplementedError, compiled returns\"}], \"errors\": [], \"verdict\": \"DIFF:SILENT\"}\n"}
,{"stream_name":"stdout","time":1764.513954158,"data":"{\"op\": \"special.laguerre_polynomial_l\", \"dtype\": \"bfloat16\", \"samples\": 3, \"diffs\": [{\"i\": 0, \"class\": \"SILENT\", \"detail\": \"eager raises NotImplementedError, compiled returns\"}, {\"i\": 1, \"class\": \"SILENT\", \"detail\": \"eager raises NotImplementedError, compiled returns\"}, {\"i\": 2, \"class\": \"SILENT\", \"detail\": \"eager raises NotImplementedError, compiled returns\"}], \"errors\": [], \"verdict\": \"DIFF:SILENT\"}\n"}
,{"stream_name":"stdout","time":1764.513957847,"data":"{\"op\": \"special.laguerre_polynomial_l\", \"dtype\": \"complex64\", \"samples\": 3, \"diffs\": [], \"errors\": [], \"verdict\": \"ok\"}\n"}
,{"stream_name":"stdout","time":1764.513962903,"data":"{\"op\": \"special.legendre_polynomial_p\", \"dtype\": \"float16\", \"samples\": 3, \"diffs\": [{\"i\": 0, \"class\": \"SILENT\", \"detail\": \"eager raises NotImplementedError, compiled returns\"}, {\"i\": 1, \"class\": \"SILENT\", \"detail\": \"eager raises NotImplementedError, compiled returns\"}, {\"i\": 2, \"class\": \"SILENT\", \"detail\": \"eager raises NotImplementedError, compiled returns\"}], \"errors\": [], \"verdict\": \"DIFF:SILENT\"}\n"}
,{"stream_name":"stdout","time":1764.513966667,"data":"{\"op\": \"special.legendre_polynomial_p\", \"dtype\": \"bfloat16\", \"samples\": 3, \"diffs\": [{\"i\": 0, \"class\": \"SILENT\", \"detail\": \"eager raises NotImplementedError, compiled returns\"}, {\"i\": 1, \"class\": \"SILENT\", \"detail\": \"eager raises NotImplementedError, compiled returns\"}, {\"i\": 2, \"class\": \"SILENT\", \"detail\": \"eager raises NotImplementedError, compiled returns\"}], \"errors\": [], \"verdict\": \"DIFF:SILENT\"}\n"}
,{"stream_name":"stdout","time":1764.513970612,"data":"{\"op\": \"special.legendre_polynomial_p\", \"dtype\": \"complex64\", \"samples\": 3, \"diffs\": [], \"errors\": [], \"verdict\": \"ok\"}\n"}
,{"stream_name":"stdout","time":1764.51397375,"data":"{\"op\": \"special.modified_bessel_i0\", \"dtype\": \"float16\", \"samples\": 3, \"diffs\": [{\"i\": 0, \"class\": \"SILENT\", \"detail\": \"eager raises NotImplementedError, compiled returns\"}, {\"i\": 1, \"class\": \"SILENT\", \"detail\": \"eager raises NotImplementedError, compiled returns\"}, {\"i\": 2, \"class\": \"SILENT\", \"detail\": \"eager raises NotImplementedError, compiled returns\"}], \"errors\": [], \"verdict\": \"DIFF:SILENT\"}\n"}
,{"stream_name":"stdout","time":1764.513977679,"data":"{\"op\": \"special.modified_bessel_i0\", \"dtype\": \"bfloat16\", \"samples\": 3, \"diffs\": [{\"i\": 0, \"class\": \"SILENT\", \"detail\": \"eager raises NotImplementedError, compiled returns\"}, {\"i\": 1, \"class\": \"SILENT\", \"detail\": \"eager raises NotImplementedError, compiled returns\"}, {\"i\": 2, \"class\": \"SILENT\", \"detail\": \"eager raises NotImplementedError, compiled returns\"}], \"errors\": [], \"verdict\": \"DIFF:SILENT\"}\n"}
,{"stream_name":"stdout","time":1764.513981398,"data":"{\"op\": \"special.modified_bessel_i0\", \"dtype\": \"complex64\", \"samples\": 3, \"diffs\": [], \"errors\": [], \"verdict\": \"ok\"}\n"}
,{"stream_name":"stdout","time":1764.513984148,"data":"{\"op\": \"special.modified_bessel_i1\", \"dtype\": \"float16\", \"samples\": 3, \"diffs\": [{\"i\": 0, \"class\": \"SILENT\", \"detail\": \"eager raises NotImplementedError, compiled returns\"}, {\"i\": 1, \"class\": \"SILENT\", \"detail\": \"eager raises NotImplementedError, compiled returns\"}, {\"i\": 2, \"class\": \"SILENT\", \"detail\": \"eager raises NotImplementedError, compiled returns\"}], \"errors\": [], \"verdict\": \"DIFF:SILENT\"}\n"}
,{"stream_name":"stdout","time":1764.513988572,"data":"{\"op\": \"special.modified_bessel_i1\", \"dtype\": \"bfloat16\", \"samples\": 3, \"diffs\": [{\"i\": 0, \"class\": \"SILENT\", \"detail\": \"eager raises NotImplementedError, compiled returns\"}, {\"i\": 1, \"class\": \"SILENT\", \"detail\": \"eager raises NotImplementedError, compiled returns\"}, {\"i\": 2, \"class\": \"SILENT\", \"detail\": \"eager raises NotImplementedError, compiled returns\"}], \"errors\": [], \"verdict\": \"DIFF:SILENT\"}\n"}
,{"stream_name":"stdout","time":1764.513993941,"data":"{\"op\": \"special.modified_bessel_i1\", \"dtype\": \"complex64\", \"samples\": 3, \"diffs\": [], \"errors\": [], \"verdict\": \"ok\"}\n"}
,{"stream_name":"stdout","time":1764.513997069,"data":"{\"op\": \"special.modified_bessel_k0\", \"dtype\": \"float16\", \"samples\": 3, \"diffs\": [{\"i\": 0, \"class\": \"SILENT\", \"detail\": \"eager raises NotImplementedError, compiled returns\"}, {\"i\": 1, \"class\": \"SILENT\", \"detail\": \"eager raises NotImplementedError, compiled returns\"}, {\"i\": 2, \"class\": \"SILENT\", \"detail\": \"eager raises NotImplementedError, compiled returns\"}], \"errors\": [], \"verdict\": \"DIFF:SILENT\"}\n"}
,{"stream_name":"stdout","time":1764.514003713,"data":"{\"op\": \"special.modified_bessel_k0\", \"dtype\": \"bfloat16\", \"samples\": 3, \"diffs\": [{\"i\": 0, \"class\": \"SILENT\", \"detail\": \"eager raises NotImplementedError, compiled returns\"}, {\"i\": 1, \"class\": \"SILENT\", \"detail\": \"eager raises NotImplementedError, compiled returns\"}, {\"i\": 2, \"class\": \"SILENT\", \"detail\": \"eager raises NotImplementedError, compiled returns\"}], \"errors\": [], \"verdict\": \"DIFF:SILENT\"}\n"}
,{"stream_name":"stdout","time":1764.514007523,"data":"{\"op\": \"special.modified_bessel_k0\", \"dtype\": \"complex64\", \"samples\": 3, \"diffs\": [], \"errors\": [], \"verdict\": \"ok\"}\n"}
,{"stream_name":"stdout","time":1764.514010366,"data":"{\"op\": \"special.modified_bessel_k1\", \"dtype\": \"float16\", \"samples\": 3, \"diffs\": [{\"i\": 0, \"class\": \"SILENT\", \"detail\": \"eager raises NotImplementedError, compiled returns\"}, {\"i\": 1, \"class\": \"SILENT\", \"detail\": \"eager raises NotImplementedError, compiled returns\"}, {\"i\": 2, \"class\": \"SILENT\", \"detail\": \"eager raises NotImplementedError, compiled returns\"}], \"errors\": [], \"verdict\": \"DIFF:SILENT\"}\n"}
,{"stream_name":"stdout","time":1764.514014125,"data":"{\"op\": \"special.modified_bessel_k1\", \"dtype\": \"bfloat16\", \"samples\": 3, \"diffs\": [{\"i\": 0, \"class\": \"SILENT\", \"detail\": \"eager raises NotImplementedError, compiled returns\"}, {\"i\": 1, \"class\": \"SILENT\", \"detail\": \"eager raises NotImplementedError, compiled returns\"}, {\"i\": 2, \"class\": \"SILENT\", \"detail\": \"eager raises NotImplementedError, compiled returns\"}], \"errors\": [], \"verdict\": \"DIFF:SILENT\"}\n"}
,{"stream_name":"stdout","time":1764.514017812,"data":"{\"op\": \"special.modified_bessel_k1\", \"dtype\": \"complex64\", \"samples\": 3, \"diffs\": [], \"errors\": [], \"verdict\": \"ok\"}\n"}
,{"stream_name":"stdout","time":1764.514020585,"data":"{\"op\": \"special.scaled_modified_bessel_k0\", \"dtype\": \"float16\", \"samples\": 3, \"diffs\": [{\"i\": 0, \"class\": \"SILENT\", \"detail\": \"eager raises NotImplementedError, compiled returns\"}, {\"i\": 1, \"class\": \"SILENT\", \"detail\": \"eager raises NotImplementedError, compiled returns\"}, {\"i\": 2, \"class\": \"SILENT\", \"detail\": \"eager raises NotImplementedError, compiled returns\"}], \"errors\": [], \"verdict\": \"DIFF:SILENT\"}\n"}
,{"stream_name":"stdout","time":1764.514024687,"data":"{\"op\": \"special.scaled_modified_bessel_k0\", \"dtype\": \"bfloat16\", \"samples\": 3, \"diffs\": [{\"i\": 0, \"class\": \"SILENT\", \"detail\": \"eager raises NotImplementedError, compiled returns\"}, {\"i\": 1, \"class\": \"SILENT\", \"detail\": \"eager raises NotImplementedError, compiled returns\"}, {\"i\": 2, \"class\": \"SILENT\", \"detail\": \"eager raises NotImplementedError, compiled returns\"}], \"errors\": [], \"verdict\": \"DIFF:SILENT\"}\n"}
,{"stream_name":"stdout","time":1764.514028452,"data":"{\"op\": \"special.scaled_modified_bessel_k0\", \"dtype\": \"complex64\", \"samples\": 3, \"diffs\": [], \"errors\": [], \"verdict\": \"ok\"}\n"}
,{"stream_name":"stdout","time":1764.514031555,"data":"{\"op\": \"special.scaled_modified_bessel_k1\", \"dtype\": \"float16\", \"samples\": 3, \"diffs\": [{\"i\": 0, \"class\": \"SILENT\", \"detail\": \"eager raises NotImplementedError, compiled returns\"}, {\"i\": 1, \"class\": \"SILENT\", \"detail\": \"eager raises NotImplementedError, compiled returns\"}, {\"i\": 2, \"class\": \"SILENT\", \"detail\": \"eager raises NotImplementedError, compiled returns\"}], \"errors\": [], \"verdict\": \"DIFF:SILENT\"}\n"}
,{"stream_name":"stdout","time":1764.514037534,"data":"{\"op\": \"special.scaled_modified_bessel_k1\", \"dtype\": \"bfloat16\", \"samples\": 3, \"diffs\": [{\"i\": 0, \"class\": \"SILENT\", \"detail\": \"eager raises NotImplementedError, compiled returns\"}, {\"i\": 1, \"class\": \"SILENT\", \"detail\": \"eager raises NotImplementedError, compiled returns\"}, {\"i\": 2, \"class\": \"SILENT\", \"detail\": \"eager raises NotImplementedError, compiled returns\"}], \"errors\": [], \"verdict\": \"DIFF:SILENT\"}\n"}
,{"stream_name":"stdout","time":1764.514041375,"data":"{\"op\": \"special.scaled_modified_bessel_k1\", \"dtype\": \"complex64\", \"samples\": 3, \"diffs\": [], \"errors\": [], \"verdict\": \"ok\"}\n"}
,{"stream_name":"stdout","time":1764.514044192,"data":"{\"op\": \"special.shifted_chebyshev_polynomial_t\", \"dtype\": \"float16\", \"samples\": 3, \"diffs\": [{\"i\": 0, \"class\": \"SILENT\", \"detail\": \"eager raises NotImplementedError, compiled returns\"}, {\"i\": 1, \"class\": \"SILENT\", \"detail\": \"eager raises NotImplementedError, compiled returns\"}, {\"i\": 2, \"class\": \"SILENT\", \"detail\": \"eager raises NotImplementedError, compiled returns\"}], \"errors\": [], \"verdict\": \"DIFF:SILENT\"}\n"}
,{"stream_name":"stdout","time":1764.51404853,"data":"{\"op\": \"special.shifted_chebyshev_polynomial_t\", \"dtype\": \"bfloat16\", \"samples\": 3, \"diffs\": [{\"i\": 0, \"class\": \"SILENT\", \"detail\": \"eager raises NotImplementedError, compiled returns\"}, {\"i\": 1, \"class\": \"SILENT\", \"detail\": \"eager raises NotImplementedError, compiled returns\"}, {\"i\": 2, \"class\": \"SILENT\", \"detail\": \"eager raises NotImplementedError, compiled returns\"}], \"errors\": [], \"verdict\": \"DIFF:SILENT\"}\n"}
,{"stream_name":"stdout","time":1764.514052473,"data":"{\"op\": \"special.shifted_chebyshev_polynomial_t\", \"dtype\": \"complex64\", \"samples\": 3, \"diffs\": [], \"errors\": [], \"verdict\": \"ok\"}\n"}
,{"stream_name":"stdout","time":1764.514055279,"data":"{\"op\": \"special.shifted_chebyshev_polynomial_u\", \"dtype\": \"float16\", \"samples\": 3, \"diffs\": [{\"i\": 0, \"class\": \"SILENT\", \"detail\": \"eager raises NotImplementedError, compiled returns\"}, {\"i\": 1, \"class\": \"SILENT\", \"detail\": \"eager raises NotImplementedError, compiled returns\"}, {\"i\": 2, \"class\": \"SILENT\", \"detail\": \"eager raises NotImplementedError, compiled returns\"}], \"errors\": [], \"verdict\": \"DIFF:SILENT\"}\n"}
,{"stream_name":"stdout","time":1764.514058954,"data":"{\"op\": \"special.shifted_chebyshev_polynomial_u\", \"dtype\": \"bfloat16\", \"samples\": 3, \"diffs\": [{\"i\": 0, \"class\": \"SILENT\", \"detail\": \"eager raises NotImplementedError, compiled returns\"}, {\"i\": 1, \"class\": \"SILENT\", \"detail\": \"eager raises NotImplementedError, compiled returns\"}, {\"i\": 2, \"class\": \"SILENT\", \"detail\": \"eager raises NotImplementedError, compiled returns\"}], \"errors\": [], \"verdict\": \"DIFF:SILENT\"}\n"}
,{"stream_name":"stdout","time":1764.514062901,"data":"{\"op\": \"special.shifted_chebyshev_polynomial_u\", \"dtype\": \"complex64\", \"samples\": 3, \"diffs\": [], \"errors\": [], \"verdict\": \"ok\"}\n"}
,{"stream_name":"stdout","time":1764.514065795,"data":"{\"op\": \"special.shifted_chebyshev_polynomial_v\", \"dtype\": \"float16\", \"samples\": 3, \"diffs\": [{\"i\": 0, \"class\": \"SILENT\", \"detail\": \"eager raises NotImplementedError, compiled returns\"}, {\"i\": 1, \"class\": \"SILENT\", \"detail\": \"eager raises NotImplementedError, compiled returns\"}, {\"i\": 2, \"class\": \"SILENT\", \"detail\": \"eager raises NotImplementedError, compiled returns\"}], \"errors\": [], \"verdict\": \"DIFF:SILENT\"}\n"}
,{"stream_name":"stdout","time":1764.514070156,"data":"{\"op\": \"special.shifted_chebyshev_polynomial_v\", \"dtype\": \"bfloat16\", \"samples\": 3, \"diffs\": [{\"i\": 0, \"class\": \"SILENT\", \"detail\": \"eager raises NotImplementedError, compiled returns\"}, {\"i\": 1, \"class\": \"SILENT\", \"detail\": \"eager raises NotImplementedError, compiled returns\"}, {\"i\": 2, \"class\": \"SILENT\", \"detail\": \"eager raises NotImplementedError, compiled returns\"}], \"errors\": [], \"verdict\": \"DIFF:SILENT\"}\n"}
,{"stream_name":"stdout","time":1764.514080181,"data":"{\"op\": \"special.shifted_chebyshev_polynomial_v\", \"dtype\": \"complex64\", \"samples\": 3, \"diffs\": [], \"errors\": [], \"verdict\": \"ok\"}\n"}
,{"stream_name":"stdout","time":1764.514083145,"data":"{\"op\": \"special.shifted_chebyshev_polynomial_w\", \"dtype\": \"float16\", \"samples\": 3, \"diffs\": [{\"i\": 0, \"class\": \"SILENT\", \"detail\": \"eager raises NotImplementedError, compiled returns\"}, {\"i\": 1, \"class\": \"SILENT\", \"detail\": \"eager raises NotImplementedError, compiled returns\"}, {\"i\": 2, \"class\": \"SILENT\", \"detail\": \"eager raises NotImplementedError, compiled returns\"}], \"errors\": [], \"verdict\": \"DIFF:SILENT\"}\n"}
,{"stream_name":"stdout","time":1764.514086889,"data":"{\"op\": \"special.shifted_chebyshev_polynomial_w\", \"dtype\": \"bfloat16\", \"samples\": 3, \"diffs\": [{\"i\": 0, \"class\": \"SILENT\", \"detail\": \"eager raises NotImplementedError, compiled returns\"}, {\"i\": 1, \"class\": \"SILENT\", \"detail\": \"eager raises NotImplementedError, compiled returns\"}, {\"i\": 2, \"class\": \"SILENT\", \"detail\": \"eager raises NotImplementedError, compiled returns\"}], \"errors\": [], \"verdict\": \"DIFF:SILENT\"}\n"}
,{"stream_name":"stdout","time":1764.514091858,"data":"{\"op\": \"special.shifted_chebyshev_polynomial_w\", \"dtype\": \"complex64\", \"samples\": 3, \"diffs\": [], \"errors\": [], \"verdict\": \"ok\"}\n"}
,{"stream_name":"stdout","time":1764.514094684,"data":"{\"op\": \"special.spherical_bessel_j0\", \"dtype\": \"float16\", \"samples\": 3, \"diffs\": [{\"i\": 0, \"class\": \"SILENT\", \"detail\": \"eager raises NotImplementedError, compiled returns\"}, {\"i\": 1, \"class\": \"SILENT\", \"detail\": \"eager raises NotImplementedError, compiled returns\"}, {\"i\": 2, \"class\": \"SILENT\", \"detail\": \"eager raises NotImplementedError, compiled returns\"}], \"errors\": [], \"verdict\": \"DIFF:SILENT\"}\n"}
,{"stream_name":"stdout","time":1764.514098688,"data":"{\"op\": \"special.spherical_bessel_j0\", \"dtype\": \"bfloat16\", \"samples\": 3, \"diffs\": [{\"i\": 0, \"class\": \"SILENT\", \"detail\": \"eager raises NotImplementedError, compiled returns\"}, {\"i\": 1, \"class\": \"SILENT\", \"detail\": \"eager raises NotImplementedError, compiled returns\"}, {\"i\": 2, \"class\": \"SILENT\", \"detail\": \"eager raises NotImplementedError, compiled returns\"}], \"errors\": [], \"verdict\": \"DIFF:SILENT\"}\n"}
,{"stream_name":"stdout","time":1764.514102465,"data":"{\"op\": \"special.spherical_bessel_j0\", \"dtype\": \"complex64\", \"samples\": 3, \"diffs\": [], \"errors\": [], \"verdict\": \"ok\"}\n"}
,{"stream_name":"stdout","time":1764.514105592,"data":"{\"op\": \"masked.cumsum\", \"dtype\": \"bool\", \"samples\": 3, \"diffs\": [], \"errors\": [], \"verdict\": \"ok\"}\n"}
,{"stream_name":"stdout","time":1764.514108435,"data":"{\"op\": \"masked.cumprod\", \"dtype\": \"bool\", \"samples\": 3, \"diffs\": [], \"errors\": [], \"verdict\": \"ok\"}\n"}
,{"stream_name":"stdout","time":1764.514111211,"data":"{\"op\": \"masked.amax\", \"dtype\": \"bool\", \"samples\": 3, \"diffs\": [], \"errors\": [], \"verdict\": \"ok\"}\n"}
,{"stream_name":"stdout","time":1764.514113928,"data":"{\"op\": \"masked.amax\", \"dtype\": \"complex64\", \"samples\": 3, \"diffs\": [], \"errors\": [], \"verdict\": \"ok\"}\n"}
,{"stream_name":"stdout","time":1764.514116607,"data":"{\"op\": \"masked.amin\", \"dtype\": \"bool\", \"samples\": 3, \"diffs\": [], \"errors\": [], \"verdict\": \"ok\"}\n"}
,{"stream_name":"stdout","time":1764.514119306,"data":"{\"op\": \"masked.amin\", \"dtype\": \"complex64\", \"samples\": 3, \"diffs\": [], \"errors\": [], \"verdict\": \"ok\"}\n"}
,{"stream_name":"stdout","time":1764.514124791,"data":"{\"op\": \"masked.argmax\", \"dtype\": \"bool\", \"samples\": 3, \"diffs\": [{\"i\": 0, \"class\": \"SILENT\", \"detail\": \"eager raises RuntimeError, compiled returns\"}, {\"i\": 2, \"class\": \"SILENT\", \"detail\": \"eager raises RuntimeError, compiled returns\"}], \"errors\": [], \"verdict\": \"DIFF:SILENT\"}\n"}
,{"stream_name":"stdout","time":1764.514128263,"data":"{\"op\": \"masked.argmax\", \"dtype\": \"complex64\", \"samples\": 3, \"diffs\": [], \"errors\": [], \"verdict\": \"ok\"}\n"}
,{"stream_name":"stdout","time":1764.514131089,"data":"{\"op\": \"masked.argmin\", \"dtype\": \"bool\", \"samples\": 3, \"diffs\": [{\"i\": 0, \"class\": \"SILENT\", \"detail\": \"eager raises RuntimeError, compiled returns\"}, {\"i\": 2, \"class\": \"SILENT\", \"detail\": \"eager raises RuntimeError, compiled returns\"}], \"errors\": [], \"verdict\": \"DIFF:SILENT\"}\n"}
,{"stream_name":"stdout","time":1764.514134493,"data":"{\"op\": \"masked.argmin\", \"dtype\": \"complex64\", \"samples\": 3, \"diffs\": [], \"errors\": [], \"verdict\": \"ok\"}\n"}
,{"stream_name":"stdout","time":1764.514137197,"data":"{\"op\": \"masked.mean\", \"dtype\": \"int8\", \"samples\": 3, \"diffs\": [], \"errors\": [], \"verdict\": \"ok\"}\n"}
,{"stream_name":"stdout","time":1764.514139901,"data":"{\"op\": \"masked.mean\", \"dtype\": \"uint8\", \"samples\": 3, \"diffs\": [], \"errors\": [], \"verdict\": \"ok\"}\n"}
,{"stream_name":"stdout","time":1764.514142627,"data":"{\"op\": \"masked.mean\", \"dtype\": \"int16\", \"samples\": 3, \"diffs\": [], \"errors\": [], \"verdict\": \"ok\"}\n"}
,{"stream_name":"stdout","time":1764.514145333,"data":"{\"op\": \"masked.mean\", \"dtype\": \"int32\", \"samples\": 3, \"diffs\": [], \"errors\": [], \"verdict\": \"ok\"}\n"}
,{"stream_name":"stdout","time":1764.514148301,"data":"{\"op\": \"masked.mean\", \"dtype\": \"int64\", \"samples\": 3, \"diffs\": [], \"errors\": [], \"verdict\": \"ok\"}\n"}
,{"stream_name":"stdout","time":1764.514151048,"data":"{\"op\": \"masked.mean\", \"dtype\": \"bool\", \"samples\": 3, \"diffs\": [], \"errors\": [], \"verdict\": \"ok\"}\n"}
,{"stream_name":"stdout","time":1764.514153781,"data":"{\"op\": \"masked.norm\", \"dtype\": \"int8\", \"samples\": 3, \"diffs\": [], \"errors\": [], \"verdict\": \"ok\"}\n"}
,{"stream_name":"stdout","time":1764.514156817,"data":"{\"op\": \"masked.norm\", \"dtype\": \"uint8\", \"samples\": 3, \"diffs\": [], \"errors\": [], \"verdict\": \"ok\"}\n"}
,{"stream_name":"stdout","time":1764.514159562,"data":"{\"op\": \"masked.norm\", \"dtype\": \"int16\", \"samples\": 3, \"diffs\": [], \"errors\": [], \"verdict\": \"ok\"}\n"}
,{"stream_name":"stdout","time":1764.514162269,"data":"{\"op\": \"masked.norm\", \"dtype\": \"int32\", \"samples\": 3, \"diffs\": [], \"errors\": [], \"verdict\": \"ok\"}\n"}
,{"stream_name":"stdout","time":1764.514164925,"data":"{\"op\": \"masked.norm\", \"dtype\": \"int64\", \"samples\": 3, \"diffs\": [], \"errors\": [], \"verdict\": \"ok\"}\n"}
,{"stream_name":"stdout","time":1764.514167611,"data":"{\"op\": \"masked.norm\", \"dtype\": \"bool\", \"samples\": 3, \"diffs\": [], \"errors\": [], \"verdict\": \"ok\"}\n"}
,{"stream_name":"stdout","time":1764.514170577,"data":"{\"op\": \"masked.norm\", \"dtype\": \"complex64\", \"samples\": 3, \"diffs\": [], \"errors\": [], \"verdict\": \"ok\"}\n"}
,{"stream_name":"stdout","time":1764.514173447,"data":"{\"op\": \"masked.var\", \"dtype\": \"bool\", \"samples\": 3, \"diffs\": [{\"i\": 0, \"class\": \"SILENT\", \"detail\": \"eager raises NotImplementedError, compiled returns\"}, {\"i\": 1, \"class\": \"SILENT\", \"detail\": \"eager raises NotImplementedError, compiled returns\"}, {\"i\": 2, \"class\": \"SILENT\", \"detail\": \"eager raises NotImplementedError, compiled returns\"}], \"errors\": [], \"verdict\": \"DIFF:SILENT\"}\n"}
,{"stream_name":"stdout","time":1764.51417972,"data":"{\"op\": \"masked.std\", \"dtype\": \"bool\", \"samples\": 3, \"diffs\": [{\"i\": 0, \"class\": \"SILENT\", \"detail\": \"eager raises NotImplementedError, compiled returns\"}, {\"i\": 1, \"class\": \"SILENT\", \"detail\": \"eager raises NotImplementedError, compiled returns\"}, {\"i\": 2, \"class\": \"SILENT\", \"detail\": \"eager raises NotImplementedError, compiled returns\"}], \"errors\": [], \"verdict\": \"DIFF:SILENT\"}\n"}
,{"stream_name":"stdout","time":1764.514183543,"data":"{\"op\": \"masked.softmax\", \"dtype\": \"int8\", \"samples\": 3, \"diffs\": [{\"i\": 0, \"class\": \"SILENT\", \"detail\": \"eager raises NotImplementedError, compiled returns\"}, {\"i\": 1, \"class\": \"SILENT\", \"detail\": \"eager raises NotImplementedError, compiled returns\"}, {\"i\": 2, \"class\": \"SILENT\", \"detail\": \"eager raises NotImplementedError, compiled returns\"}], \"errors\": [], \"verdict\": \"DIFF:SILENT\"}\n"}
,{"stream_name":"stdout","time":1764.514187774,"data":"{\"op\": \"masked.softmax\", \"dtype\": \"uint8\", \"samples\": 3, \"diffs\": [{\"i\": 0, \"class\": \"SILENT\", \"detail\": \"eager raises NotImplementedError, compiled returns\"}, {\"i\": 1, \"class\": \"SILENT\", \"detail\": \"eager raises NotImplementedError, compiled returns\"}, {\"i\": 2, \"class\": \"SILENT\", \"detail\": \"eager raises NotImplementedError, compiled returns\"}], \"errors\": [], \"verdict\": \"DIFF:SILENT\"}\n"}
,{"stream_name":"stdout","time":1764.514191483,"data":"{\"op\": \"masked.softmax\", \"dtype\": \"int16\", \"samples\": 3, \"diffs\": [{\"i\": 0, \"class\": \"SILENT\", \"detail\": \"eager raises NotImplementedError, compiled returns\"}, {\"i\": 1, \"class\": \"SILENT\", \"detail\": \"eager raises NotImplementedError, compiled returns\"}, {\"i\": 2, \"class\": \"SILENT\", \"detail\": \"eager raises NotImplementedError, compiled returns\"}], \"errors\": [], \"verdict\": \"DIFF:SILENT\"}\n"}
,{"stream_name":"stdout","time":1764.514195184,"data":"{\"op\": \"masked.softmax\", \"dtype\": \"int32\", \"samples\": 3, \"diffs\": [{\"i\": 0, \"class\": \"SILENT\", \"detail\": \"eager raises NotImplementedError, compiled returns\"}, {\"i\": 1, \"class\": \"SILENT\", \"detail\": \"eager raises NotImplementedError, compiled returns\"}, {\"i\": 2, \"class\": \"SILENT\", \"detail\": \"eager raises NotImplementedError, compiled returns\"}], \"errors\": [], \"verdict\": \"DIFF:SILENT\"}\n"}
,{"stream_name":"stdout","time":1764.514198817,"data":"{\"op\": \"masked.softmax\", \"dtype\": \"int64\", \"samples\": 3, \"diffs\": [{\"i\": 0, \"class\": \"SILENT\", \"detail\": \"eager raises NotImplementedError, compiled returns\"}, {\"i\": 1, \"class\": \"SILENT\", \"detail\": \"eager raises NotImplementedError, compiled returns\"}, {\"i\": 2, \"class\": \"SILENT\", \"detail\": \"eager raises NotImplementedError, compiled returns\"}], \"errors\": [], \"verdict\": \"DIFF:SILENT\"}\n"}
,{"stream_name":"stdout","time":1764.514202718,"data":"{\"op\": \"masked.softmax\", \"dtype\": \"bool\", \"samples\": 3, \"diffs\": [], \"errors\": [], \"verdict\": \"ok\"}\n"}
,{"stream_name":"stdout","time":1764.514205526,"data":"{\"op\": \"masked.softmax\", \"dtype\": \"complex64\", \"samples\": 3, \"diffs\": [], \"errors\": [], \"verdict\": \"ok\"}\n"}
,{"stream_name":"stdout","time":1764.514208318,"data":"{\"op\": \"masked.log_softmax\", \"dtype\": \"int8\", \"samples\": 3, \"diffs\": [{\"i\": 0, \"class\": \"SILENT\", \"detail\": \"eager raises NotImplementedError, compiled returns\"}, {\"i\": 1, \"class\": \"SILENT\", \"detail\": \"eager raises NotImplementedError, compiled returns\"}, {\"i\": 2, \"class\": \"SILENT\", \"detail\": \"eager raises NotImplementedError, compiled returns\"}], \"errors\": [], \"verdict\": \"DIFF:SILENT\"}\n"}
,{"stream_name":"stdout","time":1764.51421965,"data":"{\"op\": \"masked.log_softmax\", \"dtype\": \"uint8\", \"samples\": 3, \"diffs\": [{\"i\": 0, \"class\": \"SILENT\", \"detail\": \"eager raises NotImplementedError, compiled returns\"}, {\"i\": 1, \"class\": \"SILENT\", \"detail\": \"eager raises NotImplementedError, compiled returns\"}, {\"i\": 2, \"class\": \"SILENT\", \"detail\": \"eager raises NotImplementedError, compiled returns\"}], \"errors\": [], \"verdict\": \"DIFF:SILENT\"}\n"}
,{"stream_name":"stdout","time":1764.514226007,"data":"{\"op\": \"masked.log_softmax\", \"dtype\": \"int16\", \"samples\": 3, \"diffs\": [{\"i\": 0, \"class\": \"SILENT\", \"detail\": \"eager raises NotImplementedError, compiled returns\"}, {\"i\": 1, \"class\": \"SILENT\", \"detail\": \"eager raises NotImplementedError, compiled returns\"}, {\"i\": 2, \"class\": \"SILENT\", \"detail\": \"eager raises NotImplementedError, compiled returns\"}], \"errors\": [], \"verdict\": \"DIFF:SILENT\"}\n"}
,{"stream_name":"stdout","time":1764.514229837,"data":"{\"op\": \"masked.log_softmax\", \"dtype\": \"int32\", \"samples\": 3, \"diffs\": [{\"i\": 0, \"class\": \"SILENT\", \"detail\": \"eager raises NotImplementedError, compiled returns\"}, {\"i\": 1, \"class\": \"SILENT\", \"detail\": \"eager raises NotImplementedError, compiled returns\"}, {\"i\": 2, \"class\": \"SILENT\", \"detail\": \"eager raises NotImplementedError, compiled returns\"}], \"errors\": [], \"verdict\": \"DIFF:SILENT\"}\n"}
,{"stream_name":"stdout","time":1764.5142335,"data":"{\"op\": \"masked.log_softmax\", \"dtype\": \"int64\", \"samples\": 3, \"diffs\": [{\"i\": 0, \"class\": \"SILENT\", \"detail\": \"eager raises NotImplementedError, compiled returns\"}, {\"i\": 1, \"class\": \"SILENT\", \"detail\": \"eager raises NotImplementedError, compiled returns\"}, {\"i\": 2, \"class\": \"SILENT\", \"detail\": \"eager raises NotImplementedError, compiled returns\"}], \"errors\": [], \"verdict\": \"DIFF:SILENT\"}\n"}
,{"stream_name":"stdout","time":1764.514237407,"data":"{\"op\": \"masked.log_softmax\", \"dtype\": \"bool\", \"samples\": 3, \"diffs\": [], \"errors\": [], \"verdict\": \"ok\"}\n"}
,{"stream_name":"stdout","time":1764.51424026,"data":"{\"op\": \"masked.log_softmax\", \"dtype\": \"complex64\", \"samples\": 3, \"diffs\": [], \"errors\": [], \"verdict\": \"ok\"}\n"}
,{"stream_name":"stdout","time":1764.514243063,"data":"{\"op\": \"masked.softmin\", \"dtype\": \"int8\", \"samples\": 3, \"diffs\": [{\"i\": 0, \"class\": \"SILENT\", \"detail\": \"eager raises NotImplementedError, compiled returns\"}, {\"i\": 1, \"class\": \"SILENT\", \"detail\": \"eager raises NotImplementedError, compiled returns\"}, {\"i\": 2, \"class\": \"SILENT\", \"detail\": \"eager raises NotImplementedError, compiled returns\"}], \"errors\": [], \"verdict\": \"DIFF:SILENT\"}\n"}
,{"stream_name":"stdout","time":1764.514247181,"data":"{\"op\": \"masked.softmin\", \"dtype\": \"uint8\", \"samples\": 3, \"diffs\": [{\"i\": 0, \"class\": \"SILENT\", \"detail\": \"eager raises NotImplementedError, compiled returns\"}, {\"i\": 1, \"class\": \"SILENT\", \"detail\": \"eager raises NotImplementedError, compiled returns\"}, {\"i\": 2, \"class\": \"SILENT\", \"detail\": \"eager raises NotImplementedError, compiled returns\"}], \"errors\": [], \"verdict\": \"DIFF:SILENT\"}\n"}
,{"stream_name":"stdout","time":1764.514250959,"data":"{\"op\": \"masked.softmin\", \"dtype\": \"int16\", \"samples\": 3, \"diffs\": [{\"i\": 0, \"class\": \"SILENT\", \"detail\": \"eager raises NotImplementedError, compiled returns\"}, {\"i\": 1, \"class\": \"SILENT\", \"detail\": \"eager raises NotImplementedError, compiled returns\"}, {\"i\": 2, \"class\": \"SILENT\", \"detail\": \"eager raises NotImplementedError, compiled returns\"}], \"errors\": [], \"verdict\": \"DIFF:SILENT\"}\n"}
,{"stream_name":"stdout","time":1764.514254597,"data":"{\"op\": \"masked.softmin\", \"dtype\": \"int32\", \"samples\": 3, \"diffs\": [{\"i\": 0, \"class\": \"SILENT\", \"detail\": \"eager raises NotImplementedError, compiled returns\"}, {\"i\": 1, \"class\": \"SILENT\", \"detail\": \"eager raises NotImplementedError, compiled returns\"}, {\"i\": 2, \"class\": \"SILENT\", \"detail\": \"eager raises NotImplementedError, compiled returns\"}], \"errors\": [], \"verdict\": \"DIFF:SILENT\"}\n"}
,{"stream_name":"stdout","time":1764.514260114,"data":"{\"op\": \"masked.softmin\", \"dtype\": \"int64\", \"samples\": 3, \"diffs\": [{\"i\": 0, \"class\": \"SILENT\", \"detail\": \"eager raises NotImplementedError, compiled returns\"}, {\"i\": 1, \"class\": \"SILENT\", \"detail\": \"eager raises NotImplementedError, compiled returns\"}, {\"i\": 2, \"class\": \"SILENT\", \"detail\": \"eager raises NotImplementedError, compiled returns\"}], \"errors\": [], \"verdict\": \"DIFF:SILENT\"}\n"}
,{"stream_name":"stdout","time":1764.514263855,"data":"{\"op\": \"masked.softmin\", \"dtype\": \"bool\", \"samples\": 3, \"diffs\": [], \"errors\": [], \"verdict\": \"ok\"}\n"}
,{"stream_name":"stdout","time":1764.51426683,"data":"{\"op\": \"masked.softmin\", \"dtype\": \"complex64\", \"samples\": 3, \"diffs\": [], \"errors\": [], \"verdict\": \"ok\"}\n"}
,{"stream_name":"stdout","time":1764.514269903,"data":"{\"op\": \"masked.logaddexp\", \"dtype\": \"int8\", \"samples\": 3, \"diffs\": [{\"i\": 0, \"class\": \"SILENT\", \"detail\": \"eager raises NotImplementedError, compiled returns\"}, {\"i\": 1, \"class\": \"SILENT\", \"detail\": \"eager raises NotImplementedError, compiled returns\"}, {\"i\": 2, \"class\": \"SILENT\", \"detail\": \"eager raises NotImplementedError, compiled returns\"}], \"errors\": [], \"verdict\": \"DIFF:SILENT\"}\n"}
,{"stream_name":"stdout","time":1764.514273971,"data":"{\"op\": \"masked.logaddexp\", \"dtype\": \"uint8\", \"samples\": 3, \"diffs\": [{\"i\": 0, \"class\": \"SILENT\", \"detail\": \"eager raises NotImplementedError, compiled returns\"}, {\"i\": 1, \"class\": \"SILENT\", \"detail\": \"eager raises NotImplementedError, compiled returns\"}, {\"i\": 2, \"class\": \"SILENT\", \"detail\": \"eager raises NotImplementedError, compiled returns\"}], \"errors\": [], \"verdict\": \"DIFF:SILENT\"}\n"}
,{"stream_name":"stdout","time":1764.514277818,"data":"{\"op\": \"masked.logaddexp\", \"dtype\": \"int16\", \"samples\": 3, \"diffs\": [{\"i\": 0, \"class\": \"SILENT\", \"detail\": \"eager raises NotImplementedError, compiled returns\"}, {\"i\": 1, \"class\": \"SILENT\", \"detail\": \"eager raises NotImplementedError, compiled returns\"}, {\"i\": 2, \"class\": \"SILENT\", \"detail\": \"eager raises NotImplementedError, compiled returns\"}], \"errors\": [], \"verdict\": \"DIFF:SILENT\"}\n"}
,{"stream_name":"stdout","time":1764.51428146,"data":"{\"op\": \"masked.logaddexp\", \"dtype\": \"int32\", \"samples\": 3, \"diffs\": [{\"i\": 0, \"class\": \"SILENT\", \"detail\": \"eager raises NotImplementedError, compiled returns\"}, {\"i\": 1, \"class\": \"SILENT\", \"detail\": \"eager raises NotImplementedError, compiled returns\"}, {\"i\": 2, \"class\": \"SILENT\", \"detail\": \"eager raises NotImplementedError, compiled returns\"}], \"errors\": [], \"verdict\": \"DIFF:SILENT\"}\n"}
,{"stream_name":"stdout","time":1764.514285153,"data":"{\"op\": \"masked.logaddexp\", \"dtype\": \"int64\", \"samples\": 3, \"diffs\": [{\"i\": 0, \"class\": \"SILENT\", \"detail\": \"eager raises NotImplementedError, compiled returns\"}, {\"i\": 1, \"class\": \"SILENT\", \"detail\": \"eager raises NotImplementedError, compiled returns\"}, {\"i\": 2, \"class\": \"SILENT\", \"detail\": \"eager raises NotImplementedError, compiled returns\"}], \"errors\": [], \"verdict\": \"DIFF:SILENT\"}\n"}
,{"stream_name":"stdout","time":1764.514288771,"data":"{\"op\": \"masked.logaddexp\", \"dtype\": \"bool\", \"samples\": 3, \"diffs\": [], \"errors\": [], \"verdict\": \"ok\"}\n"}
,{"stream_name":"stdout","time":1764.51429162,"data":"{\"op\": \"masked.logaddexp\", \"dtype\": \"complex64\", \"samples\": 3, \"diffs\": [], \"errors\": [], \"verdict\": \"ok\"}\n"}
,{"stream_name":"stdout","time":1764.51429465,"data":"{\"op\": \"masked.logsumexp\", \"dtype\": \"bool\", \"samples\": 3, \"diffs\": [], \"errors\": [], \"verdict\": \"ok\"}\n"}
,{"stream_name":"stdout","time":1764.514299781,"data":"{\"op\": \"bmm\", \"dtype\": \"int8\", \"samples\": 3, \"diffs\": [], \"errors\": [], \"verdict\": \"ok\"}\n"}
,{"stream_name":"stdout","time":1764.514302722,"data":"{\"op\": \"bmm\", \"dtype\": \"uint8\", \"samples\": 3, \"diffs\": [], \"errors\": [], \"verdict\": \"ok\"}\n"}
,{"stream_name":"stdout","time":1764.514306724,"data":"{\"op\": \"bmm\", \"dtype\": \"int16\", \"samples\": 3, \"diffs\": [], \"errors\": [], \"verdict\": \"ok\"}\n"}
,{"stream_name":"stdout","time":1764.514309471,"data":"{\"op\": \"bmm\", \"dtype\": \"int32\", \"samples\": 3, \"diffs\": [], \"errors\": [], \"verdict\": \"ok\"}\n"}
,{"stream_name":"stdout","time":1764.514312164,"data":"{\"op\": \"bmm\", \"dtype\": \"int64\", \"samples\": 3, \"diffs\": [], \"errors\": [], \"verdict\": \"ok\"}\n"}
,{"stream_name":"stdout","time":1764.514317917,"data":"{\"op\": \"bmm\", \"dtype\": \"complex64\", \"samples\": 3, \"diffs\": [{\"i\": 0, \"class\": \"SIGNZERO\", \"detail\": \"sign of zero\", \"repr\": \"SampleInput(input=tensor([[[-8.4784+0.j],\\n         [-1.7658+0.j],\\n         [-4.3228+0.j],\\n         [-2.4005+0.j],\\n         [-7.9506+0.j],\\n         [ 3.6116+0.j],\\n         [-8.0676+0.j],\\n         [-0.5735+0.j],\\n         [ 3.1285+0.j],\\n         [-3.0337+0.j],\\n         [ 5.1067+0.j],\\n         [ 1.1351+\"}, {\"i\": 1, \"class\": \"SIGNZERO\", \"detail\": \"sign of zero\", \"repr\": \"SampleInput(input=tensor([[[-1.8841+0.j],\\n         [-0.3924+0.j],\\n         [-0.9606+0.j],\\n         [-0.5334+0.j],\\n         [-1.7668+0.j],\\n         [ 0.8026+0.j],\\n         [-1.7928+0.j],\\n         [-0.1274+0.j],\\n         [ 0.6952+0.j],\\n         [-0.6742+0.j],\\n         [ 1.1348+0.j],\\n         [ 0.2523+\"}], \"errors\": [], \"verdict\": \"DIFF:SIGNZERO\"}\n"}
,{"stream_name":"stdout","time":1764.5143236,"data":"\n"}
,{"stream_name":"stdout","time":1764.514326151,"data":"=====JSONL END\n"}
,{"stream_name":"stdout","time":1764.514328673,"data":"JOB DONE\n"}
,{"stream_name":"stderr","time":1767.190488679,"data":"/usr/local/lib/python3.12/dist-packages/mistune.py:435: SyntaxWarning: invalid escape sequence '\\|'\n"}
,{"stream_name":"stderr","time":1767.190527261,"data":"  cells[i][c] = re.sub('\\\\\\\\\\|', '|', cell)\n"}
,{"stream_name":"stderr","time":1767.535104833,"data":"/usr/local/lib/python3.12/dist-packages/nbconvert/filters/filter_links.py:36: SyntaxWarning: invalid escape sequence '\\_'\n"}
,{"stream_name":"stderr","time":1767.535138446,"data":"  text = re.sub(r'_', '\\_', text) # Escape underscores in display text\n"}
,{"stream_name":"stderr","time":1768.317542849,"data":"[NbConvertApp] Converting notebook __script__.ipynb to html\n"}
,{"stream_name":"stderr","time":1770.057587373,"data":"[NbConvertApp] Writing 298121 bytes to __results__.html\n"}
]