[{"stream_name":"stdout","time":6.767096313,"data":"   ©¥©¥©¥©¥©¥©¥©¥©¥©¥©¥©¥©¥©¥©¥©¥©¥©¥©¥©¥©¥©¥©¥©¥©¥©¥©¥©¥©¥©¥©¥©¥©¥©¥©¥©¥©¥©¥©¥©¥©¥ 196.3/196.3 MB 6.5 MB/s eta 0:00:00\n"}
,{"stream_name":"stderr","time":36.358460095,"data":"ERROR: pip's dependency resolver does not currently take into account all the packages that are installed. This behaviour is the source of the following dependency conflicts.\n"}
,{"stream_name":"stderr","time":36.358522485,"data":"torchaudio 2.10.0+cpu requires torch==2.10.0, but you have torch 2.14.0+cpu which is incompatible.\n"}
,{"stream_name":"stderr","time":36.358529315,"data":"torchvision 0.25.0+cpu requires torch==2.10.0, but you have torch 2.14.0+cpu which is incompatible.\n"}
,{"stream_name":"stdout","time":39.252800753,"data":"   ©¥©¥©¥©¥©¥©¥©¥©¥©¥©¥©¥©¥©¥©¥©¥©¥©¥©¥©¥©¥©¥©¥©¥©¥©¥©¥©¥©¥©¥©¥©¥©¥©¥©¥©¥©¥©¥©¥©¥©¥ 1.2/1.2 MB 4.9 MB/s eta 0:00:00\n"}
,{"stream_name":"stdout","time":177.561315697,"data":" asin int32 (1s, total 62s)\n"}
,{"stream_name":"stdout","time":177.561399347,"data":"[46/898] ok           asinh float32 (1s, total 63s)\n"}
,{"stream_name":"stdout","time":177.561411227,"data":"[47/898] ok           asinh int32 (1s, total 64s)\n"}
,{"stream_name":"stdout","time":177.561416377,"data":"[48/898] ok           atan float32 (1s, total 64s)\n"}
,{"stream_name":"stdout","time":177.561420817,"data":"[49/898] ok           atan int32 (1s, total 65s)\n"}
,{"stream_name":"stdout","time":177.561425417,"data":"[50/898] ok           atan2 float32 (2s, total 67s)\n"}
,{"stream_name":"stdout","time":177.561429657,"data":"[51/898] ok           atan2 int32 (2s, total 70s)\n"}
,{"stream_name":"stdout","time":177.561433917,"data":"[52/898] DIFF:SIGNZERO atanh float32 (1s, total 70s)\n"}
,{"stream_name":"stdout","time":177.561438577,"data":"[53/898] ok           atanh int32 (1s, total 71s)\n"}
,{"stream_name":"stdout","time":177.561442987,"data":"[54/898] ok           allclose float32 (0s, total 71s)\n"}
,{"stream_name":"stdout","time":177.561447487,"data":"[55/898] ok           broadcast_to float32 (0s, total 71s)\n"}
,{"stream_name":"stdout","time":177.561451767,"data":"[56/898] ok           broadcast_to int32 (0s, total 72s)\n"}
,{"stream_name":"stdout","time":177.561456207,"data":"[57/898] ok           broadcast_shapes float32 (0s, total 72s)\n"}
,{"stream_name":"stdout","time":177.561460457,"data":"[58/898] ok           broadcast_tensors float32 (0s, total 72s)\n"}
,{"stream_name":"stdout","time":177.561464657,"data":"[59/898] ok           broadcast_tensors int32 (0s, total 72s)\n"}
,{"stream_name":"stdout","time":177.561469157,"data":"[60/898] ok           block_diag float32 (2s, total 75s)\n"}
,{"stream_name":"stdout","time":177.561473707,"data":"[61/898] ok           block_diag int32 (2s, total 77s)\n"}
,{"stream_name":"stdout","time":177.561478147,"data":"[62/898] ok           bitwise_not int32 (1s, total 78s)\n"}
,{"stream_name":"stdout","time":177.561482847,"data":"[63/898] ok           bitwise_left_shift int32 (2s, total 80s)\n"}
,{"stream_name":"stdout","time":177.561486897,"data":"[64/898] ok           bitwise_right_shift int32 (2s, total 82s)\n"}
,{"stream_name":"stdout","time":177.561490937,"data":"[65/898] ok           combinations float32 (1s, total 83s)\n"}
,{"stream_name":"stdout","time":177.561495267,"data":"[66/898] ok           combinations int32 (1s, total 84s)\n"}
,{"stream_name":"stdout","time":177.561499907,"data":"[67/898] ok           cartesian_prod float32 (2s, total 85s)\n"}
,{"stream_name":"stdout","time":177.561505127,"data":"[68/898] ok           cartesian_prod int32 (1s, total 87s)\n"}
,{"stream_name":"stdout","time":177.561509957,"data":"[69/898] ok           cdist float32 (0s, total 87s)\n"}
,{"stream_name":"stdout","time":177.561529567,"data":"[70/898] ok           ceil float32 (1s, total 88s)\n"}
,{"stream_name":"stdout","time":177.561533607,"data":"[71/898] ok           ceil int32 (1s, total 88s)\n"}
,{"stream_name":"stdout","time":177.561536947,"data":"[72/898] ok           chunk float32 (0s, total 88s)\n"}
,{"stream_name":"stdout","time":177.561540137,"data":"[73/898] ok           chunk int32 (0s, total 89s)\n"}
,{"stream_name":"stdout","time":177.561543407,"data":"[74/898] ok           unsafe_chunk float32 (0s, total 89s)\n"}
,{"stream_name":"stdout","time":177.561546917,"data":"[75/898] ok           unsafe_chunk int32 (0s, total 89s)\n"}
,{"stream_name":"stdout","time":177.561549807,"data":"[76/898] ok           clone float32 (1s, total 90s)\n"}
,{"stream_name":"stdout","time":177.561552677,"data":"[77/898] ok           clone int32 (1s, total 92s)\n"}
,{"stream_name":"stdout","time":177.561555637,"data":"[78/898] ok           contiguous float32 (1s, total 92s)\n"}
,{"stream_name":"stdout","time":177.561558757,"data":"[79/898] ok           contiguous int32 (0s, total 92s)\n"}
,{"stream_name":"stdout","time":177.561562367,"data":"[80/898] ok           sum_to_size float32 (1s, total 93s)\n"}
,{"stream_name":"stdout","time":177.561568207,"data":"[81/898] ok           sum_to_size int32 (1s, total 94s)\n"}
,{"stream_name":"stdout","time":177.561573337,"data":"[82/898] ok           clamp float32 (2s, total 96s)\n"}
,{"stream_name":"stdout","time":177.561576557,"data":"[83/898] ok           clamp int32 (2s, total 98s)\n"}
,{"stream_name":"stdout","time":177.561580287,"data":"[84/898] ok           positive float32 (0s, total 98s)\n"}
,{"stream_name":"stdout","time":177.561583657,"data":"[85/898] ok           positive int32 (0s, total 98s)\n"}
,{"stream_name":"stdout","time":177.561586897,"data":"[86/898] ok           conj float32 (0s, total 99s)\n"}
,{"stream_name":"stdout","time":177.561589777,"data":"[87/898] ok           conj int32 (0s, total 99s)\n"}
,{"stream_name":"stdout","time":177.561592707,"data":"[88/898] ok           conj_physical float32 (0s, total 99s)\n"}
,{"stream_name":"stdout","time":177.561595517,"data":"[89/898] ok           conj_physical int32 (0s, total 99s)\n"}
,{"stream_name":"stdout","time":177.561598337,"data":"[90/898] ok           view_as_complex float32 (0s, total 99s)\n"}
,{"stream_name":"stdout","time":177.561601207,"data":"[91/898] ok           complex float32 (0s, total 99s)\n"}
,{"stream_name":"stdout","time":177.561604027,"data":"[92/898] ok           copysign float32 (2s, total 101s)\n"}
,{"stream_name":"stdout","time":177.561607147,"data":"[93/898] ok           copysign int32 (2s, total 104s)\n"}
,{"stream_name":"stdout","time":177.561610457,"data":"[94/898] ok           corrcoef float32 (0s, total 104s)\n"}
,{"stream_name":"stdout","time":177.561613497,"data":"[95/898] ok           corrcoef int32 (0s, total 104s)\n"}
,{"stream_name":"stdout","time":177.561616517,"data":"[96/898] ok           cos float32 (1s, total 105s)\n"}
,{"stream_name":"stdout","time":177.561619787,"data":"[97/898] ok           cos int32 (2s, total 107s)\n"}
,{"stream_name":"stdout","time":177.561623327,"data":"[98/898] ok           cosh float32 (1s, total 108s)\n"}
,{"stream_name":"stdout","time":177.561626737,"data":"[99/898] ok           cosh int32 (1s, total 109s)\n"}
,{"stream_name":"stdout","time":177.561630377,"data":"[100/898] ok           cov float32 (0s, total 110s)\n"}
,{"stream_name":"stdout","time":177.561633727,"data":"[101/898] ok           cov int32 (0s, total 110s)\n"}
,{"stream_name":"stdout","time":177.561638547,"data":"[102/898] DIFF:VALUE   cross float32 (2s, total 112s)\n"}
,{"stream_name":"stdout","time":177.561647217,"data":"[103/898] ok           cross int32 (2s, total 114s)\n"}
,{"stream_name":"stdout","time":177.561650937,"data":"[104/898] ok           cumsum float32 (0s, total 115s)\n"}
,{"stream_name":"stdout","time":177.561654507,"data":"[105/898] ok           cumsum int32 (0s, total 115s)\n"}
,{"stream_name":"stdout","time":177.561657957,"data":"[106/898] ok           cumprod float32 (0s, total 115s)\n"}
,{"stream_name":"stdout","time":177.561661757,"data":"[107/898] ok           cumprod int32 (0s, total 115s)\n"}
,{"stream_name":"stdout","time":177.561665087,"data":"[108/898] ok           cummax float32 (1s, total 116s)\n"}
,{"stream_name":"stdout","time":177.561668057,"data":"[109/898] ok           cummax int32 (1s, total 117s)\n"}
,{"stream_name":"stdout","time":177.561670957,"data":"[110/898] ok           cummin float32 (0s, total 117s)\n"}
,{"stream_name":"stdout","time":177.561673987,"data":"[111/898] ok           cummin int32 (0s, total 117s)\n"}
,{"stream_name":"stdout","time":177.561676847,"data":"[112/898] ok           deg2rad float32 (1s, total 118s)\n"}
,{"stream_name":"stdout","time":177.561680047,"data":"[113/898] ok           deg2rad int32 (1s, total 119s)\n"}
,{"stream_name":"stdout","time":177.561682907,"data":"[114/898] ok           diff float32 (1s, total 120s)\n"}
,{"stream_name":"stdout","time":177.561685607,"data":"[115/898] ok           diff int32 (1s, total 121s)\n"}
,{"stream_name":"stdout","time":177.561688227,"data":"[116/898] ok           div float32 (2s, total 123s)\n"}
,{"stream_name":"stdout","time":177.561691357,"data":"[117/898] ok           div int32 (2s, total 125s)\n"}
,{"stream_name":"stdout","time":177.561694297,"data":"[118/898] ok           div float32 (2s, total 127s)\n"}
,{"stream_name":"stdout","time":177.561697257,"data":"\n"}
,{"stream_name":"stdout","time":177.561701327,"data":"exit -8 /usr/local/lib/python3.12/dist-packages/torch/_inductor/lowering.py:2774: UserWarning: Torchinductor does not support code generation for complex operators. Performance may be worse than eager.\n"}
,{"stream_name":"stdout","time":177.561706577,"data":"  warnings.warn(\n"}
,{"stream_name":"stdout","time":177.561709727,"data":"/kaggle/working/sweep.py:151: UserWarning: Using torch.cross without specifying the dim arg is deprecated.\n"}
,{"stream_name":"stdout","time":177.561713787,"data":"Please either pass the dim explicitly or simply use torch.linalg.cross.\n"}
,{"stream_name":"stdout","time":177.561716697,"data":"The default value of dim will change to agree with that of linalg.cross in a future release. (Triggered internally at /__w/pytorch/pytorch/aten/src/ATen/native/Cross.cpp:63.)\n"}
,{"stream_name":"stdout","time":177.561720627,"data":"  eager = fn(inp, *args, **kwargs)\n"}
,{"stream_name":"stdout","time":177.561723697,"data":"\n"}
,{"stream_name":"stdout","time":1073.009786,"data":"[720/776] ok           special.hermite_polynomial_h int32 (2s, total 807s)\n"}
,{"stream_name":"stdout","time":1073.009827179,"data":"[721/776] ok           special.hermite_polynomial_he float32 (2s, total 809s)\n"}
,{"stream_name":"stdout","time":1073.00983427,"data":"[722/776] ok           special.hermite_polynomial_he int32 (2s, total 811s)\n"}
,{"stream_name":"stdout","time":1073.00983953,"data":"[723/776] ok           special.laguerre_polynomial_l float32 (2s, total 813s)\n"}
,{"stream_name":"stdout","time":1073.00984479,"data":"[724/776] ok           special.laguerre_polynomial_l int32 (2s, total 815s)\n"}
,{"stream_name":"stdout","time":1073.00984989,"data":"[725/776] ok           special.legendre_polynomial_p float32 (2s, total 817s)\n"}
,{"stream_name":"stdout","time":1073.009854879,"data":"[726/776] ok           special.legendre_polynomial_p int32 (2s, total 819s)\n"}
,{"stream_name":"stdout","time":1073.00987431,"data":"[727/776] ok           special.modified_bessel_i0 float32 (1s, total 820s)\n"}
,{"stream_name":"stdout","time":1073.00987803,"data":"[728/776] ok           special.modified_bessel_i0 int32 (1s, total 821s)\n"}
,{"stream_name":"stdout","time":1073.009881559,"data":"[729/776] ok           special.modified_bessel_i1 float32 (1s, total 823s)\n"}
,{"stream_name":"stdout","time":1073.00988531,"data":"[730/776] ok           special.modified_bessel_i1 int32 (2s, total 825s)\n"}
,{"stream_name":"stdout","time":1073.00988743,"data":"[731/776] ok           special.modified_bessel_k0 float32 (1s, total 826s)\n"}
,{"stream_name":"stdout","time":1073.00988939,"data":"[732/776] ok           special.modified_bessel_k0 int32 (1s, total 828s)\n"}
,{"stream_name":"stdout","time":1073.00989133,"data":"[733/776] ok           special.modified_bessel_k1 float32 (1s, total 829s)\n"}
,{"stream_name":"stdout","time":1073.00989329,"data":"[734/776] ok           special.modified_bessel_k1 int32 (1s, total 830s)\n"}
,{"stream_name":"stdout","time":1073.00989567,"data":"[735/776] ok           special.scaled_modified_bessel_k0 float32 (1s, total 832s)\n"}
,{"stream_name":"stdout","time":1073.009897599,"data":"[736/776] ok           special.scaled_modified_bessel_k0 int32 (1s, total 833s)\n"}
,{"stream_name":"stdout","time":1073.009899539,"data":"[737/776] ok           special.scaled_modified_bessel_k1 float32 (1s, total 834s)\n"}
,{"stream_name":"stdout","time":1073.009901479,"data":"[738/776] ok           special.scaled_modified_bessel_k1 int32 (1s, total 836s)\n"}
,{"stream_name":"stdout","time":1073.009903439,"data":"[739/776] ok           special.shifted_chebyshev_polynomial_t float32 (2s, total 838s)\n"}
,{"stream_name":"stdout","time":1073.009905359,"data":"[740/776] ok           special.shifted_chebyshev_polynomial_t int32 (2s, total 839s)\n"}
,{"stream_name":"stdout","time":1073.00990731,"data":"[741/776] ok           special.shifted_chebyshev_polynomial_u float32 (2s, total 841s)\n"}
,{"stream_name":"stdout","time":1073.009909259,"data":"[742/776] ok           special.shifted_chebyshev_polynomial_u int32 (2s, total 843s)\n"}
,{"stream_name":"stdout","time":1073.009911199,"data":"[743/776] ok           special.shifted_chebyshev_polynomial_v float32 (2s, total 845s)\n"}
,{"stream_name":"stdout","time":1073.00991311,"data":"[744/776] ok           special.shifted_chebyshev_polynomial_v int32 (2s, total 847s)\n"}
,{"stream_name":"stdout","time":1073.009916299,"data":"[745/776] ok           special.shifted_chebyshev_polynomial_w float32 (2s, total 849s)\n"}
,{"stream_name":"stdout","time":1073.00991871,"data":"[746/776] ok           special.shifted_chebyshev_polynomial_w int32 (2s, total 851s)\n"}
,{"stream_name":"stdout","time":1073.009921959,"data":"[747/776] ok           special.spherical_bessel_j0 float32 (1s, total 852s)\n"}
,{"stream_name":"stdout","time":1073.00992507,"data":"[748/776] ok           special.spherical_bessel_j0 int32 (1s, total 854s)\n"}
,{"stream_name":"stdout","time":1073.009928619,"data":"[749/776] ok           masked.sum float32 (1s, total 855s)\n"}
,{"stream_name":"stdout","time":1073.009931729,"data":"[750/776] ok           masked.sum int32 (1s, total 855s)\n"}
,{"stream_name":"stdout","time":1073.009934989,"data":"[751/776] ok           masked.prod float32 (1s, total 856s)\n"}
,{"stream_name":"stdout","time":1073.009938369,"data":"[752/776] ok           masked.prod int32 (1s, total 857s)\n"}
,{"stream_name":"stdout","time":1073.009941769,"data":"[753/776] ok           masked.cumsum float32 (1s, total 858s)\n"}
,{"stream_name":"stdout","time":1073.009945249,"data":"[754/776] ok           masked.cumsum int32 (1s, total 860s)\n"}
,{"stream_name":"stdout","time":1073.009953649,"data":"[755/776] ok           masked.cumprod float32 (1s, total 861s)\n"}
,{"stream_name":"stdout","time":1073.009957109,"data":"[756/776] ok           masked.cumprod int32 (1s, total 863s)\n"}
,{"stream_name":"stdout","time":1073.00996072,"data":"[757/776] ok           masked.amax float32 (1s, total 864s)\n"}
,{"stream_name":"stdout","time":1073.00996396,"data":"[758/776] ok           masked.amax int32 (1s, total 864s)\n"}
,{"stream_name":"stdout","time":1073.00996722,"data":"[759/776] ok           masked.amin float32 (1s, total 865s)\n"}
,{"stream_name":"stdout","time":1073.00997062,"data":"[760/776] ok           masked.amin int32 (1s, total 866s)\n"}
,{"stream_name":"stdout","time":1073.009974149,"data":"[761/776] ok           masked.argmax float32 (0s, total 866s)\n"}
,{"stream_name":"stdout","time":1073.00997758,"data":"[762/776] ok           masked.argmax int32 (0s, total 866s)\n"}
,{"stream_name":"stdout","time":1073.009980489,"data":"[763/776] ok           masked.argmin float32 (0s, total 867s)\n"}
,{"stream_name":"stdout","time":1073.00998336,"data":"[764/776] ok           masked.argmin int32 (0s, total 867s)\n"}
,{"stream_name":"stdout","time":1073.009986289,"data":"[765/776] ok           masked.mean float32 (1s, total 868s)\n"}
,{"stream_name":"stdout","time":1073.009989189,"data":"[766/776] ok           masked.norm float32 (1s, total 869s)\n"}
,{"stream_name":"stdout","time":1073.009992029,"data":"[767/776] ok           masked.var float32 (2s, total 872s)\n"}
,{"stream_name":"stdout","time":1073.009995209,"data":"[768/776] ok           masked.var int32 (3s, total 874s)\n"}
,{"stream_name":"stdout","time":1073.0099986,"data":"[769/776] ok           masked.std float32 (3s, total 877s)\n"}
,{"stream_name":"stdout","time":1073.0100015,"data":"[770/776] ok           masked.std int32 (3s, total 879s)\n"}
,{"stream_name":"stdout","time":1073.01000442,"data":"[771/776] ok           masked.softmax float32 (1s, total 880s)\n"}
,{"stream_name":"stdout","time":1073.0100075,"data":"[772/776] ok           masked.log_softmax float32 (1s, total 882s)\n"}
,{"stream_name":"stdout","time":1073.01001072,"data":"[773/776] ok           masked.softmin float32 (1s, total 883s)\n"}
,{"stream_name":"stdout","time":1073.01001364,"data":"[774/776] ok           masked.logaddexp float32 (3s, total 886s)\n"}
,{"stream_name":"stdout","time":1073.010016809,"data":"[775/776] ok           masked.logsumexp float32 (1s, total 887s)\n"}
,{"stream_name":"stdout","time":1073.010022569,"data":"[776/776] ok           masked.logsumexp int32 (2s, total 888s)\n"}
,{"stream_name":"stdout","time":1073.010026289,"data":"SWEEP DONE\n"}
,{"stream_name":"stdout","time":1073.010029789,"data":"\n"}
,{"stream_name":"stdout","time":1073.01012981,"data":"exit 0 g.py:2487: FutureWarning: `torch._prims_common.check` is deprecated and will be removed in the future. Please use `torch._check*` functions instead.\n"}
,{"stream_name":"stdout","time":1073.01013969,"data":"  check(\n"}
,{"stream_name":"stdout","time":1073.010143519,"data":"/usr/local/lib/python3.12/dist-packages/torch/_inductor/lowering.py:2487: FutureWarning: `torch._prims_common.check` is deprecated and will be removed in the future. Please use `torch._check*` functions instead.\n"}
,{"stream_name":"stdout","time":1073.010148839,"data":"  check(\n"}
,{"stream_name":"stdout","time":1073.01015163,"data":"/usr/local/lib/python3.12/dist-packages/torch/_inductor/lowering.py:2487: FutureWarning: `torch._prims_common.check` is deprecated and will be removed in the future. Please use `torch._check*` functions instead.\n"}
,{"stream_name":"stdout","time":1073.010153859,"data":"  check(\n"}
,{"stream_name":"stdout","time":1073.01016505,"data":"\n"}
,{"stream_name":"stdout","time":1073.01016885,"data":"=====JSONL BEGIN\n"}
,{"stream_name":"stdout","time":1073.010172419,"data":"{\"op\": \"abs\", \"dtype\": \"float32\", \"samples\": 1, \"diffs\": [], \"errors\": [], \"verdict\": \"ok\"}\n"}
,{"stream_name":"stdout","time":1073.010176679,"data":"{\"op\": \"abs\", \"dtype\": \"int32\", \"samples\": 2, \"diffs\": [], \"errors\": [], \"verdict\": \"ok\"}\n"}
,{"stream_name":"stdout","time":1073.010180519,"data":"{\"op\": \"acos\", \"dtype\": \"float32\", \"samples\": 3, \"diffs\": [], \"errors\": [], \"verdict\": \"ok\"}\n"}
,{"stream_name":"stdout","time":1073.01018465,"data":"{\"op\": \"acos\", \"dtype\": \"int32\", \"samples\": 3, \"diffs\": [], \"errors\": [], \"verdict\": \"ok\"}\n"}
,{"stream_name":"stdout","time":1073.01018887,"data":"{\"op\": \"acosh\", \"dtype\": \"float32\", \"samples\": 3, \"diffs\": [], \"errors\": [], \"verdict\": \"ok\"}\n"}
,{"stream_name":"stdout","time":1073.010192979,"data":"{\"op\": \"acosh\", \"dtype\": \"int32\", \"samples\": 3, \"diffs\": [], \"errors\": [], \"verdict\": \"ok\"}\n"}
,{"stream_name":"stdout","time":1073.010197009,"data":"{\"op\": \"add\", \"dtype\": \"float32\", \"samples\": 3, \"diffs\": [], \"errors\": [], \"verdict\": \"ok\"}\n"}
,{"stream_name":"stdout","time":1073.010200779,"data":"{\"op\": \"add\", \"dtype\": \"int32\", \"samples\": 3, \"diffs\": [], \"errors\": [], \"verdict\": \"ok\"}\n"}
,{"stream_name":"stdout","time":1073.010204679,"data":"{\"op\": \"item\", \"dtype\": \"float32\", \"samples\": 3, \"diffs\": [], \"errors\": [], \"verdict\": \"ok\"}\n"}
,{"stream_name":"stdout","time":1073.010208479,"data":"{\"op\": \"item\", \"dtype\": \"int32\", \"samples\": 3, \"diffs\": [], \"errors\": [], \"verdict\": \"ok\"}\n"}
,{"stream_name":"stdout","time":1073.010211989,"data":"{\"op\": \"arange\", \"dtype\": \"float32\", \"samples\": 3, \"diffs\": [], \"errors\": [], \"verdict\": \"ok\"}\n"}
,{"stream_name":"stdout","time":1073.010215409,"data":"{\"op\": \"arange\", \"dtype\": \"int32\", \"samples\": 3, \"diffs\": [], \"errors\": [], \"verdict\": \"ok\"}\n"}
,{"stream_name":"stdout","time":1073.01022338,"data":"{\"op\": \"clamp_max\", \"dtype\": \"float32\", \"samples\": 3, \"diffs\": [{\"i\": 1, \"class\": \"SIGNZERO\", \"detail\": \"sign of zero\", \"repr\": \"SampleInput(input=tensor([-8.4784, -1.7658, -4.3228, -2.4005, -7.9506]), args=(tensor(3.6116),), kwargs={}, broadcasts_input=False, name='')\"}, {\"i\": 2, \"class\": \"SIGNZERO\", \"detail\": \"sign of zero\", \"repr\": \"SampleInput(input=tensor([[-8.4784],\\n        [-1.7658],\\n        [-4.3228],\\n        [-2.4005],\\n        [-7.9506]]), args=(tensor([ 3.6116, -8.0676, -0.5735,  3.1285, -3.0337]),), kwargs={}, broadcasts_input=True, name='')\"}], \"errors\": [], \"verdict\": \"DIFF:SIGNZERO\"}\n"}
,{"stream_name":"stdout","time":1073.010230989,"data":"{\"op\": \"clamp_max\", \"dtype\": \"int32\", \"samples\": 3, \"diffs\": [], \"errors\": [], \"verdict\": \"ok\"}\n"}
,{"stream_name":"stdout","time":1073.01023492,"data":"{\"op\": \"clamp_min\", \"dtype\": \"float32\", \"samples\": 3, \"diffs\": [{\"i\": 1, \"class\": \"SIGNZERO\", \"detail\": \"sign of zero\", \"repr\": \"SampleInput(input=tensor([-8.4784, -1.7658, -4.3228, -2.4005, -7.9506]), args=(tensor(3.6116),), kwargs={}, broadcasts_input=False, name='')\"}, {\"i\": 2, \"class\": \"SIGNZERO\", \"detail\": \"sign of zero\", \"repr\": \"SampleInput(input=tensor([[-8.4784],\\n        [-1.7658],\\n        [-4.3228],\\n        [-2.4005],\\n        [-7.9506]]), args=(tensor([ 3.6116, -8.0676, -0.5735,  3.1285, -3.0337]),), kwargs={}, broadcasts_input=True, name='')\"}], \"errors\": [], \"verdict\": \"DIFF:SIGNZERO\"}\n"}
,{"stream_name":"stdout","time":1073.01023978,"data":"{\"op\": \"clamp_min\", \"dtype\": \"int32\", \"samples\": 3, \"diffs\": [], \"errors\": [], \"verdict\": \"ok\"}\n"}
,{"stream_name":"stdout","time":1073.010246229,"data":"{\"op\": \"mul\", \"dtype\": \"float32\", \"samples\": 3, \"diffs\": [], \"errors\": [], \"verdict\": \"ok\"}\n"}
,{"stream_name":"stdout","time":1073.010248609,"data":"{\"op\": \"mul\", \"dtype\": \"int32\", \"samples\": 3, \"diffs\": [], \"errors\": [], \"verdict\": \"ok\"}\n"}
,{"stream_name":"stdout","time":1073.010250789,"data":"{\"op\": \"sub\", \"dtype\": \"float32\", \"samples\": 3, \"diffs\": [], \"errors\": [], \"verdict\": \"ok\"}\n"}
,{"stream_name":"stdout","time":1073.01025298,"data":"{\"op\": \"sub\", \"dtype\": \"int32\", \"samples\": 3, \"diffs\": [], \"errors\": [], \"verdict\": \"ok\"}\n"}
,{"stream_name":"stdout","time":1073.010255229,"data":"{\"op\": \"addmm\", \"dtype\": \"float32\", \"samples\": 3, \"diffs\": [], \"errors\": [], \"verdict\": \"ok\"}\n"}
,{"stream_name":"stdout","time":1073.01025994,"data":"{\"op\": \"addmm\", \"dtype\": \"int32\", \"samples\": 3, \"diffs\": [], \"errors\": [], \"verdict\": \"ok\"}\n"}
,{"stream_name":"stdout","time":1073.01026296,"data":"{\"op\": \"addmm\", \"dtype\": \"float32\", \"samples\": 3, \"diffs\": [], \"errors\": [], \"verdict\": \"ok\"}\n"}
,{"stream_name":"stdout","time":1073.010266909,"data":"{\"op\": \"addmm\", \"dtype\": \"int32\", \"samples\": 3, \"diffs\": [], \"errors\": [], \"verdict\": \"ok\"}\n"}
,{"stream_name":"stdout","time":1073.010270889,"data":"{\"op\": \"addmv\", \"dtype\": \"float32\", \"samples\": 3, \"diffs\": [], \"errors\": [], \"verdict\": \"ok\"}\n"}
,{"stream_name":"stdout","time":1073.0102749,"data":"{\"op\": \"addmv\", \"dtype\": \"int32\", \"samples\": 3, \"diffs\": [], \"errors\": [], \"verdict\": \"ok\"}\n"}
,{"stream_name":"stdout","time":1073.0102789,"data":"{\"op\": \"addbmm\", \"dtype\": \"float32\", \"samples\": 3, \"diffs\": [], \"errors\": [], \"verdict\": \"ok\"}\n"}
,{"stream_name":"stdout","time":1073.010283629,"data":"{\"op\": \"addbmm\", \"dtype\": \"int32\", \"samples\": 3, \"diffs\": [], \"errors\": [], \"verdict\": \"ok\"}\n"}
,{"stream_name":"stdout","time":1073.010287789,"data":"{\"op\": \"baddbmm\", \"dtype\": \"float32\", \"samples\": 3, \"diffs\": [], \"errors\": [], \"verdict\": \"ok\"}\n"}
,{"stream_name":"stdout","time":1073.01029174,"data":"{\"op\": \"baddbmm\", \"dtype\": \"int32\", \"samples\": 3, \"diffs\": [], \"errors\": [], \"verdict\": \"ok\"}\n"}
,{"stream_name":"stdout","time":1073.010295829,"data":"{\"op\": \"dot\", \"dtype\": \"float32\", \"samples\": 1, \"diffs\": [], \"errors\": [], \"verdict\": \"ok\"}\n"}
,{"stream_name":"stdout","time":1073.01029944,"data":"{\"op\": \"dot\", \"dtype\": \"int32\", \"samples\": 1, \"diffs\": [], \"errors\": [], \"verdict\": \"ok\"}\n"}
,{"stream_name":"stdout","time":1073.01030278,"data":"{\"op\": \"vdot\", \"dtype\": \"float32\", \"samples\": 1, \"diffs\": [], \"errors\": [], \"verdict\": \"ok\"}\n"}
,{"stream_name":"stdout","time":1073.01030662,"data":"{\"op\": \"vdot\", \"dtype\": \"int32\", \"samples\": 1, \"diffs\": [], \"errors\": [], \"verdict\": \"ok\"}\n"}
,{"stream_name":"stdout","time":1073.01031016,"data":"{\"op\": \"bmm\", \"dtype\": \"float32\", \"samples\": 1, \"diffs\": [], \"errors\": [], \"verdict\": \"ok\"}\n"}
,{"stream_name":"stdout","time":1073.010313869,"data":"{\"op\": \"bmm\", \"dtype\": \"int32\", \"samples\": 1, \"diffs\": [], \"errors\": [], \"verdict\": \"ok\"}\n"}
,{"stream_name":"stdout","time":1073.010317549,"data":"{\"op\": \"mv\", \"dtype\": \"float32\", \"samples\": 1, \"diffs\": [], \"errors\": [], \"verdict\": \"ok\"}\n"}
,{"stream_name":"stdout","time":1073.010321389,"data":"{\"op\": \"mv\", \"dtype\": \"int32\", \"samples\": 1, \"diffs\": [], \"errors\": [], \"verdict\": \"ok\"}\n"}
,{"stream_name":"stdout","time":1073.010324909,"data":"{\"op\": \"addr\", \"dtype\": \"float32\", \"samples\": 3, \"diffs\": [], \"errors\": [], \"verdict\": \"ok\"}\n"}
,{"stream_name":"stdout","time":1073.010333549,"data":"{\"op\": \"addr\", \"dtype\": \"int32\", \"samples\": 3, \"diffs\": [], \"errors\": [], \"verdict\": \"ok\"}\n"}
,{"stream_name":"stdout","time":1073.010337849,"data":"{\"op\": \"addcmul\", \"dtype\": \"float32\", \"samples\": 3, \"diffs\": [], \"errors\": [], \"verdict\": \"ok\"}\n"}
,{"stream_name":"stdout","time":1073.010342099,"data":"{\"op\": \"addcmul\", \"dtype\": \"int32\", \"samples\": 3, \"diffs\": [], \"errors\": [], \"verdict\": \"ok\"}\n"}
,{"stream_name":"stdout","time":1073.010346489,"data":"{\"op\": \"addcdiv\", \"dtype\": \"float32\", \"samples\": 3, \"diffs\": [{\"i\": 1, \"class\": \"VALUE\", \"detail\": \"inf at [2, 1]: eager inf compiled 3.4028234663852886e+38\", \"repr\": \"SampleInput(input=tensor([[-8.4784, -1.7658, -4.3228, -2.4005, -7.9506],\\n        [ 3.6116, -8.0676, -0.5735,  3.1285, -3.0337],\\n        [ 5.1067,  1.1351,  4.9473,  5.7744, -3.9730],\\n        [ 3.2708, -3.8939,  2.8211, -4.7024,  4.1631],\\n        [ 1.8220, -3.5221, -4.4145,  2.3285,  8.3972]]), args=\"}], \"errors\": [], \"verdict\": \"DIFF:VALUE\"}\n"}
,{"stream_name":"stdout","time":1073.01035183,"data":"{\"op\": \"asin\", \"dtype\": \"float32\", \"samples\": 1, \"diffs\": [], \"errors\": [], \"verdict\": \"ok\"}\n"}
,{"stream_name":"stdout","time":1073.01037017,"data":"{\"op\": \"asin\", \"dtype\": \"int32\", \"samples\": 1, \"diffs\": [], \"errors\": [], \"verdict\": \"ok\"}\n"}
,{"stream_name":"stdout","time":1073.01038167,"data":"{\"op\": \"asinh\", \"dtype\": \"float32\", \"samples\": 1, \"diffs\": [], \"errors\": [], \"verdict\": \"ok\"}\n"}
,{"stream_name":"stdout","time":1073.01038673,"data":"{\"op\": \"asinh\", \"dtype\": \"int32\", \"samples\": 1, \"diffs\": [], \"errors\": [], \"verdict\": \"ok\"}\n"}
,{"stream_name":"stdout","time":1073.01039059,"data":"{\"op\": \"atan\", \"dtype\": \"float32\", \"samples\": 1, \"diffs\": [], \"errors\": [], \"verdict\": \"ok\"}\n"}
,{"stream_name":"stdout","time":1073.01039401,"data":"{\"op\": \"atan\", \"dtype\": \"int32\", \"samples\": 1, \"diffs\": [], \"errors\": [], \"verdict\": \"ok\"}\n"}
,{"stream_name":"stdout","time":1073.010397799,"data":"{\"op\": \"atan2\", \"dtype\": \"float32\", \"samples\": 3, \"diffs\": [], \"errors\": [], \"verdict\": \"ok\"}\n"}
,{"stream_name":"stdout","time":1073.010401199,"data":"{\"op\": \"atan2\", \"dtype\": \"int32\", \"samples\": 3, \"diffs\": [], \"errors\": [], \"verdict\": \"ok\"}\n"}
,{"stream_name":"stdout","time":1073.010404659,"data":"{\"op\": \"atanh\", \"dtype\": \"float32\", \"samples\": 1, \"diffs\": [{\"i\": 0, \"class\": \"SIGNZERO\", \"detail\": \"sign of zero\", \"repr\": \"SampleInput(input=tensor([[-9.4203e-01, -1.9620e-01, -4.8031e-01, -2.6671e-01, -8.8339e-01,\\n          4.0129e-01, -8.9640e-01, -6.3721e-02,  3.4761e-01, -3.3707e-01,\\n          5.6741e-01,  1.2613e-01,  5.4970e-01,  6.4160e-01, -4.4144e-01,\\n          3.6342e-01, -4.3265e-01,  3.1346e-01, -5.2248e-01,\"}], \"errors\": [], \"verdict\": \"DIFF:SIGNZERO\"}\n"}
,{"stream_name":"stdout","time":1073.01040967,"data":"{\"op\": \"atanh\", \"dtype\": \"int32\", \"samples\": 1, \"diffs\": [], \"errors\": [], \"verdict\": \"ok\"}\n"}
,{"stream_name":"stdout","time":1073.010413119,"data":"{\"op\": \"allclose\", \"dtype\": \"float32\", \"samples\": 3, \"diffs\": [], \"errors\": [], \"verdict\": \"ok\"}\n"}
,{"stream_name":"stdout","time":1073.01041661,"data":"{\"op\": \"broadcast_to\", \"dtype\": \"float32\", \"samples\": 3, \"diffs\": [], \"errors\": [], \"verdict\": \"ok\"}\n"}
,{"stream_name":"stdout","time":1073.010420199,"data":"{\"op\": \"broadcast_to\", \"dtype\": \"int32\", \"samples\": 3, \"diffs\": [], \"errors\": [], \"verdict\": \"ok\"}\n"}
,{"stream_name":"stdout","time":1073.01042361,"data":"{\"op\": \"broadcast_shapes\", \"dtype\": \"float32\", \"samples\": 3, \"diffs\": [], \"errors\": [], \"verdict\": \"ok\"}\n"}
,{"stream_name":"stdout","time":1073.010431779,"data":"{\"op\": \"broadcast_tensors\", \"dtype\": \"float32\", \"samples\": 1, \"diffs\": [], \"errors\": [], \"verdict\": \"ok\"}\n"}
,{"stream_name":"stdout","time":1073.01043567,"data":"{\"op\": \"broadcast_tensors\", \"dtype\": \"int32\", \"samples\": 1, \"diffs\": [], \"errors\": [], \"verdict\": \"ok\"}\n"}
,{"stream_name":"stdout","time":1073.010439479,"data":"{\"op\": \"block_diag\", \"dtype\": \"float32\", \"samples\": 3, \"diffs\": [], \"errors\": [], \"verdict\": \"ok\"}\n"}
,{"stream_name":"stdout","time":1073.01044261,"data":"{\"op\": \"block_diag\", \"dtype\": \"int32\", \"samples\": 3, \"diffs\": [], \"errors\": [], \"verdict\": \"ok\"}\n"}
,{"stream_name":"stdout","time":1073.01044479,"data":"{\"op\": \"bitwise_not\", \"dtype\": \"int32\", \"samples\": 3, \"diffs\": [], \"errors\": [], \"verdict\": \"ok\"}\n"}
,{"stream_name":"stdout","time":1073.01044747,"data":"{\"op\": \"bitwise_left_shift\", \"dtype\": \"int32\", \"samples\": 3, \"diffs\": [], \"errors\": [], \"verdict\": \"ok\"}\n"}
,{"stream_name":"stdout","time":1073.01044971,"data":"{\"op\": \"bitwise_right_shift\", \"dtype\": \"int32\", \"samples\": 3, \"diffs\": [], \"errors\": [], \"verdict\": \"ok\"}\n"}
,{"stream_name":"stdout","time":1073.010452459,"data":"{\"op\": \"combinations\", \"dtype\": \"float32\", \"samples\": 3, \"diffs\": [], \"errors\": [], \"verdict\": \"ok\"}\n"}
,{"stream_name":"stdout","time":1073.010456619,"data":"{\"op\": \"combinations\", \"dtype\": \"int32\", \"samples\": 3, \"diffs\": [], \"errors\": [], \"verdict\": \"ok\"}\n"}
,{"stream_name":"stdout","time":1073.010460499,"data":"{\"op\": \"cartesian_prod\", \"dtype\": \"float32\", \"samples\": 3, \"diffs\": [], \"errors\": [], \"verdict\": \"ok\"}\n"}
,{"stream_name":"stdout","time":1073.010465049,"data":"{\"op\": \"cartesian_prod\", \"dtype\": \"int32\", \"samples\": 3, \"diffs\": [], \"errors\": [], \"verdict\": \"ok\"}\n"}
,{"stream_name":"stdout","time":1073.010469219,"data":"{\"op\": \"cdist\", \"dtype\": \"float32\", \"samples\": 3, \"diffs\": [], \"errors\": [], \"verdict\": \"ok\"}\n"}
,{"stream_name":"stdout","time":1073.010473259,"data":"{\"op\": \"ceil\", \"dtype\": \"float32\", \"samples\": 1, \"diffs\": [], \"errors\": [], \"verdict\": \"ok\"}\n"}
,{"stream_name":"stdout","time":1073.010477259,"data":"{\"op\": \"ceil\", \"dtype\": \"int32\", \"samples\": 1, \"diffs\": [], \"errors\": [], \"verdict\": \"ok\"}\n"}
,{"stream_name":"stdout","time":1073.010481409,"data":"{\"op\": \"chunk\", \"dtype\": \"float32\", \"samples\": 3, \"diffs\": [], \"errors\": [], \"verdict\": \"ok\"}\n"}
,{"stream_name":"stdout","time":1073.010485349,"data":"{\"op\": \"chunk\", \"dtype\": \"int32\", \"samples\": 3, \"diffs\": [], \"errors\": [], \"verdict\": \"ok\"}\n"}
,{"stream_name":"stdout","time":1073.0104892,"data":"{\"op\": \"unsafe_chunk\", \"dtype\": \"float32\", \"samples\": 3, \"diffs\": [], \"errors\": [], \"verdict\": \"ok\"}\n"}
,{"stream_name":"stdout","time":1073.010493049,"data":"{\"op\": \"unsafe_chunk\", \"dtype\": \"int32\", \"samples\": 3, \"diffs\": [], \"errors\": [], \"verdict\": \"ok\"}\n"}
,{"stream_name":"stdout","time":1073.010496549,"data":"{\"op\": \"clone\", \"dtype\": \"float32\", \"samples\": 2, \"diffs\": [], \"errors\": [], \"verdict\": \"ok\"}\n"}
,{"stream_name":"stdout","time":1073.010499949,"data":"{\"op\": \"clone\", \"dtype\": \"int32\", \"samples\": 2, \"diffs\": [], \"errors\": [], \"verdict\": \"ok\"}\n"}
,{"stream_name":"stdout","time":1073.01050332,"data":"{\"op\": \"contiguous\", \"dtype\": \"float32\", \"samples\": 2, \"diffs\": [], \"errors\": [], \"verdict\": \"ok\"}\n"}
,{"stream_name":"stdout","time":1073.01050674,"data":"{\"op\": \"contiguous\", \"dtype\": \"int32\", \"samples\": 2, \"diffs\": [], \"errors\": [], \"verdict\": \"ok\"}\n"}
,{"stream_name":"stdout","time":1073.0105154,"data":"{\"op\": \"sum_to_size\", \"dtype\": \"float32\", \"samples\": 3, \"diffs\": [], \"errors\": [], \"verdict\": \"ok\"}\n"}
,{"stream_name":"stdout","time":1073.01051902,"data":"{\"op\": \"sum_to_size\", \"dtype\": \"int32\", \"samples\": 3, \"diffs\": [], \"errors\": [], \"verdict\": \"ok\"}\n"}
,{"stream_name":"stdout","time":1073.010522549,"data":"{\"op\": \"clamp\", \"dtype\": \"float32\", \"samples\": 3, \"diffs\": [], \"errors\": [], \"verdict\": \"ok\"}\n"}
,{"stream_name":"stdout","time":1073.010526029,"data":"{\"op\": \"clamp\", \"dtype\": \"int32\", \"samples\": 3, \"diffs\": [], \"errors\": [], \"verdict\": \"ok\"}\n"}
,{"stream_name":"stdout","time":1073.0105309,"data":"{\"op\": \"positive\", \"dtype\": \"float32\", \"samples\": 1, \"diffs\": [], \"errors\": [], \"verdict\": \"ok\"}\n"}
,{"stream_name":"stdout","time":1073.01053442,"data":"{\"op\": \"positive\", \"dtype\": \"int32\", \"samples\": 1, \"diffs\": [], \"errors\": [], \"verdict\": \"ok\"}\n"}
,{"stream_name":"stdout","time":1073.01053808,"data":"{\"op\": \"conj\", \"dtype\": \"float32\", \"samples\": 3, \"diffs\": [], \"errors\": [], \"verdict\": \"ok\"}\n"}
,{"stream_name":"stdout","time":1073.010541809,"data":"{\"op\": \"conj\", \"dtype\": \"int32\", \"samples\": 3, \"diffs\": [], \"errors\": [], \"verdict\": \"ok\"}\n"}
,{"stream_name":"stdout","time":1073.01054526,"data":"{\"op\": \"conj_physical\", \"dtype\": \"float32\", \"samples\": 1, \"diffs\": [], \"errors\": [], \"verdict\": \"ok\"}\n"}
,{"stream_name":"stdout","time":1073.010548749,"data":"{\"op\": \"conj_physical\", \"dtype\": \"int32\", \"samples\": 1, \"diffs\": [], \"errors\": [], \"verdict\": \"ok\"}\n"}
,{"stream_name":"stdout","time":1073.010552269,"data":"{\"op\": \"view_as_complex\", \"dtype\": \"float32\", \"samples\": 1, \"diffs\": [], \"errors\": [], \"verdict\": \"ok\"}\n"}
,{"stream_name":"stdout","time":1073.010556089,"data":"{\"op\": \"complex\", \"dtype\": \"float32\", \"samples\": 3, \"diffs\": [], \"errors\": [], \"verdict\": \"ok\"}\n"}
,{"stream_name":"stdout","time":1073.0105599,"data":"{\"op\": \"copysign\", \"dtype\": \"float32\", \"samples\": 3, \"diffs\": [], \"errors\": [], \"verdict\": \"ok\"}\n"}
,{"stream_name":"stdout","time":1073.010564009,"data":"{\"op\": \"copysign\", \"dtype\": \"int32\", \"samples\": 3, \"diffs\": [], \"errors\": [], \"verdict\": \"ok\"}\n"}
,{"stream_name":"stdout","time":1073.010568029,"data":"{\"op\": \"corrcoef\", \"dtype\": \"float32\", \"samples\": 3, \"diffs\": [], \"errors\": [], \"verdict\": \"ok\"}\n"}
,{"stream_name":"stdout","time":1073.01057204,"data":"{\"op\": \"corrcoef\", \"dtype\": \"int32\", \"samples\": 3, \"diffs\": [], \"errors\": [], \"verdict\": \"ok\"}\n"}
,{"stream_name":"stdout","time":1073.010575929,"data":"{\"op\": \"cos\", \"dtype\": \"float32\", \"samples\": 3, \"diffs\": [], \"errors\": [], \"verdict\": \"ok\"}\n"}
,{"stream_name":"stdout","time":1073.010579949,"data":"{\"op\": \"cos\", \"dtype\": \"int32\", \"samples\": 3, \"diffs\": [], \"errors\": [], \"verdict\": \"ok\"}\n"}
,{"stream_name":"stdout","time":1073.010584309,"data":"{\"op\": \"cosh\", \"dtype\": \"float32\", \"samples\": 3, \"diffs\": [], \"errors\": [], \"verdict\": \"ok\"}\n"}
,{"stream_name":"stdout","time":1073.01058794,"data":"{\"op\": \"cosh\", \"dtype\": \"int32\", \"samples\": 3, \"diffs\": [], \"errors\": [], \"verdict\": \"ok\"}\n"}
,{"stream_name":"stdout","time":1073.01059124,"data":"{\"op\": \"cov\", \"dtype\": \"float32\", \"samples\": 3, \"diffs\": [], \"errors\": [], \"verdict\": \"ok\"}\n"}
,{"stream_name":"stdout","time":1073.010594609,"data":"{\"op\": \"cov\", \"dtype\": \"int32\", \"samples\": 3, \"diffs\": [], \"errors\": [], \"verdict\": \"ok\"}\n"}
,{"stream_name":"stdout","time":1073.010602989,"data":"{\"op\": \"cross\", \"dtype\": \"float32\", \"samples\": 3, \"diffs\": [{\"i\": 1, \"class\": \"VALUE\", \"detail\": \"nan pattern at [0, 0, 1]: eager -inf compiled nan\", \"repr\": \"SampleInput(input=tensor([[[-8.4784, -1.7658, -4.3228, -2.4005, -7.9506],\\n         [ 3.6116, -8.0676, -0.5735,  3.1285, -3.0337],\\n         [ 5.1067,  1.1351,  4.9473,  5.7744, -3.9730]],\\n\\n        [[ 3.2708, -3.8939,  2.8211, -4.7024,  4.1631],\\n         [ 1.8220, -3.5221, -4.4145,  2.3285,  8.3972],\\n\"}], \"errors\": [], \"verdict\": \"DIFF:VALUE\"}\n"}
,{"stream_name":"stdout","time":1073.010608359,"data":"{\"op\": \"cross\", \"dtype\": \"int32\", \"samples\": 3, \"diffs\": [], \"errors\": [], \"verdict\": \"ok\"}\n"}
,{"stream_name":"stdout","time":1073.010611759,"data":"{\"op\": \"cumsum\", \"dtype\": \"float32\", \"samples\": 3, \"diffs\": [], \"errors\": [], \"verdict\": \"ok\"}\n"}
,{"stream_name":"stdout","time":1073.010615119,"data":"{\"op\": \"cumsum\", \"dtype\": \"int32\", \"samples\": 3, \"diffs\": [], \"errors\": [], \"verdict\": \"ok\"}\n"}
,{"stream_name":"stdout","time":1073.010618529,"data":"{\"op\": \"cumprod\", \"dtype\": \"float32\", \"samples\": 3, \"diffs\": [], \"errors\": [], \"verdict\": \"ok\"}\n"}
,{"stream_name":"stdout","time":1073.010621839,"data":"{\"op\": \"cumprod\", \"dtype\": \"int32\", \"samples\": 3, \"diffs\": [], \"errors\": [], \"verdict\": \"ok\"}\n"}
,{"stream_name":"stdout","time":1073.010625199,"data":"{\"op\": \"cummax\", \"dtype\": \"float32\", \"samples\": 3, \"diffs\": [], \"errors\": [], \"verdict\": \"ok\"}\n"}
,{"stream_name":"stdout","time":1073.01062855,"data":"{\"op\": \"cummax\", \"dtype\": \"int32\", \"samples\": 3, \"diffs\": [], \"errors\": [], \"verdict\": \"ok\"}\n"}
,{"stream_name":"stdout","time":1073.010632439,"data":"{\"op\": \"cummin\", \"dtype\": \"float32\", \"samples\": 3, \"diffs\": [], \"errors\": [], \"verdict\": \"ok\"}\n"}
,{"stream_name":"stdout","time":1073.01063587,"data":"{\"op\": \"cummin\", \"dtype\": \"int32\", \"samples\": 3, \"diffs\": [], \"errors\": [], \"verdict\": \"ok\"}\n"}
,{"stream_name":"stdout","time":1073.01063971,"data":"{\"op\": \"deg2rad\", \"dtype\": \"float32\", \"samples\": 1, \"diffs\": [], \"errors\": [], \"verdict\": \"ok\"}\n"}
,{"stream_name":"stdout","time":1073.010642359,"data":"{\"op\": \"deg2rad\", \"dtype\": \"int32\", \"samples\": 1, \"diffs\": [], \"errors\": [], \"verdict\": \"ok\"}\n"}
,{"stream_name":"stdout","time":1073.010646259,"data":"{\"op\": \"diff\", \"dtype\": \"float32\", \"samples\": 3, \"diffs\": [], \"errors\": [], \"verdict\": \"ok\"}\n"}
,{"stream_name":"stdout","time":1073.010650379,"data":"{\"op\": \"diff\", \"dtype\": \"int32\", \"samples\": 3, \"diffs\": [], \"errors\": [], \"verdict\": \"ok\"}\n"}
,{"stream_name":"stdout","time":1073.01065441,"data":"{\"op\": \"div\", \"dtype\": \"float32\", \"samples\": 3, \"diffs\": [], \"errors\": [], \"verdict\": \"ok\"}\n"}
,{"stream_name":"stdout","time":1073.01065883,"data":"{\"op\": \"div\", \"dtype\": \"int32\", \"samples\": 3, \"diffs\": [], \"errors\": [], \"verdict\": \"ok\"}\n"}
,{"stream_name":"stdout","time":1073.01066243,"data":"{\"op\": \"div\", \"dtype\": \"float32\", \"samples\": 3, \"diffs\": [], \"errors\": [], \"verdict\": \"ok\"}\n"}
,{"stream_name":"stdout","time":1073.01066653,"data":"{\"op\": \"true_divide\", \"dtype\": \"float32\", \"samples\": 3, \"diffs\": [], \"errors\": [], \"verdict\": \"ok\"}\n"}
,{"stream_name":"stdout","time":1073.010670639,"data":"{\"op\": \"true_divide\", \"dtype\": \"int32\", \"samples\": 3, \"diffs\": [], \"errors\": [], \"verdict\": \"ok\"}\n"}
,{"stream_name":"stdout","time":1073.010674319,"data":"{\"op\": \"equal\", \"dtype\": \"float32\", \"samples\": 3, \"diffs\": [], \"errors\": [], \"verdict\": \"ok\"}\n"}
,{"stream_name":"stdout","time":1073.01067781,"data":"{\"op\": \"equal\", \"dtype\": \"int32\", \"samples\": 3, \"diffs\": [], \"errors\": [], \"verdict\": \"ok\"}\n"}
,{"stream_name":"stdout","time":1073.01068575,"data":"{\"op\": \"exp\", \"dtype\": \"float32\", \"samples\": 3, \"diffs\": [], \"errors\": [], \"verdict\": \"ok\"}\n"}
,{"stream_name":"stdout","time":1073.010689199,"data":"{\"op\": \"exp\", \"dtype\": \"int32\", \"samples\": 3, \"diffs\": [], \"errors\": [], \"verdict\": \"ok\"}\n"}
,{"stream_name":"stdout","time":1073.010692639,"data":"{\"op\": \"expand\", \"dtype\": \"float32\", \"samples\": 3, \"diffs\": [], \"errors\": [], \"verdict\": \"ok\"}\n"}
,{"stream_name":"stdout","time":1073.01069617,"data":"{\"op\": \"expand\", \"dtype\": \"int32\", \"samples\": 3, \"diffs\": [], \"errors\": [], \"verdict\": \"ok\"}\n"}
,{"stream_name":"stdout","time":1073.01069967,"data":"{\"op\": \"expand_as\", \"dtype\": \"float32\", \"samples\": 3, \"diffs\": [], \"errors\": [], \"verdict\": \"ok\"}\n"}
,{"stream_name":"stdout","time":1073.010703259,"data":"{\"op\": \"expand_as\", \"dtype\": \"int32\", \"samples\": 3, \"diffs\": [], \"errors\": [], \"verdict\": \"ok\"}\n"}
,{"stream_name":"stdout","time":1073.010706859,"data":"{\"op\": \"expand_copy\", \"dtype\": \"float32\", \"samples\": 3, \"diffs\": [], \"errors\": [], \"verdict\": \"ok\"}\n"}
,{"stream_name":"stdout","time":1073.01071039,"data":"{\"op\": \"expand_copy\", \"dtype\": \"int32\", \"samples\": 3, \"diffs\": [], \"errors\": [], \"verdict\": \"ok\"}\n"}
,{"stream_name":"stdout","time":1073.01071381,"data":"{\"op\": \"diag\", \"dtype\": \"float32\", \"samples\": 3, \"diffs\": [], \"errors\": [], \"verdict\": \"ok\"}\n"}
,{"stream_name":"stdout","time":1073.010717219,"data":"{\"op\": \"diag\", \"dtype\": \"int32\", \"samples\": 3, \"diffs\": [], \"errors\": [], \"verdict\": \"ok\"}\n"}
,{"stream_name":"stdout","time":1073.010720679,"data":"{\"op\": \"diag_embed\", \"dtype\": \"float32\", \"samples\": 3, \"diffs\": [], \"errors\": [], \"verdict\": \"ok\"}\n"}
,{"stream_name":"stdout","time":1073.010724499,"data":"{\"op\": \"diag_embed\", \"dtype\": \"int32\", \"samples\": 3, \"diffs\": [], \"errors\": [], \"verdict\": \"ok\"}\n"}
,{"stream_name":"stdout","time":1073.010728159,"data":"{\"op\": \"diagonal\", \"dtype\": \"float32\", \"samples\": 3, \"diffs\": [], \"errors\": [], \"verdict\": \"ok\"}\n"}
,{"stream_name":"stdout","time":1073.010731589,"data":"{\"op\": \"diagonal\", \"dtype\": \"int32\", \"samples\": 3, \"diffs\": [], \"errors\": [], \"verdict\": \"ok\"}\n"}
,{"stream_name":"stdout","time":1073.010735439,"data":"{\"op\": \"diagonal_copy\", \"dtype\": \"float32\", \"samples\": 3, \"diffs\": [], \"errors\": [], \"verdict\": \"ok\"}\n"}
,{"stream_name":"stdout","time":1073.010739499,"data":"{\"op\": \"diagonal_copy\", \"dtype\": \"int32\", \"samples\": 3, \"diffs\": [], \"errors\": [], \"verdict\": \"ok\"}\n"}
,{"stream_name":"stdout","time":1073.010743339,"data":"{\"op\": \"diagonal_scatter\", \"dtype\": \"float32\", \"samples\": 3, \"diffs\": [], \"errors\": [], \"verdict\": \"ok\"}\n"}
,{"stream_name":"stdout","time":1073.010747079,"data":"{\"op\": \"diagonal_scatter\", \"dtype\": \"int32\", \"samples\": 3, \"diffs\": [], \"errors\": [], \"verdict\": \"ok\"}\n"}
,{"stream_name":"stdout","time":1073.010750989,"data":"{\"op\": \"alias_copy\", \"dtype\": \"float32\", \"samples\": 2, \"diffs\": [], \"errors\": [], \"verdict\": \"ok\"}\n"}
,{"stream_name":"stdout","time":1073.010755189,"data":"{\"op\": \"alias_copy\", \"dtype\": \"int32\", \"samples\": 2, \"diffs\": [], \"errors\": [], \"verdict\": \"ok\"}\n"}
,{"stream_name":"stdout","time":1073.01075924,"data":"{\"op\": \"eq\", \"dtype\": \"float32\", \"samples\": 3, \"diffs\": [], \"errors\": [], \"verdict\": \"ok\"}\n"}
,{"stream_name":"stdout","time":1073.01076356,"data":"{\"op\": \"eq\", \"dtype\": \"int32\", \"samples\": 3, \"diffs\": [], \"errors\": [], \"verdict\": \"ok\"}\n"}
,{"stream_name":"stdout","time":1073.010771949,"data":"{\"op\": \"fmax\", \"dtype\": \"float32\", \"samples\": 3, \"diffs\": [{\"i\": 1, \"class\": \"SIGNZERO\", \"detail\": \"sign of zero\", \"repr\": \"SampleInput(input=tensor([-8.4784, -1.7658, -4.3228, -2.4005, -7.9506]), args=(tensor(3.6116),), kwargs={}, broadcasts_input=False, name='')\"}, {\"i\": 2, \"class\": \"SIGNZERO\", \"detail\": \"sign of zero\", \"repr\": \"SampleInput(input=tensor([[-8.4784],\\n        [-1.7658],\\n        [-4.3228],\\n        [-2.4005],\\n        [-7.9506]]), args=(tensor([ 3.6116, -8.0676, -0.5735,  3.1285, -3.0337]),), kwargs={}, broadcasts_input=True, name='')\"}], \"errors\": [], \"verdict\": \"DIFF:SIGNZERO\"}\n"}
,{"stream_name":"stdout","time":1073.010778109,"data":"{\"op\": \"fmax\", \"dtype\": \"int32\", \"samples\": 3, \"diffs\": [], \"errors\": [], \"verdict\": \"ok\"}\n"}
,{"stream_name":"stdout","time":1073.01078152,"data":"{\"op\": \"fmin\", \"dtype\": \"float32\", \"samples\": 3, \"diffs\": [{\"i\": 1, \"class\": \"SIGNZERO\", \"detail\": \"sign of zero\", \"repr\": \"SampleInput(input=tensor([-8.4784, -1.7658, -4.3228, -2.4005, -7.9506]), args=(tensor(3.6116),), kwargs={}, broadcasts_input=False, name='')\"}, {\"i\": 2, \"class\": \"SIGNZERO\", \"detail\": \"sign of zero\", \"repr\": \"SampleInput(input=tensor([[-8.4784],\\n        [-1.7658],\\n        [-4.3228],\\n        [-2.4005],\\n        [-7.9506]]), args=(tensor([ 3.6116, -8.0676, -0.5735,  3.1285, -3.0337]),), kwargs={}, broadcasts_input=True, name='')\"}], \"errors\": [], \"verdict\": \"DIFF:SIGNZERO\"}\n"}
,{"stream_name":"stdout","time":1073.010787429,"data":"{\"op\": \"fmin\", \"dtype\": \"int32\", \"samples\": 3, \"diffs\": [], \"errors\": [], \"verdict\": \"ok\"}\n"}
,{"stream_name":"stdout","time":1073.01079092,"data":"{\"op\": \"fmod\", \"dtype\": \"float32\", \"samples\": 3, \"diffs\": [], \"errors\": [], \"verdict\": \"ok\"}\n"}
,{"stream_name":"stdout","time":1073.010794349,"data":"{\"op\": \"fmod\", \"dtype\": \"int32\", \"samples\": 3, \"diffs\": [], \"errors\": [], \"verdict\": \"ok\"}\n"}
,{"stream_name":"stdout","time":1073.010797709,"data":"{\"op\": \"remainder\", \"dtype\": \"float32\", \"samples\": 3, \"diffs\": [{\"i\": 2, \"class\": \"SIGNZERO\", \"detail\": \"sign of zero\", \"repr\": \"SampleInput(input=tensor([[-8.4784],\\n        [-1.7658],\\n        [-4.3228],\\n        [-2.4005],\\n        [-7.9506]]), args=(tensor([ 3.6116, -8.0676, -0.5735,  3.1285, -3.0337]),), kwargs={}, broadcasts_input=True, name='')\"}], \"errors\": [], \"verdict\": \"DIFF:SIGNZERO\"}\n"}
,{"stream_name":"stdout","time":1073.0108029,"data":"{\"op\": \"remainder\", \"dtype\": \"int32\", \"samples\": 3, \"diffs\": [], \"errors\": [], \"verdict\": \"ok\"}\n"}
,{"stream_name":"stdout","time":1073.01080648,"data":"{\"op\": \"frac\", \"dtype\": \"float32\", \"samples\": 1, \"diffs\": [], \"errors\": [], \"verdict\": \"ok\"}\n"}
,{"stream_name":"stdout","time":1073.01080994,"data":"{\"op\": \"floor\", \"dtype\": \"float32\", \"samples\": 1, \"diffs\": [], \"errors\": [], \"verdict\": \"ok\"}\n"}
,{"stream_name":"stdout","time":1073.010813549,"data":"{\"op\": \"floor\", \"dtype\": \"int32\", \"samples\": 1, \"diffs\": [], \"errors\": [], \"verdict\": \"ok\"}\n"}
,{"stream_name":"stdout","time":1073.010816969,"data":"{\"op\": \"flip\", \"dtype\": \"float32\", \"samples\": 3, \"diffs\": [], \"errors\": [], \"verdict\": \"ok\"}\n"}
,{"stream_name":"stdout","time":1073.010820989,"data":"{\"op\": \"flip\", \"dtype\": \"int32\", \"samples\": 3, \"diffs\": [], \"errors\": [], \"verdict\": \"ok\"}\n"}
,{"stream_name":"stdout","time":1073.01082458,"data":"{\"op\": \"fliplr\", \"dtype\": \"float32\", \"samples\": 2, \"diffs\": [], \"errors\": [], \"verdict\": \"ok\"}\n"}
,{"stream_name":"stdout","time":1073.010828169,"data":"{\"op\": \"fliplr\", \"dtype\": \"int32\", \"samples\": 2, \"diffs\": [], \"errors\": [], \"verdict\": \"ok\"}\n"}
,{"stream_name":"stdout","time":1073.01083556,"data":"{\"op\": \"flipud\", \"dtype\": \"float32\", \"samples\": 2, \"diffs\": [], \"errors\": [], \"verdict\": \"ok\"}\n"}
,{"stream_name":"stdout","time":1073.010839629,"data":"{\"op\": \"flipud\", \"dtype\": \"int32\", \"samples\": 2, \"diffs\": [], \"errors\": [], \"verdict\": \"ok\"}\n"}
,{"stream_name":"stdout","time":1073.010843649,"data":"{\"op\": \"sparse.sampled_addmm\", \"dtype\": \"float32\", \"samples\": 3, \"diffs\": [], \"errors\": [], \"verdict\": \"ok\"}\n"}
,{"stream_name":"stdout","time":1073.0108478,"data":"{\"op\": \"sparse.mm\", \"dtype\": \"float32\", \"samples\": 0, \"diffs\": [], \"errors\": [\"prep RuntimeError\", \"prep RuntimeError\", \"prep RuntimeError\"], \"verdict\": \"ok\"}\n"}
,{"stream_name":"stdout","time":1073.0108523,"data":"{\"op\": \"i0\", \"dtype\": \"float32\", \"samples\": 2, \"diffs\": [], \"errors\": [], \"verdict\": \"ok\"}\n"}
,{"stream_name":"stdout","time":1073.010856189,"data":"{\"op\": \"i0\", \"dtype\": \"int32\", \"samples\": 2, \"diffs\": [], \"errors\": [], \"verdict\": \"ok\"}\n"}
,{"stream_name":"stdout","time":1073.010859969,"data":"{\"op\": \"floor_divide\", \"dtype\": \"float32\", \"samples\": 3, \"diffs\": [], \"errors\": [], \"verdict\": \"ok\"}\n"}
,{"stream_name":"stdout","time":1073.010863489,"data":"{\"op\": \"floor_divide\", \"dtype\": \"int32\", \"samples\": 3, \"diffs\": [], \"errors\": [], \"verdict\": \"ok\"}\n"}
,{"stream_name":"stdout","time":1073.010866989,"data":"{\"op\": \"frexp\", \"dtype\": \"float32\", \"samples\": 3, \"diffs\": [], \"errors\": [], \"verdict\": \"ok\"}\n"}
,{"stream_name":"stdout","time":1073.010870509,"data":"{\"op\": \"log1p\", \"dtype\": \"float32\", \"samples\": 1, \"diffs\": [], \"errors\": [], \"verdict\": \"ok\"}\n"}
,{"stream_name":"stdout","time":1073.010873969,"data":"{\"op\": \"log1p\", \"dtype\": \"int32\", \"samples\": 1, \"diffs\": [], \"errors\": [], \"verdict\": \"ok\"}\n"}
,{"stream_name":"stdout","time":1073.010877319,"data":"{\"op\": \"ge\", \"dtype\": \"float32\", \"samples\": 3, \"diffs\": [], \"errors\": [], \"verdict\": \"ok\"}\n"}
,{"stream_name":"stdout","time":1073.010880739,"data":"{\"op\": \"ge\", \"dtype\": \"int32\", \"samples\": 3, \"diffs\": [], \"errors\": [], \"verdict\": \"ok\"}\n"}
,{"stream_name":"stdout","time":1073.010884699,"data":"{\"op\": \"gt\", \"dtype\": \"float32\", \"samples\": 3, \"diffs\": [], \"errors\": [], \"verdict\": \"ok\"}\n"}
,{"stream_name":"stdout","time":1073.010888229,"data":"{\"op\": \"gt\", \"dtype\": \"int32\", \"samples\": 3, \"diffs\": [], \"errors\": [], \"verdict\": \"ok\"}\n"}
,{"stream_name":"stdout","time":1073.010891569,"data":"{\"op\": \"gradient\", \"dtype\": \"float32\", \"samples\": 3, \"diffs\": [], \"errors\": [], \"verdict\": \"ok\"}\n"}
,{"stream_name":"stdout","time":1073.01089495,"data":"{\"op\": \"gradient\", \"dtype\": \"int32\", \"samples\": 3, \"diffs\": [], \"errors\": [], \"verdict\": \"ok\"}\n"}
,{"stream_name":"stdout","time":1073.010898399,"data":"{\"op\": \"isin\", \"dtype\": \"float32\", \"samples\": 2, \"diffs\": [], \"errors\": [], \"verdict\": \"ok\"}\n"}
,{"stream_name":"stdout","time":1073.01090185,"data":"{\"op\": \"isin\", \"dtype\": \"int32\", \"samples\": 2, \"diffs\": [], \"errors\": [], \"verdict\": \"ok\"}\n"}
,{"stream_name":"stdout","time":1073.01090531,"data":"{\"op\": \"le\", \"dtype\": \"float32\", \"samples\": 3, \"diffs\": [], \"errors\": [], \"verdict\": \"ok\"}\n"}
,{"stream_name":"stdout","time":1073.010908839,"data":"{\"op\": \"le\", \"dtype\": \"int32\", \"samples\": 3, \"diffs\": [], \"errors\": [], \"verdict\": \"ok\"}\n"}
,{"stream_name":"stdout","time":1073.01091275,"data":"{\"op\": \"linspace\", \"dtype\": \"float32\", \"samples\": 3, \"diffs\": [], \"errors\": [], \"verdict\": \"ok\"}\n"}
,{"stream_name":"stdout","time":1073.01091983,"data":"{\"op\": \"linspace\", \"dtype\": \"int32\", \"samples\": 3, \"diffs\": [], \"errors\": [], \"verdict\": \"ok\"}\n"}
,{"stream_name":"stdout","time":1073.01092295,"data":"{\"op\": \"linspace\", \"dtype\": \"float32\", \"samples\": 3, \"diffs\": [], \"errors\": [], \"verdict\": \"ok\"}\n"}
,{"stream_name":"stdout","time":1073.010926879,"data":"{\"op\": \"linspace\", \"dtype\": \"int32\", \"samples\": 3, \"diffs\": [], \"errors\": [], \"verdict\": \"ok\"}\n"}
,{"stream_name":"stdout","time":1073.010930819,"data":"{\"op\": \"logspace\", \"dtype\": \"float32\", \"samples\": 3, \"diffs\": [], \"errors\": [], \"verdict\": \"ok\"}\n"}
,{"stream_name":"stdout","time":1073.01093483,"data":"{\"op\": \"logspace\", \"dtype\": \"int32\", \"samples\": 3, \"diffs\": [], \"errors\": [], \"verdict\": \"ok\"}\n"}
,{"stream_name":"stdout","time":1073.01093899,"data":"{\"op\": \"logspace\", \"dtype\": \"float32\", \"samples\": 3, \"diffs\": [], \"errors\": [], \"verdict\": \"ok\"}\n"}
,{"stream_name":"stdout","time":1073.010943279,"data":"{\"op\": \"logspace\", \"dtype\": \"int32\", \"samples\": 3, \"diffs\": [], \"errors\": [], \"verdict\": \"ok\"}\n"}
,{"stream_name":"stdout","time":1073.010947239,"data":"{\"op\": \"log\", \"dtype\": \"float32\", \"samples\": 3, \"diffs\": [], \"errors\": [], \"verdict\": \"ok\"}\n"}
,{"stream_name":"stdout","time":1073.01095115,"data":"{\"op\": \"log\", \"dtype\": \"int32\", \"samples\": 3, \"diffs\": [], \"errors\": [], \"verdict\": \"ok\"}\n"}
,{"stream_name":"stdout","time":1073.010954739,"data":"{\"op\": \"log10\", \"dtype\": \"float32\", \"samples\": 3, \"diffs\": [], \"errors\": [], \"verdict\": \"ok\"}\n"}
,{"stream_name":"stdout","time":1073.01095825,"data":"{\"op\": \"log10\", \"dtype\": \"int32\", \"samples\": 3, \"diffs\": [], \"errors\": [], \"verdict\": \"ok\"}\n"}
,{"stream_name":"stdout","time":1073.010961799,"data":"{\"op\": \"log2\", \"dtype\": \"float32\", \"samples\": 3, \"diffs\": [], \"errors\": [], \"verdict\": \"ok\"}\n"}
,{"stream_name":"stdout","time":1073.01096531,"data":"{\"op\": \"log2\", \"dtype\": \"int32\", \"samples\": 3, \"diffs\": [], \"errors\": [], \"verdict\": \"ok\"}\n"}
,{"stream_name":"stdout","time":1073.010969239,"data":"{\"op\": \"ldexp\", \"dtype\": \"float32\", \"samples\": 3, \"diffs\": [], \"errors\": [], \"verdict\": \"ok\"}\n"}
,{"stream_name":"stdout","time":1073.010972719,"data":"{\"op\": \"ldexp\", \"dtype\": \"int32\", \"samples\": 3, \"diffs\": [], \"errors\": [], \"verdict\": \"ok\"}\n"}
,{"stream_name":"stdout","time":1073.010976199,"data":"{\"op\": \"logaddexp\", \"dtype\": \"float32\", \"samples\": 3, \"diffs\": [], \"errors\": [], \"verdict\": \"ok\"}\n"}
,{"stream_name":"stdout","time":1073.01097969,"data":"{\"op\": \"logaddexp2\", \"dtype\": \"float32\", \"samples\": 1, \"diffs\": [], \"errors\": [], \"verdict\": \"ok\"}\n"}
,{"stream_name":"stdout","time":1073.01098309,"data":"{\"op\": \"logical_not\", \"dtype\": \"float32\", \"samples\": 3, \"diffs\": [], \"errors\": [], \"verdict\": \"ok\"}\n"}
,{"stream_name":"stdout","time":1073.01098647,"data":"{\"op\": \"logical_not\", \"dtype\": \"int32\", \"samples\": 3, \"diffs\": [], \"errors\": [], \"verdict\": \"ok\"}\n"}
,{"stream_name":"stdout","time":1073.010989879,"data":"{\"op\": \"lt\", \"dtype\": \"float32\", \"samples\": 3, \"diffs\": [], \"errors\": [], \"verdict\": \"ok\"}\n"}
,{"stream_name":"stdout","time":1073.01099329,"data":"{\"op\": \"lt\", \"dtype\": \"int32\", \"samples\": 3, \"diffs\": [], \"errors\": [], \"verdict\": \"ok\"}\n"}
,{"stream_name":"stdout","time":1073.010996699,"data":"{\"op\": \"masked_fill\", \"dtype\": \"float32\", \"samples\": 3, \"diffs\": [], \"errors\": [], \"verdict\": \"ok\"}\n"}
,{"stream_name":"stdout","time":1073.011004369,"data":"{\"op\": \"masked_fill\", \"dtype\": \"int32\", \"samples\": 3, \"diffs\": [], \"errors\": [], \"verdict\": \"ok\"}\n"}
,{"stream_name":"stdout","time":1073.011008259,"data":"{\"op\": \"masked_scatter\", \"dtype\": \"float32\", \"samples\": 3, \"diffs\": [], \"errors\": [], \"verdict\": \"ok\"}\n"}
,{"stream_name":"stdout","time":1073.011012209,"data":"{\"op\": \"masked_scatter\", \"dtype\": \"int32\", \"samples\": 3, \"diffs\": [], \"errors\": [], \"verdict\": \"ok\"}\n"}
,{"stream_name":"stdout","time":1073.011015709,"data":"{\"op\": \"matrix_exp\", \"dtype\": \"float32\", \"samples\": 2, \"diffs\": [], \"errors\": [], \"verdict\": \"ok\"}\n"}
,{"stream_name":"stdout","time":1073.011019319,"data":"{\"op\": \"matmul\", \"dtype\": \"float32\", \"samples\": 3, \"diffs\": [], \"errors\": [], \"verdict\": \"ok\"}\n"}
,{"stream_name":"stdout","time":1073.011023289,"data":"{\"op\": \"matmul\", \"dtype\": \"int32\", \"samples\": 3, \"diffs\": [], \"errors\": [], \"verdict\": \"ok\"}\n"}
,{"stream_name":"stdout","time":1073.011027299,"data":"{\"op\": \"max\", \"dtype\": \"float32\", \"samples\": 3, \"diffs\": [], \"errors\": [], \"verdict\": \"ok\"}\n"}
,{"stream_name":"stdout","time":1073.011031189,"data":"{\"op\": \"max\", \"dtype\": \"int32\", \"samples\": 3, \"diffs\": [], \"errors\": [], \"verdict\": \"ok\"}\n"}
,{"stream_name":"stdout","time":1073.011035129,"data":"{\"op\": \"max\", \"dtype\": \"float32\", \"samples\": 2, \"diffs\": [], \"errors\": [], \"verdict\": \"ok\"}\n"}
,{"stream_name":"stdout","time":1073.01103918,"data":"{\"op\": \"max\", \"dtype\": \"int32\", \"samples\": 2, \"diffs\": [], \"errors\": [], \"verdict\": \"ok\"}\n"}
,{"stream_name":"stdout","time":1073.011044029,"data":"{\"op\": \"var_mean\", \"dtype\": \"float32\", \"samples\": 3, \"diffs\": [{\"i\": 1, \"class\": \"VALUE\", \"detail\": \"nan pattern at [0, 3]: eager nan compiled inf\", \"repr\": \"SampleInput(input=tensor([[[-8.4784, -1.7658, -4.3228, -2.4005, -7.9506],\\n         [ 3.6116, -8.0676, -0.5735,  3.1285, -3.0337],\\n         [ 5.1067,  1.1351,  4.9473,  5.7744, -3.9730],\\n         [ 3.2708, -3.8939,  2.8211, -4.7024,  4.1631],\\n         [ 1.8220, -3.5221, -4.4145,  2.3285,  8.3972]],\\n\\n\"}, {\"i\": 2, \"class\": \"VALUE\", \"detail\": \"nan pattern at [0, 0, 3]: eager nan compiled inf\", \"repr\": \"SampleInput(input=tensor([[[-8.4784, -1.7658, -4.3228, -2.4005, -7.9506],\\n         [ 3.6116, -8.0676, -0.5735,  3.1285, -3.0337],\\n         [ 5.1067,  1.1351,  4.9473,  5.7744, -3.9730],\\n         [ 3.2708, -3.8939,  2.8211, -4.7024,  4.1631],\\n         [ 1.8220, -3.5221, -4.4145,  2.3285,  8.3972]],\\n\\n\"}], \"errors\": [], \"verdict\": \"DIFF:VALUE\"}\n"}
,{"stream_name":"stdout","time":1073.011054829,"data":"{\"op\": \"var_mean\", \"dtype\": \"float32\", \"samples\": 3, \"diffs\": [{\"i\": 2, \"class\": \"VALUE\", \"detail\": \"nan pattern at []: eager nan compiled 0.0\", \"repr\": \"SampleInput(input=tensor([]), args=(False,), kwargs={}, broadcasts_input=False, name='')\"}], \"errors\": [], \"verdict\": \"DIFF:VALUE\"}\n"}
,{"stream_name":"stdout","time":1073.01105948,"data":"{\"op\": \"std_mean\", \"dtype\": \"float32\", \"samples\": 3, \"diffs\": [{\"i\": 1, \"class\": \"VALUE\", \"detail\": \"inf at [0, 1]: eager 1.5217888883258408e+38 compiled inf\", \"repr\": \"SampleInput(input=tensor([[[-8.4784, -1.7658, -4.3228, -2.4005, -7.9506],\\n         [ 3.6116, -8.0676, -0.5735,  3.1285, -3.0337],\\n         [ 5.1067,  1.1351,  4.9473,  5.7744, -3.9730],\\n         [ 3.2708, -3.8939,  2.8211, -4.7024,  4.1631],\\n         [ 1.8220, -3.5221, -4.4145,  2.3285,  8.3972]],\\n\\n\"}, {\"i\": 2, \"class\": \"VALUE\", \"detail\": \"inf at [0, 0, 1]: eager 1.5217888883258408e+38 compiled inf\", \"repr\": \"SampleInput(input=tensor([[[-8.4784, -1.7658, -4.3228, -2.4005, -7.9506],\\n         [ 3.6116, -8.0676, -0.5735,  3.1285, -3.0337],\\n         [ 5.1067,  1.1351,  4.9473,  5.7744, -3.9730],\\n         [ 3.2708, -3.8939,  2.8211, -4.7024,  4.1631],\\n         [ 1.8220, -3.5221, -4.4145,  2.3285,  8.3972]],\\n\\n\"}], \"errors\": [], \"verdict\": \"DIFF:VALUE\"}\n"}
,{"stream_name":"stdout","time":1073.01107102,"data":"{\"op\": \"std_mean\", \"dtype\": \"float32\", \"samples\": 3, \"diffs\": [{\"i\": 2, \"class\": \"VALUE\", \"detail\": \"nan pattern at []: eager nan compiled 0.0\", \"repr\": \"SampleInput(input=tensor([]), args=(False,), kwargs={}, broadcasts_input=False, name='')\"}], \"errors\": [], \"verdict\": \"DIFF:VALUE\"}\n"}
,{"stream_name":"stdout","time":1073.01107566,"data":"{\"op\": \"meshgrid\", \"dtype\": \"float32\", \"samples\": 3, \"diffs\": [], \"errors\": [], \"verdict\": \"ok\"}\n"}
,{"stream_name":"stdout","time":1073.01107912,"data":"{\"op\": \"meshgrid\", \"dtype\": \"int32\", \"samples\": 3, \"diffs\": [], \"errors\": [], \"verdict\": \"ok\"}\n"}
,{"stream_name":"stdout","time":1073.011089589,"data":"{\"op\": \"meshgrid\", \"dtype\": \"float32\", \"samples\": 3, \"diffs\": [], \"errors\": [], \"verdict\": \"ok\"}\n"}
,{"stream_name":"stdout","time":1073.011093189,"data":"{\"op\": \"meshgrid\", \"dtype\": \"int32\", \"samples\": 3, \"diffs\": [], \"errors\": [], \"verdict\": \"ok\"}\n"}
,{"stream_name":"stdout","time":1073.011097349,"data":"{\"op\": \"min\", \"dtype\": \"float32\", \"samples\": 3, \"diffs\": [], \"errors\": [], \"verdict\": \"ok\"}\n"}
,{"stream_name":"stdout","time":1073.011101049,"data":"{\"op\": \"min\", \"dtype\": \"int32\", \"samples\": 3, \"diffs\": [], \"errors\": [], \"verdict\": \"ok\"}\n"}
,{"stream_name":"stdout","time":1073.011104109,"data":"{\"op\": \"min\", \"dtype\": \"float32\", \"samples\": 2, \"diffs\": [], \"errors\": [], \"verdict\": \"ok\"}\n"}
,{"stream_name":"stdout","time":1073.01110628,"data":"{\"op\": \"min\", \"dtype\": \"int32\", \"samples\": 2, \"diffs\": [], \"errors\": [], \"verdict\": \"ok\"}\n"}
,{"stream_name":"stdout","time":1073.011110649,"data":"{\"op\": \"quantile\", \"dtype\": \"float32\", \"samples\": 3, \"diffs\": [], \"errors\": [], \"verdict\": \"ok\"}\n"}
,{"stream_name":"stdout","time":1073.01111464,"data":"{\"op\": \"nanquantile\", \"dtype\": \"float32\", \"samples\": 3, \"diffs\": [], \"errors\": [], \"verdict\": \"ok\"}\n"}
,{"stream_name":"stdout","time":1073.01111872,"data":"{\"op\": \"max\", \"dtype\": \"float32\", \"samples\": 3, \"diffs\": [{\"i\": 1, \"class\": \"SIGNZERO\", \"detail\": \"sign of zero\", \"repr\": \"SampleInput(input=tensor([-8.4784, -1.7658, -4.3228, -2.4005, -7.9506]), args=(tensor(3.6116),), kwargs={}, broadcasts_input=False, name='')\"}, {\"i\": 2, \"class\": \"SIGNZERO\", \"detail\": \"sign of zero\", \"repr\": \"SampleInput(input=tensor([[-8.4784],\\n        [-1.7658],\\n        [-4.3228],\\n        [-2.4005],\\n        [-7.9506]]), args=(tensor([ 3.6116, -8.0676, -0.5735,  3.1285, -3.0337]),), kwargs={}, broadcasts_input=True, name='')\"}], \"errors\": [], \"verdict\": \"DIFF:SIGNZERO\"}\n"}
,{"stream_name":"stdout","time":1073.01112526,"data":"{\"op\": \"max\", \"dtype\": \"int32\", \"samples\": 3, \"diffs\": [], \"errors\": [], \"verdict\": \"ok\"}\n"}
,{"stream_name":"stdout","time":1073.011130109,"data":"{\"op\": \"maximum\", \"dtype\": \"float32\", \"samples\": 3, \"diffs\": [{\"i\": 1, \"class\": \"SIGNZERO\", \"detail\": \"sign of zero\", \"repr\": \"SampleInput(input=tensor([-8.4784, -1.7658, -4.3228, -2.4005, -7.9506]), args=(tensor(3.6116),), kwargs={}, broadcasts_input=False, name='')\"}, {\"i\": 2, \"class\": \"SIGNZERO\", \"detail\": \"sign of zero\", \"repr\": \"SampleInput(input=tensor([[-8.4784],\\n        [-1.7658],\\n        [-4.3228],\\n        [-2.4005],\\n        [-7.9506]]), args=(tensor([ 3.6116, -8.0676, -0.5735,  3.1285, -3.0337]),), kwargs={}, broadcasts_input=True, name='')\"}], \"errors\": [], \"verdict\": \"DIFF:SIGNZERO\"}\n"}
,{"stream_name":"stdout","time":1073.011136529,"data":"{\"op\": \"maximum\", \"dtype\": \"int32\", \"samples\": 3, \"diffs\": [], \"errors\": [], \"verdict\": \"ok\"}\n"}
,{"stream_name":"stdout","time":1073.011144389,"data":"{\"op\": \"min\", \"dtype\": \"float32\", \"samples\": 3, \"diffs\": [{\"i\": 1, \"class\": \"SIGNZERO\", \"detail\": \"sign of zero\", \"repr\": \"SampleInput(input=tensor([-8.4784, -1.7658, -4.3228, -2.4005, -7.9506]), args=(tensor(3.6116),), kwargs={}, broadcasts_input=False, name='')\"}, {\"i\": 2, \"class\": \"SIGNZERO\", \"detail\": \"sign of zero\", \"repr\": \"SampleInput(input=tensor([[-8.4784],\\n        [-1.7658],\\n        [-4.3228],\\n        [-2.4005],\\n        [-7.9506]]), args=(tensor([ 3.6116, -8.0676, -0.5735,  3.1285, -3.0337]),), kwargs={}, broadcasts_input=True, name='')\"}], \"errors\": [], \"verdict\": \"DIFF:SIGNZERO\"}\n"}
,{"stream_name":"stdout","time":1073.011150169,"data":"{\"op\": \"min\", \"dtype\": \"int32\", \"samples\": 3, \"diffs\": [], \"errors\": [], \"verdict\": \"ok\"}\n"}
,{"stream_name":"stdout","time":1073.011153649,"data":"{\"op\": \"minimum\", \"dtype\": \"float32\", \"samples\": 3, \"diffs\": [{\"i\": 1, \"class\": \"SIGNZERO\", \"detail\": \"sign of zero\", \"repr\": \"SampleInput(input=tensor([-8.4784, -1.7658, -4.3228, -2.4005, -7.9506]), args=(tensor(3.6116),), kwargs={}, broadcasts_input=False, name='')\"}, {\"i\": 2, \"class\": \"SIGNZERO\", \"detail\": \"sign of zero\", \"repr\": \"SampleInput(input=tensor([[-8.4784],\\n        [-1.7658],\\n        [-4.3228],\\n        [-2.4005],\\n        [-7.9506]]), args=(tensor([ 3.6116, -8.0676, -0.5735,  3.1285, -3.0337]),), kwargs={}, broadcasts_input=True, name='')\"}], \"errors\": [], \"verdict\": \"DIFF:SIGNZERO\"}\n"}
,{"stream_name":"stdout","time":1073.011159409,"data":"{\"op\": \"minimum\", \"dtype\": \"int32\", \"samples\": 3, \"diffs\": [], \"errors\": [], \"verdict\": \"ok\"}\n"}
,{"stream_name":"stdout","time":1073.011162969,"data":"{\"op\": \"logical_and\", \"dtype\": \"float32\", \"samples\": 3, \"diffs\": [], \"errors\": [], \"verdict\": \"ok\"}\n"}
,{"stream_name":"stdout","time":1073.011166379,"data":"{\"op\": \"logical_and\", \"dtype\": \"int32\", \"samples\": 3, \"diffs\": [], \"errors\": [], \"verdict\": \"ok\"}\n"}
,{"stream_name":"stdout","time":1073.01117025,"data":"{\"op\": \"logical_or\", \"dtype\": \"float32\", \"samples\": 3, \"diffs\": [], \"errors\": [], \"verdict\": \"ok\"}\n"}
,{"stream_name":"stdout","time":1073.011173739,"data":"{\"op\": \"logical_or\", \"dtype\": \"int32\", \"samples\": 3, \"diffs\": [], \"errors\": [], \"verdict\": \"ok\"}\n"}
,{"stream_name":"stdout","time":1073.01117725,"data":"{\"op\": \"logical_xor\", \"dtype\": \"float32\", \"samples\": 3, \"diffs\": [], \"errors\": [], \"verdict\": \"ok\"}\n"}
,{"stream_name":"stdout","time":1073.01118067,"data":"{\"op\": \"logical_xor\", \"dtype\": \"int32\", \"samples\": 3, \"diffs\": [], \"errors\": [], \"verdict\": \"ok\"}\n"}
,{"stream_name":"stdout","time":1073.01118415,"data":"{\"op\": \"bitwise_and\", \"dtype\": \"int32\", \"samples\": 3, \"diffs\": [], \"errors\": [], \"verdict\": \"ok\"}\n"}
,{"stream_name":"stdout","time":1073.011187819,"data":"{\"op\": \"bitwise_or\", \"dtype\": \"int32\", \"samples\": 3, \"diffs\": [], \"errors\": [], \"verdict\": \"ok\"}\n"}
,{"stream_name":"stdout","time":1073.011191459,"data":"{\"op\": \"bitwise_xor\", \"dtype\": \"int32\", \"samples\": 3, \"diffs\": [], \"errors\": [], \"verdict\": \"ok\"}\n"}
,{"stream_name":"stdout","time":1073.01119523,"data":"{\"op\": \"heaviside\", \"dtype\": \"float32\", \"samples\": 3, \"diffs\": [], \"errors\": [], \"verdict\": \"ok\"}\n"}
,{"stream_name":"stdout","time":1073.01119803,"data":"{\"op\": \"heaviside\", \"dtype\": \"int32\", \"samples\": 3, \"diffs\": [], \"errors\": [], \"verdict\": \"ok\"}\n"}
,{"stream_name":"stdout","time":1073.01120175,"data":"{\"op\": \"lcm\", \"dtype\": \"int32\", \"samples\": 3, \"diffs\": [], \"errors\": [], \"verdict\": \"ok\"}\n"}
,{"stream_name":"stdout","time":1073.011210019,"data":"{\"op\": \"gcd\", \"dtype\": \"int32\", \"samples\": 3, \"diffs\": [], \"errors\": [], \"verdict\": \"ok\"}\n"}
,{"stream_name":"stdout","time":1073.011214159,"data":"{\"op\": \"isclose\", \"dtype\": \"float32\", \"samples\": 3, \"diffs\": [], \"errors\": [], \"verdict\": \"ok\"}\n"}
,{"stream_name":"stdout","time":1073.01121821,"data":"{\"op\": \"isclose\", \"dtype\": \"int32\", \"samples\": 3, \"diffs\": [], \"errors\": [], \"verdict\": \"ok\"}\n"}
,{"stream_name":"stdout","time":1073.01122229,"data":"{\"op\": \"softmax\", \"dtype\": \"float32\", \"samples\": 3, \"diffs\": [], \"errors\": [], \"verdict\": \"ok\"}\n"}
,{"stream_name":"stdout","time":1073.011226339,"data":"{\"op\": \"softmax\", \"dtype\": \"float32\", \"samples\": 3, \"diffs\": [], \"errors\": [], \"verdict\": \"ok\"}\n"}
,{"stream_name":"stdout","time":1073.011230119,"data":"{\"op\": \"softmax\", \"dtype\": \"int32\", \"samples\": 3, \"diffs\": [], \"errors\": [], \"verdict\": \"ok\"}\n"}
,{"stream_name":"stdout","time":1073.01123667,"data":"{\"op\": \"_softmax_backward_data\", \"dtype\": \"float32\", \"samples\": 3, \"diffs\": [{\"i\": 0, \"class\": \"SIGNZERO\", \"detail\": \"sign of zero\", \"repr\": \"SampleInput(input=tensor([ 3.6116, -8.0676, -0.5735,  3.1285, -3.0337]), args=(tensor([0.0008, 0.6208, 0.0481, 0.3291, 0.0013]), 0, torch.float32), kwargs={}, broadcasts_input=False, name='')\"}, {\"i\": 1, \"class\": \"VALUE\", \"detail\": \"nan pattern at [2, 1]: eager -inf compiled nan\", \"repr\": \"SampleInput(input=tensor([[ 4.3191, -0.8691, -0.4368,  5.1155, -6.2551],\\n        [ 2.9920, -2.9822,  5.2072, -3.2105,  0.4450],\\n        [ 3.0391,  6.1851, -1.3229,  8.2106, -7.6144],\\n        [-1.6054, -8.9746,  0.7456,  2.5540, -3.6433],\\n        [ 3.7379, -1.4590, -7.8209,  6.9096,  5.5491]]), args=\"}, {\"i\": 2, \"class\": \"VALUE\", \"detail\": \"nan pattern at [0, 5, 2]: eager -inf compiled nan\", \"repr\": \"SampleInput(input=tensor([[[ 4.6294, -5.5161,  5.4848,  8.2469, -3.0014],\\n         [ 1.0101,  4.9624, -0.7130, -7.5305,  4.0428],\\n         [ 4.2817, -4.9307, -6.0598, -1.5706,  1.7646],\\n         [-4.5515, -0.2163, -3.8892, -3.5062, -1.2317],\\n         [-3.4303,  6.9133,  2.3649,  8.0544,  8.1262],\\n  \"}], \"errors\": [], \"verdict\": \"DIFF:SIGNZERO+VALUE\"}\n"}
,{"stream_name":"stdout","time":1073.011244939,"data":"{\"op\": \"nn.functional.softmin\", \"dtype\": \"float32\", \"samples\": 3, \"diffs\": [], \"errors\": [], \"verdict\": \"ok\"}\n"}
,{"stream_name":"stdout","time":1073.01124865,"data":"{\"op\": \"nn.functional.softmin\", \"dtype\": \"float32\", \"samples\": 3, \"diffs\": [], \"errors\": [], \"verdict\": \"ok\"}\n"}
,{"stream_name":"stdout","time":1073.01125215,"data":"{\"op\": \"nn.functional.softmin\", \"dtype\": \"int32\", \"samples\": 3, \"diffs\": [], \"errors\": [], \"verdict\": \"ok\"}\n"}
,{"stream_name":"stdout","time":1073.011255639,"data":"{\"op\": \"nn.functional.cross_entropy\", \"dtype\": \"float32\", \"samples\": 3, \"diffs\": [], \"errors\": [], \"verdict\": \"ok\"}\n"}
,{"stream_name":"stdout","time":1073.01125911,"data":"{\"op\": \"nn.functional.linear_cross_entropy\", \"dtype\": \"float32\", \"samples\": 3, \"diffs\": [], \"errors\": [], \"verdict\": \"ok\"}\n"}
,{"stream_name":"stdout","time":1073.011262619,"data":"{\"op\": \"nn.functional.linear_cross_entropy\", \"dtype\": \"float32\", \"samples\": 3, \"diffs\": [], \"errors\": [], \"verdict\": \"ok\"}\n"}
,{"stream_name":"stdout","time":1073.011266319,"data":"{\"op\": \"nn.functional.linear_cross_entropy\", \"dtype\": \"float32\", \"samples\": 3, \"diffs\": [], \"errors\": [], \"verdict\": \"ok\"}\n"}
,{"stream_name":"stdout","time":1073.011269809,"data":"{\"op\": \"aminmax\", \"dtype\": \"float32\", \"samples\": 3, \"diffs\": [], \"errors\": [], \"verdict\": \"ok\"}\n"}
,{"stream_name":"stdout","time":1073.011276819,"data":"{\"op\": \"aminmax\", \"dtype\": \"int32\", \"samples\": 3, \"diffs\": [], \"errors\": [], \"verdict\": \"ok\"}\n"}
,{"stream_name":"stdout","time":1073.011280679,"data":"{\"op\": \"as_strided\", \"dtype\": \"float32\", \"samples\": 3, \"diffs\": [], \"errors\": [], \"verdict\": \"ok\"}\n"}
,{"stream_name":"stdout","time":1073.011284109,"data":"{\"op\": \"as_strided\", \"dtype\": \"int32\", \"samples\": 3, \"diffs\": [], \"errors\": [], \"verdict\": \"ok\"}\n"}
,{"stream_name":"stdout","time":1073.011287699,"data":"{\"op\": \"as_strided\", \"dtype\": \"float32\", \"samples\": 3, \"diffs\": [], \"errors\": [], \"verdict\": \"ok\"}\n"}
,{"stream_name":"stdout","time":1073.011291099,"data":"{\"op\": \"as_strided\", \"dtype\": \"int32\", \"samples\": 3, \"diffs\": [], \"errors\": [], \"verdict\": \"ok\"}\n"}
,{"stream_name":"stdout","time":1073.011295769,"data":"{\"op\": \"as_strided_copy\", \"dtype\": \"float32\", \"samples\": 3, \"diffs\": [], \"errors\": [], \"verdict\": \"ok\"}\n"}
,{"stream_name":"stdout","time":1073.011299699,"data":"{\"op\": \"as_strided_copy\", \"dtype\": \"int32\", \"samples\": 3, \"diffs\": [], \"errors\": [], \"verdict\": \"ok\"}\n"}
,{"stream_name":"stdout","time":1073.011303769,"data":"{\"op\": \"as_strided_scatter\", \"dtype\": \"float32\", \"samples\": 3, \"diffs\": [], \"errors\": [], \"verdict\": \"ok\"}\n"}
,{"stream_name":"stdout","time":1073.011308,"data":"{\"op\": \"as_strided_scatter\", \"dtype\": \"int32\", \"samples\": 3, \"diffs\": [], \"errors\": [], \"verdict\": \"ok\"}\n"}
,{"stream_name":"stdout","time":1073.011312109,"data":"{\"op\": \"native_group_norm\", \"dtype\": \"float32\", \"samples\": 3, \"diffs\": [{\"i\": 0, \"class\": \"VALUE\", \"detail\": \"nan pattern at [0, 0]: eager nan compiled inf\", \"repr\": \"SampleInput(input=tensor([[[ 4.9473,  5.7744, -3.9730],\\n         [ 3.2708, -3.8939,  2.8211],\\n         [-4.7024,  4.1631,  1.8220],\\n         [-3.5221, -4.4145,  2.3285],\\n         [ 8.3972,  4.3191, -0.8691],\\n         [-0.4368,  5.1155, -6.2551]]]), args=(tensor([-8.4784, -1.7658, -4.3228, -2.4005, -\"}, {\"i\": 1, \"class\": \"VALUE\", \"detail\": \"nan pattern at [0, 0]: eager nan compiled inf\", \"repr\": \"SampleInput(input=tensor([[[-8.4784, -1.7658, -4.3228],\\n         [-2.4005, -7.9506,  3.6116],\\n         [-8.0676, -0.5735,  3.1285],\\n         [-3.0337,  5.1067,  1.1351],\\n         [ 4.9473,  5.7744, -3.9730],\\n         [ 3.2708, -3.8939,  2.8211]]]), args=(tensor([-8.4784, -1.7658, -4.3228, -2.4005, -\"}, {\"i\": 2, \"class\": \"VALUE\", \"detail\": \"nan pattern at [0, 0]: eager nan compiled inf\", \"repr\": \"SampleInput(input=tensor([[[-8.4784, -1.7658, -4.3228],\\n         [-2.4005, -7.9506,  3.6116],\\n         [-8.0676, -0.5735,  3.1285],\\n         [-3.0337,  5.1067,  1.1351],\\n         [ 4.9473,  5.7744, -3.9730],\\n         [ 3.2708, -3.8939,  2.8211]]]), args=(tensor([-8.4784, -1.7658, -4.3228, -2.4005, -\"}], \"errors\": [], \"verdict\": \"DIFF:VALUE\"}\n"}
,{"stream_name":"stdout","time":1073.0113204,"data":"{\"op\": \"native_layer_norm\", \"dtype\": \"float32\", \"samples\": 3, \"diffs\": [], \"errors\": [], \"verdict\": \"ok\"}\n"}
,{"stream_name":"stdout","time":1073.011324329,"data":"{\"op\": \"native_batch_norm\", \"dtype\": \"float32\", \"samples\": 3, \"diffs\": [{\"i\": 1, \"class\": \"VALUE\", \"detail\": \"nan pattern at [1, 0, 3]: eager 0.0 compiled nan\", \"repr\": \"SampleInput(input=tensor([[[ 3.1285, -3.0337,  5.1067,  1.1351],\\n         [ 4.9473,  5.7744, -3.9730,  3.2708]],\\n\\n        [[-3.8939,  2.8211, -4.7024,  4.1631],\\n         [ 1.8220, -3.5221, -4.4145,  2.3285]],\\n\\n        [[ 8.3972,  4.3191, -0.8691, -0.4368],\\n         [ 5.1155, -6.2551,  2.9920, -2.982\"}], \"errors\": [], \"verdict\": \"DIFF:VALUE\"}\n"}
,{"stream_name":"stdout","time":1073.011329589,"data":"{\"op\": \"_native_batch_norm_legit\", \"dtype\": \"float32\", \"samples\": 3, \"diffs\": [{\"i\": 1, \"class\": \"VALUE\", \"detail\": \"nan pattern at [1, 0, 3]: eager 0.0 compiled nan\", \"repr\": \"SampleInput(input=tensor([[[ 3.1285, -3.0337,  5.1067,  1.1351],\\n         [ 4.9473,  5.7744, -3.9730,  3.2708]],\\n\\n        [[-3.8939,  2.8211, -4.7024,  4.1631],\\n         [ 1.8220, -3.5221, -4.4145,  2.3285]],\\n\\n        [[ 8.3972,  4.3191, -0.8691, -0.4368],\\n         [ 5.1155, -6.2551,  2.9920, -2.982\"}], \"errors\": [], \"verdict\": \"DIFF:VALUE\"}\n"}
,{"stream_name":"stdout","time":1073.01133848,"data":"{\"op\": \"_batch_norm_with_update\", \"dtype\": \"float32\", \"samples\": 3, \"diffs\": [{\"i\": 1, \"class\": \"SIGNZERO\", \"detail\": \"sign of zero\", \"repr\": \"SampleInput(input=tensor([[[ 3.1285, -3.0337,  5.1067,  1.1351],\\n         [ 4.9473,  5.7744, -3.9730,  3.2708]],\\n\\n        [[-3.8939,  2.8211, -4.7024,  4.1631],\\n         [ 1.8220, -3.5221, -4.4145,  2.3285]],\\n\\n        [[ 8.3972,  4.3191, -0.8691, -0.4368],\\n         [ 5.1155, -6.2551,  2.9920, -2.982\"}], \"errors\": [], \"verdict\": \"DIFF:SIGNZERO\"}\n"}
,{"stream_name":"stdout","time":1073.01134376,"data":"{\"op\": \"nn.functional.cosine_similarity\", \"dtype\": \"float32\", \"samples\": 3, \"diffs\": [], \"errors\": [], \"verdict\": \"ok\"}\n"}
,{"stream_name":"stdout","time":1073.011347249,"data":"{\"op\": \"nn.functional.adaptive_avg_pool1d\", \"dtype\": \"float32\", \"samples\": 3, \"diffs\": [], \"errors\": [], \"verdict\": \"ok\"}\n"}
,{"stream_name":"stdout","time":1073.01135078,"data":"{\"op\": \"nn.functional.adaptive_avg_pool2d\", \"dtype\": \"float32\", \"samples\": 3, \"diffs\": [], \"errors\": [], \"verdict\": \"ok\"}\n"}
,{"stream_name":"stdout","time":1073.01135434,"data":"{\"op\": \"nn.functional.adaptive_avg_pool3d\", \"dtype\": \"float32\", \"samples\": 3, \"diffs\": [], \"errors\": [], \"verdict\": \"ok\"}\n"}
,{"stream_name":"stdout","time":1073.01137306,"data":"{\"op\": \"nn.functional.adaptive_max_pool1d\", \"dtype\": \"float32\", \"samples\": 3, \"diffs\": [{\"i\": 0, \"class\": \"VALUE\", \"detail\": \"value at [0, 2, 1]: eager 2 compiled 1\", \"repr\": \"SampleInput(input=tensor([[[-8.4784, -1.7658, -4.3228, -2.4005],\\n         [-7.9506,  3.6116, -8.0676, -0.5735],\\n         [ 3.1285, -3.0337,  5.1067,  1.1351],\\n         [ 4.9473,  5.7744, -3.9730,  3.2708]],\\n\\n        [[-3.8939,  2.8211, -4.7024,  4.1631],\\n         [ 1.8220, -3.5221, -4.4145,  2.3285]\"}, {\"i\": 1, \"class\": \"VALUE\", \"detail\": \"value at [2, 1]: eager 2 compiled 1\", \"repr\": \"SampleInput(input=tensor([[-8.4784, -1.7658, -4.3228, -2.4005],\\n        [-7.9506,  3.6116, -8.0676, -0.5735],\\n        [ 3.1285, -3.0337,  5.1067,  1.1351],\\n        [ 4.9473,  5.7744, -3.9730,  3.2708]]), args=(3, True), kwargs={}, broadcasts_input=False, name='')\"}], \"errors\": [], \"verdict\": \"DIFF:VALUE\"}\n"}
,{"stream_name":"stdout","time":1073.011380209,"data":"{\"op\": \"nn.functional.adaptive_max_pool2d\", \"dtype\": \"float32\", \"samples\": 3, \"diffs\": [{\"i\": 0, \"class\": \"VALUE\", \"detail\": \"value at [0, 0, 1, 1]: eager 10 compiled 9\", \"repr\": \"SampleInput(input=tensor([[[[-8.4784, -1.7658, -4.3228, -2.4005],\\n          [-7.9506,  3.6116, -8.0676, -0.5735],\\n          [ 3.1285, -3.0337,  5.1067,  1.1351],\\n          [ 4.9473,  5.7744, -3.9730,  3.2708]],\\n\\n         [[-3.8939,  2.8211, -4.7024,  4.1631],\\n          [ 1.8220, -3.5221, -4.4145,  2\"}, {\"i\": 1, \"class\": \"VALUE\", \"detail\": \"value at [0, 1, 1]: eager 10 compiled 9\", \"repr\": \"SampleInput(input=tensor([[[-8.4784, -1.7658, -4.3228, -2.4005],\\n         [-7.9506,  3.6116, -8.0676, -0.5735],\\n         [ 3.1285, -3.0337,  5.1067,  1.1351],\\n         [ 4.9473,  5.7744, -3.9730,  3.2708]],\\n\\n        [[-3.8939,  2.8211, -4.7024,  4.1631],\\n         [ 1.8220, -3.5221, -4.4145,  2.3285]\"}], \"errors\": [], \"verdict\": \"DIFF:VALUE\"}\n"}
,{"stream_name":"stdout","time":1073.01138718,"data":"{\"op\": \"nn.functional.adaptive_max_pool3d\", \"dtype\": \"float32\", \"samples\": 3, \"diffs\": [], \"errors\": [], \"verdict\": \"ok\"}\n"}
,{"stream_name":"stdout","time":1073.011394759,"data":"{\"op\": \"nn.functional.avg_pool1d\", \"dtype\": \"float32\", \"samples\": 3, \"diffs\": [], \"errors\": [], \"verdict\": \"ok\"}\n"}
,{"stream_name":"stdout","time":1073.011398409,"data":"{\"op\": \"nn.functional.avg_pool3d\", \"dtype\": \"float32\", \"samples\": 3, \"diffs\": [], \"errors\": [], \"verdict\": \"ok\"}\n"}
,{"stream_name":"stdout","time":1073.011402289,"data":"{\"op\": \"nn.functional.binary_cross_entropy_with_logits\", \"dtype\": \"float32\", \"samples\": 3, \"diffs\": [], \"errors\": [], \"verdict\": \"ok\"}\n"}
,{"stream_name":"stdout","time":1073.011406029,"data":"{\"op\": \"nn.functional.conv_transpose1d\", \"dtype\": \"float32\", \"samples\": 3, \"diffs\": [], \"errors\": [], \"verdict\": \"ok\"}\n"}
,{"stream_name":"stdout","time":1073.011409509,"data":"{\"op\": \"nn.functional.conv_transpose2d\", \"dtype\": \"float32\", \"samples\": 3, \"diffs\": [], \"errors\": [], \"verdict\": \"ok\"}\n"}
,{"stream_name":"stdout","time":1073.011412989,"data":"{\"op\": \"nn.functional.conv_transpose3d\", \"dtype\": \"float32\", \"samples\": 3, \"diffs\": [], \"errors\": [], \"verdict\": \"ok\"}\n"}
,{"stream_name":"stdout","time":1073.011416539,"data":"{\"op\": \"nn.functional.conv1d\", \"dtype\": \"float32\", \"samples\": 3, \"diffs\": [], \"errors\": [], \"verdict\": \"ok\"}\n"}
,{"stream_name":"stdout","time":1073.011420149,"data":"{\"op\": \"nn.functional.conv2d\", \"dtype\": \"float32\", \"samples\": 3, \"diffs\": [{\"i\": 2, \"class\": \"VALUE\", \"detail\": \"nan pattern at [0, 0, 0, 0]: eager nan compiled inf\", \"repr\": \"SampleInput(input=tensor([[[[-8.4784e+00, -1.7658e+00, -4.3228e+00, -2.4005e+00, -7.9506e+00,\\n            3.6116e+00, -8.0676e+00, -5.7349e-01],\\n          [ 3.1285e+00, -3.0337e+00,  5.1067e+00,  1.1351e+00,  4.9473e+00,\\n            5.7744e+00, -3.9730e+00,  3.2708e+00],\\n          [-3.8939e+00,  2.8\"}], \"errors\": [], \"verdict\": \"DIFF:VALUE\"}\n"}
,{"stream_name":"stdout","time":1073.011425269,"data":"{\"op\": \"nn.functional.conv3d\", \"dtype\": \"float32\", \"samples\": 3, \"diffs\": [], \"errors\": [], \"verdict\": \"ok\"}\n"}
,{"stream_name":"stdout","time":1073.011428729,"data":"{\"op\": \"nn.functional.group_norm\", \"dtype\": \"float32\", \"samples\": 3, \"diffs\": [], \"errors\": [], \"verdict\": \"ok\"}\n"}
,{"stream_name":"stdout","time":1073.011432939,"data":"{\"op\": \"nn.functional.instance_norm\", \"dtype\": \"float32\", \"samples\": 3, \"diffs\": [{\"i\": 0, \"class\": \"SIGNZERO\", \"detail\": \"sign of zero\", \"repr\": \"SampleInput(input=tensor([[[ 1.8220, -3.5221, -4.4145,  2.3285,  8.3972],\\n         [ 4.3191, -0.8691, -0.4368,  5.1155, -6.2551],\\n         [ 2.9920, -2.9822,  5.2072, -3.2105,  0.4450],\\n         [ 3.0391,  6.1851, -1.3229,  8.2106, -7.6144],\\n         [-1.6054, -8.9746,  0.7456,  2.5540, -3.6433]],\\n\\n\"}, {\"i\": 1, \"class\": \"SIGNZERO\", \"detail\": \"sign of zero\", \"repr\": \"SampleInput(input=tensor([[[ 1.8220, -3.5221, -4.4145,  2.3285,  8.3972],\\n         [ 4.3191, -0.8691, -0.4368,  5.1155, -6.2551],\\n         [ 2.9920, -2.9822,  5.2072, -3.2105,  0.4450],\\n         [ 3.0391,  6.1851, -1.3229,  8.2106, -7.6144],\\n         [-1.6054, -8.9746,  0.7456,  2.5540, -3.6433]],\\n\\n\"}, {\"i\": 2, \"class\": \"SIGNZERO\", \"detail\": \"sign of zero\", \"repr\": \"SampleInput(input=tensor([[[ 3.1285, -3.0337,  5.1067,  1.1351],\\n         [ 4.9473,  5.7744, -3.9730,  3.2708]],\\n\\n        [[-3.8939,  2.8211, -4.7024,  4.1631],\\n         [ 1.8220, -3.5221, -4.4145,  2.3285]],\\n\\n        [[ 8.3972,  4.3191, -0.8691, -0.4368],\\n         [ 5.1155, -6.2551,  2.9920, -2.982\"}], \"errors\": [], \"verdict\": \"DIFF:SIGNZERO\"}\n"}
,{"stream_name":"stdout","time":1073.01144135,"data":"{\"op\": \"nn.functional.layer_norm\", \"dtype\": \"float32\", \"samples\": 3, \"diffs\": [], \"errors\": [], \"verdict\": \"ok\"}\n"}
,{"stream_name":"stdout","time":1073.01144755,"data":"{\"op\": \"nn.functional.rms_norm\", \"dtype\": \"float32\", \"samples\": 3, \"diffs\": [], \"errors\": [], \"verdict\": \"ok\"}\n"}
,{"stream_name":"stdout","time":1073.011451419,"data":"{\"op\": \"nn.functional.local_response_norm\", \"dtype\": \"float32\", \"samples\": 3, \"diffs\": [], \"errors\": [], \"verdict\": \"ok\"}\n"}
,{"stream_name":"stdout","time":1073.01145545,"data":"{\"op\": \"constant_pad_nd\", \"dtype\": \"float32\", \"samples\": 3, \"diffs\": [], \"errors\": [], \"verdict\": \"ok\"}\n"}
,{"stream_name":"stdout","time":1073.011459499,"data":"{\"op\": \"constant_pad_nd\", \"dtype\": \"int32\", \"samples\": 3, \"diffs\": [], \"errors\": [], \"verdict\": \"ok\"}\n"}
,{"stream_name":"stdout","time":1073.011463659,"data":"{\"op\": \"nn.functional.pad\", \"dtype\": \"float32\", \"samples\": 3, \"diffs\": [], \"errors\": [], \"verdict\": \"ok\"}\n"}
,{"stream_name":"stdout","time":1073.01146771,"data":"{\"op\": \"nn.functional.pad\", \"dtype\": \"int32\", \"samples\": 3, \"diffs\": [], \"errors\": [], \"verdict\": \"ok\"}\n"}
,{"stream_name":"stdout","time":1073.011471779,"data":"{\"op\": \"nn.functional.pad\", \"dtype\": \"float32\", \"samples\": 3, \"diffs\": [], \"errors\": [], \"verdict\": \"ok\"}\n"}
,{"stream_name":"stdout","time":1073.011475819,"data":"{\"op\": \"nn.functional.pad\", \"dtype\": \"int32\", \"samples\": 3, \"diffs\": [], \"errors\": [], \"verdict\": \"ok\"}\n"}
,{"stream_name":"stdout","time":1073.011479379,"data":"{\"op\": \"nn.functional.pad\", \"dtype\": \"float32\", \"samples\": 3, \"diffs\": [], \"errors\": [], \"verdict\": \"ok\"}\n"}
,{"stream_name":"stdout","time":1073.01148283,"data":"{\"op\": \"nn.functional.pad\", \"dtype\": \"int32\", \"samples\": 3, \"diffs\": [], \"errors\": [], \"verdict\": \"ok\"}\n"}
,{"stream_name":"stdout","time":1073.011486439,"data":"{\"op\": \"nn.functional.pad\", \"dtype\": \"float32\", \"samples\": 3, \"diffs\": [], \"errors\": [], \"verdict\": \"ok\"}\n"}
,{"stream_name":"stdout","time":1073.011489839,"data":"{\"op\": \"nn.functional.pad\", \"dtype\": \"int32\", \"samples\": 3, \"diffs\": [], \"errors\": [], \"verdict\": \"ok\"}\n"}
,{"stream_name":"stdout","time":1073.01149329,"data":"{\"op\": \"nn.functional.pad\", \"dtype\": \"float32\", \"samples\": 3, \"diffs\": [], \"errors\": [], \"verdict\": \"ok\"}\n"}
,{"stream_name":"stdout","time":1073.01149677,"data":"{\"op\": \"nn.functional.pad\", \"dtype\": \"int32\", \"samples\": 3, \"diffs\": [], \"errors\": [], \"verdict\": \"ok\"}\n"}
,{"stream_name":"stdout","time":1073.011500639,"data":"{\"op\": \"nn.functional.hardswish\", \"dtype\": \"float32\", \"samples\": 3, \"diffs\": [], \"errors\": [], \"verdict\": \"ok\"}\n"}
,{"stream_name":"stdout","time":1073.011504179,"data":"{\"op\": \"nn.functional.unfold\", \"dtype\": \"float32\", \"samples\": 3, \"diffs\": [], \"errors\": [], \"verdict\": \"ok\"}\n"}
,{"stream_name":"stdout","time":1073.01150767,"data":"{\"op\": \"_upsample_bilinear2d_aa\", \"dtype\": \"float32\", \"samples\": 3, \"diffs\": [], \"errors\": [], \"verdict\": \"ok\"}\n"}
,{"stream_name":"stdout","time":1073.01151117,"data":"{\"op\": \"nn.functional.soft_margin_loss\", \"dtype\": \"float32\", \"samples\": 3, \"diffs\": [], \"errors\": [], \"verdict\": \"ok\"}\n"}
,{"stream_name":"stdout","time":1073.01151481,"data":"{\"op\": \"nn.functional.margin_ranking_loss\", \"dtype\": \"float32\", \"samples\": 3, \"diffs\": [], \"errors\": [], \"verdict\": \"ok\"}\n"}
,{"stream_name":"stdout","time":1073.01151831,"data":"{\"op\": \"nn.functional.margin_ranking_loss\", \"dtype\": \"int32\", \"samples\": 3, \"diffs\": [], \"errors\": [], \"verdict\": \"ok\"}\n"}
,{"stream_name":"stdout","time":1073.01152179,"data":"{\"op\": \"nn.functional.multi_margin_loss\", \"dtype\": \"float32\", \"samples\": 3, \"diffs\": [], \"errors\": [], \"verdict\": \"ok\"}\n"}
,{"stream_name":"stdout","time":1073.011529429,"data":"{\"op\": \"nn.functional.multilabel_margin_loss\", \"dtype\": \"float32\", \"samples\": 3, \"diffs\": [{\"i\": 2, \"class\": \"VALUE\", \"detail\": \"nan pattern at []: eager inf compiled nan\", \"repr\": \"SampleInput(input=tensor([[-8.4784, -1.7658, -4.3228, -2.4005, -7.9506],\\n        [ 3.6116, -8.0676, -0.5735,  3.1285, -3.0337],\\n        [ 5.1067,  1.1351,  4.9473,  5.7744, -3.9730],\\n        [ 3.2708, -3.8939,  2.8211, -4.7024,  4.1631],\\n        [ 1.8220, -3.5221, -4.4145,  2.3285,  8.3972],\\n       \"}], \"errors\": [], \"verdict\": \"DIFF:VALUE\"}\n"}
,{"stream_name":"stdout","time":1073.011534949,"data":"{\"op\": \"nn.functional.multilabel_soft_margin_loss\", \"dtype\": \"float32\", \"samples\": 3, \"diffs\": [], \"errors\": [], \"verdict\": \"ok\"}\n"}
,{"stream_name":"stdout","time":1073.011537429,"data":"{\"op\": \"nn.functional.avg_pool2d\", \"dtype\": \"float32\", \"samples\": 3, \"diffs\": [], \"errors\": [], \"verdict\": \"ok\"}\n"}
,{"stream_name":"stdout","time":1073.011541689,"data":"{\"op\": \"nn.functional.max_pool1d\", \"dtype\": \"float32\", \"samples\": 3, \"diffs\": [], \"errors\": [], \"verdict\": \"ok\"}\n"}
,{"stream_name":"stdout","time":1073.011545699,"data":"{\"op\": \"nn.functional.max_pool2d\", \"dtype\": \"float32\", \"samples\": 3, \"diffs\": [], \"errors\": [], \"verdict\": \"ok\"}\n"}
,{"stream_name":"stdout","time":1073.011549839,"data":"{\"op\": \"nn.functional.max_pool2d\", \"dtype\": \"int32\", \"samples\": 3, \"diffs\": [], \"errors\": [], \"verdict\": \"ok\"}\n"}
,{"stream_name":"stdout","time":1073.011553919,"data":"{\"op\": \"max_pool2d_with_indices_backward\", \"dtype\": \"float32\", \"samples\": 3, \"diffs\": [], \"errors\": [], \"verdict\": \"ok\"}\n"}
,{"stream_name":"stdout","time":1073.011558509,"data":"{\"op\": \"nn.functional.max_pool3d\", \"dtype\": \"float32\", \"samples\": 3, \"diffs\": [{\"i\": 0, \"class\": \"VALUE\", \"detail\": \"value at [0, 0, 0, 0, 0]: eager 66 compiled 10\", \"repr\": \"SampleInput(input=tensor([[[[[-8.4784, -1.7658, -4.3228, -2.4005, -7.9506],\\n           [ 3.6116, -8.0676, -0.5735,  3.1285, -3.0337],\\n           [ 5.1067,  1.1351,  4.9473,  5.7744, -3.9730],\\n           [ 3.2708, -3.8939,  2.8211, -4.7024,  4.1631],\\n           [ 1.8220, -3.5221, -4.4145,  2.3285,  8\"}, {\"i\": 2, \"class\": \"VALUE\", \"detail\": \"value at [0, 1, 0, 0, 0]: eager 60 compiled 32\", \"repr\": \"SampleInput(input=tensor([[[[[-8.4784, -1.7658, -4.3228, -2.4005, -7.9506],\\n           [ 3.6116, -8.0676, -0.5735,  3.1285, -3.0337],\\n           [ 5.1067,  1.1351,  4.9473,  5.7744, -3.9730],\\n           [ 3.2708, -3.8939,  2.8211, -4.7024,  4.1631],\\n           [ 1.8220, -3.5221, -4.4145,  2.3285,  8\"}], \"errors\": [], \"verdict\": \"DIFF:VALUE\"}\n"}
,{"stream_name":"stdout","time":1073.011565639,"data":"{\"op\": \"nn.functional.max_pool3d\", \"dtype\": \"int32\", \"samples\": 3, \"diffs\": [], \"errors\": [], \"verdict\": \"ok\"}\n"}
,{"stream_name":"stdout","time":1073.011569249,"data":"{\"op\": \"nn.functional.linear\", \"dtype\": \"float32\", \"samples\": 3, \"diffs\": [], \"errors\": [], \"verdict\": \"ok\"}\n"}
,{"stream_name":"stdout","time":1073.011572609,"data":"{\"op\": \"nn.functional.linear\", \"dtype\": \"int32\", \"samples\": 3, \"diffs\": [], \"errors\": [], \"verdict\": \"ok\"}\n"}
,{"stream_name":"stdout","time":1073.011576009,"data":"{\"op\": \"nn.functional.bilinear\", \"dtype\": \"float32\", \"samples\": 3, \"diffs\": [], \"errors\": [], \"verdict\": \"ok\"}\n"}
,{"stream_name":"stdout","time":1073.011579349,"data":"{\"op\": \"nn.functional.bilinear\", \"dtype\": \"int32\", \"samples\": 3, \"diffs\": [], \"errors\": [], \"verdict\": \"ok\"}\n"}
,{"stream_name":"stdout","time":1073.011583089,"data":"{\"op\": \"torch.ops.aten._safe_softmax.default\", \"dtype\": \"float32\", \"samples\": 3, \"diffs\": [], \"errors\": [], \"verdict\": \"ok\"}\n"}
,{"stream_name":"stdout","time":1073.011591329,"data":"{\"op\": \"torch.ops.aten._safe_softmax.default\", \"dtype\": \"int32\", \"samples\": 3, \"diffs\": [], \"errors\": [], \"verdict\": \"ok\"}\n"}
,{"stream_name":"stdout","time":1073.01159478,"data":"{\"op\": \"nn.functional.scaled_dot_product_attention\", \"dtype\": \"float32\", \"samples\": 3, \"diffs\": [], \"errors\": [], \"verdict\": \"ok\"}\n"}
,{"stream_name":"stdout","time":1073.011598049,"data":"{\"op\": \"torch.ops.aten._scaled_dot_product_flash_attention_for_cpu\", \"dtype\": \"float32\", \"samples\": 3, \"diffs\": [], \"errors\": [], \"verdict\": \"ok\"}\n"}
,{"stream_name":"stdout","time":1073.01160178,"data":"{\"op\": \"nn.functional.hardsigmoid\", \"dtype\": \"float32\", \"samples\": 3, \"diffs\": [], \"errors\": [], \"verdict\": \"ok\"}\n"}
,{"stream_name":"stdout","time":1073.01160502,"data":"{\"op\": \"nn.functional.logsigmoid\", \"dtype\": \"float32\", \"samples\": 3, \"diffs\": [], \"errors\": [], \"verdict\": \"ok\"}\n"}
,{"stream_name":"stdout","time":1073.01160824,"data":"{\"op\": \"nn.functional.mish\", \"dtype\": \"float32\", \"samples\": 3, \"diffs\": [], \"errors\": [], \"verdict\": \"ok\"}\n"}
,{"stream_name":"stdout","time":1073.011611349,"data":"{\"op\": \"nn.functional.softsign\", \"dtype\": \"float32\", \"samples\": 3, \"diffs\": [], \"errors\": [], \"verdict\": \"ok\"}\n"}
,{"stream_name":"stdout","time":1073.01161456,"data":"{\"op\": \"nn.functional.softsign\", \"dtype\": \"int32\", \"samples\": 3, \"diffs\": [], \"errors\": [], \"verdict\": \"ok\"}\n"}
,{"stream_name":"stdout","time":1073.011617689,"data":"{\"op\": \"nn.functional.tanhshrink\", \"dtype\": \"float32\", \"samples\": 3, \"diffs\": [], \"errors\": [], \"verdict\": \"ok\"}\n"}
,{"stream_name":"stdout","time":1073.01162108,"data":"{\"op\": \"nn.functional.tanhshrink\", \"dtype\": \"int32\", \"samples\": 3, \"diffs\": [], \"errors\": [], \"verdict\": \"ok\"}\n"}
,{"stream_name":"stdout","time":1073.01162448,"data":"{\"op\": \"nn.functional.threshold\", \"dtype\": \"float32\", \"samples\": 3, \"diffs\": [], \"errors\": [], \"verdict\": \"ok\"}\n"}
,{"stream_name":"stdout","time":1073.011627969,"data":"{\"op\": \"nn.functional.threshold\", \"dtype\": \"int32\", \"samples\": 3, \"diffs\": [], \"errors\": [], \"verdict\": \"ok\"}\n"}
,{"stream_name":"stdout","time":1073.011631589,"data":"{\"op\": \"nn.functional.triplet_margin_loss\", \"dtype\": \"float32\", \"samples\": 3, \"diffs\": [], \"errors\": [], \"verdict\": \"ok\"}\n"}
,{"stream_name":"stdout","time":1073.011635569,"data":"{\"op\": \"nn.functional.triplet_margin_loss\", \"dtype\": \"int32\", \"samples\": 3, \"diffs\": [], \"errors\": [], \"verdict\": \"ok\"}\n"}
,{"stream_name":"stdout","time":1073.0116395,"data":"{\"op\": \"nn.functional.triplet_margin_with_distance_loss\", \"dtype\": \"float32\", \"samples\": 3, \"diffs\": [], \"errors\": [], \"verdict\": \"ok\"}\n"}
,{"stream_name":"stdout","time":1073.0116435,"data":"{\"op\": \"nn.functional.triplet_margin_with_distance_loss\", \"dtype\": \"int32\", \"samples\": 3, \"diffs\": [], \"errors\": [], \"verdict\": \"ok\"}\n"}
,{"stream_name":"stdout","time":1073.011647529,"data":"{\"op\": \"nextafter\", \"dtype\": \"float32\", \"samples\": 3, \"diffs\": [], \"errors\": [], \"verdict\": \"ok\"}\n"}
,{"stream_name":"stdout","time":1073.011651389,"data":"{\"op\": \"to\", \"dtype\": \"float32\", \"samples\": 3, \"diffs\": [], \"errors\": [], \"verdict\": \"ok\"}\n"}
,{"stream_name":"stdout","time":1073.0116552,"data":"{\"op\": \"to\", \"dtype\": \"int32\", \"samples\": 3, \"diffs\": [], \"errors\": [], \"verdict\": \"ok\"}\n"}
,{"stream_name":"stdout","time":1073.011659109,"data":"{\"op\": \"nn.functional.batch_norm\", \"dtype\": \"float32\", \"samples\": 3, \"diffs\": [{\"i\": 1, \"class\": \"VALUE\", \"detail\": \"nan pattern at [1, 0, 3]: eager 0.0 compiled nan\", \"repr\": \"SampleInput(input=tensor([[[ 3.1285, -3.0337,  5.1067,  1.1351],\\n         [ 4.9473,  5.7744, -3.9730,  3.2708]],\\n\\n        [[-3.8939,  2.8211, -4.7024,  4.1631],\\n         [ 1.8220, -3.5221, -4.4145,  2.3285]],\\n\\n        [[ 8.3972,  4.3191, -0.8691, -0.4368],\\n         [ 5.1155, -6.2551,  2.9920, -2.982\"}], \"errors\": [], \"verdict\": \"DIFF:VALUE\"}\n"}
,{"stream_name":"stdout","time":1073.011668379,"data":"{\"op\": \"nn.functional.binary_cross_entropy\", \"dtype\": \"float32\", \"samples\": 3, \"diffs\": [{\"i\": 2, \"class\": \"SILENT\", \"detail\": \"eager raises RuntimeError, compiled returns\"}], \"errors\": [], \"verdict\": \"DIFF:SILENT\"}\n"}
,{"stream_name":"stdout","time":1073.011672339,"data":"{\"op\": \"igamma\", \"dtype\": \"float32\", \"samples\": 3, \"diffs\": [], \"errors\": [], \"verdict\": \"ok\"}\n"}
,{"stream_name":"stdout","time":1073.011675679,"data":"{\"op\": \"igammac\", \"dtype\": \"float32\", \"samples\": 3, \"diffs\": [], \"errors\": [], \"verdict\": \"ok\"}\n"}
,{"stream_name":"stdout","time":1073.011679109,"data":"{\"op\": \"nn.functional.softshrink\", \"dtype\": \"float32\", \"samples\": 3, \"diffs\": [{\"i\": 0, \"class\": \"SIGNZERO\", \"detail\": \"sign of zero\", \"repr\": \"SampleInput(input=tensor([[-8.4784, -1.7658, -4.3228, -2.4005, -7.9506],\\n        [ 3.6116, -8.0676, -0.5735,  3.1285, -3.0337],\\n        [ 5.1067,  1.1351,  4.9473,  5.7744, -3.9730],\\n        [ 3.2708, -3.8939,  2.8211, -4.7024,  4.1631],\\n        [ 1.8220, -3.5221, -4.4145,  2.3285,  8.3972]]), args=\"}, {\"i\": 1, \"class\": \"SIGNZERO\", \"detail\": \"sign of zero\", \"repr\": \"SampleInput(input=tensor([[-8.4784, -1.7658, -4.3228, -2.4005, -7.9506],\\n        [ 3.6116, -8.0676, -0.5735,  3.1285, -3.0337],\\n        [ 5.1067,  1.1351,  4.9473,  5.7744, -3.9730],\\n        [ 3.2708, -3.8939,  2.8211, -4.7024,  4.1631],\\n        [ 1.8220, -3.5221, -4.4145,  2.3285,  8.3972]]), args=\"}, {\"i\": 2, \"class\": \"SIGNZERO\", \"detail\": \"sign of zero\", \"repr\": \"SampleInput(input=tensor([-8.4784, -1.7658, -4.3228, -2.4005, -7.9506,  3.6116, -8.0676, -0.5735,\\n         3.1285, -3.0337,  5.1067,  1.1351,  4.9473,  5.7744, -3.9730,  3.2708,\\n        -3.8939,  2.8211, -4.7024,  4.1631]), args=(), kwargs={}, broadcasts_input=False, name='')\"}], \"errors\": [], \"verdict\": \"DIFF:SIGNZERO\"}\n"}
,{"stream_name":"stdout","time":1073.011686409,"data":"{\"op\": \"nn.functional.hardshrink\", \"dtype\": \"float32\", \"samples\": 3, \"diffs\": [], \"errors\": [], \"verdict\": \"ok\"}\n"}
,{"stream_name":"stdout","time":1073.011690189,"data":"{\"op\": \"nn.functional.hardtanh\", \"dtype\": \"float32\", \"samples\": 3, \"diffs\": [{\"i\": 1, \"class\": \"SIGNZERO\", \"detail\": \"sign of zero\", \"repr\": \"SampleInput(input=tensor([[-8.4784, -1.7658, -4.3228, -2.4005, -7.9506],\\n        [ 3.6116, -8.0676, -0.5735,  3.1285, -3.0337],\\n        [ 5.1067,  1.1351,  4.9473,  5.7744, -3.9730],\\n        [ 3.2708, -3.8939,  2.8211, -4.7024,  4.1631],\\n        [ 1.8220, -3.5221, -4.4145,  2.3285,  8.3972]]), args=\"}], \"errors\": [], \"verdict\": \"DIFF:SIGNZERO\"}\n"}
,{"stream_name":"stdout","time":1073.011694999,"data":"{\"op\": \"nn.functional.hardtanh\", \"dtype\": \"int32\", \"samples\": 3, \"diffs\": [], \"errors\": [], \"verdict\": \"ok\"}\n"}
,{"stream_name":"stdout","time":1073.011698349,"data":"{\"op\": \"mm\", \"dtype\": \"float32\", \"samples\": 3, \"diffs\": [], \"errors\": [], \"verdict\": \"ok\"}\n"}
,{"stream_name":"stdout","time":1073.011701659,"data":"{\"op\": \"mm\", \"dtype\": \"int32\", \"samples\": 3, \"diffs\": [], \"errors\": [], \"verdict\": \"ok\"}\n"}
,{"stream_name":"stdout","time":1073.011704969,"data":"{\"op\": \"mvlgamma\", \"dtype\": \"float32\", \"samples\": 3, \"diffs\": [], \"errors\": [], \"verdict\": \"ok\"}\n"}
,{"stream_name":"stdout","time":1073.011712759,"data":"{\"op\": \"mvlgamma\", \"dtype\": \"int32\", \"samples\": 3, \"diffs\": [], \"errors\": [], \"verdict\": \"ok\"}\n"}
,{"stream_name":"stdout","time":1073.01171727,"data":"{\"op\": \"mvlgamma\", \"dtype\": \"float32\", \"samples\": 3, \"diffs\": [], \"errors\": [], \"verdict\": \"ok\"}\n"}
,{"stream_name":"stdout","time":1073.01172131,"data":"{\"op\": \"mvlgamma\", \"dtype\": \"int32\", \"samples\": 3, \"diffs\": [], \"errors\": [], \"verdict\": \"ok\"}\n"}
,{"stream_name":"stdout","time":1073.011725179,"data":"{\"op\": \"mvlgamma\", \"dtype\": \"float32\", \"samples\": 3, \"diffs\": [], \"errors\": [], \"verdict\": \"ok\"}\n"}
,{"stream_name":"stdout","time":1073.011729199,"data":"{\"op\": \"mvlgamma\", \"dtype\": \"int32\", \"samples\": 3, \"diffs\": [], \"errors\": [], \"verdict\": \"ok\"}\n"}
,{"stream_name":"stdout","time":1073.01173329,"data":"{\"op\": \"ne\", \"dtype\": \"float32\", \"samples\": 3, \"diffs\": [], \"errors\": [], \"verdict\": \"ok\"}\n"}
,{"stream_name":"stdout","time":1073.011737119,"data":"{\"op\": \"ne\", \"dtype\": \"int32\", \"samples\": 3, \"diffs\": [], \"errors\": [], \"verdict\": \"ok\"}\n"}
,{"stream_name":"stdout","time":1073.011741219,"data":"{\"op\": \"narrow\", \"dtype\": \"float32\", \"samples\": 3, \"diffs\": [], \"errors\": [], \"verdict\": \"ok\"}\n"}
,{"stream_name":"stdout","time":1073.01174547,"data":"{\"op\": \"narrow\", \"dtype\": \"int32\", \"samples\": 3, \"diffs\": [], \"errors\": [], \"verdict\": \"ok\"}\n"}
,{"stream_name":"stdout","time":1073.011748879,"data":"{\"op\": \"narrow_copy\", \"dtype\": \"float32\", \"samples\": 3, \"diffs\": [], \"errors\": [], \"verdict\": \"ok\"}\n"}
,{"stream_name":"stdout","time":1073.011752239,"data":"{\"op\": \"narrow_copy\", \"dtype\": \"int32\", \"samples\": 3, \"diffs\": [], \"errors\": [], \"verdict\": \"ok\"}\n"}
,{"stream_name":"stdout","time":1073.01175553,"data":"{\"op\": \"view_copy\", \"dtype\": \"float32\", \"samples\": 3, \"diffs\": [], \"errors\": [], \"verdict\": \"ok\"}\n"}
,{"stream_name":"stdout","time":1073.011758899,"data":"{\"op\": \"view_copy\", \"dtype\": \"int32\", \"samples\": 3, \"diffs\": [], \"errors\": [], \"verdict\": \"ok\"}\n"}
,{"stream_name":"stdout","time":1073.01176269,"data":"{\"op\": \"neg\", \"dtype\": \"float32\", \"samples\": 1, \"diffs\": [], \"errors\": [], \"verdict\": \"ok\"}\n"}
,{"stream_name":"stdout","time":1073.01176605,"data":"{\"op\": \"neg\", \"dtype\": \"int32\", \"samples\": 1, \"diffs\": [], \"errors\": [], \"verdict\": \"ok\"}\n"}
,{"stream_name":"stdout","time":1073.01176937,"data":"{\"op\": \"dist\", \"dtype\": \"float32\", \"samples\": 3, \"diffs\": [], \"errors\": [], \"verdict\": \"ok\"}\n"}
,{"stream_name":"stdout","time":1073.011772719,"data":"{\"op\": \"outer\", \"dtype\": \"float32\", \"samples\": 1, \"diffs\": [], \"errors\": [], \"verdict\": \"ok\"}\n"}
,{"stream_name":"stdout","time":1073.011776059,"data":"{\"op\": \"outer\", \"dtype\": \"int32\", \"samples\": 1, \"diffs\": [], \"errors\": [], \"verdict\": \"ok\"}\n"}
,{"stream_name":"stdout","time":1073.011779379,"data":"{\"op\": \"permute\", \"dtype\": \"float32\", \"samples\": 3, \"diffs\": [], \"errors\": [], \"verdict\": \"ok\"}\n"}
,{"stream_name":"stdout","time":1073.011782699,"data":"{\"op\": \"permute\", \"dtype\": \"int32\", \"samples\": 3, \"diffs\": [], \"errors\": [], \"verdict\": \"ok\"}\n"}
,{"stream_name":"stdout","time":1073.01178611,"data":"{\"op\": \"permute_copy\", \"dtype\": \"float32\", \"samples\": 3, \"diffs\": [], \"errors\": [], \"verdict\": \"ok\"}\n"}
,{"stream_name":"stdout","time":1073.011789399,"data":"{\"op\": \"permute_copy\", \"dtype\": \"int32\", \"samples\": 3, \"diffs\": [], \"errors\": [], \"verdict\": \"ok\"}\n"}
,{"stream_name":"stdout","time":1073.011792759,"data":"{\"op\": \"pow\", \"dtype\": \"float32\", \"samples\": 3, \"diffs\": [], \"errors\": [], \"verdict\": \"ok\"}\n"}
,{"stream_name":"stdout","time":1073.011800449,"data":"{\"op\": \"pow\", \"dtype\": \"int32\", \"samples\": 3, \"diffs\": [], \"errors\": [], \"verdict\": \"ok\"}\n"}
,{"stream_name":"stdout","time":1073.011804139,"data":"{\"op\": \"float_power\", \"dtype\": \"float32\", \"samples\": 3, \"diffs\": [], \"errors\": [], \"verdict\": \"ok\"}\n"}
,{"stream_name":"stdout","time":1073.011807989,"data":"{\"op\": \"float_power\", \"dtype\": \"int32\", \"samples\": 3, \"diffs\": [], \"errors\": [], \"verdict\": \"ok\"}\n"}
,{"stream_name":"stdout","time":1073.011811639,"data":"{\"op\": \"rad2deg\", \"dtype\": \"float32\", \"samples\": 1, \"diffs\": [], \"errors\": [], \"verdict\": \"ok\"}\n"}
,{"stream_name":"stdout","time":1073.011815199,"data":"{\"op\": \"rad2deg\", \"dtype\": \"int32\", \"samples\": 1, \"diffs\": [], \"errors\": [], \"verdict\": \"ok\"}\n"}
,{"stream_name":"stdout","time":1073.011818659,"data":"{\"op\": \"real\", \"dtype\": \"float32\", \"samples\": 3, \"diffs\": [], \"errors\": [], \"verdict\": \"ok\"}\n"}
,{"stream_name":"stdout","time":1073.011822349,"data":"{\"op\": \"real\", \"dtype\": \"int32\", \"samples\": 3, \"diffs\": [], \"errors\": [], \"verdict\": \"ok\"}\n"}
,{"stream_name":"stdout","time":1073.011826349,"data":"{\"op\": \"roll\", \"dtype\": \"float32\", \"samples\": 3, \"diffs\": [], \"errors\": [], \"verdict\": \"ok\"}\n"}
,{"stream_name":"stdout","time":1073.011830349,"data":"{\"op\": \"roll\", \"dtype\": \"int32\", \"samples\": 3, \"diffs\": [], \"errors\": [], \"verdict\": \"ok\"}\n"}
,{"stream_name":"stdout","time":1073.011834259,"data":"{\"op\": \"rot90\", \"dtype\": \"float32\", \"samples\": 3, \"diffs\": [], \"errors\": [], \"verdict\": \"ok\"}\n"}
,{"stream_name":"stdout","time":1073.011838099,"data":"{\"op\": \"rot90\", \"dtype\": \"int32\", \"samples\": 3, \"diffs\": [], \"errors\": [], \"verdict\": \"ok\"}\n"}
,{"stream_name":"stdout","time":1073.011842019,"data":"{\"op\": \"round\", \"dtype\": \"float32\", \"samples\": 1, \"diffs\": [], \"errors\": [], \"verdict\": \"ok\"}\n"}
,{"stream_name":"stdout","time":1073.011845899,"data":"{\"op\": \"round\", \"dtype\": \"int32\", \"samples\": 1, \"diffs\": [], \"errors\": [], \"verdict\": \"ok\"}\n"}
,{"stream_name":"stdout","time":1073.01184924,"data":"{\"op\": \"round\", \"dtype\": \"float32\", \"samples\": 3, \"diffs\": [], \"errors\": [], \"verdict\": \"ok\"}\n"}
,{"stream_name":"stdout","time":1073.011852489,"data":"{\"op\": \"round\", \"dtype\": \"float32\", \"samples\": 3, \"diffs\": [], \"errors\": [], \"verdict\": \"ok\"}\n"}
,{"stream_name":"stdout","time":1073.0118558,"data":"{\"op\": \"round\", \"dtype\": \"float32\", \"samples\": 3, \"diffs\": [], \"errors\": [], \"verdict\": \"ok\"}\n"}
,{"stream_name":"stdout","time":1073.01185906,"data":"{\"op\": \"sin\", \"dtype\": \"float32\", \"samples\": 1, \"diffs\": [], \"errors\": [], \"verdict\": \"ok\"}\n"}
,{"stream_name":"stdout","time":1073.011862389,"data":"{\"op\": \"sin\", \"dtype\": \"int32\", \"samples\": 1, \"diffs\": [], \"errors\": [], \"verdict\": \"ok\"}\n"}
,{"stream_name":"stdout","time":1073.011865729,"data":"{\"op\": \"sinc\", \"dtype\": \"float32\", \"samples\": 3, \"diffs\": [], \"errors\": [], \"verdict\": \"ok\"}\n"}
,{"stream_name":"stdout","time":1073.01186908,"data":"{\"op\": \"sinc\", \"dtype\": \"int32\", \"samples\": 3, \"diffs\": [], \"errors\": [], \"verdict\": \"ok\"}\n"}
,{"stream_name":"stdout","time":1073.01187238,"data":"{\"op\": \"sinh\", \"dtype\": \"float32\", \"samples\": 1, \"diffs\": [], \"errors\": [], \"verdict\": \"ok\"}\n"}
,{"stream_name":"stdout","time":1073.011875729,"data":"{\"op\": \"sinh\", \"dtype\": \"int32\", \"samples\": 1, \"diffs\": [], \"errors\": [], \"verdict\": \"ok\"}\n"}
,{"stream_name":"stdout","time":1073.01187898,"data":"{\"op\": \"sign\", \"dtype\": \"float32\", \"samples\": 1, \"diffs\": [], \"errors\": [], \"verdict\": \"ok\"}\n"}
,{"stream_name":"stdout","time":1073.011886309,"data":"{\"op\": \"sign\", \"dtype\": \"int32\", \"samples\": 1, \"diffs\": [], \"errors\": [], \"verdict\": \"ok\"}\n"}
,{"stream_name":"stdout","time":1073.011891109,"data":"{\"op\": \"sgn\", \"dtype\": \"float32\", \"samples\": 1, \"diffs\": [], \"errors\": [], \"verdict\": \"ok\"}\n"}
,{"stream_name":"stdout","time":1073.0118949,"data":"{\"op\": \"sgn\", \"dtype\": \"int32\", \"samples\": 1, \"diffs\": [], \"errors\": [], \"verdict\": \"ok\"}\n"}
,{"stream_name":"stdout","time":1073.011898669,"data":"{\"op\": \"split\", \"dtype\": \"float32\", \"samples\": 2, \"diffs\": [], \"errors\": [], \"verdict\": \"ok\"}\n"}
,{"stream_name":"stdout","time":1073.0119016,"data":"{\"op\": \"split\", \"dtype\": \"int32\", \"samples\": 2, \"diffs\": [], \"errors\": [], \"verdict\": \"ok\"}\n"}
,{"stream_name":"stdout","time":1073.011903749,"data":"{\"op\": \"split\", \"dtype\": \"float32\", \"samples\": 3, \"diffs\": [], \"errors\": [], \"verdict\": \"ok\"}\n"}
,{"stream_name":"stdout","time":1073.0119069,"data":"{\"op\": \"split\", \"dtype\": \"int32\", \"samples\": 3, \"diffs\": [], \"errors\": [], \"verdict\": \"ok\"}\n"}
,{"stream_name":"stdout","time":1073.011910789,"data":"{\"op\": \"unsafe_split\", \"dtype\": \"float32\", \"samples\": 2, \"diffs\": [], \"errors\": [], \"verdict\": \"ok\"}\n"}
,{"stream_name":"stdout","time":1073.01191464,"data":"{\"op\": \"unsafe_split\", \"dtype\": \"int32\", \"samples\": 2, \"diffs\": [], \"errors\": [], \"verdict\": \"ok\"}\n"}
,{"stream_name":"stdout","time":1073.01191858,"data":"{\"op\": \"split_with_sizes\", \"dtype\": \"float32\", \"samples\": 3, \"diffs\": [], \"errors\": [], \"verdict\": \"ok\"}\n"}
,{"stream_name":"stdout","time":1073.011923709,"data":"{\"op\": \"split_with_sizes\", \"dtype\": \"int32\", \"samples\": 3, \"diffs\": [], \"errors\": [], \"verdict\": \"ok\"}\n"}
,{"stream_name":"stdout","time":1073.011927979,"data":"{\"op\": \"split_with_sizes_copy\", \"dtype\": \"float32\", \"samples\": 3, \"diffs\": [], \"errors\": [], \"verdict\": \"ok\"}\n"}
,{"stream_name":"stdout","time":1073.011932189,"data":"{\"op\": \"split_with_sizes_copy\", \"dtype\": \"int32\", \"samples\": 3, \"diffs\": [], \"errors\": [], \"verdict\": \"ok\"}\n"}
,{"stream_name":"stdout","time":1073.011935709,"data":"{\"op\": \"__radd__\", \"dtype\": \"float32\", \"samples\": 3, \"diffs\": [], \"errors\": [], \"verdict\": \"ok\"}\n"}
,{"stream_name":"stdout","time":1073.011939049,"data":"{\"op\": \"__radd__\", \"dtype\": \"int32\", \"samples\": 3, \"diffs\": [], \"errors\": [], \"verdict\": \"ok\"}\n"}
,{"stream_name":"stdout","time":1073.011942379,"data":"{\"op\": \"__rdiv__\", \"dtype\": \"float32\", \"samples\": 3, \"diffs\": [], \"errors\": [], \"verdict\": \"ok\"}\n"}
,{"stream_name":"stdout","time":1073.011945669,"data":"{\"op\": \"__rdiv__\", \"dtype\": \"int32\", \"samples\": 3, \"diffs\": [], \"errors\": [], \"verdict\": \"ok\"}\n"}
,{"stream_name":"stdout","time":1073.011949349,"data":"{\"op\": \"__rmul__\", \"dtype\": \"float32\", \"samples\": 3, \"diffs\": [], \"errors\": [], \"verdict\": \"ok\"}\n"}
,{"stream_name":"stdout","time":1073.011952749,"data":"{\"op\": \"__rmul__\", \"dtype\": \"int32\", \"samples\": 3, \"diffs\": [], \"errors\": [], \"verdict\": \"ok\"}\n"}
,{"stream_name":"stdout","time":1073.011956109,"data":"{\"op\": \"__ror__\", \"dtype\": \"int32\", \"samples\": 3, \"diffs\": [], \"errors\": [], \"verdict\": \"ok\"}\n"}
,{"stream_name":"stdout","time":1073.011959369,"data":"{\"op\": \"__rxor__\", \"dtype\": \"int32\", \"samples\": 3, \"diffs\": [], \"errors\": [], \"verdict\": \"ok\"}\n"}
,{"stream_name":"stdout","time":1073.011962759,"data":"{\"op\": \"__rmatmul__\", \"dtype\": \"float32\", \"samples\": 3, \"diffs\": [], \"errors\": [], \"verdict\": \"ok\"}\n"}
,{"stream_name":"stdout","time":1073.011970139,"data":"{\"op\": \"__rmatmul__\", \"dtype\": \"int32\", \"samples\": 3, \"diffs\": [], \"errors\": [], \"verdict\": \"ok\"}\n"}
,{"stream_name":"stdout","time":1073.011973639,"data":"{\"op\": \"__rmod__\", \"dtype\": \"float32\", \"samples\": 3, \"diffs\": [{\"i\": 2, \"class\": \"SIGNZERO\", \"detail\": \"sign of zero\", \"repr\": \"SampleInput(input=tensor([[-8.4784],\\n        [-1.7658],\\n        [-4.3228],\\n        [-2.4005],\\n        [-7.9506]]), args=(tensor([ 3.6116, -8.0676, -0.5735,  3.1285, -3.0337]),), kwargs={}, broadcasts_input=True, name='')\"}], \"errors\": [], \"verdict\": \"DIFF:SIGNZERO\"}\n"}
,{"stream_name":"stdout","time":1073.011978149,"data":"{\"op\": \"__rmod__\", \"dtype\": \"int32\", \"samples\": 3, \"diffs\": [], \"errors\": [], \"verdict\": \"ok\"}\n"}
,{"stream_name":"stdout","time":1073.011981559,"data":"{\"op\": \"__rpow__\", \"dtype\": \"float32\", \"samples\": 3, \"diffs\": [], \"errors\": [], \"verdict\": \"ok\"}\n"}
,{"stream_name":"stdout","time":1073.01198541,"data":"{\"op\": \"__rpow__\", \"dtype\": \"int32\", \"samples\": 3, \"diffs\": [], \"errors\": [], \"verdict\": \"ok\"}\n"}
,{"stream_name":"stdout","time":1073.011989079,"data":"{\"op\": \"__rsub__\", \"dtype\": \"float32\", \"samples\": 3, \"diffs\": [], \"errors\": [], \"verdict\": \"ok\"}\n"}
,{"stream_name":"stdout","time":1073.011992839,"data":"{\"op\": \"__rsub__\", \"dtype\": \"int32\", \"samples\": 3, \"diffs\": [], \"errors\": [], \"verdict\": \"ok\"}\n"}
,{"stream_name":"stdout","time":1073.01199503,"data":"{\"op\": \"rsub\", \"dtype\": \"float32\", \"samples\": 3, \"diffs\": [], \"errors\": [], \"verdict\": \"ok\"}\n"}
,{"stream_name":"stdout","time":1073.01199831,"data":"{\"op\": \"rsub\", \"dtype\": \"int32\", \"samples\": 3, \"diffs\": [], \"errors\": [], \"verdict\": \"ok\"}\n"}
,{"stream_name":"stdout","time":1073.01200243,"data":"{\"op\": \"select\", \"dtype\": \"float32\", \"samples\": 3, \"diffs\": [], \"errors\": [], \"verdict\": \"ok\"}\n"}
,{"stream_name":"stdout","time":1073.012006499,"data":"{\"op\": \"select\", \"dtype\": \"int32\", \"samples\": 3, \"diffs\": [], \"errors\": [], \"verdict\": \"ok\"}\n"}
,{"stream_name":"stdout","time":1073.01201061,"data":"{\"op\": \"select_scatter\", \"dtype\": \"float32\", \"samples\": 3, \"diffs\": [], \"errors\": [], \"verdict\": \"ok\"}\n"}
,{"stream_name":"stdout","time":1073.012014579,"data":"{\"op\": \"select_scatter\", \"dtype\": \"int32\", \"samples\": 3, \"diffs\": [], \"errors\": [], \"verdict\": \"ok\"}\n"}
,{"stream_name":"stdout","time":1073.01201851,"data":"{\"op\": \"slice\", \"dtype\": \"float32\", \"samples\": 3, \"diffs\": [], \"errors\": [], \"verdict\": \"ok\"}\n"}
,{"stream_name":"stdout","time":1073.01202275,"data":"{\"op\": \"slice\", \"dtype\": \"int32\", \"samples\": 3, \"diffs\": [], \"errors\": [], \"verdict\": \"ok\"}\n"}
,{"stream_name":"stdout","time":1073.012026139,"data":"{\"op\": \"slice_scatter\", \"dtype\": \"float32\", \"samples\": 3, \"diffs\": [], \"errors\": [], \"verdict\": \"ok\"}\n"}
,{"stream_name":"stdout","time":1073.012029539,"data":"{\"op\": \"slice_scatter\", \"dtype\": \"int32\", \"samples\": 3, \"diffs\": [], \"errors\": [], \"verdict\": \"ok\"}\n"}
,{"stream_name":"stdout","time":1073.012032899,"data":"{\"op\": \"signbit\", \"dtype\": \"float32\", \"samples\": 1, \"diffs\": [], \"errors\": [], \"verdict\": \"ok\"}\n"}
,{"stream_name":"stdout","time":1073.01203631,"data":"{\"op\": \"signbit\", \"dtype\": \"int32\", \"samples\": 1, \"diffs\": [], \"errors\": [], \"verdict\": \"ok\"}\n"}
,{"stream_name":"stdout","time":1073.012039559,"data":"{\"op\": \"tan\", \"dtype\": \"float32\", \"samples\": 1, \"diffs\": [], \"errors\": [], \"verdict\": \"ok\"}\n"}
,{"stream_name":"stdout","time":1073.01204679,"data":"{\"op\": \"tan\", \"dtype\": \"int32\", \"samples\": 1, \"diffs\": [], \"errors\": [], \"verdict\": \"ok\"}\n"}
,{"stream_name":"stdout","time":1073.01205027,"data":"{\"op\": \"tanh\", \"dtype\": \"float32\", \"samples\": 1, \"diffs\": [], \"errors\": [], \"verdict\": \"ok\"}\n"}
,{"stream_name":"stdout","time":1073.012053679,"data":"{\"op\": \"tanh\", \"dtype\": \"int32\", \"samples\": 1, \"diffs\": [], \"errors\": [], \"verdict\": \"ok\"}\n"}
,{"stream_name":"stdout","time":1073.012057019,"data":"{\"op\": \"tensor_split\", \"dtype\": \"float32\", \"samples\": 3, \"diffs\": [], \"errors\": [], \"verdict\": \"ok\"}\n"}
,{"stream_name":"stdout","time":1073.012060399,"data":"{\"op\": \"tensor_split\", \"dtype\": \"int32\", \"samples\": 3, \"diffs\": [], \"errors\": [], \"verdict\": \"ok\"}\n"}
,{"stream_name":"stdout","time":1073.012063699,"data":"{\"op\": \"hsplit\", \"dtype\": \"float32\", \"samples\": 2, \"diffs\": [], \"errors\": [], \"verdict\": \"ok\"}\n"}
,{"stream_name":"stdout","time":1073.012067079,"data":"{\"op\": \"hsplit\", \"dtype\": \"int32\", \"samples\": 2, \"diffs\": [], \"errors\": [], \"verdict\": \"ok\"}\n"}
,{"stream_name":"stdout","time":1073.012070499,"data":"{\"op\": \"vsplit\", \"dtype\": \"float32\", \"samples\": 2, \"diffs\": [], \"errors\": [], \"verdict\": \"ok\"}\n"}
,{"stream_name":"stdout","time":1073.012075739,"data":"{\"op\": \"vsplit\", \"dtype\": \"int32\", \"samples\": 2, \"diffs\": [], \"errors\": [], \"verdict\": \"ok\"}\n"}
,{"stream_name":"stdout","time":1073.012079339,"data":"{\"op\": \"dsplit\", \"dtype\": \"float32\", \"samples\": 2, \"diffs\": [], \"errors\": [], \"verdict\": \"ok\"}\n"}
,{"stream_name":"stdout","time":1073.012089009,"data":"{\"op\": \"dsplit\", \"dtype\": \"int32\", \"samples\": 2, \"diffs\": [], \"errors\": [], \"verdict\": \"ok\"}\n"}
,{"stream_name":"stdout","time":1073.012093089,"data":"{\"op\": \"trunc\", \"dtype\": \"float32\", \"samples\": 1, \"diffs\": [], \"errors\": [], \"verdict\": \"ok\"}\n"}
,{"stream_name":"stdout","time":1073.012097139,"data":"{\"op\": \"trunc\", \"dtype\": \"int32\", \"samples\": 1, \"diffs\": [], \"errors\": [], \"verdict\": \"ok\"}\n"}
,{"stream_name":"stdout","time":1073.012101139,"data":"{\"op\": \"exp2\", \"dtype\": \"float32\", \"samples\": 3, \"diffs\": [], \"errors\": [], \"verdict\": \"ok\"}\n"}
,{"stream_name":"stdout","time":1073.012105259,"data":"{\"op\": \"exp2\", \"dtype\": \"int32\", \"samples\": 3, \"diffs\": [], \"errors\": [], \"verdict\": \"ok\"}\n"}
,{"stream_name":"stdout","time":1073.012109259,"data":"{\"op\": \"expm1\", \"dtype\": \"float32\", \"samples\": 1, \"diffs\": [], \"errors\": [], \"verdict\": \"ok\"}\n"}
,{"stream_name":"stdout","time":1073.012113199,"data":"{\"op\": \"expm1\", \"dtype\": \"int32\", \"samples\": 1, \"diffs\": [], \"errors\": [], \"verdict\": \"ok\"}\n"}
,{"stream_name":"stdout","time":1073.012116919,"data":"{\"op\": \"nan_to_num\", \"dtype\": \"float32\", \"samples\": 3, \"diffs\": [], \"errors\": [], \"verdict\": \"ok\"}\n"}
,{"stream_name":"stdout","time":1073.0121204,"data":"{\"op\": \"nan_to_num\", \"dtype\": \"int32\", \"samples\": 3, \"diffs\": [], \"errors\": [], \"verdict\": \"ok\"}\n"}
,{"stream_name":"stdout","time":1073.012123709,"data":"{\"op\": \"reciprocal\", \"dtype\": \"float32\", \"samples\": 3, \"diffs\": [], \"errors\": [], \"verdict\": \"ok\"}\n"}
,{"stream_name":"stdout","time":1073.01212706,"data":"{\"op\": \"reciprocal\", \"dtype\": \"int32\", \"samples\": 3, \"diffs\": [], \"errors\": [], \"verdict\": \"ok\"}\n"}
,{"stream_name":"stdout","time":1073.0121303,"data":"{\"op\": \"square\", \"dtype\": \"float32\", \"samples\": 3, \"diffs\": [], \"errors\": [], \"verdict\": \"ok\"}\n"}
,{"stream_name":"stdout","time":1073.012133589,"data":"{\"op\": \"square\", \"dtype\": \"int32\", \"samples\": 3, \"diffs\": [], \"errors\": [], \"verdict\": \"ok\"}\n"}
,{"stream_name":"stdout","time":1073.01214134,"data":"{\"op\": \"lerp\", \"dtype\": \"float32\", \"samples\": 3, \"diffs\": [], \"errors\": [], \"verdict\": \"ok\"}\n"}
,{"stream_name":"stdout","time":1073.012144749,"data":"{\"op\": \"angle\", \"dtype\": \"float32\", \"samples\": 1, \"diffs\": [], \"errors\": [], \"verdict\": \"ok\"}\n"}
,{"stream_name":"stdout","time":1073.012147989,"data":"{\"op\": \"angle\", \"dtype\": \"int32\", \"samples\": 1, \"diffs\": [], \"errors\": [], \"verdict\": \"ok\"}\n"}
,{"stream_name":"stdout","time":1073.01215134,"data":"{\"op\": \"isfinite\", \"dtype\": \"float32\", \"samples\": 3, \"diffs\": [], \"errors\": [], \"verdict\": \"ok\"}\n"}
,{"stream_name":"stdout","time":1073.012154689,"data":"{\"op\": \"isfinite\", \"dtype\": \"int32\", \"samples\": 3, \"diffs\": [], \"errors\": [], \"verdict\": \"ok\"}\n"}
,{"stream_name":"stdout","time":1073.012158009,"data":"{\"op\": \"isinf\", \"dtype\": \"float32\", \"samples\": 1, \"diffs\": [], \"errors\": [], \"verdict\": \"ok\"}\n"}
,{"stream_name":"stdout","time":1073.012161829,"data":"{\"op\": \"isinf\", \"dtype\": \"int32\", \"samples\": 1, \"diffs\": [], \"errors\": [], \"verdict\": \"ok\"}\n"}
,{"stream_name":"stdout","time":1073.0121653,"data":"{\"op\": \"isposinf\", \"dtype\": \"float32\", \"samples\": 1, \"diffs\": [], \"errors\": [], \"verdict\": \"ok\"}\n"}
,{"stream_name":"stdout","time":1073.012169169,"data":"{\"op\": \"isposinf\", \"dtype\": \"int32\", \"samples\": 1, \"diffs\": [], \"errors\": [], \"verdict\": \"ok\"}\n"}
,{"stream_name":"stdout","time":1073.012172829,"data":"{\"op\": \"isneginf\", \"dtype\": \"float32\", \"samples\": 1, \"diffs\": [], \"errors\": [], \"verdict\": \"ok\"}\n"}
,{"stream_name":"stdout","time":1073.012175529,"data":"{\"op\": \"isneginf\", \"dtype\": \"int32\", \"samples\": 1, \"diffs\": [], \"errors\": [], \"verdict\": \"ok\"}\n"}
,{"stream_name":"stdout","time":1073.012177669,"data":"{\"op\": \"isreal\", \"dtype\": \"float32\", \"samples\": 3, \"diffs\": [], \"errors\": [], \"verdict\": \"ok\"}\n"}
,{"stream_name":"stdout","time":1073.0121817,"data":"{\"op\": \"isreal\", \"dtype\": \"int32\", \"samples\": 3, \"diffs\": [], \"errors\": [], \"verdict\": \"ok\"}\n"}
,{"stream_name":"stdout","time":1073.0121857,"data":"{\"op\": \"isnan\", \"dtype\": \"float32\", \"samples\": 1, \"diffs\": [], \"errors\": [], \"verdict\": \"ok\"}\n"}
,{"stream_name":"stdout","time":1073.01218974,"data":"{\"op\": \"isnan\", \"dtype\": \"int32\", \"samples\": 1, \"diffs\": [], \"errors\": [], \"verdict\": \"ok\"}\n"}
,{"stream_name":"stdout","time":1073.012193609,"data":"{\"op\": \"einsum\", \"dtype\": \"float32\", \"samples\": 3, \"diffs\": [], \"errors\": [], \"verdict\": \"ok\"}\n"}
,{"stream_name":"stdout","time":1073.012197389,"data":"{\"op\": \"einsum\", \"dtype\": \"int32\", \"samples\": 3, \"diffs\": [], \"errors\": [], \"verdict\": \"ok\"}\n"}
,{"stream_name":"stdout","time":1073.012201569,"data":"{\"op\": \"pca_lowrank\", \"dtype\": \"float32\", \"samples\": 3, \"diffs\": [], \"errors\": [], \"verdict\": \"ok\"}\n"}
,{"stream_name":"stdout","time":1073.012205799,"data":"{\"op\": \"polar\", \"dtype\": \"float32\", \"samples\": 3, \"diffs\": [], \"errors\": [], \"verdict\": \"ok\"}\n"}
,{"stream_name":"stdout","time":1073.012209219,"data":"{\"op\": \"polygamma\", \"dtype\": \"float32\", \"samples\": 3, \"diffs\": [], \"errors\": [], \"verdict\": \"ok\"}\n"}
,{"stream_name":"stdout","time":1073.012212519,"data":"{\"op\": \"polygamma\", \"dtype\": \"int32\", \"samples\": 3, \"diffs\": [], \"errors\": [], \"verdict\": \"ok\"}\n"}
,{"stream_name":"stdout","time":1073.012215969,"data":"{\"op\": \"polygamma\", \"dtype\": \"float32\", \"samples\": 3, \"diffs\": [], \"errors\": [], \"verdict\": \"ok\"}\n"}
,{"stream_name":"stdout","time":1073.012223159,"data":"{\"op\": \"polygamma\", \"dtype\": \"int32\", \"samples\": 3, \"diffs\": [], \"errors\": [], \"verdict\": \"ok\"}\n"}
,{"stream_name":"stdout","time":1073.012226559,"data":"{\"op\": \"polygamma\", \"dtype\": \"float32\", \"samples\": 3, \"diffs\": [], \"errors\": [], \"verdict\": \"ok\"}\n"}
,{"stream_name":"stdout","time":1073.012229969,"data":"{\"op\": \"polygamma\", \"dtype\": \"int32\", \"samples\": 3, \"diffs\": [], \"errors\": [], \"verdict\": \"ok\"}\n"}
,{"stream_name":"stdout","time":1073.012233299,"data":"{\"op\": \"polygamma\", \"dtype\": \"float32\", \"samples\": 3, \"diffs\": [], \"errors\": [], \"verdict\": \"ok\"}\n"}
,{"stream_name":"stdout","time":1073.012236679,"data":"{\"op\": \"polygamma\", \"dtype\": \"int32\", \"samples\": 3, \"diffs\": [], \"errors\": [], \"verdict\": \"ok\"}\n"}
,{"stream_name":"stdout","time":1073.012239989,"data":"{\"op\": \"polygamma\", \"dtype\": \"float32\", \"samples\": 3, \"diffs\": [], \"errors\": [], \"verdict\": \"ok\"}\n"}
,{"stream_name":"stdout","time":1073.012243859,"data":"{\"op\": \"polygamma\", \"dtype\": \"int32\", \"samples\": 3, \"diffs\": [], \"errors\": [], \"verdict\": \"ok\"}\n"}
,{"stream_name":"stdout","time":1073.012247179,"data":"{\"op\": \"ravel\", \"dtype\": \"float32\", \"samples\": 3, \"diffs\": [], \"errors\": [], \"verdict\": \"ok\"}\n"}
,{"stream_name":"stdout","time":1073.012250549,"data":"{\"op\": \"ravel\", \"dtype\": \"int32\", \"samples\": 3, \"diffs\": [], \"errors\": [], \"verdict\": \"ok\"}\n"}
,{"stream_name":"stdout","time":1073.012253819,"data":"{\"op\": \"unravel_index\", \"dtype\": \"int32\", \"samples\": 3, \"diffs\": [], \"errors\": [], \"verdict\": \"ok\"}\n"}
,{"stream_name":"stdout","time":1073.01225753,"data":"{\"op\": \"reshape\", \"dtype\": \"float32\", \"samples\": 3, \"diffs\": [], \"errors\": [], \"verdict\": \"ok\"}\n"}
,{"stream_name":"stdout","time":1073.01226123,"data":"{\"op\": \"reshape\", \"dtype\": \"int32\", \"samples\": 3, \"diffs\": [], \"errors\": [], \"verdict\": \"ok\"}\n"}
,{"stream_name":"stdout","time":1073.012264999,"data":"{\"op\": \"reshape_as\", \"dtype\": \"float32\", \"samples\": 3, \"diffs\": [], \"errors\": [], \"verdict\": \"ok\"}\n"}
,{"stream_name":"stdout","time":1073.012267379,"data":"{\"op\": \"reshape_as\", \"dtype\": \"int32\", \"samples\": 3, \"diffs\": [], \"errors\": [], \"verdict\": \"ok\"}\n"}
,{"stream_name":"stdout","time":1073.01227001,"data":"{\"op\": \"view\", \"dtype\": \"float32\", \"samples\": 3, \"diffs\": [], \"errors\": [], \"verdict\": \"ok\"}\n"}
,{"stream_name":"stdout","time":1073.01227397,"data":"{\"op\": \"view\", \"dtype\": \"int32\", \"samples\": 3, \"diffs\": [], \"errors\": [], \"verdict\": \"ok\"}\n"}
,{"stream_name":"stdout","time":1073.01227771,"data":"{\"op\": \"view_as\", \"dtype\": \"float32\", \"samples\": 3, \"diffs\": [], \"errors\": [], \"verdict\": \"ok\"}\n"}
,{"stream_name":"stdout","time":1073.012281719,"data":"{\"op\": \"view_as\", \"dtype\": \"int32\", \"samples\": 3, \"diffs\": [], \"errors\": [], \"verdict\": \"ok\"}\n"}
,{"stream_name":"stdout","time":1073.01228571,"data":"{\"op\": \"atleast_1d\", \"dtype\": \"float32\", \"samples\": 3, \"diffs\": [], \"errors\": [], \"verdict\": \"ok\"}\n"}
,{"stream_name":"stdout","time":1073.012289619,"data":"{\"op\": \"atleast_1d\", \"dtype\": \"int32\", \"samples\": 3, \"diffs\": [], \"errors\": [], \"verdict\": \"ok\"}\n"}
,{"stream_name":"stdout","time":1073.012293479,"data":"{\"op\": \"atleast_2d\", \"dtype\": \"float32\", \"samples\": 3, \"diffs\": [], \"errors\": [], \"verdict\": \"ok\"}\n"}
,{"stream_name":"stdout","time":1073.012296939,"data":"{\"op\": \"atleast_2d\", \"dtype\": \"int32\", \"samples\": 3, \"diffs\": [], \"errors\": [], \"verdict\": \"ok\"}\n"}
,{"stream_name":"stdout","time":1073.01230031,"data":"{\"op\": \"atleast_3d\", \"dtype\": \"float32\", \"samples\": 3, \"diffs\": [], \"errors\": [], \"verdict\": \"ok\"}\n"}
,{"stream_name":"stdout","time":1073.01230771,"data":"{\"op\": \"atleast_3d\", \"dtype\": \"int32\", \"samples\": 3, \"diffs\": [], \"errors\": [], \"verdict\": \"ok\"}\n"}
,{"stream_name":"stdout","time":1073.012311359,"data":"{\"op\": \"flatten\", \"dtype\": \"float32\", \"samples\": 3, \"diffs\": [], \"errors\": [], \"verdict\": \"ok\"}\n"}
,{"stream_name":"stdout","time":1073.01231461,"data":"{\"op\": \"flatten\", \"dtype\": \"int32\", \"samples\": 3, \"diffs\": [], \"errors\": [], \"verdict\": \"ok\"}\n"}
,{"stream_name":"stdout","time":1073.012317899,"data":"{\"op\": \"unflatten\", \"dtype\": \"float32\", \"samples\": 3, \"diffs\": [], \"errors\": [], \"verdict\": \"ok\"}\n"}
,{"stream_name":"stdout","time":1073.01232189,"data":"{\"op\": \"unflatten\", \"dtype\": \"int32\", \"samples\": 3, \"diffs\": [], \"errors\": [], \"verdict\": \"ok\"}\n"}
,{"stream_name":"stdout","time":1073.01232529,"data":"{\"op\": \"gather\", \"dtype\": \"float32\", \"samples\": 3, \"diffs\": [], \"errors\": [], \"verdict\": \"ok\"}\n"}
,{"stream_name":"stdout","time":1073.012328739,"data":"{\"op\": \"gather\", \"dtype\": \"int32\", \"samples\": 3, \"diffs\": [], \"errors\": [], \"verdict\": \"ok\"}\n"}
,{"stream_name":"stdout","time":1073.012332089,"data":"{\"op\": \"index_fill\", \"dtype\": \"float32\", \"samples\": 3, \"diffs\": [], \"errors\": [], \"verdict\": \"ok\"}\n"}
,{"stream_name":"stdout","time":1073.012335449,"data":"{\"op\": \"index_fill\", \"dtype\": \"int32\", \"samples\": 3, \"diffs\": [], \"errors\": [], \"verdict\": \"ok\"}\n"}
,{"stream_name":"stdout","time":1073.012338809,"data":"{\"op\": \"index_copy\", \"dtype\": \"float32\", \"samples\": 3, \"diffs\": [], \"errors\": [], \"verdict\": \"ok\"}\n"}
,{"stream_name":"stdout","time":1073.012342169,"data":"{\"op\": \"index_copy\", \"dtype\": \"int32\", \"samples\": 3, \"diffs\": [], \"errors\": [], \"verdict\": \"ok\"}\n"}
,{"stream_name":"stdout","time":1073.012345609,"data":"{\"op\": \"index_select\", \"dtype\": \"float32\", \"samples\": 3, \"diffs\": [], \"errors\": [], \"verdict\": \"ok\"}\n"}
,{"stream_name":"stdout","time":1073.012349029,"data":"{\"op\": \"index_select\", \"dtype\": \"int32\", \"samples\": 3, \"diffs\": [], \"errors\": [], \"verdict\": \"ok\"}\n"}
,{"stream_name":"stdout","time":1073.012352469,"data":"{\"op\": \"index_add\", \"dtype\": \"float32\", \"samples\": 3, \"diffs\": [], \"errors\": [], \"verdict\": \"ok\"}\n"}
,{"stream_name":"stdout","time":1073.012370039,"data":"{\"op\": \"index_add\", \"dtype\": \"int32\", \"samples\": 3, \"diffs\": [], \"errors\": [], \"verdict\": \"ok\"}\n"}
,{"stream_name":"stdout","time":1073.012374059,"data":"{\"op\": \"__getitem__\", \"dtype\": \"float32\", \"samples\": 3, \"diffs\": [], \"errors\": [], \"verdict\": \"ok\"}\n"}
,{"stream_name":"stdout","time":1073.012381139,"data":"{\"op\": \"__getitem__\", \"dtype\": \"int32\", \"samples\": 3, \"diffs\": [], \"errors\": [], \"verdict\": \"ok\"}\n"}
,{"stream_name":"stdout","time":1073.012385249,"data":"{\"op\": \"index_put\", \"dtype\": \"float32\", \"samples\": 3, \"diffs\": [], \"errors\": [], \"verdict\": \"ok\"}\n"}
,{"stream_name":"stdout","time":1073.012389139,"data":"{\"op\": \"index_put\", \"dtype\": \"int32\", \"samples\": 3, \"diffs\": [], \"errors\": [], \"verdict\": \"ok\"}\n"}
,{"stream_name":"stdout","time":1073.01239322,"data":"{\"op\": \"put\", \"dtype\": \"float32\", \"samples\": 3, \"diffs\": [], \"errors\": [], \"verdict\": \"ok\"}\n"}
,{"stream_name":"stdout","time":1073.01239658,"data":"{\"op\": \"put\", \"dtype\": \"int32\", \"samples\": 3, \"diffs\": [], \"errors\": [], \"verdict\": \"ok\"}\n"}
,{"stream_name":"stdout","time":1073.012399949,"data":"{\"op\": \"take\", \"dtype\": \"float32\", \"samples\": 3, \"diffs\": [], \"errors\": [], \"verdict\": \"ok\"}\n"}
,{"stream_name":"stdout","time":1073.012407729,"data":"{\"op\": \"take\", \"dtype\": \"int32\", \"samples\": 3, \"diffs\": [], \"errors\": [], \"verdict\": \"ok\"}\n"}
,{"stream_name":"stdout","time":1073.01241122,"data":"{\"op\": \"scatter\", \"dtype\": \"float32\", \"samples\": 3, \"diffs\": [], \"errors\": [], \"verdict\": \"ok\"}\n"}
,{"stream_name":"stdout","time":1073.01241454,"data":"{\"op\": \"scatter\", \"dtype\": \"int32\", \"samples\": 3, \"diffs\": [], \"errors\": [], \"verdict\": \"ok\"}\n"}
,{"stream_name":"stdout","time":1073.012418549,"data":"{\"op\": \"bfloat16\", \"dtype\": \"float32\", \"samples\": 3, \"diffs\": [], \"errors\": [], \"verdict\": \"ok\"}\n"}
,{"stream_name":"stdout","time":1073.012422089,"data":"{\"op\": \"bfloat16\", \"dtype\": \"int32\", \"samples\": 3, \"diffs\": [], \"errors\": [], \"verdict\": \"ok\"}\n"}
,{"stream_name":"stdout","time":1073.01242552,"data":"{\"op\": \"bool\", \"dtype\": \"float32\", \"samples\": 3, \"diffs\": [], \"errors\": [], \"verdict\": \"ok\"}\n"}
,{"stream_name":"stdout","time":1073.012428769,"data":"{\"op\": \"bool\", \"dtype\": \"int32\", \"samples\": 3, \"diffs\": [], \"errors\": [], \"verdict\": \"ok\"}\n"}
,{"stream_name":"stdout","time":1073.01243206,"data":"{\"op\": \"byte\", \"dtype\": \"float32\", \"samples\": 3, \"diffs\": [], \"errors\": [], \"verdict\": \"ok\"}\n"}
,{"stream_name":"stdout","time":1073.012435389,"data":"{\"op\": \"byte\", \"dtype\": \"int32\", \"samples\": 3, \"diffs\": [], \"errors\": [], \"verdict\": \"ok\"}\n"}
,{"stream_name":"stdout","time":1073.012438689,"data":"{\"op\": \"char\", \"dtype\": \"float32\", \"samples\": 3, \"diffs\": [], \"errors\": [], \"verdict\": \"ok\"}\n"}
,{"stream_name":"stdout","time":1073.012441949,"data":"{\"op\": \"char\", \"dtype\": \"int32\", \"samples\": 3, \"diffs\": [], \"errors\": [], \"verdict\": \"ok\"}\n"}
,{"stream_name":"stdout","time":1073.012445349,"data":"{\"op\": \"double\", \"dtype\": \"float32\", \"samples\": 3, \"diffs\": [], \"errors\": [], \"verdict\": \"ok\"}\n"}
,{"stream_name":"stdout","time":1073.0124491,"data":"{\"op\": \"double\", \"dtype\": \"int32\", \"samples\": 3, \"diffs\": [], \"errors\": [], \"verdict\": \"ok\"}\n"}
,{"stream_name":"stdout","time":1073.01245294,"data":"{\"op\": \"float\", \"dtype\": \"float32\", \"samples\": 3, \"diffs\": [], \"errors\": [], \"verdict\": \"ok\"}\n"}
,{"stream_name":"stdout","time":1073.012456009,"data":"{\"op\": \"float\", \"dtype\": \"int32\", \"samples\": 3, \"diffs\": [], \"errors\": [], \"verdict\": \"ok\"}\n"}
,{"stream_name":"stdout","time":1073.012459089,"data":"{\"op\": \"half\", \"dtype\": \"float32\", \"samples\": 3, \"diffs\": [], \"errors\": [], \"verdict\": \"ok\"}\n"}
,{"stream_name":"stdout","time":1073.012463189,"data":"{\"op\": \"half\", \"dtype\": \"int32\", \"samples\": 3, \"diffs\": [], \"errors\": [], \"verdict\": \"ok\"}\n"}
,{"stream_name":"stdout","time":1073.012467059,"data":"{\"op\": \"int\", \"dtype\": \"float32\", \"samples\": 3, \"diffs\": [], \"errors\": [], \"verdict\": \"ok\"}\n"}
,{"stream_name":"stdout","time":1073.012470949,"data":"{\"op\": \"int\", \"dtype\": \"int32\", \"samples\": 3, \"diffs\": [], \"errors\": [], \"verdict\": \"ok\"}\n"}
,{"stream_name":"stdout","time":1073.012474819,"data":"{\"op\": \"long\", \"dtype\": \"float32\", \"samples\": 3, \"diffs\": [], \"errors\": [], \"verdict\": \"ok\"}\n"}
,{"stream_name":"stdout","time":1073.012494419,"data":"{\"op\": \"long\", \"dtype\": \"int32\", \"samples\": 3, \"diffs\": [], \"errors\": [], \"verdict\": \"ok\"}\n"}
,{"stream_name":"stdout","time":1073.012498659,"data":"{\"op\": \"short\", \"dtype\": \"float32\", \"samples\": 3, \"diffs\": [], \"errors\": [], \"verdict\": \"ok\"}\n"}
,{"stream_name":"stdout","time":1073.012502609,"data":"{\"op\": \"short\", \"dtype\": \"int32\", \"samples\": 3, \"diffs\": [], \"errors\": [], \"verdict\": \"ok\"}\n"}
,{"stream_name":"stdout","time":1073.012516369,"data":"{\"op\": \"cdouble\", \"dtype\": \"float32\", \"samples\": 3, \"diffs\": [], \"errors\": [], \"verdict\": \"ok\"}\n"}
,{"stream_name":"stdout","time":1073.012521039,"data":"{\"op\": \"cdouble\", \"dtype\": \"int32\", \"samples\": 3, \"diffs\": [], \"errors\": [], \"verdict\": \"ok\"}\n"}
,{"stream_name":"stdout","time":1073.012524909,"data":"{\"op\": \"cfloat\", \"dtype\": \"float32\", \"samples\": 3, \"diffs\": [], \"errors\": [], \"verdict\": \"ok\"}\n"}
,{"stream_name":"stdout","time":1073.01252817,"data":"{\"op\": \"cfloat\", \"dtype\": \"int32\", \"samples\": 3, \"diffs\": [], \"errors\": [], \"verdict\": \"ok\"}\n"}
,{"stream_name":"stdout","time":1073.012531479,"data":"{\"op\": \"chalf\", \"dtype\": \"float32\", \"samples\": 3, \"diffs\": [], \"errors\": [], \"verdict\": \"ok\"}\n"}
,{"stream_name":"stdout","time":1073.01253483,"data":"{\"op\": \"chalf\", \"dtype\": \"int32\", \"samples\": 3, \"diffs\": [], \"errors\": [], \"verdict\": \"ok\"}\n"}
,{"stream_name":"stdout","time":1073.012538119,"data":"{\"op\": \"zeros_like\", \"dtype\": \"float32\", \"samples\": 3, \"diffs\": [], \"errors\": [], \"verdict\": \"ok\"}\n"}
,{"stream_name":"stdout","time":1073.012541519,"data":"{\"op\": \"zeros_like\", \"dtype\": \"int32\", \"samples\": 3, \"diffs\": [], \"errors\": [], \"verdict\": \"ok\"}\n"}
,{"stream_name":"stdout","time":1073.012544839,"data":"{\"op\": \"ones_like\", \"dtype\": \"float32\", \"samples\": 3, \"diffs\": [], \"errors\": [], \"verdict\": \"ok\"}\n"}
,{"stream_name":"stdout","time":1073.012548079,"data":"{\"op\": \"ones_like\", \"dtype\": \"int32\", \"samples\": 3, \"diffs\": [], \"errors\": [], \"verdict\": \"ok\"}\n"}
,{"stream_name":"stdout","time":1073.01255153,"data":"{\"op\": \"full_like\", \"dtype\": \"float32\", \"samples\": 3, \"diffs\": [], \"errors\": [], \"verdict\": \"ok\"}\n"}
,{"stream_name":"stdout","time":1073.01255535,"data":"{\"op\": \"full_like\", \"dtype\": \"int32\", \"samples\": 3, \"diffs\": [], \"errors\": [], \"verdict\": \"ok\"}\n"}
,{"stream_name":"stdout","time":1073.012558939,"data":"{\"op\": \"new_zeros\", \"dtype\": \"float32\", \"samples\": 3, \"diffs\": [], \"errors\": [], \"verdict\": \"ok\"}\n"}
,{"stream_name":"stdout","time":1073.012562019,"data":"{\"op\": \"new_zeros\", \"dtype\": \"int32\", \"samples\": 3, \"diffs\": [], \"errors\": [], \"verdict\": \"ok\"}\n"}
,{"stream_name":"stdout","time":1073.012564179,"data":"{\"op\": \"new_ones\", \"dtype\": \"float32\", \"samples\": 3, \"diffs\": [], \"errors\": [], \"verdict\": \"ok\"}\n"}
,{"stream_name":"stdout","time":1073.01256797,"data":"{\"op\": \"new_ones\", \"dtype\": \"int32\", \"samples\": 3, \"diffs\": [], \"errors\": [], \"verdict\": \"ok\"}\n"}
,{"stream_name":"stdout","time":1073.01257177,"data":"{\"op\": \"ones\", \"dtype\": \"float32\", \"samples\": 2, \"diffs\": [], \"errors\": [], \"verdict\": \"ok\"}\n"}
,{"stream_name":"stdout","time":1073.012575779,"data":"{\"op\": \"ones\", \"dtype\": \"int32\", \"samples\": 2, \"diffs\": [], \"errors\": [], \"verdict\": \"ok\"}\n"}
,{"stream_name":"stdout","time":1073.012579599,"data":"{\"op\": \"zeros\", \"dtype\": \"float32\", \"samples\": 2, \"diffs\": [], \"errors\": [], \"verdict\": \"ok\"}\n"}
,{"stream_name":"stdout","time":1073.012583589,"data":"{\"op\": \"zeros\", \"dtype\": \"int32\", \"samples\": 2, \"diffs\": [], \"errors\": [], \"verdict\": \"ok\"}\n"}
,{"stream_name":"stdout","time":1073.012587549,"data":"{\"op\": \"full\", \"dtype\": \"float32\", \"samples\": 3, \"diffs\": [], \"errors\": [], \"verdict\": \"ok\"}\n"}
,{"stream_name":"stdout","time":1073.012591209,"data":"{\"op\": \"full\", \"dtype\": \"int32\", \"samples\": 3, \"diffs\": [], \"errors\": [], \"verdict\": \"ok\"}\n"}
,{"stream_name":"stdout","time":1073.012601019,"data":"{\"op\": \"eye\", \"dtype\": \"float32\", \"samples\": 3, \"diffs\": [], \"errors\": [], \"verdict\": \"ok\"}\n"}
,{"stream_name":"stdout","time":1073.012604739,"data":"{\"op\": \"eye\", \"dtype\": \"int32\", \"samples\": 3, \"diffs\": [], \"errors\": [], \"verdict\": \"ok\"}\n"}
,{"stream_name":"stdout","time":1073.012608839,"data":"{\"op\": \"scalar_tensor\", \"dtype\": \"float32\", \"samples\": 3, \"diffs\": [], \"errors\": [], \"verdict\": \"ok\"}\n"}
,{"stream_name":"stdout","time":1073.012612219,"data":"{\"op\": \"scalar_tensor\", \"dtype\": \"int32\", \"samples\": 3, \"diffs\": [], \"errors\": [], \"verdict\": \"ok\"}\n"}
,{"stream_name":"stdout","time":1073.012615569,"data":"{\"op\": \"new_full\", \"dtype\": \"float32\", \"samples\": 3, \"diffs\": [], \"errors\": [], \"verdict\": \"ok\"}\n"}
,{"stream_name":"stdout","time":1073.012618959,"data":"{\"op\": \"new_full\", \"dtype\": \"int32\", \"samples\": 3, \"diffs\": [], \"errors\": [], \"verdict\": \"ok\"}\n"}
,{"stream_name":"stdout","time":1073.012622219,"data":"{\"op\": \"scatter_add\", \"dtype\": \"float32\", \"samples\": 3, \"diffs\": [], \"errors\": [], \"verdict\": \"ok\"}\n"}
,{"stream_name":"stdout","time":1073.012625539,"data":"{\"op\": \"scatter_add\", \"dtype\": \"int32\", \"samples\": 3, \"diffs\": [], \"errors\": [], \"verdict\": \"ok\"}\n"}
,{"stream_name":"stdout","time":1073.012628789,"data":"{\"op\": \"stack\", \"dtype\": \"float32\", \"samples\": 3, \"diffs\": [], \"errors\": [], \"verdict\": \"ok\"}\n"}
,{"stream_name":"stdout","time":1073.012632069,"data":"{\"op\": \"stack\", \"dtype\": \"int32\", \"samples\": 3, \"diffs\": [], \"errors\": [], \"verdict\": \"ok\"}\n"}
,{"stream_name":"stdout","time":1073.012635409,"data":"{\"op\": \"hstack\", \"dtype\": \"float32\", \"samples\": 2, \"diffs\": [], \"errors\": [], \"verdict\": \"ok\"}\n"}
,{"stream_name":"stdout","time":1073.012638739,"data":"{\"op\": \"hstack\", \"dtype\": \"int32\", \"samples\": 2, \"diffs\": [], \"errors\": [], \"verdict\": \"ok\"}\n"}
,{"stream_name":"stdout","time":1073.012642169,"data":"{\"op\": \"hypot\", \"dtype\": \"float32\", \"samples\": 3, \"diffs\": [], \"errors\": [], \"verdict\": \"ok\"}\n"}
,{"stream_name":"stdout","time":1073.012645429,"data":"{\"op\": \"histc\", \"dtype\": \"float32\", \"samples\": 3, \"diffs\": [], \"errors\": [], \"verdict\": \"ok\"}\n"}
,{"stream_name":"stdout","time":1073.012648779,"data":"{\"op\": \"bincount\", \"dtype\": \"int32\", \"samples\": 3, \"diffs\": [], \"errors\": [], \"verdict\": \"ok\"}\n"}
,{"stream_name":"stdout","time":1073.012652479,"data":"{\"op\": \"cat\", \"dtype\": \"float32\", \"samples\": 3, \"diffs\": [], \"errors\": [], \"verdict\": \"ok\"}\n"}
,{"stream_name":"stdout","time":1073.012655899,"data":"{\"op\": \"cat\", \"dtype\": \"int32\", \"samples\": 3, \"diffs\": [], \"errors\": [], \"verdict\": \"ok\"}\n"}
,{"stream_name":"stdout","time":1073.012659469,"data":"{\"op\": \"unbind\", \"dtype\": \"float32\", \"samples\": 3, \"diffs\": [], \"errors\": [], \"verdict\": \"ok\"}\n"}
,{"stream_name":"stdout","time":1073.012661659,"data":"{\"op\": \"unbind\", \"dtype\": \"int32\", \"samples\": 3, \"diffs\": [], \"errors\": [], \"verdict\": \"ok\"}\n"}
,{"stream_name":"stdout","time":1073.01266566,"data":"{\"op\": \"unbind_copy\", \"dtype\": \"float32\", \"samples\": 3, \"diffs\": [], \"errors\": [], \"verdict\": \"ok\"}\n"}
,{"stream_name":"stdout","time":1073.012669609,"data":"{\"op\": \"unbind_copy\", \"dtype\": \"int32\", \"samples\": 3, \"diffs\": [], \"errors\": [], \"verdict\": \"ok\"}\n"}
,{"stream_name":"stdout","time":1073.0126735,"data":"{\"op\": \"vstack\", \"dtype\": \"float32\", \"samples\": 2, \"diffs\": [], \"errors\": [], \"verdict\": \"ok\"}\n"}
,{"stream_name":"stdout","time":1073.012677389,"data":"{\"op\": \"vstack\", \"dtype\": \"int32\", \"samples\": 2, \"diffs\": [], \"errors\": [], \"verdict\": \"ok\"}\n"}
,{"stream_name":"stdout","time":1073.01268604,"data":"{\"op\": \"dstack\", \"dtype\": \"float32\", \"samples\": 2, \"diffs\": [], \"errors\": [], \"verdict\": \"ok\"}\n"}
,{"stream_name":"stdout","time":1073.0126907,"data":"{\"op\": \"dstack\", \"dtype\": \"int32\", \"samples\": 2, \"diffs\": [], \"errors\": [], \"verdict\": \"ok\"}\n"}
,{"stream_name":"stdout","time":1073.01269412,"data":"{\"op\": \"unfold\", \"dtype\": \"float32\", \"samples\": 3, \"diffs\": [], \"errors\": [], \"verdict\": \"ok\"}\n"}
,{"stream_name":"stdout","time":1073.01269752,"data":"{\"op\": \"unfold\", \"dtype\": \"int32\", \"samples\": 3, \"diffs\": [], \"errors\": [], \"verdict\": \"ok\"}\n"}
,{"stream_name":"stdout","time":1073.012700969,"data":"{\"op\": \"unfold_copy\", \"dtype\": \"float32\", \"samples\": 3, \"diffs\": [], \"errors\": [], \"verdict\": \"ok\"}\n"}
,{"stream_name":"stdout","time":1073.012704349,"data":"{\"op\": \"unfold_copy\", \"dtype\": \"int32\", \"samples\": 3, \"diffs\": [], \"errors\": [], \"verdict\": \"ok\"}\n"}
,{"stream_name":"stdout","time":1073.012707599,"data":"{\"op\": \"movedim\", \"dtype\": \"float32\", \"samples\": 2, \"diffs\": [], \"errors\": [], \"verdict\": \"ok\"}\n"}
,{"stream_name":"stdout","time":1073.012710929,"data":"{\"op\": \"movedim\", \"dtype\": \"int32\", \"samples\": 2, \"diffs\": [], \"errors\": [], \"verdict\": \"ok\"}\n"}
,{"stream_name":"stdout","time":1073.012714229,"data":"{\"op\": \"renorm\", \"dtype\": \"float32\", \"samples\": 3, \"diffs\": [], \"errors\": [], \"verdict\": \"ok\"}\n"}
,{"stream_name":"stdout","time":1073.012717529,"data":"{\"op\": \"repeat\", \"dtype\": \"float32\", \"samples\": 3, \"diffs\": [], \"errors\": [], \"verdict\": \"ok\"}\n"}
,{"stream_name":"stdout","time":1073.012720839,"data":"{\"op\": \"repeat\", \"dtype\": \"int32\", \"samples\": 3, \"diffs\": [], \"errors\": [], \"verdict\": \"ok\"}\n"}
,{"stream_name":"stdout","time":1073.012724239,"data":"{\"op\": \"squeeze\", \"dtype\": \"float32\", \"samples\": 3, \"diffs\": [], \"errors\": [], \"verdict\": \"ok\"}\n"}
,{"stream_name":"stdout","time":1073.012727579,"data":"{\"op\": \"squeeze\", \"dtype\": \"int32\", \"samples\": 3, \"diffs\": [], \"errors\": [], \"verdict\": \"ok\"}\n"}
,{"stream_name":"stdout","time":1073.012730909,"data":"{\"op\": \"squeeze\", \"dtype\": \"float32\", \"samples\": 3, \"diffs\": [], \"errors\": [], \"verdict\": \"ok\"}\n"}
,{"stream_name":"stdout","time":1073.012734219,"data":"{\"op\": \"squeeze\", \"dtype\": \"int32\", \"samples\": 3, \"diffs\": [], \"errors\": [], \"verdict\": \"ok\"}\n"}
,{"stream_name":"stdout","time":1073.012737649,"data":"{\"op\": \"squeeze_copy\", \"dtype\": \"float32\", \"samples\": 3, \"diffs\": [], \"errors\": [], \"verdict\": \"ok\"}\n"}
,{"stream_name":"stdout","time":1073.012741089,"data":"{\"op\": \"squeeze_copy\", \"dtype\": \"int32\", \"samples\": 3, \"diffs\": [], \"errors\": [], \"verdict\": \"ok\"}\n"}
,{"stream_name":"stdout","time":1073.012744929,"data":"{\"op\": \"fill\", \"dtype\": \"float32\", \"samples\": 3, \"diffs\": [], \"errors\": [], \"verdict\": \"ok\"}\n"}
,{"stream_name":"stdout","time":1073.012748679,"data":"{\"op\": \"fill\", \"dtype\": \"int32\", \"samples\": 3, \"diffs\": [], \"errors\": [], \"verdict\": \"ok\"}\n"}
,{"stream_name":"stdout","time":1073.012750959,"data":"{\"op\": \"take_along_dim\", \"dtype\": \"float32\", \"samples\": 3, \"diffs\": [], \"errors\": [], \"verdict\": \"ok\"}\n"}
,{"stream_name":"stdout","time":1073.012753129,"data":"{\"op\": \"take_along_dim\", \"dtype\": \"int32\", \"samples\": 3, \"diffs\": [], \"errors\": [], \"verdict\": \"ok\"}\n"}
,{"stream_name":"stdout","time":1073.012756749,"data":"{\"op\": \"tile\", \"dtype\": \"float32\", \"samples\": 3, \"diffs\": [], \"errors\": [], \"verdict\": \"ok\"}\n"}
,{"stream_name":"stdout","time":1073.012765209,"data":"{\"op\": \"tile\", \"dtype\": \"int32\", \"samples\": 3, \"diffs\": [], \"errors\": [], \"verdict\": \"ok\"}\n"}
,{"stream_name":"stdout","time":1073.012769339,"data":"{\"op\": \"trapz\", \"dtype\": \"float32\", \"samples\": 3, \"diffs\": [], \"errors\": [], \"verdict\": \"ok\"}\n"}
,{"stream_name":"stdout","time":1073.012773089,"data":"{\"op\": \"trapz\", \"dtype\": \"int32\", \"samples\": 3, \"diffs\": [], \"errors\": [], \"verdict\": \"ok\"}\n"}
,{"stream_name":"stdout","time":1073.012776929,"data":"{\"op\": \"trapezoid\", \"dtype\": \"float32\", \"samples\": 3, \"diffs\": [], \"errors\": [], \"verdict\": \"ok\"}\n"}
,{"stream_name":"stdout","time":1073.012781029,"data":"{\"op\": \"trapezoid\", \"dtype\": \"int32\", \"samples\": 3, \"diffs\": [], \"errors\": [], \"verdict\": \"ok\"}\n"}
,{"stream_name":"stdout","time":1073.012784519,"data":"{\"op\": \"cumulative_trapezoid\", \"dtype\": \"float32\", \"samples\": 3, \"diffs\": [], \"errors\": [], \"verdict\": \"ok\"}\n"}
,{"stream_name":"stdout","time":1073.012787939,"data":"{\"op\": \"cumulative_trapezoid\", \"dtype\": \"int32\", \"samples\": 3, \"diffs\": [], \"errors\": [], \"verdict\": \"ok\"}\n"}
,{"stream_name":"stdout","time":1073.012791299,"data":"{\"op\": \"unsqueeze\", \"dtype\": \"float32\", \"samples\": 3, \"diffs\": [], \"errors\": [], \"verdict\": \"ok\"}\n"}
,{"stream_name":"stdout","time":1073.012794689,"data":"{\"op\": \"unsqueeze\", \"dtype\": \"int32\", \"samples\": 3, \"diffs\": [], \"errors\": [], \"verdict\": \"ok\"}\n"}
,{"stream_name":"stdout","time":1073.012798099,"data":"{\"op\": \"unsqueeze_copy\", \"dtype\": \"float32\", \"samples\": 3, \"diffs\": [], \"errors\": [], \"verdict\": \"ok\"}\n"}
,{"stream_name":"stdout","time":1073.012801439,"data":"{\"op\": \"unsqueeze_copy\", \"dtype\": \"int32\", \"samples\": 3, \"diffs\": [], \"errors\": [], \"verdict\": \"ok\"}\n"}
,{"stream_name":"stdout","time":1073.012804779,"data":"{\"op\": \"xlogy\", \"dtype\": \"float32\", \"samples\": 3, \"diffs\": [], \"errors\": [], \"verdict\": \"ok\"}\n"}
,{"stream_name":"stdout","time":1073.012808079,"data":"{\"op\": \"xlogy\", \"dtype\": \"int32\", \"samples\": 3, \"diffs\": [], \"errors\": [], \"verdict\": \"ok\"}\n"}
,{"stream_name":"stdout","time":1073.012811359,"data":"{\"op\": \"zero_\", \"dtype\": \"float32\", \"samples\": 3, \"diffs\": [], \"errors\": [], \"verdict\": \"ok\"}\n"}
,{"stream_name":"stdout","time":1073.01281465,"data":"{\"op\": \"zero_\", \"dtype\": \"int32\", \"samples\": 3, \"diffs\": [], \"errors\": [], \"verdict\": \"ok\"}\n"}
,{"stream_name":"stdout","time":1073.01281801,"data":"{\"op\": \"logsumexp\", \"dtype\": \"float32\", \"samples\": 3, \"diffs\": [], \"errors\": [], \"verdict\": \"ok\"}\n"}
,{"stream_name":"stdout","time":1073.01282127,"data":"{\"op\": \"logsumexp\", \"dtype\": \"int32\", \"samples\": 3, \"diffs\": [], \"errors\": [], \"verdict\": \"ok\"}\n"}
,{"stream_name":"stdout","time":1073.012824559,"data":"{\"op\": \"trace\", \"dtype\": \"float32\", \"samples\": 3, \"diffs\": [], \"errors\": [], \"verdict\": \"ok\"}\n"}
,{"stream_name":"stdout","time":1073.012827859,"data":"{\"op\": \"trace\", \"dtype\": \"int32\", \"samples\": 3, \"diffs\": [], \"errors\": [], \"verdict\": \"ok\"}\n"}
,{"stream_name":"stdout","time":1073.012831349,"data":"{\"op\": \"transpose\", \"dtype\": \"float32\", \"samples\": 3, \"diffs\": [], \"errors\": [], \"verdict\": \"ok\"}\n"}
,{"stream_name":"stdout","time":1073.012835009,"data":"{\"op\": \"transpose\", \"dtype\": \"int32\", \"samples\": 3, \"diffs\": [], \"errors\": [], \"verdict\": \"ok\"}\n"}
,{"stream_name":"stdout","time":1073.012839269,"data":"{\"op\": \"transpose_copy\", \"dtype\": \"float32\", \"samples\": 3, \"diffs\": [], \"errors\": [], \"verdict\": \"ok\"}\n"}
,{"stream_name":"stdout","time":1073.012841539,"data":"{\"op\": \"transpose_copy\", \"dtype\": \"int32\", \"samples\": 3, \"diffs\": [], \"errors\": [], \"verdict\": \"ok\"}\n"}
,{"stream_name":"stdout","time":1073.012848049,"data":"{\"op\": \"T\", \"dtype\": \"float32\", \"samples\": 2, \"diffs\": [], \"errors\": [], \"verdict\": \"ok\"}\n"}
,{"stream_name":"stdout","time":1073.012851939,"data":"{\"op\": \"T\", \"dtype\": \"int32\", \"samples\": 2, \"diffs\": [], \"errors\": [], \"verdict\": \"ok\"}\n"}
,{"stream_name":"stdout","time":1073.012855849,"data":"{\"op\": \"H\", \"dtype\": \"float32\", \"samples\": 2, \"diffs\": [], \"errors\": [], \"verdict\": \"ok\"}\n"}
,{"stream_name":"stdout","time":1073.012859699,"data":"{\"op\": \"H\", \"dtype\": \"int32\", \"samples\": 2, \"diffs\": [], \"errors\": [], \"verdict\": \"ok\"}\n"}
,{"stream_name":"stdout","time":1073.012863589,"data":"{\"op\": \"mT\", \"dtype\": \"float32\", \"samples\": 3, \"diffs\": [], \"errors\": [], \"verdict\": \"ok\"}\n"}
,{"stream_name":"stdout","time":1073.012867429,"data":"{\"op\": \"mT\", \"dtype\": \"int32\", \"samples\": 3, \"diffs\": [], \"errors\": [], \"verdict\": \"ok\"}\n"}
,{"stream_name":"stdout","time":1073.012871479,"data":"{\"op\": \"mH\", \"dtype\": \"float32\", \"samples\": 3, \"diffs\": [], \"errors\": [], \"verdict\": \"ok\"}\n"}
,{"stream_name":"stdout","time":1073.012874949,"data":"{\"op\": \"mH\", \"dtype\": \"int32\", \"samples\": 3, \"diffs\": [], \"errors\": [], \"verdict\": \"ok\"}\n"}
,{"stream_name":"stdout","time":1073.012878259,"data":"{\"op\": \"tril\", \"dtype\": \"float32\", \"samples\": 3, \"diffs\": [], \"errors\": [], \"verdict\": \"ok\"}\n"}
,{"stream_name":"stdout","time":1073.012881559,"data":"{\"op\": \"tril\", \"dtype\": \"int32\", \"samples\": 3, \"diffs\": [], \"errors\": [], \"verdict\": \"ok\"}\n"}
,{"stream_name":"stdout","time":1073.012884829,"data":"{\"op\": \"triu\", \"dtype\": \"float32\", \"samples\": 3, \"diffs\": [], \"errors\": [], \"verdict\": \"ok\"}\n"}
,{"stream_name":"stdout","time":1073.012888179,"data":"{\"op\": \"triu\", \"dtype\": \"int32\", \"samples\": 3, \"diffs\": [], \"errors\": [], \"verdict\": \"ok\"}\n"}
,{"stream_name":"stdout","time":1073.012891489,"data":"{\"op\": \"triu_indices\", \"dtype\": \"int32\", \"samples\": 3, \"diffs\": [], \"errors\": [], \"verdict\": \"ok\"}\n"}
,{"stream_name":"stdout","time":1073.012894889,"data":"{\"op\": \"tril_indices\", \"dtype\": \"int32\", \"samples\": 3, \"diffs\": [], \"errors\": [], \"verdict\": \"ok\"}\n"}
,{"stream_name":"stdout","time":1073.012898249,"data":"{\"op\": \"kron\", \"dtype\": \"float32\", \"samples\": 1, \"diffs\": [], \"errors\": [], \"verdict\": \"ok\"}\n"}
,{"stream_name":"stdout","time":1073.012901549,"data":"{\"op\": \"kron\", \"dtype\": \"int32\", \"samples\": 1, \"diffs\": [], \"errors\": [], \"verdict\": \"ok\"}\n"}
,{"stream_name":"stdout","time":1073.012904849,"data":"{\"op\": \"inner\", \"dtype\": \"float32\", \"samples\": 2, \"diffs\": [], \"errors\": [], \"verdict\": \"ok\"}\n"}
,{"stream_name":"stdout","time":1073.012908199,"data":"{\"op\": \"inner\", \"dtype\": \"int32\", \"samples\": 2, \"diffs\": [], \"errors\": [], \"verdict\": \"ok\"}\n"}
,{"stream_name":"stdout","time":1073.012911609,"data":"{\"op\": \"tensordot\", \"dtype\": \"float32\", \"samples\": 3, \"diffs\": [], \"errors\": [], \"verdict\": \"ok\"}\n"}
,{"stream_name":"stdout","time":1073.012914889,"data":"{\"op\": \"tensordot\", \"dtype\": \"int32\", \"samples\": 3, \"diffs\": [], \"errors\": [], \"verdict\": \"ok\"}\n"}
,{"stream_name":"stdout","time":1073.012918739,"data":"{\"op\": \"to_sparse\", \"dtype\": \"float32\", \"verdict\": \"TOOL_ERROR\", \"diffs\": [], \"errors\": [\"aten/src/ATen/functorch/DynamicLayer.cpp:475 [backend fallback]\\nPreDispatch: registered at /__w/pytorch/pytorch/aten/src/ATen/core/PythonFallbackKernel.cpp:204 [backend fallback]\\nPythonDispatcher: registered at /__w/pytorch/pytorch/aten/src/ATen/core/PythonFallbackKernel.cpp:196 [backend fallback]\\n\\n\"]}\n"}
,{"stream_name":"stdout","time":1073.012927369,"data":"{\"op\": \"to_sparse\", \"dtype\": \"int32\", \"verdict\": \"TOOL_ERROR\", \"diffs\": [], \"errors\": [\"aten/src/ATen/functorch/DynamicLayer.cpp:475 [backend fallback]\\nPreDispatch: registered at /__w/pytorch/pytorch/aten/src/ATen/core/PythonFallbackKernel.cpp:204 [backend fallback]\\nPythonDispatcher: registered at /__w/pytorch/pytorch/aten/src/ATen/core/PythonFallbackKernel.cpp:196 [backend fallback]\\n\\n\"]}\n"}
,{"stream_name":"stdout","time":1073.012931609,"data":"{\"op\": \"logcumsumexp\", \"dtype\": \"float32\", \"samples\": 3, \"diffs\": [], \"errors\": [], \"verdict\": \"ok\"}\n"}
,{"stream_name":"stdout","time":1073.012933889,"data":"{\"op\": \"sigmoid\", \"dtype\": \"float32\", \"samples\": 3, \"diffs\": [], \"errors\": [], \"verdict\": \"ok\"}\n"}
,{"stream_name":"stdout","time":1073.01293692,"data":"{\"op\": \"sigmoid\", \"dtype\": \"int32\", \"samples\": 3, \"diffs\": [], \"errors\": [], \"verdict\": \"ok\"}\n"}
,{"stream_name":"stdout","time":1073.012940789,"data":"{\"op\": \"digamma\", \"dtype\": \"float32\", \"samples\": 3, \"diffs\": [], \"errors\": [], \"verdict\": \"ok\"}\n"}
,{"stream_name":"stdout","time":1073.012944869,"data":"{\"op\": \"digamma\", \"dtype\": \"int32\", \"samples\": 3, \"diffs\": [], \"errors\": [], \"verdict\": \"ok\"}\n"}
,{"stream_name":"stdout","time":1073.012948919,"data":"{\"op\": \"erf\", \"dtype\": \"float32\", \"samples\": 1, \"diffs\": [], \"errors\": [], \"verdict\": \"ok\"}\n"}
,{"stream_name":"stdout","time":1073.012952959,"data":"{\"op\": \"erf\", \"dtype\": \"int32\", \"samples\": 1, \"diffs\": [], \"errors\": [], \"verdict\": \"ok\"}\n"}
,{"stream_name":"stdout","time":1073.012956839,"data":"{\"op\": \"erfc\", \"dtype\": \"float32\", \"samples\": 3, \"diffs\": [], \"errors\": [], \"verdict\": \"ok\"}\n"}
,{"stream_name":"stdout","time":1073.012960779,"data":"{\"op\": \"erfc\", \"dtype\": \"int32\", \"samples\": 3, \"diffs\": [], \"errors\": [], \"verdict\": \"ok\"}\n"}
,{"stream_name":"stdout","time":1073.012964329,"data":"{\"op\": \"erfinv\", \"dtype\": \"float32\", \"samples\": 1, \"diffs\": [], \"errors\": [], \"verdict\": \"ok\"}\n"}
,{"stream_name":"stdout","time":1073.012967559,"data":"{\"op\": \"erfinv\", \"dtype\": \"int32\", \"samples\": 1, \"diffs\": [], \"errors\": [], \"verdict\": \"ok\"}\n"}
,{"stream_name":"stdout","time":1073.012970799,"data":"{\"op\": \"nn.functional.smooth_l1_loss\", \"dtype\": \"float32\", \"samples\": 3, \"diffs\": [], \"errors\": [], \"verdict\": \"ok\"}\n"}
,{"stream_name":"stdout","time":1073.012974179,"data":"{\"op\": \"nn.functional.l1_loss\", \"dtype\": \"float32\", \"samples\": 3, \"diffs\": [], \"errors\": [], \"verdict\": \"ok\"}\n"}
,{"stream_name":"stdout","time":1073.012977959,"data":"{\"op\": \"lgamma\", \"dtype\": \"float32\", \"samples\": 3, \"diffs\": [], \"errors\": [], \"verdict\": \"ok\"}\n"}
,{"stream_name":"stdout","time":1073.012981329,"data":"{\"op\": \"lgamma\", \"dtype\": \"int32\", \"samples\": 3, \"diffs\": [], \"errors\": [], \"verdict\": \"ok\"}\n"}
,{"stream_name":"stdout","time":1073.012984619,"data":"{\"op\": \"log_softmax\", \"dtype\": \"float32\", \"samples\": 3, \"diffs\": [], \"errors\": [], \"verdict\": \"ok\"}\n"}
,{"stream_name":"stdout","time":1073.012987959,"data":"{\"op\": \"log_softmax\", \"dtype\": \"float32\", \"samples\": 3, \"diffs\": [], \"errors\": [], \"verdict\": \"ok\"}\n"}
,{"stream_name":"stdout","time":1073.012991199,"data":"{\"op\": \"log_softmax\", \"dtype\": \"int32\", \"samples\": 3, \"diffs\": [], \"errors\": [], \"verdict\": \"ok\"}\n"}
,{"stream_name":"stdout","time":1073.012994529,"data":"{\"op\": \"logit\", \"dtype\": \"float32\", \"samples\": 3, \"diffs\": [], \"errors\": [], \"verdict\": \"ok\"}\n"}
,{"stream_name":"stdout","time":1073.013006099,"data":"{\"op\": \"logit\", \"dtype\": \"int32\", \"samples\": 3, \"diffs\": [], \"errors\": [], \"verdict\": \"ok\"}\n"}
,{"stream_name":"stdout","time":1073.013009429,"data":"{\"op\": \"where\", \"dtype\": \"float32\", \"samples\": 3, \"diffs\": [], \"errors\": [], \"verdict\": \"ok\"}\n"}
,{"stream_name":"stdout","time":1073.013012839,"data":"{\"op\": \"where\", \"dtype\": \"int32\", \"samples\": 3, \"diffs\": [], \"errors\": [], \"verdict\": \"ok\"}\n"}
,{"stream_name":"stdout","time":1073.013016769,"data":"{\"op\": \"jiterator_unary\", \"dtype\": \"float32\", \"samples\": 3, \"diffs\": [], \"errors\": [], \"verdict\": \"ok\"}\n"}
,{"stream_name":"stdout","time":1073.013020429,"data":"{\"op\": \"jiterator_unary\", \"dtype\": \"int32\", \"samples\": 3, \"diffs\": [], \"errors\": [], \"verdict\": \"ok\"}\n"}
,{"stream_name":"stdout","time":1073.013023169,"data":"{\"op\": \"jiterator_binary\", \"dtype\": \"float32\", \"samples\": 3, \"diffs\": [], \"errors\": [], \"verdict\": \"ok\"}\n"}
,{"stream_name":"stdout","time":1073.013025339,"data":"{\"op\": \"jiterator_binary\", \"dtype\": \"int32\", \"samples\": 3, \"diffs\": [], \"errors\": [], \"verdict\": \"ok\"}\n"}
,{"stream_name":"stdout","time":1073.013028919,"data":"{\"op\": \"jiterator_4inputs_with_extra_args\", \"dtype\": \"float32\", \"samples\": 3, \"diffs\": [], \"errors\": [], \"verdict\": \"ok\"}\n"}
,{"stream_name":"stdout","time":1073.013032699,"data":"{\"op\": \"jiterator_4inputs_with_extra_args\", \"dtype\": \"int32\", \"samples\": 3, \"diffs\": [], \"errors\": [], \"verdict\": \"ok\"}\n"}
,{"stream_name":"stdout","time":1073.013036659,"data":"{\"op\": \"jiterator_binary_return_by_ref\", \"dtype\": \"float32\", \"samples\": 3, \"diffs\": [], \"errors\": [], \"verdict\": \"ok\"}\n"}
,{"stream_name":"stdout","time":1073.013040649,"data":"{\"op\": \"jiterator_binary_return_by_ref\", \"dtype\": \"int32\", \"samples\": 3, \"diffs\": [], \"errors\": [], \"verdict\": \"ok\"}\n"}
,{"stream_name":"stdout","time":1073.013044829,"data":"{\"op\": \"jiterator_2inputs_2outputs\", \"dtype\": \"float32\", \"samples\": 3, \"diffs\": [], \"errors\": [], \"verdict\": \"ok\"}\n"}
,{"stream_name":"stdout","time":1073.013048859,"data":"{\"op\": \"jiterator_2inputs_2outputs\", \"dtype\": \"int32\", \"samples\": 3, \"diffs\": [], \"errors\": [], \"verdict\": \"ok\"}\n"}
,{"stream_name":"stdout","time":1073.013052849,"data":"{\"op\": \"norm\", \"dtype\": \"float32\", \"samples\": 3, \"diffs\": [], \"errors\": [], \"verdict\": \"ok\"}\n"}
,{"stream_name":"stdout","time":1073.013056889,"data":"{\"op\": \"norm\", \"dtype\": \"float32\", \"samples\": 2, \"diffs\": [], \"errors\": [], \"verdict\": \"ok\"}\n"}
,{"stream_name":"stdout","time":1073.013060339,"data":"{\"op\": \"norm\", \"dtype\": \"float32\", \"samples\": 3, \"diffs\": [], \"errors\": [], \"verdict\": \"ok\"}\n"}
,{"stream_name":"stdout","time":1073.013063669,"data":"{\"op\": \"norm\", \"dtype\": \"float32\", \"samples\": 3, \"diffs\": [], \"errors\": [], \"verdict\": \"ok\"}\n"}
,{"stream_name":"stdout","time":1073.013066919,"data":"{\"op\": \"t\", \"dtype\": \"float32\", \"samples\": 3, \"diffs\": [], \"errors\": [], \"verdict\": \"ok\"}\n"}
,{"stream_name":"stdout","time":1073.013070299,"data":"{\"op\": \"t\", \"dtype\": \"int32\", \"samples\": 3, \"diffs\": [], \"errors\": [], \"verdict\": \"ok\"}\n"}
,{"stream_name":"stdout","time":1073.013073579,"data":"{\"op\": \"t_copy\", \"dtype\": \"float32\", \"samples\": 3, \"diffs\": [], \"errors\": [], \"verdict\": \"ok\"}\n"}
,{"stream_name":"stdout","time":1073.013076899,"data":"{\"op\": \"t_copy\", \"dtype\": \"int32\", \"samples\": 3, \"diffs\": [], \"errors\": [], \"verdict\": \"ok\"}\n"}
,{"stream_name":"stdout","time":1073.013080209,"data":"{\"op\": \"nn.functional.embedding\", \"dtype\": \"float32\", \"samples\": 3, \"diffs\": [], \"errors\": [], \"verdict\": \"ok\"}\n"}
,{"stream_name":"stdout","time":1073.013092989,"data":"{\"op\": \"nn.functional.multi_head_attention_forward\", \"dtype\": \"float32\", \"samples\": 3, \"diffs\": [], \"errors\": [], \"verdict\": \"ok\"}\n"}
,{"stream_name":"stdout","time":1073.013096569,"data":"{\"op\": \"nn.functional.mse_loss\", \"dtype\": \"float32\", \"samples\": 3, \"diffs\": [], \"errors\": [], \"verdict\": \"ok\"}\n"}
,{"stream_name":"stdout","time":1073.013100559,"data":"{\"op\": \"grid_sampler_2d\", \"dtype\": \"float32\", \"samples\": 3, \"diffs\": [{\"i\": 0, \"class\": \"VALUE\", \"detail\": \"nan pattern at [0, 0, 0, 4]: eager nan compiled 0.0\", \"repr\": \"SampleInput(input=tensor([[[[-1.8841e+00, -3.9241e-01, -9.6062e-01, -5.3343e-01, -1.7668e+00,\\n            8.0258e-01, -1.7928e+00, -1.2744e-01,  6.9522e-01, -6.7415e-01,\\n            1.1348e+00,  2.5225e-01,  1.0994e+00,  1.2832e+00, -8.8289e-01,\\n            7.2684e-01, -8.6530e-01,  6.2692e-01, -1.0\"}, {\"i\": 1, \"class\": \"VALUE\", \"detail\": \"nan pattern at [0, 0, 0, 4]: eager nan compiled 0.0\", \"repr\": \"SampleInput(input=tensor([[[[-1.8841e+00, -3.9241e-01, -9.6062e-01, -5.3343e-01, -1.7668e+00,\\n            8.0258e-01, -1.7928e+00, -1.2744e-01,  6.9522e-01, -6.7415e-01,\\n            1.1348e+00,  2.5225e-01,  1.0994e+00,  1.2832e+00, -8.8289e-01,\\n            7.2684e-01, -8.6530e-01,  6.2692e-01, -1.0\"}, {\"i\": 2, \"class\": \"VALUE\", \"detail\": \"nan pattern at [1, 1, 0, 0]: eager 1.0000000150474662e+30 compiled nan\", \"repr\": \"SampleInput(input=tensor([[[[-1.8841e+00, -3.9241e-01, -9.6062e-01, -5.3343e-01, -1.7668e+00,\\n            8.0258e-01, -1.7928e+00, -1.2744e-01,  6.9522e-01, -6.7415e-01,\\n            1.1348e+00,  2.5225e-01,  1.0994e+00,  1.2832e+00, -8.8289e-01,\\n            7.2684e-01, -8.6530e-01,  6.2692e-01, -1.0\"}], \"errors\": [], \"verdict\": \"DIFF:VALUE\"}\n"}
,{"stream_name":"stdout","time":1073.013108779,"data":"{\"op\": \"grid_sampler_3d\", \"dtype\": \"float32\", \"samples\": 3, \"diffs\": [], \"errors\": [], \"verdict\": \"ok\"}\n"}
,{"stream_name":"stdout","time":1073.013112669,"data":"{\"op\": \"all\", \"dtype\": \"float32\", \"samples\": 3, \"diffs\": [], \"errors\": [], \"verdict\": \"ok\"}\n"}
,{"stream_name":"stdout","time":1073.013114899,"data":"{\"op\": \"all\", \"dtype\": \"int32\", \"samples\": 3, \"diffs\": [], \"errors\": [], \"verdict\": \"ok\"}\n"}
,{"stream_name":"stdout","time":1073.013117049,"data":"{\"op\": \"any\", \"dtype\": \"float32\", \"samples\": 3, \"diffs\": [], \"errors\": [], \"verdict\": \"ok\"}\n"}
,{"stream_name":"stdout","time":1073.013120999,"data":"{\"op\": \"any\", \"dtype\": \"int32\", \"samples\": 3, \"diffs\": [], \"errors\": [], \"verdict\": \"ok\"}\n"}
,{"stream_name":"stdout","time":1073.013124889,"data":"{\"op\": \"amax\", \"dtype\": \"float32\", \"samples\": 3, \"diffs\": [], \"errors\": [], \"verdict\": \"ok\"}\n"}
,{"stream_name":"stdout","time":1073.013128839,"data":"{\"op\": \"amax\", \"dtype\": \"int32\", \"samples\": 3, \"diffs\": [], \"errors\": [], \"verdict\": \"ok\"}\n"}
,{"stream_name":"stdout","time":1073.013132779,"data":"{\"op\": \"amin\", \"dtype\": \"float32\", \"samples\": 3, \"diffs\": [], \"errors\": [], \"verdict\": \"ok\"}\n"}
,{"stream_name":"stdout","time":1073.013136489,"data":"{\"op\": \"amin\", \"dtype\": \"int32\", \"samples\": 3, \"diffs\": [], \"errors\": [], \"verdict\": \"ok\"}\n"}
,{"stream_name":"stdout","time":1073.013140349,"data":"{\"op\": \"argmax\", \"dtype\": \"float32\", \"samples\": 3, \"diffs\": [], \"errors\": [], \"verdict\": \"ok\"}\n"}
,{"stream_name":"stdout","time":1073.013144479,"data":"{\"op\": \"argmax\", \"dtype\": \"int32\", \"samples\": 3, \"diffs\": [], \"errors\": [], \"verdict\": \"ok\"}\n"}
,{"stream_name":"stdout","time":1073.013147889,"data":"{\"op\": \"argmin\", \"dtype\": \"float32\", \"samples\": 3, \"diffs\": [], \"errors\": [], \"verdict\": \"ok\"}\n"}
,{"stream_name":"stdout","time":1073.013155319,"data":"{\"op\": \"argmin\", \"dtype\": \"int32\", \"samples\": 3, \"diffs\": [], \"errors\": [], \"verdict\": \"ok\"}\n"}
,{"stream_name":"stdout","time":1073.013158719,"data":"{\"op\": \"mean\", \"dtype\": \"float32\", \"samples\": 3, \"diffs\": [], \"errors\": [], \"verdict\": \"ok\"}\n"}
,{"stream_name":"stdout","time":1073.013162059,"data":"{\"op\": \"nanmean\", \"dtype\": \"float32\", \"samples\": 3, \"diffs\": [], \"errors\": [], \"verdict\": \"ok\"}\n"}
,{"stream_name":"stdout","time":1073.013166179,"data":"{\"op\": \"std\", \"dtype\": \"float32\", \"samples\": 3, \"diffs\": [{\"i\": 1, \"class\": \"VALUE\", \"detail\": \"inf at [0, 1]: eager 1.5217888883258408e+38 compiled inf\", \"repr\": \"SampleInput(input=tensor([[[-8.4784, -1.7658, -4.3228, -2.4005, -7.9506],\\n         [ 3.6116, -8.0676, -0.5735,  3.1285, -3.0337],\\n         [ 5.1067,  1.1351,  4.9473,  5.7744, -3.9730],\\n         [ 3.2708, -3.8939,  2.8211, -4.7024,  4.1631],\\n         [ 1.8220, -3.5221, -4.4145,  2.3285,  8.3972]],\\n\\n\"}, {\"i\": 2, \"class\": \"VALUE\", \"detail\": \"inf at [0, 0, 1]: eager 1.5217888883258408e+38 compiled inf\", \"repr\": \"SampleInput(input=tensor([[[-8.4784, -1.7658, -4.3228, -2.4005, -7.9506],\\n         [ 3.6116, -8.0676, -0.5735,  3.1285, -3.0337],\\n         [ 5.1067,  1.1351,  4.9473,  5.7744, -3.9730],\\n         [ 3.2708, -3.8939,  2.8211, -4.7024,  4.1631],\\n         [ 1.8220, -3.5221, -4.4145,  2.3285,  8.3972]],\\n\\n\"}], \"errors\": [], \"verdict\": \"DIFF:VALUE\"}\n"}
,{"stream_name":"stdout","time":1073.013172659,"data":"{\"op\": \"std\", \"dtype\": \"float32\", \"samples\": 3, \"diffs\": [], \"errors\": [], \"verdict\": \"ok\"}\n"}
,{"stream_name":"stdout","time":1073.013176019,"data":"{\"op\": \"var\", \"dtype\": \"float32\", \"samples\": 3, \"diffs\": [], \"errors\": [], \"verdict\": \"ok\"}\n"}
,{"stream_name":"stdout","time":1073.013179459,"data":"{\"op\": \"var\", \"dtype\": \"float32\", \"samples\": 3, \"diffs\": [], \"errors\": [], \"verdict\": \"ok\"}\n"}
,{"stream_name":"stdout","time":1073.013182809,"data":"{\"op\": \"prod\", \"dtype\": \"float32\", \"samples\": 3, \"diffs\": [], \"errors\": [], \"verdict\": \"ok\"}\n"}
,{"stream_name":"stdout","time":1073.013186179,"data":"{\"op\": \"prod\", \"dtype\": \"int32\", \"samples\": 3, \"diffs\": [], \"errors\": [], \"verdict\": \"ok\"}\n"}
,{"stream_name":"stdout","time":1073.013189609,"data":"{\"op\": \"sum\", \"dtype\": \"float32\", \"samples\": 3, \"diffs\": [], \"errors\": [], \"verdict\": \"ok\"}\n"}
,{"stream_name":"stdout","time":1073.013193029,"data":"{\"op\": \"sum\", \"dtype\": \"int32\", \"samples\": 3, \"diffs\": [], \"errors\": [], \"verdict\": \"ok\"}\n"}
,{"stream_name":"stdout","time":1073.013196629,"data":"{\"op\": \"nansum\", \"dtype\": \"float32\", \"samples\": 3, \"diffs\": [], \"errors\": [], \"verdict\": \"ok\"}\n"}
,{"stream_name":"stdout","time":1073.013200339,"data":"{\"op\": \"nansum\", \"dtype\": \"int32\", \"samples\": 3, \"diffs\": [], \"errors\": [], \"verdict\": \"ok\"}\n"}
,{"stream_name":"stdout","time":1073.013203999,"data":"{\"op\": \"hash_tensor\", \"dtype\": \"float32\", \"samples\": 3, \"diffs\": [], \"errors\": [], \"verdict\": \"ok\"}\n"}
,{"stream_name":"stdout","time":1073.013206269,"data":"{\"op\": \"hash_tensor\", \"dtype\": \"int32\", \"samples\": 3, \"diffs\": [], \"errors\": [], \"verdict\": \"ok\"}\n"}
,{"stream_name":"stdout","time":1073.013208849,"data":"{\"op\": \"nn.functional.cosine_embedding_loss\", \"dtype\": \"float32\", \"samples\": 3, \"diffs\": [], \"errors\": [], \"verdict\": \"ok\"}\n"}
,{"stream_name":"stdout","time":1073.013212989,"data":"{\"op\": \"nn.functional.cosine_embedding_loss\", \"dtype\": \"int32\", \"samples\": 3, \"diffs\": [], \"errors\": [], \"verdict\": \"ok\"}\n"}
,{"stream_name":"stdout","time":1073.013217019,"data":"{\"op\": \"nn.functional.nll_loss\", \"dtype\": \"float32\", \"samples\": 3, \"diffs\": [], \"errors\": [], \"verdict\": \"ok\"}\n"}
,{"stream_name":"stdout","time":1073.013225479,"data":"{\"op\": \"nn.functional.gaussian_nll_loss\", \"dtype\": \"float32\", \"samples\": 3, \"diffs\": [], \"errors\": [], \"verdict\": \"ok\"}\n"}
,{"stream_name":"stdout","time":1073.013229549,"data":"{\"op\": \"nn.functional.hinge_embedding_loss\", \"dtype\": \"float32\", \"samples\": 3, \"diffs\": [], \"errors\": [], \"verdict\": \"ok\"}\n"}
,{"stream_name":"stdout","time":1073.013233689,"data":"{\"op\": \"nn.functional.huber_loss\", \"dtype\": \"float32\", \"samples\": 3, \"diffs\": [], \"errors\": [], \"verdict\": \"ok\"}\n"}
,{"stream_name":"stdout","time":1073.013237459,"data":"{\"op\": \"nn.functional.pdist\", \"dtype\": \"float32\", \"samples\": 3, \"diffs\": [], \"errors\": [], \"verdict\": \"ok\"}\n"}
,{"stream_name":"stdout","time":1073.013240699,"data":"{\"op\": \"repeat_interleave\", \"dtype\": \"float32\", \"samples\": 3, \"diffs\": [], \"errors\": [], \"verdict\": \"ok\"}\n"}
,{"stream_name":"stdout","time":1073.013244069,"data":"{\"op\": \"repeat_interleave\", \"dtype\": \"int32\", \"samples\": 3, \"diffs\": [], \"errors\": [], \"verdict\": \"ok\"}\n"}
,{"stream_name":"stdout","time":1073.013247399,"data":"{\"op\": \"nn.functional.pairwise_distance\", \"dtype\": \"float32\", \"samples\": 3, \"diffs\": [], \"errors\": [], \"verdict\": \"ok\"}\n"}
,{"stream_name":"stdout","time":1073.013250829,"data":"{\"op\": \"nn.functional.pairwise_distance\", \"dtype\": \"int32\", \"samples\": 3, \"diffs\": [], \"errors\": [], \"verdict\": \"ok\"}\n"}
,{"stream_name":"stdout","time":1073.013254159,"data":"{\"op\": \"nn.functional.pixel_shuffle\", \"dtype\": \"float32\", \"samples\": 3, \"diffs\": [], \"errors\": [], \"verdict\": \"ok\"}\n"}
,{"stream_name":"stdout","time":1073.013257449,"data":"{\"op\": \"nn.functional.pixel_shuffle\", \"dtype\": \"int32\", \"samples\": 3, \"diffs\": [], \"errors\": [], \"verdict\": \"ok\"}\n"}
,{"stream_name":"stdout","time":1073.013260879,"data":"{\"op\": \"nn.functional.pixel_unshuffle\", \"dtype\": \"float32\", \"samples\": 3, \"diffs\": [], \"errors\": [], \"verdict\": \"ok\"}\n"}
,{"stream_name":"stdout","time":1073.013264209,"data":"{\"op\": \"nn.functional.pixel_unshuffle\", \"dtype\": \"int32\", \"samples\": 3, \"diffs\": [], \"errors\": [], \"verdict\": \"ok\"}\n"}
,{"stream_name":"stdout","time":1073.013267609,"data":"{\"op\": \"nn.functional.channel_shuffle\", \"dtype\": \"float32\", \"samples\": 3, \"diffs\": [], \"errors\": [], \"verdict\": \"ok\"}\n"}
,{"stream_name":"stdout","time":1073.013270949,"data":"{\"op\": \"nn.functional.channel_shuffle\", \"dtype\": \"int32\", \"samples\": 3, \"diffs\": [], \"errors\": [], \"verdict\": \"ok\"}\n"}
,{"stream_name":"stdout","time":1073.013274299,"data":"{\"op\": \"nn.functional.kl_div\", \"dtype\": \"float32\", \"samples\": 3, \"diffs\": [], \"errors\": [], \"verdict\": \"ok\"}\n"}
,{"stream_name":"stdout","time":1073.013277699,"data":"{\"op\": \"diagflat\", \"dtype\": \"float32\", \"samples\": 3, \"diffs\": [], \"errors\": [], \"verdict\": \"ok\"}\n"}
,{"stream_name":"stdout","time":1073.013281069,"data":"{\"op\": \"diagflat\", \"dtype\": \"int32\", \"samples\": 3, \"diffs\": [], \"errors\": [], \"verdict\": \"ok\"}\n"}
,{"stream_name":"stdout","time":1073.013284329,"data":"{\"op\": \"scatter_reduce\", \"dtype\": \"float32\", \"samples\": 3, \"diffs\": [], \"errors\": [], \"verdict\": \"ok\"}\n"}
,{"stream_name":"stdout","time":1073.013287839,"data":"{\"op\": \"scatter_reduce\", \"dtype\": \"int32\", \"samples\": 3, \"diffs\": [], \"errors\": [], \"verdict\": \"ok\"}\n"}
,{"stream_name":"stdout","time":1073.013291739,"data":"{\"op\": \"scatter_reduce\", \"dtype\": \"float32\", \"samples\": 3, \"diffs\": [], \"errors\": [], \"verdict\": \"ok\"}\n"}
,{"stream_name":"stdout","time":1073.013298379,"data":"{\"op\": \"scatter_reduce\", \"dtype\": \"int32\", \"samples\": 3, \"diffs\": [], \"errors\": [], \"verdict\": \"ok\"}\n"}
,{"stream_name":"stdout","time":1073.013302409,"data":"{\"op\": \"scatter_reduce\", \"dtype\": \"float32\", \"samples\": 3, \"diffs\": [], \"errors\": [], \"verdict\": \"ok\"}\n"}
,{"stream_name":"stdout","time":1073.013306389,"data":"{\"op\": \"scatter_reduce\", \"dtype\": \"int32\", \"samples\": 3, \"diffs\": [], \"errors\": [], \"verdict\": \"ok\"}\n"}
,{"stream_name":"stdout","time":1073.013310979,"data":"{\"op\": \"scatter_reduce\", \"dtype\": \"float32\", \"samples\": 3, \"diffs\": [], \"errors\": [], \"verdict\": \"ok\"}\n"}
,{"stream_name":"stdout","time":1073.013314989,"data":"{\"op\": \"scatter_reduce\", \"dtype\": \"int32\", \"samples\": 3, \"diffs\": [], \"errors\": [], \"verdict\": \"ok\"}\n"}
,{"stream_name":"stdout","time":1073.013318969,"data":"{\"op\": \"scatter_reduce\", \"dtype\": \"float32\", \"samples\": 3, \"diffs\": [], \"errors\": [], \"verdict\": \"ok\"}\n"}
,{"stream_name":"stdout","time":1073.013322719,"data":"{\"op\": \"scatter_reduce\", \"dtype\": \"int32\", \"samples\": 3, \"diffs\": [], \"errors\": [], \"verdict\": \"ok\"}\n"}
,{"stream_name":"stdout","time":1073.013326419,"data":"{\"op\": \"_segment_reduce\", \"dtype\": \"float32\", \"samples\": 3, \"diffs\": [], \"errors\": [], \"verdict\": \"ok\"}\n"}
,{"stream_name":"stdout","time":1073.013329719,"data":"{\"op\": \"_segment_reduce\", \"dtype\": \"float32\", \"samples\": 3, \"diffs\": [], \"errors\": [], \"verdict\": \"ok\"}\n"}
,{"stream_name":"stdout","time":1073.013333059,"data":"{\"op\": \"linalg.cross\", \"dtype\": \"float32\", \"samples\": 3, \"diffs\": [{\"i\": 1, \"class\": \"VALUE\", \"detail\": \"nan pattern at [0, 0, 1]: eager -inf compiled nan\", \"repr\": \"SampleInput(input=tensor([[[-8.4784, -1.7658, -4.3228, -2.4005, -7.9506],\\n         [ 3.6116, -8.0676, -0.5735,  3.1285, -3.0337],\\n         [ 5.1067,  1.1351,  4.9473,  5.7744, -3.9730]],\\n\\n        [[ 3.2708, -3.8939,  2.8211, -4.7024,  4.1631],\\n         [ 1.8220, -3.5221, -4.4145,  2.3285,  8.3972],\\n\"}], \"errors\": [], \"verdict\": \"DIFF:VALUE\"}\n"}
,{"stream_name":"stdout","time":1073.013338059,"data":"{\"op\": \"linalg.cross\", \"dtype\": \"int32\", \"samples\": 3, \"diffs\": [], \"errors\": [], \"verdict\": \"ok\"}\n"}
,{"stream_name":"stdout","time":1073.013341359,"data":"{\"op\": \"linalg.diagonal\", \"dtype\": \"float32\", \"samples\": 3, \"diffs\": [], \"errors\": [], \"verdict\": \"ok\"}\n"}
,{"stream_name":"stdout","time":1073.013344689,"data":"{\"op\": \"linalg.diagonal\", \"dtype\": \"int32\", \"samples\": 3, \"diffs\": [], \"errors\": [], \"verdict\": \"ok\"}\n"}
,{"stream_name":"stdout","time":1073.013347969,"data":"{\"op\": \"linalg.vecdot\", \"dtype\": \"float32\", \"samples\": 3, \"diffs\": [], \"errors\": [], \"verdict\": \"ok\"}\n"}
,{"stream_name":"stdout","time":1073.013351299,"data":"{\"op\": \"linalg.cond\", \"dtype\": \"float32\", \"samples\": 3, \"diffs\": [], \"errors\": [], \"verdict\": \"ok\"}\n"}
,{"stream_name":"stdout","time":1073.013355449,"data":"{\"op\": \"linalg.householder_product\", \"dtype\": \"float32\", \"samples\": 3, \"diffs\": [], \"errors\": [], \"verdict\": \"ok\"}\n"}
,{"stream_name":"stdout","time":1073.013384669,"data":"{\"op\": \"linalg.ldl_factor\", \"dtype\": \"float32\", \"samples\": 3, \"diffs\": [], \"errors\": [], \"verdict\": \"ok\"}\n"}
,{"stream_name":"stdout","time":1073.013388269,"data":"{\"op\": \"linalg.ldl_factor_ex\", \"dtype\": \"float32\", \"samples\": 3, \"diffs\": [], \"errors\": [], \"verdict\": \"ok\"}\n"}
,{"stream_name":"stdout","time":1073.013391769,"data":"{\"op\": \"linalg.matrix_power\", \"dtype\": \"float32\", \"samples\": 3, \"diffs\": [], \"errors\": [], \"verdict\": \"ok\"}\n"}
,{"stream_name":"stdout","time":1073.013399329,"data":"{\"op\": \"linalg.multi_dot\", \"dtype\": \"float32\", \"samples\": 3, \"diffs\": [], \"errors\": [], \"verdict\": \"ok\"}\n"}
,{"stream_name":"stdout","time":1073.013402729,"data":"{\"op\": \"linalg.multi_dot\", \"dtype\": \"int32\", \"samples\": 3, \"diffs\": [], \"errors\": [], \"verdict\": \"ok\"}\n"}
,{"stream_name":"stdout","time":1073.013406159,"data":"{\"op\": \"linalg.norm\", \"dtype\": \"float32\", \"samples\": 3, \"diffs\": [], \"errors\": [], \"verdict\": \"ok\"}\n"}
,{"stream_name":"stdout","time":1073.013409439,"data":"{\"op\": \"linalg.norm\", \"dtype\": \"float32\", \"samples\": 3, \"diffs\": [], \"errors\": [], \"verdict\": \"ok\"}\n"}
,{"stream_name":"stdout","time":1073.013412779,"data":"{\"op\": \"linalg.matrix_norm\", \"dtype\": \"float32\", \"samples\": 3, \"diffs\": [], \"errors\": [], \"verdict\": \"ok\"}\n"}
,{"stream_name":"stdout","time":1073.013416089,"data":"{\"op\": \"linalg.polar\", \"dtype\": \"float32\", \"samples\": 3, \"diffs\": [], \"errors\": [], \"verdict\": \"ok\"}\n"}
,{"stream_name":"stdout","time":1073.013419419,"data":"{\"op\": \"linalg.vander\", \"dtype\": \"float32\", \"samples\": 3, \"diffs\": [], \"errors\": [], \"verdict\": \"ok\"}\n"}
,{"stream_name":"stdout","time":1073.013422679,"data":"{\"op\": \"linalg.vander\", \"dtype\": \"int32\", \"samples\": 3, \"diffs\": [], \"errors\": [], \"verdict\": \"ok\"}\n"}
,{"stream_name":"stdout","time":1073.013425899,"data":"{\"op\": \"linalg.vector_norm\", \"dtype\": \"float32\", \"samples\": 3, \"diffs\": [], \"errors\": [], \"verdict\": \"ok\"}\n"}
,{"stream_name":"stdout","time":1073.013429629,"data":"{\"op\": \"linalg.inv\", \"dtype\": \"float32\", \"samples\": 3, \"diffs\": [], \"errors\": [], \"verdict\": \"ok\"}\n"}
,{"stream_name":"stdout","time":1073.013433269,"data":"{\"op\": \"linalg.inv_ex\", \"dtype\": \"float32\", \"samples\": 3, \"diffs\": [], \"errors\": [], \"verdict\": \"ok\"}\n"}
,{"stream_name":"stdout","time":1073.013437139,"data":"{\"op\": \"linalg.tensorinv\", \"dtype\": \"float32\", \"samples\": 2, \"diffs\": [], \"errors\": [], \"verdict\": \"ok\"}\n"}
,{"stream_name":"stdout","time":1073.013439639,"data":"{\"op\": \"special.i0e\", \"dtype\": \"float32\", \"samples\": 2, \"diffs\": [], \"errors\": [], \"verdict\": \"ok\"}\n"}
,{"stream_name":"stdout","time":1073.013442519,"data":"{\"op\": \"special.i0e\", \"dtype\": \"int32\", \"samples\": 2, \"diffs\": [], \"errors\": [], \"verdict\": \"ok\"}\n"}
,{"stream_name":"stdout","time":1073.013447589,"data":"{\"op\": \"special.i1\", \"dtype\": \"float32\", \"samples\": 2, \"diffs\": [], \"errors\": [], \"verdict\": \"ok\"}\n"}
,{"stream_name":"stdout","time":1073.013451569,"data":"{\"op\": \"special.i1\", \"dtype\": \"int32\", \"samples\": 2, \"diffs\": [], \"errors\": [], \"verdict\": \"ok\"}\n"}
,{"stream_name":"stdout","time":1073.013456579,"data":"{\"op\": \"special.i1e\", \"dtype\": \"float32\", \"samples\": 2, \"diffs\": [], \"errors\": [], \"verdict\": \"ok\"}\n"}
,{"stream_name":"stdout","time":1073.013460449,"data":"{\"op\": \"special.i1e\", \"dtype\": \"int32\", \"samples\": 2, \"diffs\": [], \"errors\": [], \"verdict\": \"ok\"}\n"}
,{"stream_name":"stdout","time":1073.013464539,"data":"{\"op\": \"special.ndtr\", \"dtype\": \"float32\", \"samples\": 3, \"diffs\": [], \"errors\": [], \"verdict\": \"ok\"}\n"}
,{"stream_name":"stdout","time":1073.013468499,"data":"{\"op\": \"special.ndtr\", \"dtype\": \"int32\", \"samples\": 3, \"diffs\": [], \"errors\": [], \"verdict\": \"ok\"}\n"}
,{"stream_name":"stdout","time":1073.013472419,"data":"{\"op\": \"special.polygamma\", \"dtype\": \"float32\", \"samples\": 3, \"diffs\": [], \"errors\": [], \"verdict\": \"ok\"}\n"}
,{"stream_name":"stdout","time":1073.013476229,"data":"{\"op\": \"special.polygamma\", \"dtype\": \"int32\", \"samples\": 3, \"diffs\": [], \"errors\": [], \"verdict\": \"ok\"}\n"}
,{"stream_name":"stdout","time":1073.013484479,"data":"{\"op\": \"special.xlog1py\", \"dtype\": \"float32\", \"samples\": 3, \"diffs\": [], \"errors\": [], \"verdict\": \"ok\"}\n"}
,{"stream_name":"stdout","time":1073.013488489,"data":"{\"op\": \"special.xlog1py\", \"dtype\": \"int32\", \"samples\": 3, \"diffs\": [], \"errors\": [], \"verdict\": \"ok\"}\n"}
,{"stream_name":"stdout","time":1073.013491859,"data":"{\"op\": \"special.entr\", \"dtype\": \"float32\", \"samples\": 2, \"diffs\": [], \"errors\": [], \"verdict\": \"ok\"}\n"}
,{"stream_name":"stdout","time":1073.013495259,"data":"{\"op\": \"special.entr\", \"dtype\": \"int32\", \"samples\": 2, \"diffs\": [], \"errors\": [], \"verdict\": \"ok\"}\n"}
,{"stream_name":"stdout","time":1073.013498639,"data":"{\"op\": \"special.ndtri\", \"dtype\": \"float32\", \"samples\": 3, \"diffs\": [], \"errors\": [], \"verdict\": \"ok\"}\n"}
,{"stream_name":"stdout","time":1073.013502779,"data":"{\"op\": \"special.ndtri\", \"dtype\": \"int32\", \"samples\": 3, \"diffs\": [], \"errors\": [], \"verdict\": \"ok\"}\n"}
,{"stream_name":"stdout","time":1073.013506249,"data":"{\"op\": \"special.log_ndtr\", \"dtype\": \"float32\", \"samples\": 3, \"diffs\": [], \"errors\": [], \"verdict\": \"ok\"}\n"}
,{"stream_name":"stdout","time":1073.013509559,"data":"{\"op\": \"special.log_ndtr\", \"dtype\": \"int32\", \"samples\": 3, \"diffs\": [], \"errors\": [], \"verdict\": \"ok\"}\n"}
,{"stream_name":"stdout","time":1073.013512819,"data":"{\"op\": \"special.erfcx\", \"dtype\": \"float32\", \"samples\": 3, \"diffs\": [], \"errors\": [], \"verdict\": \"ok\"}\n"}
,{"stream_name":"stdout","time":1073.013516249,"data":"{\"op\": \"special.erfcx\", \"dtype\": \"int32\", \"samples\": 3, \"diffs\": [], \"errors\": [], \"verdict\": \"ok\"}\n"}
,{"stream_name":"stdout","time":1073.013519659,"data":"{\"op\": \"special.airy_ai\", \"dtype\": \"float32\", \"samples\": 3, \"diffs\": [], \"errors\": [], \"verdict\": \"ok\"}\n"}
,{"stream_name":"stdout","time":1073.013523089,"data":"{\"op\": \"special.airy_ai\", \"dtype\": \"int32\", \"samples\": 3, \"diffs\": [], \"errors\": [], \"verdict\": \"ok\"}\n"}
,{"stream_name":"stdout","time":1073.013526499,"data":"{\"op\": \"special.bessel_j0\", \"dtype\": \"float32\", \"samples\": 3, \"diffs\": [], \"errors\": [], \"verdict\": \"ok\"}\n"}
,{"stream_name":"stdout","time":1073.013529859,"data":"{\"op\": \"special.bessel_j0\", \"dtype\": \"int32\", \"samples\": 3, \"diffs\": [], \"errors\": [], \"verdict\": \"ok\"}\n"}
,{"stream_name":"stdout","time":1073.013533729,"data":"{\"op\": \"special.bessel_j1\", \"dtype\": \"float32\", \"samples\": 3, \"diffs\": [], \"errors\": [], \"verdict\": \"ok\"}\n"}
,{"stream_name":"stdout","time":1073.013537339,"data":"{\"op\": \"special.bessel_j1\", \"dtype\": \"int32\", \"samples\": 3, \"diffs\": [], \"errors\": [], \"verdict\": \"ok\"}\n"}
,{"stream_name":"stdout","time":1073.013541419,"data":"{\"op\": \"special.bessel_y0\", \"dtype\": \"float32\", \"samples\": 3, \"diffs\": [], \"errors\": [], \"verdict\": \"ok\"}\n"}
,{"stream_name":"stdout","time":1073.013545509,"data":"{\"op\": \"special.bessel_y0\", \"dtype\": \"int32\", \"samples\": 3, \"diffs\": [], \"errors\": [], \"verdict\": \"ok\"}\n"}
,{"stream_name":"stdout","time":1073.013549579,"data":"{\"op\": \"special.bessel_y1\", \"dtype\": \"float32\", \"samples\": 3, \"diffs\": [], \"errors\": [], \"verdict\": \"ok\"}\n"}
,{"stream_name":"stdout","time":1073.013553449,"data":"{\"op\": \"special.bessel_y1\", \"dtype\": \"int32\", \"samples\": 3, \"diffs\": [], \"errors\": [], \"verdict\": \"ok\"}\n"}
,{"stream_name":"stdout","time":1073.013556959,"data":"{\"op\": \"special.chebyshev_polynomial_t\", \"dtype\": \"float32\", \"samples\": 3, \"diffs\": [], \"errors\": [], \"verdict\": \"ok\"}\n"}
,{"stream_name":"stdout","time":1073.013560339,"data":"{\"op\": \"special.chebyshev_polynomial_t\", \"dtype\": \"int32\", \"samples\": 3, \"diffs\": [], \"errors\": [], \"verdict\": \"ok\"}\n"}
,{"stream_name":"stdout","time":1073.013567109,"data":"{\"op\": \"special.chebyshev_polynomial_u\", \"dtype\": \"float32\", \"samples\": 3, \"diffs\": [], \"errors\": [], \"verdict\": \"ok\"}\n"}
,{"stream_name":"stdout","time":1073.013570579,"data":"{\"op\": \"special.chebyshev_polynomial_u\", \"dtype\": \"int32\", \"samples\": 3, \"diffs\": [], \"errors\": [], \"verdict\": \"ok\"}\n"}
,{"stream_name":"stdout","time":1073.013573999,"data":"{\"op\": \"special.chebyshev_polynomial_v\", \"dtype\": \"float32\", \"samples\": 3, \"diffs\": [], \"errors\": [], \"verdict\": \"ok\"}\n"}
,{"stream_name":"stdout","time":1073.013577399,"data":"{\"op\": \"special.chebyshev_polynomial_v\", \"dtype\": \"int32\", \"samples\": 3, \"diffs\": [], \"errors\": [], \"verdict\": \"ok\"}\n"}
,{"stream_name":"stdout","time":1073.013580779,"data":"{\"op\": \"special.chebyshev_polynomial_w\", \"dtype\": \"float32\", \"samples\": 3, \"diffs\": [], \"errors\": [], \"verdict\": \"ok\"}\n"}
,{"stream_name":"stdout","time":1073.013584759,"data":"{\"op\": \"special.chebyshev_polynomial_w\", \"dtype\": \"int32\", \"samples\": 3, \"diffs\": [], \"errors\": [], \"verdict\": \"ok\"}\n"}
,{"stream_name":"stdout","time":1073.013588209,"data":"{\"op\": \"special.hermite_polynomial_h\", \"dtype\": \"float32\", \"samples\": 3, \"diffs\": [], \"errors\": [], \"verdict\": \"ok\"}\n"}
,{"stream_name":"stdout","time":1073.013591649,"data":"{\"op\": \"special.hermite_polynomial_h\", \"dtype\": \"int32\", \"samples\": 3, \"diffs\": [], \"errors\": [], \"verdict\": \"ok\"}\n"}
,{"stream_name":"stdout","time":1073.013595119,"data":"{\"op\": \"special.hermite_polynomial_he\", \"dtype\": \"float32\", \"samples\": 3, \"diffs\": [], \"errors\": [], \"verdict\": \"ok\"}\n"}
,{"stream_name":"stdout","time":1073.013598399,"data":"{\"op\": \"special.hermite_polynomial_he\", \"dtype\": \"int32\", \"samples\": 3, \"diffs\": [], \"errors\": [], \"verdict\": \"ok\"}\n"}
,{"stream_name":"stdout","time":1073.013602349,"data":"{\"op\": \"special.laguerre_polynomial_l\", \"dtype\": \"float32\", \"samples\": 3, \"diffs\": [], \"errors\": [], \"verdict\": \"ok\"}\n"}
,{"stream_name":"stdout","time":1073.013606449,"data":"{\"op\": \"special.laguerre_polynomial_l\", \"dtype\": \"int32\", \"samples\": 3, \"diffs\": [], \"errors\": [], \"verdict\": \"ok\"}\n"}
,{"stream_name":"stdout","time":1073.013610149,"data":"{\"op\": \"special.legendre_polynomial_p\", \"dtype\": \"float32\", \"samples\": 3, \"diffs\": [], \"errors\": [], \"verdict\": \"ok\"}\n"}
,{"stream_name":"stdout","time":1073.013613919,"data":"{\"op\": \"special.legendre_polynomial_p\", \"dtype\": \"int32\", \"samples\": 3, \"diffs\": [], \"errors\": [], \"verdict\": \"ok\"}\n"}
,{"stream_name":"stdout","time":1073.013616169,"data":"{\"op\": \"special.modified_bessel_i0\", \"dtype\": \"float32\", \"samples\": 3, \"diffs\": [], \"errors\": [], \"verdict\": \"ok\"}\n"}
,{"stream_name":"stdout","time":1073.013618329,"data":"{\"op\": \"special.modified_bessel_i0\", \"dtype\": \"int32\", \"samples\": 3, \"diffs\": [], \"errors\": [], \"verdict\": \"ok\"}\n"}
,{"stream_name":"stdout","time":1073.013622279,"data":"{\"op\": \"special.modified_bessel_i1\", \"dtype\": \"float32\", \"samples\": 3, \"diffs\": [], \"errors\": [], \"verdict\": \"ok\"}\n"}
,{"stream_name":"stdout","time":1073.013626139,"data":"{\"op\": \"special.modified_bessel_i1\", \"dtype\": \"int32\", \"samples\": 3, \"diffs\": [], \"errors\": [], \"verdict\": \"ok\"}\n"}
,{"stream_name":"stdout","time":1073.013630169,"data":"{\"op\": \"special.modified_bessel_k0\", \"dtype\": \"float32\", \"samples\": 3, \"diffs\": [], \"errors\": [], \"verdict\": \"ok\"}\n"}
,{"stream_name":"stdout","time":1073.013634019,"data":"{\"op\": \"special.modified_bessel_k0\", \"dtype\": \"int32\", \"samples\": 3, \"diffs\": [], \"errors\": [], \"verdict\": \"ok\"}\n"}
,{"stream_name":"stdout","time":1073.013642239,"data":"{\"op\": \"special.modified_bessel_k1\", \"dtype\": \"float32\", \"samples\": 3, \"diffs\": [], \"errors\": [], \"verdict\": \"ok\"}\n"}
,{"stream_name":"stdout","time":1073.013646289,"data":"{\"op\": \"special.modified_bessel_k1\", \"dtype\": \"int32\", \"samples\": 3, \"diffs\": [], \"errors\": [], \"verdict\": \"ok\"}\n"}
,{"stream_name":"stdout","time":1073.013649869,"data":"{\"op\": \"special.scaled_modified_bessel_k0\", \"dtype\": \"float32\", \"samples\": 3, \"diffs\": [], \"errors\": [], \"verdict\": \"ok\"}\n"}
,{"stream_name":"stdout","time":1073.013653299,"data":"{\"op\": \"special.scaled_modified_bessel_k0\", \"dtype\": \"int32\", \"samples\": 3, \"diffs\": [], \"errors\": [], \"verdict\": \"ok\"}\n"}
,{"stream_name":"stdout","time":1073.013656719,"data":"{\"op\": \"special.scaled_modified_bessel_k1\", \"dtype\": \"float32\", \"samples\": 3, \"diffs\": [], \"errors\": [], \"verdict\": \"ok\"}\n"}
,{"stream_name":"stdout","time":1073.013660109,"data":"{\"op\": \"special.scaled_modified_bessel_k1\", \"dtype\": \"int32\", \"samples\": 3, \"diffs\": [], \"errors\": [], \"verdict\": \"ok\"}\n"}
,{"stream_name":"stdout","time":1073.013663559,"data":"{\"op\": \"special.shifted_chebyshev_polynomial_t\", \"dtype\": \"float32\", \"samples\": 3, \"diffs\": [], \"errors\": [], \"verdict\": \"ok\"}\n"}
,{"stream_name":"stdout","time":1073.013667429,"data":"{\"op\": \"special.shifted_chebyshev_polynomial_t\", \"dtype\": \"int32\", \"samples\": 3, \"diffs\": [], \"errors\": [], \"verdict\": \"ok\"}\n"}
,{"stream_name":"stdout","time":1073.013670879,"data":"{\"op\": \"special.shifted_chebyshev_polynomial_u\", \"dtype\": \"float32\", \"samples\": 3, \"diffs\": [], \"errors\": [], \"verdict\": \"ok\"}\n"}
,{"stream_name":"stdout","time":1073.013674349,"data":"{\"op\": \"special.shifted_chebyshev_polynomial_u\", \"dtype\": \"int32\", \"samples\": 3, \"diffs\": [], \"errors\": [], \"verdict\": \"ok\"}\n"}
,{"stream_name":"stdout","time":1073.013677729,"data":"{\"op\": \"special.shifted_chebyshev_polynomial_v\", \"dtype\": \"float32\", \"samples\": 3, \"diffs\": [], \"errors\": [], \"verdict\": \"ok\"}\n"}
,{"stream_name":"stdout","time":1073.013681079,"data":"{\"op\": \"special.shifted_chebyshev_polynomial_v\", \"dtype\": \"int32\", \"samples\": 3, \"diffs\": [], \"errors\": [], \"verdict\": \"ok\"}\n"}
,{"stream_name":"stdout","time":1073.013684479,"data":"{\"op\": \"special.shifted_chebyshev_polynomial_w\", \"dtype\": \"float32\", \"samples\": 3, \"diffs\": [], \"errors\": [], \"verdict\": \"ok\"}\n"}
,{"stream_name":"stdout","time":1073.013688009,"data":"{\"op\": \"special.shifted_chebyshev_polynomial_w\", \"dtype\": \"int32\", \"samples\": 3, \"diffs\": [], \"errors\": [], \"verdict\": \"ok\"}\n"}
,{"stream_name":"stdout","time":1073.013691429,"data":"{\"op\": \"special.spherical_bessel_j0\", \"dtype\": \"float32\", \"samples\": 3, \"diffs\": [], \"errors\": [], \"verdict\": \"ok\"}\n"}
,{"stream_name":"stdout","time":1073.013694889,"data":"{\"op\": \"special.spherical_bessel_j0\", \"dtype\": \"int32\", \"samples\": 3, \"diffs\": [], \"errors\": [], \"verdict\": \"ok\"}\n"}
,{"stream_name":"stdout","time":1073.013698349,"data":"{\"op\": \"masked.sum\", \"dtype\": \"float32\", \"samples\": 3, \"diffs\": [], \"errors\": [], \"verdict\": \"ok\"}\n"}
,{"stream_name":"stdout","time":1073.013702119,"data":"{\"op\": \"masked.sum\", \"dtype\": \"int32\", \"samples\": 3, \"diffs\": [], \"errors\": [], \"verdict\": \"ok\"}\n"}
,{"stream_name":"stdout","time":1073.013705859,"data":"{\"op\": \"masked.prod\", \"dtype\": \"float32\", \"samples\": 3, \"diffs\": [], \"errors\": [], \"verdict\": \"ok\"}\n"}
,{"stream_name":"stdout","time":1073.013708299,"data":"{\"op\": \"masked.prod\", \"dtype\": \"int32\", \"samples\": 3, \"diffs\": [], \"errors\": [], \"verdict\": \"ok\"}\n"}
,{"stream_name":"stdout","time":1073.013714529,"data":"{\"op\": \"masked.cumsum\", \"dtype\": \"float32\", \"samples\": 3, \"diffs\": [], \"errors\": [], \"verdict\": \"ok\"}\n"}
,{"stream_name":"stdout","time":1073.013718589,"data":"{\"op\": \"masked.cumsum\", \"dtype\": \"int32\", \"samples\": 3, \"diffs\": [], \"errors\": [], \"verdict\": \"ok\"}\n"}
,{"stream_name":"stdout","time":1073.013722689,"data":"{\"op\": \"masked.cumprod\", \"dtype\": \"float32\", \"samples\": 3, \"diffs\": [], \"errors\": [], \"verdict\": \"ok\"}\n"}
,{"stream_name":"stdout","time":1073.013726949,"data":"{\"op\": \"masked.cumprod\", \"dtype\": \"int32\", \"samples\": 3, \"diffs\": [], \"errors\": [], \"verdict\": \"ok\"}\n"}
,{"stream_name":"stdout","time":1073.013730769,"data":"{\"op\": \"masked.amax\", \"dtype\": \"float32\", \"samples\": 3, \"diffs\": [], \"errors\": [], \"verdict\": \"ok\"}\n"}
,{"stream_name":"stdout","time":1073.013734779,"data":"{\"op\": \"masked.amax\", \"dtype\": \"int32\", \"samples\": 3, \"diffs\": [], \"errors\": [], \"verdict\": \"ok\"}\n"}
,{"stream_name":"stdout","time":1073.013739829,"data":"{\"op\": \"masked.amin\", \"dtype\": \"float32\", \"samples\": 3, \"diffs\": [], \"errors\": [], \"verdict\": \"ok\"}\n"}
,{"stream_name":"stdout","time":1073.013743249,"data":"{\"op\": \"masked.amin\", \"dtype\": \"int32\", \"samples\": 3, \"diffs\": [], \"errors\": [], \"verdict\": \"ok\"}\n"}
,{"stream_name":"stdout","time":1073.013746599,"data":"{\"op\": \"masked.argmax\", \"dtype\": \"float32\", \"samples\": 3, \"diffs\": [], \"errors\": [], \"verdict\": \"ok\"}\n"}
,{"stream_name":"stdout","time":1073.013750039,"data":"{\"op\": \"masked.argmax\", \"dtype\": \"int32\", \"samples\": 3, \"diffs\": [], \"errors\": [], \"verdict\": \"ok\"}\n"}
,{"stream_name":"stdout","time":1073.013753349,"data":"{\"op\": \"masked.argmin\", \"dtype\": \"float32\", \"samples\": 3, \"diffs\": [], \"errors\": [], \"verdict\": \"ok\"}\n"}
,{"stream_name":"stdout","time":1073.013756649,"data":"{\"op\": \"masked.argmin\", \"dtype\": \"int32\", \"samples\": 3, \"diffs\": [], \"errors\": [], \"verdict\": \"ok\"}\n"}
,{"stream_name":"stdout","time":1073.013760109,"data":"{\"op\": \"masked.mean\", \"dtype\": \"float32\", \"samples\": 3, \"diffs\": [], \"errors\": [], \"verdict\": \"ok\"}\n"}
,{"stream_name":"stdout","time":1073.013763469,"data":"{\"op\": \"masked.norm\", \"dtype\": \"float32\", \"samples\": 3, \"diffs\": [], \"errors\": [], \"verdict\": \"ok\"}\n"}
,{"stream_name":"stdout","time":1073.013766779,"data":"{\"op\": \"masked.var\", \"dtype\": \"float32\", \"samples\": 3, \"diffs\": [], \"errors\": [], \"verdict\": \"ok\"}\n"}
,{"stream_name":"stdout","time":1073.013770039,"data":"{\"op\": \"masked.var\", \"dtype\": \"int32\", \"samples\": 3, \"diffs\": [], \"errors\": [], \"verdict\": \"ok\"}\n"}
,{"stream_name":"stdout","time":1073.013773299,"data":"{\"op\": \"masked.std\", \"dtype\": \"float32\", \"samples\": 3, \"diffs\": [], \"errors\": [], \"verdict\": \"ok\"}\n"}
,{"stream_name":"stdout","time":1073.013776629,"data":"{\"op\": \"masked.std\", \"dtype\": \"int32\", \"samples\": 3, \"diffs\": [], \"errors\": [], \"verdict\": \"ok\"}\n"}
,{"stream_name":"stdout","time":1073.013780169,"data":"{\"op\": \"masked.softmax\", \"dtype\": \"float32\", \"samples\": 3, \"diffs\": [], \"errors\": [], \"verdict\": \"ok\"}\n"}
,{"stream_name":"stdout","time":1073.013783459,"data":"{\"op\": \"masked.log_softmax\", \"dtype\": \"float32\", \"samples\": 3, \"diffs\": [], \"errors\": [], \"verdict\": \"ok\"}\n"}
,{"stream_name":"stdout","time":1073.013786809,"data":"{\"op\": \"masked.softmin\", \"dtype\": \"float32\", \"samples\": 3, \"diffs\": [], \"errors\": [], \"verdict\": \"ok\"}\n"}
,{"stream_name":"stdout","time":1073.013790119,"data":"{\"op\": \"masked.logaddexp\", \"dtype\": \"float32\", \"samples\": 3, \"diffs\": [], \"errors\": [], \"verdict\": \"ok\"}\n"}
,{"stream_name":"stdout","time":1073.013798419,"data":"{\"op\": \"masked.logsumexp\", \"dtype\": \"float32\", \"samples\": 3, \"diffs\": [], \"errors\": [], \"verdict\": \"ok\"}\n"}
,{"stream_name":"stdout","time":1073.013800989,"data":"{\"op\": \"masked.logsumexp\", \"dtype\": \"int32\", \"samples\": 3, \"diffs\": [], \"errors\": [], \"verdict\": \"ok\"}\n"}
,{"stream_name":"stdout","time":1073.013804679,"data":"\n"}
,{"stream_name":"stdout","time":1073.013807949,"data":"=====JSONL END\n"}
,{"stream_name":"stdout","time":1073.013811219,"data":"JOB DONE\n"}
,{"stream_name":"stderr","time":1075.041810492,"data":"/usr/local/lib/python3.12/dist-packages/mistune.py:435: SyntaxWarning: invalid escape sequence '\\|'\n"}
,{"stream_name":"stderr","time":1075.041844772,"data":"  cells[i][c] = re.sub('\\\\\\\\\\|', '|', cell)\n"}
,{"stream_name":"stderr","time":1075.304004095,"data":"/usr/local/lib/python3.12/dist-packages/nbconvert/filters/filter_links.py:36: SyntaxWarning: invalid escape sequence '\\_'\n"}
,{"stream_name":"stderr","time":1075.304041715,"data":"  text = re.sub(r'_', '\\_', text) # Escape underscores in display text\n"}
,{"stream_name":"stderr","time":1075.928792496,"data":"[NbConvertApp] Converting notebook __script__.ipynb to html\n"}
,{"stream_name":"stderr","time":1077.151073288,"data":"[NbConvertApp] Writing 293831 bytes to __results__.html\n"}
]