[{"stream_name":"stdout","time":8.480253023,"data":"   ©¥©¥©¥©¥©¥©¥©¥©¥©¥©¥©¥©¥©¥©¥©¥©¥©¥©¥©¥©¥©¥©¥©¥©¥©¥©¥©¥©¥©¥©¥©¥©¥©¥©¥©¥©¥©¥©¥©¥©¥ 196.3/196.3 MB 8.9 MB/s eta 0:00:00\n"}
,{"stream_name":"stderr","time":49.281003397,"data":"ERROR: pip's dependency resolver does not currently take into account all the packages that are installed. This behaviour is the source of the following dependency conflicts.\n"}
,{"stream_name":"stderr","time":49.281056851,"data":"torchaudio 2.10.0+cpu requires torch==2.10.0, but you have torch 2.14.0+cpu which is incompatible.\n"}
,{"stream_name":"stderr","time":49.281061977,"data":"torchvision 0.25.0+cpu requires torch==2.10.0, but you have torch 2.14.0+cpu which is incompatible.\n"}
,{"stream_name":"stdout","time":52.920277685,"data":"   ©¥©¥©¥©¥©¥©¥©¥©¥©¥©¥©¥©¥©¥©¥©¥©¥©¥©¥©¥©¥©¥©¥©¥©¥©¥©¥©¥©¥©¥©¥©¥©¥©¥©¥©¥©¥©¥©¥©¥©¥ 1.2/1.2 MB 36.1 MB/s eta 0:00:00\n"}
,{"stream_name":"stdout","time":291.775674865,"data":"ns complex64 (1s, total 148s)\n"}
,{"stream_name":"stdout","time":291.775759987,"data":"[94/1216] ok           cartesian_prod int64 (2s, total 151s)\n"}
,{"stream_name":"stdout","time":291.775765578,"data":"[95/1216] ok           cartesian_prod float64 (2s, total 153s)\n"}
,{"stream_name":"stdout","time":291.775769074,"data":"[96/1216] ok           cartesian_prod complex64 (1s, total 154s)\n"}
,{"stream_name":"stdout","time":291.775772357,"data":"[97/1216] ok           cdist float64 (0s, total 154s)\n"}
,{"stream_name":"stdout","time":291.775775555,"data":"[98/1216] ok           ceil int64 (1s, total 155s)\n"}
,{"stream_name":"stdout","time":291.775778731,"data":"[99/1216] ok           ceil float64 (1s, total 156s)\n"}
,{"stream_name":"stdout","time":291.775781822,"data":"[100/1216] ok           chunk int64 (0s, total 156s)\n"}
,{"stream_name":"stdout","time":291.775784989,"data":"[101/1216] ok           chunk float64 (0s, total 157s)\n"}
,{"stream_name":"stdout","time":291.775789677,"data":"[102/1216] ok           chunk complex64 (0s, total 157s)\n"}
,{"stream_name":"stdout","time":291.775794883,"data":"[103/1216] ok           unsafe_chunk int64 (0s, total 157s)\n"}
,{"stream_name":"stdout","time":291.775800145,"data":"[104/1216] ok           unsafe_chunk float64 (0s, total 158s)\n"}
,{"stream_name":"stdout","time":291.775805316,"data":"[105/1216] ok           unsafe_chunk complex64 (0s, total 158s)\n"}
,{"stream_name":"stdout","time":291.775810355,"data":"[106/1216] ok           clone int64 (2s, total 160s)\n"}
,{"stream_name":"stdout","time":291.775815209,"data":"[107/1216] ok           clone float64 (2s, total 162s)\n"}
,{"stream_name":"stdout","time":291.775820223,"data":"[108/1216] ok           clone complex64 (0s, total 162s)\n"}
,{"stream_name":"stdout","time":291.77582485,"data":"[109/1216] ok           contiguous int64 (1s, total 163s)\n"}
,{"stream_name":"stdout","time":291.775829679,"data":"[110/1216] ok           contiguous float64 (0s, total 164s)\n"}
,{"stream_name":"stdout","time":291.775834755,"data":"[111/1216] ok           contiguous complex64 (0s, total 164s)\n"}
,{"stream_name":"stdout","time":291.77583963,"data":"[112/1216] ok           sum_to_size int64 (1s, total 165s)\n"}
,{"stream_name":"stdout","time":291.775844518,"data":"[113/1216] ok           sum_to_size float64 (1s, total 166s)\n"}
,{"stream_name":"stdout","time":291.775849331,"data":"[114/1216] ok           sum_to_size complex64 (0s, total 167s)\n"}
,{"stream_name":"stdout","time":291.775854245,"data":"[115/1216] ok           clamp int64 (3s, total 170s)\n"}
,{"stream_name":"stdout","time":291.775859205,"data":"[116/1216] ok           clamp float64 (3s, total 173s)\n"}
,{"stream_name":"stdout","time":291.775864069,"data":"[117/1216] ok           positive int64 (0s, total 173s)\n"}
,{"stream_name":"stdout","time":291.775883918,"data":"[118/1216] ok           positive float64 (0s, total 173s)\n"}
,{"stream_name":"stdout","time":291.775888378,"data":"[119/1216] ok           positive complex64 (0s, total 173s)\n"}
,{"stream_name":"stdout","time":291.775892429,"data":"[120/1216] ok           conj int64 (0s, total 173s)\n"}
,{"stream_name":"stdout","time":291.775896317,"data":"[121/1216] ok           conj float64 (0s, total 174s)\n"}
,{"stream_name":"stdout","time":291.775900408,"data":"[122/1216] ok           conj complex64 (0s, total 174s)\n"}
,{"stream_name":"stdout","time":291.775904423,"data":"[123/1216] ok           conj_physical int64 (0s, total 174s)\n"}
,{"stream_name":"stdout","time":291.77590842,"data":"[124/1216] ok           conj_physical float64 (0s, total 174s)\n"}
,{"stream_name":"stdout","time":291.775912653,"data":"[125/1216] ok           conj_physical complex64 (0s, total 174s)\n"}
,{"stream_name":"stdout","time":291.775916682,"data":"[126/1216] ok           view_as_real complex64 (0s, total 174s)\n"}
,{"stream_name":"stdout","time":291.775920847,"data":"[127/1216] ok           view_as_complex float64 (0s, total 175s)\n"}
,{"stream_name":"stdout","time":291.775926543,"data":"[128/1216] ok           complex float64 (0s, total 175s)\n"}
,{"stream_name":"stdout","time":291.775930675,"data":"[129/1216] ok           copysign int64 (3s, total 178s)\n"}
,{"stream_name":"stdout","time":291.775934432,"data":"[130/1216] ok           copysign float64 (4s, total 182s)\n"}
,{"stream_name":"stdout","time":291.775938329,"data":"[131/1216] ok           corrcoef int64 (0s, total 182s)\n"}
,{"stream_name":"stdout","time":291.775942225,"data":"[132/1216] ok           corrcoef float64 (0s, total 182s)\n"}
,{"stream_name":"stdout","time":291.775946115,"data":"[133/1216] ok           corrcoef complex64 (0s, total 183s)\n"}
,{"stream_name":"stdout","time":291.775949978,"data":"[134/1216] ok           cos int64 (2s, total 185s)\n"}
,{"stream_name":"stdout","time":291.775954013,"data":"[135/1216] ok           cos float64 (2s, total 187s)\n"}
,{"stream_name":"stdout","time":291.775957869,"data":"[136/1216] ok           cos complex64 (0s, total 188s)\n"}
,{"stream_name":"stdout","time":291.775961717,"data":"[137/1216] ok           cosh int64 (2s, total 190s)\n"}
,{"stream_name":"stdout","time":291.775965545,"data":"[138/1216] ok           cosh float64 (2s, total 192s)\n"}
,{"stream_name":"stdout","time":291.775969737,"data":"[139/1216] ok           cosh complex64 (0s, total 192s)\n"}
,{"stream_name":"stdout","time":291.775972898,"data":"[140/1216] ok           cov int64 (0s, total 192s)\n"}
,{"stream_name":"stdout","time":291.775975467,"data":"[141/1216] ok           cov float64 (0s, total 193s)\n"}
,{"stream_name":"stdout","time":291.775978749,"data":"[142/1216] ok           cov complex64 (0s, total 193s)\n"}
,{"stream_name":"stdout","time":291.77598266,"data":"[143/1216] ok           cross int64 (4s, total 197s)\n"}
,{"stream_name":"stdout","time":291.775986455,"data":"[144/1216] DIFF:VALUE   cross float64 (3s, total 200s)\n"}
,{"stream_name":"stdout","time":291.775990385,"data":"[145/1216] ok           cross complex64 (2s, total 202s)\n"}
,{"stream_name":"stdout","time":291.775994375,"data":"[146/1216] ok           cumsum int64 (0s, total 202s)\n"}
,{"stream_name":"stdout","time":291.775998271,"data":"[147/1216] ok           cumsum float64 (0s, total 203s)\n"}
,{"stream_name":"stdout","time":291.776002314,"data":"[148/1216] ok           cumsum complex64 (0s, total 203s)\n"}
,{"stream_name":"stdout","time":291.776006207,"data":"[149/1216] ok           cumprod int64 (0s, total 203s)\n"}
,{"stream_name":"stdout","time":291.776014833,"data":"[150/1216] ok           cumprod float64 (0s, total 204s)\n"}
,{"stream_name":"stdout","time":291.776019026,"data":"[151/1216] ok           cumprod complex64 (0s, total 204s)\n"}
,{"stream_name":"stdout","time":291.776022906,"data":"[152/1216] ok           cummax int64 (1s, total 205s)\n"}
,{"stream_name":"stdout","time":291.77602674,"data":"[153/1216] ok           cummax float64 (1s, total 206s)\n"}
,{"stream_name":"stdout","time":291.776030545,"data":"[154/1216] ok           cummin int64 (0s, total 207s)\n"}
,{"stream_name":"stdout","time":291.776034382,"data":"[155/1216] ok           cummin float64 (0s, total 207s)\n"}
,{"stream_name":"stdout","time":291.776038196,"data":"[156/1216] ok           deg2rad int64 (1s, total 208s)\n"}
,{"stream_name":"stdout","time":291.776042238,"data":"[157/1216] ok           deg2rad float64 (1s, total 209s)\n"}
,{"stream_name":"stdout","time":291.776046099,"data":"[158/1216] ok           diff int64 (2s, total 211s)\n"}
,{"stream_name":"stdout","time":291.776050189,"data":"[159/1216] ok           diff float64 (2s, total 213s)\n"}
,{"stream_name":"stdout","time":291.776054035,"data":"[160/1216] ok           diff complex64 (0s, total 214s)\n"}
,{"stream_name":"stdout","time":291.776057973,"data":"[161/1216] ok           div int64 (3s, total 217s)\n"}
,{"stream_name":"stdout","time":291.776062015,"data":"[162/1216] ok           div float64 (3s, total 220s)\n"}
,{"stream_name":"stdout","time":291.776073102,"data":"[163/1216] ok           div complex64 (0s, total 221s)\n"}
,{"stream_name":"stdout","time":291.776077601,"data":"\n"}
,{"stream_name":"stdout","time":291.776081821,"data":"exit -8         ^^^^^^^^^^^^^^^^^^^^^^^^^\n"}
,{"stream_name":"stdout","time":291.776086602,"data":"E0922 01:44:08.665000 21 torch/_subclasses/fake_tensor.py:3212] [0/0] RuntimeError: self.stride(-1) must be 1 to view ComplexFloat as Float (different element sizes), but got 0\n"}
,{"stream_name":"stdout","time":291.776091435,"data":"/kaggle/working/sweep.py:161: UserWarning: Using torch.cross without specifying the dim arg is deprecated.\n"}
,{"stream_name":"stdout","time":291.776095747,"data":"Please either pass the dim explicitly or simply use torch.linalg.cross.\n"}
,{"stream_name":"stdout","time":291.776100014,"data":"The default value of dim will change to agree with that of linalg.cross in a future release. (Triggered internally at /__w/pytorch/pytorch/aten/src/ATen/native/Cross.cpp:63.)\n"}
,{"stream_name":"stdout","time":291.776104404,"data":"  eager = fn(inp, *args, **kwargs)\n"}
,{"stream_name":"stdout","time":291.776108245,"data":"\n"}
,{"stream_name":"stdout","time":1989.66101583,"data":"64 (2s, total 1568s)\n"}
,{"stream_name":"stdout","time":1989.661293089,"data":"[993/1048] ok           special.modified_bessel_i1 int64 (2s, total 1570s)\n"}
,{"stream_name":"stdout","time":1989.661303891,"data":"[994/1048] ok           special.modified_bessel_i1 float64 (2s, total 1572s)\n"}
,{"stream_name":"stdout","time":1989.661309459,"data":"[995/1048] ok           special.modified_bessel_k0 int64 (2s, total 1575s)\n"}
,{"stream_name":"stdout","time":1989.661314754,"data":"[996/1048] ok           special.modified_bessel_k0 float64 (2s, total 1577s)\n"}
,{"stream_name":"stdout","time":1989.66132012,"data":"[997/1048] ok           special.modified_bessel_k1 int64 (2s, total 1579s)\n"}
,{"stream_name":"stdout","time":1989.661325115,"data":"[998/1048] ok           special.modified_bessel_k1 float64 (2s, total 1581s)\n"}
,{"stream_name":"stdout","time":1989.661329905,"data":"[999/1048] ok           special.scaled_modified_bessel_k0 int64 (2s, total 1584s)\n"}
,{"stream_name":"stdout","time":1989.661851315,"data":"[1000/1048] ok           special.scaled_modified_bessel_k0 float64 (2s, total 1586s)\n"}
,{"stream_name":"stdout","time":1989.661866835,"data":"[1001/1048] ok           special.scaled_modified_bessel_k1 int64 (2s, total 1588s)\n"}
,{"stream_name":"stdout","time":1989.661871888,"data":"[1002/1048] ok           special.scaled_modified_bessel_k1 float64 (2s, total 1590s)\n"}
,{"stream_name":"stdout","time":1989.661874831,"data":"[1003/1048] ok           special.shifted_chebyshev_polynomial_t int64 (4s, total 1594s)\n"}
,{"stream_name":"stdout","time":1989.661878183,"data":"[1004/1048] ok           special.shifted_chebyshev_polynomial_t float64 (3s, total 1598s)\n"}
,{"stream_name":"stdout","time":1989.66188235,"data":"[1005/1048] ok           special.shifted_chebyshev_polynomial_u int64 (3s, total 1601s)\n"}
,{"stream_name":"stdout","time":1989.661887101,"data":"[1006/1048] ok           special.shifted_chebyshev_polynomial_u float64 (3s, total 1604s)\n"}
,{"stream_name":"stdout","time":1989.661891545,"data":"[1007/1048] ok           special.shifted_chebyshev_polynomial_v int64 (3s, total 1608s)\n"}
,{"stream_name":"stdout","time":1989.661896195,"data":"[1008/1048] ok           special.shifted_chebyshev_polynomial_v float64 (3s, total 1611s)\n"}
,{"stream_name":"stdout","time":1989.661900403,"data":"[1009/1048] ok           special.shifted_chebyshev_polynomial_w int64 (3s, total 1614s)\n"}
,{"stream_name":"stdout","time":1989.661904404,"data":"[1010/1048] ok           special.shifted_chebyshev_polynomial_w float64 (3s, total 1617s)\n"}
,{"stream_name":"stdout","time":1989.661909537,"data":"[1011/1048] ok           special.spherical_bessel_j0 int64 (2s, total 1620s)\n"}
,{"stream_name":"stdout","time":1989.661913264,"data":"[1012/1048] ok           special.spherical_bessel_j0 float64 (2s, total 1622s)\n"}
,{"stream_name":"stdout","time":1989.661917325,"data":"[1013/1048] ok           masked.sum int64 (1s, total 1623s)\n"}
,{"stream_name":"stdout","time":1989.661921535,"data":"[1014/1048] ok           masked.sum float64 (1s, total 1625s)\n"}
,{"stream_name":"stdout","time":1989.661925497,"data":"[1015/1048] ok           masked.sum complex64 (0s, total 1625s)\n"}
,{"stream_name":"stdout","time":1989.66192957,"data":"[1016/1048] ok           masked.prod int64 (1s, total 1626s)\n"}
,{"stream_name":"stdout","time":1989.661933585,"data":"[1017/1048] ok           masked.prod float64 (1s, total 1628s)\n"}
,{"stream_name":"stdout","time":1989.661941391,"data":"[1018/1048] ok           masked.prod complex64 (0s, total 1628s)\n"}
,{"stream_name":"stdout","time":1989.661945643,"data":"[1019/1048] ok           masked.cumsum int64 (2s, total 1631s)\n"}
,{"stream_name":"stdout","time":1989.661949784,"data":"[1020/1048] ok           masked.cumsum float64 (2s, total 1633s)\n"}
,{"stream_name":"stdout","time":1989.661953672,"data":"[1021/1048] ok           masked.cumsum complex64 (1s, total 1634s)\n"}
,{"stream_name":"stdout","time":1989.661957867,"data":"[1022/1048] ok           masked.cumprod int64 (2s, total 1636s)\n"}
,{"stream_name":"stdout","time":1989.661961737,"data":"[1023/1048] ok           masked.cumprod float64 (2s, total 1638s)\n"}
,{"stream_name":"stdout","time":1989.66196597,"data":"[1024/1048] ok           masked.cumprod complex64 (1s, total 1639s)\n"}
,{"stream_name":"stdout","time":1989.661969227,"data":"[1025/1048] ok           masked.amax int64 (1s, total 1640s)\n"}
,{"stream_name":"stdout","time":1989.661971794,"data":"[1026/1048] ok           masked.amax float64 (1s, total 1641s)\n"}
,{"stream_name":"stdout","time":1989.661975385,"data":"[1027/1048] ok           masked.amin int64 (1s, total 1643s)\n"}
,{"stream_name":"stdout","time":1989.661979102,"data":"[1028/1048] ok           masked.amin float64 (1s, total 1644s)\n"}
,{"stream_name":"stdout","time":1989.661990444,"data":"[1029/1048] ok           masked.argmax int64 (0s, total 1644s)\n"}
,{"stream_name":"stdout","time":1989.661995182,"data":"[1030/1048] ok           masked.argmax float64 (1s, total 1645s)\n"}
,{"stream_name":"stdout","time":1989.661999187,"data":"[1031/1048] ok           masked.argmin int64 (0s, total 1645s)\n"}
,{"stream_name":"stdout","time":1989.662003389,"data":"[1032/1048] ok           masked.argmin float64 (1s, total 1646s)\n"}
,{"stream_name":"stdout","time":1989.662006799,"data":"[1033/1048] ok           masked.mean float64 (2s, total 1648s)\n"}
,{"stream_name":"stdout","time":1989.662010733,"data":"[1034/1048] ok           masked.mean complex64 (1s, total 1649s)\n"}
,{"stream_name":"stdout","time":1989.662014769,"data":"[1035/1048] ok           masked.norm float64 (2s, total 1651s)\n"}
,{"stream_name":"stdout","time":1989.662018709,"data":"[1036/1048] ok           masked.var int64 (4s, total 1655s)\n"}
,{"stream_name":"stdout","time":1989.662022506,"data":"[1037/1048] ok           masked.var float64 (4s, total 1659s)\n"}
,{"stream_name":"stdout","time":1989.66202671,"data":"[1038/1048] ok           masked.var complex64 (4s, total 1663s)\n"}
,{"stream_name":"stdout","time":1989.662030606,"data":"[1039/1048] ok           masked.std int64 (4s, total 1667s)\n"}
,{"stream_name":"stdout","time":1989.662034745,"data":"[1040/1048] ok           masked.std float64 (4s, total 1671s)\n"}
,{"stream_name":"stdout","time":1989.662038697,"data":"[1041/1048] ok           masked.std complex64 (1s, total 1672s)\n"}
,{"stream_name":"stdout","time":1989.662051175,"data":"[1042/1048] ok           masked.softmax float64 (2s, total 1674s)\n"}
,{"stream_name":"stdout","time":1989.662055234,"data":"[1043/1048] ok           masked.log_softmax float64 (2s, total 1676s)\n"}
,{"stream_name":"stdout","time":1989.662059079,"data":"[1044/1048] ok           masked.softmin float64 (2s, total 1678s)\n"}
,{"stream_name":"stdout","time":1989.662063124,"data":"[1045/1048] ok           masked.logaddexp float64 (5s, total 1683s)\n"}
,{"stream_name":"stdout","time":1989.662065945,"data":"[1046/1048] ok           masked.logsumexp int64 (2s, total 1685s)\n"}
,{"stream_name":"stdout","time":1989.66206975,"data":"[1047/1048] ok           masked.logsumexp float64 (2s, total 1687s)\n"}
,{"stream_name":"stdout","time":1989.662073557,"data":"[1048/1048] ok           masked.logsumexp complex64 (1s, total 1687s)\n"}
,{"stream_name":"stdout","time":1989.662077398,"data":"SWEEP DONE\n"}
,{"stream_name":"stdout","time":1989.66208129,"data":"\n"}
,{"stream_name":"stdout","time":1989.662085809,"data":"exit 0 g.py:2487: FutureWarning: `torch._prims_common.check` is deprecated and will be removed in the future. Please use `torch._check*` functions instead.\n"}
,{"stream_name":"stdout","time":1989.662090392,"data":"  check(\n"}
,{"stream_name":"stdout","time":1989.662094605,"data":"/usr/local/lib/python3.12/dist-packages/torch/_inductor/lowering.py:2487: FutureWarning: `torch._prims_common.check` is deprecated and will be removed in the future. Please use `torch._check*` functions instead.\n"}
,{"stream_name":"stdout","time":1989.662101089,"data":"  check(\n"}
,{"stream_name":"stdout","time":1989.662104931,"data":"/usr/local/lib/python3.12/dist-packages/torch/_inductor/lowering.py:2487: FutureWarning: `torch._prims_common.check` is deprecated and will be removed in the future. Please use `torch._check*` functions instead.\n"}
,{"stream_name":"stdout","time":1989.662109772,"data":"  check(\n"}
,{"stream_name":"stdout","time":1989.662113396,"data":"\n"}
,{"stream_name":"stdout","time":1989.662117109,"data":"=====JSONL BEGIN\n"}
,{"stream_name":"stdout","time":1989.662900601,"data":"{\"op\": \"abs\", \"dtype\": \"int64\", \"samples\": 2, \"diffs\": [], \"errors\": [], \"verdict\": \"ok\"}\n"}
,{"stream_name":"stdout","time":1989.662929528,"data":"{\"op\": \"abs\", \"dtype\": \"float64\", \"samples\": 1, \"diffs\": [], \"errors\": [], \"verdict\": \"ok\"}\n"}
,{"stream_name":"stdout","time":1989.662935589,"data":"{\"op\": \"abs\", \"dtype\": \"complex64\", \"samples\": 2, \"diffs\": [], \"errors\": [], \"verdict\": \"ok\"}\n"}
,{"stream_name":"stdout","time":1989.662940809,"data":"{\"op\": \"acos\", \"dtype\": \"int64\", \"samples\": 3, \"diffs\": [], \"errors\": [], \"verdict\": \"ok\"}\n"}
,{"stream_name":"stdout","time":1989.662947572,"data":"{\"op\": \"acos\", \"dtype\": \"float64\", \"samples\": 3, \"diffs\": [], \"errors\": [], \"verdict\": \"ok\"}\n"}
,{"stream_name":"stdout","time":1989.662952446,"data":"{\"op\": \"acos\", \"dtype\": \"complex64\", \"samples\": 3, \"diffs\": [], \"errors\": [], \"verdict\": \"ok\"}\n"}
,{"stream_name":"stdout","time":1989.662956399,"data":"{\"op\": \"acosh\", \"dtype\": \"int64\", \"samples\": 3, \"diffs\": [], \"errors\": [], \"verdict\": \"ok\"}\n"}
,{"stream_name":"stdout","time":1989.66296242,"data":"{\"op\": \"acosh\", \"dtype\": \"float64\", \"samples\": 3, \"diffs\": [{\"i\": 0, \"class\": \"VALUE\", \"detail\": \"inf at [11]: eager 710.4758600739439 compiled inf\", \"repr\": \"SampleInput(input=tensor([2.8547, 1.6300, 4.7313, 4.3150, 4.1236, 3.1573, 2.5904, 2.8737, 3.1552,\\n        8.2804, 7.4783, 1.3041, 6.8567, 5.9100, 3.1884, 3.6384, 3.5146, 2.5823,\\n        6.9913, 6.1933], dtype=torch.float64), args=(), kwargs={}, broadcasts_input=False, name='')\"}], \"errors\": [], \"verdict\": \"DIFF:VALUE\"}\n"}
,{"stream_name":"stdout","time":1989.662972474,"data":"{\"op\": \"acosh\", \"dtype\": \"complex64\", \"samples\": 3, \"diffs\": [], \"errors\": [], \"verdict\": \"ok\"}\n"}
,{"stream_name":"stdout","time":1989.662977547,"data":"{\"op\": \"add\", \"dtype\": \"int64\", \"samples\": 3, \"diffs\": [], \"errors\": [], \"verdict\": \"ok\"}\n"}
,{"stream_name":"stdout","time":1989.662982537,"data":"{\"op\": \"add\", \"dtype\": \"float64\", \"samples\": 3, \"diffs\": [], \"errors\": [], \"verdict\": \"ok\"}\n"}
,{"stream_name":"stdout","time":1989.662987457,"data":"{\"op\": \"add\", \"dtype\": \"complex64\", \"samples\": 3, \"diffs\": [], \"errors\": [], \"verdict\": \"ok\"}\n"}
,{"stream_name":"stdout","time":1989.662991464,"data":"{\"op\": \"item\", \"dtype\": \"int64\", \"samples\": 3, \"diffs\": [], \"errors\": [], \"verdict\": \"ok\"}\n"}
,{"stream_name":"stdout","time":1989.662996497,"data":"{\"op\": \"item\", \"dtype\": \"float64\", \"samples\": 3, \"diffs\": [], \"errors\": [], \"verdict\": \"ok\"}\n"}
,{"stream_name":"stdout","time":1989.663003577,"data":"{\"op\": \"item\", \"dtype\": \"complex64\", \"samples\": 3, \"diffs\": [], \"errors\": [], \"verdict\": \"ok\"}\n"}
,{"stream_name":"stdout","time":1989.663008385,"data":"{\"op\": \"arange\", \"dtype\": \"int64\", \"samples\": 3, \"diffs\": [], \"errors\": [], \"verdict\": \"ok\"}\n"}
,{"stream_name":"stdout","time":1989.663013201,"data":"{\"op\": \"arange\", \"dtype\": \"float64\", \"samples\": 3, \"diffs\": [], \"errors\": [], \"verdict\": \"ok\"}\n"}
,{"stream_name":"stdout","time":1989.663020692,"data":"{\"op\": \"clamp_max\", \"dtype\": \"int64\", \"samples\": 3, \"diffs\": [], \"errors\": [], \"verdict\": \"ok\"}\n"}
,{"stream_name":"stdout","time":1989.66302972,"data":"{\"op\": \"clamp_max\", \"dtype\": \"float64\", \"samples\": 3, \"diffs\": [{\"i\": 1, \"class\": \"SIGNZERO\", \"detail\": \"sign of zero\", \"repr\": \"SampleInput(input=tensor([-4.8270, -7.5824, -0.6047, -1.5412, -1.9719], dtype=torch.float64), args=(tensor(-4.1460, dtype=torch.float64),), kwargs={}, broadcasts_input=False, name='')\"}, {\"i\": 2, \"class\": \"SIGNZERO\", \"detail\": \"sign of zero\", \"repr\": \"SampleInput(input=tensor([[-4.8270],\\n        [-7.5824],\\n        [-0.6047],\\n        [-1.5412],\\n        [-1.9719]], dtype=torch.float64), args=(tensor([-4.1460, -5.4215, -4.7842, -4.1508,  7.3808], dtype=torch.float64),), kwargs={}, broadcasts_input=True, name='')\"}], \"errors\": [], \"verdict\": \"DIFF:SIGNZERO\"}\n"}
,{"stream_name":"stdout","time":1989.663052292,"data":"{\"op\": \"clamp_min\", \"dtype\": \"int64\", \"samples\": 3, \"diffs\": [], \"errors\": [], \"verdict\": \"ok\"}\n"}
,{"stream_name":"stdout","time":1989.66305855,"data":"{\"op\": \"clamp_min\", \"dtype\": \"float64\", \"samples\": 3, \"diffs\": [{\"i\": 1, \"class\": \"SIGNZERO\", \"detail\": \"sign of zero\", \"repr\": \"SampleInput(input=tensor([-4.8270, -7.5824, -0.6047, -1.5412, -1.9719], dtype=torch.float64), args=(tensor(-4.1460, dtype=torch.float64),), kwargs={}, broadcasts_input=False, name='')\"}, {\"i\": 2, \"class\": \"SIGNZERO\", \"detail\": \"sign of zero\", \"repr\": \"SampleInput(input=tensor([[-4.8270],\\n        [-7.5824],\\n        [-0.6047],\\n        [-1.5412],\\n        [-1.9719]], dtype=torch.float64), args=(tensor([-4.1460, -5.4215, -4.7842, -4.1508,  7.3808], dtype=torch.float64),), kwargs={}, broadcasts_input=True, name='')\"}], \"errors\": [], \"verdict\": \"DIFF:SIGNZERO\"}\n"}
,{"stream_name":"stdout","time":1989.663066004,"data":"{\"op\": \"mul\", \"dtype\": \"int64\", \"samples\": 3, \"diffs\": [], \"errors\": [], \"verdict\": \"ok\"}\n"}
,{"stream_name":"stdout","time":1989.663070474,"data":"{\"op\": \"mul\", \"dtype\": \"float64\", \"samples\": 3, \"diffs\": [], \"errors\": [], \"verdict\": \"ok\"}\n"}
,{"stream_name":"stdout","time":1989.66307707,"data":"{\"op\": \"mul\", \"dtype\": \"complex64\", \"samples\": 3, \"diffs\": [], \"errors\": [], \"verdict\": \"ok\"}\n"}
,{"stream_name":"stdout","time":1989.663083047,"data":"{\"op\": \"sub\", \"dtype\": \"int64\", \"samples\": 3, \"diffs\": [], \"errors\": [], \"verdict\": \"ok\"}\n"}
,{"stream_name":"stdout","time":1989.663087163,"data":"{\"op\": \"sub\", \"dtype\": \"float64\", \"samples\": 3, \"diffs\": [], \"errors\": [], \"verdict\": \"ok\"}\n"}
,{"stream_name":"stdout","time":1989.663092386,"data":"{\"op\": \"sub\", \"dtype\": \"complex64\", \"samples\": 3, \"diffs\": [], \"errors\": [], \"verdict\": \"ok\"}\n"}
,{"stream_name":"stdout","time":1989.663096884,"data":"{\"op\": \"addmm\", \"dtype\": \"int64\", \"samples\": 3, \"diffs\": [], \"errors\": [], \"verdict\": \"ok\"}\n"}
,{"stream_name":"stdout","time":1989.66310168,"data":"{\"op\": \"addmm\", \"dtype\": \"float64\", \"samples\": 3, \"diffs\": [], \"errors\": [], \"verdict\": \"ok\"}\n"}
,{"stream_name":"stdout","time":1989.663106154,"data":"{\"op\": \"addmm\", \"dtype\": \"complex64\", \"samples\": 3, \"diffs\": [], \"errors\": [], \"verdict\": \"ok\"}\n"}
,{"stream_name":"stdout","time":1989.663112435,"data":"{\"op\": \"addmm\", \"dtype\": \"int64\", \"samples\": 3, \"diffs\": [], \"errors\": [], \"verdict\": \"ok\"}\n"}
,{"stream_name":"stdout","time":1989.663117586,"data":"{\"op\": \"addmm\", \"dtype\": \"float64\", \"samples\": 3, \"diffs\": [], \"errors\": [], \"verdict\": \"ok\"}\n"}
,{"stream_name":"stdout","time":1989.663122404,"data":"{\"op\": \"addmm\", \"dtype\": \"complex64\", \"samples\": 3, \"diffs\": [], \"errors\": [], \"verdict\": \"ok\"}\n"}
,{"stream_name":"stdout","time":1989.663126605,"data":"{\"op\": \"addmv\", \"dtype\": \"int64\", \"samples\": 3, \"diffs\": [], \"errors\": [], \"verdict\": \"ok\"}\n"}
,{"stream_name":"stdout","time":1989.663131885,"data":"{\"op\": \"addmv\", \"dtype\": \"float64\", \"samples\": 3, \"diffs\": [], \"errors\": [], \"verdict\": \"ok\"}\n"}
,{"stream_name":"stdout","time":1989.663137734,"data":"{\"op\": \"addmv\", \"dtype\": \"complex64\", \"samples\": 3, \"diffs\": [], \"errors\": [], \"verdict\": \"ok\"}\n"}
,{"stream_name":"stdout","time":1989.66314704,"data":"{\"op\": \"addbmm\", \"dtype\": \"int64\", \"samples\": 3, \"diffs\": [], \"errors\": [], \"verdict\": \"ok\"}\n"}
,{"stream_name":"stdout","time":1989.663151718,"data":"{\"op\": \"addbmm\", \"dtype\": \"float64\", \"samples\": 3, \"diffs\": [], \"errors\": [], \"verdict\": \"ok\"}\n"}
,{"stream_name":"stdout","time":1989.663156484,"data":"{\"op\": \"addbmm\", \"dtype\": \"complex64\", \"samples\": 3, \"diffs\": [], \"errors\": [], \"verdict\": \"ok\"}\n"}
,{"stream_name":"stdout","time":1989.663161412,"data":"{\"op\": \"baddbmm\", \"dtype\": \"int64\", \"samples\": 3, \"diffs\": [], \"errors\": [], \"verdict\": \"ok\"}\n"}
,{"stream_name":"stdout","time":1989.663234027,"data":"{\"op\": \"baddbmm\", \"dtype\": \"float64\", \"samples\": 3, \"diffs\": [], \"errors\": [], \"verdict\": \"ok\"}\n"}
,{"stream_name":"stdout","time":1989.663243475,"data":"{\"op\": \"baddbmm\", \"dtype\": \"complex64\", \"samples\": 3, \"diffs\": [], \"errors\": [], \"verdict\": \"ok\"}\n"}
,{"stream_name":"stdout","time":1989.663249017,"data":"{\"op\": \"dot\", \"dtype\": \"int64\", \"samples\": 1, \"diffs\": [], \"errors\": [], \"verdict\": \"ok\"}\n"}
,{"stream_name":"stdout","time":1989.663253923,"data":"{\"op\": \"dot\", \"dtype\": \"float64\", \"samples\": 1, \"diffs\": [], \"errors\": [], \"verdict\": \"ok\"}\n"}
,{"stream_name":"stdout","time":1989.663259453,"data":"{\"op\": \"dot\", \"dtype\": \"complex64\", \"samples\": 2, \"diffs\": [], \"errors\": [], \"verdict\": \"ok\"}\n"}
,{"stream_name":"stdout","time":1989.663265239,"data":"{\"op\": \"vdot\", \"dtype\": \"int64\", \"samples\": 1, \"diffs\": [], \"errors\": [], \"verdict\": \"ok\"}\n"}
,{"stream_name":"stdout","time":1989.663269424,"data":"{\"op\": \"vdot\", \"dtype\": \"float64\", \"samples\": 1, \"diffs\": [], \"errors\": [], \"verdict\": \"ok\"}\n"}
,{"stream_name":"stdout","time":1989.663274379,"data":"{\"op\": \"vdot\", \"dtype\": \"complex64\", \"samples\": 2, \"diffs\": [], \"errors\": [], \"verdict\": \"ok\"}\n"}
,{"stream_name":"stdout","time":1989.663282631,"data":"{\"op\": \"bmm\", \"dtype\": \"int64\", \"samples\": 1, \"diffs\": [], \"errors\": [], \"verdict\": \"ok\"}\n"}
,{"stream_name":"stdout","time":1989.663288725,"data":"{\"op\": \"bmm\", \"dtype\": \"float64\", \"samples\": 1, \"diffs\": [], \"errors\": [], \"verdict\": \"ok\"}\n"}
,{"stream_name":"stdout","time":1989.663293253,"data":"{\"op\": \"bmm\", \"dtype\": \"complex64\", \"samples\": 1, \"diffs\": [], \"errors\": [], \"verdict\": \"ok\"}\n"}
,{"stream_name":"stdout","time":1989.663298109,"data":"{\"op\": \"mv\", \"dtype\": \"int64\", \"samples\": 1, \"diffs\": [], \"errors\": [], \"verdict\": \"ok\"}\n"}
,{"stream_name":"stdout","time":1989.663302397,"data":"{\"op\": \"mv\", \"dtype\": \"float64\", \"samples\": 1, \"diffs\": [], \"errors\": [], \"verdict\": \"ok\"}\n"}
,{"stream_name":"stdout","time":1989.66330646,"data":"{\"op\": \"mv\", \"dtype\": \"complex64\", \"samples\": 1, \"diffs\": [], \"errors\": [], \"verdict\": \"ok\"}\n"}
,{"stream_name":"stdout","time":1989.663310652,"data":"{\"op\": \"addr\", \"dtype\": \"int64\", \"samples\": 3, \"diffs\": [], \"errors\": [], \"verdict\": \"ok\"}\n"}
,{"stream_name":"stdout","time":1989.663315565,"data":"{\"op\": \"addr\", \"dtype\": \"float64\", \"samples\": 3, \"diffs\": [], \"errors\": [], \"verdict\": \"ok\"}\n"}
,{"stream_name":"stdout","time":1989.663321998,"data":"{\"op\": \"addr\", \"dtype\": \"complex64\", \"samples\": 3, \"diffs\": [], \"errors\": [\"compile InductorError\"], \"verdict\": \"ok\"}\n"}
,{"stream_name":"stdout","time":1989.663327628,"data":"{\"op\": \"addcmul\", \"dtype\": \"int64\", \"samples\": 3, \"diffs\": [], \"errors\": [], \"verdict\": \"ok\"}\n"}
,{"stream_name":"stdout","time":1989.663332082,"data":"{\"op\": \"addcmul\", \"dtype\": \"float64\", \"samples\": 3, \"diffs\": [], \"errors\": [], \"verdict\": \"ok\"}\n"}
,{"stream_name":"stdout","time":1989.663343518,"data":"{\"op\": \"addcmul\", \"dtype\": \"complex64\", \"samples\": 3, \"diffs\": [], \"errors\": [], \"verdict\": \"ok\"}\n"}
,{"stream_name":"stdout","time":1989.663349229,"data":"{\"op\": \"addcdiv\", \"dtype\": \"float64\", \"samples\": 3, \"diffs\": [{\"i\": 1, \"class\": \"VALUE\", \"detail\": \"inf at [2, 1]: eager inf compiled 1.7976931348623157e+308\", \"repr\": \"SampleInput(input=tensor([[-4.8270, -7.5824, -0.6047, -1.5412, -1.9719],\\n        [-4.1460, -5.4215, -4.7842, -4.1508,  7.3808],\\n        [ 5.5761, -8.3157,  4.1776,  2.0474, -4.0760],\\n        [-3.0637, -3.3422, -5.4398,  4.4805,  2.6850],\\n        [-3.8432, -3.0355, -2.1461, -2.6718, -7.7232]], dtype=\"}], \"errors\": [], \"verdict\": \"DIFF:VALUE\"}\n"}
,{"stream_name":"stdout","time":1989.663355932,"data":"{\"op\": \"addcdiv\", \"dtype\": \"complex64\", \"samples\": 3, \"diffs\": [], \"errors\": [], \"verdict\": \"ok\"}\n"}
,{"stream_name":"stdout","time":1989.663360217,"data":"{\"op\": \"asin\", \"dtype\": \"int64\", \"samples\": 1, \"diffs\": [], \"errors\": [], \"verdict\": \"ok\"}\n"}
,{"stream_name":"stdout","time":1989.663366323,"data":"{\"op\": \"asin\", \"dtype\": \"float64\", \"samples\": 1, \"diffs\": [], \"errors\": [], \"verdict\": \"ok\"}\n"}
,{"stream_name":"stdout","time":1989.663371299,"data":"{\"op\": \"asin\", \"dtype\": \"complex64\", \"samples\": 1, \"diffs\": [], \"errors\": [], \"verdict\": \"ok\"}\n"}
,{"stream_name":"stdout","time":1989.66337645,"data":"{\"op\": \"asinh\", \"dtype\": \"int64\", \"samples\": 1, \"diffs\": [], \"errors\": [], \"verdict\": \"ok\"}\n"}
,{"stream_name":"stdout","time":1989.66338112,"data":"{\"op\": \"asinh\", \"dtype\": \"float64\", \"samples\": 1, \"diffs\": [], \"errors\": [], \"verdict\": \"ok\"}\n"}
,{"stream_name":"stdout","time":1989.663385931,"data":"{\"op\": \"asinh\", \"dtype\": \"complex64\", \"samples\": 1, \"diffs\": [], \"errors\": [], \"verdict\": \"ok\"}\n"}
,{"stream_name":"stdout","time":1989.663390571,"data":"{\"op\": \"atan\", \"dtype\": \"int64\", \"samples\": 1, \"diffs\": [], \"errors\": [], \"verdict\": \"ok\"}\n"}
,{"stream_name":"stdout","time":1989.66339507,"data":"{\"op\": \"atan\", \"dtype\": \"float64\", \"samples\": 1, \"diffs\": [], \"errors\": [], \"verdict\": \"ok\"}\n"}
,{"stream_name":"stdout","time":1989.663399709,"data":"{\"op\": \"atan\", \"dtype\": \"complex64\", \"samples\": 1, \"diffs\": [], \"errors\": [], \"verdict\": \"ok\"}\n"}
,{"stream_name":"stdout","time":1989.663406278,"data":"{\"op\": \"atan2\", \"dtype\": \"int64\", \"samples\": 3, \"diffs\": [], \"errors\": [], \"verdict\": \"ok\"}\n"}
,{"stream_name":"stdout","time":1989.663411171,"data":"{\"op\": \"atan2\", \"dtype\": \"float64\", \"samples\": 3, \"diffs\": [], \"errors\": [], \"verdict\": \"ok\"}\n"}
,{"stream_name":"stdout","time":1989.663416149,"data":"{\"op\": \"atanh\", \"dtype\": \"int64\", \"samples\": 1, \"diffs\": [], \"errors\": [], \"verdict\": \"ok\"}\n"}
,{"stream_name":"stdout","time":1989.663421086,"data":"{\"op\": \"atanh\", \"dtype\": \"float64\", \"samples\": 1, \"diffs\": [{\"i\": 0, \"class\": \"SIGNZERO\", \"detail\": \"sign of zero\", \"repr\": \"SampleInput(input=tensor([[-0.5363, -0.8425, -0.0672, -0.1712, -0.2191, -0.4607, -0.6024, -0.5316,\\n         -0.4612,  0.8201,  0.6196, -0.9240,  0.4642,  0.2275, -0.4529, -0.3404,\\n         -0.3713, -0.6044,  0.4978,  0.2983],\\n        [-0.4270, -0.3373, -0.2385, -0.2969, -0.8581, -0.9551, -0.0582, -0\"}], \"errors\": [], \"verdict\": \"DIFF:SIGNZERO\"}\n"}
,{"stream_name":"stdout","time":1989.663430044,"data":"{\"op\": \"atanh\", \"dtype\": \"complex64\", \"samples\": 1, \"diffs\": [], \"errors\": [], \"verdict\": \"ok\"}\n"}
,{"stream_name":"stdout","time":1989.663435377,"data":"{\"op\": \"allclose\", \"dtype\": \"float64\", \"samples\": 3, \"diffs\": [], \"errors\": [], \"verdict\": \"ok\"}\n"}
,{"stream_name":"stdout","time":1989.66344474,"data":"{\"op\": \"allclose\", \"dtype\": \"complex64\", \"samples\": 3, \"diffs\": [], \"errors\": [], \"verdict\": \"ok\"}\n"}
,{"stream_name":"stdout","time":1989.663449586,"data":"{\"op\": \"broadcast_to\", \"dtype\": \"int64\", \"samples\": 3, \"diffs\": [], \"errors\": [], \"verdict\": \"ok\"}\n"}
,{"stream_name":"stdout","time":1989.663456692,"data":"{\"op\": \"broadcast_to\", \"dtype\": \"float64\", \"samples\": 3, \"diffs\": [], \"errors\": [], \"verdict\": \"ok\"}\n"}
,{"stream_name":"stdout","time":1989.663461965,"data":"{\"op\": \"broadcast_to\", \"dtype\": \"complex64\", \"samples\": 3, \"diffs\": [], \"errors\": [], \"verdict\": \"ok\"}\n"}
,{"stream_name":"stdout","time":1989.663466568,"data":"{\"op\": \"broadcast_tensors\", \"dtype\": \"int64\", \"samples\": 1, \"diffs\": [], \"errors\": [], \"verdict\": \"ok\"}\n"}
,{"stream_name":"stdout","time":1989.663471036,"data":"{\"op\": \"broadcast_tensors\", \"dtype\": \"float64\", \"samples\": 1, \"diffs\": [], \"errors\": [], \"verdict\": \"ok\"}\n"}
,{"stream_name":"stdout","time":1989.663476317,"data":"{\"op\": \"broadcast_tensors\", \"dtype\": \"complex64\", \"samples\": 1, \"diffs\": [], \"errors\": [], \"verdict\": \"ok\"}\n"}
,{"stream_name":"stdout","time":1989.663483398,"data":"{\"op\": \"block_diag\", \"dtype\": \"int64\", \"samples\": 3, \"diffs\": [], \"errors\": [], \"verdict\": \"ok\"}\n"}
,{"stream_name":"stdout","time":1989.663487992,"data":"{\"op\": \"block_diag\", \"dtype\": \"float64\", \"samples\": 3, \"diffs\": [], \"errors\": [], \"verdict\": \"ok\"}\n"}
,{"stream_name":"stdout","time":1989.663492444,"data":"{\"op\": \"block_diag\", \"dtype\": \"complex64\", \"samples\": 3, \"diffs\": [], \"errors\": [], \"verdict\": \"ok\"}\n"}
,{"stream_name":"stdout","time":1989.663497114,"data":"{\"op\": \"bitwise_not\", \"dtype\": \"int64\", \"samples\": 3, \"diffs\": [], \"errors\": [], \"verdict\": \"ok\"}\n"}
,{"stream_name":"stdout","time":1989.663502867,"data":"{\"op\": \"bitwise_left_shift\", \"dtype\": \"int64\", \"samples\": 3, \"diffs\": [], \"errors\": [], \"verdict\": \"ok\"}\n"}
,{"stream_name":"stdout","time":1989.663508338,"data":"{\"op\": \"bitwise_right_shift\", \"dtype\": \"int64\", \"samples\": 3, \"diffs\": [], \"errors\": [], \"verdict\": \"ok\"}\n"}
,{"stream_name":"stdout","time":1989.663513319,"data":"{\"op\": \"combinations\", \"dtype\": \"int64\", \"samples\": 3, \"diffs\": [], \"errors\": [], \"verdict\": \"ok\"}\n"}
,{"stream_name":"stdout","time":1989.663517778,"data":"{\"op\": \"combinations\", \"dtype\": \"float64\", \"samples\": 3, \"diffs\": [], \"errors\": [], \"verdict\": \"ok\"}\n"}
,{"stream_name":"stdout","time":1989.663522545,"data":"{\"op\": \"combinations\", \"dtype\": \"complex64\", \"samples\": 3, \"diffs\": [], \"errors\": [], \"verdict\": \"ok\"}\n"}
,{"stream_name":"stdout","time":1989.663527153,"data":"{\"op\": \"cartesian_prod\", \"dtype\": \"int64\", \"samples\": 3, \"diffs\": [], \"errors\": [], \"verdict\": \"ok\"}\n"}
,{"stream_name":"stdout","time":1989.663531246,"data":"{\"op\": \"cartesian_prod\", \"dtype\": \"float64\", \"samples\": 3, \"diffs\": [], \"errors\": [], \"verdict\": \"ok\"}\n"}
,{"stream_name":"stdout","time":1989.66353756,"data":"{\"op\": \"cartesian_prod\", \"dtype\": \"complex64\", \"samples\": 3, \"diffs\": [], \"errors\": [], \"verdict\": \"ok\"}\n"}
,{"stream_name":"stdout","time":1989.663543209,"data":"{\"op\": \"cdist\", \"dtype\": \"float64\", \"samples\": 3, \"diffs\": [], \"errors\": [], \"verdict\": \"ok\"}\n"}
,{"stream_name":"stdout","time":1989.663547628,"data":"{\"op\": \"ceil\", \"dtype\": \"int64\", \"samples\": 1, \"diffs\": [], \"errors\": [], \"verdict\": \"ok\"}\n"}
,{"stream_name":"stdout","time":1989.663552292,"data":"{\"op\": \"ceil\", \"dtype\": \"float64\", \"samples\": 1, \"diffs\": [], \"errors\": [], \"verdict\": \"ok\"}\n"}
,{"stream_name":"stdout","time":1989.663562481,"data":"{\"op\": \"chunk\", \"dtype\": \"int64\", \"samples\": 3, \"diffs\": [], \"errors\": [], \"verdict\": \"ok\"}\n"}
,{"stream_name":"stdout","time":1989.663568085,"data":"{\"op\": \"chunk\", \"dtype\": \"float64\", \"samples\": 3, \"diffs\": [], \"errors\": [], \"verdict\": \"ok\"}\n"}
,{"stream_name":"stdout","time":1989.663572872,"data":"{\"op\": \"chunk\", \"dtype\": \"complex64\", \"samples\": 3, \"diffs\": [], \"errors\": [], \"verdict\": \"ok\"}\n"}
,{"stream_name":"stdout","time":1989.66357802,"data":"{\"op\": \"unsafe_chunk\", \"dtype\": \"int64\", \"samples\": 3, \"diffs\": [], \"errors\": [], \"verdict\": \"ok\"}\n"}
,{"stream_name":"stdout","time":1989.663583719,"data":"{\"op\": \"unsafe_chunk\", \"dtype\": \"float64\", \"samples\": 3, \"diffs\": [], \"errors\": [], \"verdict\": \"ok\"}\n"}
,{"stream_name":"stdout","time":1989.663590982,"data":"{\"op\": \"unsafe_chunk\", \"dtype\": \"complex64\", \"samples\": 3, \"diffs\": [], \"errors\": [], \"verdict\": \"ok\"}\n"}
,{"stream_name":"stdout","time":1989.663595717,"data":"{\"op\": \"clone\", \"dtype\": \"int64\", \"samples\": 2, \"diffs\": [], \"errors\": [], \"verdict\": \"ok\"}\n"}
,{"stream_name":"stdout","time":1989.663600262,"data":"{\"op\": \"clone\", \"dtype\": \"float64\", \"samples\": 2, \"diffs\": [], \"errors\": [], \"verdict\": \"ok\"}\n"}
,{"stream_name":"stdout","time":1989.663604798,"data":"{\"op\": \"clone\", \"dtype\": \"complex64\", \"samples\": 2, \"diffs\": [], \"errors\": [], \"verdict\": \"ok\"}\n"}
,{"stream_name":"stdout","time":1989.663609548,"data":"{\"op\": \"contiguous\", \"dtype\": \"int64\", \"samples\": 2, \"diffs\": [], \"errors\": [], \"verdict\": \"ok\"}\n"}
,{"stream_name":"stdout","time":1989.66361455,"data":"{\"op\": \"contiguous\", \"dtype\": \"float64\", \"samples\": 2, \"diffs\": [], \"errors\": [], \"verdict\": \"ok\"}\n"}
,{"stream_name":"stdout","time":1989.663619972,"data":"{\"op\": \"contiguous\", \"dtype\": \"complex64\", \"samples\": 2, \"diffs\": [], \"errors\": [], \"verdict\": \"ok\"}\n"}
,{"stream_name":"stdout","time":1989.663624902,"data":"{\"op\": \"sum_to_size\", \"dtype\": \"int64\", \"samples\": 3, \"diffs\": [], \"errors\": [], \"verdict\": \"ok\"}\n"}
,{"stream_name":"stdout","time":1989.663629219,"data":"{\"op\": \"sum_to_size\", \"dtype\": \"float64\", \"samples\": 3, \"diffs\": [], \"errors\": [], \"verdict\": \"ok\"}\n"}
,{"stream_name":"stdout","time":1989.663633865,"data":"{\"op\": \"sum_to_size\", \"dtype\": \"complex64\", \"samples\": 3, \"diffs\": [], \"errors\": [], \"verdict\": \"ok\"}\n"}
,{"stream_name":"stdout","time":1989.663640901,"data":"{\"op\": \"clamp\", \"dtype\": \"int64\", \"samples\": 3, \"diffs\": [], \"errors\": [], \"verdict\": \"ok\"}\n"}
,{"stream_name":"stdout","time":1989.663645852,"data":"{\"op\": \"clamp\", \"dtype\": \"float64\", \"samples\": 3, \"diffs\": [], \"errors\": [], \"verdict\": \"ok\"}\n"}
,{"stream_name":"stdout","time":1989.663650738,"data":"{\"op\": \"positive\", \"dtype\": \"int64\", \"samples\": 1, \"diffs\": [], \"errors\": [], \"verdict\": \"ok\"}\n"}
,{"stream_name":"stdout","time":1989.663655065,"data":"{\"op\": \"positive\", \"dtype\": \"float64\", \"samples\": 1, \"diffs\": [], \"errors\": [], \"verdict\": \"ok\"}\n"}
,{"stream_name":"stdout","time":1989.663661646,"data":"{\"op\": \"positive\", \"dtype\": \"complex64\", \"samples\": 1, \"diffs\": [], \"errors\": [], \"verdict\": \"ok\"}\n"}
,{"stream_name":"stdout","time":1989.663666909,"data":"{\"op\": \"conj\", \"dtype\": \"int64\", \"samples\": 3, \"diffs\": [], \"errors\": [], \"verdict\": \"ok\"}\n"}
,{"stream_name":"stdout","time":1989.663671395,"data":"{\"op\": \"conj\", \"dtype\": \"float64\", \"samples\": 3, \"diffs\": [], \"errors\": [], \"verdict\": \"ok\"}\n"}
,{"stream_name":"stdout","time":1989.663741621,"data":"{\"op\": \"conj\", \"dtype\": \"complex64\", \"samples\": 3, \"diffs\": [], \"errors\": [], \"verdict\": \"ok\"}\n"}
,{"stream_name":"stdout","time":1989.663756923,"data":"{\"op\": \"conj_physical\", \"dtype\": \"int64\", \"samples\": 1, \"diffs\": [], \"errors\": [], \"verdict\": \"ok\"}\n"}
,{"stream_name":"stdout","time":1989.663762913,"data":"{\"op\": \"conj_physical\", \"dtype\": \"float64\", \"samples\": 1, \"diffs\": [], \"errors\": [], \"verdict\": \"ok\"}\n"}
,{"stream_name":"stdout","time":1989.663769077,"data":"{\"op\": \"conj_physical\", \"dtype\": \"complex64\", \"samples\": 1, \"diffs\": [], \"errors\": [], \"verdict\": \"ok\"}\n"}
,{"stream_name":"stdout","time":1989.663774464,"data":"{\"op\": \"view_as_real\", \"dtype\": \"complex64\", \"samples\": 2, \"diffs\": [], \"errors\": [], \"verdict\": \"ok\"}\n"}
,{"stream_name":"stdout","time":1989.663780545,"data":"{\"op\": \"view_as_complex\", \"dtype\": \"float64\", \"samples\": 1, \"diffs\": [], \"errors\": [], \"verdict\": \"ok\"}\n"}
,{"stream_name":"stdout","time":1989.663786382,"data":"{\"op\": \"complex\", \"dtype\": \"float64\", \"samples\": 3, \"diffs\": [], \"errors\": [], \"verdict\": \"ok\"}\n"}
,{"stream_name":"stdout","time":1989.663790938,"data":"{\"op\": \"copysign\", \"dtype\": \"int64\", \"samples\": 3, \"diffs\": [], \"errors\": [], \"verdict\": \"ok\"}\n"}
,{"stream_name":"stdout","time":1989.663795774,"data":"{\"op\": \"copysign\", \"dtype\": \"float64\", \"samples\": 3, \"diffs\": [], \"errors\": [], \"verdict\": \"ok\"}\n"}
,{"stream_name":"stdout","time":1989.663829648,"data":"{\"op\": \"corrcoef\", \"dtype\": \"int64\", \"samples\": 3, \"diffs\": [], \"errors\": [], \"verdict\": \"ok\"}\n"}
,{"stream_name":"stdout","time":1989.663837109,"data":"{\"op\": \"corrcoef\", \"dtype\": \"float64\", \"samples\": 3, \"diffs\": [], \"errors\": [], \"verdict\": \"ok\"}\n"}
,{"stream_name":"stdout","time":1989.663842646,"data":"{\"op\": \"corrcoef\", \"dtype\": \"complex64\", \"samples\": 3, \"diffs\": [], \"errors\": [], \"verdict\": \"ok\"}\n"}
,{"stream_name":"stdout","time":1989.663847484,"data":"{\"op\": \"cos\", \"dtype\": \"int64\", \"samples\": 3, \"diffs\": [], \"errors\": [], \"verdict\": \"ok\"}\n"}
,{"stream_name":"stdout","time":1989.663851615,"data":"{\"op\": \"cos\", \"dtype\": \"float64\", \"samples\": 3, \"diffs\": [], \"errors\": [], \"verdict\": \"ok\"}\n"}
,{"stream_name":"stdout","time":1989.663856832,"data":"{\"op\": \"cos\", \"dtype\": \"complex64\", \"samples\": 3, \"diffs\": [], \"errors\": [], \"verdict\": \"ok\"}\n"}
,{"stream_name":"stdout","time":1989.663861189,"data":"{\"op\": \"cosh\", \"dtype\": \"int64\", \"samples\": 3, \"diffs\": [], \"errors\": [], \"verdict\": \"ok\"}\n"}
,{"stream_name":"stdout","time":1989.663865558,"data":"{\"op\": \"cosh\", \"dtype\": \"float64\", \"samples\": 3, \"diffs\": [], \"errors\": [], \"verdict\": \"ok\"}\n"}
,{"stream_name":"stdout","time":1989.663870468,"data":"{\"op\": \"cosh\", \"dtype\": \"complex64\", \"samples\": 3, \"diffs\": [], \"errors\": [], \"verdict\": \"ok\"}\n"}
,{"stream_name":"stdout","time":1989.663875468,"data":"{\"op\": \"cov\", \"dtype\": \"int64\", \"samples\": 3, \"diffs\": [], \"errors\": [], \"verdict\": \"ok\"}\n"}
,{"stream_name":"stdout","time":1989.663882195,"data":"{\"op\": \"cov\", \"dtype\": \"float64\", \"samples\": 3, \"diffs\": [], \"errors\": [], \"verdict\": \"ok\"}\n"}
,{"stream_name":"stdout","time":1989.663887032,"data":"{\"op\": \"cov\", \"dtype\": \"complex64\", \"samples\": 3, \"diffs\": [], \"errors\": [], \"verdict\": \"ok\"}\n"}
,{"stream_name":"stdout","time":1989.663907671,"data":"{\"op\": \"cross\", \"dtype\": \"int64\", \"samples\": 3, \"diffs\": [], \"errors\": [], \"verdict\": \"ok\"}\n"}
,{"stream_name":"stdout","time":1989.663921929,"data":"{\"op\": \"cross\", \"dtype\": \"float64\", \"samples\": 3, \"diffs\": [{\"i\": 1, \"class\": \"VALUE\", \"detail\": \"nan pattern at [0, 0, 1]: eager -inf compiled nan\", \"repr\": \"SampleInput(input=tensor([[[-4.8270, -7.5824, -0.6047, -1.5412, -1.9719],\\n         [-4.1460, -5.4215, -4.7842, -4.1508,  7.3808],\\n         [ 5.5761, -8.3157,  4.1776,  2.0474, -4.0760]],\\n\\n        [[-3.0637, -3.3422, -5.4398,  4.4805,  2.6850],\\n         [-3.8432, -3.0355, -2.1461, -2.6718, -7.7232],\\n\"}], \"errors\": [], \"verdict\": \"DIFF:VALUE\"}\n"}
,{"stream_name":"stdout","time":1989.663931556,"data":"{\"op\": \"cross\", \"dtype\": \"complex64\", \"samples\": 3, \"diffs\": [], \"errors\": [], \"verdict\": \"ok\"}\n"}
,{"stream_name":"stdout","time":1989.66393687,"data":"{\"op\": \"cumsum\", \"dtype\": \"int64\", \"samples\": 3, \"diffs\": [], \"errors\": [], \"verdict\": \"ok\"}\n"}
,{"stream_name":"stdout","time":1989.663941145,"data":"{\"op\": \"cumsum\", \"dtype\": \"float64\", \"samples\": 3, \"diffs\": [], \"errors\": [], \"verdict\": \"ok\"}\n"}
,{"stream_name":"stdout","time":1989.663945975,"data":"{\"op\": \"cumsum\", \"dtype\": \"complex64\", \"samples\": 3, \"diffs\": [], \"errors\": [], \"verdict\": \"ok\"}\n"}
,{"stream_name":"stdout","time":1989.663949812,"data":"{\"op\": \"cumprod\", \"dtype\": \"int64\", \"samples\": 3, \"diffs\": [], \"errors\": [], \"verdict\": \"ok\"}\n"}
,{"stream_name":"stdout","time":1989.663954437,"data":"{\"op\": \"cumprod\", \"dtype\": \"float64\", \"samples\": 3, \"diffs\": [], \"errors\": [], \"verdict\": \"ok\"}\n"}
,{"stream_name":"stdout","time":1989.663961209,"data":"{\"op\": \"cumprod\", \"dtype\": \"complex64\", \"samples\": 3, \"diffs\": [], \"errors\": [], \"verdict\": \"ok\"}\n"}
,{"stream_name":"stdout","time":1989.663965899,"data":"{\"op\": \"cummax\", \"dtype\": \"int64\", \"samples\": 3, \"diffs\": [], \"errors\": [], \"verdict\": \"ok\"}\n"}
,{"stream_name":"stdout","time":1989.66397014,"data":"{\"op\": \"cummax\", \"dtype\": \"float64\", \"samples\": 3, \"diffs\": [], \"errors\": [], \"verdict\": \"ok\"}\n"}
,{"stream_name":"stdout","time":1989.663974751,"data":"{\"op\": \"cummin\", \"dtype\": \"int64\", \"samples\": 3, \"diffs\": [], \"errors\": [], \"verdict\": \"ok\"}\n"}
,{"stream_name":"stdout","time":1989.663979263,"data":"{\"op\": \"cummin\", \"dtype\": \"float64\", \"samples\": 3, \"diffs\": [], \"errors\": [], \"verdict\": \"ok\"}\n"}
,{"stream_name":"stdout","time":1989.663985998,"data":"{\"op\": \"deg2rad\", \"dtype\": \"int64\", \"samples\": 1, \"diffs\": [], \"errors\": [], \"verdict\": \"ok\"}\n"}
,{"stream_name":"stdout","time":1989.663991969,"data":"{\"op\": \"deg2rad\", \"dtype\": \"float64\", \"samples\": 1, \"diffs\": [], \"errors\": [], \"verdict\": \"ok\"}\n"}
,{"stream_name":"stdout","time":1989.663996772,"data":"{\"op\": \"diff\", \"dtype\": \"int64\", \"samples\": 3, \"diffs\": [], \"errors\": [], \"verdict\": \"ok\"}\n"}
,{"stream_name":"stdout","time":1989.664001404,"data":"{\"op\": \"diff\", \"dtype\": \"float64\", \"samples\": 3, \"diffs\": [], \"errors\": [], \"verdict\": \"ok\"}\n"}
,{"stream_name":"stdout","time":1989.664005675,"data":"{\"op\": \"diff\", \"dtype\": \"complex64\", \"samples\": 3, \"diffs\": [], \"errors\": [], \"verdict\": \"ok\"}\n"}
,{"stream_name":"stdout","time":1989.664010339,"data":"{\"op\": \"div\", \"dtype\": \"int64\", \"samples\": 3, \"diffs\": [], \"errors\": [], \"verdict\": \"ok\"}\n"}
,{"stream_name":"stdout","time":1989.664014559,"data":"{\"op\": \"div\", \"dtype\": \"float64\", \"samples\": 3, \"diffs\": [], \"errors\": [], \"verdict\": \"ok\"}\n"}
,{"stream_name":"stdout","time":1989.664020457,"data":"{\"op\": \"div\", \"dtype\": \"complex64\", \"samples\": 3, \"diffs\": [], \"errors\": [], \"verdict\": \"ok\"}\n"}
,{"stream_name":"stdout","time":1989.664031366,"data":"{\"op\": \"true_divide\", \"dtype\": \"int64\", \"samples\": 3, \"diffs\": [], \"errors\": [], \"verdict\": \"ok\"}\n"}
,{"stream_name":"stdout","time":1989.664035739,"data":"{\"op\": \"true_divide\", \"dtype\": \"float64\", \"samples\": 3, \"diffs\": [], \"errors\": [], \"verdict\": \"ok\"}\n"}
,{"stream_name":"stdout","time":1989.664039881,"data":"{\"op\": \"true_divide\", \"dtype\": \"complex64\", \"samples\": 3, \"diffs\": [], \"errors\": [], \"verdict\": \"ok\"}\n"}
,{"stream_name":"stdout","time":1989.664045746,"data":"{\"op\": \"equal\", \"dtype\": \"int64\", \"samples\": 3, \"diffs\": [], \"errors\": [], \"verdict\": \"ok\"}\n"}
,{"stream_name":"stdout","time":1989.66405189,"data":"{\"op\": \"equal\", \"dtype\": \"float64\", \"samples\": 3, \"diffs\": [], \"errors\": [], \"verdict\": \"ok\"}\n"}
,{"stream_name":"stdout","time":1989.664056641,"data":"{\"op\": \"equal\", \"dtype\": \"complex64\", \"samples\": 3, \"diffs\": [], \"errors\": [], \"verdict\": \"ok\"}\n"}
,{"stream_name":"stdout","time":1989.664061262,"data":"{\"op\": \"exp\", \"dtype\": \"int64\", \"samples\": 3, \"diffs\": [], \"errors\": [], \"verdict\": \"ok\"}\n"}
,{"stream_name":"stdout","time":1989.664065575,"data":"{\"op\": \"exp\", \"dtype\": \"float64\", \"samples\": 3, \"diffs\": [], \"errors\": [], \"verdict\": \"ok\"}\n"}
,{"stream_name":"stdout","time":1989.664070388,"data":"{\"op\": \"exp\", \"dtype\": \"complex64\", \"samples\": 3, \"diffs\": [], \"errors\": [], \"verdict\": \"ok\"}\n"}
,{"stream_name":"stdout","time":1989.664076056,"data":"{\"op\": \"expand\", \"dtype\": \"int64\", \"samples\": 3, \"diffs\": [], \"errors\": [], \"verdict\": \"ok\"}\n"}
,{"stream_name":"stdout","time":1989.664081918,"data":"{\"op\": \"expand\", \"dtype\": \"float64\", \"samples\": 3, \"diffs\": [], \"errors\": [], \"verdict\": \"ok\"}\n"}
,{"stream_name":"stdout","time":1989.664086453,"data":"{\"op\": \"expand\", \"dtype\": \"complex64\", \"samples\": 3, \"diffs\": [], \"errors\": [], \"verdict\": \"ok\"}\n"}
,{"stream_name":"stdout","time":1989.664091125,"data":"{\"op\": \"expand_as\", \"dtype\": \"int64\", \"samples\": 3, \"diffs\": [], \"errors\": [], \"verdict\": \"ok\"}\n"}
,{"stream_name":"stdout","time":1989.664096145,"data":"{\"op\": \"expand_as\", \"dtype\": \"float64\", \"samples\": 3, \"diffs\": [], \"errors\": [], \"verdict\": \"ok\"}\n"}
,{"stream_name":"stdout","time":1989.664100692,"data":"{\"op\": \"expand_as\", \"dtype\": \"complex64\", \"samples\": 3, \"diffs\": [], \"errors\": [], \"verdict\": \"ok\"}\n"}
,{"stream_name":"stdout","time":1989.664107057,"data":"{\"op\": \"expand_copy\", \"dtype\": \"int64\", \"samples\": 3, \"diffs\": [], \"errors\": [], \"verdict\": \"ok\"}\n"}
,{"stream_name":"stdout","time":1989.664112237,"data":"{\"op\": \"expand_copy\", \"dtype\": \"float64\", \"samples\": 3, \"diffs\": [], \"errors\": [], \"verdict\": \"ok\"}\n"}
,{"stream_name":"stdout","time":1989.664116339,"data":"{\"op\": \"expand_copy\", \"dtype\": \"complex64\", \"samples\": 3, \"diffs\": [], \"errors\": [], \"verdict\": \"ok\"}\n"}
,{"stream_name":"stdout","time":1989.664120599,"data":"{\"op\": \"diag\", \"dtype\": \"int64\", \"samples\": 3, \"diffs\": [], \"errors\": [], \"verdict\": \"ok\"}\n"}
,{"stream_name":"stdout","time":1989.664124956,"data":"{\"op\": \"diag\", \"dtype\": \"float64\", \"samples\": 3, \"diffs\": [], \"errors\": [], \"verdict\": \"ok\"}\n"}
,{"stream_name":"stdout","time":1989.664129249,"data":"{\"op\": \"diag\", \"dtype\": \"complex64\", \"samples\": 3, \"diffs\": [], \"errors\": [], \"verdict\": \"ok\"}\n"}
,{"stream_name":"stdout","time":1989.664135955,"data":"{\"op\": \"diag_embed\", \"dtype\": \"int64\", \"samples\": 3, \"diffs\": [], \"errors\": [], \"verdict\": \"ok\"}\n"}
,{"stream_name":"stdout","time":1989.664146839,"data":"{\"op\": \"diag_embed\", \"dtype\": \"float64\", \"samples\": 3, \"diffs\": [], \"errors\": [], \"verdict\": \"ok\"}\n"}
,{"stream_name":"stdout","time":1989.664151285,"data":"{\"op\": \"diag_embed\", \"dtype\": \"complex64\", \"samples\": 3, \"diffs\": [], \"errors\": [], \"verdict\": \"ok\"}\n"}
,{"stream_name":"stdout","time":1989.664155748,"data":"{\"op\": \"diagonal\", \"dtype\": \"int64\", \"samples\": 3, \"diffs\": [], \"errors\": [], \"verdict\": \"ok\"}\n"}
,{"stream_name":"stdout","time":1989.664162232,"data":"{\"op\": \"diagonal\", \"dtype\": \"float64\", \"samples\": 3, \"diffs\": [], \"errors\": [], \"verdict\": \"ok\"}\n"}
,{"stream_name":"stdout","time":1989.664186545,"data":"{\"op\": \"diagonal\", \"dtype\": \"complex64\", \"samples\": 3, \"diffs\": [], \"errors\": [], \"verdict\": \"ok\"}\n"}
,{"stream_name":"stdout","time":1989.664211599,"data":"{\"op\": \"diagonal_copy\", \"dtype\": \"int64\", \"samples\": 3, \"diffs\": [], \"errors\": [], \"verdict\": \"ok\"}\n"}
,{"stream_name":"stdout","time":1989.664218481,"data":"{\"op\": \"diagonal_copy\", \"dtype\": \"float64\", \"samples\": 3, \"diffs\": [], \"errors\": [], \"verdict\": \"ok\"}\n"}
,{"stream_name":"stdout","time":1989.664223655,"data":"{\"op\": \"diagonal_copy\", \"dtype\": \"complex64\", \"samples\": 3, \"diffs\": [], \"errors\": [], \"verdict\": \"ok\"}\n"}
,{"stream_name":"stdout","time":1989.664228157,"data":"{\"op\": \"diagonal_scatter\", \"dtype\": \"int64\", \"samples\": 3, \"diffs\": [], \"errors\": [], \"verdict\": \"ok\"}\n"}
,{"stream_name":"stdout","time":1989.664232905,"data":"{\"op\": \"diagonal_scatter\", \"dtype\": \"float64\", \"samples\": 3, \"diffs\": [], \"errors\": [], \"verdict\": \"ok\"}\n"}
,{"stream_name":"stdout","time":1989.664238866,"data":"{\"op\": \"diagonal_scatter\", \"dtype\": \"complex64\", \"samples\": 3, \"diffs\": [], \"errors\": [], \"verdict\": \"ok\"}\n"}
,{"stream_name":"stdout","time":1989.664247116,"data":"{\"op\": \"alias_copy\", \"dtype\": \"int64\", \"samples\": 2, \"diffs\": [], \"errors\": [], \"verdict\": \"ok\"}\n"}
,{"stream_name":"stdout","time":1989.664252053,"data":"{\"op\": \"alias_copy\", \"dtype\": \"float64\", \"samples\": 2, \"diffs\": [], \"errors\": [], \"verdict\": \"ok\"}\n"}
,{"stream_name":"stdout","time":1989.664256671,"data":"{\"op\": \"alias_copy\", \"dtype\": \"complex64\", \"samples\": 2, \"diffs\": [], \"errors\": [], \"verdict\": \"ok\"}\n"}
,{"stream_name":"stdout","time":1989.664262183,"data":"{\"op\": \"eq\", \"dtype\": \"int64\", \"samples\": 3, \"diffs\": [], \"errors\": [], \"verdict\": \"ok\"}\n"}
,{"stream_name":"stdout","time":1989.664266759,"data":"{\"op\": \"eq\", \"dtype\": \"float64\", \"samples\": 3, \"diffs\": [], \"errors\": [], \"verdict\": \"ok\"}\n"}
,{"stream_name":"stdout","time":1989.664369664,"data":"{\"op\": \"eq\", \"dtype\": \"complex64\", \"samples\": 3, \"diffs\": [], \"errors\": [], \"verdict\": \"ok\"}\n"}
,{"stream_name":"stdout","time":1989.664379379,"data":"{\"op\": \"fmax\", \"dtype\": \"int64\", \"samples\": 3, \"diffs\": [], \"errors\": [], \"verdict\": \"ok\"}\n"}
,{"stream_name":"stdout","time":1989.6643872,"data":"{\"op\": \"fmax\", \"dtype\": \"float64\", \"samples\": 3, \"diffs\": [{\"i\": 1, \"class\": \"SIGNZERO\", \"detail\": \"sign of zero\", \"repr\": \"SampleInput(input=tensor([-4.8270, -7.5824, -0.6047, -1.5412, -1.9719], dtype=torch.float64), args=(tensor(-4.1460, dtype=torch.float64),), kwargs={}, broadcasts_input=False, name='')\"}, {\"i\": 2, \"class\": \"SIGNZERO\", \"detail\": \"sign of zero\", \"repr\": \"SampleInput(input=tensor([[-4.8270],\\n        [-7.5824],\\n        [-0.6047],\\n        [-1.5412],\\n        [-1.9719]], dtype=torch.float64), args=(tensor([-4.1460, -5.4215, -4.7842, -4.1508,  7.3808], dtype=torch.float64),), kwargs={}, broadcasts_input=True, name='')\"}], \"errors\": [], \"verdict\": \"DIFF:SIGNZERO\"}\n"}
,{"stream_name":"stdout","time":1989.664416652,"data":"{\"op\": \"fmin\", \"dtype\": \"int64\", \"samples\": 3, \"diffs\": [], \"errors\": [], \"verdict\": \"ok\"}\n"}
,{"stream_name":"stdout","time":1989.66442268,"data":"{\"op\": \"fmin\", \"dtype\": \"float64\", \"samples\": 3, \"diffs\": [{\"i\": 1, \"class\": \"SIGNZERO\", \"detail\": \"sign of zero\", \"repr\": \"SampleInput(input=tensor([-4.8270, -7.5824, -0.6047, -1.5412, -1.9719], dtype=torch.float64), args=(tensor(-4.1460, dtype=torch.float64),), kwargs={}, broadcasts_input=False, name='')\"}, {\"i\": 2, \"class\": \"SIGNZERO\", \"detail\": \"sign of zero\", \"repr\": \"SampleInput(input=tensor([[-4.8270],\\n        [-7.5824],\\n        [-0.6047],\\n        [-1.5412],\\n        [-1.9719]], dtype=torch.float64), args=(tensor([-4.1460, -5.4215, -4.7842, -4.1508,  7.3808], dtype=torch.float64),), kwargs={}, broadcasts_input=True, name='')\"}], \"errors\": [], \"verdict\": \"DIFF:SIGNZERO\"}\n"}
,{"stream_name":"stdout","time":1989.664431536,"data":"{\"op\": \"fmod\", \"dtype\": \"int64\", \"samples\": 3, \"diffs\": [], \"errors\": [], \"verdict\": \"ok\"}\n"}
,{"stream_name":"stdout","time":1989.664437259,"data":"{\"op\": \"fmod\", \"dtype\": \"float64\", \"samples\": 3, \"diffs\": [], \"errors\": [], \"verdict\": \"ok\"}\n"}
,{"stream_name":"stdout","time":1989.664441777,"data":"{\"op\": \"remainder\", \"dtype\": \"int64\", \"samples\": 3, \"diffs\": [], \"errors\": [], \"verdict\": \"ok\"}\n"}
,{"stream_name":"stdout","time":1989.664446677,"data":"{\"op\": \"remainder\", \"dtype\": \"float64\", \"samples\": 3, \"diffs\": [{\"i\": 2, \"class\": \"SIGNZERO\", \"detail\": \"sign of zero\", \"repr\": \"SampleInput(input=tensor([[-4.8270],\\n        [-7.5824],\\n        [-0.6047],\\n        [-1.5412],\\n        [-1.9719]], dtype=torch.float64), args=(tensor([-4.1460, -5.4215, -4.7842, -4.1508,  7.3808], dtype=torch.float64),), kwargs={}, broadcasts_input=True, name='')\"}], \"errors\": [], \"verdict\": \"DIFF:SIGNZERO\"}\n"}
,{"stream_name":"stdout","time":1989.664454945,"data":"{\"op\": \"frac\", \"dtype\": \"float64\", \"samples\": 1, \"diffs\": [], \"errors\": [], \"verdict\": \"ok\"}\n"}
,{"stream_name":"stdout","time":1989.664461529,"data":"{\"op\": \"floor\", \"dtype\": \"int64\", \"samples\": 1, \"diffs\": [], \"errors\": [], \"verdict\": \"ok\"}\n"}
,{"stream_name":"stdout","time":1989.664466189,"data":"{\"op\": \"floor\", \"dtype\": \"float64\", \"samples\": 1, \"diffs\": [], \"errors\": [], \"verdict\": \"ok\"}\n"}
,{"stream_name":"stdout","time":1989.66447061,"data":"{\"op\": \"flip\", \"dtype\": \"int64\", \"samples\": 3, \"diffs\": [], \"errors\": [], \"verdict\": \"ok\"}\n"}
,{"stream_name":"stdout","time":1989.664475347,"data":"{\"op\": \"flip\", \"dtype\": \"float64\", \"samples\": 3, \"diffs\": [], \"errors\": [], \"verdict\": \"ok\"}\n"}
,{"stream_name":"stdout","time":1989.664480998,"data":"{\"op\": \"flip\", \"dtype\": \"complex64\", \"samples\": 3, \"diffs\": [], \"errors\": [], \"verdict\": \"ok\"}\n"}
,{"stream_name":"stdout","time":1989.664486569,"data":"{\"op\": \"fliplr\", \"dtype\": \"int64\", \"samples\": 2, \"diffs\": [], \"errors\": [], \"verdict\": \"ok\"}\n"}
,{"stream_name":"stdout","time":1989.664490823,"data":"{\"op\": \"fliplr\", \"dtype\": \"float64\", \"samples\": 2, \"diffs\": [], \"errors\": [], \"verdict\": \"ok\"}\n"}
,{"stream_name":"stdout","time":1989.664495612,"data":"{\"op\": \"fliplr\", \"dtype\": \"complex64\", \"samples\": 2, \"diffs\": [], \"errors\": [], \"verdict\": \"ok\"}\n"}
,{"stream_name":"stdout","time":1989.664500252,"data":"{\"op\": \"flipud\", \"dtype\": \"int64\", \"samples\": 2, \"diffs\": [], \"errors\": [], \"verdict\": \"ok\"}\n"}
,{"stream_name":"stdout","time":1989.664504321,"data":"{\"op\": \"flipud\", \"dtype\": \"float64\", \"samples\": 2, \"diffs\": [], \"errors\": [], \"verdict\": \"ok\"}\n"}
,{"stream_name":"stdout","time":1989.664516151,"data":"{\"op\": \"flipud\", \"dtype\": \"complex64\", \"samples\": 2, \"diffs\": [], \"errors\": [], \"verdict\": \"ok\"}\n"}
,{"stream_name":"stdout","time":1989.664524939,"data":"{\"op\": \"sparse.sampled_addmm\", \"dtype\": \"float64\", \"samples\": 3, \"diffs\": [], \"errors\": [], \"verdict\": \"ok\"}\n"}
,{"stream_name":"stdout","time":1989.664529296,"data":"{\"op\": \"sparse.sampled_addmm\", \"dtype\": \"complex64\", \"samples\": 3, \"diffs\": [], \"errors\": [], \"verdict\": \"ok\"}\n"}
,{"stream_name":"stdout","time":1989.664536117,"data":"{\"op\": \"sparse.mm\", \"dtype\": \"float64\", \"samples\": 0, \"diffs\": [], \"errors\": [\"prep RuntimeError\", \"prep RuntimeError\", \"prep RuntimeError\"], \"verdict\": \"ok\"}\n"}
,{"stream_name":"stdout","time":1989.664542088,"data":"{\"op\": \"i0\", \"dtype\": \"int64\", \"samples\": 2, \"diffs\": [], \"errors\": [], \"verdict\": \"ok\"}\n"}
,{"stream_name":"stdout","time":1989.66454673,"data":"{\"op\": \"i0\", \"dtype\": \"float64\", \"samples\": 2, \"diffs\": [], \"errors\": [], \"verdict\": \"ok\"}\n"}
,{"stream_name":"stdout","time":1989.664550942,"data":"{\"op\": \"floor_divide\", \"dtype\": \"int64\", \"samples\": 3, \"diffs\": [], \"errors\": [], \"verdict\": \"ok\"}\n"}
,{"stream_name":"stdout","time":1989.664557898,"data":"{\"op\": \"floor_divide\", \"dtype\": \"float64\", \"samples\": 3, \"diffs\": [], \"errors\": [], \"verdict\": \"ok\"}\n"}
,{"stream_name":"stdout","time":1989.66456359,"data":"{\"op\": \"frexp\", \"dtype\": \"float64\", \"samples\": 3, \"diffs\": [], \"errors\": [], \"verdict\": \"ok\"}\n"}
,{"stream_name":"stdout","time":1989.664568017,"data":"{\"op\": \"log1p\", \"dtype\": \"int64\", \"samples\": 1, \"diffs\": [], \"errors\": [], \"verdict\": \"ok\"}\n"}
,{"stream_name":"stdout","time":1989.664572273,"data":"{\"op\": \"log1p\", \"dtype\": \"float64\", \"samples\": 1, \"diffs\": [], \"errors\": [], \"verdict\": \"ok\"}\n"}
,{"stream_name":"stdout","time":1989.66457778,"data":"{\"op\": \"log1p\", \"dtype\": \"complex64\", \"samples\": 1, \"diffs\": [], \"errors\": [], \"verdict\": \"ok\"}\n"}
,{"stream_name":"stdout","time":1989.664582002,"data":"{\"op\": \"ge\", \"dtype\": \"int64\", \"samples\": 3, \"diffs\": [], \"errors\": [], \"verdict\": \"ok\"}\n"}
,{"stream_name":"stdout","time":1989.664586753,"data":"{\"op\": \"ge\", \"dtype\": \"float64\", \"samples\": 3, \"diffs\": [], \"errors\": [], \"verdict\": \"ok\"}\n"}
,{"stream_name":"stdout","time":1989.66459136,"data":"{\"op\": \"gt\", \"dtype\": \"int64\", \"samples\": 3, \"diffs\": [], \"errors\": [], \"verdict\": \"ok\"}\n"}
,{"stream_name":"stdout","time":1989.664595823,"data":"{\"op\": \"gt\", \"dtype\": \"float64\", \"samples\": 3, \"diffs\": [], \"errors\": [], \"verdict\": \"ok\"}\n"}
,{"stream_name":"stdout","time":1989.664613969,"data":"{\"op\": \"imag\", \"dtype\": \"complex64\", \"samples\": 3, \"diffs\": [], \"errors\": [], \"verdict\": \"ok\"}\n"}
,{"stream_name":"stdout","time":1989.664618257,"data":"{\"op\": \"gradient\", \"dtype\": \"int64\", \"samples\": 3, \"diffs\": [], \"errors\": [], \"verdict\": \"ok\"}\n"}
,{"stream_name":"stdout","time":1989.664627166,"data":"{\"op\": \"gradient\", \"dtype\": \"float64\", \"samples\": 3, \"diffs\": [], \"errors\": [], \"verdict\": \"ok\"}\n"}
,{"stream_name":"stdout","time":1989.664631298,"data":"{\"op\": \"gradient\", \"dtype\": \"complex64\", \"samples\": 3, \"diffs\": [], \"errors\": [], \"verdict\": \"ok\"}\n"}
,{"stream_name":"stdout","time":1989.664635818,"data":"{\"op\": \"isin\", \"dtype\": \"int64\", \"samples\": 2, \"diffs\": [], \"errors\": [], \"verdict\": \"ok\"}\n"}
,{"stream_name":"stdout","time":1989.664640194,"data":"{\"op\": \"isin\", \"dtype\": \"float64\", \"samples\": 2, \"diffs\": [], \"errors\": [], \"verdict\": \"ok\"}\n"}
,{"stream_name":"stdout","time":1989.664650217,"data":"{\"op\": \"le\", \"dtype\": \"int64\", \"samples\": 3, \"diffs\": [], \"errors\": [], \"verdict\": \"ok\"}\n"}
,{"stream_name":"stdout","time":1989.664654559,"data":"{\"op\": \"le\", \"dtype\": \"float64\", \"samples\": 3, \"diffs\": [], \"errors\": [], \"verdict\": \"ok\"}\n"}
,{"stream_name":"stdout","time":1989.664659017,"data":"{\"op\": \"linspace\", \"dtype\": \"int64\", \"samples\": 3, \"diffs\": [], \"errors\": [], \"verdict\": \"ok\"}\n"}
,{"stream_name":"stdout","time":1989.664663612,"data":"{\"op\": \"linspace\", \"dtype\": \"float64\", \"samples\": 3, \"diffs\": [], \"errors\": [], \"verdict\": \"ok\"}\n"}
,{"stream_name":"stdout","time":1989.664668168,"data":"{\"op\": \"linspace\", \"dtype\": \"complex64\", \"samples\": 3, \"diffs\": [], \"errors\": [], \"verdict\": \"ok\"}\n"}
,{"stream_name":"stdout","time":1989.664672561,"data":"{\"op\": \"linspace\", \"dtype\": \"int64\", \"samples\": 3, \"diffs\": [], \"errors\": [], \"verdict\": \"ok\"}\n"}
,{"stream_name":"stdout","time":1989.664677304,"data":"{\"op\": \"linspace\", \"dtype\": \"float64\", \"samples\": 3, \"diffs\": [], \"errors\": [], \"verdict\": \"ok\"}\n"}
,{"stream_name":"stdout","time":1989.664760369,"data":"{\"op\": \"linspace\", \"dtype\": \"complex64\", \"samples\": 3, \"diffs\": [], \"errors\": [], \"verdict\": \"ok\"}\n"}
,{"stream_name":"stdout","time":1989.664767868,"data":"{\"op\": \"logspace\", \"dtype\": \"int64\", \"samples\": 3, \"diffs\": [], \"errors\": [], \"verdict\": \"ok\"}\n"}
,{"stream_name":"stdout","time":1989.664773299,"data":"{\"op\": \"logspace\", \"dtype\": \"float64\", \"samples\": 3, \"diffs\": [], \"errors\": [], \"verdict\": \"ok\"}\n"}
,{"stream_name":"stdout","time":1989.664778929,"data":"{\"op\": \"logspace\", \"dtype\": \"complex64\", \"samples\": 3, \"diffs\": [], \"errors\": [], \"verdict\": \"ok\"}\n"}
,{"stream_name":"stdout","time":1989.664783652,"data":"{\"op\": \"logspace\", \"dtype\": \"int64\", \"samples\": 3, \"diffs\": [], \"errors\": [], \"verdict\": \"ok\"}\n"}
,{"stream_name":"stdout","time":1989.664787706,"data":"{\"op\": \"logspace\", \"dtype\": \"float64\", \"samples\": 3, \"diffs\": [], \"errors\": [], \"verdict\": \"ok\"}\n"}
,{"stream_name":"stdout","time":1989.664793728,"data":"{\"op\": \"logspace\", \"dtype\": \"complex64\", \"samples\": 3, \"diffs\": [], \"errors\": [], \"verdict\": \"ok\"}\n"}
,{"stream_name":"stdout","time":1989.664799521,"data":"{\"op\": \"log\", \"dtype\": \"int64\", \"samples\": 3, \"diffs\": [], \"errors\": [], \"verdict\": \"ok\"}\n"}
,{"stream_name":"stdout","time":1989.664804069,"data":"{\"op\": \"log\", \"dtype\": \"float64\", \"samples\": 3, \"diffs\": [], \"errors\": [], \"verdict\": \"ok\"}\n"}
,{"stream_name":"stdout","time":1989.664808131,"data":"{\"op\": \"log\", \"dtype\": \"complex64\", \"samples\": 3, \"diffs\": [], \"errors\": [], \"verdict\": \"ok\"}\n"}
,{"stream_name":"stdout","time":1989.664812828,"data":"{\"op\": \"log10\", \"dtype\": \"int64\", \"samples\": 3, \"diffs\": [], \"errors\": [], \"verdict\": \"ok\"}\n"}
,{"stream_name":"stdout","time":1989.664817397,"data":"{\"op\": \"log10\", \"dtype\": \"float64\", \"samples\": 3, \"diffs\": [], \"errors\": [], \"verdict\": \"ok\"}\n"}
,{"stream_name":"stdout","time":1989.664822372,"data":"{\"op\": \"log10\", \"dtype\": \"complex64\", \"samples\": 3, \"diffs\": [], \"errors\": [], \"verdict\": \"ok\"}\n"}
,{"stream_name":"stdout","time":1989.664829066,"data":"{\"op\": \"log2\", \"dtype\": \"int64\", \"samples\": 3, \"diffs\": [], \"errors\": [], \"verdict\": \"ok\"}\n"}
,{"stream_name":"stdout","time":1989.664834137,"data":"{\"op\": \"log2\", \"dtype\": \"float64\", \"samples\": 3, \"diffs\": [], \"errors\": [], \"verdict\": \"ok\"}\n"}
,{"stream_name":"stdout","time":1989.664838949,"data":"{\"op\": \"log2\", \"dtype\": \"complex64\", \"samples\": 3, \"diffs\": [], \"errors\": [], \"verdict\": \"ok\"}\n"}
,{"stream_name":"stdout","time":1989.664851024,"data":"{\"op\": \"ldexp\", \"dtype\": \"int64\", \"samples\": 3, \"diffs\": [], \"errors\": [], \"verdict\": \"ok\"}\n"}
,{"stream_name":"stdout","time":1989.664856288,"data":"{\"op\": \"ldexp\", \"dtype\": \"float64\", \"samples\": 3, \"diffs\": [], \"errors\": [], \"verdict\": \"ok\"}\n"}
,{"stream_name":"stdout","time":1989.664861537,"data":"{\"op\": \"ldexp\", \"dtype\": \"complex64\", \"samples\": 3, \"diffs\": [], \"errors\": [], \"verdict\": \"ok\"}\n"}
,{"stream_name":"stdout","time":1989.664866157,"data":"{\"op\": \"logaddexp\", \"dtype\": \"float64\", \"samples\": 3, \"diffs\": [], \"errors\": [], \"verdict\": \"ok\"}\n"}
,{"stream_name":"stdout","time":1989.66487116,"data":"{\"op\": \"logaddexp\", \"dtype\": \"complex64\", \"samples\": 3, \"diffs\": [], \"errors\": [], \"verdict\": \"ok\"}\n"}
,{"stream_name":"stdout","time":1989.6648774,"data":"{\"op\": \"logaddexp2\", \"dtype\": \"float64\", \"samples\": 1, \"diffs\": [], \"errors\": [], \"verdict\": \"ok\"}\n"}
,{"stream_name":"stdout","time":1989.664882573,"data":"{\"op\": \"logical_not\", \"dtype\": \"int64\", \"samples\": 3, \"diffs\": [], \"errors\": [], \"verdict\": \"ok\"}\n"}
,{"stream_name":"stdout","time":1989.664887009,"data":"{\"op\": \"logical_not\", \"dtype\": \"float64\", \"samples\": 3, \"diffs\": [], \"errors\": [], \"verdict\": \"ok\"}\n"}
,{"stream_name":"stdout","time":1989.664891681,"data":"{\"op\": \"logical_not\", \"dtype\": \"complex64\", \"samples\": 3, \"diffs\": [], \"errors\": [], \"verdict\": \"ok\"}\n"}
,{"stream_name":"stdout","time":1989.664899519,"data":"{\"op\": \"lt\", \"dtype\": \"int64\", \"samples\": 3, \"diffs\": [], \"errors\": [], \"verdict\": \"ok\"}\n"}
,{"stream_name":"stdout","time":1989.664905931,"data":"{\"op\": \"lt\", \"dtype\": \"float64\", \"samples\": 3, \"diffs\": [], \"errors\": [], \"verdict\": \"ok\"}\n"}
,{"stream_name":"stdout","time":1989.664910515,"data":"{\"op\": \"masked_fill\", \"dtype\": \"int64\", \"samples\": 3, \"diffs\": [], \"errors\": [], \"verdict\": \"ok\"}\n"}
,{"stream_name":"stdout","time":1989.664915121,"data":"{\"op\": \"masked_fill\", \"dtype\": \"float64\", \"samples\": 3, \"diffs\": [], \"errors\": [], \"verdict\": \"ok\"}\n"}
,{"stream_name":"stdout","time":1989.664919927,"data":"{\"op\": \"masked_fill\", \"dtype\": \"complex64\", \"samples\": 3, \"diffs\": [], \"errors\": [], \"verdict\": \"ok\"}\n"}
,{"stream_name":"stdout","time":1989.664923896,"data":"{\"op\": \"masked_scatter\", \"dtype\": \"int64\", \"samples\": 3, \"diffs\": [], \"errors\": [], \"verdict\": \"ok\"}\n"}
,{"stream_name":"stdout","time":1989.664929644,"data":"{\"op\": \"masked_scatter\", \"dtype\": \"float64\", \"samples\": 3, \"diffs\": [], \"errors\": [], \"verdict\": \"ok\"}\n"}
,{"stream_name":"stdout","time":1989.66493506,"data":"{\"op\": \"masked_scatter\", \"dtype\": \"complex64\", \"samples\": 3, \"diffs\": [], \"errors\": [], \"verdict\": \"ok\"}\n"}
,{"stream_name":"stdout","time":1989.664939514,"data":"{\"op\": \"matrix_exp\", \"dtype\": \"float64\", \"samples\": 2, \"diffs\": [], \"errors\": [], \"verdict\": \"ok\"}\n"}
,{"stream_name":"stdout","time":1989.66494446,"data":"{\"op\": \"matrix_exp\", \"dtype\": \"complex64\", \"samples\": 2, \"diffs\": [], \"errors\": [], \"verdict\": \"ok\"}\n"}
,{"stream_name":"stdout","time":1989.664948411,"data":"{\"op\": \"matmul\", \"dtype\": \"int64\", \"samples\": 3, \"diffs\": [], \"errors\": [], \"verdict\": \"ok\"}\n"}
,{"stream_name":"stdout","time":1989.664953418,"data":"{\"op\": \"matmul\", \"dtype\": \"float64\", \"samples\": 3, \"diffs\": [], \"errors\": [], \"verdict\": \"ok\"}\n"}
,{"stream_name":"stdout","time":1989.664959881,"data":"{\"op\": \"matmul\", \"dtype\": \"complex64\", \"samples\": 3, \"diffs\": [], \"errors\": [], \"verdict\": \"ok\"}\n"}
,{"stream_name":"stdout","time":1989.664969838,"data":"{\"op\": \"max\", \"dtype\": \"int64\", \"samples\": 3, \"diffs\": [], \"errors\": [], \"verdict\": \"ok\"}\n"}
,{"stream_name":"stdout","time":1989.664974473,"data":"{\"op\": \"max\", \"dtype\": \"float64\", \"samples\": 3, \"diffs\": [], \"errors\": [], \"verdict\": \"ok\"}\n"}
,{"stream_name":"stdout","time":1989.664979253,"data":"{\"op\": \"max\", \"dtype\": \"int64\", \"samples\": 2, \"diffs\": [], \"errors\": [], \"verdict\": \"ok\"}\n"}
,{"stream_name":"stdout","time":1989.664986096,"data":"{\"op\": \"max\", \"dtype\": \"float64\", \"samples\": 2, \"diffs\": [], \"errors\": [], \"verdict\": \"ok\"}\n"}
,{"stream_name":"stdout","time":1989.665001089,"data":"{\"op\": \"var_mean\", \"dtype\": \"float64\", \"samples\": 3, \"diffs\": [{\"i\": 1, \"class\": \"VALUE\", \"detail\": \"nan pattern at [0, 3]: eager nan compiled inf\", \"repr\": \"SampleInput(input=tensor([[[-4.8270, -7.5824, -0.6047, -1.5412, -1.9719],\\n         [-4.1460, -5.4215, -4.7842, -4.1508,  7.3808],\\n         [ 5.5761, -8.3157,  4.1776,  2.0474, -4.0760],\\n         [-3.0637, -3.3422, -5.4398,  4.4805,  2.6850],\\n         [-3.8432, -3.0355, -2.1461, -2.6718, -7.7232]],\\n\\n\"}, {\"i\": 2, \"class\": \"VALUE\", \"detail\": \"nan pattern at [0, 0, 3]: eager nan compiled inf\", \"repr\": \"SampleInput(input=tensor([[[-4.8270, -7.5824, -0.6047, -1.5412, -1.9719],\\n         [-4.1460, -5.4215, -4.7842, -4.1508,  7.3808],\\n         [ 5.5761, -8.3157,  4.1776,  2.0474, -4.0760],\\n         [-3.0637, -3.3422, -5.4398,  4.4805,  2.6850],\\n         [-3.8432, -3.0355, -2.1461, -2.6718, -7.7232]],\\n\\n\"}], \"errors\": [], \"verdict\": \"DIFF:VALUE\"}\n"}
,{"stream_name":"stdout","time":1989.665017821,"data":"{\"op\": \"var_mean\", \"dtype\": \"complex64\", \"samples\": 3, \"diffs\": [], \"errors\": [], \"verdict\": \"ok\"}\n"}
,{"stream_name":"stdout","time":1989.665023341,"data":"{\"op\": \"var_mean\", \"dtype\": \"float64\", \"samples\": 3, \"diffs\": [{\"i\": 2, \"class\": \"VALUE\", \"detail\": \"nan pattern at []: eager nan compiled 0.0\", \"repr\": \"SampleInput(input=tensor([], dtype=torch.float64), args=(False,), kwargs={}, broadcasts_input=False, name='')\"}], \"errors\": [], \"verdict\": \"DIFF:VALUE\"}\n"}
,{"stream_name":"stdout","time":1989.665029032,"data":"{\"op\": \"var_mean\", \"dtype\": \"complex64\", \"samples\": 3, \"diffs\": [], \"errors\": [], \"verdict\": \"ok\"}\n"}
,{"stream_name":"stdout","time":1989.665035689,"data":"{\"op\": \"std_mean\", \"dtype\": \"float64\", \"samples\": 3, \"diffs\": [{\"i\": 1, \"class\": \"VALUE\", \"detail\": \"nan pattern at [0, 3]: eager nan compiled inf\", \"repr\": \"SampleInput(input=tensor([[[-4.8270, -7.5824, -0.6047, -1.5412, -1.9719],\\n         [-4.1460, -5.4215, -4.7842, -4.1508,  7.3808],\\n         [ 5.5761, -8.3157,  4.1776,  2.0474, -4.0760],\\n         [-3.0637, -3.3422, -5.4398,  4.4805,  2.6850],\\n         [-3.8432, -3.0355, -2.1461, -2.6718, -7.7232]],\\n\\n\"}, {\"i\": 2, \"class\": \"VALUE\", \"detail\": \"nan pattern at [0, 0, 3]: eager nan compiled inf\", \"repr\": \"SampleInput(input=tensor([[[-4.8270, -7.5824, -0.6047, -1.5412, -1.9719],\\n         [-4.1460, -5.4215, -4.7842, -4.1508,  7.3808],\\n         [ 5.5761, -8.3157,  4.1776,  2.0474, -4.0760],\\n         [-3.0637, -3.3422, -5.4398,  4.4805,  2.6850],\\n         [-3.8432, -3.0355, -2.1461, -2.6718, -7.7232]],\\n\\n\"}], \"errors\": [], \"verdict\": \"DIFF:VALUE\"}\n"}
,{"stream_name":"stdout","time":1989.665046136,"data":"{\"op\": \"std_mean\", \"dtype\": \"complex64\", \"samples\": 3, \"diffs\": [], \"errors\": [], \"verdict\": \"ok\"}\n"}
,{"stream_name":"stdout","time":1989.665051692,"data":"{\"op\": \"std_mean\", \"dtype\": \"float64\", \"samples\": 3, \"diffs\": [{\"i\": 2, \"class\": \"VALUE\", \"detail\": \"nan pattern at []: eager nan compiled 0.0\", \"repr\": \"SampleInput(input=tensor([], dtype=torch.float64), args=(False,), kwargs={}, broadcasts_input=False, name='')\"}], \"errors\": [], \"verdict\": \"DIFF:VALUE\"}\n"}
,{"stream_name":"stdout","time":1989.665061094,"data":"{\"op\": \"std_mean\", \"dtype\": \"complex64\", \"samples\": 3, \"diffs\": [], \"errors\": [], \"verdict\": \"ok\"}\n"}
,{"stream_name":"stdout","time":1989.66506594,"data":"{\"op\": \"meshgrid\", \"dtype\": \"int64\", \"samples\": 3, \"diffs\": [], \"errors\": [], \"verdict\": \"ok\"}\n"}
,{"stream_name":"stdout","time":1989.665070891,"data":"{\"op\": \"meshgrid\", \"dtype\": \"float64\", \"samples\": 3, \"diffs\": [], \"errors\": [], \"verdict\": \"ok\"}\n"}
,{"stream_name":"stdout","time":1989.66507687,"data":"{\"op\": \"meshgrid\", \"dtype\": \"complex64\", \"samples\": 3, \"diffs\": [], \"errors\": [], \"verdict\": \"ok\"}\n"}
,{"stream_name":"stdout","time":1989.66512946,"data":"{\"op\": \"meshgrid\", \"dtype\": \"int64\", \"samples\": 3, \"diffs\": [], \"errors\": [], \"verdict\": \"ok\"}\n"}
,{"stream_name":"stdout","time":1989.665133666,"data":"{\"op\": \"meshgrid\", \"dtype\": \"float64\", \"samples\": 3, \"diffs\": [], \"errors\": [], \"verdict\": \"ok\"}\n"}
,{"stream_name":"stdout","time":1989.665138419,"data":"{\"op\": \"meshgrid\", \"dtype\": \"complex64\", \"samples\": 3, \"diffs\": [], \"errors\": [], \"verdict\": \"ok\"}\n"}
,{"stream_name":"stdout","time":1989.665143269,"data":"{\"op\": \"min\", \"dtype\": \"int64\", \"samples\": 3, \"diffs\": [], \"errors\": [], \"verdict\": \"ok\"}\n"}
,{"stream_name":"stdout","time":1989.665149451,"data":"{\"op\": \"min\", \"dtype\": \"float64\", \"samples\": 3, \"diffs\": [], \"errors\": [], \"verdict\": \"ok\"}\n"}
,{"stream_name":"stdout","time":1989.665154958,"data":"{\"op\": \"min\", \"dtype\": \"int64\", \"samples\": 2, \"diffs\": [], \"errors\": [], \"verdict\": \"ok\"}\n"}
,{"stream_name":"stdout","time":1989.665159877,"data":"{\"op\": \"min\", \"dtype\": \"float64\", \"samples\": 2, \"diffs\": [], \"errors\": [], \"verdict\": \"ok\"}\n"}
,{"stream_name":"stdout","time":1989.665164359,"data":"{\"op\": \"quantile\", \"dtype\": \"float64\", \"samples\": 3, \"diffs\": [], \"errors\": [], \"verdict\": \"ok\"}\n"}
,{"stream_name":"stdout","time":1989.665168872,"data":"{\"op\": \"nanquantile\", \"dtype\": \"float64\", \"samples\": 3, \"diffs\": [], \"errors\": [], \"verdict\": \"ok\"}\n"}
,{"stream_name":"stdout","time":1989.665173007,"data":"{\"op\": \"max\", \"dtype\": \"int64\", \"samples\": 3, \"diffs\": [], \"errors\": [], \"verdict\": \"ok\"}\n"}
,{"stream_name":"stdout","time":1989.665180008,"data":"{\"op\": \"max\", \"dtype\": \"float64\", \"samples\": 3, \"diffs\": [{\"i\": 1, \"class\": \"SIGNZERO\", \"detail\": \"sign of zero\", \"repr\": \"SampleInput(input=tensor([-4.8270, -7.5824, -0.6047, -1.5412, -1.9719], dtype=torch.float64), args=(tensor(-4.1460, dtype=torch.float64),), kwargs={}, broadcasts_input=False, name='')\"}, {\"i\": 2, \"class\": \"SIGNZERO\", \"detail\": \"sign of zero\", \"repr\": \"SampleInput(input=tensor([[-4.8270],\\n        [-7.5824],\\n        [-0.6047],\\n        [-1.5412],\\n        [-1.9719]], dtype=torch.float64), args=(tensor([-4.1460, -5.4215, -4.7842, -4.1508,  7.3808], dtype=torch.float64),), kwargs={}, broadcasts_input=True, name='')\"}], \"errors\": [], \"verdict\": \"DIFF:SIGNZERO\"}\n"}
,{"stream_name":"stdout","time":1989.665188885,"data":"{\"op\": \"maximum\", \"dtype\": \"int64\", \"samples\": 3, \"diffs\": [], \"errors\": [], \"verdict\": \"ok\"}\n"}
,{"stream_name":"stdout","time":1989.66519367,"data":"{\"op\": \"maximum\", \"dtype\": \"float64\", \"samples\": 3, \"diffs\": [{\"i\": 1, \"class\": \"SIGNZERO\", \"detail\": \"sign of zero\", \"repr\": \"SampleInput(input=tensor([-4.8270, -7.5824, -0.6047, -1.5412, -1.9719], dtype=torch.float64), args=(tensor(-4.1460, dtype=torch.float64),), kwargs={}, broadcasts_input=False, name='')\"}, {\"i\": 2, \"class\": \"SIGNZERO\", \"detail\": \"sign of zero\", \"repr\": \"SampleInput(input=tensor([[-4.8270],\\n        [-7.5824],\\n        [-0.6047],\\n        [-1.5412],\\n        [-1.9719]], dtype=torch.float64), args=(tensor([-4.1460, -5.4215, -4.7842, -4.1508,  7.3808], dtype=torch.float64),), kwargs={}, broadcasts_input=True, name='')\"}], \"errors\": [], \"verdict\": \"DIFF:SIGNZERO\"}\n"}
,{"stream_name":"stdout","time":1989.66520822,"data":"{\"op\": \"min\", \"dtype\": \"int64\", \"samples\": 3, \"diffs\": [], \"errors\": [], \"verdict\": \"ok\"}\n"}
,{"stream_name":"stdout","time":1989.665212829,"data":"{\"op\": \"min\", \"dtype\": \"float64\", \"samples\": 3, \"diffs\": [{\"i\": 1, \"class\": \"SIGNZERO\", \"detail\": \"sign of zero\", \"repr\": \"SampleInput(input=tensor([-4.8270, -7.5824, -0.6047, -1.5412, -1.9719], dtype=torch.float64), args=(tensor(-4.1460, dtype=torch.float64),), kwargs={}, broadcasts_input=False, name='')\"}, {\"i\": 2, \"class\": \"SIGNZERO\", \"detail\": \"sign of zero\", \"repr\": \"SampleInput(input=tensor([[-4.8270],\\n        [-7.5824],\\n        [-0.6047],\\n        [-1.5412],\\n        [-1.9719]], dtype=torch.float64), args=(tensor([-4.1460, -5.4215, -4.7842, -4.1508,  7.3808], dtype=torch.float64),), kwargs={}, broadcasts_input=True, name='')\"}], \"errors\": [], \"verdict\": \"DIFF:SIGNZERO\"}\n"}
,{"stream_name":"stdout","time":1989.66522019,"data":"{\"op\": \"minimum\", \"dtype\": \"int64\", \"samples\": 3, \"diffs\": [], \"errors\": [], \"verdict\": \"ok\"}\n"}
,{"stream_name":"stdout","time":1989.665226967,"data":"{\"op\": \"minimum\", \"dtype\": \"float64\", \"samples\": 3, \"diffs\": [{\"i\": 1, \"class\": \"SIGNZERO\", \"detail\": \"sign of zero\", \"repr\": \"SampleInput(input=tensor([-4.8270, -7.5824, -0.6047, -1.5412, -1.9719], dtype=torch.float64), args=(tensor(-4.1460, dtype=torch.float64),), kwargs={}, broadcasts_input=False, name='')\"}, {\"i\": 2, \"class\": \"SIGNZERO\", \"detail\": \"sign of zero\", \"repr\": \"SampleInput(input=tensor([[-4.8270],\\n        [-7.5824],\\n        [-0.6047],\\n        [-1.5412],\\n        [-1.9719]], dtype=torch.float64), args=(tensor([-4.1460, -5.4215, -4.7842, -4.1508,  7.3808], dtype=torch.float64),), kwargs={}, broadcasts_input=True, name='')\"}], \"errors\": [], \"verdict\": \"DIFF:SIGNZERO\"}\n"}
,{"stream_name":"stdout","time":1989.665235922,"data":"{\"op\": \"logical_and\", \"dtype\": \"int64\", \"samples\": 3, \"diffs\": [], \"errors\": [], \"verdict\": \"ok\"}\n"}
,{"stream_name":"stdout","time":1989.665240728,"data":"{\"op\": \"logical_and\", \"dtype\": \"float64\", \"samples\": 3, \"diffs\": [], \"errors\": [], \"verdict\": \"ok\"}\n"}
,{"stream_name":"stdout","time":1989.665245174,"data":"{\"op\": \"logical_and\", \"dtype\": \"complex64\", \"samples\": 3, \"diffs\": [], \"errors\": [], \"verdict\": \"ok\"}\n"}
,{"stream_name":"stdout","time":1989.665249812,"data":"{\"op\": \"logical_or\", \"dtype\": \"int64\", \"samples\": 3, \"diffs\": [], \"errors\": [], \"verdict\": \"ok\"}\n"}
,{"stream_name":"stdout","time":1989.665254609,"data":"{\"op\": \"logical_or\", \"dtype\": \"float64\", \"samples\": 3, \"diffs\": [], \"errors\": [], \"verdict\": \"ok\"}\n"}
,{"stream_name":"stdout","time":1989.665264138,"data":"{\"op\": \"logical_or\", \"dtype\": \"complex64\", \"samples\": 3, \"diffs\": [], \"errors\": [], \"verdict\": \"ok\"}\n"}
,{"stream_name":"stdout","time":1989.665268739,"data":"{\"op\": \"logical_xor\", \"dtype\": \"int64\", \"samples\": 3, \"diffs\": [], \"errors\": [], \"verdict\": \"ok\"}\n"}
,{"stream_name":"stdout","time":1989.665272807,"data":"{\"op\": \"logical_xor\", \"dtype\": \"float64\", \"samples\": 3, \"diffs\": [], \"errors\": [], \"verdict\": \"ok\"}\n"}
,{"stream_name":"stdout","time":1989.665276911,"data":"{\"op\": \"logical_xor\", \"dtype\": \"complex64\", \"samples\": 3, \"diffs\": [], \"errors\": [], \"verdict\": \"ok\"}\n"}
,{"stream_name":"stdout","time":1989.665287396,"data":"{\"op\": \"bitwise_and\", \"dtype\": \"int64\", \"samples\": 3, \"diffs\": [], \"errors\": [], \"verdict\": \"ok\"}\n"}
,{"stream_name":"stdout","time":1989.665294538,"data":"{\"op\": \"bitwise_or\", \"dtype\": \"int64\", \"samples\": 3, \"diffs\": [], \"errors\": [], \"verdict\": \"ok\"}\n"}
,{"stream_name":"stdout","time":1989.665299401,"data":"{\"op\": \"bitwise_xor\", \"dtype\": \"int64\", \"samples\": 3, \"diffs\": [], \"errors\": [], \"verdict\": \"ok\"}\n"}
,{"stream_name":"stdout","time":1989.6653043,"data":"{\"op\": \"heaviside\", \"dtype\": \"int64\", \"samples\": 3, \"diffs\": [], \"errors\": [], \"verdict\": \"ok\"}\n"}
,{"stream_name":"stdout","time":1989.6653085,"data":"{\"op\": \"heaviside\", \"dtype\": \"float64\", \"samples\": 3, \"diffs\": [], \"errors\": [], \"verdict\": \"ok\"}\n"}
,{"stream_name":"stdout","time":1989.665312719,"data":"{\"op\": \"lcm\", \"dtype\": \"int64\", \"samples\": 3, \"diffs\": [], \"errors\": [], \"verdict\": \"ok\"}\n"}
,{"stream_name":"stdout","time":1989.665320237,"data":"{\"op\": \"gcd\", \"dtype\": \"int64\", \"samples\": 3, \"diffs\": [], \"errors\": [], \"verdict\": \"ok\"}\n"}
,{"stream_name":"stdout","time":1989.665324864,"data":"{\"op\": \"isclose\", \"dtype\": \"int64\", \"samples\": 3, \"diffs\": [], \"errors\": [], \"verdict\": \"ok\"}\n"}
,{"stream_name":"stdout","time":1989.665329417,"data":"{\"op\": \"isclose\", \"dtype\": \"float64\", \"samples\": 3, \"diffs\": [], \"errors\": [], \"verdict\": \"ok\"}\n"}
,{"stream_name":"stdout","time":1989.665334166,"data":"{\"op\": \"isclose\", \"dtype\": \"complex64\", \"samples\": 3, \"diffs\": [], \"errors\": [], \"verdict\": \"ok\"}\n"}
,{"stream_name":"stdout","time":1989.665339285,"data":"{\"op\": \"softmax\", \"dtype\": \"float64\", \"samples\": 3, \"diffs\": [], \"errors\": [], \"verdict\": \"ok\"}\n"}
,{"stream_name":"stdout","time":1989.665343359,"data":"{\"op\": \"softmax\", \"dtype\": \"int64\", \"samples\": 3, \"diffs\": [], \"errors\": [], \"verdict\": \"ok\"}\n"}
,{"stream_name":"stdout","time":1989.665347721,"data":"{\"op\": \"softmax\", \"dtype\": \"float64\", \"samples\": 3, \"diffs\": [], \"errors\": [], \"verdict\": \"ok\"}\n"}
,{"stream_name":"stdout","time":1989.665352295,"data":"{\"op\": \"softmax\", \"dtype\": \"complex64\", \"samples\": 3, \"diffs\": [], \"errors\": [], \"verdict\": \"ok\"}\n"}
,{"stream_name":"stdout","time":1989.665356489,"data":"{\"op\": \"_softmax_backward_data\", \"dtype\": \"float64\", \"samples\": 3, \"diffs\": [{\"i\": 0, \"class\": \"SIGNZERO\", \"detail\": \"sign of zero\", \"repr\": \"SampleInput(input=tensor([-4.1460, -5.4215, -4.7842, -4.1508,  7.3808], dtype=torch.float64), args=(tensor([8.8215e-03, 5.6087e-04, 6.0153e-01, 2.3580e-01, 1.5328e-01],\\n       dtype=torch.float64), 0, torch.float64), kwargs={}, broadcasts_input=False, name='')\"}, {\"i\": 1, \"class\": \"VALUE\", \"detail\": \"nan pattern at [2, 1]: eager -inf compiled nan\", \"repr\": \"SampleInput(input=tensor([[-8.5962, -0.5242, -3.2520,  6.8468, -0.6113],\\n        [ 8.5120, -3.9030,  5.3708, -1.1798, -3.1237],\\n        [ 8.6853, -7.4478, -6.6799,  0.0768, -3.9763],\\n        [-0.1930, -1.4410,  8.7050, -6.1891,  5.2478],\\n        [-5.0540,  4.0983,  5.6691, -6.1025, -7.6308]], dtype=\"}, {\"i\": 2, \"class\": \"VALUE\", \"detail\": \"nan pattern at [1, 9, 0]: eager -inf compiled nan\", \"repr\": \"SampleInput(input=tensor([[[-2.1853,  8.7928,  1.5735, -6.1158, -5.7917],\\n         [-2.2879, -3.0691, -7.2295, -6.6871,  8.6062],\\n         [-5.4237, -3.6577, -3.5381,  3.1701, -7.8149],\\n         [ 0.4723,  7.6115, -2.2551,  6.7642, -1.9018],\\n         [ 4.5707, -6.0844, -3.2001,  1.6124, -2.3758],\\n  \"}], \"errors\": [], \"verdict\": \"DIFF:SIGNZERO+VALUE\"}\n"}
,{"stream_name":"stdout","time":1989.665367269,"data":"{\"op\": \"nn.functional.softmin\", \"dtype\": \"float64\", \"samples\": 3, \"diffs\": [], \"errors\": [], \"verdict\": \"ok\"}\n"}
,{"stream_name":"stdout","time":1989.665376384,"data":"{\"op\": \"nn.functional.softmin\", \"dtype\": \"int64\", \"samples\": 3, \"diffs\": [], \"errors\": [], \"verdict\": \"ok\"}\n"}
,{"stream_name":"stdout","time":1989.665383987,"data":"{\"op\": \"nn.functional.softmin\", \"dtype\": \"float64\", \"samples\": 3, \"diffs\": [], \"errors\": [], \"verdict\": \"ok\"}\n"}
,{"stream_name":"stdout","time":1989.665389127,"data":"{\"op\": \"nn.functional.softmin\", \"dtype\": \"complex64\", \"samples\": 3, \"diffs\": [], \"errors\": [], \"verdict\": \"ok\"}\n"}
,{"stream_name":"stdout","time":1989.665393756,"data":"{\"op\": \"nn.functional.cross_entropy\", \"dtype\": \"float64\", \"samples\": 3, \"diffs\": [], \"errors\": [], \"verdict\": \"ok\"}\n"}
,{"stream_name":"stdout","time":1989.665399752,"data":"{\"op\": \"nn.functional.linear_cross_entropy\", \"dtype\": \"float64\", \"samples\": 3, \"diffs\": [], \"errors\": [], \"verdict\": \"ok\"}\n"}
,{"stream_name":"stdout","time":1989.665405399,"data":"{\"op\": \"nn.functional.linear_cross_entropy\", \"dtype\": \"float64\", \"samples\": 3, \"diffs\": [], \"errors\": [], \"verdict\": \"ok\"}\n"}
,{"stream_name":"stdout","time":1989.665409938,"data":"{\"op\": \"nn.functional.linear_cross_entropy\", \"dtype\": \"float64\", \"samples\": 3, \"diffs\": [], \"errors\": [], \"verdict\": \"ok\"}\n"}
,{"stream_name":"stdout","time":1989.665414543,"data":"{\"op\": \"aminmax\", \"dtype\": \"int64\", \"samples\": 3, \"diffs\": [], \"errors\": [], \"verdict\": \"ok\"}\n"}
,{"stream_name":"stdout","time":1989.665418725,"data":"{\"op\": \"aminmax\", \"dtype\": \"float64\", \"samples\": 3, \"diffs\": [], \"errors\": [], \"verdict\": \"ok\"}\n"}
,{"stream_name":"stdout","time":1989.6654233,"data":"{\"op\": \"as_strided\", \"dtype\": \"int64\", \"samples\": 3, \"diffs\": [], \"errors\": [], \"verdict\": \"ok\"}\n"}
,{"stream_name":"stdout","time":1989.665429931,"data":"{\"op\": \"as_strided\", \"dtype\": \"float64\", \"samples\": 3, \"diffs\": [], \"errors\": [], \"verdict\": \"ok\"}\n"}
,{"stream_name":"stdout","time":1989.665435504,"data":"{\"op\": \"as_strided\", \"dtype\": \"complex64\", \"samples\": 3, \"diffs\": [], \"errors\": [], \"verdict\": \"ok\"}\n"}
,{"stream_name":"stdout","time":1989.665440037,"data":"{\"op\": \"as_strided\", \"dtype\": \"int64\", \"samples\": 3, \"diffs\": [], \"errors\": [], \"verdict\": \"ok\"}\n"}
,{"stream_name":"stdout","time":1989.665444747,"data":"{\"op\": \"as_strided\", \"dtype\": \"float64\", \"samples\": 3, \"diffs\": [], \"errors\": [], \"verdict\": \"ok\"}\n"}
,{"stream_name":"stdout","time":1989.665448685,"data":"{\"op\": \"as_strided\", \"dtype\": \"complex64\", \"samples\": 3, \"diffs\": [], \"errors\": [], \"verdict\": \"ok\"}\n"}
,{"stream_name":"stdout","time":1989.665454511,"data":"{\"op\": \"as_strided_copy\", \"dtype\": \"int64\", \"samples\": 3, \"diffs\": [], \"errors\": [], \"verdict\": \"ok\"}\n"}
,{"stream_name":"stdout","time":1989.665460063,"data":"{\"op\": \"as_strided_copy\", \"dtype\": \"float64\", \"samples\": 3, \"diffs\": [], \"errors\": [], \"verdict\": \"ok\"}\n"}
,{"stream_name":"stdout","time":1989.665465481,"data":"{\"op\": \"as_strided_copy\", \"dtype\": \"complex64\", \"samples\": 3, \"diffs\": [], \"errors\": [], \"verdict\": \"ok\"}\n"}
,{"stream_name":"stdout","time":1989.665470777,"data":"{\"op\": \"as_strided_scatter\", \"dtype\": \"int64\", \"samples\": 3, \"diffs\": [], \"errors\": [], \"verdict\": \"ok\"}\n"}
,{"stream_name":"stdout","time":1989.665475346,"data":"{\"op\": \"as_strided_scatter\", \"dtype\": \"float64\", \"samples\": 3, \"diffs\": [], \"errors\": [], \"verdict\": \"ok\"}\n"}
,{"stream_name":"stdout","time":1989.665482159,"data":"{\"op\": \"as_strided_scatter\", \"dtype\": \"complex64\", \"samples\": 3, \"diffs\": [], \"errors\": [], \"verdict\": \"ok\"}\n"}
,{"stream_name":"stdout","time":1989.665491139,"data":"{\"op\": \"native_group_norm\", \"dtype\": \"float64\", \"samples\": 3, \"diffs\": [{\"i\": 0, \"class\": \"VALUE\", \"detail\": \"nan pattern at [0, 0]: eager nan compiled inf\", \"repr\": \"SampleInput(input=tensor([[[ 4.1776,  2.0474, -4.0760],\\n         [-3.0637, -3.3422, -5.4398],\\n         [ 4.4805,  2.6850, -3.8432],\\n         [-3.0355, -2.1461, -2.6718],\\n         [-7.7232, -8.5962, -0.5242],\\n         [-3.2520,  6.8468, -0.6113]]], dtype=torch.float64), args=(tensor([-4.8270, -7.5824\"}, {\"i\": 1, \"class\": \"VALUE\", \"detail\": \"nan pattern at [0, 0]: eager nan compiled inf\", \"repr\": \"SampleInput(input=tensor([[[-4.8270, -7.5824, -0.6047],\\n         [-1.5412, -1.9719, -4.1460],\\n         [-5.4215, -4.7842, -4.1508],\\n         [ 7.3808,  5.5761, -8.3157],\\n         [ 4.1776,  2.0474, -4.0760],\\n         [-3.0637, -3.3422, -5.4398]]], dtype=torch.float64), args=(tensor([-4.8270, -7.5824\"}, {\"i\": 2, \"class\": \"VALUE\", \"detail\": \"nan pattern at [0, 0]: eager nan compiled inf\", \"repr\": \"SampleInput(input=tensor([[[-4.8270, -7.5824, -0.6047],\\n         [-1.5412, -1.9719, -4.1460],\\n         [-5.4215, -4.7842, -4.1508],\\n         [ 7.3808,  5.5761, -8.3157],\\n         [ 4.1776,  2.0474, -4.0760],\\n         [-3.0637, -3.3422, -5.4398]]], dtype=torch.float64), args=(tensor([-4.8270, -7.5824\"}], \"errors\": [], \"verdict\": \"DIFF:VALUE\"}\n"}
,{"stream_name":"stdout","time":1989.665502057,"data":"{\"op\": \"native_layer_norm\", \"dtype\": \"float64\", \"samples\": 3, \"diffs\": [], \"errors\": [], \"verdict\": \"ok\"}\n"}
,{"stream_name":"stdout","time":1989.665506904,"data":"{\"op\": \"native_batch_norm\", \"dtype\": \"float64\", \"samples\": 3, \"diffs\": [{\"i\": 1, \"class\": \"VALUE\", \"detail\": \"nan pattern at [1, 0, 3]: eager 0.0 compiled nan\", \"repr\": \"SampleInput(input=tensor([[[-4.1508,  7.3808,  5.5761, -8.3157],\\n         [ 4.1776,  2.0474, -4.0760, -3.0637]],\\n\\n        [[-3.3422, -5.4398,  4.4805,  2.6850],\\n         [-3.8432, -3.0355, -2.1461, -2.6718]],\\n\\n        [[-7.7232, -8.5962, -0.5242, -3.2520],\\n         [ 6.8468, -0.6113,  8.5120, -3.903\"}], \"errors\": [], \"verdict\": \"DIFF:VALUE\"}\n"}
,{"stream_name":"stdout","time":1989.665516547,"data":"{\"op\": \"_native_batch_norm_legit\", \"dtype\": \"float64\", \"samples\": 3, \"diffs\": [{\"i\": 1, \"class\": \"VALUE\", \"detail\": \"nan pattern at [1, 0, 3]: eager 0.0 compiled nan\", \"repr\": \"SampleInput(input=tensor([[[-4.1508,  7.3808,  5.5761, -8.3157],\\n         [ 4.1776,  2.0474, -4.0760, -3.0637]],\\n\\n        [[-3.3422, -5.4398,  4.4805,  2.6850],\\n         [-3.8432, -3.0355, -2.1461, -2.6718]],\\n\\n        [[-7.7232, -8.5962, -0.5242, -3.2520],\\n         [ 6.8468, -0.6113,  8.5120, -3.903\"}], \"errors\": [], \"verdict\": \"DIFF:VALUE\"}\n"}
,{"stream_name":"stdout","time":1989.665523165,"data":"{\"op\": \"_batch_norm_with_update\", \"dtype\": \"float64\", \"samples\": 3, \"diffs\": [{\"i\": 1, \"class\": \"SIGNZERO\", \"detail\": \"sign of zero\", \"repr\": \"SampleInput(input=tensor([[[-4.1508,  7.3808,  5.5761, -8.3157],\\n         [ 4.1776,  2.0474, -4.0760, -3.0637]],\\n\\n        [[-3.3422, -5.4398,  4.4805,  2.6850],\\n         [-3.8432, -3.0355, -2.1461, -2.6718]],\\n\\n        [[-7.7232, -8.5962, -0.5242, -3.2520],\\n         [ 6.8468, -0.6113,  8.5120, -3.903\"}], \"errors\": [], \"verdict\": \"DIFF:SIGNZERO\"}\n"}
,{"stream_name":"stdout","time":1989.665530648,"data":"{\"op\": \"nn.functional.cosine_similarity\", \"dtype\": \"float64\", \"samples\": 3, \"diffs\": [], \"errors\": [], \"verdict\": \"ok\"}\n"}
,{"stream_name":"stdout","time":1989.665537018,"data":"{\"op\": \"nn.functional.adaptive_avg_pool1d\", \"dtype\": \"float64\", \"samples\": 3, \"diffs\": [], \"errors\": [], \"verdict\": \"ok\"}\n"}
,{"stream_name":"stdout","time":1989.665547131,"data":"{\"op\": \"nn.functional.adaptive_avg_pool2d\", \"dtype\": \"float64\", \"samples\": 3, \"diffs\": [], \"errors\": [], \"verdict\": \"ok\"}\n"}
,{"stream_name":"stdout","time":1989.665551314,"data":"{\"op\": \"nn.functional.adaptive_avg_pool3d\", \"dtype\": \"float64\", \"samples\": 3, \"diffs\": [], \"errors\": [], \"verdict\": \"ok\"}\n"}
,{"stream_name":"stdout","time":1989.665556325,"data":"{\"op\": \"nn.functional.adaptive_max_pool1d\", \"dtype\": \"float64\", \"samples\": 3, \"diffs\": [{\"i\": 0, \"class\": \"VALUE\", \"detail\": \"value at [0, 2, 1]: eager 2 compiled 1\", \"repr\": \"SampleInput(input=tensor([[[-4.8270, -7.5824, -0.6047, -1.5412],\\n         [-1.9719, -4.1460, -5.4215, -4.7842],\\n         [-4.1508,  7.3808,  5.5761, -8.3157],\\n         [ 4.1776,  2.0474, -4.0760, -3.0637]],\\n\\n        [[-3.3422, -5.4398,  4.4805,  2.6850],\\n         [-3.8432, -3.0355, -2.1461, -2.6718]\"}, {\"i\": 1, \"class\": \"VALUE\", \"detail\": \"value at [2, 1]: eager 2 compiled 1\", \"repr\": \"SampleInput(input=tensor([[-4.8270, -7.5824, -0.6047, -1.5412],\\n        [-1.9719, -4.1460, -5.4215, -4.7842],\\n        [-4.1508,  7.3808,  5.5761, -8.3157],\\n        [ 4.1776,  2.0474, -4.0760, -3.0637]], dtype=torch.float64), args=(3, True), kwargs={}, broadcasts_input=False, name='')\"}], \"errors\": [], \"verdict\": \"DIFF:VALUE\"}\n"}
,{"stream_name":"stdout","time":1989.665563252,"data":"{\"op\": \"nn.functional.adaptive_max_pool2d\", \"dtype\": \"float64\", \"samples\": 3, \"diffs\": [{\"i\": 0, \"class\": \"VALUE\", \"detail\": \"value at [0, 0, 1, 1]: eager 10 compiled 9\", \"repr\": \"SampleInput(input=tensor([[[[-4.8270, -7.5824, -0.6047, -1.5412],\\n          [-1.9719, -4.1460, -5.4215, -4.7842],\\n          [-4.1508,  7.3808,  5.5761, -8.3157],\\n          [ 4.1776,  2.0474, -4.0760, -3.0637]],\\n\\n         [[-3.3422, -5.4398,  4.4805,  2.6850],\\n          [-3.8432, -3.0355, -2.1461, -2\"}, {\"i\": 1, \"class\": \"VALUE\", \"detail\": \"value at [0, 1, 1]: eager 10 compiled 9\", \"repr\": \"SampleInput(input=tensor([[[-4.8270, -7.5824, -0.6047, -1.5412],\\n         [-1.9719, -4.1460, -5.4215, -4.7842],\\n         [-4.1508,  7.3808,  5.5761, -8.3157],\\n         [ 4.1776,  2.0474, -4.0760, -3.0637]],\\n\\n        [[-3.3422, -5.4398,  4.4805,  2.6850],\\n         [-3.8432, -3.0355, -2.1461, -2.6718]\"}], \"errors\": [], \"verdict\": \"DIFF:VALUE\"}\n"}
,{"stream_name":"stdout","time":1989.665571379,"data":"{\"op\": \"nn.functional.adaptive_max_pool3d\", \"dtype\": \"float64\", \"samples\": 3, \"diffs\": [], \"errors\": [], \"verdict\": \"ok\"}\n"}
,{"stream_name":"stdout","time":1989.66557719,"data":"{\"op\": \"nn.functional.avg_pool1d\", \"dtype\": \"int64\", \"samples\": 3, \"diffs\": [], \"errors\": [], \"verdict\": \"ok\"}\n"}
,{"stream_name":"stdout","time":1989.665582629,"data":"{\"op\": \"nn.functional.avg_pool1d\", \"dtype\": \"float64\", \"samples\": 3, \"diffs\": [], \"errors\": [], \"verdict\": \"ok\"}\n"}
,{"stream_name":"stdout","time":1989.665587857,"data":"{\"op\": \"nn.functional.avg_pool3d\", \"dtype\": \"int64\", \"samples\": 3, \"diffs\": [], \"errors\": [], \"verdict\": \"ok\"}\n"}
,{"stream_name":"stdout","time":1989.665592499,"data":"{\"op\": \"nn.functional.avg_pool3d\", \"dtype\": \"float64\", \"samples\": 3, \"diffs\": [], \"errors\": [], \"verdict\": \"ok\"}\n"}
,{"stream_name":"stdout","time":1989.665597735,"data":"{\"op\": \"nn.functional.binary_cross_entropy_with_logits\", \"dtype\": \"float64\", \"samples\": 3, \"diffs\": [], \"errors\": [], \"verdict\": \"ok\"}\n"}
,{"stream_name":"stdout","time":1989.665602418,"data":"{\"op\": \"nn.functional.conv_transpose1d\", \"dtype\": \"int64\", \"samples\": 3, \"diffs\": [], \"errors\": [], \"verdict\": \"ok\"}\n"}
,{"stream_name":"stdout","time":1989.665607587,"data":"{\"op\": \"nn.functional.conv_transpose1d\", \"dtype\": \"float64\", \"samples\": 3, \"diffs\": [], \"errors\": [], \"verdict\": \"ok\"}\n"}
,{"stream_name":"stdout","time":1989.665617658,"data":"{\"op\": \"nn.functional.conv_transpose1d\", \"dtype\": \"complex64\", \"samples\": 3, \"diffs\": [], \"errors\": [], \"verdict\": \"ok\"}\n"}
,{"stream_name":"stdout","time":1989.665622936,"data":"{\"op\": \"nn.functional.conv_transpose2d\", \"dtype\": \"int64\", \"samples\": 3, \"diffs\": [], \"errors\": [], \"verdict\": \"ok\"}\n"}
,{"stream_name":"stdout","time":1989.665628217,"data":"{\"op\": \"nn.functional.conv_transpose2d\", \"dtype\": \"float64\", \"samples\": 3, \"diffs\": [], \"errors\": [], \"verdict\": \"ok\"}\n"}
,{"stream_name":"stdout","time":1989.665634498,"data":"{\"op\": \"nn.functional.conv_transpose2d\", \"dtype\": \"complex64\", \"samples\": 3, \"diffs\": [], \"errors\": [], \"verdict\": \"ok\"}\n"}
,{"stream_name":"stdout","time":1989.665640652,"data":"{\"op\": \"nn.functional.conv_transpose3d\", \"dtype\": \"int64\", \"samples\": 3, \"diffs\": [], \"errors\": [], \"verdict\": \"ok\"}\n"}
,{"stream_name":"stdout","time":1989.665645189,"data":"{\"op\": \"nn.functional.conv_transpose3d\", \"dtype\": \"float64\", \"samples\": 3, \"diffs\": [], \"errors\": [], \"verdict\": \"ok\"}\n"}
,{"stream_name":"stdout","time":1989.665650361,"data":"{\"op\": \"nn.functional.conv_transpose3d\", \"dtype\": \"complex64\", \"samples\": 3, \"diffs\": [], \"errors\": [], \"verdict\": \"ok\"}\n"}
,{"stream_name":"stdout","time":1989.665655277,"data":"{\"op\": \"nn.functional.conv1d\", \"dtype\": \"int64\", \"samples\": 3, \"diffs\": [], \"errors\": [], \"verdict\": \"ok\"}\n"}
,{"stream_name":"stdout","time":1989.665660892,"data":"{\"op\": \"nn.functional.conv1d\", \"dtype\": \"float64\", \"samples\": 3, \"diffs\": [], \"errors\": [], \"verdict\": \"ok\"}\n"}
,{"stream_name":"stdout","time":1989.665665862,"data":"{\"op\": \"nn.functional.conv1d\", \"dtype\": \"complex64\", \"samples\": 3, \"diffs\": [], \"errors\": [], \"verdict\": \"ok\"}\n"}
,{"stream_name":"stdout","time":1989.665672872,"data":"{\"op\": \"nn.functional.conv2d\", \"dtype\": \"int64\", \"samples\": 3, \"diffs\": [], \"errors\": [], \"verdict\": \"ok\"}\n"}
,{"stream_name":"stdout","time":1989.665678038,"data":"{\"op\": \"nn.functional.conv2d\", \"dtype\": \"float64\", \"samples\": 3, \"diffs\": [], \"errors\": [], \"verdict\": \"ok\"}\n"}
,{"stream_name":"stdout","time":1989.665743472,"data":"{\"op\": \"nn.functional.conv2d\", \"dtype\": \"complex64\", \"samples\": 3, \"diffs\": [], \"errors\": [], \"verdict\": \"ok\"}\n"}
,{"stream_name":"stdout","time":1989.665750908,"data":"{\"op\": \"nn.functional.conv3d\", \"dtype\": \"int64\", \"samples\": 3, \"diffs\": [], \"errors\": [], \"verdict\": \"ok\"}\n"}
,{"stream_name":"stdout","time":1989.665755968,"data":"{\"op\": \"nn.functional.conv3d\", \"dtype\": \"float64\", \"samples\": 3, \"diffs\": [], \"errors\": [], \"verdict\": \"ok\"}\n"}
,{"stream_name":"stdout","time":1989.665761659,"data":"{\"op\": \"nn.functional.conv3d\", \"dtype\": \"complex64\", \"samples\": 3, \"diffs\": [], \"errors\": [], \"verdict\": \"ok\"}\n"}
,{"stream_name":"stdout","time":1989.665768465,"data":"{\"op\": \"nn.functional.group_norm\", \"dtype\": \"float64\", \"samples\": 3, \"diffs\": [], \"errors\": [], \"verdict\": \"ok\"}\n"}
,{"stream_name":"stdout","time":1989.665773704,"data":"{\"op\": \"nn.functional.instance_norm\", \"dtype\": \"float64\", \"samples\": 3, \"diffs\": [{\"i\": 0, \"class\": \"SIGNZERO\", \"detail\": \"sign of zero\", \"repr\": \"SampleInput(input=tensor([[[-3.8432, -3.0355, -2.1461, -2.6718, -7.7232],\\n         [-8.5962, -0.5242, -3.2520,  6.8468, -0.6113],\\n         [ 8.5120, -3.9030,  5.3708, -1.1798, -3.1237],\\n         [ 8.6853, -7.4478, -6.6799,  0.0768, -3.9763],\\n         [-0.1930, -1.4410,  8.7050, -6.1891,  5.2478]],\\n\\n\"}, {\"i\": 1, \"class\": \"SIGNZERO\", \"detail\": \"sign of zero\", \"repr\": \"SampleInput(input=tensor([[[-3.8432, -3.0355, -2.1461, -2.6718, -7.7232],\\n         [-8.5962, -0.5242, -3.2520,  6.8468, -0.6113],\\n         [ 8.5120, -3.9030,  5.3708, -1.1798, -3.1237],\\n         [ 8.6853, -7.4478, -6.6799,  0.0768, -3.9763],\\n         [-0.1930, -1.4410,  8.7050, -6.1891,  5.2478]],\\n\\n\"}, {\"i\": 2, \"class\": \"SIGNZERO\", \"detail\": \"sign of zero\", \"repr\": \"SampleInput(input=tensor([[[-4.1508,  7.3808,  5.5761, -8.3157],\\n         [ 4.1776,  2.0474, -4.0760, -3.0637]],\\n\\n        [[-3.3422, -5.4398,  4.4805,  2.6850],\\n         [-3.8432, -3.0355, -2.1461, -2.6718]],\\n\\n        [[-7.7232, -8.5962, -0.5242, -3.2520],\\n         [ 6.8468, -0.6113,  8.5120, -3.903\"}], \"errors\": [], \"verdict\": \"DIFF:SIGNZERO\"}\n"}
,{"stream_name":"stdout","time":1989.665791356,"data":"{\"op\": \"nn.functional.layer_norm\", \"dtype\": \"float64\", \"samples\": 3, \"diffs\": [], \"errors\": [], \"verdict\": \"ok\"}\n"}
,{"stream_name":"stdout","time":1989.665797077,"data":"{\"op\": \"nn.functional.rms_norm\", \"dtype\": \"float64\", \"samples\": 3, \"diffs\": [], \"errors\": [], \"verdict\": \"ok\"}\n"}
,{"stream_name":"stdout","time":1989.665801855,"data":"{\"op\": \"nn.functional.rms_norm\", \"dtype\": \"complex64\", \"samples\": 3, \"diffs\": [], \"errors\": [], \"verdict\": \"ok\"}\n"}
,{"stream_name":"stdout","time":1989.665806308,"data":"{\"op\": \"nn.functional.local_response_norm\", \"dtype\": \"int64\", \"samples\": 3, \"diffs\": [], \"errors\": [], \"verdict\": \"ok\"}\n"}
,{"stream_name":"stdout","time":1989.665820724,"data":"{\"op\": \"nn.functional.local_response_norm\", \"dtype\": \"float64\", \"samples\": 3, \"diffs\": [], \"errors\": [], \"verdict\": \"ok\"}\n"}
,{"stream_name":"stdout","time":1989.665828311,"data":"{\"op\": \"constant_pad_nd\", \"dtype\": \"int64\", \"samples\": 3, \"diffs\": [], \"errors\": [], \"verdict\": \"ok\"}\n"}
,{"stream_name":"stdout","time":1989.665833488,"data":"{\"op\": \"constant_pad_nd\", \"dtype\": \"float64\", \"samples\": 3, \"diffs\": [], \"errors\": [], \"verdict\": \"ok\"}\n"}
,{"stream_name":"stdout","time":1989.665838555,"data":"{\"op\": \"constant_pad_nd\", \"dtype\": \"complex64\", \"samples\": 3, \"diffs\": [], \"errors\": [], \"verdict\": \"ok\"}\n"}
,{"stream_name":"stdout","time":1989.665844958,"data":"{\"op\": \"nn.functional.pad\", \"dtype\": \"int64\", \"samples\": 3, \"diffs\": [], \"errors\": [], \"verdict\": \"ok\"}\n"}
,{"stream_name":"stdout","time":1989.665849918,"data":"{\"op\": \"nn.functional.pad\", \"dtype\": \"float64\", \"samples\": 3, \"diffs\": [], \"errors\": [], \"verdict\": \"ok\"}\n"}
,{"stream_name":"stdout","time":1989.665854513,"data":"{\"op\": \"nn.functional.pad\", \"dtype\": \"complex64\", \"samples\": 3, \"diffs\": [], \"errors\": [], \"verdict\": \"ok\"}\n"}
,{"stream_name":"stdout","time":1989.665859328,"data":"{\"op\": \"nn.functional.pad\", \"dtype\": \"int64\", \"samples\": 3, \"diffs\": [], \"errors\": [], \"verdict\": \"ok\"}\n"}
,{"stream_name":"stdout","time":1989.665865411,"data":"{\"op\": \"nn.functional.pad\", \"dtype\": \"float64\", \"samples\": 3, \"diffs\": [], \"errors\": [], \"verdict\": \"ok\"}\n"}
,{"stream_name":"stdout","time":1989.665871235,"data":"{\"op\": \"nn.functional.pad\", \"dtype\": \"complex64\", \"samples\": 3, \"diffs\": [], \"errors\": [], \"verdict\": \"ok\"}\n"}
,{"stream_name":"stdout","time":1989.665875794,"data":"{\"op\": \"nn.functional.pad\", \"dtype\": \"int64\", \"samples\": 3, \"diffs\": [], \"errors\": [], \"verdict\": \"ok\"}\n"}
,{"stream_name":"stdout","time":1989.665880385,"data":"{\"op\": \"nn.functional.pad\", \"dtype\": \"float64\", \"samples\": 3, \"diffs\": [], \"errors\": [], \"verdict\": \"ok\"}\n"}
,{"stream_name":"stdout","time":1989.665884599,"data":"{\"op\": \"nn.functional.pad\", \"dtype\": \"complex64\", \"samples\": 3, \"diffs\": [], \"errors\": [], \"verdict\": \"ok\"}\n"}
,{"stream_name":"stdout","time":1989.665893424,"data":"{\"op\": \"nn.functional.pad\", \"dtype\": \"int64\", \"samples\": 3, \"diffs\": [], \"errors\": [], \"verdict\": \"ok\"}\n"}
,{"stream_name":"stdout","time":1989.665899249,"data":"{\"op\": \"nn.functional.pad\", \"dtype\": \"float64\", \"samples\": 3, \"diffs\": [], \"errors\": [], \"verdict\": \"ok\"}\n"}
,{"stream_name":"stdout","time":1989.665905057,"data":"{\"op\": \"nn.functional.pad\", \"dtype\": \"complex64\", \"samples\": 3, \"diffs\": [], \"errors\": [], \"verdict\": \"ok\"}\n"}
,{"stream_name":"stdout","time":1989.665909162,"data":"{\"op\": \"nn.functional.pad\", \"dtype\": \"int64\", \"samples\": 3, \"diffs\": [], \"errors\": [], \"verdict\": \"ok\"}\n"}
,{"stream_name":"stdout","time":1989.665914512,"data":"{\"op\": \"nn.functional.pad\", \"dtype\": \"float64\", \"samples\": 3, \"diffs\": [], \"errors\": [], \"verdict\": \"ok\"}\n"}
,{"stream_name":"stdout","time":1989.665919068,"data":"{\"op\": \"nn.functional.pad\", \"dtype\": \"complex64\", \"samples\": 3, \"diffs\": [], \"errors\": [], \"verdict\": \"ok\"}\n"}
,{"stream_name":"stdout","time":1989.665923412,"data":"{\"op\": \"nn.functional.hardswish\", \"dtype\": \"float64\", \"samples\": 3, \"diffs\": [], \"errors\": [], \"verdict\": \"ok\"}\n"}
,{"stream_name":"stdout","time":1989.665928348,"data":"{\"op\": \"nn.functional.unfold\", \"dtype\": \"float64\", \"samples\": 3, \"diffs\": [], \"errors\": [], \"verdict\": \"ok\"}\n"}
,{"stream_name":"stdout","time":1989.665982068,"data":"{\"op\": \"nn.functional.unfold\", \"dtype\": \"complex64\", \"samples\": 3, \"diffs\": [], \"errors\": [], \"verdict\": \"ok\"}\n"}
,{"stream_name":"stdout","time":1989.665988747,"data":"{\"op\": \"_upsample_bilinear2d_aa\", \"dtype\": \"float64\", \"samples\": 3, \"diffs\": [], \"errors\": [], \"verdict\": \"ok\"}\n"}
,{"stream_name":"stdout","time":1989.665992992,"data":"{\"op\": \"nn.functional.soft_margin_loss\", \"dtype\": \"float64\", \"samples\": 3, \"diffs\": [], \"errors\": [], \"verdict\": \"ok\"}\n"}
,{"stream_name":"stdout","time":1989.665997977,"data":"{\"op\": \"nn.functional.margin_ranking_loss\", \"dtype\": \"int64\", \"samples\": 3, \"diffs\": [], \"errors\": [], \"verdict\": \"ok\"}\n"}
,{"stream_name":"stdout","time":1989.66600321,"data":"{\"op\": \"nn.functional.margin_ranking_loss\", \"dtype\": \"float64\", \"samples\": 3, \"diffs\": [], \"errors\": [], \"verdict\": \"ok\"}\n"}
,{"stream_name":"stdout","time":1989.666008997,"data":"{\"op\": \"nn.functional.multi_margin_loss\", \"dtype\": \"float64\", \"samples\": 3, \"diffs\": [], \"errors\": [], \"verdict\": \"ok\"}\n"}
,{"stream_name":"stdout","time":1989.666014974,"data":"{\"op\": \"nn.functional.multilabel_margin_loss\", \"dtype\": \"float64\", \"samples\": 3, \"diffs\": [{\"i\": 2, \"class\": \"VALUE\", \"detail\": \"nan pattern at []: eager inf compiled nan\", \"repr\": \"SampleInput(input=tensor([[-4.8270, -7.5824, -0.6047, -1.5412, -1.9719],\\n        [-4.1460, -5.4215, -4.7842, -4.1508,  7.3808],\\n        [ 5.5761, -8.3157,  4.1776,  2.0474, -4.0760],\\n        [-3.0637, -3.3422, -5.4398,  4.4805,  2.6850],\\n        [-3.8432, -3.0355, -2.1461, -2.6718, -7.7232],\\n       \"}], \"errors\": [], \"verdict\": \"DIFF:VALUE\"}\n"}
,{"stream_name":"stdout","time":1989.666022726,"data":"{\"op\": \"nn.functional.multilabel_soft_margin_loss\", \"dtype\": \"float64\", \"samples\": 3, \"diffs\": [], \"errors\": [], \"verdict\": \"ok\"}\n"}
,{"stream_name":"stdout","time":1989.666027271,"data":"{\"op\": \"nn.functional.avg_pool2d\", \"dtype\": \"int64\", \"samples\": 3, \"diffs\": [], \"errors\": [], \"verdict\": \"ok\"}\n"}
,{"stream_name":"stdout","time":1989.666032757,"data":"{\"op\": \"nn.functional.avg_pool2d\", \"dtype\": \"float64\", \"samples\": 3, \"diffs\": [], \"errors\": [], \"verdict\": \"ok\"}\n"}
,{"stream_name":"stdout","time":1989.666039905,"data":"{\"op\": \"nn.functional.max_pool1d\", \"dtype\": \"float64\", \"samples\": 3, \"diffs\": [], \"errors\": [], \"verdict\": \"ok\"}\n"}
,{"stream_name":"stdout","time":1989.666050568,"data":"{\"op\": \"nn.functional.max_pool2d\", \"dtype\": \"int64\", \"samples\": 3, \"diffs\": [], \"errors\": [], \"verdict\": \"ok\"}\n"}
,{"stream_name":"stdout","time":1989.666055879,"data":"{\"op\": \"nn.functional.max_pool2d\", \"dtype\": \"float64\", \"samples\": 3, \"diffs\": [], \"errors\": [], \"verdict\": \"ok\"}\n"}
,{"stream_name":"stdout","time":1989.666061045,"data":"{\"op\": \"max_pool2d_with_indices_backward\", \"dtype\": \"float64\", \"samples\": 3, \"diffs\": [], \"errors\": [], \"verdict\": \"ok\"}\n"}
,{"stream_name":"stdout","time":1989.666067518,"data":"{\"op\": \"nn.functional.max_pool3d\", \"dtype\": \"int64\", \"samples\": 3, \"diffs\": [], \"errors\": [], \"verdict\": \"ok\"}\n"}
,{"stream_name":"stdout","time":1989.666072878,"data":"{\"op\": \"nn.functional.max_pool3d\", \"dtype\": \"float64\", \"samples\": 3, \"diffs\": [{\"i\": 0, \"class\": \"VALUE\", \"detail\": \"value at [0, 0, 0, 0, 0]: eager 66 compiled 10\", \"repr\": \"SampleInput(input=tensor([[[[[-4.8270, -7.5824, -0.6047, -1.5412, -1.9719],\\n           [-4.1460, -5.4215, -4.7842, -4.1508,  7.3808],\\n           [ 5.5761, -8.3157,  4.1776,  2.0474, -4.0760],\\n           [-3.0637, -3.3422, -5.4398,  4.4805,  2.6850],\\n           [-3.8432, -3.0355, -2.1461, -2.6718, -7\"}, {\"i\": 2, \"class\": \"VALUE\", \"detail\": \"value at [0, 1, 0, 0, 0]: eager 60 compiled 32\", \"repr\": \"SampleInput(input=tensor([[[[[-4.8270, -7.5824, -0.6047, -1.5412, -1.9719],\\n           [-4.1460, -5.4215, -4.7842, -4.1508,  7.3808],\\n           [ 5.5761, -8.3157,  4.1776,  2.0474, -4.0760],\\n           [-3.0637, -3.3422, -5.4398,  4.4805,  2.6850],\\n           [-3.8432, -3.0355, -2.1461, -2.6718, -7\"}], \"errors\": [], \"verdict\": \"DIFF:VALUE\"}\n"}
,{"stream_name":"stdout","time":1989.666089545,"data":"{\"op\": \"nn.functional.linear\", \"dtype\": \"int64\", \"samples\": 3, \"diffs\": [], \"errors\": [], \"verdict\": \"ok\"}\n"}
,{"stream_name":"stdout","time":1989.666095679,"data":"{\"op\": \"nn.functional.linear\", \"dtype\": \"float64\", \"samples\": 3, \"diffs\": [], \"errors\": [], \"verdict\": \"ok\"}\n"}
,{"stream_name":"stdout","time":1989.666101138,"data":"{\"op\": \"nn.functional.linear\", \"dtype\": \"complex64\", \"samples\": 3, \"diffs\": [], \"errors\": [], \"verdict\": \"ok\"}\n"}
,{"stream_name":"stdout","time":1989.666105567,"data":"{\"op\": \"nn.functional.bilinear\", \"dtype\": \"int64\", \"samples\": 3, \"diffs\": [], \"errors\": [], \"verdict\": \"ok\"}\n"}
,{"stream_name":"stdout","time":1989.666110188,"data":"{\"op\": \"nn.functional.bilinear\", \"dtype\": \"float64\", \"samples\": 3, \"diffs\": [], \"errors\": [], \"verdict\": \"ok\"}\n"}
,{"stream_name":"stdout","time":1989.666114985,"data":"{\"op\": \"torch.ops.aten._safe_softmax.default\", \"dtype\": \"int64\", \"samples\": 3, \"diffs\": [], \"errors\": [], \"verdict\": \"ok\"}\n"}
,{"stream_name":"stdout","time":1989.666121527,"data":"{\"op\": \"torch.ops.aten._safe_softmax.default\", \"dtype\": \"float64\", \"samples\": 3, \"diffs\": [], \"errors\": [], \"verdict\": \"ok\"}\n"}
,{"stream_name":"stdout","time":1989.666127545,"data":"{\"op\": \"nn.functional.scaled_dot_product_attention\", \"dtype\": \"float64\", \"samples\": 3, \"diffs\": [], \"errors\": [], \"verdict\": \"ok\"}\n"}
,{"stream_name":"stdout","time":1989.666132917,"data":"{\"op\": \"torch.ops.aten._scaled_dot_product_flash_attention_for_cpu\", \"dtype\": \"float64\", \"samples\": 3, \"diffs\": [], \"errors\": [], \"verdict\": \"ok\"}\n"}
,{"stream_name":"stdout","time":1989.666137766,"data":"{\"op\": \"nn.functional.hardsigmoid\", \"dtype\": \"float64\", \"samples\": 3, \"diffs\": [], \"errors\": [], \"verdict\": \"ok\"}\n"}
,{"stream_name":"stdout","time":1989.666149884,"data":"{\"op\": \"nn.functional.logsigmoid\", \"dtype\": \"float64\", \"samples\": 3, \"diffs\": [], \"errors\": [], \"verdict\": \"ok\"}\n"}
,{"stream_name":"stdout","time":1989.666155229,"data":"{\"op\": \"nn.functional.mish\", \"dtype\": \"float64\", \"samples\": 3, \"diffs\": [], \"errors\": [], \"verdict\": \"ok\"}\n"}
,{"stream_name":"stdout","time":1989.666159726,"data":"{\"op\": \"nn.functional.softsign\", \"dtype\": \"int64\", \"samples\": 3, \"diffs\": [], \"errors\": [], \"verdict\": \"ok\"}\n"}
,{"stream_name":"stdout","time":1989.66616511,"data":"{\"op\": \"nn.functional.softsign\", \"dtype\": \"float64\", \"samples\": 3, \"diffs\": [], \"errors\": [], \"verdict\": \"ok\"}\n"}
,{"stream_name":"stdout","time":1989.666169831,"data":"{\"op\": \"nn.functional.softsign\", \"dtype\": \"complex64\", \"samples\": 3, \"diffs\": [], \"errors\": [], \"verdict\": \"ok\"}\n"}
,{"stream_name":"stdout","time":1989.666176405,"data":"{\"op\": \"nn.functional.tanhshrink\", \"dtype\": \"int64\", \"samples\": 3, \"diffs\": [], \"errors\": [], \"verdict\": \"ok\"}\n"}
,{"stream_name":"stdout","time":1989.666181817,"data":"{\"op\": \"nn.functional.tanhshrink\", \"dtype\": \"float64\", \"samples\": 3, \"diffs\": [], \"errors\": [], \"verdict\": \"ok\"}\n"}
,{"stream_name":"stdout","time":1989.666186056,"data":"{\"op\": \"nn.functional.tanhshrink\", \"dtype\": \"complex64\", \"samples\": 3, \"diffs\": [], \"errors\": [], \"verdict\": \"ok\"}\n"}
,{"stream_name":"stdout","time":1989.666190536,"data":"{\"op\": \"nn.functional.threshold\", \"dtype\": \"int64\", \"samples\": 3, \"diffs\": [], \"errors\": [], \"verdict\": \"ok\"}\n"}
,{"stream_name":"stdout","time":1989.666196961,"data":"{\"op\": \"nn.functional.threshold\", \"dtype\": \"float64\", \"samples\": 3, \"diffs\": [], \"errors\": [], \"verdict\": \"ok\"}\n"}
,{"stream_name":"stdout","time":1989.666202378,"data":"{\"op\": \"nn.functional.triplet_margin_loss\", \"dtype\": \"int64\", \"samples\": 3, \"diffs\": [], \"errors\": [], \"verdict\": \"ok\"}\n"}
,{"stream_name":"stdout","time":1989.66620676,"data":"{\"op\": \"nn.functional.triplet_margin_loss\", \"dtype\": \"float64\", \"samples\": 3, \"diffs\": [], \"errors\": [], \"verdict\": \"ok\"}\n"}
,{"stream_name":"stdout","time":1989.666211632,"data":"{\"op\": \"nn.functional.triplet_margin_loss\", \"dtype\": \"complex64\", \"samples\": 3, \"diffs\": [], \"errors\": [], \"verdict\": \"ok\"}\n"}
,{"stream_name":"stdout","time":1989.666216477,"data":"{\"op\": \"nn.functional.triplet_margin_with_distance_loss\", \"dtype\": \"int64\", \"samples\": 3, \"diffs\": [], \"errors\": [], \"verdict\": \"ok\"}\n"}
,{"stream_name":"stdout","time":1989.666222958,"data":"{\"op\": \"nn.functional.triplet_margin_with_distance_loss\", \"dtype\": \"float64\", \"samples\": 3, \"diffs\": [], \"errors\": [], \"verdict\": \"ok\"}\n"}
,{"stream_name":"stdout","time":1989.666231046,"data":"{\"op\": \"nn.functional.triplet_margin_with_distance_loss\", \"dtype\": \"complex64\", \"samples\": 3, \"diffs\": [], \"errors\": [], \"verdict\": \"ok\"}\n"}
,{"stream_name":"stdout","time":1989.666236196,"data":"{\"op\": \"nextafter\", \"dtype\": \"float64\", \"samples\": 3, \"diffs\": [], \"errors\": [], \"verdict\": \"ok\"}\n"}
,{"stream_name":"stdout","time":1989.666240157,"data":"{\"op\": \"to\", \"dtype\": \"int64\", \"samples\": 3, \"diffs\": [], \"errors\": [], \"verdict\": \"ok\"}\n"}
,{"stream_name":"stdout","time":1989.666244168,"data":"{\"op\": \"to\", \"dtype\": \"float64\", \"samples\": 3, \"diffs\": [], \"errors\": [], \"verdict\": \"ok\"}\n"}
,{"stream_name":"stdout","time":1989.666248313,"data":"{\"op\": \"to\", \"dtype\": \"complex64\", \"samples\": 3, \"diffs\": [], \"errors\": [], \"verdict\": \"ok\"}\n"}
,{"stream_name":"stdout","time":1989.666253279,"data":"{\"op\": \"nn.functional.batch_norm\", \"dtype\": \"float64\", \"samples\": 3, \"diffs\": [{\"i\": 1, \"class\": \"VALUE\", \"detail\": \"nan pattern at [1, 0, 3]: eager 0.0 compiled nan\", \"repr\": \"SampleInput(input=tensor([[[-4.1508,  7.3808,  5.5761, -8.3157],\\n         [ 4.1776,  2.0474, -4.0760, -3.0637]],\\n\\n        [[-3.3422, -5.4398,  4.4805,  2.6850],\\n         [-3.8432, -3.0355, -2.1461, -2.6718]],\\n\\n        [[-7.7232, -8.5962, -0.5242, -3.2520],\\n         [ 6.8468, -0.6113,  8.5120, -3.903\"}], \"errors\": [], \"verdict\": \"DIFF:VALUE\"}\n"}
,{"stream_name":"stdout","time":1989.666267547,"data":"{\"op\": \"nn.functional.binary_cross_entropy\", \"dtype\": \"float64\", \"samples\": 3, \"diffs\": [{\"i\": 2, \"class\": \"SILENT\", \"detail\": \"eager raises RuntimeError, compiled returns\"}], \"errors\": [], \"verdict\": \"DIFF:SILENT\"}\n"}
,{"stream_name":"stdout","time":1989.666273064,"data":"{\"op\": \"igamma\", \"dtype\": \"float64\", \"samples\": 3, \"diffs\": [], \"errors\": [], \"verdict\": \"ok\"}\n"}
,{"stream_name":"stdout","time":1989.666278054,"data":"{\"op\": \"igammac\", \"dtype\": \"float64\", \"samples\": 3, \"diffs\": [], \"errors\": [], \"verdict\": \"ok\"}\n"}
,{"stream_name":"stdout","time":1989.666283449,"data":"{\"op\": \"nn.functional.softshrink\", \"dtype\": \"float64\", \"samples\": 3, \"diffs\": [{\"i\": 0, \"class\": \"SIGNZERO\", \"detail\": \"sign of zero\", \"repr\": \"SampleInput(input=tensor([[-4.8270, -7.5824, -0.6047, -1.5412, -1.9719],\\n        [-4.1460, -5.4215, -4.7842, -4.1508,  7.3808],\\n        [ 5.5761, -8.3157,  4.1776,  2.0474, -4.0760],\\n        [-3.0637, -3.3422, -5.4398,  4.4805,  2.6850],\\n        [-3.8432, -3.0355, -2.1461, -2.6718, -7.7232]], dtype=\"}, {\"i\": 1, \"class\": \"SIGNZERO\", \"detail\": \"sign of zero\", \"repr\": \"SampleInput(input=tensor([[-4.8270, -7.5824, -0.6047, -1.5412, -1.9719],\\n        [-4.1460, -5.4215, -4.7842, -4.1508,  7.3808],\\n        [ 5.5761, -8.3157,  4.1776,  2.0474, -4.0760],\\n        [-3.0637, -3.3422, -5.4398,  4.4805,  2.6850],\\n        [-3.8432, -3.0355, -2.1461, -2.6718, -7.7232]], dtype=\"}, {\"i\": 2, \"class\": \"SIGNZERO\", \"detail\": \"sign of zero\", \"repr\": \"SampleInput(input=tensor([-4.8270, -7.5824, -0.6047, -1.5412, -1.9719, -4.1460, -5.4215, -4.7842,\\n        -4.1508,  7.3808,  5.5761, -8.3157,  4.1776,  2.0474, -4.0760, -3.0637,\\n        -3.3422, -5.4398,  4.4805,  2.6850], dtype=torch.float64), args=(), kwargs={}, broadcasts_input=False, name='')\"}], \"errors\": [], \"verdict\": \"DIFF:SIGNZERO\"}\n"}
,{"stream_name":"stdout","time":1989.666296038,"data":"{\"op\": \"nn.functional.hardshrink\", \"dtype\": \"float64\", \"samples\": 3, \"diffs\": [], \"errors\": [], \"verdict\": \"ok\"}\n"}
,{"stream_name":"stdout","time":1989.666300338,"data":"{\"op\": \"nn.functional.hardtanh\", \"dtype\": \"int64\", \"samples\": 3, \"diffs\": [], \"errors\": [], \"verdict\": \"ok\"}\n"}
,{"stream_name":"stdout","time":1989.666305407,"data":"{\"op\": \"nn.functional.hardtanh\", \"dtype\": \"float64\", \"samples\": 3, \"diffs\": [{\"i\": 1, \"class\": \"SIGNZERO\", \"detail\": \"sign of zero\", \"repr\": \"SampleInput(input=tensor([[-4.8270, -7.5824, -0.6047, -1.5412, -1.9719],\\n        [-4.1460, -5.4215, -4.7842, -4.1508,  7.3808],\\n        [ 5.5761, -8.3157,  4.1776,  2.0474, -4.0760],\\n        [-3.0637, -3.3422, -5.4398,  4.4805,  2.6850],\\n        [-3.8432, -3.0355, -2.1461, -2.6718, -7.7232]], dtype=\"}], \"errors\": [], \"verdict\": \"DIFF:SIGNZERO\"}\n"}
,{"stream_name":"stdout","time":1989.666312217,"data":"{\"op\": \"mm\", \"dtype\": \"int64\", \"samples\": 3, \"diffs\": [], \"errors\": [], \"verdict\": \"ok\"}\n"}
,{"stream_name":"stdout","time":1989.666319252,"data":"{\"op\": \"mm\", \"dtype\": \"float64\", \"samples\": 3, \"diffs\": [], \"errors\": [], \"verdict\": \"ok\"}\n"}
,{"stream_name":"stdout","time":1989.666324609,"data":"{\"op\": \"mm\", \"dtype\": \"complex64\", \"samples\": 3, \"diffs\": [], \"errors\": [], \"verdict\": \"ok\"}\n"}
,{"stream_name":"stdout","time":1989.666332878,"data":"{\"op\": \"mvlgamma\", \"dtype\": \"int64\", \"samples\": 3, \"diffs\": [], \"errors\": [], \"verdict\": \"ok\"}\n"}
,{"stream_name":"stdout","time":1989.666337932,"data":"{\"op\": \"mvlgamma\", \"dtype\": \"float64\", \"samples\": 3, \"diffs\": [], \"errors\": [], \"verdict\": \"ok\"}\n"}
,{"stream_name":"stdout","time":1989.666344606,"data":"{\"op\": \"mvlgamma\", \"dtype\": \"int64\", \"samples\": 3, \"diffs\": [], \"errors\": [], \"verdict\": \"ok\"}\n"}
,{"stream_name":"stdout","time":1989.666349842,"data":"{\"op\": \"mvlgamma\", \"dtype\": \"float64\", \"samples\": 3, \"diffs\": [], \"errors\": [], \"verdict\": \"ok\"}\n"}
,{"stream_name":"stdout","time":1989.666354217,"data":"{\"op\": \"mvlgamma\", \"dtype\": \"int64\", \"samples\": 3, \"diffs\": [], \"errors\": [], \"verdict\": \"ok\"}\n"}
,{"stream_name":"stdout","time":1989.666359986,"data":"{\"op\": \"mvlgamma\", \"dtype\": \"float64\", \"samples\": 3, \"diffs\": [], \"errors\": [], \"verdict\": \"ok\"}\n"}
,{"stream_name":"stdout","time":1989.66636728,"data":"{\"op\": \"ne\", \"dtype\": \"int64\", \"samples\": 3, \"diffs\": [], \"errors\": [], \"verdict\": \"ok\"}\n"}
,{"stream_name":"stdout","time":1989.66637186,"data":"{\"op\": \"ne\", \"dtype\": \"float64\", \"samples\": 3, \"diffs\": [], \"errors\": [], \"verdict\": \"ok\"}\n"}
,{"stream_name":"stdout","time":1989.66637617,"data":"{\"op\": \"ne\", \"dtype\": \"complex64\", \"samples\": 3, \"diffs\": [], \"errors\": [], \"verdict\": \"ok\"}\n"}
,{"stream_name":"stdout","time":1989.666380524,"data":"{\"op\": \"narrow\", \"dtype\": \"int64\", \"samples\": 3, \"diffs\": [], \"errors\": [], \"verdict\": \"ok\"}\n"}
,{"stream_name":"stdout","time":1989.6663848,"data":"{\"op\": \"narrow\", \"dtype\": \"float64\", \"samples\": 3, \"diffs\": [], \"errors\": [], \"verdict\": \"ok\"}\n"}
,{"stream_name":"stdout","time":1989.66638996,"data":"{\"op\": \"narrow\", \"dtype\": \"complex64\", \"samples\": 3, \"diffs\": [], \"errors\": [], \"verdict\": \"ok\"}\n"}
,{"stream_name":"stdout","time":1989.666395912,"data":"{\"op\": \"narrow_copy\", \"dtype\": \"int64\", \"samples\": 3, \"diffs\": [], \"errors\": [], \"verdict\": \"ok\"}\n"}
,{"stream_name":"stdout","time":1989.666400518,"data":"{\"op\": \"narrow_copy\", \"dtype\": \"float64\", \"samples\": 3, \"diffs\": [], \"errors\": [], \"verdict\": \"ok\"}\n"}
,{"stream_name":"stdout","time":1989.666405694,"data":"{\"op\": \"narrow_copy\", \"dtype\": \"complex64\", \"samples\": 3, \"diffs\": [], \"errors\": [], \"verdict\": \"ok\"}\n"}
,{"stream_name":"stdout","time":1989.66641038,"data":"{\"op\": \"view_copy\", \"dtype\": \"int64\", \"samples\": 3, \"diffs\": [], \"errors\": [], \"verdict\": \"ok\"}\n"}
,{"stream_name":"stdout","time":1989.666414718,"data":"{\"op\": \"view_copy\", \"dtype\": \"float64\", \"samples\": 3, \"diffs\": [], \"errors\": [], \"verdict\": \"ok\"}\n"}
,{"stream_name":"stdout","time":1989.666419612,"data":"{\"op\": \"view_copy\", \"dtype\": \"complex64\", \"samples\": 3, \"diffs\": [], \"errors\": [], \"verdict\": \"ok\"}\n"}
,{"stream_name":"stdout","time":1989.666426329,"data":"{\"op\": \"neg\", \"dtype\": \"int64\", \"samples\": 1, \"diffs\": [], \"errors\": [], \"verdict\": \"ok\"}\n"}
,{"stream_name":"stdout","time":1989.666431528,"data":"{\"op\": \"neg\", \"dtype\": \"float64\", \"samples\": 1, \"diffs\": [], \"errors\": [], \"verdict\": \"ok\"}\n"}
,{"stream_name":"stdout","time":1989.666435903,"data":"{\"op\": \"neg\", \"dtype\": \"complex64\", \"samples\": 1, \"diffs\": [], \"errors\": [], \"verdict\": \"ok\"}\n"}
,{"stream_name":"stdout","time":1989.666440968,"data":"{\"op\": \"dist\", \"dtype\": \"float64\", \"samples\": 3, \"diffs\": [], \"errors\": [], \"verdict\": \"ok\"}\n"}
,{"stream_name":"stdout","time":1989.666452152,"data":"{\"op\": \"dist\", \"dtype\": \"complex64\", \"samples\": 3, \"diffs\": [], \"errors\": [], \"verdict\": \"ok\"}\n"}
,{"stream_name":"stdout","time":1989.666457376,"data":"{\"op\": \"outer\", \"dtype\": \"int64\", \"samples\": 1, \"diffs\": [], \"errors\": [], \"verdict\": \"ok\"}\n"}
,{"stream_name":"stdout","time":1989.666461923,"data":"{\"op\": \"outer\", \"dtype\": \"float64\", \"samples\": 1, \"diffs\": [], \"errors\": [], \"verdict\": \"ok\"}\n"}
,{"stream_name":"stdout","time":1989.666466363,"data":"{\"op\": \"outer\", \"dtype\": \"complex64\", \"samples\": 1, \"diffs\": [], \"errors\": [], \"verdict\": \"ok\"}\n"}
,{"stream_name":"stdout","time":1989.666472957,"data":"{\"op\": \"permute\", \"dtype\": \"int64\", \"samples\": 3, \"diffs\": [], \"errors\": [], \"verdict\": \"ok\"}\n"}
,{"stream_name":"stdout","time":1989.666479049,"data":"{\"op\": \"permute\", \"dtype\": \"float64\", \"samples\": 3, \"diffs\": [], \"errors\": [], \"verdict\": \"ok\"}\n"}
,{"stream_name":"stdout","time":1989.666483468,"data":"{\"op\": \"permute\", \"dtype\": \"complex64\", \"samples\": 3, \"diffs\": [], \"errors\": [], \"verdict\": \"ok\"}\n"}
,{"stream_name":"stdout","time":1989.666488405,"data":"{\"op\": \"permute_copy\", \"dtype\": \"int64\", \"samples\": 3, \"diffs\": [], \"errors\": [], \"verdict\": \"ok\"}\n"}
,{"stream_name":"stdout","time":1989.666492748,"data":"{\"op\": \"permute_copy\", \"dtype\": \"float64\", \"samples\": 3, \"diffs\": [], \"errors\": [], \"verdict\": \"ok\"}\n"}
,{"stream_name":"stdout","time":1989.666497526,"data":"{\"op\": \"permute_copy\", \"dtype\": \"complex64\", \"samples\": 3, \"diffs\": [], \"errors\": [], \"verdict\": \"ok\"}\n"}
,{"stream_name":"stdout","time":1989.666502248,"data":"{\"op\": \"pow\", \"dtype\": \"int64\", \"samples\": 3, \"diffs\": [], \"errors\": [], \"verdict\": \"ok\"}\n"}
,{"stream_name":"stdout","time":1989.6665069,"data":"{\"op\": \"pow\", \"dtype\": \"float64\", \"samples\": 3, \"diffs\": [], \"errors\": [], \"verdict\": \"ok\"}\n"}
,{"stream_name":"stdout","time":1989.666511061,"data":"{\"op\": \"pow\", \"dtype\": \"complex64\", \"samples\": 3, \"diffs\": [], \"errors\": [], \"verdict\": \"ok\"}\n"}
,{"stream_name":"stdout","time":1989.666515398,"data":"{\"op\": \"float_power\", \"dtype\": \"int64\", \"samples\": 3, \"diffs\": [], \"errors\": [], \"verdict\": \"ok\"}\n"}
,{"stream_name":"stdout","time":1989.666521561,"data":"{\"op\": \"float_power\", \"dtype\": \"float64\", \"samples\": 3, \"diffs\": [], \"errors\": [], \"verdict\": \"ok\"}\n"}
,{"stream_name":"stdout","time":1989.666527578,"data":"{\"op\": \"float_power\", \"dtype\": \"complex64\", \"samples\": 3, \"diffs\": [], \"errors\": [], \"verdict\": \"ok\"}\n"}
,{"stream_name":"stdout","time":1989.666544973,"data":"{\"op\": \"rad2deg\", \"dtype\": \"int64\", \"samples\": 1, \"diffs\": [], \"errors\": [], \"verdict\": \"ok\"}\n"}
,{"stream_name":"stdout","time":1989.666551231,"data":"{\"op\": \"rad2deg\", \"dtype\": \"float64\", \"samples\": 1, \"diffs\": [], \"errors\": [], \"verdict\": \"ok\"}\n"}
,{"stream_name":"stdout","time":1989.666555651,"data":"{\"op\": \"real\", \"dtype\": \"int64\", \"samples\": 3, \"diffs\": [], \"errors\": [], \"verdict\": \"ok\"}\n"}
,{"stream_name":"stdout","time":1989.666560059,"data":"{\"op\": \"real\", \"dtype\": \"float64\", \"samples\": 3, \"diffs\": [], \"errors\": [], \"verdict\": \"ok\"}\n"}
,{"stream_name":"stdout","time":1989.66656413,"data":"{\"op\": \"real\", \"dtype\": \"complex64\", \"samples\": 3, \"diffs\": [], \"errors\": [], \"verdict\": \"ok\"}\n"}
,{"stream_name":"stdout","time":1989.666613118,"data":"{\"op\": \"roll\", \"dtype\": \"int64\", \"samples\": 3, \"diffs\": [], \"errors\": [], \"verdict\": \"ok\"}\n"}
,{"stream_name":"stdout","time":1989.666618653,"data":"{\"op\": \"roll\", \"dtype\": \"float64\", \"samples\": 3, \"diffs\": [], \"errors\": [], \"verdict\": \"ok\"}\n"}
,{"stream_name":"stdout","time":1989.666630288,"data":"{\"op\": \"roll\", \"dtype\": \"complex64\", \"samples\": 3, \"diffs\": [], \"errors\": [], \"verdict\": \"ok\"}\n"}
,{"stream_name":"stdout","time":1989.666636682,"data":"{\"op\": \"rot90\", \"dtype\": \"int64\", \"samples\": 3, \"diffs\": [], \"errors\": [], \"verdict\": \"ok\"}\n"}
,{"stream_name":"stdout","time":1989.666642578,"data":"{\"op\": \"rot90\", \"dtype\": \"float64\", \"samples\": 3, \"diffs\": [], \"errors\": [], \"verdict\": \"ok\"}\n"}
,{"stream_name":"stdout","time":1989.666647948,"data":"{\"op\": \"rot90\", \"dtype\": \"complex64\", \"samples\": 3, \"diffs\": [], \"errors\": [], \"verdict\": \"ok\"}\n"}
,{"stream_name":"stdout","time":1989.666652325,"data":"{\"op\": \"round\", \"dtype\": \"int64\", \"samples\": 1, \"diffs\": [], \"errors\": [], \"verdict\": \"ok\"}\n"}
,{"stream_name":"stdout","time":1989.666656602,"data":"{\"op\": \"round\", \"dtype\": \"float64\", \"samples\": 1, \"diffs\": [], \"errors\": [], \"verdict\": \"ok\"}\n"}
,{"stream_name":"stdout","time":1989.666660308,"data":"{\"op\": \"round\", \"dtype\": \"float64\", \"samples\": 3, \"diffs\": [], \"errors\": [], \"verdict\": \"ok\"}\n"}
,{"stream_name":"stdout","time":1989.666664557,"data":"{\"op\": \"round\", \"dtype\": \"float64\", \"samples\": 3, \"diffs\": [], \"errors\": [], \"verdict\": \"ok\"}\n"}
,{"stream_name":"stdout","time":1989.666668472,"data":"{\"op\": \"round\", \"dtype\": \"float64\", \"samples\": 3, \"diffs\": [], \"errors\": [], \"verdict\": \"ok\"}\n"}
,{"stream_name":"stdout","time":1989.666672769,"data":"{\"op\": \"sin\", \"dtype\": \"int64\", \"samples\": 1, \"diffs\": [], \"errors\": [], \"verdict\": \"ok\"}\n"}
,{"stream_name":"stdout","time":1989.666676841,"data":"{\"op\": \"sin\", \"dtype\": \"float64\", \"samples\": 1, \"diffs\": [], \"errors\": [], \"verdict\": \"ok\"}\n"}
,{"stream_name":"stdout","time":1989.666699589,"data":"{\"op\": \"sin\", \"dtype\": \"complex64\", \"samples\": 1, \"diffs\": [], \"errors\": [], \"verdict\": \"ok\"}\n"}
,{"stream_name":"stdout","time":1989.666713412,"data":"{\"op\": \"sinc\", \"dtype\": \"int64\", \"samples\": 3, \"diffs\": [], \"errors\": [], \"verdict\": \"ok\"}\n"}
,{"stream_name":"stdout","time":1989.666717638,"data":"{\"op\": \"sinc\", \"dtype\": \"float64\", \"samples\": 3, \"diffs\": [], \"errors\": [], \"verdict\": \"ok\"}\n"}
,{"stream_name":"stdout","time":1989.666721468,"data":"{\"op\": \"sinc\", \"dtype\": \"complex64\", \"samples\": 3, \"diffs\": [], \"errors\": [], \"verdict\": \"ok\"}\n"}
,{"stream_name":"stdout","time":1989.666725248,"data":"{\"op\": \"sinh\", \"dtype\": \"int64\", \"samples\": 1, \"diffs\": [], \"errors\": [], \"verdict\": \"ok\"}\n"}
,{"stream_name":"stdout","time":1989.666729193,"data":"{\"op\": \"sinh\", \"dtype\": \"float64\", \"samples\": 1, \"diffs\": [], \"errors\": [], \"verdict\": \"ok\"}\n"}
,{"stream_name":"stdout","time":1989.666734041,"data":"{\"op\": \"sinh\", \"dtype\": \"complex64\", \"samples\": 1, \"diffs\": [], \"errors\": [], \"verdict\": \"ok\"}\n"}
,{"stream_name":"stdout","time":1989.666737837,"data":"{\"op\": \"sign\", \"dtype\": \"int64\", \"samples\": 1, \"diffs\": [], \"errors\": [], \"verdict\": \"ok\"}\n"}
,{"stream_name":"stdout","time":1989.666742215,"data":"{\"op\": \"sign\", \"dtype\": \"float64\", \"samples\": 1, \"diffs\": [], \"errors\": [], \"verdict\": \"ok\"}\n"}
,{"stream_name":"stdout","time":1989.666746477,"data":"{\"op\": \"sgn\", \"dtype\": \"int64\", \"samples\": 1, \"diffs\": [], \"errors\": [], \"verdict\": \"ok\"}\n"}
,{"stream_name":"stdout","time":1989.666750497,"data":"{\"op\": \"sgn\", \"dtype\": \"float64\", \"samples\": 1, \"diffs\": [], \"errors\": [], \"verdict\": \"ok\"}\n"}
,{"stream_name":"stdout","time":1989.666760515,"data":"{\"op\": \"sgn\", \"dtype\": \"complex64\", \"samples\": 1, \"diffs\": [], \"errors\": [], \"verdict\": \"ok\"}\n"}
,{"stream_name":"stdout","time":1989.666764957,"data":"{\"op\": \"split\", \"dtype\": \"int64\", \"samples\": 2, \"diffs\": [], \"errors\": [], \"verdict\": \"ok\"}\n"}
,{"stream_name":"stdout","time":1989.666769425,"data":"{\"op\": \"split\", \"dtype\": \"float64\", \"samples\": 2, \"diffs\": [], \"errors\": [], \"verdict\": \"ok\"}\n"}
,{"stream_name":"stdout","time":1989.666777519,"data":"{\"op\": \"split\", \"dtype\": \"complex64\", \"samples\": 2, \"diffs\": [], \"errors\": [], \"verdict\": \"ok\"}\n"}
,{"stream_name":"stdout","time":1989.666782348,"data":"{\"op\": \"split\", \"dtype\": \"int64\", \"samples\": 3, \"diffs\": [], \"errors\": [], \"verdict\": \"ok\"}\n"}
,{"stream_name":"stdout","time":1989.666787239,"data":"{\"op\": \"split\", \"dtype\": \"float64\", \"samples\": 3, \"diffs\": [], \"errors\": [], \"verdict\": \"ok\"}\n"}
,{"stream_name":"stdout","time":1989.666791451,"data":"{\"op\": \"split\", \"dtype\": \"complex64\", \"samples\": 3, \"diffs\": [], \"errors\": [], \"verdict\": \"ok\"}\n"}
,{"stream_name":"stdout","time":1989.666796987,"data":"{\"op\": \"unsafe_split\", \"dtype\": \"int64\", \"samples\": 2, \"diffs\": [], \"errors\": [], \"verdict\": \"ok\"}\n"}
,{"stream_name":"stdout","time":1989.666803023,"data":"{\"op\": \"unsafe_split\", \"dtype\": \"float64\", \"samples\": 2, \"diffs\": [], \"errors\": [], \"verdict\": \"ok\"}\n"}
,{"stream_name":"stdout","time":1989.666807064,"data":"{\"op\": \"unsafe_split\", \"dtype\": \"complex64\", \"samples\": 2, \"diffs\": [], \"errors\": [], \"verdict\": \"ok\"}\n"}
,{"stream_name":"stdout","time":1989.666811704,"data":"{\"op\": \"split_with_sizes\", \"dtype\": \"int64\", \"samples\": 3, \"diffs\": [], \"errors\": [], \"verdict\": \"ok\"}\n"}
,{"stream_name":"stdout","time":1989.666815931,"data":"{\"op\": \"split_with_sizes\", \"dtype\": \"float64\", \"samples\": 3, \"diffs\": [], \"errors\": [], \"verdict\": \"ok\"}\n"}
,{"stream_name":"stdout","time":1989.666820728,"data":"{\"op\": \"split_with_sizes\", \"dtype\": \"complex64\", \"samples\": 3, \"diffs\": [], \"errors\": [], \"verdict\": \"ok\"}\n"}
,{"stream_name":"stdout","time":1989.666825605,"data":"{\"op\": \"split_with_sizes_copy\", \"dtype\": \"int64\", \"samples\": 3, \"diffs\": [], \"errors\": [], \"verdict\": \"ok\"}\n"}
,{"stream_name":"stdout","time":1989.666832427,"data":"{\"op\": \"split_with_sizes_copy\", \"dtype\": \"float64\", \"samples\": 3, \"diffs\": [], \"errors\": [], \"verdict\": \"ok\"}\n"}
,{"stream_name":"stdout","time":1989.666837278,"data":"{\"op\": \"split_with_sizes_copy\", \"dtype\": \"complex64\", \"samples\": 3, \"diffs\": [], \"errors\": [], \"verdict\": \"ok\"}\n"}
,{"stream_name":"stdout","time":1989.666841789,"data":"{\"op\": \"__radd__\", \"dtype\": \"int64\", \"samples\": 3, \"diffs\": [], \"errors\": [], \"verdict\": \"ok\"}\n"}
,{"stream_name":"stdout","time":1989.666846498,"data":"{\"op\": \"__radd__\", \"dtype\": \"float64\", \"samples\": 3, \"diffs\": [], \"errors\": [], \"verdict\": \"ok\"}\n"}
,{"stream_name":"stdout","time":1989.666851179,"data":"{\"op\": \"__radd__\", \"dtype\": \"complex64\", \"samples\": 3, \"diffs\": [], \"errors\": [], \"verdict\": \"ok\"}\n"}
,{"stream_name":"stdout","time":1989.666857899,"data":"{\"op\": \"__rdiv__\", \"dtype\": \"int64\", \"samples\": 3, \"diffs\": [], \"errors\": [], \"verdict\": \"ok\"}\n"}
,{"stream_name":"stdout","time":1989.666862725,"data":"{\"op\": \"__rdiv__\", \"dtype\": \"float64\", \"samples\": 3, \"diffs\": [], \"errors\": [], \"verdict\": \"ok\"}\n"}
,{"stream_name":"stdout","time":1989.666867617,"data":"{\"op\": \"__rdiv__\", \"dtype\": \"complex64\", \"samples\": 3, \"diffs\": [], \"errors\": [], \"verdict\": \"ok\"}\n"}
,{"stream_name":"stdout","time":1989.666885421,"data":"{\"op\": \"__rmul__\", \"dtype\": \"int64\", \"samples\": 3, \"diffs\": [], \"errors\": [], \"verdict\": \"ok\"}\n"}
,{"stream_name":"stdout","time":1989.666891758,"data":"{\"op\": \"__rmul__\", \"dtype\": \"float64\", \"samples\": 3, \"diffs\": [], \"errors\": [], \"verdict\": \"ok\"}\n"}
,{"stream_name":"stdout","time":1989.66689605,"data":"{\"op\": \"__rmul__\", \"dtype\": \"complex64\", \"samples\": 3, \"diffs\": [], \"errors\": [], \"verdict\": \"ok\"}\n"}
,{"stream_name":"stdout","time":1989.666900744,"data":"{\"op\": \"__ror__\", \"dtype\": \"int64\", \"samples\": 3, \"diffs\": [], \"errors\": [], \"verdict\": \"ok\"}\n"}
,{"stream_name":"stdout","time":1989.666907445,"data":"{\"op\": \"__rxor__\", \"dtype\": \"int64\", \"samples\": 3, \"diffs\": [], \"errors\": [], \"verdict\": \"ok\"}\n"}
,{"stream_name":"stdout","time":1989.666912102,"data":"{\"op\": \"__rmatmul__\", \"dtype\": \"int64\", \"samples\": 3, \"diffs\": [], \"errors\": [], \"verdict\": \"ok\"}\n"}
,{"stream_name":"stdout","time":1989.666916603,"data":"{\"op\": \"__rmatmul__\", \"dtype\": \"float64\", \"samples\": 3, \"diffs\": [], \"errors\": [], \"verdict\": \"ok\"}\n"}
,{"stream_name":"stdout","time":1989.666921266,"data":"{\"op\": \"__rmatmul__\", \"dtype\": \"complex64\", \"samples\": 3, \"diffs\": [], \"errors\": [], \"verdict\": \"ok\"}\n"}
,{"stream_name":"stdout","time":1989.666926072,"data":"{\"op\": \"__rmod__\", \"dtype\": \"int64\", \"samples\": 3, \"diffs\": [], \"errors\": [], \"verdict\": \"ok\"}\n"}
,{"stream_name":"stdout","time":1989.666933037,"data":"{\"op\": \"__rmod__\", \"dtype\": \"float64\", \"samples\": 3, \"diffs\": [{\"i\": 2, \"class\": \"SIGNZERO\", \"detail\": \"sign of zero\", \"repr\": \"SampleInput(input=tensor([[-4.8270],\\n        [-7.5824],\\n        [-0.6047],\\n        [-1.5412],\\n        [-1.9719]], dtype=torch.float64), args=(tensor([-4.1460, -5.4215, -4.7842, -4.1508,  7.3808], dtype=torch.float64),), kwargs={}, broadcasts_input=True, name='')\"}], \"errors\": [], \"verdict\": \"DIFF:SIGNZERO\"}\n"}
,{"stream_name":"stdout","time":1989.666939552,"data":"{\"op\": \"__rpow__\", \"dtype\": \"int64\", \"samples\": 3, \"diffs\": [], \"errors\": [], \"verdict\": \"ok\"}\n"}
,{"stream_name":"stdout","time":1989.666944094,"data":"{\"op\": \"__rpow__\", \"dtype\": \"float64\", \"samples\": 3, \"diffs\": [], \"errors\": [], \"verdict\": \"ok\"}\n"}
,{"stream_name":"stdout","time":1989.666948778,"data":"{\"op\": \"__rpow__\", \"dtype\": \"complex64\", \"samples\": 3, \"diffs\": [], \"errors\": [], \"verdict\": \"ok\"}\n"}
,{"stream_name":"stdout","time":1989.666955122,"data":"{\"op\": \"__rsub__\", \"dtype\": \"int64\", \"samples\": 3, \"diffs\": [], \"errors\": [], \"verdict\": \"ok\"}\n"}
,{"stream_name":"stdout","time":1989.666959392,"data":"{\"op\": \"__rsub__\", \"dtype\": \"float64\", \"samples\": 3, \"diffs\": [], \"errors\": [], \"verdict\": \"ok\"}\n"}
,{"stream_name":"stdout","time":1989.666964045,"data":"{\"op\": \"__rsub__\", \"dtype\": \"complex64\", \"samples\": 3, \"diffs\": [], \"errors\": [], \"verdict\": \"ok\"}\n"}
,{"stream_name":"stdout","time":1989.666968597,"data":"{\"op\": \"rsub\", \"dtype\": \"int64\", \"samples\": 3, \"diffs\": [], \"errors\": [], \"verdict\": \"ok\"}\n"}
,{"stream_name":"stdout","time":1989.666975449,"data":"{\"op\": \"rsub\", \"dtype\": \"float64\", \"samples\": 3, \"diffs\": [], \"errors\": [], \"verdict\": \"ok\"}\n"}
,{"stream_name":"stdout","time":1989.666980456,"data":"{\"op\": \"rsub\", \"dtype\": \"complex64\", \"samples\": 3, \"diffs\": [], \"errors\": [], \"verdict\": \"ok\"}\n"}
,{"stream_name":"stdout","time":1989.666985774,"data":"{\"op\": \"select\", \"dtype\": \"int64\", \"samples\": 3, \"diffs\": [], \"errors\": [], \"verdict\": \"ok\"}\n"}
,{"stream_name":"stdout","time":1989.666990337,"data":"{\"op\": \"select\", \"dtype\": \"float64\", \"samples\": 3, \"diffs\": [], \"errors\": [], \"verdict\": \"ok\"}\n"}
,{"stream_name":"stdout","time":1989.667001355,"data":"{\"op\": \"select\", \"dtype\": \"complex64\", \"samples\": 3, \"diffs\": [], \"errors\": [], \"verdict\": \"ok\"}\n"}
,{"stream_name":"stdout","time":1989.667006225,"data":"{\"op\": \"select_scatter\", \"dtype\": \"int64\", \"samples\": 3, \"diffs\": [], \"errors\": [], \"verdict\": \"ok\"}\n"}
,{"stream_name":"stdout","time":1989.667010788,"data":"{\"op\": \"select_scatter\", \"dtype\": \"float64\", \"samples\": 3, \"diffs\": [], \"errors\": [], \"verdict\": \"ok\"}\n"}
,{"stream_name":"stdout","time":1989.667017601,"data":"{\"op\": \"slice\", \"dtype\": \"int64\", \"samples\": 3, \"diffs\": [], \"errors\": [], \"verdict\": \"ok\"}\n"}
,{"stream_name":"stdout","time":1989.667023608,"data":"{\"op\": \"slice\", \"dtype\": \"float64\", \"samples\": 3, \"diffs\": [], \"errors\": [], \"verdict\": \"ok\"}\n"}
,{"stream_name":"stdout","time":1989.667027979,"data":"{\"op\": \"slice\", \"dtype\": \"complex64\", \"samples\": 3, \"diffs\": [], \"errors\": [], \"verdict\": \"ok\"}\n"}
,{"stream_name":"stdout","time":1989.66703259,"data":"{\"op\": \"slice_scatter\", \"dtype\": \"int64\", \"samples\": 3, \"diffs\": [], \"errors\": [], \"verdict\": \"ok\"}\n"}
,{"stream_name":"stdout","time":1989.66703703,"data":"{\"op\": \"slice_scatter\", \"dtype\": \"float64\", \"samples\": 3, \"diffs\": [], \"errors\": [], \"verdict\": \"ok\"}\n"}
,{"stream_name":"stdout","time":1989.667043888,"data":"{\"op\": \"signbit\", \"dtype\": \"int64\", \"samples\": 1, \"diffs\": [], \"errors\": [], \"verdict\": \"ok\"}\n"}
,{"stream_name":"stdout","time":1989.667048498,"data":"{\"op\": \"signbit\", \"dtype\": \"float64\", \"samples\": 1, \"diffs\": [], \"errors\": [], \"verdict\": \"ok\"}\n"}
,{"stream_name":"stdout","time":1989.667053663,"data":"{\"op\": \"tan\", \"dtype\": \"int64\", \"samples\": 1, \"diffs\": [], \"errors\": [], \"verdict\": \"ok\"}\n"}
,{"stream_name":"stdout","time":1989.667058154,"data":"{\"op\": \"tan\", \"dtype\": \"float64\", \"samples\": 1, \"diffs\": [], \"errors\": [], \"verdict\": \"ok\"}\n"}
,{"stream_name":"stdout","time":1989.667062788,"data":"{\"op\": \"tan\", \"dtype\": \"complex64\", \"samples\": 1, \"diffs\": [], \"errors\": [], \"verdict\": \"ok\"}\n"}
,{"stream_name":"stdout","time":1989.667069629,"data":"{\"op\": \"tanh\", \"dtype\": \"int64\", \"samples\": 1, \"diffs\": [], \"errors\": [], \"verdict\": \"ok\"}\n"}
,{"stream_name":"stdout","time":1989.667073765,"data":"{\"op\": \"tanh\", \"dtype\": \"float64\", \"samples\": 1, \"diffs\": [], \"errors\": [], \"verdict\": \"ok\"}\n"}
,{"stream_name":"stdout","time":1989.667086982,"data":"{\"op\": \"tanh\", \"dtype\": \"complex64\", \"samples\": 1, \"diffs\": [], \"errors\": [], \"verdict\": \"ok\"}\n"}
,{"stream_name":"stdout","time":1989.667094279,"data":"{\"op\": \"tensor_split\", \"dtype\": \"int64\", \"samples\": 3, \"diffs\": [], \"errors\": [], \"verdict\": \"ok\"}\n"}
,{"stream_name":"stdout","time":1989.667099119,"data":"{\"op\": \"tensor_split\", \"dtype\": \"float64\", \"samples\": 3, \"diffs\": [], \"errors\": [], \"verdict\": \"ok\"}\n"}
,{"stream_name":"stdout","time":1989.667103877,"data":"{\"op\": \"tensor_split\", \"dtype\": \"complex64\", \"samples\": 3, \"diffs\": [], \"errors\": [], \"verdict\": \"ok\"}\n"}
,{"stream_name":"stdout","time":1989.667109265,"data":"{\"op\": \"hsplit\", \"dtype\": \"int64\", \"samples\": 2, \"diffs\": [], \"errors\": [], \"verdict\": \"ok\"}\n"}
,{"stream_name":"stdout","time":1989.667114708,"data":"{\"op\": \"hsplit\", \"dtype\": \"float64\", \"samples\": 2, \"diffs\": [], \"errors\": [], \"verdict\": \"ok\"}\n"}
,{"stream_name":"stdout","time":1989.667120704,"data":"{\"op\": \"hsplit\", \"dtype\": \"complex64\", \"samples\": 2, \"diffs\": [], \"errors\": [], \"verdict\": \"ok\"}\n"}
,{"stream_name":"stdout","time":1989.667130072,"data":"{\"op\": \"vsplit\", \"dtype\": \"int64\", \"samples\": 2, \"diffs\": [], \"errors\": [], \"verdict\": \"ok\"}\n"}
,{"stream_name":"stdout","time":1989.667135092,"data":"{\"op\": \"vsplit\", \"dtype\": \"float64\", \"samples\": 2, \"diffs\": [], \"errors\": [], \"verdict\": \"ok\"}\n"}
,{"stream_name":"stdout","time":1989.667141132,"data":"{\"op\": \"vsplit\", \"dtype\": \"complex64\", \"samples\": 2, \"diffs\": [], \"errors\": [], \"verdict\": \"ok\"}\n"}
,{"stream_name":"stdout","time":1989.667146872,"data":"{\"op\": \"dsplit\", \"dtype\": \"int64\", \"samples\": 2, \"diffs\": [], \"errors\": [], \"verdict\": \"ok\"}\n"}
,{"stream_name":"stdout","time":1989.667151325,"data":"{\"op\": \"dsplit\", \"dtype\": \"float64\", \"samples\": 2, \"diffs\": [], \"errors\": [], \"verdict\": \"ok\"}\n"}
,{"stream_name":"stdout","time":1989.667155855,"data":"{\"op\": \"dsplit\", \"dtype\": \"complex64\", \"samples\": 2, \"diffs\": [], \"errors\": [], \"verdict\": \"ok\"}\n"}
,{"stream_name":"stdout","time":1989.667160409,"data":"{\"op\": \"trunc\", \"dtype\": \"int64\", \"samples\": 1, \"diffs\": [], \"errors\": [], \"verdict\": \"ok\"}\n"}
,{"stream_name":"stdout","time":1989.667166433,"data":"{\"op\": \"trunc\", \"dtype\": \"float64\", \"samples\": 1, \"diffs\": [], \"errors\": [], \"verdict\": \"ok\"}\n"}
,{"stream_name":"stdout","time":1989.667171467,"data":"{\"op\": \"exp2\", \"dtype\": \"int64\", \"samples\": 3, \"diffs\": [], \"errors\": [], \"verdict\": \"ok\"}\n"}
,{"stream_name":"stdout","time":1989.667175737,"data":"{\"op\": \"exp2\", \"dtype\": \"float64\", \"samples\": 3, \"diffs\": [], \"errors\": [], \"verdict\": \"ok\"}\n"}
,{"stream_name":"stdout","time":1989.667180137,"data":"{\"op\": \"exp2\", \"dtype\": \"complex64\", \"samples\": 3, \"diffs\": [], \"errors\": [], \"verdict\": \"ok\"}\n"}
,{"stream_name":"stdout","time":1989.667185625,"data":"{\"op\": \"expm1\", \"dtype\": \"int64\", \"samples\": 1, \"diffs\": [], \"errors\": [], \"verdict\": \"ok\"}\n"}
,{"stream_name":"stdout","time":1989.667190262,"data":"{\"op\": \"expm1\", \"dtype\": \"float64\", \"samples\": 1, \"diffs\": [], \"errors\": [], \"verdict\": \"ok\"}\n"}
,{"stream_name":"stdout","time":1989.667196773,"data":"{\"op\": \"expm1\", \"dtype\": \"complex64\", \"samples\": 1, \"diffs\": [], \"errors\": [], \"verdict\": \"ok\"}\n"}
,{"stream_name":"stdout","time":1989.667201476,"data":"{\"op\": \"nan_to_num\", \"dtype\": \"int64\", \"samples\": 3, \"diffs\": [], \"errors\": [], \"verdict\": \"ok\"}\n"}
,{"stream_name":"stdout","time":1989.667205991,"data":"{\"op\": \"nan_to_num\", \"dtype\": \"float64\", \"samples\": 3, \"diffs\": [], \"errors\": [], \"verdict\": \"ok\"}\n"}
,{"stream_name":"stdout","time":1989.66721038,"data":"{\"op\": \"reciprocal\", \"dtype\": \"int64\", \"samples\": 3, \"diffs\": [], \"errors\": [], \"verdict\": \"ok\"}\n"}
,{"stream_name":"stdout","time":1989.66721465,"data":"{\"op\": \"reciprocal\", \"dtype\": \"float64\", \"samples\": 3, \"diffs\": [], \"errors\": [], \"verdict\": \"ok\"}\n"}
,{"stream_name":"stdout","time":1989.667218645,"data":"{\"op\": \"reciprocal\", \"dtype\": \"complex64\", \"samples\": 3, \"diffs\": [], \"errors\": [], \"verdict\": \"ok\"}\n"}
,{"stream_name":"stdout","time":1989.667223976,"data":"{\"op\": \"square\", \"dtype\": \"int64\", \"samples\": 3, \"diffs\": [], \"errors\": [], \"verdict\": \"ok\"}\n"}
,{"stream_name":"stdout","time":1989.667228504,"data":"{\"op\": \"square\", \"dtype\": \"float64\", \"samples\": 3, \"diffs\": [], \"errors\": [], \"verdict\": \"ok\"}\n"}
,{"stream_name":"stdout","time":1989.66723302,"data":"{\"op\": \"square\", \"dtype\": \"complex64\", \"samples\": 3, \"diffs\": [], \"errors\": [], \"verdict\": \"ok\"}\n"}
,{"stream_name":"stdout","time":1989.667244685,"data":"{\"op\": \"lerp\", \"dtype\": \"float64\", \"samples\": 3, \"diffs\": [], \"errors\": [], \"verdict\": \"ok\"}\n"}
,{"stream_name":"stdout","time":1989.667250233,"data":"{\"op\": \"lerp\", \"dtype\": \"complex64\", \"samples\": 3, \"diffs\": [], \"errors\": [], \"verdict\": \"ok\"}\n"}
,{"stream_name":"stdout","time":1989.667254479,"data":"{\"op\": \"angle\", \"dtype\": \"int64\", \"samples\": 1, \"diffs\": [], \"errors\": [], \"verdict\": \"ok\"}\n"}
,{"stream_name":"stdout","time":1989.667261219,"data":"{\"op\": \"angle\", \"dtype\": \"float64\", \"samples\": 1, \"diffs\": [], \"errors\": [], \"verdict\": \"ok\"}\n"}
,{"stream_name":"stdout","time":1989.667265738,"data":"{\"op\": \"angle\", \"dtype\": \"complex64\", \"samples\": 1, \"diffs\": [], \"errors\": [], \"verdict\": \"ok\"}\n"}
,{"stream_name":"stdout","time":1989.667270712,"data":"{\"op\": \"isfinite\", \"dtype\": \"int64\", \"samples\": 3, \"diffs\": [], \"errors\": [], \"verdict\": \"ok\"}\n"}
,{"stream_name":"stdout","time":1989.6672754,"data":"{\"op\": \"isfinite\", \"dtype\": \"float64\", \"samples\": 3, \"diffs\": [], \"errors\": [], \"verdict\": \"ok\"}\n"}
,{"stream_name":"stdout","time":1989.667281195,"data":"{\"op\": \"isfinite\", \"dtype\": \"complex64\", \"samples\": 3, \"diffs\": [], \"errors\": [], \"verdict\": \"ok\"}\n"}
,{"stream_name":"stdout","time":1989.667286809,"data":"{\"op\": \"isinf\", \"dtype\": \"int64\", \"samples\": 1, \"diffs\": [], \"errors\": [], \"verdict\": \"ok\"}\n"}
,{"stream_name":"stdout","time":1989.667291049,"data":"{\"op\": \"isinf\", \"dtype\": \"float64\", \"samples\": 1, \"diffs\": [], \"errors\": [], \"verdict\": \"ok\"}\n"}
,{"stream_name":"stdout","time":1989.667295609,"data":"{\"op\": \"isinf\", \"dtype\": \"complex64\", \"samples\": 1, \"diffs\": [], \"errors\": [], \"verdict\": \"ok\"}\n"}
,{"stream_name":"stdout","time":1989.667300272,"data":"{\"op\": \"isposinf\", \"dtype\": \"int64\", \"samples\": 1, \"diffs\": [], \"errors\": [], \"verdict\": \"ok\"}\n"}
,{"stream_name":"stdout","time":1989.66730481,"data":"{\"op\": \"isposinf\", \"dtype\": \"float64\", \"samples\": 1, \"diffs\": [], \"errors\": [], \"verdict\": \"ok\"}\n"}
,{"stream_name":"stdout","time":1989.66731112,"data":"{\"op\": \"isneginf\", \"dtype\": \"int64\", \"samples\": 1, \"diffs\": [], \"errors\": [], \"verdict\": \"ok\"}\n"}
,{"stream_name":"stdout","time":1989.667316158,"data":"{\"op\": \"isneginf\", \"dtype\": \"float64\", \"samples\": 1, \"diffs\": [], \"errors\": [], \"verdict\": \"ok\"}\n"}
,{"stream_name":"stdout","time":1989.6673214,"data":"{\"op\": \"isreal\", \"dtype\": \"int64\", \"samples\": 3, \"diffs\": [], \"errors\": [], \"verdict\": \"ok\"}\n"}
,{"stream_name":"stdout","time":1989.667327632,"data":"{\"op\": \"isreal\", \"dtype\": \"float64\", \"samples\": 3, \"diffs\": [], \"errors\": [], \"verdict\": \"ok\"}\n"}
,{"stream_name":"stdout","time":1989.667333449,"data":"{\"op\": \"isreal\", \"dtype\": \"complex64\", \"samples\": 3, \"diffs\": [], \"errors\": [], \"verdict\": \"ok\"}\n"}
,{"stream_name":"stdout","time":1989.667338491,"data":"{\"op\": \"isnan\", \"dtype\": \"int64\", \"samples\": 1, \"diffs\": [], \"errors\": [], \"verdict\": \"ok\"}\n"}
,{"stream_name":"stdout","time":1989.667343184,"data":"{\"op\": \"isnan\", \"dtype\": \"float64\", \"samples\": 1, \"diffs\": [], \"errors\": [], \"verdict\": \"ok\"}\n"}
,{"stream_name":"stdout","time":1989.667347703,"data":"{\"op\": \"isnan\", \"dtype\": \"complex64\", \"samples\": 1, \"diffs\": [], \"errors\": [], \"verdict\": \"ok\"}\n"}
,{"stream_name":"stdout","time":1989.667354218,"data":"{\"op\": \"einsum\", \"dtype\": \"int64\", \"samples\": 3, \"diffs\": [], \"errors\": [], \"verdict\": \"ok\"}\n"}
,{"stream_name":"stdout","time":1989.667359213,"data":"{\"op\": \"einsum\", \"dtype\": \"float64\", \"samples\": 3, \"diffs\": [], \"errors\": [], \"verdict\": \"ok\"}\n"}
,{"stream_name":"stdout","time":1989.667368746,"data":"{\"op\": \"einsum\", \"dtype\": \"complex64\", \"samples\": 3, \"diffs\": [], \"errors\": [], \"verdict\": \"ok\"}\n"}
,{"stream_name":"stdout","time":1989.667374709,"data":"{\"op\": \"pca_lowrank\", \"dtype\": \"float64\", \"samples\": 3, \"diffs\": [], \"errors\": [], \"verdict\": \"ok\"}\n"}
,{"stream_name":"stdout","time":1989.667380444,"data":"{\"op\": \"pca_lowrank\", \"dtype\": \"complex64\", \"samples\": 3, \"diffs\": [], \"errors\": [], \"verdict\": \"ok\"}\n"}
,{"stream_name":"stdout","time":1989.667384877,"data":"{\"op\": \"polar\", \"dtype\": \"float64\", \"samples\": 3, \"diffs\": [], \"errors\": [], \"verdict\": \"ok\"}\n"}
,{"stream_name":"stdout","time":1989.667389451,"data":"{\"op\": \"polygamma\", \"dtype\": \"int64\", \"samples\": 3, \"diffs\": [], \"errors\": [], \"verdict\": \"ok\"}\n"}
,{"stream_name":"stdout","time":1989.667394383,"data":"{\"op\": \"polygamma\", \"dtype\": \"float64\", \"samples\": 3, \"diffs\": [], \"errors\": [], \"verdict\": \"ok\"}\n"}
,{"stream_name":"stdout","time":1989.667400366,"data":"{\"op\": \"polygamma\", \"dtype\": \"int64\", \"samples\": 3, \"diffs\": [], \"errors\": [], \"verdict\": \"ok\"}\n"}
,{"stream_name":"stdout","time":1989.667406053,"data":"{\"op\": \"polygamma\", \"dtype\": \"float64\", \"samples\": 3, \"diffs\": [], \"errors\": [], \"verdict\": \"ok\"}\n"}
,{"stream_name":"stdout","time":1989.667410619,"data":"{\"op\": \"polygamma\", \"dtype\": \"int64\", \"samples\": 3, \"diffs\": [], \"errors\": [], \"verdict\": \"ok\"}\n"}
,{"stream_name":"stdout","time":1989.667415105,"data":"{\"op\": \"polygamma\", \"dtype\": \"float64\", \"samples\": 3, \"diffs\": [], \"errors\": [], \"verdict\": \"ok\"}\n"}
,{"stream_name":"stdout","time":1989.667418908,"data":"{\"op\": \"polygamma\", \"dtype\": \"int64\", \"samples\": 3, \"diffs\": [], \"errors\": [], \"verdict\": \"ok\"}\n"}
,{"stream_name":"stdout","time":1989.66742465,"data":"{\"op\": \"polygamma\", \"dtype\": \"float64\", \"samples\": 3, \"diffs\": [], \"errors\": [], \"verdict\": \"ok\"}\n"}
,{"stream_name":"stdout","time":1989.667430117,"data":"{\"op\": \"polygamma\", \"dtype\": \"int64\", \"samples\": 3, \"diffs\": [], \"errors\": [], \"verdict\": \"ok\"}\n"}
,{"stream_name":"stdout","time":1989.667434656,"data":"{\"op\": \"polygamma\", \"dtype\": \"float64\", \"samples\": 3, \"diffs\": [], \"errors\": [], \"verdict\": \"ok\"}\n"}
,{"stream_name":"stdout","time":1989.667439399,"data":"{\"op\": \"ravel\", \"dtype\": \"int64\", \"samples\": 3, \"diffs\": [], \"errors\": [], \"verdict\": \"ok\"}\n"}
,{"stream_name":"stdout","time":1989.667445425,"data":"{\"op\": \"ravel\", \"dtype\": \"float64\", \"samples\": 3, \"diffs\": [], \"errors\": [], \"verdict\": \"ok\"}\n"}
,{"stream_name":"stdout","time":1989.667451809,"data":"{\"op\": \"ravel\", \"dtype\": \"complex64\", \"samples\": 3, \"diffs\": [], \"errors\": [], \"verdict\": \"ok\"}\n"}
,{"stream_name":"stdout","time":1989.667456332,"data":"{\"op\": \"unravel_index\", \"dtype\": \"int64\", \"samples\": 3, \"diffs\": [], \"errors\": [], \"verdict\": \"ok\"}\n"}
,{"stream_name":"stdout","time":1989.667460765,"data":"{\"op\": \"reshape\", \"dtype\": \"int64\", \"samples\": 3, \"diffs\": [], \"errors\": [], \"verdict\": \"ok\"}\n"}
,{"stream_name":"stdout","time":1989.667465932,"data":"{\"op\": \"reshape\", \"dtype\": \"float64\", \"samples\": 3, \"diffs\": [], \"errors\": [], \"verdict\": \"ok\"}\n"}
,{"stream_name":"stdout","time":1989.667471832,"data":"{\"op\": \"reshape\", \"dtype\": \"complex64\", \"samples\": 3, \"diffs\": [], \"errors\": [], \"verdict\": \"ok\"}\n"}
,{"stream_name":"stdout","time":1989.667476369,"data":"{\"op\": \"reshape_as\", \"dtype\": \"int64\", \"samples\": 3, \"diffs\": [], \"errors\": [], \"verdict\": \"ok\"}\n"}
,{"stream_name":"stdout","time":1989.667496391,"data":"{\"op\": \"reshape_as\", \"dtype\": \"float64\", \"samples\": 3, \"diffs\": [], \"errors\": [], \"verdict\": \"ok\"}\n"}
,{"stream_name":"stdout","time":1989.667501977,"data":"{\"op\": \"reshape_as\", \"dtype\": \"complex64\", \"samples\": 3, \"diffs\": [], \"errors\": [], \"verdict\": \"ok\"}\n"}
,{"stream_name":"stdout","time":1989.66750654,"data":"{\"op\": \"view\", \"dtype\": \"int64\", \"samples\": 3, \"diffs\": [], \"errors\": [], \"verdict\": \"ok\"}\n"}
,{"stream_name":"stdout","time":1989.667511161,"data":"{\"op\": \"view\", \"dtype\": \"float64\", \"samples\": 3, \"diffs\": [], \"errors\": [], \"verdict\": \"ok\"}\n"}
,{"stream_name":"stdout","time":1989.667515079,"data":"{\"op\": \"view\", \"dtype\": \"complex64\", \"samples\": 3, \"diffs\": [], \"errors\": [], \"verdict\": \"ok\"}\n"}
,{"stream_name":"stdout","time":1989.667521205,"data":"{\"op\": \"view_as\", \"dtype\": \"int64\", \"samples\": 3, \"diffs\": [], \"errors\": [], \"verdict\": \"ok\"}\n"}
,{"stream_name":"stdout","time":1989.667526979,"data":"{\"op\": \"view_as\", \"dtype\": \"float64\", \"samples\": 3, \"diffs\": [], \"errors\": [], \"verdict\": \"ok\"}\n"}
,{"stream_name":"stdout","time":1989.667531987,"data":"{\"op\": \"view_as\", \"dtype\": \"complex64\", \"samples\": 3, \"diffs\": [], \"errors\": [], \"verdict\": \"ok\"}\n"}
,{"stream_name":"stdout","time":1989.66753793,"data":"{\"op\": \"atleast_1d\", \"dtype\": \"int64\", \"samples\": 3, \"diffs\": [], \"errors\": [], \"verdict\": \"ok\"}\n"}
,{"stream_name":"stdout","time":1989.667543841,"data":"{\"op\": \"atleast_1d\", \"dtype\": \"float64\", \"samples\": 3, \"diffs\": [], \"errors\": [], \"verdict\": \"ok\"}\n"}
,{"stream_name":"stdout","time":1989.667548718,"data":"{\"op\": \"atleast_1d\", \"dtype\": \"complex64\", \"samples\": 3, \"diffs\": [], \"errors\": [], \"verdict\": \"ok\"}\n"}
,{"stream_name":"stdout","time":1989.667553339,"data":"{\"op\": \"atleast_2d\", \"dtype\": \"int64\", \"samples\": 3, \"diffs\": [], \"errors\": [], \"verdict\": \"ok\"}\n"}
,{"stream_name":"stdout","time":1989.667557754,"data":"{\"op\": \"atleast_2d\", \"dtype\": \"float64\", \"samples\": 3, \"diffs\": [], \"errors\": [], \"verdict\": \"ok\"}\n"}
,{"stream_name":"stdout","time":1989.667564372,"data":"{\"op\": \"atleast_2d\", \"dtype\": \"complex64\", \"samples\": 3, \"diffs\": [], \"errors\": [], \"verdict\": \"ok\"}\n"}
,{"stream_name":"stdout","time":1989.667568967,"data":"{\"op\": \"atleast_3d\", \"dtype\": \"int64\", \"samples\": 3, \"diffs\": [], \"errors\": [], \"verdict\": \"ok\"}\n"}
,{"stream_name":"stdout","time":1989.667574678,"data":"{\"op\": \"atleast_3d\", \"dtype\": \"float64\", \"samples\": 3, \"diffs\": [], \"errors\": [], \"verdict\": \"ok\"}\n"}
,{"stream_name":"stdout","time":1989.667579318,"data":"{\"op\": \"atleast_3d\", \"dtype\": \"complex64\", \"samples\": 3, \"diffs\": [], \"errors\": [], \"verdict\": \"ok\"}\n"}
,{"stream_name":"stdout","time":1989.667583649,"data":"{\"op\": \"flatten\", \"dtype\": \"int64\", \"samples\": 3, \"diffs\": [], \"errors\": [], \"verdict\": \"ok\"}\n"}
,{"stream_name":"stdout","time":1989.667588057,"data":"{\"op\": \"flatten\", \"dtype\": \"float64\", \"samples\": 3, \"diffs\": [], \"errors\": [], \"verdict\": \"ok\"}\n"}
,{"stream_name":"stdout","time":1989.667592625,"data":"{\"op\": \"flatten\", \"dtype\": \"complex64\", \"samples\": 3, \"diffs\": [], \"errors\": [], \"verdict\": \"ok\"}\n"}
,{"stream_name":"stdout","time":1989.667599412,"data":"{\"op\": \"unflatten\", \"dtype\": \"int64\", \"samples\": 3, \"diffs\": [], \"errors\": [], \"verdict\": \"ok\"}\n"}
,{"stream_name":"stdout","time":1989.667604391,"data":"{\"op\": \"unflatten\", \"dtype\": \"float64\", \"samples\": 3, \"diffs\": [], \"errors\": [], \"verdict\": \"ok\"}\n"}
,{"stream_name":"stdout","time":1989.667613888,"data":"{\"op\": \"unflatten\", \"dtype\": \"complex64\", \"samples\": 3, \"diffs\": [], \"errors\": [], \"verdict\": \"ok\"}\n"}
,{"stream_name":"stdout","time":1989.667620101,"data":"{\"op\": \"gather\", \"dtype\": \"int64\", \"samples\": 3, \"diffs\": [], \"errors\": [], \"verdict\": \"ok\"}\n"}
,{"stream_name":"stdout","time":1989.66762614,"data":"{\"op\": \"gather\", \"dtype\": \"float64\", \"samples\": 3, \"diffs\": [], \"errors\": [], \"verdict\": \"ok\"}\n"}
,{"stream_name":"stdout","time":1989.667630626,"data":"{\"op\": \"gather\", \"dtype\": \"complex64\", \"samples\": 3, \"diffs\": [], \"errors\": [], \"verdict\": \"ok\"}\n"}
,{"stream_name":"stdout","time":1989.667635118,"data":"{\"op\": \"index_fill\", \"dtype\": \"int64\", \"samples\": 3, \"diffs\": [], \"errors\": [], \"verdict\": \"ok\"}\n"}
,{"stream_name":"stdout","time":1989.667639374,"data":"{\"op\": \"index_fill\", \"dtype\": \"float64\", \"samples\": 3, \"diffs\": [], \"errors\": [], \"verdict\": \"ok\"}\n"}
,{"stream_name":"stdout","time":1989.667645249,"data":"{\"op\": \"index_fill\", \"dtype\": \"complex64\", \"samples\": 3, \"diffs\": [], \"errors\": [], \"verdict\": \"ok\"}\n"}
,{"stream_name":"stdout","time":1989.667650939,"data":"{\"op\": \"index_copy\", \"dtype\": \"int64\", \"samples\": 3, \"diffs\": [{\"i\": 2, \"class\": \"SILENT\", \"detail\": \"eager raises IndexError, compiled returns\"}], \"errors\": [], \"verdict\": \"DIFF:SILENT\"}\n"}
,{"stream_name":"stdout","time":1989.667656532,"data":"{\"op\": \"index_copy\", \"dtype\": \"float64\", \"samples\": 3, \"diffs\": [], \"errors\": [], \"verdict\": \"ok\"}\n"}
,{"stream_name":"stdout","time":1989.66766084,"data":"{\"op\": \"index_copy\", \"dtype\": \"complex64\", \"samples\": 3, \"diffs\": [], \"errors\": [], \"verdict\": \"ok\"}\n"}
,{"stream_name":"stdout","time":1989.667665178,"data":"{\"op\": \"index_select\", \"dtype\": \"int64\", \"samples\": 3, \"diffs\": [{\"i\": 2, \"class\": \"SILENT\", \"detail\": \"eager raises RuntimeError, compiled returns\"}], \"errors\": [], \"verdict\": \"DIFF:SILENT\"}\n"}
,{"stream_name":"stdout","time":1989.667672328,"data":"{\"op\": \"index_select\", \"dtype\": \"float64\", \"samples\": 3, \"diffs\": [], \"errors\": [], \"verdict\": \"ok\"}\n"}
,{"stream_name":"stdout","time":1989.667678509,"data":"{\"op\": \"index_select\", \"dtype\": \"complex64\", \"samples\": 3, \"diffs\": [], \"errors\": [], \"verdict\": \"ok\"}\n"}
,{"stream_name":"stdout","time":1989.667719365,"data":"{\"op\": \"index_add\", \"dtype\": \"int64\", \"samples\": 3, \"diffs\": [], \"errors\": [], \"verdict\": \"ok\"}\n"}
,{"stream_name":"stdout","time":1989.667726577,"data":"{\"op\": \"index_add\", \"dtype\": \"float64\", \"samples\": 3, \"diffs\": [], \"errors\": [], \"verdict\": \"ok\"}\n"}
,{"stream_name":"stdout","time":1989.667731887,"data":"{\"op\": \"index_add\", \"dtype\": \"complex64\", \"samples\": 3, \"diffs\": [], \"errors\": [], \"verdict\": \"ok\"}\n"}
,{"stream_name":"stdout","time":1989.667736912,"data":"{\"op\": \"__getitem__\", \"dtype\": \"int64\", \"samples\": 3, \"diffs\": [], \"errors\": [], \"verdict\": \"ok\"}\n"}
,{"stream_name":"stdout","time":1989.667741909,"data":"{\"op\": \"__getitem__\", \"dtype\": \"float64\", \"samples\": 3, \"diffs\": [], \"errors\": [], \"verdict\": \"ok\"}\n"}
,{"stream_name":"stdout","time":1989.66774724,"data":"{\"op\": \"__getitem__\", \"dtype\": \"complex64\", \"samples\": 3, \"diffs\": [], \"errors\": [], \"verdict\": \"ok\"}\n"}
,{"stream_name":"stdout","time":1989.66775179,"data":"{\"op\": \"index_put\", \"dtype\": \"int64\", \"samples\": 3, \"diffs\": [], \"errors\": [], \"verdict\": \"ok\"}\n"}
,{"stream_name":"stdout","time":1989.667758363,"data":"{\"op\": \"index_put\", \"dtype\": \"float64\", \"samples\": 3, \"diffs\": [], \"errors\": [], \"verdict\": \"ok\"}\n"}
,{"stream_name":"stdout","time":1989.667769535,"data":"{\"op\": \"index_put\", \"dtype\": \"complex64\", \"samples\": 3, \"diffs\": [], \"errors\": [], \"verdict\": \"ok\"}\n"}
,{"stream_name":"stdout","time":1989.667775237,"data":"{\"op\": \"put\", \"dtype\": \"int64\", \"samples\": 3, \"diffs\": [], \"errors\": [], \"verdict\": \"ok\"}\n"}
,{"stream_name":"stdout","time":1989.667781269,"data":"{\"op\": \"put\", \"dtype\": \"float64\", \"samples\": 3, \"diffs\": [], \"errors\": [], \"verdict\": \"ok\"}\n"}
,{"stream_name":"stdout","time":1989.667786161,"data":"{\"op\": \"put\", \"dtype\": \"complex64\", \"samples\": 3, \"diffs\": [], \"errors\": [], \"verdict\": \"ok\"}\n"}
,{"stream_name":"stdout","time":1989.667790949,"data":"{\"op\": \"take\", \"dtype\": \"int64\", \"samples\": 3, \"diffs\": [], \"errors\": [], \"verdict\": \"ok\"}\n"}
,{"stream_name":"stdout","time":1989.667795547,"data":"{\"op\": \"take\", \"dtype\": \"float64\", \"samples\": 3, \"diffs\": [], \"errors\": [], \"verdict\": \"ok\"}\n"}
,{"stream_name":"stdout","time":1989.667799607,"data":"{\"op\": \"take\", \"dtype\": \"complex64\", \"samples\": 3, \"diffs\": [], \"errors\": [], \"verdict\": \"ok\"}\n"}
,{"stream_name":"stdout","time":1989.667804177,"data":"{\"op\": \"scatter\", \"dtype\": \"int64\", \"samples\": 3, \"diffs\": [], \"errors\": [], \"verdict\": \"ok\"}\n"}
,{"stream_name":"stdout","time":1989.667811102,"data":"{\"op\": \"scatter\", \"dtype\": \"float64\", \"samples\": 3, \"diffs\": [], \"errors\": [], \"verdict\": \"ok\"}\n"}
,{"stream_name":"stdout","time":1989.667815906,"data":"{\"op\": \"scatter\", \"dtype\": \"complex64\", \"samples\": 3, \"diffs\": [], \"errors\": [], \"verdict\": \"ok\"}\n"}
,{"stream_name":"stdout","time":1989.66782045,"data":"{\"op\": \"bfloat16\", \"dtype\": \"int64\", \"samples\": 3, \"diffs\": [], \"errors\": [], \"verdict\": \"ok\"}\n"}
,{"stream_name":"stdout","time":1989.667825277,"data":"{\"op\": \"bfloat16\", \"dtype\": \"float64\", \"samples\": 3, \"diffs\": [], \"errors\": [], \"verdict\": \"ok\"}\n"}
,{"stream_name":"stdout","time":1989.667831039,"data":"{\"op\": \"bfloat16\", \"dtype\": \"complex64\", \"samples\": 3, \"diffs\": [], \"errors\": [], \"verdict\": \"ok\"}\n"}
,{"stream_name":"stdout","time":1989.667837485,"data":"{\"op\": \"bool\", \"dtype\": \"int64\", \"samples\": 3, \"diffs\": [], \"errors\": [], \"verdict\": \"ok\"}\n"}
,{"stream_name":"stdout","time":1989.667842067,"data":"{\"op\": \"bool\", \"dtype\": \"float64\", \"samples\": 3, \"diffs\": [], \"errors\": [], \"verdict\": \"ok\"}\n"}
,{"stream_name":"stdout","time":1989.667847118,"data":"{\"op\": \"bool\", \"dtype\": \"complex64\", \"samples\": 3, \"diffs\": [], \"errors\": [], \"verdict\": \"ok\"}\n"}
,{"stream_name":"stdout","time":1989.667851417,"data":"{\"op\": \"byte\", \"dtype\": \"int64\", \"samples\": 3, \"diffs\": [], \"errors\": [], \"verdict\": \"ok\"}\n"}
,{"stream_name":"stdout","time":1989.667855169,"data":"{\"op\": \"byte\", \"dtype\": \"float64\", \"samples\": 3, \"diffs\": [], \"errors\": [], \"verdict\": \"ok\"}\n"}
,{"stream_name":"stdout","time":1989.667859789,"data":"{\"op\": \"byte\", \"dtype\": \"complex64\", \"samples\": 3, \"diffs\": [], \"errors\": [], \"verdict\": \"ok\"}\n"}
,{"stream_name":"stdout","time":1989.667866739,"data":"{\"op\": \"char\", \"dtype\": \"int64\", \"samples\": 3, \"diffs\": [], \"errors\": [], \"verdict\": \"ok\"}\n"}
,{"stream_name":"stdout","time":1989.667871844,"data":"{\"op\": \"char\", \"dtype\": \"float64\", \"samples\": 3, \"diffs\": [], \"errors\": [], \"verdict\": \"ok\"}\n"}
,{"stream_name":"stdout","time":1989.667876216,"data":"{\"op\": \"char\", \"dtype\": \"complex64\", \"samples\": 3, \"diffs\": [], \"errors\": [], \"verdict\": \"ok\"}\n"}
,{"stream_name":"stdout","time":1989.667937297,"data":"{\"op\": \"double\", \"dtype\": \"int64\", \"samples\": 3, \"diffs\": [], \"errors\": [], \"verdict\": \"ok\"}\n"}
,{"stream_name":"stdout","time":1989.667945844,"data":"{\"op\": \"double\", \"dtype\": \"float64\", \"samples\": 3, \"diffs\": [], \"errors\": [], \"verdict\": \"ok\"}\n"}
,{"stream_name":"stdout","time":1989.667951275,"data":"{\"op\": \"double\", \"dtype\": \"complex64\", \"samples\": 3, \"diffs\": [], \"errors\": [], \"verdict\": \"ok\"}\n"}
,{"stream_name":"stdout","time":1989.667955552,"data":"{\"op\": \"float\", \"dtype\": \"int64\", \"samples\": 3, \"diffs\": [], \"errors\": [], \"verdict\": \"ok\"}\n"}
,{"stream_name":"stdout","time":1989.667961077,"data":"{\"op\": \"float\", \"dtype\": \"float64\", \"samples\": 3, \"diffs\": [], \"errors\": [], \"verdict\": \"ok\"}\n"}
,{"stream_name":"stdout","time":1989.667966899,"data":"{\"op\": \"float\", \"dtype\": \"complex64\", \"samples\": 3, \"diffs\": [], \"errors\": [], \"verdict\": \"ok\"}\n"}
,{"stream_name":"stdout","time":1989.667971302,"data":"{\"op\": \"half\", \"dtype\": \"int64\", \"samples\": 3, \"diffs\": [], \"errors\": [], \"verdict\": \"ok\"}\n"}
,{"stream_name":"stdout","time":1989.667976506,"data":"{\"op\": \"half\", \"dtype\": \"float64\", \"samples\": 3, \"diffs\": [], \"errors\": [], \"verdict\": \"ok\"}\n"}
,{"stream_name":"stdout","time":1989.667981734,"data":"{\"op\": \"half\", \"dtype\": \"complex64\", \"samples\": 3, \"diffs\": [], \"errors\": [], \"verdict\": \"ok\"}\n"}
,{"stream_name":"stdout","time":1989.6679863,"data":"{\"op\": \"int\", \"dtype\": \"int64\", \"samples\": 3, \"diffs\": [], \"errors\": [], \"verdict\": \"ok\"}\n"}
,{"stream_name":"stdout","time":1989.667990672,"data":"{\"op\": \"int\", \"dtype\": \"float64\", \"samples\": 3, \"diffs\": [], \"errors\": [], \"verdict\": \"ok\"}\n"}
,{"stream_name":"stdout","time":1989.667994468,"data":"{\"op\": \"int\", \"dtype\": \"complex64\", \"samples\": 3, \"diffs\": [], \"errors\": [], \"verdict\": \"ok\"}\n"}
,{"stream_name":"stdout","time":1989.667999025,"data":"{\"op\": \"long\", \"dtype\": \"int64\", \"samples\": 3, \"diffs\": [], \"errors\": [], \"verdict\": \"ok\"}\n"}
,{"stream_name":"stdout","time":1989.668007379,"data":"{\"op\": \"long\", \"dtype\": \"float64\", \"samples\": 3, \"diffs\": [], \"errors\": [], \"verdict\": \"ok\"}\n"}
,{"stream_name":"stdout","time":1989.668012237,"data":"{\"op\": \"long\", \"dtype\": \"complex64\", \"samples\": 3, \"diffs\": [], \"errors\": [], \"verdict\": \"ok\"}\n"}
,{"stream_name":"stdout","time":1989.668016835,"data":"{\"op\": \"short\", \"dtype\": \"int64\", \"samples\": 3, \"diffs\": [], \"errors\": [], \"verdict\": \"ok\"}\n"}
,{"stream_name":"stdout","time":1989.668021404,"data":"{\"op\": \"short\", \"dtype\": \"float64\", \"samples\": 3, \"diffs\": [], \"errors\": [], \"verdict\": \"ok\"}\n"}
,{"stream_name":"stdout","time":1989.668025741,"data":"{\"op\": \"short\", \"dtype\": \"complex64\", \"samples\": 3, \"diffs\": [], \"errors\": [], \"verdict\": \"ok\"}\n"}
,{"stream_name":"stdout","time":1989.668032119,"data":"{\"op\": \"cdouble\", \"dtype\": \"int64\", \"samples\": 3, \"diffs\": [], \"errors\": [], \"verdict\": \"ok\"}\n"}
,{"stream_name":"stdout","time":1989.66803667,"data":"{\"op\": \"cdouble\", \"dtype\": \"float64\", \"samples\": 3, \"diffs\": [], \"errors\": [], \"verdict\": \"ok\"}\n"}
,{"stream_name":"stdout","time":1989.66804153,"data":"{\"op\": \"cdouble\", \"dtype\": \"complex64\", \"samples\": 3, \"diffs\": [], \"errors\": [], \"verdict\": \"ok\"}\n"}
,{"stream_name":"stdout","time":1989.668047189,"data":"{\"op\": \"cfloat\", \"dtype\": \"int64\", \"samples\": 3, \"diffs\": [], \"errors\": [], \"verdict\": \"ok\"}\n"}
,{"stream_name":"stdout","time":1989.668053148,"data":"{\"op\": \"cfloat\", \"dtype\": \"float64\", \"samples\": 3, \"diffs\": [], \"errors\": [], \"verdict\": \"ok\"}\n"}
,{"stream_name":"stdout","time":1989.668061769,"data":"{\"op\": \"cfloat\", \"dtype\": \"complex64\", \"samples\": 3, \"diffs\": [], \"errors\": [], \"verdict\": \"ok\"}\n"}
,{"stream_name":"stdout","time":1989.668066735,"data":"{\"op\": \"chalf\", \"dtype\": \"int64\", \"samples\": 3, \"diffs\": [], \"errors\": [], \"verdict\": \"ok\"}\n"}
,{"stream_name":"stdout","time":1989.668071345,"data":"{\"op\": \"chalf\", \"dtype\": \"float64\", \"samples\": 3, \"diffs\": [], \"errors\": [], \"verdict\": \"ok\"}\n"}
,{"stream_name":"stdout","time":1989.668075673,"data":"{\"op\": \"chalf\", \"dtype\": \"complex64\", \"samples\": 3, \"diffs\": [], \"errors\": [], \"verdict\": \"ok\"}\n"}
,{"stream_name":"stdout","time":1989.668090544,"data":"{\"op\": \"zeros_like\", \"dtype\": \"int64\", \"samples\": 3, \"diffs\": [], \"errors\": [], \"verdict\": \"ok\"}\n"}
,{"stream_name":"stdout","time":1989.668095466,"data":"{\"op\": \"zeros_like\", \"dtype\": \"float64\", \"samples\": 3, \"diffs\": [], \"errors\": [], \"verdict\": \"ok\"}\n"}
,{"stream_name":"stdout","time":1989.668100072,"data":"{\"op\": \"zeros_like\", \"dtype\": \"complex64\", \"samples\": 3, \"diffs\": [], \"errors\": [], \"verdict\": \"ok\"}\n"}
,{"stream_name":"stdout","time":1989.668106809,"data":"{\"op\": \"ones_like\", \"dtype\": \"int64\", \"samples\": 3, \"diffs\": [], \"errors\": [], \"verdict\": \"ok\"}\n"}
,{"stream_name":"stdout","time":1989.668111762,"data":"{\"op\": \"ones_like\", \"dtype\": \"float64\", \"samples\": 3, \"diffs\": [], \"errors\": [], \"verdict\": \"ok\"}\n"}
,{"stream_name":"stdout","time":1989.668116441,"data":"{\"op\": \"ones_like\", \"dtype\": \"complex64\", \"samples\": 3, \"diffs\": [], \"errors\": [], \"verdict\": \"ok\"}\n"}
,{"stream_name":"stdout","time":1989.668120385,"data":"{\"op\": \"full_like\", \"dtype\": \"int64\", \"samples\": 3, \"diffs\": [], \"errors\": [], \"verdict\": \"ok\"}\n"}
,{"stream_name":"stdout","time":1989.668127738,"data":"{\"op\": \"full_like\", \"dtype\": \"float64\", \"samples\": 3, \"diffs\": [], \"errors\": [], \"verdict\": \"ok\"}\n"}
,{"stream_name":"stdout","time":1989.668133192,"data":"{\"op\": \"full_like\", \"dtype\": \"complex64\", \"samples\": 3, \"diffs\": [], \"errors\": [], \"verdict\": \"ok\"}\n"}
,{"stream_name":"stdout","time":1989.668142242,"data":"{\"op\": \"new_zeros\", \"dtype\": \"int64\", \"samples\": 3, \"diffs\": [], \"errors\": [], \"verdict\": \"ok\"}\n"}
,{"stream_name":"stdout","time":1989.668149715,"data":"{\"op\": \"new_zeros\", \"dtype\": \"float64\", \"samples\": 3, \"diffs\": [], \"errors\": [], \"verdict\": \"ok\"}\n"}
,{"stream_name":"stdout","time":1989.668154365,"data":"{\"op\": \"new_zeros\", \"dtype\": \"complex64\", \"samples\": 3, \"diffs\": [], \"errors\": [], \"verdict\": \"ok\"}\n"}
,{"stream_name":"stdout","time":1989.668159238,"data":"{\"op\": \"new_ones\", \"dtype\": \"int64\", \"samples\": 3, \"diffs\": [], \"errors\": [], \"verdict\": \"ok\"}\n"}
,{"stream_name":"stdout","time":1989.668163877,"data":"{\"op\": \"new_ones\", \"dtype\": \"float64\", \"samples\": 3, \"diffs\": [], \"errors\": [], \"verdict\": \"ok\"}\n"}
,{"stream_name":"stdout","time":1989.668167839,"data":"{\"op\": \"new_ones\", \"dtype\": \"complex64\", \"samples\": 3, \"diffs\": [], \"errors\": [], \"verdict\": \"ok\"}\n"}
,{"stream_name":"stdout","time":1989.668172564,"data":"{\"op\": \"ones\", \"dtype\": \"int64\", \"samples\": 2, \"diffs\": [], \"errors\": [], \"verdict\": \"ok\"}\n"}
,{"stream_name":"stdout","time":1989.668179049,"data":"{\"op\": \"ones\", \"dtype\": \"float64\", \"samples\": 2, \"diffs\": [], \"errors\": [], \"verdict\": \"ok\"}\n"}
,{"stream_name":"stdout","time":1989.668184184,"data":"{\"op\": \"ones\", \"dtype\": \"complex64\", \"samples\": 2, \"diffs\": [], \"errors\": [], \"verdict\": \"ok\"}\n"}
,{"stream_name":"stdout","time":1989.668193232,"data":"{\"op\": \"zeros\", \"dtype\": \"int64\", \"samples\": 2, \"diffs\": [], \"errors\": [], \"verdict\": \"ok\"}\n"}
,{"stream_name":"stdout","time":1989.668198269,"data":"{\"op\": \"zeros\", \"dtype\": \"float64\", \"samples\": 2, \"diffs\": [], \"errors\": [], \"verdict\": \"ok\"}\n"}
,{"stream_name":"stdout","time":1989.668204959,"data":"{\"op\": \"zeros\", \"dtype\": \"complex64\", \"samples\": 2, \"diffs\": [], \"errors\": [], \"verdict\": \"ok\"}\n"}
,{"stream_name":"stdout","time":1989.668209802,"data":"{\"op\": \"full\", \"dtype\": \"int64\", \"samples\": 3, \"diffs\": [], \"errors\": [], \"verdict\": \"ok\"}\n"}
,{"stream_name":"stdout","time":1989.668214292,"data":"{\"op\": \"full\", \"dtype\": \"float64\", \"samples\": 3, \"diffs\": [], \"errors\": [], \"verdict\": \"ok\"}\n"}
,{"stream_name":"stdout","time":1989.66821873,"data":"{\"op\": \"full\", \"dtype\": \"complex64\", \"samples\": 3, \"diffs\": [], \"errors\": [], \"verdict\": \"ok\"}\n"}
,{"stream_name":"stdout","time":1989.668224369,"data":"{\"op\": \"eye\", \"dtype\": \"int64\", \"samples\": 3, \"diffs\": [], \"errors\": [], \"verdict\": \"ok\"}\n"}
,{"stream_name":"stdout","time":1989.668230134,"data":"{\"op\": \"eye\", \"dtype\": \"float64\", \"samples\": 3, \"diffs\": [], \"errors\": [], \"verdict\": \"ok\"}\n"}
,{"stream_name":"stdout","time":1989.668235148,"data":"{\"op\": \"eye\", \"dtype\": \"complex64\", \"samples\": 3, \"diffs\": [], \"errors\": [], \"verdict\": \"ok\"}\n"}
,{"stream_name":"stdout","time":1989.668240765,"data":"{\"op\": \"scalar_tensor\", \"dtype\": \"int64\", \"samples\": 3, \"diffs\": [], \"errors\": [], \"verdict\": \"ok\"}\n"}
,{"stream_name":"stdout","time":1989.66824606,"data":"{\"op\": \"scalar_tensor\", \"dtype\": \"float64\", \"samples\": 3, \"diffs\": [], \"errors\": [], \"verdict\": \"ok\"}\n"}
,{"stream_name":"stdout","time":1989.668251497,"data":"{\"op\": \"scalar_tensor\", \"dtype\": \"complex64\", \"samples\": 3, \"diffs\": [], \"errors\": [], \"verdict\": \"ok\"}\n"}
,{"stream_name":"stdout","time":1989.668258588,"data":"{\"op\": \"new_full\", \"dtype\": \"int64\", \"samples\": 3, \"diffs\": [], \"errors\": [], \"verdict\": \"ok\"}\n"}
,{"stream_name":"stdout","time":1989.668262993,"data":"{\"op\": \"new_full\", \"dtype\": \"float64\", \"samples\": 3, \"diffs\": [], \"errors\": [], \"verdict\": \"ok\"}\n"}
,{"stream_name":"stdout","time":1989.668267671,"data":"{\"op\": \"new_full\", \"dtype\": \"complex64\", \"samples\": 3, \"diffs\": [], \"errors\": [], \"verdict\": \"ok\"}\n"}
,{"stream_name":"stdout","time":1989.668272569,"data":"{\"op\": \"scatter_add\", \"dtype\": \"int64\", \"samples\": 3, \"diffs\": [], \"errors\": [], \"verdict\": \"ok\"}\n"}
,{"stream_name":"stdout","time":1989.668277088,"data":"{\"op\": \"scatter_add\", \"dtype\": \"float64\", \"samples\": 3, \"diffs\": [], \"errors\": [], \"verdict\": \"ok\"}\n"}
,{"stream_name":"stdout","time":1989.668282125,"data":"{\"op\": \"scatter_add\", \"dtype\": \"complex64\", \"samples\": 3, \"diffs\": [], \"errors\": [], \"verdict\": \"ok\"}\n"}
,{"stream_name":"stdout","time":1989.668286469,"data":"{\"op\": \"stack\", \"dtype\": \"int64\", \"samples\": 3, \"diffs\": [], \"errors\": [], \"verdict\": \"ok\"}\n"}
,{"stream_name":"stdout","time":1989.668292563,"data":"{\"op\": \"stack\", \"dtype\": \"float64\", \"samples\": 3, \"diffs\": [], \"errors\": [], \"verdict\": \"ok\"}\n"}
,{"stream_name":"stdout","time":1989.668297945,"data":"{\"op\": \"stack\", \"dtype\": \"complex64\", \"samples\": 3, \"diffs\": [], \"errors\": [], \"verdict\": \"ok\"}\n"}
,{"stream_name":"stdout","time":1989.668302655,"data":"{\"op\": \"hstack\", \"dtype\": \"int64\", \"samples\": 2, \"diffs\": [], \"errors\": [], \"verdict\": \"ok\"}\n"}
,{"stream_name":"stdout","time":1989.668311929,"data":"{\"op\": \"hstack\", \"dtype\": \"float64\", \"samples\": 2, \"diffs\": [], \"errors\": [], \"verdict\": \"ok\"}\n"}
,{"stream_name":"stdout","time":1989.668316554,"data":"{\"op\": \"hstack\", \"dtype\": \"complex64\", \"samples\": 2, \"diffs\": [], \"errors\": [], \"verdict\": \"ok\"}\n"}
,{"stream_name":"stdout","time":1989.668323763,"data":"{\"op\": \"hypot\", \"dtype\": \"float64\", \"samples\": 3, \"diffs\": [], \"errors\": [], \"verdict\": \"ok\"}\n"}
,{"stream_name":"stdout","time":1989.668328775,"data":"{\"op\": \"histc\", \"dtype\": \"float64\", \"samples\": 3, \"diffs\": [], \"errors\": [], \"verdict\": \"ok\"}\n"}
,{"stream_name":"stdout","time":1989.668333811,"data":"{\"op\": \"bincount\", \"dtype\": \"int64\", \"samples\": 3, \"diffs\": [], \"errors\": [], \"verdict\": \"ok\"}\n"}
,{"stream_name":"stdout","time":1989.668338468,"data":"{\"op\": \"cat\", \"dtype\": \"int64\", \"samples\": 3, \"diffs\": [], \"errors\": [], \"verdict\": \"ok\"}\n"}
,{"stream_name":"stdout","time":1989.668342397,"data":"{\"op\": \"cat\", \"dtype\": \"float64\", \"samples\": 3, \"diffs\": [], \"errors\": [], \"verdict\": \"ok\"}\n"}
,{"stream_name":"stdout","time":1989.668347881,"data":"{\"op\": \"cat\", \"dtype\": \"complex64\", \"samples\": 3, \"diffs\": [], \"errors\": [], \"verdict\": \"ok\"}\n"}
,{"stream_name":"stdout","time":1989.668353803,"data":"{\"op\": \"unbind\", \"dtype\": \"int64\", \"samples\": 3, \"diffs\": [], \"errors\": [], \"verdict\": \"ok\"}\n"}
,{"stream_name":"stdout","time":1989.668357933,"data":"{\"op\": \"unbind\", \"dtype\": \"float64\", \"samples\": 3, \"diffs\": [], \"errors\": [], \"verdict\": \"ok\"}\n"}
,{"stream_name":"stdout","time":1989.66836376,"data":"{\"op\": \"unbind\", \"dtype\": \"complex64\", \"samples\": 3, \"diffs\": [], \"errors\": [], \"verdict\": \"ok\"}\n"}
,{"stream_name":"stdout","time":1989.668368397,"data":"{\"op\": \"unbind_copy\", \"dtype\": \"int64\", \"samples\": 3, \"diffs\": [], \"errors\": [], \"verdict\": \"ok\"}\n"}
,{"stream_name":"stdout","time":1989.668372931,"data":"{\"op\": \"unbind_copy\", \"dtype\": \"float64\", \"samples\": 3, \"diffs\": [], \"errors\": [], \"verdict\": \"ok\"}\n"}
,{"stream_name":"stdout","time":1989.668377452,"data":"{\"op\": \"unbind_copy\", \"dtype\": \"complex64\", \"samples\": 3, \"diffs\": [], \"errors\": [], \"verdict\": \"ok\"}\n"}
,{"stream_name":"stdout","time":1989.668383495,"data":"{\"op\": \"vstack\", \"dtype\": \"int64\", \"samples\": 2, \"diffs\": [], \"errors\": [], \"verdict\": \"ok\"}\n"}
,{"stream_name":"stdout","time":1989.668388537,"data":"{\"op\": \"vstack\", \"dtype\": \"float64\", \"samples\": 2, \"diffs\": [], \"errors\": [], \"verdict\": \"ok\"}\n"}
,{"stream_name":"stdout","time":1989.668393229,"data":"{\"op\": \"vstack\", \"dtype\": \"complex64\", \"samples\": 2, \"diffs\": [], \"errors\": [], \"verdict\": \"ok\"}\n"}
,{"stream_name":"stdout","time":1989.668399302,"data":"{\"op\": \"dstack\", \"dtype\": \"int64\", \"samples\": 2, \"diffs\": [], \"errors\": [], \"verdict\": \"ok\"}\n"}
,{"stream_name":"stdout","time":1989.668405479,"data":"{\"op\": \"dstack\", \"dtype\": \"float64\", \"samples\": 2, \"diffs\": [], \"errors\": [], \"verdict\": \"ok\"}\n"}
,{"stream_name":"stdout","time":1989.668410087,"data":"{\"op\": \"dstack\", \"dtype\": \"complex64\", \"samples\": 2, \"diffs\": [], \"errors\": [], \"verdict\": \"ok\"}\n"}
,{"stream_name":"stdout","time":1989.668414692,"data":"{\"op\": \"unfold\", \"dtype\": \"int64\", \"samples\": 3, \"diffs\": [], \"errors\": [], \"verdict\": \"ok\"}\n"}
,{"stream_name":"stdout","time":1989.668419179,"data":"{\"op\": \"unfold\", \"dtype\": \"float64\", \"samples\": 3, \"diffs\": [], \"errors\": [], \"verdict\": \"ok\"}\n"}
,{"stream_name":"stdout","time":1989.668423275,"data":"{\"op\": \"unfold\", \"dtype\": \"complex64\", \"samples\": 3, \"diffs\": [], \"errors\": [], \"verdict\": \"ok\"}\n"}
,{"stream_name":"stdout","time":1989.668434035,"data":"{\"op\": \"unfold_copy\", \"dtype\": \"int64\", \"samples\": 3, \"diffs\": [], \"errors\": [], \"verdict\": \"ok\"}\n"}
,{"stream_name":"stdout","time":1989.668439604,"data":"{\"op\": \"unfold_copy\", \"dtype\": \"float64\", \"samples\": 3, \"diffs\": [], \"errors\": [], \"verdict\": \"ok\"}\n"}
,{"stream_name":"stdout","time":1989.66844437,"data":"{\"op\": \"unfold_copy\", \"dtype\": \"complex64\", \"samples\": 3, \"diffs\": [], \"errors\": [], \"verdict\": \"ok\"}\n"}
,{"stream_name":"stdout","time":1989.668449233,"data":"{\"op\": \"movedim\", \"dtype\": \"int64\", \"samples\": 2, \"diffs\": [], \"errors\": [], \"verdict\": \"ok\"}\n"}
,{"stream_name":"stdout","time":1989.668455681,"data":"{\"op\": \"movedim\", \"dtype\": \"float64\", \"samples\": 2, \"diffs\": [], \"errors\": [], \"verdict\": \"ok\"}\n"}
,{"stream_name":"stdout","time":1989.668460577,"data":"{\"op\": \"movedim\", \"dtype\": \"complex64\", \"samples\": 2, \"diffs\": [], \"errors\": [], \"verdict\": \"ok\"}\n"}
,{"stream_name":"stdout","time":1989.668465055,"data":"{\"op\": \"renorm\", \"dtype\": \"float64\", \"samples\": 3, \"diffs\": [], \"errors\": [], \"verdict\": \"ok\"}\n"}
,{"stream_name":"stdout","time":1989.668469227,"data":"{\"op\": \"renorm\", \"dtype\": \"complex64\", \"samples\": 3, \"diffs\": [], \"errors\": [], \"verdict\": \"ok\"}\n"}
,{"stream_name":"stdout","time":1989.668474525,"data":"{\"op\": \"repeat\", \"dtype\": \"int64\", \"samples\": 3, \"diffs\": [], \"errors\": [], \"verdict\": \"ok\"}\n"}
,{"stream_name":"stdout","time":1989.668481334,"data":"{\"op\": \"repeat\", \"dtype\": \"float64\", \"samples\": 3, \"diffs\": [], \"errors\": [], \"verdict\": \"ok\"}\n"}
,{"stream_name":"stdout","time":1989.668485956,"data":"{\"op\": \"repeat\", \"dtype\": \"complex64\", \"samples\": 3, \"diffs\": [], \"errors\": [], \"verdict\": \"ok\"}\n"}
,{"stream_name":"stdout","time":1989.668490709,"data":"{\"op\": \"squeeze\", \"dtype\": \"int64\", \"samples\": 3, \"diffs\": [], \"errors\": [], \"verdict\": \"ok\"}\n"}
,{"stream_name":"stdout","time":1989.668495121,"data":"{\"op\": \"squeeze\", \"dtype\": \"float64\", \"samples\": 3, \"diffs\": [], \"errors\": [], \"verdict\": \"ok\"}\n"}
,{"stream_name":"stdout","time":1989.668501447,"data":"{\"op\": \"squeeze\", \"dtype\": \"complex64\", \"samples\": 3, \"diffs\": [], \"errors\": [], \"verdict\": \"ok\"}\n"}
,{"stream_name":"stdout","time":1989.668506757,"data":"{\"op\": \"squeeze\", \"dtype\": \"int64\", \"samples\": 3, \"diffs\": [], \"errors\": [], \"verdict\": \"ok\"}\n"}
,{"stream_name":"stdout","time":1989.668511478,"data":"{\"op\": \"squeeze\", \"dtype\": \"float64\", \"samples\": 3, \"diffs\": [], \"errors\": [], \"verdict\": \"ok\"}\n"}
,{"stream_name":"stdout","time":1989.668515797,"data":"{\"op\": \"squeeze\", \"dtype\": \"complex64\", \"samples\": 3, \"diffs\": [], \"errors\": [], \"verdict\": \"ok\"}\n"}
,{"stream_name":"stdout","time":1989.668520037,"data":"{\"op\": \"squeeze_copy\", \"dtype\": \"int64\", \"samples\": 3, \"diffs\": [], \"errors\": [], \"verdict\": \"ok\"}\n"}
,{"stream_name":"stdout","time":1989.668526429,"data":"{\"op\": \"squeeze_copy\", \"dtype\": \"float64\", \"samples\": 3, \"diffs\": [], \"errors\": [], \"verdict\": \"ok\"}\n"}
,{"stream_name":"stdout","time":1989.668531801,"data":"{\"op\": \"squeeze_copy\", \"dtype\": \"complex64\", \"samples\": 3, \"diffs\": [], \"errors\": [], \"verdict\": \"ok\"}\n"}
,{"stream_name":"stdout","time":1989.668536783,"data":"{\"op\": \"fill\", \"dtype\": \"int64\", \"samples\": 3, \"diffs\": [], \"errors\": [], \"verdict\": \"ok\"}\n"}
,{"stream_name":"stdout","time":1989.668541029,"data":"{\"op\": \"fill\", \"dtype\": \"float64\", \"samples\": 3, \"diffs\": [], \"errors\": [], \"verdict\": \"ok\"}\n"}
,{"stream_name":"stdout","time":1989.668550553,"data":"{\"op\": \"fill\", \"dtype\": \"complex64\", \"samples\": 3, \"diffs\": [], \"errors\": [], \"verdict\": \"ok\"}\n"}
,{"stream_name":"stdout","time":1989.668555986,"data":"{\"op\": \"take_along_dim\", \"dtype\": \"int64\", \"samples\": 3, \"diffs\": [], \"errors\": [], \"verdict\": \"ok\"}\n"}
,{"stream_name":"stdout","time":1989.668560555,"data":"{\"op\": \"take_along_dim\", \"dtype\": \"float64\", \"samples\": 3, \"diffs\": [], \"errors\": [], \"verdict\": \"ok\"}\n"}
,{"stream_name":"stdout","time":1989.668565044,"data":"{\"op\": \"take_along_dim\", \"dtype\": \"complex64\", \"samples\": 3, \"diffs\": [], \"errors\": [], \"verdict\": \"ok\"}\n"}
,{"stream_name":"stdout","time":1989.668579786,"data":"{\"op\": \"tile\", \"dtype\": \"int64\", \"samples\": 3, \"diffs\": [], \"errors\": [], \"verdict\": \"ok\"}\n"}
,{"stream_name":"stdout","time":1989.668584722,"data":"{\"op\": \"tile\", \"dtype\": \"float64\", \"samples\": 3, \"diffs\": [], \"errors\": [], \"verdict\": \"ok\"}\n"}
,{"stream_name":"stdout","time":1989.668589371,"data":"{\"op\": \"tile\", \"dtype\": \"complex64\", \"samples\": 3, \"diffs\": [], \"errors\": [], \"verdict\": \"ok\"}\n"}
,{"stream_name":"stdout","time":1989.668594816,"data":"{\"op\": \"trapz\", \"dtype\": \"int64\", \"samples\": 3, \"diffs\": [], \"errors\": [], \"verdict\": \"ok\"}\n"}
,{"stream_name":"stdout","time":1989.66859949,"data":"{\"op\": \"trapz\", \"dtype\": \"float64\", \"samples\": 3, \"diffs\": [], \"errors\": [], \"verdict\": \"ok\"}\n"}
,{"stream_name":"stdout","time":1989.668606038,"data":"{\"op\": \"trapz\", \"dtype\": \"complex64\", \"samples\": 3, \"diffs\": [], \"errors\": [], \"verdict\": \"ok\"}\n"}
,{"stream_name":"stdout","time":1989.668611052,"data":"{\"op\": \"trapezoid\", \"dtype\": \"int64\", \"samples\": 3, \"diffs\": [], \"errors\": [], \"verdict\": \"ok\"}\n"}
,{"stream_name":"stdout","time":1989.66861554,"data":"{\"op\": \"trapezoid\", \"dtype\": \"float64\", \"samples\": 3, \"diffs\": [], \"errors\": [], \"verdict\": \"ok\"}\n"}
,{"stream_name":"stdout","time":1989.668620518,"data":"{\"op\": \"trapezoid\", \"dtype\": \"complex64\", \"samples\": 3, \"diffs\": [], \"errors\": [], \"verdict\": \"ok\"}\n"}
,{"stream_name":"stdout","time":1989.66862653,"data":"{\"op\": \"cumulative_trapezoid\", \"dtype\": \"int64\", \"samples\": 3, \"diffs\": [], \"errors\": [], \"verdict\": \"ok\"}\n"}
,{"stream_name":"stdout","time":1989.668632115,"data":"{\"op\": \"cumulative_trapezoid\", \"dtype\": \"float64\", \"samples\": 3, \"diffs\": [], \"errors\": [], \"verdict\": \"ok\"}\n"}
,{"stream_name":"stdout","time":1989.668636629,"data":"{\"op\": \"cumulative_trapezoid\", \"dtype\": \"complex64\", \"samples\": 3, \"diffs\": [], \"errors\": [], \"verdict\": \"ok\"}\n"}
,{"stream_name":"stdout","time":1989.668641317,"data":"{\"op\": \"unsqueeze\", \"dtype\": \"int64\", \"samples\": 3, \"diffs\": [], \"errors\": [], \"verdict\": \"ok\"}\n"}
,{"stream_name":"stdout","time":1989.668647089,"data":"{\"op\": \"unsqueeze\", \"dtype\": \"float64\", \"samples\": 3, \"diffs\": [], \"errors\": [], \"verdict\": \"ok\"}\n"}
,{"stream_name":"stdout","time":1989.668652709,"data":"{\"op\": \"unsqueeze\", \"dtype\": \"complex64\", \"samples\": 3, \"diffs\": [], \"errors\": [], \"verdict\": \"ok\"}\n"}
,{"stream_name":"stdout","time":1989.668657158,"data":"{\"op\": \"unsqueeze_copy\", \"dtype\": \"int64\", \"samples\": 3, \"diffs\": [], \"errors\": [], \"verdict\": \"ok\"}\n"}
,{"stream_name":"stdout","time":1989.668661832,"data":"{\"op\": \"unsqueeze_copy\", \"dtype\": \"float64\", \"samples\": 3, \"diffs\": [], \"errors\": [], \"verdict\": \"ok\"}\n"}
,{"stream_name":"stdout","time":1989.66866628,"data":"{\"op\": \"unsqueeze_copy\", \"dtype\": \"complex64\", \"samples\": 3, \"diffs\": [], \"errors\": [], \"verdict\": \"ok\"}\n"}
,{"stream_name":"stdout","time":1989.668678317,"data":"{\"op\": \"xlogy\", \"dtype\": \"int64\", \"samples\": 3, \"diffs\": [], \"errors\": [], \"verdict\": \"ok\"}\n"}
,{"stream_name":"stdout","time":1989.668719836,"data":"{\"op\": \"xlogy\", \"dtype\": \"float64\", \"samples\": 3, \"diffs\": [], \"errors\": [], \"verdict\": \"ok\"}\n"}
,{"stream_name":"stdout","time":1989.668726169,"data":"{\"op\": \"zero_\", \"dtype\": \"int64\", \"samples\": 3, \"diffs\": [], \"errors\": [], \"verdict\": \"ok\"}\n"}
,{"stream_name":"stdout","time":1989.668731949,"data":"{\"op\": \"zero_\", \"dtype\": \"float64\", \"samples\": 3, \"diffs\": [], \"errors\": [], \"verdict\": \"ok\"}\n"}
,{"stream_name":"stdout","time":1989.668736587,"data":"{\"op\": \"zero_\", \"dtype\": \"complex64\", \"samples\": 3, \"diffs\": [], \"errors\": [], \"verdict\": \"ok\"}\n"}
,{"stream_name":"stdout","time":1989.66874097,"data":"{\"op\": \"logsumexp\", \"dtype\": \"int64\", \"samples\": 3, \"diffs\": [], \"errors\": [], \"verdict\": \"ok\"}\n"}
,{"stream_name":"stdout","time":1989.668745558,"data":"{\"op\": \"logsumexp\", \"dtype\": \"float64\", \"samples\": 3, \"diffs\": [], \"errors\": [], \"verdict\": \"ok\"}\n"}
,{"stream_name":"stdout","time":1989.668751537,"data":"{\"op\": \"logsumexp\", \"dtype\": \"complex64\", \"samples\": 3, \"diffs\": [], \"errors\": [], \"verdict\": \"ok\"}\n"}
,{"stream_name":"stdout","time":1989.668757116,"data":"{\"op\": \"trace\", \"dtype\": \"int64\", \"samples\": 3, \"diffs\": [], \"errors\": [], \"verdict\": \"ok\"}\n"}
,{"stream_name":"stdout","time":1989.668761639,"data":"{\"op\": \"trace\", \"dtype\": \"float64\", \"samples\": 3, \"diffs\": [], \"errors\": [], \"verdict\": \"ok\"}\n"}
,{"stream_name":"stdout","time":1989.668765826,"data":"{\"op\": \"trace\", \"dtype\": \"complex64\", \"samples\": 3, \"diffs\": [], \"errors\": [], \"verdict\": \"ok\"}\n"}
,{"stream_name":"stdout","time":1989.668770401,"data":"{\"op\": \"transpose\", \"dtype\": \"int64\", \"samples\": 3, \"diffs\": [], \"errors\": [], \"verdict\": \"ok\"}\n"}
,{"stream_name":"stdout","time":1989.668776972,"data":"{\"op\": \"transpose\", \"dtype\": \"float64\", \"samples\": 3, \"diffs\": [], \"errors\": [], \"verdict\": \"ok\"}\n"}
,{"stream_name":"stdout","time":1989.668782084,"data":"{\"op\": \"transpose\", \"dtype\": \"complex64\", \"samples\": 3, \"diffs\": [], \"errors\": [], \"verdict\": \"ok\"}\n"}
,{"stream_name":"stdout","time":1989.668786872,"data":"{\"op\": \"transpose_copy\", \"dtype\": \"int64\", \"samples\": 3, \"diffs\": [], \"errors\": [], \"verdict\": \"ok\"}\n"}
,{"stream_name":"stdout","time":1989.668791381,"data":"{\"op\": \"transpose_copy\", \"dtype\": \"float64\", \"samples\": 3, \"diffs\": [], \"errors\": [], \"verdict\": \"ok\"}\n"}
,{"stream_name":"stdout","time":1989.668797296,"data":"{\"op\": \"transpose_copy\", \"dtype\": \"complex64\", \"samples\": 3, \"diffs\": [], \"errors\": [], \"verdict\": \"ok\"}\n"}
,{"stream_name":"stdout","time":1989.668802896,"data":"{\"op\": \"T\", \"dtype\": \"int64\", \"samples\": 2, \"diffs\": [], \"errors\": [], \"verdict\": \"ok\"}\n"}
,{"stream_name":"stdout","time":1989.668807665,"data":"{\"op\": \"T\", \"dtype\": \"float64\", \"samples\": 2, \"diffs\": [], \"errors\": [], \"verdict\": \"ok\"}\n"}
,{"stream_name":"stdout","time":1989.668812649,"data":"{\"op\": \"T\", \"dtype\": \"complex64\", \"samples\": 2, \"diffs\": [], \"errors\": [], \"verdict\": \"ok\"}\n"}
,{"stream_name":"stdout","time":1989.668817452,"data":"{\"op\": \"H\", \"dtype\": \"int64\", \"samples\": 2, \"diffs\": [], \"errors\": [], \"verdict\": \"ok\"}\n"}
,{"stream_name":"stdout","time":1989.66882374,"data":"{\"op\": \"H\", \"dtype\": \"float64\", \"samples\": 2, \"diffs\": [], \"errors\": [], \"verdict\": \"ok\"}\n"}
,{"stream_name":"stdout","time":1989.668833434,"data":"{\"op\": \"H\", \"dtype\": \"complex64\", \"samples\": 2, \"diffs\": [], \"errors\": [], \"verdict\": \"ok\"}\n"}
,{"stream_name":"stdout","time":1989.668838043,"data":"{\"op\": \"mT\", \"dtype\": \"int64\", \"samples\": 3, \"diffs\": [], \"errors\": [], \"verdict\": \"ok\"}\n"}
,{"stream_name":"stdout","time":1989.668842441,"data":"{\"op\": \"mT\", \"dtype\": \"float64\", \"samples\": 3, \"diffs\": [], \"errors\": [], \"verdict\": \"ok\"}\n"}
,{"stream_name":"stdout","time":1989.668848774,"data":"{\"op\": \"mT\", \"dtype\": \"complex64\", \"samples\": 3, \"diffs\": [], \"errors\": [], \"verdict\": \"ok\"}\n"}
,{"stream_name":"stdout","time":1989.668853782,"data":"{\"op\": \"mH\", \"dtype\": \"int64\", \"samples\": 3, \"diffs\": [], \"errors\": [], \"verdict\": \"ok\"}\n"}
,{"stream_name":"stdout","time":1989.668858624,"data":"{\"op\": \"mH\", \"dtype\": \"float64\", \"samples\": 3, \"diffs\": [], \"errors\": [], \"verdict\": \"ok\"}\n"}
,{"stream_name":"stdout","time":1989.668863428,"data":"{\"op\": \"mH\", \"dtype\": \"complex64\", \"samples\": 3, \"diffs\": [], \"errors\": [], \"verdict\": \"ok\"}\n"}
,{"stream_name":"stdout","time":1989.668867936,"data":"{\"op\": \"tril\", \"dtype\": \"int64\", \"samples\": 3, \"diffs\": [], \"errors\": [], \"verdict\": \"ok\"}\n"}
,{"stream_name":"stdout","time":1989.668872182,"data":"{\"op\": \"tril\", \"dtype\": \"float64\", \"samples\": 3, \"diffs\": [], \"errors\": [], \"verdict\": \"ok\"}\n"}
,{"stream_name":"stdout","time":1989.668876502,"data":"{\"op\": \"tril\", \"dtype\": \"complex64\", \"samples\": 3, \"diffs\": [], \"errors\": [], \"verdict\": \"ok\"}\n"}
,{"stream_name":"stdout","time":1989.66888102,"data":"{\"op\": \"triu\", \"dtype\": \"int64\", \"samples\": 3, \"diffs\": [], \"errors\": [], \"verdict\": \"ok\"}\n"}
,{"stream_name":"stdout","time":1989.668886277,"data":"{\"op\": \"triu\", \"dtype\": \"float64\", \"samples\": 3, \"diffs\": [], \"errors\": [], \"verdict\": \"ok\"}\n"}
,{"stream_name":"stdout","time":1989.668892472,"data":"{\"op\": \"triu\", \"dtype\": \"complex64\", \"samples\": 3, \"diffs\": [], \"errors\": [], \"verdict\": \"ok\"}\n"}
,{"stream_name":"stdout","time":1989.66889706,"data":"{\"op\": \"triu_indices\", \"dtype\": \"int64\", \"samples\": 3, \"diffs\": [], \"errors\": [], \"verdict\": \"ok\"}\n"}
,{"stream_name":"stdout","time":1989.668902247,"data":"{\"op\": \"tril_indices\", \"dtype\": \"int64\", \"samples\": 3, \"diffs\": [], \"errors\": [], \"verdict\": \"ok\"}\n"}
,{"stream_name":"stdout","time":1989.668906731,"data":"{\"op\": \"kron\", \"dtype\": \"int64\", \"samples\": 1, \"diffs\": [], \"errors\": [], \"verdict\": \"ok\"}\n"}
,{"stream_name":"stdout","time":1989.668910786,"data":"{\"op\": \"kron\", \"dtype\": \"float64\", \"samples\": 1, \"diffs\": [], \"errors\": [], \"verdict\": \"ok\"}\n"}
,{"stream_name":"stdout","time":1989.668915325,"data":"{\"op\": \"kron\", \"dtype\": \"complex64\", \"samples\": 1, \"diffs\": [], \"errors\": [], \"verdict\": \"ok\"}\n"}
,{"stream_name":"stdout","time":1989.668921205,"data":"{\"op\": \"inner\", \"dtype\": \"int64\", \"samples\": 2, \"diffs\": [], \"errors\": [], \"verdict\": \"ok\"}\n"}
,{"stream_name":"stdout","time":1989.668926657,"data":"{\"op\": \"inner\", \"dtype\": \"float64\", \"samples\": 2, \"diffs\": [], \"errors\": [], \"verdict\": \"ok\"}\n"}
,{"stream_name":"stdout","time":1989.668931771,"data":"{\"op\": \"inner\", \"dtype\": \"complex64\", \"samples\": 2, \"diffs\": [], \"errors\": [], \"verdict\": \"ok\"}\n"}
,{"stream_name":"stdout","time":1989.66893637,"data":"{\"op\": \"tensordot\", \"dtype\": \"int64\", \"samples\": 3, \"diffs\": [], \"errors\": [], \"verdict\": \"ok\"}\n"}
,{"stream_name":"stdout","time":1989.668940452,"data":"{\"op\": \"tensordot\", \"dtype\": \"float64\", \"samples\": 3, \"diffs\": [], \"errors\": [], \"verdict\": \"ok\"}\n"}
,{"stream_name":"stdout","time":1989.668951679,"data":"{\"op\": \"tensordot\", \"dtype\": \"complex64\", \"samples\": 3, \"diffs\": [], \"errors\": [], \"verdict\": \"ok\"}\n"}
,{"stream_name":"stdout","time":1989.668957369,"data":"{\"op\": \"to_sparse\", \"dtype\": \"int64\", \"verdict\": \"TOOL_ERROR\", \"diffs\": [], \"errors\": [\"aten/src/ATen/functorch/DynamicLayer.cpp:475 [backend fallback]\\nPreDispatch: registered at /__w/pytorch/pytorch/aten/src/ATen/core/PythonFallbackKernel.cpp:204 [backend fallback]\\nPythonDispatcher: registered at /__w/pytorch/pytorch/aten/src/ATen/core/PythonFallbackKernel.cpp:196 [backend fallback]\\n\\n\"]}\n"}
,{"stream_name":"stdout","time":1989.668962997,"data":"{\"op\": \"to_sparse\", \"dtype\": \"float64\", \"verdict\": \"TOOL_ERROR\", \"diffs\": [], \"errors\": [\"aten/src/ATen/functorch/DynamicLayer.cpp:475 [backend fallback]\\nPreDispatch: registered at /__w/pytorch/pytorch/aten/src/ATen/core/PythonFallbackKernel.cpp:204 [backend fallback]\\nPythonDispatcher: registered at /__w/pytorch/pytorch/aten/src/ATen/core/PythonFallbackKernel.cpp:196 [backend fallback]\\n\\n\"]}\n"}
,{"stream_name":"stdout","time":1989.668971352,"data":"{\"op\": \"to_sparse\", \"dtype\": \"complex64\", \"verdict\": \"TOOL_ERROR\", \"diffs\": [], \"errors\": [\"aten/src/ATen/functorch/DynamicLayer.cpp:475 [backend fallback]\\nPreDispatch: registered at /__w/pytorch/pytorch/aten/src/ATen/core/PythonFallbackKernel.cpp:204 [backend fallback]\\nPythonDispatcher: registered at /__w/pytorch/pytorch/aten/src/ATen/core/PythonFallbackKernel.cpp:196 [backend fallback]\\n\\n\"]}\n"}
,{"stream_name":"stdout","time":1989.668977659,"data":"{\"op\": \"logcumsumexp\", \"dtype\": \"float64\", \"samples\": 3, \"diffs\": [], \"errors\": [], \"verdict\": \"ok\"}\n"}
,{"stream_name":"stdout","time":1989.668984009,"data":"{\"op\": \"logcumsumexp\", \"dtype\": \"complex64\", \"samples\": 3, \"diffs\": [], \"errors\": [], \"verdict\": \"ok\"}\n"}
,{"stream_name":"stdout","time":1989.668990214,"data":"{\"op\": \"sigmoid\", \"dtype\": \"int64\", \"samples\": 3, \"diffs\": [], \"errors\": [], \"verdict\": \"ok\"}\n"}
,{"stream_name":"stdout","time":1989.668994691,"data":"{\"op\": \"sigmoid\", \"dtype\": \"float64\", \"samples\": 3, \"diffs\": [], \"errors\": [], \"verdict\": \"ok\"}\n"}
,{"stream_name":"stdout","time":1989.668999403,"data":"{\"op\": \"sigmoid\", \"dtype\": \"complex64\", \"samples\": 3, \"diffs\": [], \"errors\": [], \"verdict\": \"ok\"}\n"}
,{"stream_name":"stdout","time":1989.669003929,"data":"{\"op\": \"digamma\", \"dtype\": \"int64\", \"samples\": 3, \"diffs\": [], \"errors\": [], \"verdict\": \"ok\"}\n"}
,{"stream_name":"stdout","time":1989.669008309,"data":"{\"op\": \"digamma\", \"dtype\": \"float64\", \"samples\": 3, \"diffs\": [], \"errors\": [], \"verdict\": \"ok\"}\n"}
,{"stream_name":"stdout","time":1989.669014235,"data":"{\"op\": \"erf\", \"dtype\": \"int64\", \"samples\": 1, \"diffs\": [], \"errors\": [], \"verdict\": \"ok\"}\n"}
,{"stream_name":"stdout","time":1989.669019917,"data":"{\"op\": \"erf\", \"dtype\": \"float64\", \"samples\": 1, \"diffs\": [], \"errors\": [], \"verdict\": \"ok\"}\n"}
,{"stream_name":"stdout","time":1989.669024521,"data":"{\"op\": \"erfc\", \"dtype\": \"int64\", \"samples\": 3, \"diffs\": [], \"errors\": [], \"verdict\": \"ok\"}\n"}
,{"stream_name":"stdout","time":1989.669029664,"data":"{\"op\": \"erfc\", \"dtype\": \"float64\", \"samples\": 3, \"diffs\": [], \"errors\": [], \"verdict\": \"ok\"}\n"}
,{"stream_name":"stdout","time":1989.669036469,"data":"{\"op\": \"erfinv\", \"dtype\": \"int64\", \"samples\": 1, \"diffs\": [], \"errors\": [], \"verdict\": \"ok\"}\n"}
,{"stream_name":"stdout","time":1989.669041865,"data":"{\"op\": \"erfinv\", \"dtype\": \"float64\", \"samples\": 1, \"diffs\": [], \"errors\": [], \"verdict\": \"ok\"}\n"}
,{"stream_name":"stdout","time":1989.669051226,"data":"{\"op\": \"nn.functional.smooth_l1_loss\", \"dtype\": \"float64\", \"samples\": 3, \"diffs\": [], \"errors\": [], \"verdict\": \"ok\"}\n"}
,{"stream_name":"stdout","time":1989.66905762,"data":"{\"op\": \"nn.functional.l1_loss\", \"dtype\": \"float64\", \"samples\": 3, \"diffs\": [], \"errors\": [], \"verdict\": \"ok\"}\n"}
,{"stream_name":"stdout","time":1989.669062878,"data":"{\"op\": \"nn.functional.l1_loss\", \"dtype\": \"complex64\", \"samples\": 3, \"diffs\": [], \"errors\": [], \"verdict\": \"ok\"}\n"}
,{"stream_name":"stdout","time":1989.669067789,"data":"{\"op\": \"lgamma\", \"dtype\": \"int64\", \"samples\": 3, \"diffs\": [], \"errors\": [], \"verdict\": \"ok\"}\n"}
,{"stream_name":"stdout","time":1989.669072052,"data":"{\"op\": \"lgamma\", \"dtype\": \"float64\", \"samples\": 3, \"diffs\": [], \"errors\": [], \"verdict\": \"ok\"}\n"}
,{"stream_name":"stdout","time":1989.669076509,"data":"{\"op\": \"log_softmax\", \"dtype\": \"float64\", \"samples\": 3, \"diffs\": [], \"errors\": [], \"verdict\": \"ok\"}\n"}
,{"stream_name":"stdout","time":1989.669091944,"data":"{\"op\": \"log_softmax\", \"dtype\": \"int64\", \"samples\": 3, \"diffs\": [], \"errors\": [], \"verdict\": \"ok\"}\n"}
,{"stream_name":"stdout","time":1989.669096734,"data":"{\"op\": \"log_softmax\", \"dtype\": \"float64\", \"samples\": 3, \"diffs\": [], \"errors\": [], \"verdict\": \"ok\"}\n"}
,{"stream_name":"stdout","time":1989.669102517,"data":"{\"op\": \"log_softmax\", \"dtype\": \"complex64\", \"samples\": 3, \"diffs\": [], \"errors\": [], \"verdict\": \"ok\"}\n"}
,{"stream_name":"stdout","time":1989.669108589,"data":"{\"op\": \"logit\", \"dtype\": \"int64\", \"samples\": 3, \"diffs\": [], \"errors\": [], \"verdict\": \"ok\"}\n"}
,{"stream_name":"stdout","time":1989.669113009,"data":"{\"op\": \"logit\", \"dtype\": \"float64\", \"samples\": 3, \"diffs\": [], \"errors\": [], \"verdict\": \"ok\"}\n"}
,{"stream_name":"stdout","time":1989.669117857,"data":"{\"op\": \"where\", \"dtype\": \"int64\", \"samples\": 3, \"diffs\": [], \"errors\": [], \"verdict\": \"ok\"}\n"}
,{"stream_name":"stdout","time":1989.669122175,"data":"{\"op\": \"where\", \"dtype\": \"float64\", \"samples\": 3, \"diffs\": [], \"errors\": [], \"verdict\": \"ok\"}\n"}
,{"stream_name":"stdout","time":1989.669126987,"data":"{\"op\": \"where\", \"dtype\": \"complex64\", \"samples\": 3, \"diffs\": [], \"errors\": [], \"verdict\": \"ok\"}\n"}
,{"stream_name":"stdout","time":1989.66913154,"data":"{\"op\": \"jiterator_unary\", \"dtype\": \"int64\", \"samples\": 3, \"diffs\": [], \"errors\": [], \"verdict\": \"ok\"}\n"}
,{"stream_name":"stdout","time":1989.669138009,"data":"{\"op\": \"jiterator_unary\", \"dtype\": \"float64\", \"samples\": 3, \"diffs\": [], \"errors\": [], \"verdict\": \"ok\"}\n"}
,{"stream_name":"stdout","time":1989.669143189,"data":"{\"op\": \"jiterator_unary\", \"dtype\": \"complex64\", \"samples\": 3, \"diffs\": [], \"errors\": [], \"verdict\": \"ok\"}\n"}
,{"stream_name":"stdout","time":1989.66914816,"data":"{\"op\": \"jiterator_binary\", \"dtype\": \"int64\", \"samples\": 3, \"diffs\": [], \"errors\": [], \"verdict\": \"ok\"}\n"}
,{"stream_name":"stdout","time":1989.669152855,"data":"{\"op\": \"jiterator_binary\", \"dtype\": \"float64\", \"samples\": 3, \"diffs\": [], \"errors\": [], \"verdict\": \"ok\"}\n"}
,{"stream_name":"stdout","time":1989.669158589,"data":"{\"op\": \"jiterator_binary\", \"dtype\": \"complex64\", \"samples\": 3, \"diffs\": [], \"errors\": [], \"verdict\": \"ok\"}\n"}
,{"stream_name":"stdout","time":1989.669165821,"data":"{\"op\": \"jiterator_4inputs_with_extra_args\", \"dtype\": \"int64\", \"samples\": 3, \"diffs\": [], \"errors\": [], \"verdict\": \"ok\"}\n"}
,{"stream_name":"stdout","time":1989.669170575,"data":"{\"op\": \"jiterator_4inputs_with_extra_args\", \"dtype\": \"float64\", \"samples\": 3, \"diffs\": [], \"errors\": [], \"verdict\": \"ok\"}\n"}
,{"stream_name":"stdout","time":1989.669187544,"data":"{\"op\": \"jiterator_4inputs_with_extra_args\", \"dtype\": \"complex64\", \"samples\": 3, \"diffs\": [], \"errors\": [], \"verdict\": \"ok\"}\n"}
,{"stream_name":"stdout","time":1989.669193415,"data":"{\"op\": \"jiterator_binary_return_by_ref\", \"dtype\": \"int64\", \"samples\": 3, \"diffs\": [], \"errors\": [], \"verdict\": \"ok\"}\n"}
,{"stream_name":"stdout","time":1989.669198247,"data":"{\"op\": \"jiterator_binary_return_by_ref\", \"dtype\": \"float64\", \"samples\": 3, \"diffs\": [], \"errors\": [], \"verdict\": \"ok\"}\n"}
,{"stream_name":"stdout","time":1989.669202729,"data":"{\"op\": \"jiterator_binary_return_by_ref\", \"dtype\": \"complex64\", \"samples\": 3, \"diffs\": [], \"errors\": [], \"verdict\": \"ok\"}\n"}
,{"stream_name":"stdout","time":1989.66920708,"data":"{\"op\": \"jiterator_2inputs_2outputs\", \"dtype\": \"int64\", \"samples\": 3, \"diffs\": [], \"errors\": [], \"verdict\": \"ok\"}\n"}
,{"stream_name":"stdout","time":1989.669211926,"data":"{\"op\": \"jiterator_2inputs_2outputs\", \"dtype\": \"float64\", \"samples\": 3, \"diffs\": [], \"errors\": [], \"verdict\": \"ok\"}\n"}
,{"stream_name":"stdout","time":1989.669218729,"data":"{\"op\": \"jiterator_2inputs_2outputs\", \"dtype\": \"complex64\", \"samples\": 3, \"diffs\": [], \"errors\": [], \"verdict\": \"ok\"}\n"}
,{"stream_name":"stdout","time":1989.66922374,"data":"{\"op\": \"norm\", \"dtype\": \"float64\", \"samples\": 3, \"diffs\": [], \"errors\": [], \"verdict\": \"ok\"}\n"}
,{"stream_name":"stdout","time":1989.669228327,"data":"{\"op\": \"norm\", \"dtype\": \"complex64\", \"samples\": 3, \"diffs\": [], \"errors\": [], \"verdict\": \"ok\"}\n"}
,{"stream_name":"stdout","time":1989.669232505,"data":"{\"op\": \"norm\", \"dtype\": \"float64\", \"samples\": 2, \"diffs\": [], \"errors\": [], \"verdict\": \"ok\"}\n"}
,{"stream_name":"stdout","time":1989.669238805,"data":"{\"op\": \"norm\", \"dtype\": \"complex64\", \"samples\": 2, \"diffs\": [], \"errors\": [], \"verdict\": \"ok\"}\n"}
,{"stream_name":"stdout","time":1989.669244069,"data":"{\"op\": \"norm\", \"dtype\": \"float64\", \"samples\": 3, \"diffs\": [], \"errors\": [], \"verdict\": \"ok\"}\n"}
,{"stream_name":"stdout","time":1989.669248409,"data":"{\"op\": \"norm\", \"dtype\": \"complex64\", \"samples\": 3, \"diffs\": [], \"errors\": [], \"verdict\": \"ok\"}\n"}
,{"stream_name":"stdout","time":1989.669254239,"data":"{\"op\": \"norm\", \"dtype\": \"float64\", \"samples\": 3, \"diffs\": [], \"errors\": [], \"verdict\": \"ok\"}\n"}
,{"stream_name":"stdout","time":1989.669260169,"data":"{\"op\": \"norm\", \"dtype\": \"complex64\", \"samples\": 3, \"diffs\": [], \"errors\": [], \"verdict\": \"ok\"}\n"}
,{"stream_name":"stdout","time":1989.669264695,"data":"{\"op\": \"t\", \"dtype\": \"int64\", \"samples\": 3, \"diffs\": [], \"errors\": [], \"verdict\": \"ok\"}\n"}
,{"stream_name":"stdout","time":1989.6692694,"data":"{\"op\": \"t\", \"dtype\": \"float64\", \"samples\": 3, \"diffs\": [], \"errors\": [], \"verdict\": \"ok\"}\n"}
,{"stream_name":"stdout","time":1989.66927446,"data":"{\"op\": \"t\", \"dtype\": \"complex64\", \"samples\": 3, \"diffs\": [], \"errors\": [], \"verdict\": \"ok\"}\n"}
,{"stream_name":"stdout","time":1989.669279418,"data":"{\"op\": \"t_copy\", \"dtype\": \"int64\", \"samples\": 3, \"diffs\": [], \"errors\": [], \"verdict\": \"ok\"}\n"}
,{"stream_name":"stdout","time":1989.669293176,"data":"{\"op\": \"t_copy\", \"dtype\": \"float64\", \"samples\": 3, \"diffs\": [], \"errors\": [], \"verdict\": \"ok\"}\n"}
,{"stream_name":"stdout","time":1989.669298773,"data":"{\"op\": \"t_copy\", \"dtype\": \"complex64\", \"samples\": 3, \"diffs\": [], \"errors\": [], \"verdict\": \"ok\"}\n"}
,{"stream_name":"stdout","time":1989.669309948,"data":"{\"op\": \"nn.functional.one_hot\", \"dtype\": \"int64\", \"samples\": 3, \"diffs\": [], \"errors\": [], \"verdict\": \"ok\"}\n"}
,{"stream_name":"stdout","time":1989.669314881,"data":"{\"op\": \"nn.functional.embedding\", \"dtype\": \"float64\", \"samples\": 3, \"diffs\": [], \"errors\": [], \"verdict\": \"ok\"}\n"}
,{"stream_name":"stdout","time":1989.669321004,"data":"{\"op\": \"nn.functional.multi_head_attention_forward\", \"dtype\": \"float64\", \"samples\": 3, \"diffs\": [], \"errors\": [], \"verdict\": \"ok\"}\n"}
,{"stream_name":"stdout","time":1989.669327584,"data":"{\"op\": \"nn.functional.mse_loss\", \"dtype\": \"float64\", \"samples\": 3, \"diffs\": [], \"errors\": [], \"verdict\": \"ok\"}\n"}
,{"stream_name":"stdout","time":1989.669333352,"data":"{\"op\": \"grid_sampler_2d\", \"dtype\": \"float64\", \"samples\": 3, \"diffs\": [{\"i\": 0, \"class\": \"VALUE\", \"detail\": \"nan pattern at [0, 0, 0, 4]: eager nan compiled 0.0\", \"repr\": \"SampleInput(input=tensor([[[[-1.0727, -1.6850, -0.1344, -0.3425, -0.4382, -0.9213, -1.2048,\\n           -1.0631, -0.9224,  1.6402,  1.2391, -1.8479,  0.9284,  0.4550,\\n           -0.9058, -0.6808, -0.7427, -1.2088,  0.9957,  0.5967],\\n          [-0.8541, -0.6746, -0.4769, -0.5937, -1.7163, -1.9103, -0.\"}, {\"i\": 1, \"class\": \"VALUE\", \"detail\": \"nan pattern at [0, 0, 0, 4]: eager nan compiled 0.0\", \"repr\": \"SampleInput(input=tensor([[[[-1.0727, -1.6850, -0.1344, -0.3425, -0.4382, -0.9213, -1.2048,\\n           -1.0631, -0.9224,  1.6402,  1.2391, -1.8479,  0.9284,  0.4550,\\n           -0.9058, -0.6808, -0.7427, -1.2088,  0.9957,  0.5967],\\n          [-0.8541, -0.6746, -0.4769, -0.5937, -1.7163, -1.9103, -0.\"}, {\"i\": 2, \"class\": \"VALUE\", \"detail\": \"nan pattern at [1, 1, 0, 0]: eager 1e+30 compiled nan\", \"repr\": \"SampleInput(input=tensor([[[[-1.0727, -1.6850, -0.1344, -0.3425, -0.4382, -0.9213, -1.2048,\\n           -1.0631, -0.9224,  1.6402,  1.2391, -1.8479,  0.9284,  0.4550,\\n           -0.9058, -0.6808, -0.7427, -1.2088,  0.9957,  0.5967],\\n          [-0.8541, -0.6746, -0.4769, -0.5937, -1.7163, -1.9103, -0.\"}], \"errors\": [], \"verdict\": \"DIFF:VALUE\"}\n"}
,{"stream_name":"stdout","time":1989.669348769,"data":"{\"op\": \"grid_sampler_3d\", \"dtype\": \"float64\", \"samples\": 3, \"diffs\": [], \"errors\": [], \"verdict\": \"ok\"}\n"}
,{"stream_name":"stdout","time":1989.669354705,"data":"{\"op\": \"all\", \"dtype\": \"int64\", \"samples\": 3, \"diffs\": [], \"errors\": [], \"verdict\": \"ok\"}\n"}
,{"stream_name":"stdout","time":1989.669359636,"data":"{\"op\": \"all\", \"dtype\": \"float64\", \"samples\": 3, \"diffs\": [], \"errors\": [], \"verdict\": \"ok\"}\n"}
,{"stream_name":"stdout","time":1989.669364622,"data":"{\"op\": \"all\", \"dtype\": \"complex64\", \"samples\": 3, \"diffs\": [], \"errors\": [], \"verdict\": \"ok\"}\n"}
,{"stream_name":"stdout","time":1989.669369159,"data":"{\"op\": \"any\", \"dtype\": \"int64\", \"samples\": 3, \"diffs\": [], \"errors\": [], \"verdict\": \"ok\"}\n"}
,{"stream_name":"stdout","time":1989.6693756,"data":"{\"op\": \"any\", \"dtype\": \"float64\", \"samples\": 3, \"diffs\": [], \"errors\": [], \"verdict\": \"ok\"}\n"}
,{"stream_name":"stdout","time":1989.669380316,"data":"{\"op\": \"any\", \"dtype\": \"complex64\", \"samples\": 3, \"diffs\": [], \"errors\": [], \"verdict\": \"ok\"}\n"}
,{"stream_name":"stdout","time":1989.669385168,"data":"{\"op\": \"amax\", \"dtype\": \"int64\", \"samples\": 3, \"diffs\": [], \"errors\": [], \"verdict\": \"ok\"}\n"}
,{"stream_name":"stdout","time":1989.6693902,"data":"{\"op\": \"amax\", \"dtype\": \"float64\", \"samples\": 3, \"diffs\": [], \"errors\": [], \"verdict\": \"ok\"}\n"}
,{"stream_name":"stdout","time":1989.669395077,"data":"{\"op\": \"amin\", \"dtype\": \"int64\", \"samples\": 3, \"diffs\": [], \"errors\": [], \"verdict\": \"ok\"}\n"}
,{"stream_name":"stdout","time":1989.669404994,"data":"{\"op\": \"amin\", \"dtype\": \"float64\", \"samples\": 3, \"diffs\": [], \"errors\": [], \"verdict\": \"ok\"}\n"}
,{"stream_name":"stdout","time":1989.669410936,"data":"{\"op\": \"argmax\", \"dtype\": \"int64\", \"samples\": 3, \"diffs\": [], \"errors\": [], \"verdict\": \"ok\"}\n"}
,{"stream_name":"stdout","time":1989.669415452,"data":"{\"op\": \"argmax\", \"dtype\": \"float64\", \"samples\": 3, \"diffs\": [], \"errors\": [], \"verdict\": \"ok\"}\n"}
,{"stream_name":"stdout","time":1989.669420161,"data":"{\"op\": \"argmin\", \"dtype\": \"int64\", \"samples\": 3, \"diffs\": [], \"errors\": [], \"verdict\": \"ok\"}\n"}
,{"stream_name":"stdout","time":1989.669424514,"data":"{\"op\": \"argmin\", \"dtype\": \"float64\", \"samples\": 3, \"diffs\": [], \"errors\": [], \"verdict\": \"ok\"}\n"}
,{"stream_name":"stdout","time":1989.669431038,"data":"{\"op\": \"mean\", \"dtype\": \"float64\", \"samples\": 3, \"diffs\": [], \"errors\": [], \"verdict\": \"ok\"}\n"}
,{"stream_name":"stdout","time":1989.669436019,"data":"{\"op\": \"mean\", \"dtype\": \"complex64\", \"samples\": 3, \"diffs\": [], \"errors\": [], \"verdict\": \"ok\"}\n"}
,{"stream_name":"stdout","time":1989.669440531,"data":"{\"op\": \"nanmean\", \"dtype\": \"float64\", \"samples\": 3, \"diffs\": [], \"errors\": [], \"verdict\": \"ok\"}\n"}
,{"stream_name":"stdout","time":1989.669444739,"data":"{\"op\": \"std\", \"dtype\": \"float64\", \"samples\": 3, \"diffs\": [], \"errors\": [], \"verdict\": \"ok\"}\n"}
,{"stream_name":"stdout","time":1989.669451474,"data":"{\"op\": \"std\", \"dtype\": \"complex64\", \"samples\": 3, \"diffs\": [], \"errors\": [], \"verdict\": \"ok\"}\n"}
,{"stream_name":"stdout","time":1989.669456358,"data":"{\"op\": \"std\", \"dtype\": \"float64\", \"samples\": 3, \"diffs\": [], \"errors\": [], \"verdict\": \"ok\"}\n"}
,{"stream_name":"stdout","time":1989.669461761,"data":"{\"op\": \"std\", \"dtype\": \"complex64\", \"samples\": 3, \"diffs\": [], \"errors\": [], \"verdict\": \"ok\"}\n"}
,{"stream_name":"stdout","time":1989.669466739,"data":"{\"op\": \"var\", \"dtype\": \"float64\", \"samples\": 3, \"diffs\": [], \"errors\": [], \"verdict\": \"ok\"}\n"}
,{"stream_name":"stdout","time":1989.669471392,"data":"{\"op\": \"var\", \"dtype\": \"complex64\", \"samples\": 3, \"diffs\": [], \"errors\": [], \"verdict\": \"ok\"}\n"}
,{"stream_name":"stdout","time":1989.669477885,"data":"{\"op\": \"var\", \"dtype\": \"float64\", \"samples\": 3, \"diffs\": [], \"errors\": [], \"verdict\": \"ok\"}\n"}
,{"stream_name":"stdout","time":1989.669482863,"data":"{\"op\": \"var\", \"dtype\": \"complex64\", \"samples\": 3, \"diffs\": [], \"errors\": [], \"verdict\": \"ok\"}\n"}
,{"stream_name":"stdout","time":1989.669487337,"data":"{\"op\": \"prod\", \"dtype\": \"int64\", \"samples\": 3, \"diffs\": [], \"errors\": [], \"verdict\": \"ok\"}\n"}
,{"stream_name":"stdout","time":1989.669491521,"data":"{\"op\": \"prod\", \"dtype\": \"float64\", \"samples\": 3, \"diffs\": [], \"errors\": [], \"verdict\": \"ok\"}\n"}
,{"stream_name":"stdout","time":1989.669496061,"data":"{\"op\": \"prod\", \"dtype\": \"complex64\", \"samples\": 3, \"diffs\": [], \"errors\": [], \"verdict\": \"ok\"}\n"}
,{"stream_name":"stdout","time":1989.669502629,"data":"{\"op\": \"sum\", \"dtype\": \"int64\", \"samples\": 3, \"diffs\": [], \"errors\": [], \"verdict\": \"ok\"}\n"}
,{"stream_name":"stdout","time":1989.669507459,"data":"{\"op\": \"sum\", \"dtype\": \"float64\", \"samples\": 3, \"diffs\": [], \"errors\": [], \"verdict\": \"ok\"}\n"}
,{"stream_name":"stdout","time":1989.669511764,"data":"{\"op\": \"sum\", \"dtype\": \"complex64\", \"samples\": 3, \"diffs\": [], \"errors\": [], \"verdict\": \"ok\"}\n"}
,{"stream_name":"stdout","time":1989.669516077,"data":"{\"op\": \"nansum\", \"dtype\": \"int64\", \"samples\": 3, \"diffs\": [], \"errors\": [], \"verdict\": \"ok\"}\n"}
,{"stream_name":"stdout","time":1989.669526545,"data":"{\"op\": \"nansum\", \"dtype\": \"float64\", \"samples\": 3, \"diffs\": [], \"errors\": [], \"verdict\": \"ok\"}\n"}
,{"stream_name":"stdout","time":1989.669532165,"data":"{\"op\": \"hash_tensor\", \"dtype\": \"int64\", \"samples\": 3, \"diffs\": [], \"errors\": [], \"verdict\": \"ok\"}\n"}
,{"stream_name":"stdout","time":1989.669537337,"data":"{\"op\": \"hash_tensor\", \"dtype\": \"float64\", \"samples\": 3, \"diffs\": [], \"errors\": [], \"verdict\": \"ok\"}\n"}
,{"stream_name":"stdout","time":1989.669543756,"data":"{\"op\": \"nn.functional.cosine_embedding_loss\", \"dtype\": \"int64\", \"samples\": 3, \"diffs\": [], \"errors\": [], \"verdict\": \"ok\"}\n"}
,{"stream_name":"stdout","time":1989.669548953,"data":"{\"op\": \"nn.functional.cosine_embedding_loss\", \"dtype\": \"float64\", \"samples\": 3, \"diffs\": [], \"errors\": [], \"verdict\": \"ok\"}\n"}
,{"stream_name":"stdout","time":1989.66955342,"data":"{\"op\": \"nn.functional.nll_loss\", \"dtype\": \"float64\", \"samples\": 3, \"diffs\": [], \"errors\": [], \"verdict\": \"ok\"}\n"}
,{"stream_name":"stdout","time":1989.669557945,"data":"{\"op\": \"nn.functional.gaussian_nll_loss\", \"dtype\": \"float64\", \"samples\": 3, \"diffs\": [], \"errors\": [], \"verdict\": \"ok\"}\n"}
,{"stream_name":"stdout","time":1989.669562568,"data":"{\"op\": \"nn.functional.hinge_embedding_loss\", \"dtype\": \"float64\", \"samples\": 3, \"diffs\": [], \"errors\": [], \"verdict\": \"ok\"}\n"}
,{"stream_name":"stdout","time":1989.669568853,"data":"{\"op\": \"nn.functional.huber_loss\", \"dtype\": \"float64\", \"samples\": 3, \"diffs\": [], \"errors\": [], \"verdict\": \"ok\"}\n"}
,{"stream_name":"stdout","time":1989.669574553,"data":"{\"op\": \"nn.functional.pdist\", \"dtype\": \"float64\", \"samples\": 3, \"diffs\": [], \"errors\": [], \"verdict\": \"ok\"}\n"}
,{"stream_name":"stdout","time":1989.669579388,"data":"{\"op\": \"repeat_interleave\", \"dtype\": \"int64\", \"samples\": 3, \"diffs\": [], \"errors\": [], \"verdict\": \"ok\"}\n"}
,{"stream_name":"stdout","time":1989.669583715,"data":"{\"op\": \"repeat_interleave\", \"dtype\": \"float64\", \"samples\": 3, \"diffs\": [], \"errors\": [], \"verdict\": \"ok\"}\n"}
,{"stream_name":"stdout","time":1989.669587994,"data":"{\"op\": \"repeat_interleave\", \"dtype\": \"complex64\", \"samples\": 3, \"diffs\": [], \"errors\": [], \"verdict\": \"ok\"}\n"}
,{"stream_name":"stdout","time":1989.669592066,"data":"{\"op\": \"nn.functional.pairwise_distance\", \"dtype\": \"int64\", \"samples\": 3, \"diffs\": [], \"errors\": [], \"verdict\": \"ok\"}\n"}
,{"stream_name":"stdout","time":1989.669596128,"data":"{\"op\": \"nn.functional.pairwise_distance\", \"dtype\": \"float64\", \"samples\": 3, \"diffs\": [], \"errors\": [], \"verdict\": \"ok\"}\n"}
,{"stream_name":"stdout","time":1989.669600161,"data":"{\"op\": \"nn.functional.pairwise_distance\", \"dtype\": \"complex64\", \"samples\": 3, \"diffs\": [], \"errors\": [], \"verdict\": \"ok\"}\n"}
,{"stream_name":"stdout","time":1989.669604648,"data":"{\"op\": \"nn.functional.pixel_shuffle\", \"dtype\": \"int64\", \"samples\": 3, \"diffs\": [], \"errors\": [], \"verdict\": \"ok\"}\n"}
,{"stream_name":"stdout","time":1989.669615959,"data":"{\"op\": \"nn.functional.pixel_shuffle\", \"dtype\": \"float64\", \"samples\": 3, \"diffs\": [], \"errors\": [], \"verdict\": \"ok\"}\n"}
,{"stream_name":"stdout","time":1989.669622091,"data":"{\"op\": \"nn.functional.pixel_shuffle\", \"dtype\": \"complex64\", \"samples\": 3, \"diffs\": [], \"errors\": [], \"verdict\": \"ok\"}\n"}
,{"stream_name":"stdout","time":1989.669627601,"data":"{\"op\": \"nn.functional.pixel_unshuffle\", \"dtype\": \"int64\", \"samples\": 3, \"diffs\": [], \"errors\": [], \"verdict\": \"ok\"}\n"}
,{"stream_name":"stdout","time":1989.669637244,"data":"{\"op\": \"nn.functional.pixel_unshuffle\", \"dtype\": \"float64\", \"samples\": 3, \"diffs\": [], \"errors\": [], \"verdict\": \"ok\"}\n"}
,{"stream_name":"stdout","time":1989.669641731,"data":"{\"op\": \"nn.functional.pixel_unshuffle\", \"dtype\": \"complex64\", \"samples\": 3, \"diffs\": [], \"errors\": [], \"verdict\": \"ok\"}\n"}
,{"stream_name":"stdout","time":1989.669647618,"data":"{\"op\": \"nn.functional.channel_shuffle\", \"dtype\": \"int64\", \"samples\": 3, \"diffs\": [], \"errors\": [], \"verdict\": \"ok\"}\n"}
,{"stream_name":"stdout","time":1989.669653402,"data":"{\"op\": \"nn.functional.channel_shuffle\", \"dtype\": \"float64\", \"samples\": 3, \"diffs\": [], \"errors\": [], \"verdict\": \"ok\"}\n"}
,{"stream_name":"stdout","time":1989.669657698,"data":"{\"op\": \"nn.functional.channel_shuffle\", \"dtype\": \"complex64\", \"samples\": 3, \"diffs\": [], \"errors\": [], \"verdict\": \"ok\"}\n"}
,{"stream_name":"stdout","time":1989.66966277,"data":"{\"op\": \"nn.functional.kl_div\", \"dtype\": \"float64\", \"samples\": 3, \"diffs\": [], \"errors\": [], \"verdict\": \"ok\"}\n"}
,{"stream_name":"stdout","time":1989.669668219,"data":"{\"op\": \"diagflat\", \"dtype\": \"int64\", \"samples\": 3, \"diffs\": [], \"errors\": [], \"verdict\": \"ok\"}\n"}
,{"stream_name":"stdout","time":1989.669672601,"data":"{\"op\": \"diagflat\", \"dtype\": \"float64\", \"samples\": 3, \"diffs\": [], \"errors\": [], \"verdict\": \"ok\"}\n"}
,{"stream_name":"stdout","time":1989.669679337,"data":"{\"op\": \"diagflat\", \"dtype\": \"complex64\", \"samples\": 3, \"diffs\": [], \"errors\": [], \"verdict\": \"ok\"}\n"}
,{"stream_name":"stdout","time":1989.669718756,"data":"{\"op\": \"scatter_reduce\", \"dtype\": \"int64\", \"samples\": 3, \"diffs\": [], \"errors\": [], \"verdict\": \"ok\"}\n"}
,{"stream_name":"stdout","time":1989.66972479,"data":"{\"op\": \"scatter_reduce\", \"dtype\": \"float64\", \"samples\": 3, \"diffs\": [], \"errors\": [], \"verdict\": \"ok\"}\n"}
,{"stream_name":"stdout","time":1989.669729489,"data":"{\"op\": \"scatter_reduce\", \"dtype\": \"int64\", \"samples\": 3, \"diffs\": [], \"errors\": [], \"verdict\": \"ok\"}\n"}
,{"stream_name":"stdout","time":1989.669734915,"data":"{\"op\": \"scatter_reduce\", \"dtype\": \"float64\", \"samples\": 3, \"diffs\": [], \"errors\": [], \"verdict\": \"ok\"}\n"}
,{"stream_name":"stdout","time":1989.669740777,"data":"{\"op\": \"scatter_reduce\", \"dtype\": \"int64\", \"samples\": 3, \"diffs\": [], \"errors\": [], \"verdict\": \"ok\"}\n"}
,{"stream_name":"stdout","time":1989.669745208,"data":"{\"op\": \"scatter_reduce\", \"dtype\": \"float64\", \"samples\": 3, \"diffs\": [], \"errors\": [], \"verdict\": \"ok\"}\n"}
,{"stream_name":"stdout","time":1989.669749924,"data":"{\"op\": \"scatter_reduce\", \"dtype\": \"int64\", \"samples\": 3, \"diffs\": [], \"errors\": [], \"verdict\": \"ok\"}\n"}
,{"stream_name":"stdout","time":1989.669754221,"data":"{\"op\": \"scatter_reduce\", \"dtype\": \"float64\", \"samples\": 3, \"diffs\": [], \"errors\": [], \"verdict\": \"ok\"}\n"}
,{"stream_name":"stdout","time":1989.669758437,"data":"{\"op\": \"scatter_reduce\", \"dtype\": \"int64\", \"samples\": 3, \"diffs\": [], \"errors\": [], \"verdict\": \"ok\"}\n"}
,{"stream_name":"stdout","time":1989.669764125,"data":"{\"op\": \"scatter_reduce\", \"dtype\": \"float64\", \"samples\": 3, \"diffs\": [], \"errors\": [], \"verdict\": \"ok\"}\n"}
,{"stream_name":"stdout","time":1989.669770223,"data":"{\"op\": \"_segment_reduce\", \"dtype\": \"float64\", \"samples\": 3, \"diffs\": [], \"errors\": [], \"verdict\": \"ok\"}\n"}
,{"stream_name":"stdout","time":1989.669775088,"data":"{\"op\": \"_segment_reduce\", \"dtype\": \"float64\", \"samples\": 3, \"diffs\": [], \"errors\": [], \"verdict\": \"ok\"}\n"}
,{"stream_name":"stdout","time":1989.669786807,"data":"{\"op\": \"linalg.cross\", \"dtype\": \"int64\", \"samples\": 3, \"diffs\": [], \"errors\": [], \"verdict\": \"ok\"}\n"}
,{"stream_name":"stdout","time":1989.669794119,"data":"{\"op\": \"linalg.cross\", \"dtype\": \"float64\", \"samples\": 3, \"diffs\": [{\"i\": 1, \"class\": \"VALUE\", \"detail\": \"nan pattern at [0, 0, 1]: eager -inf compiled nan\", \"repr\": \"SampleInput(input=tensor([[[-4.8270, -7.5824, -0.6047, -1.5412, -1.9719],\\n         [-4.1460, -5.4215, -4.7842, -4.1508,  7.3808],\\n         [ 5.5761, -8.3157,  4.1776,  2.0474, -4.0760]],\\n\\n        [[-3.0637, -3.3422, -5.4398,  4.4805,  2.6850],\\n         [-3.8432, -3.0355, -2.1461, -2.6718, -7.7232],\\n\"}], \"errors\": [], \"verdict\": \"DIFF:VALUE\"}\n"}
,{"stream_name":"stdout","time":1989.669801359,"data":"{\"op\": \"linalg.cross\", \"dtype\": \"complex64\", \"samples\": 3, \"diffs\": [], \"errors\": [], \"verdict\": \"ok\"}\n"}
,{"stream_name":"stdout","time":1989.669807297,"data":"{\"op\": \"linalg.diagonal\", \"dtype\": \"int64\", \"samples\": 3, \"diffs\": [], \"errors\": [], \"verdict\": \"ok\"}\n"}
,{"stream_name":"stdout","time":1989.66981298,"data":"{\"op\": \"linalg.diagonal\", \"dtype\": \"float64\", \"samples\": 3, \"diffs\": [], \"errors\": [], \"verdict\": \"ok\"}\n"}
,{"stream_name":"stdout","time":1989.66981726,"data":"{\"op\": \"linalg.diagonal\", \"dtype\": \"complex64\", \"samples\": 3, \"diffs\": [], \"errors\": [], \"verdict\": \"ok\"}\n"}
,{"stream_name":"stdout","time":1989.66982246,"data":"{\"op\": \"linalg.vecdot\", \"dtype\": \"float64\", \"samples\": 3, \"diffs\": [], \"errors\": [], \"verdict\": \"ok\"}\n"}
,{"stream_name":"stdout","time":1989.669826887,"data":"{\"op\": \"linalg.vecdot\", \"dtype\": \"complex64\", \"samples\": 3, \"diffs\": [], \"errors\": [], \"verdict\": \"ok\"}\n"}
,{"stream_name":"stdout","time":1989.669832632,"data":"{\"op\": \"linalg.cond\", \"dtype\": \"float64\", \"samples\": 3, \"diffs\": [], \"errors\": [], \"verdict\": \"ok\"}\n"}
,{"stream_name":"stdout","time":1989.669837848,"data":"{\"op\": \"linalg.cond\", \"dtype\": \"complex64\", \"samples\": 3, \"diffs\": [], \"errors\": [], \"verdict\": \"ok\"}\n"}
,{"stream_name":"stdout","time":1989.669842291,"data":"{\"op\": \"linalg.householder_product\", \"dtype\": \"float64\", \"samples\": 3, \"diffs\": [], \"errors\": [], \"verdict\": \"ok\"}\n"}
,{"stream_name":"stdout","time":1989.669846949,"data":"{\"op\": \"linalg.householder_product\", \"dtype\": \"complex64\", \"samples\": 3, \"diffs\": [], \"errors\": [], \"verdict\": \"ok\"}\n"}
,{"stream_name":"stdout","time":1989.669851169,"data":"{\"op\": \"linalg.ldl_factor\", \"dtype\": \"float64\", \"samples\": 3, \"diffs\": [], \"errors\": [], \"verdict\": \"ok\"}\n"}
,{"stream_name":"stdout","time":1989.669855742,"data":"{\"op\": \"linalg.ldl_factor\", \"dtype\": \"complex64\", \"samples\": 3, \"diffs\": [], \"errors\": [], \"verdict\": \"ok\"}\n"}
,{"stream_name":"stdout","time":1989.669862456,"data":"{\"op\": \"linalg.ldl_factor_ex\", \"dtype\": \"float64\", \"samples\": 3, \"diffs\": [], \"errors\": [], \"verdict\": \"ok\"}\n"}
,{"stream_name":"stdout","time":1989.66986732,"data":"{\"op\": \"linalg.ldl_factor_ex\", \"dtype\": \"complex64\", \"samples\": 3, \"diffs\": [], \"errors\": [], \"verdict\": \"ok\"}\n"}
,{"stream_name":"stdout","time":1989.669871731,"data":"{\"op\": \"linalg.matrix_power\", \"dtype\": \"float64\", \"samples\": 3, \"diffs\": [], \"errors\": [], \"verdict\": \"ok\"}\n"}
,{"stream_name":"stdout","time":1989.669875944,"data":"{\"op\": \"linalg.matrix_power\", \"dtype\": \"complex64\", \"samples\": 3, \"diffs\": [], \"errors\": [], \"verdict\": \"ok\"}\n"}
,{"stream_name":"stdout","time":1989.669882391,"data":"{\"op\": \"linalg.multi_dot\", \"dtype\": \"int64\", \"samples\": 3, \"diffs\": [], \"errors\": [], \"verdict\": \"ok\"}\n"}
,{"stream_name":"stdout","time":1989.669891612,"data":"{\"op\": \"linalg.multi_dot\", \"dtype\": \"float64\", \"samples\": 3, \"diffs\": [], \"errors\": [], \"verdict\": \"ok\"}\n"}
,{"stream_name":"stdout","time":1989.669901166,"data":"{\"op\": \"linalg.multi_dot\", \"dtype\": \"complex64\", \"samples\": 3, \"diffs\": [], \"errors\": [], \"verdict\": \"ok\"}\n"}
,{"stream_name":"stdout","time":1989.669906487,"data":"{\"op\": \"linalg.norm\", \"dtype\": \"float64\", \"samples\": 3, \"diffs\": [], \"errors\": [], \"verdict\": \"ok\"}\n"}
,{"stream_name":"stdout","time":1989.669911137,"data":"{\"op\": \"linalg.norm\", \"dtype\": \"complex64\", \"samples\": 3, \"diffs\": [], \"errors\": [], \"verdict\": \"ok\"}\n"}
,{"stream_name":"stdout","time":1989.669916216,"data":"{\"op\": \"linalg.norm\", \"dtype\": \"float64\", \"samples\": 3, \"diffs\": [], \"errors\": [], \"verdict\": \"ok\"}\n"}
,{"stream_name":"stdout","time":1989.669922281,"data":"{\"op\": \"linalg.norm\", \"dtype\": \"complex64\", \"samples\": 3, \"diffs\": [], \"errors\": [], \"verdict\": \"ok\"}\n"}
,{"stream_name":"stdout","time":1989.669928111,"data":"{\"op\": \"linalg.matrix_norm\", \"dtype\": \"float64\", \"samples\": 3, \"diffs\": [], \"errors\": [], \"verdict\": \"ok\"}\n"}
,{"stream_name":"stdout","time":1989.669932988,"data":"{\"op\": \"linalg.matrix_norm\", \"dtype\": \"complex64\", \"samples\": 3, \"diffs\": [], \"errors\": [], \"verdict\": \"ok\"}\n"}
,{"stream_name":"stdout","time":1989.669937692,"data":"{\"op\": \"linalg.polar\", \"dtype\": \"float64\", \"samples\": 3, \"diffs\": [], \"errors\": [], \"verdict\": \"ok\"}\n"}
,{"stream_name":"stdout","time":1989.669943892,"data":"{\"op\": \"linalg.polar\", \"dtype\": \"complex64\", \"samples\": 3, \"diffs\": [{\"i\": 0, \"class\": \"VALUE\", \"detail\": \"value rel 1: eager -1.0279691219329834 compiled 5.960464477539063e-08\", \"repr\": \"SampleInput(input=tensor([[-1.8841-0.3924j, -0.9606-0.5334j, -1.7668+0.8026j, -1.7928-0.1274j,\\n          0.6952-0.6742j],\\n        [ 1.1348+0.2523j,  1.0994+1.2832j, -0.8829+0.7268j, -0.8653+0.6269j,\\n         -1.0450+0.9251j],\\n        [ 0.4049-0.7827j, -0.9810+0.5174j,  1.8660+0.9598j, -0.1931-0.0971\"}, {\"i\": 1, \"class\": \"VALUE\", \"detail\": \"value rel 0.82: eager 0.8195376396179199 compiled 0.0\", \"repr\": \"SampleInput(input=tensor([[-1.8841-0.3924j, -0.9606-0.5334j, -1.7668+0.8026j],\\n        [-1.7928-0.1274j,  0.6952-0.6742j,  1.1348+0.2523j],\\n        [ 1.0994+1.2832j, -0.8829+0.7268j, -0.8653+0.6269j],\\n        [-1.0450+0.9251j,  0.4049-0.7827j, -0.9810+0.5174j],\\n        [ 1.8660+0.9598j, -0.1931-0.09\"}, {\"i\": 2, \"class\": \"VALUE\", \"detail\": \"value rel 0.597: eager 0.5965091586112976 compiled 0.0\", \"repr\": \"SampleInput(input=tensor([[-1.8841-0.3924j, -0.9606-0.5334j],\\n        [-1.7668+0.8026j, -1.7928-0.1274j]]), args=(), kwargs={}, broadcasts_input=False, name='')\"}], \"errors\": [], \"verdict\": \"DIFF:VALUE\"}\n"}
,{"stream_name":"stdout","time":1989.669955412,"data":"{\"op\": \"linalg.vander\", \"dtype\": \"int64\", \"samples\": 3, \"diffs\": [], \"errors\": [], \"verdict\": \"ok\"}\n"}
,{"stream_name":"stdout","time":1989.669966161,"data":"{\"op\": \"linalg.vander\", \"dtype\": \"float64\", \"samples\": 3, \"diffs\": [], \"errors\": [], \"verdict\": \"ok\"}\n"}
,{"stream_name":"stdout","time":1989.669971868,"data":"{\"op\": \"linalg.vander\", \"dtype\": \"complex64\", \"samples\": 3, \"diffs\": [], \"errors\": [], \"verdict\": \"ok\"}\n"}
,{"stream_name":"stdout","time":1989.669977405,"data":"{\"op\": \"linalg.vector_norm\", \"dtype\": \"float64\", \"samples\": 3, \"diffs\": [], \"errors\": [], \"verdict\": \"ok\"}\n"}
,{"stream_name":"stdout","time":1989.6699819,"data":"{\"op\": \"linalg.vector_norm\", \"dtype\": \"complex64\", \"samples\": 3, \"diffs\": [], \"errors\": [], \"verdict\": \"ok\"}\n"}
,{"stream_name":"stdout","time":1989.669990685,"data":"{\"op\": \"linalg.inv\", \"dtype\": \"float64\", \"samples\": 3, \"diffs\": [], \"errors\": [], \"verdict\": \"ok\"}\n"}
,{"stream_name":"stdout","time":1989.669997357,"data":"{\"op\": \"linalg.inv\", \"dtype\": \"complex64\", \"samples\": 3, \"diffs\": [], \"errors\": [], \"verdict\": \"ok\"}\n"}
,{"stream_name":"stdout","time":1989.670001952,"data":"{\"op\": \"linalg.inv_ex\", \"dtype\": \"float64\", \"samples\": 3, \"diffs\": [], \"errors\": [], \"verdict\": \"ok\"}\n"}
,{"stream_name":"stdout","time":1989.670006695,"data":"{\"op\": \"linalg.inv_ex\", \"dtype\": \"complex64\", \"samples\": 3, \"diffs\": [], \"errors\": [], \"verdict\": \"ok\"}\n"}
,{"stream_name":"stdout","time":1989.670011757,"data":"{\"op\": \"linalg.tensorinv\", \"dtype\": \"float64\", \"samples\": 2, \"diffs\": [], \"errors\": [], \"verdict\": \"ok\"}\n"}
,{"stream_name":"stdout","time":1989.67001684,"data":"{\"op\": \"linalg.tensorinv\", \"dtype\": \"complex64\", \"samples\": 2, \"diffs\": [], \"errors\": [], \"verdict\": \"ok\"}\n"}
,{"stream_name":"stdout","time":1989.670023648,"data":"{\"op\": \"special.i0e\", \"dtype\": \"int64\", \"samples\": 2, \"diffs\": [], \"errors\": [], \"verdict\": \"ok\"}\n"}
,{"stream_name":"stdout","time":1989.670028049,"data":"{\"op\": \"special.i0e\", \"dtype\": \"float64\", \"samples\": 2, \"diffs\": [], \"errors\": [], \"verdict\": \"ok\"}\n"}
,{"stream_name":"stdout","time":1989.670032649,"data":"{\"op\": \"special.i1\", \"dtype\": \"int64\", \"samples\": 2, \"diffs\": [], \"errors\": [], \"verdict\": \"ok\"}\n"}
,{"stream_name":"stdout","time":1989.67003719,"data":"{\"op\": \"special.i1\", \"dtype\": \"float64\", \"samples\": 2, \"diffs\": [], \"errors\": [], \"verdict\": \"ok\"}\n"}
,{"stream_name":"stdout","time":1989.670041327,"data":"{\"op\": \"special.i1e\", \"dtype\": \"int64\", \"samples\": 2, \"diffs\": [], \"errors\": [], \"verdict\": \"ok\"}\n"}
,{"stream_name":"stdout","time":1989.670047669,"data":"{\"op\": \"special.i1e\", \"dtype\": \"float64\", \"samples\": 2, \"diffs\": [], \"errors\": [], \"verdict\": \"ok\"}\n"}
,{"stream_name":"stdout","time":1989.670053349,"data":"{\"op\": \"special.ndtr\", \"dtype\": \"int64\", \"samples\": 3, \"diffs\": [], \"errors\": [], \"verdict\": \"ok\"}\n"}
,{"stream_name":"stdout","time":1989.670057954,"data":"{\"op\": \"special.ndtr\", \"dtype\": \"float64\", \"samples\": 3, \"diffs\": [], \"errors\": [], \"verdict\": \"ok\"}\n"}
,{"stream_name":"stdout","time":1989.670063038,"data":"{\"op\": \"special.polygamma\", \"dtype\": \"int64\", \"samples\": 3, \"diffs\": [], \"errors\": [], \"verdict\": \"ok\"}\n"}
,{"stream_name":"stdout","time":1989.670067387,"data":"{\"op\": \"special.polygamma\", \"dtype\": \"float64\", \"samples\": 3, \"diffs\": [], \"errors\": [], \"verdict\": \"ok\"}\n"}
,{"stream_name":"stdout","time":1989.670074018,"data":"{\"op\": \"special.xlog1py\", \"dtype\": \"int64\", \"samples\": 3, \"diffs\": [], \"errors\": [], \"verdict\": \"ok\"}\n"}
,{"stream_name":"stdout","time":1989.67008719,"data":"{\"op\": \"special.xlog1py\", \"dtype\": \"float64\", \"samples\": 3, \"diffs\": [], \"errors\": [], \"verdict\": \"ok\"}\n"}
,{"stream_name":"stdout","time":1989.670092004,"data":"{\"op\": \"special.entr\", \"dtype\": \"int64\", \"samples\": 2, \"diffs\": [], \"errors\": [], \"verdict\": \"ok\"}\n"}
,{"stream_name":"stdout","time":1989.670136832,"data":"{\"op\": \"special.entr\", \"dtype\": \"float64\", \"samples\": 2, \"diffs\": [], \"errors\": [], \"verdict\": \"ok\"}\n"}
,{"stream_name":"stdout","time":1989.670143522,"data":"{\"op\": \"special.ndtri\", \"dtype\": \"int64\", \"samples\": 3, \"diffs\": [], \"errors\": [], \"verdict\": \"ok\"}\n"}
,{"stream_name":"stdout","time":1989.67014918,"data":"{\"op\": \"special.ndtri\", \"dtype\": \"float64\", \"samples\": 3, \"diffs\": [], \"errors\": [], \"verdict\": \"ok\"}\n"}
,{"stream_name":"stdout","time":1989.67015955,"data":"{\"op\": \"special.log_ndtr\", \"dtype\": \"int64\", \"samples\": 3, \"diffs\": [], \"errors\": [], \"verdict\": \"ok\"}\n"}
,{"stream_name":"stdout","time":1989.670166324,"data":"{\"op\": \"special.log_ndtr\", \"dtype\": \"float64\", \"samples\": 3, \"diffs\": [], \"errors\": [], \"verdict\": \"ok\"}\n"}
,{"stream_name":"stdout","time":1989.670171849,"data":"{\"op\": \"special.erfcx\", \"dtype\": \"int64\", \"samples\": 3, \"diffs\": [], \"errors\": [], \"verdict\": \"ok\"}\n"}
,{"stream_name":"stdout","time":1989.670176546,"data":"{\"op\": \"special.erfcx\", \"dtype\": \"float64\", \"samples\": 3, \"diffs\": [], \"errors\": [], \"verdict\": \"ok\"}\n"}
,{"stream_name":"stdout","time":1989.670180963,"data":"{\"op\": \"special.airy_ai\", \"dtype\": \"int64\", \"samples\": 3, \"diffs\": [], \"errors\": [], \"verdict\": \"ok\"}\n"}
,{"stream_name":"stdout","time":1989.670186394,"data":"{\"op\": \"special.airy_ai\", \"dtype\": \"float64\", \"samples\": 3, \"diffs\": [], \"errors\": [], \"verdict\": \"ok\"}\n"}
,{"stream_name":"stdout","time":1989.670193306,"data":"{\"op\": \"special.bessel_j0\", \"dtype\": \"int64\", \"samples\": 3, \"diffs\": [], \"errors\": [], \"verdict\": \"ok\"}\n"}
,{"stream_name":"stdout","time":1989.670197701,"data":"{\"op\": \"special.bessel_j0\", \"dtype\": \"float64\", \"samples\": 3, \"diffs\": [], \"errors\": [], \"verdict\": \"ok\"}\n"}
,{"stream_name":"stdout","time":1989.670202361,"data":"{\"op\": \"special.bessel_j1\", \"dtype\": \"int64\", \"samples\": 3, \"diffs\": [], \"errors\": [], \"verdict\": \"ok\"}\n"}
,{"stream_name":"stdout","time":1989.67020686,"data":"{\"op\": \"special.bessel_j1\", \"dtype\": \"float64\", \"samples\": 3, \"diffs\": [], \"errors\": [], \"verdict\": \"ok\"}\n"}
,{"stream_name":"stdout","time":1989.670213474,"data":"{\"op\": \"special.bessel_y0\", \"dtype\": \"int64\", \"samples\": 3, \"diffs\": [], \"errors\": [], \"verdict\": \"ok\"}\n"}
,{"stream_name":"stdout","time":1989.670217801,"data":"{\"op\": \"special.bessel_y0\", \"dtype\": \"float64\", \"samples\": 3, \"diffs\": [], \"errors\": [], \"verdict\": \"ok\"}\n"}
,{"stream_name":"stdout","time":1989.670222804,"data":"{\"op\": \"special.bessel_y1\", \"dtype\": \"int64\", \"samples\": 3, \"diffs\": [], \"errors\": [], \"verdict\": \"ok\"}\n"}
,{"stream_name":"stdout","time":1989.670228181,"data":"{\"op\": \"special.bessel_y1\", \"dtype\": \"float64\", \"samples\": 3, \"diffs\": [], \"errors\": [], \"verdict\": \"ok\"}\n"}
,{"stream_name":"stdout","time":1989.670233844,"data":"{\"op\": \"special.chebyshev_polynomial_t\", \"dtype\": \"int64\", \"samples\": 3, \"diffs\": [], \"errors\": [], \"verdict\": \"ok\"}\n"}
,{"stream_name":"stdout","time":1989.670239643,"data":"{\"op\": \"special.chebyshev_polynomial_t\", \"dtype\": \"float64\", \"samples\": 3, \"diffs\": [], \"errors\": [], \"verdict\": \"ok\"}\n"}
,{"stream_name":"stdout","time":1989.6702441,"data":"{\"op\": \"special.chebyshev_polynomial_u\", \"dtype\": \"int64\", \"samples\": 3, \"diffs\": [], \"errors\": [], \"verdict\": \"ok\"}\n"}
,{"stream_name":"stdout","time":1989.670248689,"data":"{\"op\": \"special.chebyshev_polynomial_u\", \"dtype\": \"float64\", \"samples\": 3, \"diffs\": [], \"errors\": [], \"verdict\": \"ok\"}\n"}
,{"stream_name":"stdout","time":1989.670253271,"data":"{\"op\": \"special.chebyshev_polynomial_v\", \"dtype\": \"int64\", \"samples\": 3, \"diffs\": [], \"errors\": [], \"verdict\": \"ok\"}\n"}
,{"stream_name":"stdout","time":1989.670257473,"data":"{\"op\": \"special.chebyshev_polynomial_v\", \"dtype\": \"float64\", \"samples\": 3, \"diffs\": [], \"errors\": [], \"verdict\": \"ok\"}\n"}
,{"stream_name":"stdout","time":1989.670263341,"data":"{\"op\": \"special.chebyshev_polynomial_w\", \"dtype\": \"int64\", \"samples\": 3, \"diffs\": [], \"errors\": [], \"verdict\": \"ok\"}\n"}
,{"stream_name":"stdout","time":1989.670273045,"data":"{\"op\": \"special.chebyshev_polynomial_w\", \"dtype\": \"float64\", \"samples\": 3, \"diffs\": [], \"errors\": [], \"verdict\": \"ok\"}\n"}
,{"stream_name":"stdout","time":1989.670277958,"data":"{\"op\": \"special.hermite_polynomial_h\", \"dtype\": \"int64\", \"samples\": 3, \"diffs\": [], \"errors\": [], \"verdict\": \"ok\"}\n"}
,{"stream_name":"stdout","time":1989.670282436,"data":"{\"op\": \"special.hermite_polynomial_h\", \"dtype\": \"float64\", \"samples\": 3, \"diffs\": [], \"errors\": [], \"verdict\": \"ok\"}\n"}
,{"stream_name":"stdout","time":1989.670288258,"data":"{\"op\": \"special.hermite_polynomial_he\", \"dtype\": \"int64\", \"samples\": 3, \"diffs\": [], \"errors\": [], \"verdict\": \"ok\"}\n"}
,{"stream_name":"stdout","time":1989.670293924,"data":"{\"op\": \"special.hermite_polynomial_he\", \"dtype\": \"float64\", \"samples\": 3, \"diffs\": [], \"errors\": [], \"verdict\": \"ok\"}\n"}
,{"stream_name":"stdout","time":1989.670298424,"data":"{\"op\": \"special.laguerre_polynomial_l\", \"dtype\": \"int64\", \"samples\": 3, \"diffs\": [], \"errors\": [], \"verdict\": \"ok\"}\n"}
,{"stream_name":"stdout","time":1989.670303152,"data":"{\"op\": \"special.laguerre_polynomial_l\", \"dtype\": \"float64\", \"samples\": 3, \"diffs\": [], \"errors\": [], \"verdict\": \"ok\"}\n"}
,{"stream_name":"stdout","time":1989.670307761,"data":"{\"op\": \"special.legendre_polynomial_p\", \"dtype\": \"int64\", \"samples\": 3, \"diffs\": [], \"errors\": [], \"verdict\": \"ok\"}\n"}
,{"stream_name":"stdout","time":1989.670314068,"data":"{\"op\": \"special.legendre_polynomial_p\", \"dtype\": \"float64\", \"samples\": 3, \"diffs\": [], \"errors\": [], \"verdict\": \"ok\"}\n"}
,{"stream_name":"stdout","time":1989.670319818,"data":"{\"op\": \"special.modified_bessel_i0\", \"dtype\": \"int64\", \"samples\": 3, \"diffs\": [], \"errors\": [], \"verdict\": \"ok\"}\n"}
,{"stream_name":"stdout","time":1989.670324869,"data":"{\"op\": \"special.modified_bessel_i0\", \"dtype\": \"float64\", \"samples\": 3, \"diffs\": [], \"errors\": [], \"verdict\": \"ok\"}\n"}
,{"stream_name":"stdout","time":1989.670329571,"data":"{\"op\": \"special.modified_bessel_i1\", \"dtype\": \"int64\", \"samples\": 3, \"diffs\": [], \"errors\": [], \"verdict\": \"ok\"}\n"}
,{"stream_name":"stdout","time":1989.670334241,"data":"{\"op\": \"special.modified_bessel_i1\", \"dtype\": \"float64\", \"samples\": 3, \"diffs\": [], \"errors\": [], \"verdict\": \"ok\"}\n"}
,{"stream_name":"stdout","time":1989.67033883,"data":"{\"op\": \"special.modified_bessel_k0\", \"dtype\": \"int64\", \"samples\": 3, \"diffs\": [], \"errors\": [], \"verdict\": \"ok\"}\n"}
,{"stream_name":"stdout","time":1989.670345107,"data":"{\"op\": \"special.modified_bessel_k0\", \"dtype\": \"float64\", \"samples\": 3, \"diffs\": [], \"errors\": [], \"verdict\": \"ok\"}\n"}
,{"stream_name":"stdout","time":1989.670350801,"data":"{\"op\": \"special.modified_bessel_k1\", \"dtype\": \"int64\", \"samples\": 3, \"diffs\": [], \"errors\": [], \"verdict\": \"ok\"}\n"}
,{"stream_name":"stdout","time":1989.670355568,"data":"{\"op\": \"special.modified_bessel_k1\", \"dtype\": \"float64\", \"samples\": 3, \"diffs\": [], \"errors\": [], \"verdict\": \"ok\"}\n"}
,{"stream_name":"stdout","time":1989.670360292,"data":"{\"op\": \"special.scaled_modified_bessel_k0\", \"dtype\": \"int64\", \"samples\": 3, \"diffs\": [], \"errors\": [], \"verdict\": \"ok\"}\n"}
,{"stream_name":"stdout","time":1989.670365024,"data":"{\"op\": \"special.scaled_modified_bessel_k0\", \"dtype\": \"float64\", \"samples\": 3, \"diffs\": [], \"errors\": [], \"verdict\": \"ok\"}\n"}
,{"stream_name":"stdout","time":1989.670371433,"data":"{\"op\": \"special.scaled_modified_bessel_k1\", \"dtype\": \"int64\", \"samples\": 3, \"diffs\": [], \"errors\": [], \"verdict\": \"ok\"}\n"}
,{"stream_name":"stdout","time":1989.670384077,"data":"{\"op\": \"special.scaled_modified_bessel_k1\", \"dtype\": \"float64\", \"samples\": 3, \"diffs\": [], \"errors\": [], \"verdict\": \"ok\"}\n"}
,{"stream_name":"stdout","time":1989.670388897,"data":"{\"op\": \"special.shifted_chebyshev_polynomial_t\", \"dtype\": \"int64\", \"samples\": 3, \"diffs\": [], \"errors\": [], \"verdict\": \"ok\"}\n"}
,{"stream_name":"stdout","time":1989.670395508,"data":"{\"op\": \"special.shifted_chebyshev_polynomial_t\", \"dtype\": \"float64\", \"samples\": 3, \"diffs\": [], \"errors\": [], \"verdict\": \"ok\"}\n"}
,{"stream_name":"stdout","time":1989.670401308,"data":"{\"op\": \"special.shifted_chebyshev_polynomial_u\", \"dtype\": \"int64\", \"samples\": 3, \"diffs\": [], \"errors\": [], \"verdict\": \"ok\"}\n"}
,{"stream_name":"stdout","time":1989.670405633,"data":"{\"op\": \"special.shifted_chebyshev_polynomial_u\", \"dtype\": \"float64\", \"samples\": 3, \"diffs\": [], \"errors\": [], \"verdict\": \"ok\"}\n"}
,{"stream_name":"stdout","time":1989.670410118,"data":"{\"op\": \"special.shifted_chebyshev_polynomial_v\", \"dtype\": \"int64\", \"samples\": 3, \"diffs\": [], \"errors\": [], \"verdict\": \"ok\"}\n"}
,{"stream_name":"stdout","time":1989.670415971,"data":"{\"op\": \"special.shifted_chebyshev_polynomial_v\", \"dtype\": \"float64\", \"samples\": 3, \"diffs\": [], \"errors\": [], \"verdict\": \"ok\"}\n"}
,{"stream_name":"stdout","time":1989.670422067,"data":"{\"op\": \"special.shifted_chebyshev_polynomial_w\", \"dtype\": \"int64\", \"samples\": 3, \"diffs\": [], \"errors\": [], \"verdict\": \"ok\"}\n"}
,{"stream_name":"stdout","time":1989.670426795,"data":"{\"op\": \"special.shifted_chebyshev_polynomial_w\", \"dtype\": \"float64\", \"samples\": 3, \"diffs\": [], \"errors\": [], \"verdict\": \"ok\"}\n"}
,{"stream_name":"stdout","time":1989.670431606,"data":"{\"op\": \"special.spherical_bessel_j0\", \"dtype\": \"int64\", \"samples\": 3, \"diffs\": [], \"errors\": [], \"verdict\": \"ok\"}\n"}
,{"stream_name":"stdout","time":1989.670435703,"data":"{\"op\": \"special.spherical_bessel_j0\", \"dtype\": \"float64\", \"samples\": 3, \"diffs\": [], \"errors\": [], \"verdict\": \"ok\"}\n"}
,{"stream_name":"stdout","time":1989.670442118,"data":"{\"op\": \"masked.sum\", \"dtype\": \"int64\", \"samples\": 3, \"diffs\": [], \"errors\": [], \"verdict\": \"ok\"}\n"}
,{"stream_name":"stdout","time":1989.670447585,"data":"{\"op\": \"masked.sum\", \"dtype\": \"float64\", \"samples\": 3, \"diffs\": [], \"errors\": [], \"verdict\": \"ok\"}\n"}
,{"stream_name":"stdout","time":1989.670452074,"data":"{\"op\": \"masked.sum\", \"dtype\": \"complex64\", \"samples\": 3, \"diffs\": [], \"errors\": [], \"verdict\": \"ok\"}\n"}
,{"stream_name":"stdout","time":1989.670474416,"data":"{\"op\": \"masked.prod\", \"dtype\": \"int64\", \"samples\": 3, \"diffs\": [], \"errors\": [], \"verdict\": \"ok\"}\n"}
,{"stream_name":"stdout","time":1989.67048002,"data":"{\"op\": \"masked.prod\", \"dtype\": \"float64\", \"samples\": 3, \"diffs\": [], \"errors\": [], \"verdict\": \"ok\"}\n"}
,{"stream_name":"stdout","time":1989.670484818,"data":"{\"op\": \"masked.prod\", \"dtype\": \"complex64\", \"samples\": 3, \"diffs\": [], \"errors\": [], \"verdict\": \"ok\"}\n"}
,{"stream_name":"stdout","time":1989.670489209,"data":"{\"op\": \"masked.cumsum\", \"dtype\": \"int64\", \"samples\": 3, \"diffs\": [], \"errors\": [], \"verdict\": \"ok\"}\n"}
,{"stream_name":"stdout","time":1989.670493745,"data":"{\"op\": \"masked.cumsum\", \"dtype\": \"float64\", \"samples\": 3, \"diffs\": [], \"errors\": [], \"verdict\": \"ok\"}\n"}
,{"stream_name":"stdout","time":1989.670498251,"data":"{\"op\": \"masked.cumsum\", \"dtype\": \"complex64\", \"samples\": 3, \"diffs\": [], \"errors\": [], \"verdict\": \"ok\"}\n"}
,{"stream_name":"stdout","time":1989.670507737,"data":"{\"op\": \"masked.cumprod\", \"dtype\": \"int64\", \"samples\": 3, \"diffs\": [], \"errors\": [], \"verdict\": \"ok\"}\n"}
,{"stream_name":"stdout","time":1989.670512057,"data":"{\"op\": \"masked.cumprod\", \"dtype\": \"float64\", \"samples\": 3, \"diffs\": [], \"errors\": [], \"verdict\": \"ok\"}\n"}
,{"stream_name":"stdout","time":1989.670516882,"data":"{\"op\": \"masked.cumprod\", \"dtype\": \"complex64\", \"samples\": 3, \"diffs\": [], \"errors\": [], \"verdict\": \"ok\"}\n"}
,{"stream_name":"stdout","time":1989.670523631,"data":"{\"op\": \"masked.amax\", \"dtype\": \"int64\", \"samples\": 3, \"diffs\": [], \"errors\": [], \"verdict\": \"ok\"}\n"}
,{"stream_name":"stdout","time":1989.670527928,"data":"{\"op\": \"masked.amax\", \"dtype\": \"float64\", \"samples\": 3, \"diffs\": [], \"errors\": [], \"verdict\": \"ok\"}\n"}
,{"stream_name":"stdout","time":1989.670532268,"data":"{\"op\": \"masked.amin\", \"dtype\": \"int64\", \"samples\": 3, \"diffs\": [], \"errors\": [], \"verdict\": \"ok\"}\n"}
,{"stream_name":"stdout","time":1989.670537322,"data":"{\"op\": \"masked.amin\", \"dtype\": \"float64\", \"samples\": 3, \"diffs\": [], \"errors\": [], \"verdict\": \"ok\"}\n"}
,{"stream_name":"stdout","time":1989.670542751,"data":"{\"op\": \"masked.argmax\", \"dtype\": \"int64\", \"samples\": 3, \"diffs\": [], \"errors\": [], \"verdict\": \"ok\"}\n"}
,{"stream_name":"stdout","time":1989.670547225,"data":"{\"op\": \"masked.argmax\", \"dtype\": \"float64\", \"samples\": 3, \"diffs\": [], \"errors\": [], \"verdict\": \"ok\"}\n"}
,{"stream_name":"stdout","time":1989.670554022,"data":"{\"op\": \"masked.argmin\", \"dtype\": \"int64\", \"samples\": 3, \"diffs\": [], \"errors\": [], \"verdict\": \"ok\"}\n"}
,{"stream_name":"stdout","time":1989.670558753,"data":"{\"op\": \"masked.argmin\", \"dtype\": \"float64\", \"samples\": 3, \"diffs\": [], \"errors\": [], \"verdict\": \"ok\"}\n"}
,{"stream_name":"stdout","time":1989.670563537,"data":"{\"op\": \"masked.mean\", \"dtype\": \"float64\", \"samples\": 3, \"diffs\": [], \"errors\": [], \"verdict\": \"ok\"}\n"}
,{"stream_name":"stdout","time":1989.67056789,"data":"{\"op\": \"masked.mean\", \"dtype\": \"complex64\", \"samples\": 3, \"diffs\": [], \"errors\": [], \"verdict\": \"ok\"}\n"}
,{"stream_name":"stdout","time":1989.670573144,"data":"{\"op\": \"masked.norm\", \"dtype\": \"float64\", \"samples\": 3, \"diffs\": [], \"errors\": [], \"verdict\": \"ok\"}\n"}
,{"stream_name":"stdout","time":1989.670579234,"data":"{\"op\": \"masked.var\", \"dtype\": \"int64\", \"samples\": 3, \"diffs\": [], \"errors\": [], \"verdict\": \"ok\"}\n"}
,{"stream_name":"stdout","time":1989.670583426,"data":"{\"op\": \"masked.var\", \"dtype\": \"float64\", \"samples\": 3, \"diffs\": [], \"errors\": [], \"verdict\": \"ok\"}\n"}
,{"stream_name":"stdout","time":1989.670588011,"data":"{\"op\": \"masked.var\", \"dtype\": \"complex64\", \"samples\": 3, \"diffs\": [], \"errors\": [], \"verdict\": \"ok\"}\n"}
,{"stream_name":"stdout","time":1989.670592762,"data":"{\"op\": \"masked.std\", \"dtype\": \"int64\", \"samples\": 3, \"diffs\": [], \"errors\": [], \"verdict\": \"ok\"}\n"}
,{"stream_name":"stdout","time":1989.670597388,"data":"{\"op\": \"masked.std\", \"dtype\": \"float64\", \"samples\": 3, \"diffs\": [], \"errors\": [], \"verdict\": \"ok\"}\n"}
,{"stream_name":"stdout","time":1989.670601555,"data":"{\"op\": \"masked.std\", \"dtype\": \"complex64\", \"samples\": 3, \"diffs\": [], \"errors\": [], \"verdict\": \"ok\"}\n"}
,{"stream_name":"stdout","time":1989.670606233,"data":"{\"op\": \"masked.softmax\", \"dtype\": \"float64\", \"samples\": 3, \"diffs\": [], \"errors\": [], \"verdict\": \"ok\"}\n"}
,{"stream_name":"stdout","time":1989.670610728,"data":"{\"op\": \"masked.log_softmax\", \"dtype\": \"float64\", \"samples\": 3, \"diffs\": [], \"errors\": [], \"verdict\": \"ok\"}\n"}
,{"stream_name":"stdout","time":1989.670621865,"data":"{\"op\": \"masked.softmin\", \"dtype\": \"float64\", \"samples\": 3, \"diffs\": [], \"errors\": [], \"verdict\": \"ok\"}\n"}
,{"stream_name":"stdout","time":1989.67062702,"data":"{\"op\": \"masked.logaddexp\", \"dtype\": \"float64\", \"samples\": 3, \"diffs\": [], \"errors\": [], \"verdict\": \"ok\"}\n"}
,{"stream_name":"stdout","time":1989.670632591,"data":"{\"op\": \"masked.logsumexp\", \"dtype\": \"int64\", \"samples\": 3, \"diffs\": [], \"errors\": [], \"verdict\": \"ok\"}\n"}
,{"stream_name":"stdout","time":1989.67063875,"data":"{\"op\": \"masked.logsumexp\", \"dtype\": \"float64\", \"samples\": 3, \"diffs\": [], \"errors\": [], \"verdict\": \"ok\"}\n"}
,{"stream_name":"stdout","time":1989.670643057,"data":"{\"op\": \"masked.logsumexp\", \"dtype\": \"complex64\", \"samples\": 3, \"diffs\": [], \"errors\": [], \"verdict\": \"ok\"}\n"}
,{"stream_name":"stdout","time":1989.670647795,"data":"\n"}
,{"stream_name":"stdout","time":1989.670651296,"data":"=====JSONL END\n"}
,{"stream_name":"stdout","time":1989.670657308,"data":"JOB DONE\n"}
,{"stream_name":"stderr","time":1992.632755888,"data":"/usr/local/lib/python3.12/dist-packages/mistune.py:435: SyntaxWarning: invalid escape sequence '\\|'\n"}
,{"stream_name":"stderr","time":1992.632798644,"data":"  cells[i][c] = re.sub('\\\\\\\\\\|', '|', cell)\n"}
,{"stream_name":"stderr","time":1993.01586451,"data":"/usr/local/lib/python3.12/dist-packages/nbconvert/filters/filter_links.py:36: SyntaxWarning: invalid escape sequence '\\_'\n"}
,{"stream_name":"stderr","time":1993.015902901,"data":"  text = re.sub(r'_', '\\_', text) # Escape underscores in display text\n"}
,{"stream_name":"stderr","time":1993.811605403,"data":"[NbConvertApp] Converting notebook __script__.ipynb to html\n"}
,{"stream_name":"stderr","time":1995.60109464,"data":"[NbConvertApp] Writing 294981 bytes to __results__.html\n"}
]