[{"stream_name":"stdout","time":9.048018768,"data":"   ━━━━━━━━━━━━━━━━━━━━━━━━━━━━━━━━━━━━━━━━ 196.3/196.3 MB 8.9 MB/s eta 0:00:00\n"}
,{"stream_name":"stderr","time":50.48450838,"data":"ERROR: pip's dependency resolver does not currently take into account all the packages that are installed. This behaviour is the source of the following dependency conflicts.\n"}
,{"stream_name":"stderr","time":50.484554108,"data":"torchaudio 2.10.0+cpu requires torch==2.10.0, but you have torch 2.14.0+cpu which is incompatible.\n"}
,{"stream_name":"stderr","time":50.484559954,"data":"torchvision 0.25.0+cpu requires torch==2.10.0, but you have torch 2.14.0+cpu which is incompatible.\n"}
,{"stream_name":"stderr","time":53.086217089,"data":"/usr/local/lib/python3.12/dist-packages/torch/jit/_script.py:1491: FutureWarning: `torch.jit.script` is deprecated. Please switch to `torch.compile` or `torch.export`.\n"}
,{"stream_name":"stderr","time":53.086259274,"data":"  warnings.warn(\n"}
,{"stream_name":"stderr","time":61.374128372,"data":"E0913 05:19:21.695000 15 torch/_subclasses/fake_tensor.py:3212] [0/0] failed while attempting to run meta for aten.lerp_.Tensor\n"}
,{"stream_name":"stderr","time":61.374173736,"data":"E0913 05:19:21.695000 15 torch/_subclasses/fake_tensor.py:3212] [0/0] Traceback (most recent call last):\n"}
,{"stream_name":"stderr","time":61.37418006,"data":"E0913 05:19:21.695000 15 torch/_subclasses/fake_tensor.py:3212] [0/0]   File \"/usr/local/lib/python3.12/dist-packages/torch/_subclasses/fake_tensor.py\", line 3208, in _dispatch_impl\n"}
,{"stream_name":"stderr","time":61.374186155,"data":"E0913 05:19:21.695000 15 torch/_subclasses/fake_tensor.py:3212] [0/0]     r = func(*args, **kwargs)\n"}
,{"stream_name":"stderr","time":61.374191376,"data":"E0913 05:19:21.695000 15 torch/_subclasses/fake_tensor.py:3212] [0/0]         ^^^^^^^^^^^^^^^^^^^^^\n"}
,{"stream_name":"stderr","time":61.374197035,"data":"E0913 05:19:21.695000 15 torch/_subclasses/fake_tensor.py:3212] [0/0]   File \"/usr/local/lib/python3.12/dist-packages/torch/_ops.py\", line 916, in __call__\n"}
,{"stream_name":"stderr","time":61.374202334,"data":"E0913 05:19:21.695000 15 torch/_subclasses/fake_tensor.py:3212] [0/0]     return self._op(*args, **kwargs)\n"}
,{"stream_name":"stderr","time":61.374207053,"data":"E0913 05:19:21.695000 15 torch/_subclasses/fake_tensor.py:3212] [0/0]            ^^^^^^^^^^^^^^^^^^^^^^^^^\n"}
,{"stream_name":"stderr","time":61.374211808,"data":"E0913 05:19:21.695000 15 torch/_subclasses/fake_tensor.py:3212] [0/0]   File \"/usr/local/lib/python3.12/dist-packages/torch/_meta_registrations.py\", line 9028, in _fn\n"}
,{"stream_name":"stderr","time":61.374216719,"data":"E0913 05:19:21.695000 15 torch/_subclasses/fake_tensor.py:3212] [0/0]     out = fn(self, *args, **kwargs)\n"}
,{"stream_name":"stderr","time":61.374221904,"data":"E0913 05:19:21.695000 15 torch/_subclasses/fake_tensor.py:3212] [0/0]           ^^^^^^^^^^^^^^^^^^^^^^^^^\n"}
,{"stream_name":"stderr","time":61.374226814,"data":"E0913 05:19:21.695000 15 torch/_subclasses/fake_tensor.py:3212] [0/0]   File \"/usr/local/lib/python3.12/dist-packages/torch/_ops.py\", line 1350, in __call__\n"}
,{"stream_name":"stderr","time":61.374231806,"data":"E0913 05:19:21.695000 15 torch/_subclasses/fake_tensor.py:3212] [0/0]     return self._op(*args, **kwargs)\n"}
,{"stream_name":"stderr","time":61.374236236,"data":"E0913 05:19:21.695000 15 torch/_subclasses/fake_tensor.py:3212] [0/0]            ^^^^^^^^^^^^^^^^^^^^^^^^^\n"}
,{"stream_name":"stderr","time":61.374241069,"data":"E0913 05:19:21.695000 15 torch/_subclasses/fake_tensor.py:3212] [0/0]   File \"/usr/local/lib/python3.12/dist-packages/torch/_tensor.py\", line 564, in __repr__\n"}
,{"stream_name":"stderr","time":61.374246012,"data":"E0913 05:19:21.695000 15 torch/_subclasses/fake_tensor.py:3212] [0/0]     return torch._tensor_str._str(self, tensor_contents=tensor_contents)\n"}
,{"stream_name":"stderr","time":61.374267041,"data":"E0913 05:19:21.695000 15 torch/_subclasses/fake_tensor.py:3212] [0/0]            ^^^^^^^^^^^^^^^^^^^^^^^^^^^^^^^^^^^^^^^^^^^^^^^^^^^^^^^^^^^^^\n"}
,{"stream_name":"stderr","time":61.374271633,"data":"E0913 05:19:21.695000 15 torch/_subclasses/fake_tensor.py:3212] [0/0]   File \"/usr/local/lib/python3.12/dist-packages/torch/_tensor_str.py\", line 715, in _str\n"}
,{"stream_name":"stderr","time":61.374275847,"data":"E0913 05:19:21.695000 15 torch/_subclasses/fake_tensor.py:3212] [0/0]     return _str_intern(self, tensor_contents=tensor_contents)\n"}
,{"stream_name":"stderr","time":61.37428,"data":"E0913 05:19:21.695000 15 torch/_subclasses/fake_tensor.py:3212] [0/0]            ^^^^^^^^^^^^^^^^^^^^^^^^^^^^^^^^^^^^^^^^^^^^^^^^^^\n"}
,{"stream_name":"stderr","time":61.374284041,"data":"E0913 05:19:21.695000 15 torch/_subclasses/fake_tensor.py:3212] [0/0]   File \"/usr/local/lib/python3.12/dist-packages/torch/_tensor_str.py\", line 427, in _str_intern\n"}
,{"stream_name":"stderr","time":61.374288467,"data":"E0913 05:19:21.695000 15 torch/_subclasses/fake_tensor.py:3212] [0/0]     self, tangent = torch.autograd.forward_ad.unpack_dual(inp)\n"}
,{"stream_name":"stderr","time":61.374292591,"data":"E0913 05:19:21.695000 15 torch/_subclasses/fake_tensor.py:3212] [0/0]                     ^^^^^^^^^^^^^^^^^^^^^^^^^^^^^^^^^^^^^^^^^^\n"}
,{"stream_name":"stderr","time":61.374296282,"data":"E0913 05:19:21.695000 15 torch/_subclasses/fake_tensor.py:3212] [0/0]   File \"/usr/local/lib/python3.12/dist-packages/torch/autograd/forward_ad.py\", line 180, in unpack_dual\n"}
,{"stream_name":"stderr","time":61.374300816,"data":"E0913 05:19:21.695000 15 torch/_subclasses/fake_tensor.py:3212] [0/0]     primal, dual = _predispatch_unpack_dual(tensor, level=level)\n"}
,{"stream_name":"stderr","time":61.374304533,"data":"E0913 05:19:21.695000 15 torch/_subclasses/fake_tensor.py:3212] [0/0]                    ^^^^^^^^^^^^^^^^^^^^^^^^^^^^^^^^^^^^^^^^^^^^^\n"}
,{"stream_name":"stderr","time":61.374308274,"data":"E0913 05:19:21.695000 15 torch/_subclasses/fake_tensor.py:3212] [0/0]   File \"/usr/local/lib/python3.12/dist-packages/torch/_functorch/predispatch.py\", line 218, in _unpack_dual\n"}
,{"stream_name":"stderr","time":61.374312231,"data":"E0913 05:19:21.695000 15 torch/_subclasses/fake_tensor.py:3212] [0/0]     return _unpack_dual_impl(tensor, level=level)\n"}
,{"stream_name":"stderr","time":61.374316287,"data":"E0913 05:19:21.695000 15 torch/_subclasses/fake_tensor.py:3212] [0/0]            ^^^^^^^^^^^^^^^^^^^^^^^^^^^^^^^^^^^^^^\n"}
,{"stream_name":"stderr","time":61.374321083,"data":"E0913 05:19:21.695000 15 torch/_subclasses/fake_tensor.py:3212] [0/0] RuntimeError: InferenceMode::is_enabled() \u0026\u0026 self.is_inference() INTERNAL ASSERT FAILED at \"/__w/pytorch/pytorch/aten/src/ATen/native/VariableMethodStubs.cpp\":66, please report a bug to PyTorch. Expected this method to only be reached in inference mode and when all the inputs are inference tensors. You should NOT call this method directly as native::_fw_primal. Please use the dispatcher, i.e., at::_fw_primal. Please file an issue if you come across this error otherwise.\n"}
,{"stream_name":"stderr","time":61.496534032,"data":"E0913 05:19:21.820000 15 torch/_subclasses/fake_tensor.py:3212] [0/0] failed while attempting to run meta for aten.lerp_.Tensor\n"}
,{"stream_name":"stderr","time":61.496571323,"data":"E0913 05:19:21.820000 15 torch/_subclasses/fake_tensor.py:3212] [0/0] Traceback (most recent call last):\n"}
,{"stream_name":"stderr","time":61.496576615,"data":"E0913 05:19:21.820000 15 torch/_subclasses/fake_tensor.py:3212] [0/0]   File \"/usr/local/lib/python3.12/dist-packages/torch/_subclasses/fake_tensor.py\", line 3208, in _dispatch_impl\n"}
,{"stream_name":"stderr","time":61.496614409,"data":"E0913 05:19:21.820000 15 torch/_subclasses/fake_tensor.py:3212] [0/0]     r = func(*args, **kwargs)\n"}
,{"stream_name":"stderr","time":61.496619128,"data":"E0913 05:19:21.820000 15 torch/_subclasses/fake_tensor.py:3212] [0/0]         ^^^^^^^^^^^^^^^^^^^^^\n"}
,{"stream_name":"stderr","time":61.496622728,"data":"E0913 05:19:21.820000 15 torch/_subclasses/fake_tensor.py:3212] [0/0]   File \"/usr/local/lib/python3.12/dist-packages/torch/_ops.py\", line 916, in __call__\n"}
,{"stream_name":"stderr","time":61.496626489,"data":"E0913 05:19:21.820000 15 torch/_subclasses/fake_tensor.py:3212] [0/0]     return self._op(*args, **kwargs)\n"}
,{"stream_name":"stderr","time":61.496630004,"data":"E0913 05:19:21.820000 15 torch/_subclasses/fake_tensor.py:3212] [0/0]            ^^^^^^^^^^^^^^^^^^^^^^^^^\n"}
,{"stream_name":"stderr","time":61.49663362,"data":"E0913 05:19:21.820000 15 torch/_subclasses/fake_tensor.py:3212] [0/0]   File \"/usr/local/lib/python3.12/dist-packages/torch/_meta_registrations.py\", line 9028, in _fn\n"}
,{"stream_name":"stderr","time":61.496637677,"data":"E0913 05:19:21.820000 15 torch/_subclasses/fake_tensor.py:3212] [0/0]     out = fn(self, *args, **kwargs)\n"}
,{"stream_name":"stderr","time":61.496641149,"data":"E0913 05:19:21.820000 15 torch/_subclasses/fake_tensor.py:3212] [0/0]           ^^^^^^^^^^^^^^^^^^^^^^^^^\n"}
,{"stream_name":"stderr","time":61.496645061,"data":"E0913 05:19:21.820000 15 torch/_subclasses/fake_tensor.py:3212] [0/0]   File \"/usr/local/lib/python3.12/dist-packages/torch/_ops.py\", line 1350, in __call__\n"}
,{"stream_name":"stderr","time":61.496649316,"data":"E0913 05:19:21.820000 15 torch/_subclasses/fake_tensor.py:3212] [0/0]     return self._op(*args, **kwargs)\n"}
,{"stream_name":"stderr","time":61.496652902,"data":"E0913 05:19:21.820000 15 torch/_subclasses/fake_tensor.py:3212] [0/0]            ^^^^^^^^^^^^^^^^^^^^^^^^^\n"}
,{"stream_name":"stderr","time":61.496656324,"data":"E0913 05:19:21.820000 15 torch/_subclasses/fake_tensor.py:3212] [0/0]   File \"/usr/local/lib/python3.12/dist-packages/torch/_tensor.py\", line 564, in __repr__\n"}
,{"stream_name":"stderr","time":61.496660257,"data":"E0913 05:19:21.820000 15 torch/_subclasses/fake_tensor.py:3212] [0/0]     return torch._tensor_str._str(self, tensor_contents=tensor_contents)\n"}
,{"stream_name":"stderr","time":61.49666634,"data":"E0913 05:19:21.820000 15 torch/_subclasses/fake_tensor.py:3212] [0/0]            ^^^^^^^^^^^^^^^^^^^^^^^^^^^^^^^^^^^^^^^^^^^^^^^^^^^^^^^^^^^^^\n"}
,{"stream_name":"stderr","time":61.496670152,"data":"E0913 05:19:21.820000 15 torch/_subclasses/fake_tensor.py:3212] [0/0]   File \"/usr/local/lib/python3.12/dist-packages/torch/_tensor_str.py\", line 715, in _str\n"}
,{"stream_name":"stderr","time":61.496673759,"data":"E0913 05:19:21.820000 15 torch/_subclasses/fake_tensor.py:3212] [0/0]     return _str_intern(self, tensor_contents=tensor_contents)\n"}
,{"stream_name":"stderr","time":61.496677802,"data":"E0913 05:19:21.820000 15 torch/_subclasses/fake_tensor.py:3212] [0/0]            ^^^^^^^^^^^^^^^^^^^^^^^^^^^^^^^^^^^^^^^^^^^^^^^^^^\n"}
,{"stream_name":"stderr","time":61.49668157,"data":"E0913 05:19:21.820000 15 torch/_subclasses/fake_tensor.py:3212] [0/0]   File \"/usr/local/lib/python3.12/dist-packages/torch/_tensor_str.py\", line 427, in _str_intern\n"}
,{"stream_name":"stderr","time":61.496685743,"data":"E0913 05:19:21.820000 15 torch/_subclasses/fake_tensor.py:3212] [0/0]     self, tangent = torch.autograd.forward_ad.unpack_dual(inp)\n"}
,{"stream_name":"stderr","time":61.496689767,"data":"E0913 05:19:21.820000 15 torch/_subclasses/fake_tensor.py:3212] [0/0]                     ^^^^^^^^^^^^^^^^^^^^^^^^^^^^^^^^^^^^^^^^^^\n"}
,{"stream_name":"stderr","time":61.496706877,"data":"E0913 05:19:21.820000 15 torch/_subclasses/fake_tensor.py:3212] [0/0]   File \"/usr/local/lib/python3.12/dist-packages/torch/autograd/forward_ad.py\", line 180, in unpack_dual\n"}
,{"stream_name":"stderr","time":61.496711499,"data":"E0913 05:19:21.820000 15 torch/_subclasses/fake_tensor.py:3212] [0/0]     primal, dual = _predispatch_unpack_dual(tensor, level=level)\n"}
,{"stream_name":"stderr","time":61.496715231,"data":"E0913 05:19:21.820000 15 torch/_subclasses/fake_tensor.py:3212] [0/0]                    ^^^^^^^^^^^^^^^^^^^^^^^^^^^^^^^^^^^^^^^^^^^^^\n"}
,{"stream_name":"stderr","time":61.496719273,"data":"E0913 05:19:21.820000 15 torch/_subclasses/fake_tensor.py:3212] [0/0]   File \"/usr/local/lib/python3.12/dist-packages/torch/_functorch/predispatch.py\", line 218, in _unpack_dual\n"}
,{"stream_name":"stderr","time":61.496723304,"data":"E0913 05:19:21.820000 15 torch/_subclasses/fake_tensor.py:3212] [0/0]     return _unpack_dual_impl(tensor, level=level)\n"}
,{"stream_name":"stderr","time":61.496726862,"data":"E0913 05:19:21.820000 15 torch/_subclasses/fake_tensor.py:3212] [0/0]            ^^^^^^^^^^^^^^^^^^^^^^^^^^^^^^^^^^^^^^\n"}
,{"stream_name":"stderr","time":61.496765338,"data":"E0913 05:19:21.820000 15 torch/_subclasses/fake_tensor.py:3212] [0/0] RuntimeError: InferenceMode::is_enabled() \u0026\u0026 self.is_inference() INTERNAL ASSERT FAILED at \"/__w/pytorch/pytorch/aten/src/ATen/native/VariableMethodStubs.cpp\":66, please report a bug to PyTorch. Expected this method to only be reached in inference mode and when all the inputs are inference tensors. You should NOT call this method directly as native::_fw_primal. Please use the dispatcher, i.e., at::_fw_primal. Please file an issue if you come across this error otherwise.\n"}
,{"stream_name":"stderr","time":61.616203204,"data":"E0913 05:19:21.940000 15 torch/_subclasses/fake_tensor.py:3212] [0/0] failed while attempting to run meta for aten.lerp_.Tensor\n"}
,{"stream_name":"stderr","time":61.616240459,"data":"E0913 05:19:21.940000 15 torch/_subclasses/fake_tensor.py:3212] [0/0] Traceback (most recent call last):\n"}
,{"stream_name":"stderr","time":61.61624577,"data":"E0913 05:19:21.940000 15 torch/_subclasses/fake_tensor.py:3212] [0/0]   File \"/usr/local/lib/python3.12/dist-packages/torch/_subclasses/fake_tensor.py\", line 3208, in _dispatch_impl\n"}
,{"stream_name":"stderr","time":61.616249721,"data":"E0913 05:19:21.940000 15 torch/_subclasses/fake_tensor.py:3212] [0/0]     r = func(*args, **kwargs)\n"}
,{"stream_name":"stderr","time":61.616253225,"data":"E0913 05:19:21.940000 15 torch/_subclasses/fake_tensor.py:3212] [0/0]         ^^^^^^^^^^^^^^^^^^^^^\n"}
,{"stream_name":"stderr","time":61.616257467,"data":"E0913 05:19:21.940000 15 torch/_subclasses/fake_tensor.py:3212] [0/0]   File \"/usr/local/lib/python3.12/dist-packages/torch/_ops.py\", line 916, in __call__\n"}
,{"stream_name":"stderr","time":61.616261541,"data":"E0913 05:19:21.940000 15 torch/_subclasses/fake_tensor.py:3212] [0/0]     return self._op(*args, **kwargs)\n"}
,{"stream_name":"stderr","time":61.616265293,"data":"E0913 05:19:21.940000 15 torch/_subclasses/fake_tensor.py:3212] [0/0]            ^^^^^^^^^^^^^^^^^^^^^^^^^\n"}
,{"stream_name":"stderr","time":61.616268865,"data":"E0913 05:19:21.940000 15 torch/_subclasses/fake_tensor.py:3212] [0/0]   File \"/usr/local/lib/python3.12/dist-packages/torch/_meta_registrations.py\", line 9028, in _fn\n"}
,{"stream_name":"stderr","time":61.616273399,"data":"E0913 05:19:21.940000 15 torch/_subclasses/fake_tensor.py:3212] [0/0]     out = fn(self, *args, **kwargs)\n"}
,{"stream_name":"stderr","time":61.616277007,"data":"E0913 05:19:21.940000 15 torch/_subclasses/fake_tensor.py:3212] [0/0]           ^^^^^^^^^^^^^^^^^^^^^^^^^\n"}
,{"stream_name":"stderr","time":61.616296259,"data":"E0913 05:19:21.940000 15 torch/_subclasses/fake_tensor.py:3212] [0/0]   File \"/usr/local/lib/python3.12/dist-packages/torch/_ops.py\", line 1350, in __call__\n"}
,{"stream_name":"stderr","time":61.616300502,"data":"E0913 05:19:21.940000 15 torch/_subclasses/fake_tensor.py:3212] [0/0]     return self._op(*args, **kwargs)\n"}
,{"stream_name":"stderr","time":61.616304517,"data":"E0913 05:19:21.940000 15 torch/_subclasses/fake_tensor.py:3212] [0/0]            ^^^^^^^^^^^^^^^^^^^^^^^^^\n"}
,{"stream_name":"stderr","time":61.616307892,"data":"E0913 05:19:21.940000 15 torch/_subclasses/fake_tensor.py:3212] [0/0]   File \"/usr/local/lib/python3.12/dist-packages/torch/_tensor.py\", line 564, in __repr__\n"}
,{"stream_name":"stderr","time":61.616311862,"data":"E0913 05:19:21.940000 15 torch/_subclasses/fake_tensor.py:3212] [0/0]     return torch._tensor_str._str(self, tensor_contents=tensor_contents)\n"}
,{"stream_name":"stderr","time":61.616317162,"data":"E0913 05:19:21.940000 15 torch/_subclasses/fake_tensor.py:3212] [0/0]            ^^^^^^^^^^^^^^^^^^^^^^^^^^^^^^^^^^^^^^^^^^^^^^^^^^^^^^^^^^^^^\n"}
,{"stream_name":"stderr","time":61.616321131,"data":"E0913 05:19:21.940000 15 torch/_subclasses/fake_tensor.py:3212] [0/0]   File \"/usr/local/lib/python3.12/dist-packages/torch/_tensor_str.py\", line 715, in _str\n"}
,{"stream_name":"stderr","time":61.616325008,"data":"E0913 05:19:21.940000 15 torch/_subclasses/fake_tensor.py:3212] [0/0]     return _str_intern(self, tensor_contents=tensor_contents)\n"}
,{"stream_name":"stderr","time":61.616328662,"data":"E0913 05:19:21.940000 15 torch/_subclasses/fake_tensor.py:3212] [0/0]            ^^^^^^^^^^^^^^^^^^^^^^^^^^^^^^^^^^^^^^^^^^^^^^^^^^\n"}
,{"stream_name":"stderr","time":61.616332317,"data":"E0913 05:19:21.940000 15 torch/_subclasses/fake_tensor.py:3212] [0/0]   File \"/usr/local/lib/python3.12/dist-packages/torch/_tensor_str.py\", line 427, in _str_intern\n"}
,{"stream_name":"stderr","time":61.616336045,"data":"E0913 05:19:21.940000 15 torch/_subclasses/fake_tensor.py:3212] [0/0]     self, tangent = torch.autograd.forward_ad.unpack_dual(inp)\n"}
,{"stream_name":"stderr","time":61.616340073,"data":"E0913 05:19:21.940000 15 torch/_subclasses/fake_tensor.py:3212] [0/0]                     ^^^^^^^^^^^^^^^^^^^^^^^^^^^^^^^^^^^^^^^^^^\n"}
,{"stream_name":"stderr","time":61.616343865,"data":"E0913 05:19:21.940000 15 torch/_subclasses/fake_tensor.py:3212] [0/0]   File \"/usr/local/lib/python3.12/dist-packages/torch/autograd/forward_ad.py\", line 180, in unpack_dual\n"}
,{"stream_name":"stderr","time":61.616348365,"data":"E0913 05:19:21.940000 15 torch/_subclasses/fake_tensor.py:3212] [0/0]     primal, dual = _predispatch_unpack_dual(tensor, level=level)\n"}
,{"stream_name":"stderr","time":61.616352199,"data":"E0913 05:19:21.940000 15 torch/_subclasses/fake_tensor.py:3212] [0/0]                    ^^^^^^^^^^^^^^^^^^^^^^^^^^^^^^^^^^^^^^^^^^^^^\n"}
,{"stream_name":"stderr","time":61.616355742,"data":"E0913 05:19:21.940000 15 torch/_subclasses/fake_tensor.py:3212] [0/0]   File \"/usr/local/lib/python3.12/dist-packages/torch/_functorch/predispatch.py\", line 218, in _unpack_dual\n"}
,{"stream_name":"stderr","time":61.616359697,"data":"E0913 05:19:21.940000 15 torch/_subclasses/fake_tensor.py:3212] [0/0]     return _unpack_dual_impl(tensor, level=level)\n"}
,{"stream_name":"stderr","time":61.616363153,"data":"E0913 05:19:21.940000 15 torch/_subclasses/fake_tensor.py:3212] [0/0]            ^^^^^^^^^^^^^^^^^^^^^^^^^^^^^^^^^^^^^^\n"}
,{"stream_name":"stderr","time":61.616367777,"data":"E0913 05:19:21.940000 15 torch/_subclasses/fake_tensor.py:3212] [0/0] RuntimeError: InferenceMode::is_enabled() \u0026\u0026 self.is_inference() INTERNAL ASSERT FAILED at \"/__w/pytorch/pytorch/aten/src/ATen/native/VariableMethodStubs.cpp\":66, please report a bug to PyTorch. Expected this method to only be reached in inference mode and when all the inputs are inference tensors. You should NOT call this method directly as native::_fw_primal. Please use the dispatcher, i.e., at::_fw_primal. Please file an issue if you come across this error otherwise.\n"}
,{"stream_name":"stderr","time":61.737610692,"data":"E0913 05:19:22.061000 15 torch/_subclasses/fake_tensor.py:3212] [0/0] failed while attempting to run meta for aten.lerp_.Tensor\n"}
,{"stream_name":"stderr","time":61.737664228,"data":"E0913 05:19:22.061000 15 torch/_subclasses/fake_tensor.py:3212] [0/0] Traceback (most recent call last):\n"}
,{"stream_name":"stderr","time":61.737669957,"data":"E0913 05:19:22.061000 15 torch/_subclasses/fake_tensor.py:3212] [0/0]   File \"/usr/local/lib/python3.12/dist-packages/torch/_subclasses/fake_tensor.py\", line 3208, in _dispatch_impl\n"}
,{"stream_name":"stderr","time":61.737674319999996,"data":"E0913 05:19:22.061000 15 torch/_subclasses/fake_tensor.py:3212] [0/0]     r = func(*args, **kwargs)\n"}
,{"stream_name":"stderr","time":61.737678264,"data":"E0913 05:19:22.061000 15 torch/_subclasses/fake_tensor.py:3212] [0/0]         ^^^^^^^^^^^^^^^^^^^^^\n"}
,{"stream_name":"stderr","time":61.737681841,"data":"E0913 05:19:22.061000 15 torch/_subclasses/fake_tensor.py:3212] [0/0]   File \"/usr/local/lib/python3.12/dist-packages/torch/_ops.py\", line 916, in __call__\n"}
,{"stream_name":"stderr","time":61.737686253,"data":"E0913 05:19:22.061000 15 torch/_subclasses/fake_tensor.py:3212] [0/0]     return self._op(*args, **kwargs)\n"}
,{"stream_name":"stderr","time":61.737690781,"data":"E0913 05:19:22.061000 15 torch/_subclasses/fake_tensor.py:3212] [0/0]            ^^^^^^^^^^^^^^^^^^^^^^^^^\n"}
,{"stream_name":"stderr","time":61.737694469,"data":"E0913 05:19:22.061000 15 torch/_subclasses/fake_tensor.py:3212] [0/0]   File \"/usr/local/lib/python3.12/dist-packages/torch/_meta_registrations.py\", line 9028, in _fn\n"}
,{"stream_name":"stderr","time":61.737698301,"data":"E0913 05:19:22.061000 15 torch/_subclasses/fake_tensor.py:3212] [0/0]     out = fn(self, *args, **kwargs)\n"}
,{"stream_name":"stderr","time":61.737702352,"data":"E0913 05:19:22.061000 15 torch/_subclasses/fake_tensor.py:3212] [0/0]           ^^^^^^^^^^^^^^^^^^^^^^^^^\n"}
,{"stream_name":"stderr","time":61.737706502,"data":"E0913 05:19:22.061000 15 torch/_subclasses/fake_tensor.py:3212] [0/0]   File \"/usr/local/lib/python3.12/dist-packages/torch/_ops.py\", line 1350, in __call__\n"}
,{"stream_name":"stderr","time":61.737710485,"data":"E0913 05:19:22.061000 15 torch/_subclasses/fake_tensor.py:3212] [0/0]     return self._op(*args, **kwargs)\n"}
,{"stream_name":"stderr","time":61.737714127,"data":"E0913 05:19:22.061000 15 torch/_subclasses/fake_tensor.py:3212] [0/0]            ^^^^^^^^^^^^^^^^^^^^^^^^^\n"}
,{"stream_name":"stderr","time":61.737718029,"data":"E0913 05:19:22.061000 15 torch/_subclasses/fake_tensor.py:3212] [0/0]   File \"/usr/local/lib/python3.12/dist-packages/torch/_tensor.py\", line 564, in __repr__\n"}
,{"stream_name":"stderr","time":61.737722171,"data":"E0913 05:19:22.061000 15 torch/_subclasses/fake_tensor.py:3212] [0/0]     return torch._tensor_str._str(self, tensor_contents=tensor_contents)\n"}
,{"stream_name":"stderr","time":61.737727442,"data":"E0913 05:19:22.061000 15 torch/_subclasses/fake_tensor.py:3212] [0/0]            ^^^^^^^^^^^^^^^^^^^^^^^^^^^^^^^^^^^^^^^^^^^^^^^^^^^^^^^^^^^^^\n"}
,{"stream_name":"stderr","time":61.73775277,"data":"E0913 05:19:22.061000 15 torch/_subclasses/fake_tensor.py:3212] [0/0]   File \"/usr/local/lib/python3.12/dist-packages/torch/_tensor_str.py\", line 715, in _str\n"}
,{"stream_name":"stderr","time":61.7377607,"data":"E0913 05:19:22.061000 15 torch/_subclasses/fake_tensor.py:3212] [0/0]     return _str_intern(self, tensor_contents=tensor_contents)\n"}
,{"stream_name":"stderr","time":61.737777437,"data":"E0913 05:19:22.061000 15 torch/_subclasses/fake_tensor.py:3212] [0/0]            ^^^^^^^^^^^^^^^^^^^^^^^^^^^^^^^^^^^^^^^^^^^^^^^^^^\n"}
,{"stream_name":"stderr","time":61.737781605,"data":"E0913 05:19:22.061000 15 torch/_subclasses/fake_tensor.py:3212] [0/0]   File \"/usr/local/lib/python3.12/dist-packages/torch/_tensor_str.py\", line 427, in _str_intern\n"}
,{"stream_name":"stderr","time":61.737786081,"data":"E0913 05:19:22.061000 15 torch/_subclasses/fake_tensor.py:3212] [0/0]     self, tangent = torch.autograd.forward_ad.unpack_dual(inp)\n"}
,{"stream_name":"stderr","time":61.737789911,"data":"E0913 05:19:22.061000 15 torch/_subclasses/fake_tensor.py:3212] [0/0]                     ^^^^^^^^^^^^^^^^^^^^^^^^^^^^^^^^^^^^^^^^^^\n"}
,{"stream_name":"stderr","time":61.737793515999996,"data":"E0913 05:19:22.061000 15 torch/_subclasses/fake_tensor.py:3212] [0/0]   File \"/usr/local/lib/python3.12/dist-packages/torch/autograd/forward_ad.py\", line 180, in unpack_dual\n"}
,{"stream_name":"stderr","time":61.737797646,"data":"E0913 05:19:22.061000 15 torch/_subclasses/fake_tensor.py:3212] [0/0]     primal, dual = _predispatch_unpack_dual(tensor, level=level)\n"}
,{"stream_name":"stderr","time":61.737801376,"data":"E0913 05:19:22.061000 15 torch/_subclasses/fake_tensor.py:3212] [0/0]                    ^^^^^^^^^^^^^^^^^^^^^^^^^^^^^^^^^^^^^^^^^^^^^\n"}
,{"stream_name":"stderr","time":61.73780487,"data":"E0913 05:19:22.061000 15 torch/_subclasses/fake_tensor.py:3212] [0/0]   File \"/usr/local/lib/python3.12/dist-packages/torch/_functorch/predispatch.py\", line 218, in _unpack_dual\n"}
,{"stream_name":"stderr","time":61.737808686,"data":"E0913 05:19:22.061000 15 torch/_subclasses/fake_tensor.py:3212] [0/0]     return _unpack_dual_impl(tensor, level=level)\n"}
,{"stream_name":"stderr","time":61.737812303,"data":"E0913 05:19:22.061000 15 torch/_subclasses/fake_tensor.py:3212] [0/0]            ^^^^^^^^^^^^^^^^^^^^^^^^^^^^^^^^^^^^^^\n"}
,{"stream_name":"stderr","time":61.73781993,"data":"E0913 05:19:22.061000 15 torch/_subclasses/fake_tensor.py:3212] [0/0] RuntimeError: InferenceMode::is_enabled() \u0026\u0026 self.is_inference() INTERNAL ASSERT FAILED at \"/__w/pytorch/pytorch/aten/src/ATen/native/VariableMethodStubs.cpp\":66, please report a bug to PyTorch. Expected this method to only be reached in inference mode and when all the inputs are inference tensors. You should NOT call this method directly as native::_fw_primal. Please use the dispatcher, i.e., at::_fw_primal. Please file an issue if you come across this error otherwise.\n"}
,{"stream_name":"stderr","time":61.857309948,"data":"E0913 05:19:22.181000 15 torch/_subclasses/fake_tensor.py:3212] [0/0] failed while attempting to run meta for aten.lerp_.Tensor\n"}
,{"stream_name":"stderr","time":61.857348891,"data":"E0913 05:19:22.181000 15 torch/_subclasses/fake_tensor.py:3212] [0/0] Traceback (most recent call last):\n"}
,{"stream_name":"stderr","time":61.857353988,"data":"E0913 05:19:22.181000 15 torch/_subclasses/fake_tensor.py:3212] [0/0]   File \"/usr/local/lib/python3.12/dist-packages/torch/_subclasses/fake_tensor.py\", line 3208, in _dispatch_impl\n"}
,{"stream_name":"stderr","time":61.85735794,"data":"E0913 05:19:22.181000 15 torch/_subclasses/fake_tensor.py:3212] [0/0]     r = func(*args, **kwargs)\n"}
,{"stream_name":"stderr","time":61.857361654,"data":"E0913 05:19:22.181000 15 torch/_subclasses/fake_tensor.py:3212] [0/0]         ^^^^^^^^^^^^^^^^^^^^^\n"}
,{"stream_name":"stderr","time":61.857365546,"data":"E0913 05:19:22.181000 15 torch/_subclasses/fake_tensor.py:3212] [0/0]   File \"/usr/local/lib/python3.12/dist-packages/torch/_ops.py\", line 916, in __call__\n"}
,{"stream_name":"stderr","time":61.857369446,"data":"E0913 05:19:22.181000 15 torch/_subclasses/fake_tensor.py:3212] [0/0]     return self._op(*args, **kwargs)\n"}
,{"stream_name":"stderr","time":61.857389146,"data":"E0913 05:19:22.181000 15 torch/_subclasses/fake_tensor.py:3212] [0/0]            ^^^^^^^^^^^^^^^^^^^^^^^^^\n"}
,{"stream_name":"stderr","time":61.857393235,"data":"E0913 05:19:22.181000 15 torch/_subclasses/fake_tensor.py:3212] [0/0]   File \"/usr/local/lib/python3.12/dist-packages/torch/_meta_registrations.py\", line 9028, in _fn\n"}
,{"stream_name":"stderr","time":61.857396884,"data":"E0913 05:19:22.181000 15 torch/_subclasses/fake_tensor.py:3212] [0/0]     out = fn(self, *args, **kwargs)\n"}
,{"stream_name":"stderr","time":61.857400631,"data":"E0913 05:19:22.181000 15 torch/_subclasses/fake_tensor.py:3212] [0/0]           ^^^^^^^^^^^^^^^^^^^^^^^^^\n"}
,{"stream_name":"stderr","time":61.857404305,"data":"E0913 05:19:22.181000 15 torch/_subclasses/fake_tensor.py:3212] [0/0]   File \"/usr/local/lib/python3.12/dist-packages/torch/_ops.py\", line 1350, in __call__\n"}
,{"stream_name":"stderr","time":61.857407839,"data":"E0913 05:19:22.181000 15 torch/_subclasses/fake_tensor.py:3212] [0/0]     return self._op(*args, **kwargs)\n"}
,{"stream_name":"stderr","time":61.857411601,"data":"E0913 05:19:22.181000 15 torch/_subclasses/fake_tensor.py:3212] [0/0]            ^^^^^^^^^^^^^^^^^^^^^^^^^\n"}
,{"stream_name":"stderr","time":61.857415206,"data":"E0913 05:19:22.181000 15 torch/_subclasses/fake_tensor.py:3212] [0/0]   File \"/usr/local/lib/python3.12/dist-packages/torch/_tensor.py\", line 564, in __repr__\n"}
,{"stream_name":"stderr","time":61.857419193,"data":"E0913 05:19:22.181000 15 torch/_subclasses/fake_tensor.py:3212] [0/0]     return torch._tensor_str._str(self, tensor_contents=tensor_contents)\n"}
,{"stream_name":"stderr","time":61.857424234,"data":"E0913 05:19:22.181000 15 torch/_subclasses/fake_tensor.py:3212] [0/0]            ^^^^^^^^^^^^^^^^^^^^^^^^^^^^^^^^^^^^^^^^^^^^^^^^^^^^^^^^^^^^^\n"}
,{"stream_name":"stderr","time":61.857427935,"data":"E0913 05:19:22.181000 15 torch/_subclasses/fake_tensor.py:3212] [0/0]   File \"/usr/local/lib/python3.12/dist-packages/torch/_tensor_str.py\", line 715, in _str\n"}
,{"stream_name":"stderr","time":61.857431872,"data":"E0913 05:19:22.181000 15 torch/_subclasses/fake_tensor.py:3212] [0/0]     return _str_intern(self, tensor_contents=tensor_contents)\n"}
,{"stream_name":"stderr","time":61.857435662,"data":"E0913 05:19:22.181000 15 torch/_subclasses/fake_tensor.py:3212] [0/0]            ^^^^^^^^^^^^^^^^^^^^^^^^^^^^^^^^^^^^^^^^^^^^^^^^^^\n"}
,{"stream_name":"stderr","time":61.857439491,"data":"E0913 05:19:22.181000 15 torch/_subclasses/fake_tensor.py:3212] [0/0]   File \"/usr/local/lib/python3.12/dist-packages/torch/_tensor_str.py\", line 427, in _str_intern\n"}
,{"stream_name":"stderr","time":61.857443284,"data":"E0913 05:19:22.181000 15 torch/_subclasses/fake_tensor.py:3212] [0/0]     self, tangent = torch.autograd.forward_ad.unpack_dual(inp)\n"}
,{"stream_name":"stderr","time":61.857447591,"data":"E0913 05:19:22.181000 15 torch/_subclasses/fake_tensor.py:3212] [0/0]                     ^^^^^^^^^^^^^^^^^^^^^^^^^^^^^^^^^^^^^^^^^^\n"}
,{"stream_name":"stderr","time":61.857451185,"data":"E0913 05:19:22.181000 15 torch/_subclasses/fake_tensor.py:3212] [0/0]   File \"/usr/local/lib/python3.12/dist-packages/torch/autograd/forward_ad.py\", line 180, in unpack_dual\n"}
,{"stream_name":"stderr","time":61.857454922,"data":"E0913 05:19:22.181000 15 torch/_subclasses/fake_tensor.py:3212] [0/0]     primal, dual = _predispatch_unpack_dual(tensor, level=level)\n"}
,{"stream_name":"stderr","time":61.857458401,"data":"E0913 05:19:22.181000 15 torch/_subclasses/fake_tensor.py:3212] [0/0]                    ^^^^^^^^^^^^^^^^^^^^^^^^^^^^^^^^^^^^^^^^^^^^^\n"}
,{"stream_name":"stderr","time":61.857462236,"data":"E0913 05:19:22.181000 15 torch/_subclasses/fake_tensor.py:3212] [0/0]   File \"/usr/local/lib/python3.12/dist-packages/torch/_functorch/predispatch.py\", line 218, in _unpack_dual\n"}
,{"stream_name":"stderr","time":61.857483185,"data":"E0913 05:19:22.181000 15 torch/_subclasses/fake_tensor.py:3212] [0/0]     return _unpack_dual_impl(tensor, level=level)\n"}
,{"stream_name":"stderr","time":61.857487879,"data":"E0913 05:19:22.181000 15 torch/_subclasses/fake_tensor.py:3212] [0/0]            ^^^^^^^^^^^^^^^^^^^^^^^^^^^^^^^^^^^^^^\n"}
,{"stream_name":"stderr","time":61.857492845,"data":"E0913 05:19:22.181000 15 torch/_subclasses/fake_tensor.py:3212] [0/0] RuntimeError: InferenceMode::is_enabled() \u0026\u0026 self.is_inference() INTERNAL ASSERT FAILED at \"/__w/pytorch/pytorch/aten/src/ATen/native/VariableMethodStubs.cpp\":66, please report a bug to PyTorch. Expected this method to only be reached in inference mode and when all the inputs are inference tensors. You should NOT call this method directly as native::_fw_primal. Please use the dispatcher, i.e., at::_fw_primal. Please file an issue if you come across this error otherwise.\n"}
,{"stream_name":"stderr","time":61.974867476,"data":"E0913 05:19:22.299000 15 torch/_subclasses/fake_tensor.py:3212] [0/0] failed while attempting to run meta for aten.lerp_.Tensor\n"}
,{"stream_name":"stderr","time":61.974902688,"data":"E0913 05:19:22.299000 15 torch/_subclasses/fake_tensor.py:3212] [0/0] Traceback (most recent call last):\n"}
,{"stream_name":"stderr","time":61.974911106,"data":"E0913 05:19:22.299000 15 torch/_subclasses/fake_tensor.py:3212] [0/0]   File \"/usr/local/lib/python3.12/dist-packages/torch/_subclasses/fake_tensor.py\", line 3208, in _dispatch_impl\n"}
,{"stream_name":"stderr","time":61.974915118,"data":"E0913 05:19:22.299000 15 torch/_subclasses/fake_tensor.py:3212] [0/0]     r = func(*args, **kwargs)\n"}
,{"stream_name":"stderr","time":61.974919235,"data":"E0913 05:19:22.299000 15 torch/_subclasses/fake_tensor.py:3212] [0/0]         ^^^^^^^^^^^^^^^^^^^^^\n"}
,{"stream_name":"stderr","time":61.974923559,"data":"E0913 05:19:22.299000 15 torch/_subclasses/fake_tensor.py:3212] [0/0]   File \"/usr/local/lib/python3.12/dist-packages/torch/_ops.py\", line 916, in __call__\n"}
,{"stream_name":"stderr","time":61.974927999,"data":"E0913 05:19:22.299000 15 torch/_subclasses/fake_tensor.py:3212] [0/0]     return self._op(*args, **kwargs)\n"}
,{"stream_name":"stderr","time":61.974932253,"data":"E0913 05:19:22.299000 15 torch/_subclasses/fake_tensor.py:3212] [0/0]            ^^^^^^^^^^^^^^^^^^^^^^^^^\n"}
,{"stream_name":"stderr","time":61.974936326,"data":"E0913 05:19:22.299000 15 torch/_subclasses/fake_tensor.py:3212] [0/0]   File \"/usr/local/lib/python3.12/dist-packages/torch/_meta_registrations.py\", line 9028, in _fn\n"}
,{"stream_name":"stderr","time":61.974940872,"data":"E0913 05:19:22.299000 15 torch/_subclasses/fake_tensor.py:3212] [0/0]     out = fn(self, *args, **kwargs)\n"}
,{"stream_name":"stderr","time":61.974945196,"data":"E0913 05:19:22.299000 15 torch/_subclasses/fake_tensor.py:3212] [0/0]           ^^^^^^^^^^^^^^^^^^^^^^^^^\n"}
,{"stream_name":"stderr","time":61.974949317,"data":"E0913 05:19:22.299000 15 torch/_subclasses/fake_tensor.py:3212] [0/0]   File \"/usr/local/lib/python3.12/dist-packages/torch/_ops.py\", line 1350, in __call__\n"}
,{"stream_name":"stderr","time":61.974953629,"data":"E0913 05:19:22.299000 15 torch/_subclasses/fake_tensor.py:3212] [0/0]     return self._op(*args, **kwargs)\n"}
,{"stream_name":"stderr","time":61.97495776,"data":"E0913 05:19:22.299000 15 torch/_subclasses/fake_tensor.py:3212] [0/0]            ^^^^^^^^^^^^^^^^^^^^^^^^^\n"}
,{"stream_name":"stderr","time":61.974961787,"data":"E0913 05:19:22.299000 15 torch/_subclasses/fake_tensor.py:3212] [0/0]   File \"/usr/local/lib/python3.12/dist-packages/torch/_tensor.py\", line 564, in __repr__\n"}
,{"stream_name":"stderr","time":61.974979466,"data":"E0913 05:19:22.299000 15 torch/_subclasses/fake_tensor.py:3212] [0/0]     return torch._tensor_str._str(self, tensor_contents=tensor_contents)\n"}
,{"stream_name":"stderr","time":61.974985856,"data":"E0913 05:19:22.299000 15 torch/_subclasses/fake_tensor.py:3212] [0/0]            ^^^^^^^^^^^^^^^^^^^^^^^^^^^^^^^^^^^^^^^^^^^^^^^^^^^^^^^^^^^^^\n"}
,{"stream_name":"stderr","time":61.974989561,"data":"E0913 05:19:22.299000 15 torch/_subclasses/fake_tensor.py:3212] [0/0]   File \"/usr/local/lib/python3.12/dist-packages/torch/_tensor_str.py\", line 715, in _str\n"}
,{"stream_name":"stderr","time":61.974993757,"data":"E0913 05:19:22.299000 15 torch/_subclasses/fake_tensor.py:3212] [0/0]     return _str_intern(self, tensor_contents=tensor_contents)\n"}
,{"stream_name":"stderr","time":61.974997883,"data":"E0913 05:19:22.299000 15 torch/_subclasses/fake_tensor.py:3212] [0/0]            ^^^^^^^^^^^^^^^^^^^^^^^^^^^^^^^^^^^^^^^^^^^^^^^^^^\n"}
,{"stream_name":"stderr","time":61.975001802,"data":"E0913 05:19:22.299000 15 torch/_subclasses/fake_tensor.py:3212] [0/0]   File \"/usr/local/lib/python3.12/dist-packages/torch/_tensor_str.py\", line 427, in _str_intern\n"}
,{"stream_name":"stderr","time":61.975005672,"data":"E0913 05:19:22.299000 15 torch/_subclasses/fake_tensor.py:3212] [0/0]     self, tangent = torch.autograd.forward_ad.unpack_dual(inp)\n"}
,{"stream_name":"stderr","time":61.975009418,"data":"E0913 05:19:22.299000 15 torch/_subclasses/fake_tensor.py:3212] [0/0]                     ^^^^^^^^^^^^^^^^^^^^^^^^^^^^^^^^^^^^^^^^^^\n"}
,{"stream_name":"stderr","time":61.975013339,"data":"E0913 05:19:22.299000 15 torch/_subclasses/fake_tensor.py:3212] [0/0]   File \"/usr/local/lib/python3.12/dist-packages/torch/autograd/forward_ad.py\", line 180, in unpack_dual\n"}
,{"stream_name":"stderr","time":61.975017168,"data":"E0913 05:19:22.299000 15 torch/_subclasses/fake_tensor.py:3212] [0/0]     primal, dual = _predispatch_unpack_dual(tensor, level=level)\n"}
,{"stream_name":"stderr","time":61.975021306,"data":"E0913 05:19:22.299000 15 torch/_subclasses/fake_tensor.py:3212] [0/0]                    ^^^^^^^^^^^^^^^^^^^^^^^^^^^^^^^^^^^^^^^^^^^^^\n"}
,{"stream_name":"stderr","time":61.975025193,"data":"E0913 05:19:22.299000 15 torch/_subclasses/fake_tensor.py:3212] [0/0]   File \"/usr/local/lib/python3.12/dist-packages/torch/_functorch/predispatch.py\", line 218, in _unpack_dual\n"}
,{"stream_name":"stderr","time":61.975029085,"data":"E0913 05:19:22.299000 15 torch/_subclasses/fake_tensor.py:3212] [0/0]     return _unpack_dual_impl(tensor, level=level)\n"}
,{"stream_name":"stderr","time":61.975045329,"data":"E0913 05:19:22.299000 15 torch/_subclasses/fake_tensor.py:3212] [0/0]            ^^^^^^^^^^^^^^^^^^^^^^^^^^^^^^^^^^^^^^\n"}
,{"stream_name":"stderr","time":61.975051635,"data":"E0913 05:19:22.299000 15 torch/_subclasses/fake_tensor.py:3212] [0/0] RuntimeError: InferenceMode::is_enabled() \u0026\u0026 self.is_inference() INTERNAL ASSERT FAILED at \"/__w/pytorch/pytorch/aten/src/ATen/native/VariableMethodStubs.cpp\":66, please report a bug to PyTorch. Expected this method to only be reached in inference mode and when all the inputs are inference tensors. You should NOT call this method directly as native::_fw_primal. Please use the dispatcher, i.e., at::_fw_primal. Please file an issue if you come across this error otherwise.\n"}
,{"stream_name":"stderr","time":62.107276744,"data":"E0913 05:19:22.431000 15 torch/_subclasses/fake_tensor.py:3212] [0/0] failed while attempting to run meta for aten.lerp_.Tensor\n"}
,{"stream_name":"stderr","time":62.107313171,"data":"E0913 05:19:22.431000 15 torch/_subclasses/fake_tensor.py:3212] [0/0] Traceback (most recent call last):\n"}
,{"stream_name":"stderr","time":62.107317519,"data":"E0913 05:19:22.431000 15 torch/_subclasses/fake_tensor.py:3212] [0/0]   File \"/usr/local/lib/python3.12/dist-packages/torch/_subclasses/fake_tensor.py\", line 3208, in _dispatch_impl\n"}
,{"stream_name":"stderr","time":62.107334941,"data":"E0913 05:19:22.431000 15 torch/_subclasses/fake_tensor.py:3212] [0/0]     r = func(*args, **kwargs)\n"}
,{"stream_name":"stderr","time":62.107337866,"data":"E0913 05:19:22.431000 15 torch/_subclasses/fake_tensor.py:3212] [0/0]         ^^^^^^^^^^^^^^^^^^^^^\n"}
,{"stream_name":"stderr","time":62.107340682,"data":"E0913 05:19:22.431000 15 torch/_subclasses/fake_tensor.py:3212] [0/0]   File \"/usr/local/lib/python3.12/dist-packages/torch/_ops.py\", line 916, in __call__\n"}
,{"stream_name":"stderr","time":62.107343474,"data":"E0913 05:19:22.431000 15 torch/_subclasses/fake_tensor.py:3212] [0/0]     return self._op(*args, **kwargs)\n"}
,{"stream_name":"stderr","time":62.107345951,"data":"E0913 05:19:22.431000 15 torch/_subclasses/fake_tensor.py:3212] [0/0]            ^^^^^^^^^^^^^^^^^^^^^^^^^\n"}
,{"stream_name":"stderr","time":62.107348995,"data":"E0913 05:19:22.431000 15 torch/_subclasses/fake_tensor.py:3212] [0/0]   File \"/usr/local/lib/python3.12/dist-packages/torch/_meta_registrations.py\", line 9028, in _fn\n"}
,{"stream_name":"stderr","time":62.107351761,"data":"E0913 05:19:22.431000 15 torch/_subclasses/fake_tensor.py:3212] [0/0]     out = fn(self, *args, **kwargs)\n"}
,{"stream_name":"stderr","time":62.107354287,"data":"E0913 05:19:22.431000 15 torch/_subclasses/fake_tensor.py:3212] [0/0]           ^^^^^^^^^^^^^^^^^^^^^^^^^\n"}
,{"stream_name":"stderr","time":62.107356819,"data":"E0913 05:19:22.431000 15 torch/_subclasses/fake_tensor.py:3212] [0/0]   File \"/usr/local/lib/python3.12/dist-packages/torch/_ops.py\", line 1350, in __call__\n"}
,{"stream_name":"stderr","time":62.107359592,"data":"E0913 05:19:22.431000 15 torch/_subclasses/fake_tensor.py:3212] [0/0]     return self._op(*args, **kwargs)\n"}
,{"stream_name":"stderr","time":62.107362093,"data":"E0913 05:19:22.431000 15 torch/_subclasses/fake_tensor.py:3212] [0/0]            ^^^^^^^^^^^^^^^^^^^^^^^^^\n"}
,{"stream_name":"stderr","time":62.107364612,"data":"E0913 05:19:22.431000 15 torch/_subclasses/fake_tensor.py:3212] [0/0]   File \"/usr/local/lib/python3.12/dist-packages/torch/_tensor.py\", line 564, in __repr__\n"}
,{"stream_name":"stderr","time":62.107367416,"data":"E0913 05:19:22.431000 15 torch/_subclasses/fake_tensor.py:3212] [0/0]     return torch._tensor_str._str(self, tensor_contents=tensor_contents)\n"}
,{"stream_name":"stderr","time":62.107371871,"data":"E0913 05:19:22.431000 15 torch/_subclasses/fake_tensor.py:3212] [0/0]            ^^^^^^^^^^^^^^^^^^^^^^^^^^^^^^^^^^^^^^^^^^^^^^^^^^^^^^^^^^^^^\n"}
,{"stream_name":"stderr","time":62.1073746,"data":"E0913 05:19:22.431000 15 torch/_subclasses/fake_tensor.py:3212] [0/0]   File \"/usr/local/lib/python3.12/dist-packages/torch/_tensor_str.py\", line 715, in _str\n"}
,{"stream_name":"stderr","time":62.107377353,"data":"E0913 05:19:22.431000 15 torch/_subclasses/fake_tensor.py:3212] [0/0]     return _str_intern(self, tensor_contents=tensor_contents)\n"}
,{"stream_name":"stderr","time":62.107379969,"data":"E0913 05:19:22.431000 15 torch/_subclasses/fake_tensor.py:3212] [0/0]            ^^^^^^^^^^^^^^^^^^^^^^^^^^^^^^^^^^^^^^^^^^^^^^^^^^\n"}
,{"stream_name":"stderr","time":62.107382529,"data":"E0913 05:19:22.431000 15 torch/_subclasses/fake_tensor.py:3212] [0/0]   File \"/usr/local/lib/python3.12/dist-packages/torch/_tensor_str.py\", line 427, in _str_intern\n"}
,{"stream_name":"stderr","time":62.10738528,"data":"E0913 05:19:22.431000 15 torch/_subclasses/fake_tensor.py:3212] [0/0]     self, tangent = torch.autograd.forward_ad.unpack_dual(inp)\n"}
,{"stream_name":"stderr","time":62.107387803,"data":"E0913 05:19:22.431000 15 torch/_subclasses/fake_tensor.py:3212] [0/0]                     ^^^^^^^^^^^^^^^^^^^^^^^^^^^^^^^^^^^^^^^^^^\n"}
,{"stream_name":"stderr","time":62.107393404,"data":"E0913 05:19:22.431000 15 torch/_subclasses/fake_tensor.py:3212] [0/0]   File \"/usr/local/lib/python3.12/dist-packages/torch/autograd/forward_ad.py\", line 180, in unpack_dual\n"}
,{"stream_name":"stderr","time":62.10739648,"data":"E0913 05:19:22.431000 15 torch/_subclasses/fake_tensor.py:3212] [0/0]     primal, dual = _predispatch_unpack_dual(tensor, level=level)\n"}
,{"stream_name":"stderr","time":62.107399087,"data":"E0913 05:19:22.431000 15 torch/_subclasses/fake_tensor.py:3212] [0/0]                    ^^^^^^^^^^^^^^^^^^^^^^^^^^^^^^^^^^^^^^^^^^^^^\n"}
,{"stream_name":"stderr","time":62.107401671,"data":"E0913 05:19:22.431000 15 torch/_subclasses/fake_tensor.py:3212] [0/0]   File \"/usr/local/lib/python3.12/dist-packages/torch/_functorch/predispatch.py\", line 218, in _unpack_dual\n"}
,{"stream_name":"stderr","time":62.107404435,"data":"E0913 05:19:22.431000 15 torch/_subclasses/fake_tensor.py:3212] [0/0]     return _unpack_dual_impl(tensor, level=level)\n"}
,{"stream_name":"stderr","time":62.107407161,"data":"E0913 05:19:22.431000 15 torch/_subclasses/fake_tensor.py:3212] [0/0]            ^^^^^^^^^^^^^^^^^^^^^^^^^^^^^^^^^^^^^^\n"}
,{"stream_name":"stderr","time":62.107411697,"data":"E0913 05:19:22.431000 15 torch/_subclasses/fake_tensor.py:3212] [0/0] RuntimeError: InferenceMode::is_enabled() \u0026\u0026 self.is_inference() INTERNAL ASSERT FAILED at \"/__w/pytorch/pytorch/aten/src/ATen/native/VariableMethodStubs.cpp\":66, please report a bug to PyTorch. Expected this method to only be reached in inference mode and when all the inputs are inference tensors. You should NOT call this method directly as native::_fw_primal. Please use the dispatcher, i.e., at::_fw_primal. Please file an issue if you come across this error otherwise.\n"}
,{"stream_name":"stderr","time":62.235706838,"data":"E0913 05:19:22.560000 15 torch/_subclasses/fake_tensor.py:3212] [0/0] failed while attempting to run meta for aten.lerp_.Tensor\n"}
,{"stream_name":"stderr","time":62.2357638,"data":"E0913 05:19:22.560000 15 torch/_subclasses/fake_tensor.py:3212] [0/0] Traceback (most recent call last):\n"}
,{"stream_name":"stderr","time":62.23577213,"data":"E0913 05:19:22.560000 15 torch/_subclasses/fake_tensor.py:3212] [0/0]   File \"/usr/local/lib/python3.12/dist-packages/torch/_subclasses/fake_tensor.py\", line 3208, in _dispatch_impl\n"}
,{"stream_name":"stderr","time":62.23577706,"data":"E0913 05:19:22.560000 15 torch/_subclasses/fake_tensor.py:3212] [0/0]     r = func(*args, **kwargs)\n"}
,{"stream_name":"stderr","time":62.23578125,"data":"E0913 05:19:22.560000 15 torch/_subclasses/fake_tensor.py:3212] [0/0]         ^^^^^^^^^^^^^^^^^^^^^\n"}
,{"stream_name":"stderr","time":62.235785262,"data":"E0913 05:19:22.560000 15 torch/_subclasses/fake_tensor.py:3212] [0/0]   File \"/usr/local/lib/python3.12/dist-packages/torch/_ops.py\", line 916, in __call__\n"}
,{"stream_name":"stderr","time":62.235789494,"data":"E0913 05:19:22.560000 15 torch/_subclasses/fake_tensor.py:3212] [0/0]     return self._op(*args, **kwargs)\n"}
,{"stream_name":"stderr","time":62.235794046,"data":"E0913 05:19:22.560000 15 torch/_subclasses/fake_tensor.py:3212] [0/0]            ^^^^^^^^^^^^^^^^^^^^^^^^^\n"}
,{"stream_name":"stderr","time":62.235798456,"data":"E0913 05:19:22.560000 15 torch/_subclasses/fake_tensor.py:3212] [0/0]   File \"/usr/local/lib/python3.12/dist-packages/torch/_meta_registrations.py\", line 9028, in _fn\n"}
,{"stream_name":"stderr","time":62.23580268,"data":"E0913 05:19:22.560000 15 torch/_subclasses/fake_tensor.py:3212] [0/0]     out = fn(self, *args, **kwargs)\n"}
,{"stream_name":"stderr","time":62.235806592,"data":"E0913 05:19:22.560000 15 torch/_subclasses/fake_tensor.py:3212] [0/0]           ^^^^^^^^^^^^^^^^^^^^^^^^^\n"}
,{"stream_name":"stderr","time":62.23591449,"data":"E0913 05:19:22.560000 15 torch/_subclasses/fake_tensor.py:3212] [0/0]   File \"/usr/local/lib/python3.12/dist-packages/torch/_ops.py\", line 1350, in __call__\n"}
,{"stream_name":"stderr","time":62.235920726,"data":"E0913 05:19:22.560000 15 torch/_subclasses/fake_tensor.py:3212] [0/0]     return self._op(*args, **kwargs)\n"}
,{"stream_name":"stderr","time":62.235923496,"data":"E0913 05:19:22.560000 15 torch/_subclasses/fake_tensor.py:3212] [0/0]            ^^^^^^^^^^^^^^^^^^^^^^^^^\n"}
,{"stream_name":"stderr","time":62.235926213,"data":"E0913 05:19:22.560000 15 torch/_subclasses/fake_tensor.py:3212] [0/0]   File \"/usr/local/lib/python3.12/dist-packages/torch/_tensor.py\", line 564, in __repr__\n"}
,{"stream_name":"stderr","time":62.235928953,"data":"E0913 05:19:22.560000 15 torch/_subclasses/fake_tensor.py:3212] [0/0]     return torch._tensor_str._str(self, tensor_contents=tensor_contents)\n"}
,{"stream_name":"stderr","time":62.235934233,"data":"E0913 05:19:22.560000 15 torch/_subclasses/fake_tensor.py:3212] [0/0]            ^^^^^^^^^^^^^^^^^^^^^^^^^^^^^^^^^^^^^^^^^^^^^^^^^^^^^^^^^^^^^\n"}
,{"stream_name":"stderr","time":62.23593722,"data":"E0913 05:19:22.560000 15 torch/_subclasses/fake_tensor.py:3212] [0/0]   File \"/usr/local/lib/python3.12/dist-packages/torch/_tensor_str.py\", line 715, in _str\n"}
,{"stream_name":"stderr","time":62.235939996,"data":"E0913 05:19:22.560000 15 torch/_subclasses/fake_tensor.py:3212] [0/0]     return _str_intern(self, tensor_contents=tensor_contents)\n"}
,{"stream_name":"stderr","time":62.235942544,"data":"E0913 05:19:22.560000 15 torch/_subclasses/fake_tensor.py:3212] [0/0]            ^^^^^^^^^^^^^^^^^^^^^^^^^^^^^^^^^^^^^^^^^^^^^^^^^^\n"}
,{"stream_name":"stderr","time":62.235945095,"data":"E0913 05:19:22.560000 15 torch/_subclasses/fake_tensor.py:3212] [0/0]   File \"/usr/local/lib/python3.12/dist-packages/torch/_tensor_str.py\", line 427, in _str_intern\n"}
,{"stream_name":"stderr","time":62.235947952,"data":"E0913 05:19:22.560000 15 torch/_subclasses/fake_tensor.py:3212] [0/0]     self, tangent = torch.autograd.forward_ad.unpack_dual(inp)\n"}
,{"stream_name":"stderr","time":62.235950653,"data":"E0913 05:19:22.560000 15 torch/_subclasses/fake_tensor.py:3212] [0/0]                     ^^^^^^^^^^^^^^^^^^^^^^^^^^^^^^^^^^^^^^^^^^\n"}
,{"stream_name":"stderr","time":62.235953212,"data":"E0913 05:19:22.560000 15 torch/_subclasses/fake_tensor.py:3212] [0/0]   File \"/usr/local/lib/python3.12/dist-packages/torch/autograd/forward_ad.py\", line 180, in unpack_dual\n"}
,{"stream_name":"stderr","time":62.235956071,"data":"E0913 05:19:22.560000 15 torch/_subclasses/fake_tensor.py:3212] [0/0]     primal, dual = _predispatch_unpack_dual(tensor, level=level)\n"}
,{"stream_name":"stderr","time":62.235958816,"data":"E0913 05:19:22.560000 15 torch/_subclasses/fake_tensor.py:3212] [0/0]                    ^^^^^^^^^^^^^^^^^^^^^^^^^^^^^^^^^^^^^^^^^^^^^\n"}
,{"stream_name":"stderr","time":62.235961623,"data":"E0913 05:19:22.560000 15 torch/_subclasses/fake_tensor.py:3212] [0/0]   File \"/usr/local/lib/python3.12/dist-packages/torch/_functorch/predispatch.py\", line 218, in _unpack_dual\n"}
,{"stream_name":"stderr","time":62.235964324,"data":"E0913 05:19:22.560000 15 torch/_subclasses/fake_tensor.py:3212] [0/0]     return _unpack_dual_impl(tensor, level=level)\n"}
,{"stream_name":"stderr","time":62.235966926,"data":"E0913 05:19:22.560000 15 torch/_subclasses/fake_tensor.py:3212] [0/0]            ^^^^^^^^^^^^^^^^^^^^^^^^^^^^^^^^^^^^^^\n"}
,{"stream_name":"stderr","time":62.235969958,"data":"E0913 05:19:22.560000 15 torch/_subclasses/fake_tensor.py:3212] [0/0] RuntimeError: InferenceMode::is_enabled() \u0026\u0026 self.is_inference() INTERNAL ASSERT FAILED at \"/__w/pytorch/pytorch/aten/src/ATen/native/VariableMethodStubs.cpp\":66, please report a bug to PyTorch. Expected this method to only be reached in inference mode and when all the inputs are inference tensors. You should NOT call this method directly as native::_fw_primal. Please use the dispatcher, i.e., at::_fw_primal. Please file an issue if you come across this error otherwise.\n"}
,{"stream_name":"stderr","time":62.383878283,"data":"E0913 05:19:22.708000 15 torch/_subclasses/fake_tensor.py:3212] [0/0] failed while attempting to run meta for aten.lerp_.Tensor\n"}
,{"stream_name":"stderr","time":62.383917019,"data":"E0913 05:19:22.708000 15 torch/_subclasses/fake_tensor.py:3212] [0/0] Traceback (most recent call last):\n"}
,{"stream_name":"stderr","time":62.383921924,"data":"E0913 05:19:22.708000 15 torch/_subclasses/fake_tensor.py:3212] [0/0]   File \"/usr/local/lib/python3.12/dist-packages/torch/_subclasses/fake_tensor.py\", line 3208, in _dispatch_impl\n"}
,{"stream_name":"stderr","time":62.383925213,"data":"E0913 05:19:22.708000 15 torch/_subclasses/fake_tensor.py:3212] [0/0]     r = func(*args, **kwargs)\n"}
,{"stream_name":"stderr","time":62.383928034,"data":"E0913 05:19:22.708000 15 torch/_subclasses/fake_tensor.py:3212] [0/0]         ^^^^^^^^^^^^^^^^^^^^^\n"}
,{"stream_name":"stderr","time":62.383930622,"data":"E0913 05:19:22.708000 15 torch/_subclasses/fake_tensor.py:3212] [0/0]   File \"/usr/local/lib/python3.12/dist-packages/torch/_ops.py\", line 916, in __call__\n"}
,{"stream_name":"stderr","time":62.383933289,"data":"E0913 05:19:22.708000 15 torch/_subclasses/fake_tensor.py:3212] [0/0]     return self._op(*args, **kwargs)\n"}
,{"stream_name":"stderr","time":62.383935775,"data":"E0913 05:19:22.708000 15 torch/_subclasses/fake_tensor.py:3212] [0/0]            ^^^^^^^^^^^^^^^^^^^^^^^^^\n"}
,{"stream_name":"stderr","time":62.383938318,"data":"E0913 05:19:22.708000 15 torch/_subclasses/fake_tensor.py:3212] [0/0]   File \"/usr/local/lib/python3.12/dist-packages/torch/_meta_registrations.py\", line 9028, in _fn\n"}
,{"stream_name":"stderr","time":62.383941061,"data":"E0913 05:19:22.708000 15 torch/_subclasses/fake_tensor.py:3212] [0/0]     out = fn(self, *args, **kwargs)\n"}
,{"stream_name":"stderr","time":62.383943918,"data":"E0913 05:19:22.708000 15 torch/_subclasses/fake_tensor.py:3212] [0/0]           ^^^^^^^^^^^^^^^^^^^^^^^^^\n"}
,{"stream_name":"stderr","time":62.383946428,"data":"E0913 05:19:22.708000 15 torch/_subclasses/fake_tensor.py:3212] [0/0]   File \"/usr/local/lib/python3.12/dist-packages/torch/_ops.py\", line 1350, in __call__\n"}
,{"stream_name":"stderr","time":62.383949139,"data":"E0913 05:19:22.708000 15 torch/_subclasses/fake_tensor.py:3212] [0/0]     return self._op(*args, **kwargs)\n"}
,{"stream_name":"stderr","time":62.383951603,"data":"E0913 05:19:22.708000 15 torch/_subclasses/fake_tensor.py:3212] [0/0]            ^^^^^^^^^^^^^^^^^^^^^^^^^\n"}
,{"stream_name":"stderr","time":62.383954085,"data":"E0913 05:19:22.708000 15 torch/_subclasses/fake_tensor.py:3212] [0/0]   File \"/usr/local/lib/python3.12/dist-packages/torch/_tensor.py\", line 564, in __repr__\n"}
,{"stream_name":"stderr","time":62.383956826,"data":"E0913 05:19:22.708000 15 torch/_subclasses/fake_tensor.py:3212] [0/0]     return torch._tensor_str._str(self, tensor_contents=tensor_contents)\n"}
,{"stream_name":"stderr","time":62.383960709,"data":"E0913 05:19:22.708000 15 torch/_subclasses/fake_tensor.py:3212] [0/0]            ^^^^^^^^^^^^^^^^^^^^^^^^^^^^^^^^^^^^^^^^^^^^^^^^^^^^^^^^^^^^^\n"}
,{"stream_name":"stderr","time":62.383963370000004,"data":"E0913 05:19:22.708000 15 torch/_subclasses/fake_tensor.py:3212] [0/0]   File \"/usr/local/lib/python3.12/dist-packages/torch/_tensor_str.py\", line 715, in _str\n"}
,{"stream_name":"stderr","time":62.383966289,"data":"E0913 05:19:22.708000 15 torch/_subclasses/fake_tensor.py:3212] [0/0]     return _str_intern(self, tensor_contents=tensor_contents)\n"}
,{"stream_name":"stderr","time":62.383983122,"data":"E0913 05:19:22.708000 15 torch/_subclasses/fake_tensor.py:3212] [0/0]            ^^^^^^^^^^^^^^^^^^^^^^^^^^^^^^^^^^^^^^^^^^^^^^^^^^\n"}
,{"stream_name":"stderr","time":62.383985908,"data":"E0913 05:19:22.708000 15 torch/_subclasses/fake_tensor.py:3212] [0/0]   File \"/usr/local/lib/python3.12/dist-packages/torch/_tensor_str.py\", line 427, in _str_intern\n"}
,{"stream_name":"stderr","time":62.38398859,"data":"E0913 05:19:22.708000 15 torch/_subclasses/fake_tensor.py:3212] [0/0]     self, tangent = torch.autograd.forward_ad.unpack_dual(inp)\n"}
,{"stream_name":"stderr","time":62.383991098,"data":"E0913 05:19:22.708000 15 torch/_subclasses/fake_tensor.py:3212] [0/0]                     ^^^^^^^^^^^^^^^^^^^^^^^^^^^^^^^^^^^^^^^^^^\n"}
,{"stream_name":"stderr","time":62.383993698,"data":"E0913 05:19:22.708000 15 torch/_subclasses/fake_tensor.py:3212] [0/0]   File \"/usr/local/lib/python3.12/dist-packages/torch/autograd/forward_ad.py\", line 180, in unpack_dual\n"}
,{"stream_name":"stderr","time":62.38399637,"data":"E0913 05:19:22.708000 15 torch/_subclasses/fake_tensor.py:3212] [0/0]     primal, dual = _predispatch_unpack_dual(tensor, level=level)\n"}
,{"stream_name":"stderr","time":62.383998878,"data":"E0913 05:19:22.708000 15 torch/_subclasses/fake_tensor.py:3212] [0/0]                    ^^^^^^^^^^^^^^^^^^^^^^^^^^^^^^^^^^^^^^^^^^^^^\n"}
,{"stream_name":"stderr","time":62.384001651,"data":"E0913 05:19:22.708000 15 torch/_subclasses/fake_tensor.py:3212] [0/0]   File \"/usr/local/lib/python3.12/dist-packages/torch/_functorch/predispatch.py\", line 218, in _unpack_dual\n"}
,{"stream_name":"stderr","time":62.384004369,"data":"E0913 05:19:22.708000 15 torch/_subclasses/fake_tensor.py:3212] [0/0]     return _unpack_dual_impl(tensor, level=level)\n"}
,{"stream_name":"stderr","time":62.384006915,"data":"E0913 05:19:22.708000 15 torch/_subclasses/fake_tensor.py:3212] [0/0]            ^^^^^^^^^^^^^^^^^^^^^^^^^^^^^^^^^^^^^^\n"}
,{"stream_name":"stderr","time":62.384011064,"data":"E0913 05:19:22.708000 15 torch/_subclasses/fake_tensor.py:3212] [0/0] RuntimeError: InferenceMode::is_enabled() \u0026\u0026 self.is_inference() INTERNAL ASSERT FAILED at \"/__w/pytorch/pytorch/aten/src/ATen/native/VariableMethodStubs.cpp\":66, please report a bug to PyTorch. Expected this method to only be reached in inference mode and when all the inputs are inference tensors. You should NOT call this method directly as native::_fw_primal. Please use the dispatcher, i.e., at::_fw_primal. Please file an issue if you come across this error otherwise.\n"}
,{"stream_name":"stderr","time":62.507965194,"data":"E0913 05:19:22.832000 15 torch/_subclasses/fake_tensor.py:3212] [0/0] failed while attempting to run meta for aten.lerp_.Tensor\n"}
,{"stream_name":"stderr","time":62.508003303,"data":"E0913 05:19:22.832000 15 torch/_subclasses/fake_tensor.py:3212] [0/0] Traceback (most recent call last):\n"}
,{"stream_name":"stderr","time":62.508008635,"data":"E0913 05:19:22.832000 15 torch/_subclasses/fake_tensor.py:3212] [0/0]   File \"/usr/local/lib/python3.12/dist-packages/torch/_subclasses/fake_tensor.py\", line 3208, in _dispatch_impl\n"}
,{"stream_name":"stderr","time":62.508020613,"data":"E0913 05:19:22.832000 15 torch/_subclasses/fake_tensor.py:3212] [0/0]     r = func(*args, **kwargs)\n"}
,{"stream_name":"stderr","time":62.508024949,"data":"E0913 05:19:22.832000 15 torch/_subclasses/fake_tensor.py:3212] [0/0]         ^^^^^^^^^^^^^^^^^^^^^\n"}
,{"stream_name":"stderr","time":62.508028683,"data":"E0913 05:19:22.832000 15 torch/_subclasses/fake_tensor.py:3212] [0/0]   File \"/usr/local/lib/python3.12/dist-packages/torch/_ops.py\", line 916, in __call__\n"}
,{"stream_name":"stderr","time":62.508048195,"data":"E0913 05:19:22.832000 15 torch/_subclasses/fake_tensor.py:3212] [0/0]     return self._op(*args, **kwargs)\n"}
,{"stream_name":"stderr","time":62.508052484,"data":"E0913 05:19:22.832000 15 torch/_subclasses/fake_tensor.py:3212] [0/0]            ^^^^^^^^^^^^^^^^^^^^^^^^^\n"}
,{"stream_name":"stderr","time":62.50805676,"data":"E0913 05:19:22.832000 15 torch/_subclasses/fake_tensor.py:3212] [0/0]   File \"/usr/local/lib/python3.12/dist-packages/torch/_meta_registrations.py\", line 9028, in _fn\n"}
,{"stream_name":"stderr","time":62.508059688,"data":"E0913 05:19:22.832000 15 torch/_subclasses/fake_tensor.py:3212] [0/0]     out = fn(self, *args, **kwargs)\n"}
,{"stream_name":"stderr","time":62.508066335,"data":"E0913 05:19:22.832000 15 torch/_subclasses/fake_tensor.py:3212] [0/0]           ^^^^^^^^^^^^^^^^^^^^^^^^^\n"}
,{"stream_name":"stderr","time":62.50806902,"data":"E0913 05:19:22.832000 15 torch/_subclasses/fake_tensor.py:3212] [0/0]   File \"/usr/local/lib/python3.12/dist-packages/torch/_ops.py\", line 1350, in __call__\n"}
,{"stream_name":"stderr","time":62.508071739,"data":"E0913 05:19:22.832000 15 torch/_subclasses/fake_tensor.py:3212] [0/0]     return self._op(*args, **kwargs)\n"}
,{"stream_name":"stderr","time":62.508074229,"data":"E0913 05:19:22.832000 15 torch/_subclasses/fake_tensor.py:3212] [0/0]            ^^^^^^^^^^^^^^^^^^^^^^^^^\n"}
,{"stream_name":"stderr","time":62.508076823,"data":"E0913 05:19:22.832000 15 torch/_subclasses/fake_tensor.py:3212] [0/0]   File \"/usr/local/lib/python3.12/dist-packages/torch/_tensor.py\", line 564, in __repr__\n"}
,{"stream_name":"stderr","time":62.508079547,"data":"E0913 05:19:22.832000 15 torch/_subclasses/fake_tensor.py:3212] [0/0]     return torch._tensor_str._str(self, tensor_contents=tensor_contents)\n"}
,{"stream_name":"stderr","time":62.508083886,"data":"E0913 05:19:22.832000 15 torch/_subclasses/fake_tensor.py:3212] [0/0]            ^^^^^^^^^^^^^^^^^^^^^^^^^^^^^^^^^^^^^^^^^^^^^^^^^^^^^^^^^^^^^\n"}
,{"stream_name":"stderr","time":62.508086702,"data":"E0913 05:19:22.832000 15 torch/_subclasses/fake_tensor.py:3212] [0/0]   File \"/usr/local/lib/python3.12/dist-packages/torch/_tensor_str.py\", line 715, in _str\n"}
,{"stream_name":"stderr","time":62.508089547,"data":"E0913 05:19:22.832000 15 torch/_subclasses/fake_tensor.py:3212] [0/0]     return _str_intern(self, tensor_contents=tensor_contents)\n"}
,{"stream_name":"stderr","time":62.508092127,"data":"E0913 05:19:22.832000 15 torch/_subclasses/fake_tensor.py:3212] [0/0]            ^^^^^^^^^^^^^^^^^^^^^^^^^^^^^^^^^^^^^^^^^^^^^^^^^^\n"}
,{"stream_name":"stderr","time":62.508094777,"data":"E0913 05:19:22.832000 15 torch/_subclasses/fake_tensor.py:3212] [0/0]   File \"/usr/local/lib/python3.12/dist-packages/torch/_tensor_str.py\", line 427, in _str_intern\n"}
,{"stream_name":"stderr","time":62.508097461,"data":"E0913 05:19:22.832000 15 torch/_subclasses/fake_tensor.py:3212] [0/0]     self, tangent = torch.autograd.forward_ad.unpack_dual(inp)\n"}
,{"stream_name":"stderr","time":62.508100011,"data":"E0913 05:19:22.832000 15 torch/_subclasses/fake_tensor.py:3212] [0/0]                     ^^^^^^^^^^^^^^^^^^^^^^^^^^^^^^^^^^^^^^^^^^\n"}
,{"stream_name":"stderr","time":62.508102835,"data":"E0913 05:19:22.832000 15 torch/_subclasses/fake_tensor.py:3212] [0/0]   File \"/usr/local/lib/python3.12/dist-packages/torch/autograd/forward_ad.py\", line 180, in unpack_dual\n"}
,{"stream_name":"stderr","time":62.508105505,"data":"E0913 05:19:22.832000 15 torch/_subclasses/fake_tensor.py:3212] [0/0]     primal, dual = _predispatch_unpack_dual(tensor, level=level)\n"}
,{"stream_name":"stderr","time":62.508108072,"data":"E0913 05:19:22.832000 15 torch/_subclasses/fake_tensor.py:3212] [0/0]                    ^^^^^^^^^^^^^^^^^^^^^^^^^^^^^^^^^^^^^^^^^^^^^\n"}
,{"stream_name":"stderr","time":62.508114565,"data":"E0913 05:19:22.832000 15 torch/_subclasses/fake_tensor.py:3212] [0/0]   File \"/usr/local/lib/python3.12/dist-packages/torch/_functorch/predispatch.py\", line 218, in _unpack_dual\n"}
,{"stream_name":"stderr","time":62.508117484,"data":"E0913 05:19:22.832000 15 torch/_subclasses/fake_tensor.py:3212] [0/0]     return _unpack_dual_impl(tensor, level=level)\n"}
,{"stream_name":"stderr","time":62.508120118,"data":"E0913 05:19:22.832000 15 torch/_subclasses/fake_tensor.py:3212] [0/0]            ^^^^^^^^^^^^^^^^^^^^^^^^^^^^^^^^^^^^^^\n"}
,{"stream_name":"stderr","time":62.50812374,"data":"E0913 05:19:22.832000 15 torch/_subclasses/fake_tensor.py:3212] [0/0] RuntimeError: InferenceMode::is_enabled() \u0026\u0026 self.is_inference() INTERNAL ASSERT FAILED at \"/__w/pytorch/pytorch/aten/src/ATen/native/VariableMethodStubs.cpp\":66, please report a bug to PyTorch. Expected this method to only be reached in inference mode and when all the inputs are inference tensors. You should NOT call this method directly as native::_fw_primal. Please use the dispatcher, i.e., at::_fw_primal. Please file an issue if you come across this error otherwise.\n"}
,{"stream_name":"stderr","time":62.627776474,"data":"E0913 05:19:22.952000 15 torch/_subclasses/fake_tensor.py:3212] [0/0] failed while attempting to run meta for aten.lerp_.Tensor\n"}
,{"stream_name":"stderr","time":62.627810129,"data":"E0913 05:19:22.952000 15 torch/_subclasses/fake_tensor.py:3212] [0/0] Traceback (most recent call last):\n"}
,{"stream_name":"stderr","time":62.627814103,"data":"E0913 05:19:22.952000 15 torch/_subclasses/fake_tensor.py:3212] [0/0]   File \"/usr/local/lib/python3.12/dist-packages/torch/_subclasses/fake_tensor.py\", line 3208, in _dispatch_impl\n"}
,{"stream_name":"stderr","time":62.627817186,"data":"E0913 05:19:22.952000 15 torch/_subclasses/fake_tensor.py:3212] [0/0]     r = func(*args, **kwargs)\n"}
,{"stream_name":"stderr","time":62.627820365,"data":"E0913 05:19:22.952000 15 torch/_subclasses/fake_tensor.py:3212] [0/0]         ^^^^^^^^^^^^^^^^^^^^^\n"}
,{"stream_name":"stderr","time":62.627823055,"data":"E0913 05:19:22.952000 15 torch/_subclasses/fake_tensor.py:3212] [0/0]   File \"/usr/local/lib/python3.12/dist-packages/torch/_ops.py\", line 916, in __call__\n"}
,{"stream_name":"stderr","time":62.627825856,"data":"E0913 05:19:22.952000 15 torch/_subclasses/fake_tensor.py:3212] [0/0]     return self._op(*args, **kwargs)\n"}
,{"stream_name":"stderr","time":62.62782873,"data":"E0913 05:19:22.952000 15 torch/_subclasses/fake_tensor.py:3212] [0/0]            ^^^^^^^^^^^^^^^^^^^^^^^^^\n"}
,{"stream_name":"stderr","time":62.627831297,"data":"E0913 05:19:22.952000 15 torch/_subclasses/fake_tensor.py:3212] [0/0]   File \"/usr/local/lib/python3.12/dist-packages/torch/_meta_registrations.py\", line 9028, in _fn\n"}
,{"stream_name":"stderr","time":62.627834013,"data":"E0913 05:19:22.952000 15 torch/_subclasses/fake_tensor.py:3212] [0/0]     out = fn(self, *args, **kwargs)\n"}
,{"stream_name":"stderr","time":62.627836506,"data":"E0913 05:19:22.952000 15 torch/_subclasses/fake_tensor.py:3212] [0/0]           ^^^^^^^^^^^^^^^^^^^^^^^^^\n"}
,{"stream_name":"stderr","time":62.627839117,"data":"E0913 05:19:22.952000 15 torch/_subclasses/fake_tensor.py:3212] [0/0]   File \"/usr/local/lib/python3.12/dist-packages/torch/_ops.py\", line 1350, in __call__\n"}
,{"stream_name":"stderr","time":62.62784188,"data":"E0913 05:19:22.952000 15 torch/_subclasses/fake_tensor.py:3212] [0/0]     return self._op(*args, **kwargs)\n"}
,{"stream_name":"stderr","time":62.627844401,"data":"E0913 05:19:22.952000 15 torch/_subclasses/fake_tensor.py:3212] [0/0]            ^^^^^^^^^^^^^^^^^^^^^^^^^\n"}
,{"stream_name":"stderr","time":62.627846997,"data":"E0913 05:19:22.952000 15 torch/_subclasses/fake_tensor.py:3212] [0/0]   File \"/usr/local/lib/python3.12/dist-packages/torch/_tensor.py\", line 564, in __repr__\n"}
,{"stream_name":"stderr","time":62.627870165,"data":"E0913 05:19:22.952000 15 torch/_subclasses/fake_tensor.py:3212] [0/0]     return torch._tensor_str._str(self, tensor_contents=tensor_contents)\n"}
,{"stream_name":"stderr","time":62.62787435,"data":"E0913 05:19:22.952000 15 torch/_subclasses/fake_tensor.py:3212] [0/0]            ^^^^^^^^^^^^^^^^^^^^^^^^^^^^^^^^^^^^^^^^^^^^^^^^^^^^^^^^^^^^^\n"}
,{"stream_name":"stderr","time":62.627877084,"data":"E0913 05:19:22.952000 15 torch/_subclasses/fake_tensor.py:3212] [0/0]   File \"/usr/local/lib/python3.12/dist-packages/torch/_tensor_str.py\", line 715, in _str\n"}
,{"stream_name":"stderr","time":62.627879861,"data":"E0913 05:19:22.952000 15 torch/_subclasses/fake_tensor.py:3212] [0/0]     return _str_intern(self, tensor_contents=tensor_contents)\n"}
,{"stream_name":"stderr","time":62.627882482,"data":"E0913 05:19:22.952000 15 torch/_subclasses/fake_tensor.py:3212] [0/0]            ^^^^^^^^^^^^^^^^^^^^^^^^^^^^^^^^^^^^^^^^^^^^^^^^^^\n"}
,{"stream_name":"stderr","time":62.627885101,"data":"E0913 05:19:22.952000 15 torch/_subclasses/fake_tensor.py:3212] [0/0]   File \"/usr/local/lib/python3.12/dist-packages/torch/_tensor_str.py\", line 427, in _str_intern\n"}
,{"stream_name":"stderr","time":62.627887859,"data":"E0913 05:19:22.952000 15 torch/_subclasses/fake_tensor.py:3212] [0/0]     self, tangent = torch.autograd.forward_ad.unpack_dual(inp)\n"}
,{"stream_name":"stderr","time":62.627891069,"data":"E0913 05:19:22.952000 15 torch/_subclasses/fake_tensor.py:3212] [0/0]                     ^^^^^^^^^^^^^^^^^^^^^^^^^^^^^^^^^^^^^^^^^^\n"}
,{"stream_name":"stderr","time":62.627893685,"data":"E0913 05:19:22.952000 15 torch/_subclasses/fake_tensor.py:3212] [0/0]   File \"/usr/local/lib/python3.12/dist-packages/torch/autograd/forward_ad.py\", line 180, in unpack_dual\n"}
,{"stream_name":"stderr","time":62.627896455,"data":"E0913 05:19:22.952000 15 torch/_subclasses/fake_tensor.py:3212] [0/0]     primal, dual = _predispatch_unpack_dual(tensor, level=level)\n"}
,{"stream_name":"stderr","time":62.627899132,"data":"E0913 05:19:22.952000 15 torch/_subclasses/fake_tensor.py:3212] [0/0]                    ^^^^^^^^^^^^^^^^^^^^^^^^^^^^^^^^^^^^^^^^^^^^^\n"}
,{"stream_name":"stderr","time":62.627901698,"data":"E0913 05:19:22.952000 15 torch/_subclasses/fake_tensor.py:3212] [0/0]   File \"/usr/local/lib/python3.12/dist-packages/torch/_functorch/predispatch.py\", line 218, in _unpack_dual\n"}
,{"stream_name":"stderr","time":62.627904412,"data":"E0913 05:19:22.952000 15 torch/_subclasses/fake_tensor.py:3212] [0/0]     return _unpack_dual_impl(tensor, level=level)\n"}
,{"stream_name":"stderr","time":62.627907013,"data":"E0913 05:19:22.952000 15 torch/_subclasses/fake_tensor.py:3212] [0/0]            ^^^^^^^^^^^^^^^^^^^^^^^^^^^^^^^^^^^^^^\n"}
,{"stream_name":"stderr","time":62.627909979,"data":"E0913 05:19:22.952000 15 torch/_subclasses/fake_tensor.py:3212] [0/0] RuntimeError: InferenceMode::is_enabled() \u0026\u0026 self.is_inference() INTERNAL ASSERT FAILED at \"/__w/pytorch/pytorch/aten/src/ATen/native/VariableMethodStubs.cpp\":66, please report a bug to PyTorch. Expected this method to only be reached in inference mode and when all the inputs are inference tensors. You should NOT call this method directly as native::_fw_primal. Please use the dispatcher, i.e., at::_fw_primal. Please file an issue if you come across this error otherwise.\n"}
,{"stream_name":"stderr","time":62.753668717,"data":"E0913 05:19:23.077000 15 torch/_subclasses/fake_tensor.py:3212] [0/0] failed while attempting to run meta for aten.lerp_.Tensor\n"}
,{"stream_name":"stderr","time":62.753706195,"data":"E0913 05:19:23.077000 15 torch/_subclasses/fake_tensor.py:3212] [0/0] Traceback (most recent call last):\n"}
,{"stream_name":"stderr","time":62.753726218,"data":"E0913 05:19:23.077000 15 torch/_subclasses/fake_tensor.py:3212] [0/0]   File \"/usr/local/lib/python3.12/dist-packages/torch/_subclasses/fake_tensor.py\", line 3208, in _dispatch_impl\n"}
,{"stream_name":"stderr","time":62.753730087,"data":"E0913 05:19:23.077000 15 torch/_subclasses/fake_tensor.py:3212] [0/0]     r = func(*args, **kwargs)\n"}
,{"stream_name":"stderr","time":62.753861167,"data":"E0913 05:19:23.077000 15 torch/_subclasses/fake_tensor.py:3212] [0/0]         ^^^^^^^^^^^^^^^^^^^^^\n"}
,{"stream_name":"stderr","time":62.753870721,"data":"E0913 05:19:23.077000 15 torch/_subclasses/fake_tensor.py:3212] [0/0]   File \"/usr/local/lib/python3.12/dist-packages/torch/_ops.py\", line 916, in __call__\n"}
,{"stream_name":"stderr","time":62.753874403,"data":"E0913 05:19:23.077000 15 torch/_subclasses/fake_tensor.py:3212] [0/0]     return self._op(*args, **kwargs)\n"}
,{"stream_name":"stderr","time":62.753877502,"data":"E0913 05:19:23.077000 15 torch/_subclasses/fake_tensor.py:3212] [0/0]            ^^^^^^^^^^^^^^^^^^^^^^^^^\n"}
,{"stream_name":"stderr","time":62.753880475,"data":"E0913 05:19:23.077000 15 torch/_subclasses/fake_tensor.py:3212] [0/0]   File \"/usr/local/lib/python3.12/dist-packages/torch/_meta_registrations.py\", line 9028, in _fn\n"}
,{"stream_name":"stderr","time":62.75388384,"data":"E0913 05:19:23.077000 15 torch/_subclasses/fake_tensor.py:3212] [0/0]     out = fn(self, *args, **kwargs)\n"}
,{"stream_name":"stderr","time":62.753886445,"data":"E0913 05:19:23.077000 15 torch/_subclasses/fake_tensor.py:3212] [0/0]           ^^^^^^^^^^^^^^^^^^^^^^^^^\n"}
,{"stream_name":"stderr","time":62.75388909,"data":"E0913 05:19:23.077000 15 torch/_subclasses/fake_tensor.py:3212] [0/0]   File \"/usr/local/lib/python3.12/dist-packages/torch/_ops.py\", line 1350, in __call__\n"}
,{"stream_name":"stderr","time":62.753891846,"data":"E0913 05:19:23.077000 15 torch/_subclasses/fake_tensor.py:3212] [0/0]     return self._op(*args, **kwargs)\n"}
,{"stream_name":"stderr","time":62.753894619,"data":"E0913 05:19:23.077000 15 torch/_subclasses/fake_tensor.py:3212] [0/0]            ^^^^^^^^^^^^^^^^^^^^^^^^^\n"}
,{"stream_name":"stderr","time":62.753897182,"data":"E0913 05:19:23.077000 15 torch/_subclasses/fake_tensor.py:3212] [0/0]   File \"/usr/local/lib/python3.12/dist-packages/torch/_tensor.py\", line 564, in __repr__\n"}
,{"stream_name":"stderr","time":62.753900169,"data":"E0913 05:19:23.077000 15 torch/_subclasses/fake_tensor.py:3212] [0/0]     return torch._tensor_str._str(self, tensor_contents=tensor_contents)\n"}
,{"stream_name":"stderr","time":62.753906614,"data":"E0913 05:19:23.077000 15 torch/_subclasses/fake_tensor.py:3212] [0/0]            ^^^^^^^^^^^^^^^^^^^^^^^^^^^^^^^^^^^^^^^^^^^^^^^^^^^^^^^^^^^^^\n"}
,{"stream_name":"stderr","time":62.753909584,"data":"E0913 05:19:23.077000 15 torch/_subclasses/fake_tensor.py:3212] [0/0]   File \"/usr/local/lib/python3.12/dist-packages/torch/_tensor_str.py\", line 715, in _str\n"}
,{"stream_name":"stderr","time":62.753912613,"data":"E0913 05:19:23.077000 15 torch/_subclasses/fake_tensor.py:3212] [0/0]     return _str_intern(self, tensor_contents=tensor_contents)\n"}
,{"stream_name":"stderr","time":62.753915256,"data":"E0913 05:19:23.077000 15 torch/_subclasses/fake_tensor.py:3212] [0/0]            ^^^^^^^^^^^^^^^^^^^^^^^^^^^^^^^^^^^^^^^^^^^^^^^^^^\n"}
,{"stream_name":"stderr","time":62.7539245,"data":"E0913 05:19:23.077000 15 torch/_subclasses/fake_tensor.py:3212] [0/0]   File \"/usr/local/lib/python3.12/dist-packages/torch/_tensor_str.py\", line 427, in _str_intern\n"}
,{"stream_name":"stderr","time":62.753927645,"data":"E0913 05:19:23.077000 15 torch/_subclasses/fake_tensor.py:3212] [0/0]     self, tangent = torch.autograd.forward_ad.unpack_dual(inp)\n"}
,{"stream_name":"stderr","time":62.753939978,"data":"E0913 05:19:23.077000 15 torch/_subclasses/fake_tensor.py:3212] [0/0]                     ^^^^^^^^^^^^^^^^^^^^^^^^^^^^^^^^^^^^^^^^^^\n"}
,{"stream_name":"stderr","time":62.753942881,"data":"E0913 05:19:23.077000 15 torch/_subclasses/fake_tensor.py:3212] [0/0]   File \"/usr/local/lib/python3.12/dist-packages/torch/autograd/forward_ad.py\", line 180, in unpack_dual\n"}
,{"stream_name":"stderr","time":62.753945646,"data":"E0913 05:19:23.077000 15 torch/_subclasses/fake_tensor.py:3212] [0/0]     primal, dual = _predispatch_unpack_dual(tensor, level=level)\n"}
,{"stream_name":"stderr","time":62.753948566,"data":"E0913 05:19:23.077000 15 torch/_subclasses/fake_tensor.py:3212] [0/0]                    ^^^^^^^^^^^^^^^^^^^^^^^^^^^^^^^^^^^^^^^^^^^^^\n"}
,{"stream_name":"stderr","time":62.753951386,"data":"E0913 05:19:23.077000 15 torch/_subclasses/fake_tensor.py:3212] [0/0]   File \"/usr/local/lib/python3.12/dist-packages/torch/_functorch/predispatch.py\", line 218, in _unpack_dual\n"}
,{"stream_name":"stderr","time":62.753954473,"data":"E0913 05:19:23.077000 15 torch/_subclasses/fake_tensor.py:3212] [0/0]     return _unpack_dual_impl(tensor, level=level)\n"}
,{"stream_name":"stderr","time":62.753957075,"data":"E0913 05:19:23.077000 15 torch/_subclasses/fake_tensor.py:3212] [0/0]            ^^^^^^^^^^^^^^^^^^^^^^^^^^^^^^^^^^^^^^\n"}
,{"stream_name":"stderr","time":62.75396104,"data":"E0913 05:19:23.077000 15 torch/_subclasses/fake_tensor.py:3212] [0/0] RuntimeError: InferenceMode::is_enabled() \u0026\u0026 self.is_inference() INTERNAL ASSERT FAILED at \"/__w/pytorch/pytorch/aten/src/ATen/native/VariableMethodStubs.cpp\":66, please report a bug to PyTorch. Expected this method to only be reached in inference mode and when all the inputs are inference tensors. You should NOT call this method directly as native::_fw_primal. Please use the dispatcher, i.e., at::_fw_primal. Please file an issue if you come across this error otherwise.\n"}
,{"stream_name":"stdout","time":79.08394223,"data":"torch 2.14.0+cpu\n"}
,{"stream_name":"stdout","time":79.083987262,"data":"[addr] eager=raise INTERNAL ASSERT _make_dual | aot_eager=raise INTERNAL ASSERT _make_dual | inductor=raise INTERNAL ASSERT _make_dual\n"}
,{"stream_name":"stdout","time":79.083994338,"data":"[addr(beta=0.5, alpha=2)] eager=raise INTERNAL ASSERT _make_dual | aot_eager=raise INTERNAL ASSERT _make_dual | inductor=raise INTERNAL ASSERT _make_dual\n"}
,{"stream_name":"stdout","time":79.083998359,"data":"[quantile q=0.5] eager=raise INTERNAL ASSERT _make_dual | aot_eager=raise INTERNAL ASSERT _make_dual | inductor=raise INTERNAL ASSERT _make_dual\n"}
,{"stream_name":"stdout","time":79.084001822,"data":"[quantile q=0.3 dim=1] eager=raise INTERNAL ASSERT _make_dual | aot_eager=raise INTERNAL ASSERT _make_dual | inductor=raise INTERNAL ASSERT _make_dual\n"}
,{"stream_name":"stdout","time":79.084005449,"data":"[quantile q tensor] eager=raise INTERNAL ASSERT _make_dual | aot_eager=raise INTERNAL ASSERT _make_dual | inductor=raise INTERNAL ASSERT _make_dual\n"}
,{"stream_name":"stdout","time":79.084008908,"data":"[nanquantile q=0.5] eager=raise INTERNAL ASSERT _make_dual | aot_eager=raise INTERNAL ASSERT _make_dual | inductor=raise INTERNAL ASSERT _make_dual\n"}
,{"stream_name":"stdout","time":79.084012318,"data":"[median dim] eager=ok(0e+00) | aot_eager=ok(0e+00) | inductor=ok(0e+00)\n"}
,{"stream_name":"stdout","time":79.084015951,"data":"[kthvalue] eager=ok(0e+00) | aot_eager=ok(0e+00) | inductor=ok(0e+00)\n"}
,{"stream_name":"stdout","time":79.084020194,"data":"[sort values] eager=ok(0e+00) | aot_eager=ok(0e+00) | inductor=ok(0e+00)\n"}
,{"stream_name":"stdout","time":89.694123433,"data":"   ━━━━━━━━━━━━━━━━━━━━━━━━━━━━━━━━━━━━━━━━ 198.2/198.2 MB 8.3 MB/s eta 0:00:00\n"}
,{"stream_name":"stderr","time":112.654181224,"data":"ERROR: pip's dependency resolver does not currently take into account all the packages that are installed. This behaviour is the source of the following dependency conflicts.\n"}
,{"stream_name":"stderr","time":112.654226069,"data":"torchaudio 2.10.0+cpu requires torch==2.10.0, but you have torch 2.15.0.dev20260912+cpu which is incompatible.\n"}
,{"stream_name":"stderr","time":112.654231872,"data":"torchvision 0.25.0+cpu requires torch==2.10.0, but you have torch 2.15.0.dev20260912+cpu which is incompatible.\n"}
,{"stream_name":"stderr","time":114.808112365,"data":"/usr/local/lib/python3.12/dist-packages/torch/jit/_script.py:1491: FutureWarning: `torch.jit.script` is deprecated. Please switch to `torch.compile` or `torch.export`.\n"}
,{"stream_name":"stderr","time":114.808153299,"data":"  warnings.warn(\n"}
,{"stream_name":"stderr","time":118.955118387,"data":"E0913 05:20:19.275000 51 torch/_subclasses/fake_tensor.py:3227] [0/0] failed while attempting to run meta for aten.lerp_.Tensor\n"}
,{"stream_name":"stderr","time":118.95516191,"data":"E0913 05:20:19.275000 51 torch/_subclasses/fake_tensor.py:3227] [0/0] Traceback (most recent call last):\n"}
,{"stream_name":"stderr","time":118.955168212,"data":"E0913 05:20:19.275000 51 torch/_subclasses/fake_tensor.py:3227] [0/0]   File \"/usr/local/lib/python3.12/dist-packages/torch/_subclasses/fake_tensor.py\", line 3223, in _dispatch_impl\n"}
,{"stream_name":"stderr","time":118.955174144,"data":"E0913 05:20:19.275000 51 torch/_subclasses/fake_tensor.py:3227] [0/0]     r = func(*args, **kwargs)\n"}
,{"stream_name":"stderr","time":118.955179094,"data":"E0913 05:20:19.275000 51 torch/_subclasses/fake_tensor.py:3227] [0/0]         ^^^^^^^^^^^^^^^^^^^^^\n"}
,{"stream_name":"stderr","time":118.955183695,"data":"E0913 05:20:19.275000 51 torch/_subclasses/fake_tensor.py:3227] [0/0]   File \"/usr/local/lib/python3.12/dist-packages/torch/_ops.py\", line 916, in __call__\n"}
,{"stream_name":"stderr","time":118.955189055,"data":"E0913 05:20:19.275000 51 torch/_subclasses/fake_tensor.py:3227] [0/0]     return self._op(*args, **kwargs)\n"}
,{"stream_name":"stderr","time":118.955194,"data":"E0913 05:20:19.275000 51 torch/_subclasses/fake_tensor.py:3227] [0/0]            ^^^^^^^^^^^^^^^^^^^^^^^^^\n"}
,{"stream_name":"stderr","time":118.955198484,"data":"E0913 05:20:19.275000 51 torch/_subclasses/fake_tensor.py:3227] [0/0]   File \"/usr/local/lib/python3.12/dist-packages/torch/_meta_registrations.py\", line 9227, in _fn\n"}
,{"stream_name":"stderr","time":118.955203265,"data":"E0913 05:20:19.275000 51 torch/_subclasses/fake_tensor.py:3227] [0/0]     out = fn(self, *args, **kwargs)\n"}
,{"stream_name":"stderr","time":118.955207272,"data":"E0913 05:20:19.275000 51 torch/_subclasses/fake_tensor.py:3227] [0/0]           ^^^^^^^^^^^^^^^^^^^^^^^^^\n"}
,{"stream_name":"stderr","time":118.955211811,"data":"E0913 05:20:19.275000 51 torch/_subclasses/fake_tensor.py:3227] [0/0]   File \"/usr/local/lib/python3.12/dist-packages/torch/_ops.py\", line 1350, in __call__\n"}
,{"stream_name":"stderr","time":118.955216417,"data":"E0913 05:20:19.275000 51 torch/_subclasses/fake_tensor.py:3227] [0/0]     return self._op(*args, **kwargs)\n"}
,{"stream_name":"stderr","time":118.955220423,"data":"E0913 05:20:19.275000 51 torch/_subclasses/fake_tensor.py:3227] [0/0]            ^^^^^^^^^^^^^^^^^^^^^^^^^\n"}
,{"stream_name":"stderr","time":118.955224679,"data":"E0913 05:20:19.275000 51 torch/_subclasses/fake_tensor.py:3227] [0/0]   File \"/usr/local/lib/python3.12/dist-packages/torch/_tensor.py\", line 564, in __repr__\n"}
,{"stream_name":"stderr","time":118.95522971,"data":"E0913 05:20:19.275000 51 torch/_subclasses/fake_tensor.py:3227] [0/0]     return torch._tensor_str._str(self, tensor_contents=tensor_contents)\n"}
,{"stream_name":"stderr","time":118.955249975,"data":"E0913 05:20:19.275000 51 torch/_subclasses/fake_tensor.py:3227] [0/0]            ^^^^^^^^^^^^^^^^^^^^^^^^^^^^^^^^^^^^^^^^^^^^^^^^^^^^^^^^^^^^^\n"}
,{"stream_name":"stderr","time":118.95525383,"data":"E0913 05:20:19.275000 51 torch/_subclasses/fake_tensor.py:3227] [0/0]   File \"/usr/local/lib/python3.12/dist-packages/torch/_tensor_str.py\", line 715, in _str\n"}
,{"stream_name":"stderr","time":118.955257703,"data":"E0913 05:20:19.275000 51 torch/_subclasses/fake_tensor.py:3227] [0/0]     return _str_intern(self, tensor_contents=tensor_contents)\n"}
,{"stream_name":"stderr","time":118.9552614,"data":"E0913 05:20:19.275000 51 torch/_subclasses/fake_tensor.py:3227] [0/0]            ^^^^^^^^^^^^^^^^^^^^^^^^^^^^^^^^^^^^^^^^^^^^^^^^^^\n"}
,{"stream_name":"stderr","time":118.955265087,"data":"E0913 05:20:19.275000 51 torch/_subclasses/fake_tensor.py:3227] [0/0]   File \"/usr/local/lib/python3.12/dist-packages/torch/_tensor_str.py\", line 427, in _str_intern\n"}
,{"stream_name":"stderr","time":118.955268936,"data":"E0913 05:20:19.275000 51 torch/_subclasses/fake_tensor.py:3227] [0/0]     self, tangent = torch.autograd.forward_ad.unpack_dual(inp)\n"}
,{"stream_name":"stderr","time":118.955272325,"data":"E0913 05:20:19.275000 51 torch/_subclasses/fake_tensor.py:3227] [0/0]                     ^^^^^^^^^^^^^^^^^^^^^^^^^^^^^^^^^^^^^^^^^^\n"}
,{"stream_name":"stderr","time":118.955275703,"data":"E0913 05:20:19.275000 51 torch/_subclasses/fake_tensor.py:3227] [0/0]   File \"/usr/local/lib/python3.12/dist-packages/torch/autograd/forward_ad.py\", line 180, in unpack_dual\n"}
,{"stream_name":"stderr","time":118.955279669,"data":"E0913 05:20:19.275000 51 torch/_subclasses/fake_tensor.py:3227] [0/0]     primal, dual = _predispatch_unpack_dual(tensor, level=level)\n"}
,{"stream_name":"stderr","time":118.955283311,"data":"E0913 05:20:19.275000 51 torch/_subclasses/fake_tensor.py:3227] [0/0]                    ^^^^^^^^^^^^^^^^^^^^^^^^^^^^^^^^^^^^^^^^^^^^^\n"}
,{"stream_name":"stderr","time":118.955286915,"data":"E0913 05:20:19.275000 51 torch/_subclasses/fake_tensor.py:3227] [0/0]   File \"/usr/local/lib/python3.12/dist-packages/torch/_functorch/predispatch.py\", line 212, in _unpack_dual\n"}
,{"stream_name":"stderr","time":118.955291074,"data":"E0913 05:20:19.275000 51 torch/_subclasses/fake_tensor.py:3227] [0/0]     return _unpack_dual_impl(tensor, level=level)\n"}
,{"stream_name":"stderr","time":118.955294627,"data":"E0913 05:20:19.275000 51 torch/_subclasses/fake_tensor.py:3227] [0/0]            ^^^^^^^^^^^^^^^^^^^^^^^^^^^^^^^^^^^^^^\n"}
,{"stream_name":"stderr","time":118.955298735,"data":"E0913 05:20:19.275000 51 torch/_subclasses/fake_tensor.py:3227] [0/0] RuntimeError: InferenceMode::is_enabled() \u0026\u0026 self.is_inference() INTERNAL ASSERT FAILED at \"/__w/pytorch/pytorch/aten/src/ATen/native/VariableMethodStubs.cpp\":66, please report a bug to PyTorch. Expected this method to only be reached in inference mode and when all the inputs are inference tensors. You should NOT call this method directly as native::_fw_primal. Please use the dispatcher, i.e., at::_fw_primal. Please file an issue if you come across this error otherwise.\n"}
,{"stream_name":"stderr","time":119.085477109,"data":"E0913 05:20:19.409000 51 torch/_subclasses/fake_tensor.py:3227] [0/0] failed while attempting to run meta for aten.lerp_.Tensor\n"}
,{"stream_name":"stderr","time":119.085512592,"data":"E0913 05:20:19.409000 51 torch/_subclasses/fake_tensor.py:3227] [0/0] Traceback (most recent call last):\n"}
,{"stream_name":"stderr","time":119.085517484,"data":"E0913 05:20:19.409000 51 torch/_subclasses/fake_tensor.py:3227] [0/0]   File \"/usr/local/lib/python3.12/dist-packages/torch/_subclasses/fake_tensor.py\", line 3223, in _dispatch_impl\n"}
,{"stream_name":"stderr","time":119.085535878,"data":"E0913 05:20:19.409000 51 torch/_subclasses/fake_tensor.py:3227] [0/0]     r = func(*args, **kwargs)\n"}
,{"stream_name":"stderr","time":119.0855399,"data":"E0913 05:20:19.409000 51 torch/_subclasses/fake_tensor.py:3227] [0/0]         ^^^^^^^^^^^^^^^^^^^^^\n"}
,{"stream_name":"stderr","time":119.085543554,"data":"E0913 05:20:19.409000 51 torch/_subclasses/fake_tensor.py:3227] [0/0]   File \"/usr/local/lib/python3.12/dist-packages/torch/_ops.py\", line 916, in __call__\n"}
,{"stream_name":"stderr","time":119.085547184,"data":"E0913 05:20:19.409000 51 torch/_subclasses/fake_tensor.py:3227] [0/0]     return self._op(*args, **kwargs)\n"}
,{"stream_name":"stderr","time":119.085550639,"data":"E0913 05:20:19.409000 51 torch/_subclasses/fake_tensor.py:3227] [0/0]            ^^^^^^^^^^^^^^^^^^^^^^^^^\n"}
,{"stream_name":"stderr","time":119.085554406,"data":"E0913 05:20:19.409000 51 torch/_subclasses/fake_tensor.py:3227] [0/0]   File \"/usr/local/lib/python3.12/dist-packages/torch/_meta_registrations.py\", line 9227, in _fn\n"}
,{"stream_name":"stderr","time":119.085558445,"data":"E0913 05:20:19.409000 51 torch/_subclasses/fake_tensor.py:3227] [0/0]     out = fn(self, *args, **kwargs)\n"}
,{"stream_name":"stderr","time":119.085561932,"data":"E0913 05:20:19.409000 51 torch/_subclasses/fake_tensor.py:3227] [0/0]           ^^^^^^^^^^^^^^^^^^^^^^^^^\n"}
,{"stream_name":"stderr","time":119.085565677,"data":"E0913 05:20:19.409000 51 torch/_subclasses/fake_tensor.py:3227] [0/0]   File \"/usr/local/lib/python3.12/dist-packages/torch/_ops.py\", line 1350, in __call__\n"}
,{"stream_name":"stderr","time":119.085569534,"data":"E0913 05:20:19.409000 51 torch/_subclasses/fake_tensor.py:3227] [0/0]     return self._op(*args, **kwargs)\n"}
,{"stream_name":"stderr","time":119.085573129,"data":"E0913 05:20:19.409000 51 torch/_subclasses/fake_tensor.py:3227] [0/0]            ^^^^^^^^^^^^^^^^^^^^^^^^^\n"}
,{"stream_name":"stderr","time":119.085576705,"data":"E0913 05:20:19.409000 51 torch/_subclasses/fake_tensor.py:3227] [0/0]   File \"/usr/local/lib/python3.12/dist-packages/torch/_tensor.py\", line 564, in __repr__\n"}
,{"stream_name":"stderr","time":119.085580534,"data":"E0913 05:20:19.409000 51 torch/_subclasses/fake_tensor.py:3227] [0/0]     return torch._tensor_str._str(self, tensor_contents=tensor_contents)\n"}
,{"stream_name":"stderr","time":119.08558588,"data":"E0913 05:20:19.409000 51 torch/_subclasses/fake_tensor.py:3227] [0/0]            ^^^^^^^^^^^^^^^^^^^^^^^^^^^^^^^^^^^^^^^^^^^^^^^^^^^^^^^^^^^^^\n"}
,{"stream_name":"stderr","time":119.085589886,"data":"E0913 05:20:19.409000 51 torch/_subclasses/fake_tensor.py:3227] [0/0]   File \"/usr/local/lib/python3.12/dist-packages/torch/_tensor_str.py\", line 715, in _str\n"}
,{"stream_name":"stderr","time":119.085593557,"data":"E0913 05:20:19.409000 51 torch/_subclasses/fake_tensor.py:3227] [0/0]     return _str_intern(self, tensor_contents=tensor_contents)\n"}
,{"stream_name":"stderr","time":119.085597377,"data":"E0913 05:20:19.409000 51 torch/_subclasses/fake_tensor.py:3227] [0/0]            ^^^^^^^^^^^^^^^^^^^^^^^^^^^^^^^^^^^^^^^^^^^^^^^^^^\n"}
,{"stream_name":"stderr","time":119.085601132,"data":"E0913 05:20:19.409000 51 torch/_subclasses/fake_tensor.py:3227] [0/0]   File \"/usr/local/lib/python3.12/dist-packages/torch/_tensor_str.py\", line 427, in _str_intern\n"}
,{"stream_name":"stderr","time":119.085605268,"data":"E0913 05:20:19.409000 51 torch/_subclasses/fake_tensor.py:3227] [0/0]     self, tangent = torch.autograd.forward_ad.unpack_dual(inp)\n"}
,{"stream_name":"stderr","time":119.085608882,"data":"E0913 05:20:19.409000 51 torch/_subclasses/fake_tensor.py:3227] [0/0]                     ^^^^^^^^^^^^^^^^^^^^^^^^^^^^^^^^^^^^^^^^^^\n"}
,{"stream_name":"stderr","time":119.085612484,"data":"E0913 05:20:19.409000 51 torch/_subclasses/fake_tensor.py:3227] [0/0]   File \"/usr/local/lib/python3.12/dist-packages/torch/autograd/forward_ad.py\", line 180, in unpack_dual\n"}
,{"stream_name":"stderr","time":119.085620624,"data":"E0913 05:20:19.409000 51 torch/_subclasses/fake_tensor.py:3227] [0/0]     primal, dual = _predispatch_unpack_dual(tensor, level=level)\n"}
,{"stream_name":"stderr","time":119.08562432,"data":"E0913 05:20:19.409000 51 torch/_subclasses/fake_tensor.py:3227] [0/0]                    ^^^^^^^^^^^^^^^^^^^^^^^^^^^^^^^^^^^^^^^^^^^^^\n"}
,{"stream_name":"stderr","time":119.085627877,"data":"E0913 05:20:19.409000 51 torch/_subclasses/fake_tensor.py:3227] [0/0]   File \"/usr/local/lib/python3.12/dist-packages/torch/_functorch/predispatch.py\", line 212, in _unpack_dual\n"}
,{"stream_name":"stderr","time":119.085631953,"data":"E0913 05:20:19.409000 51 torch/_subclasses/fake_tensor.py:3227] [0/0]     return _unpack_dual_impl(tensor, level=level)\n"}
,{"stream_name":"stderr","time":119.085635604,"data":"E0913 05:20:19.409000 51 torch/_subclasses/fake_tensor.py:3227] [0/0]            ^^^^^^^^^^^^^^^^^^^^^^^^^^^^^^^^^^^^^^\n"}
,{"stream_name":"stderr","time":119.08564002,"data":"E0913 05:20:19.409000 51 torch/_subclasses/fake_tensor.py:3227] [0/0] RuntimeError: InferenceMode::is_enabled() \u0026\u0026 self.is_inference() INTERNAL ASSERT FAILED at \"/__w/pytorch/pytorch/aten/src/ATen/native/VariableMethodStubs.cpp\":66, please report a bug to PyTorch. Expected this method to only be reached in inference mode and when all the inputs are inference tensors. You should NOT call this method directly as native::_fw_primal. Please use the dispatcher, i.e., at::_fw_primal. Please file an issue if you come across this error otherwise.\n"}
,{"stream_name":"stderr","time":119.20964547,"data":"E0913 05:20:19.533000 51 torch/_subclasses/fake_tensor.py:3227] [0/0] failed while attempting to run meta for aten.lerp_.Tensor\n"}
,{"stream_name":"stderr","time":119.209682117,"data":"E0913 05:20:19.533000 51 torch/_subclasses/fake_tensor.py:3227] [0/0] Traceback (most recent call last):\n"}
,{"stream_name":"stderr","time":119.209687156,"data":"E0913 05:20:19.533000 51 torch/_subclasses/fake_tensor.py:3227] [0/0]   File \"/usr/local/lib/python3.12/dist-packages/torch/_subclasses/fake_tensor.py\", line 3223, in _dispatch_impl\n"}
,{"stream_name":"stderr","time":119.209692221,"data":"E0913 05:20:19.533000 51 torch/_subclasses/fake_tensor.py:3227] [0/0]     r = func(*args, **kwargs)\n"}
,{"stream_name":"stderr","time":119.209696185,"data":"E0913 05:20:19.533000 51 torch/_subclasses/fake_tensor.py:3227] [0/0]         ^^^^^^^^^^^^^^^^^^^^^\n"}
,{"stream_name":"stderr","time":119.209699994,"data":"E0913 05:20:19.533000 51 torch/_subclasses/fake_tensor.py:3227] [0/0]   File \"/usr/local/lib/python3.12/dist-packages/torch/_ops.py\", line 916, in __call__\n"}
,{"stream_name":"stderr","time":119.209704276,"data":"E0913 05:20:19.533000 51 torch/_subclasses/fake_tensor.py:3227] [0/0]     return self._op(*args, **kwargs)\n"}
,{"stream_name":"stderr","time":119.209708463,"data":"E0913 05:20:19.533000 51 torch/_subclasses/fake_tensor.py:3227] [0/0]            ^^^^^^^^^^^^^^^^^^^^^^^^^\n"}
,{"stream_name":"stderr","time":119.209712458,"data":"E0913 05:20:19.533000 51 torch/_subclasses/fake_tensor.py:3227] [0/0]   File \"/usr/local/lib/python3.12/dist-packages/torch/_meta_registrations.py\", line 9227, in _fn\n"}
,{"stream_name":"stderr","time":119.20971683,"data":"E0913 05:20:19.533000 51 torch/_subclasses/fake_tensor.py:3227] [0/0]     out = fn(self, *args, **kwargs)\n"}
,{"stream_name":"stderr","time":119.209720799,"data":"E0913 05:20:19.533000 51 torch/_subclasses/fake_tensor.py:3227] [0/0]           ^^^^^^^^^^^^^^^^^^^^^^^^^\n"}
,{"stream_name":"stderr","time":119.209724735,"data":"E0913 05:20:19.533000 51 torch/_subclasses/fake_tensor.py:3227] [0/0]   File \"/usr/local/lib/python3.12/dist-packages/torch/_ops.py\", line 1350, in __call__\n"}
,{"stream_name":"stderr","time":119.2097689,"data":"E0913 05:20:19.533000 51 torch/_subclasses/fake_tensor.py:3227] [0/0]     return self._op(*args, **kwargs)\n"}
,{"stream_name":"stderr","time":119.209777595,"data":"E0913 05:20:19.533000 51 torch/_subclasses/fake_tensor.py:3227] [0/0]            ^^^^^^^^^^^^^^^^^^^^^^^^^\n"}
,{"stream_name":"stderr","time":119.209781414,"data":"E0913 05:20:19.533000 51 torch/_subclasses/fake_tensor.py:3227] [0/0]   File \"/usr/local/lib/python3.12/dist-packages/torch/_tensor.py\", line 564, in __repr__\n"}
,{"stream_name":"stderr","time":119.209785246,"data":"E0913 05:20:19.533000 51 torch/_subclasses/fake_tensor.py:3227] [0/0]     return torch._tensor_str._str(self, tensor_contents=tensor_contents)\n"}
,{"stream_name":"stderr","time":119.209791822,"data":"E0913 05:20:19.533000 51 torch/_subclasses/fake_tensor.py:3227] [0/0]            ^^^^^^^^^^^^^^^^^^^^^^^^^^^^^^^^^^^^^^^^^^^^^^^^^^^^^^^^^^^^^\n"}
,{"stream_name":"stderr","time":119.209796029,"data":"E0913 05:20:19.533000 51 torch/_subclasses/fake_tensor.py:3227] [0/0]   File \"/usr/local/lib/python3.12/dist-packages/torch/_tensor_str.py\", line 715, in _str\n"}
,{"stream_name":"stderr","time":119.209800085,"data":"E0913 05:20:19.533000 51 torch/_subclasses/fake_tensor.py:3227] [0/0]     return _str_intern(self, tensor_contents=tensor_contents)\n"}
,{"stream_name":"stderr","time":119.209803981,"data":"E0913 05:20:19.533000 51 torch/_subclasses/fake_tensor.py:3227] [0/0]            ^^^^^^^^^^^^^^^^^^^^^^^^^^^^^^^^^^^^^^^^^^^^^^^^^^\n"}
,{"stream_name":"stderr","time":119.209807592,"data":"E0913 05:20:19.533000 51 torch/_subclasses/fake_tensor.py:3227] [0/0]   File \"/usr/local/lib/python3.12/dist-packages/torch/_tensor_str.py\", line 427, in _str_intern\n"}
,{"stream_name":"stderr","time":119.209811453,"data":"E0913 05:20:19.533000 51 torch/_subclasses/fake_tensor.py:3227] [0/0]     self, tangent = torch.autograd.forward_ad.unpack_dual(inp)\n"}
,{"stream_name":"stderr","time":119.209815114,"data":"E0913 05:20:19.533000 51 torch/_subclasses/fake_tensor.py:3227] [0/0]                     ^^^^^^^^^^^^^^^^^^^^^^^^^^^^^^^^^^^^^^^^^^\n"}
,{"stream_name":"stderr","time":119.209819002,"data":"E0913 05:20:19.533000 51 torch/_subclasses/fake_tensor.py:3227] [0/0]   File \"/usr/local/lib/python3.12/dist-packages/torch/autograd/forward_ad.py\", line 180, in unpack_dual\n"}
,{"stream_name":"stderr","time":119.209823047,"data":"E0913 05:20:19.533000 51 torch/_subclasses/fake_tensor.py:3227] [0/0]     primal, dual = _predispatch_unpack_dual(tensor, level=level)\n"}
,{"stream_name":"stderr","time":119.209826935,"data":"E0913 05:20:19.533000 51 torch/_subclasses/fake_tensor.py:3227] [0/0]                    ^^^^^^^^^^^^^^^^^^^^^^^^^^^^^^^^^^^^^^^^^^^^^\n"}
,{"stream_name":"stderr","time":119.209830879,"data":"E0913 05:20:19.533000 51 torch/_subclasses/fake_tensor.py:3227] [0/0]   File \"/usr/local/lib/python3.12/dist-packages/torch/_functorch/predispatch.py\", line 212, in _unpack_dual\n"}
,{"stream_name":"stderr","time":119.209834883,"data":"E0913 05:20:19.533000 51 torch/_subclasses/fake_tensor.py:3227] [0/0]     return _unpack_dual_impl(tensor, level=level)\n"}
,{"stream_name":"stderr","time":119.209838724,"data":"E0913 05:20:19.533000 51 torch/_subclasses/fake_tensor.py:3227] [0/0]            ^^^^^^^^^^^^^^^^^^^^^^^^^^^^^^^^^^^^^^\n"}
,{"stream_name":"stderr","time":119.209843057,"data":"E0913 05:20:19.533000 51 torch/_subclasses/fake_tensor.py:3227] [0/0] RuntimeError: InferenceMode::is_enabled() \u0026\u0026 self.is_inference() INTERNAL ASSERT FAILED at \"/__w/pytorch/pytorch/aten/src/ATen/native/VariableMethodStubs.cpp\":66, please report a bug to PyTorch. Expected this method to only be reached in inference mode and when all the inputs are inference tensors. You should NOT call this method directly as native::_fw_primal. Please use the dispatcher, i.e., at::_fw_primal. Please file an issue if you come across this error otherwise.\n"}
,{"stream_name":"stderr","time":119.336434349,"data":"E0913 05:20:19.660000 51 torch/_subclasses/fake_tensor.py:3227] [0/0] failed while attempting to run meta for aten.lerp_.Tensor\n"}
,{"stream_name":"stderr","time":119.336471155,"data":"E0913 05:20:19.660000 51 torch/_subclasses/fake_tensor.py:3227] [0/0] Traceback (most recent call last):\n"}
,{"stream_name":"stderr","time":119.336476834,"data":"E0913 05:20:19.660000 51 torch/_subclasses/fake_tensor.py:3227] [0/0]   File \"/usr/local/lib/python3.12/dist-packages/torch/_subclasses/fake_tensor.py\", line 3223, in _dispatch_impl\n"}
,{"stream_name":"stderr","time":119.33648137,"data":"E0913 05:20:19.660000 51 torch/_subclasses/fake_tensor.py:3227] [0/0]     r = func(*args, **kwargs)\n"}
,{"stream_name":"stderr","time":119.336485466,"data":"E0913 05:20:19.660000 51 torch/_subclasses/fake_tensor.py:3227] [0/0]         ^^^^^^^^^^^^^^^^^^^^^\n"}
,{"stream_name":"stderr","time":119.33648921,"data":"E0913 05:20:19.660000 51 torch/_subclasses/fake_tensor.py:3227] [0/0]   File \"/usr/local/lib/python3.12/dist-packages/torch/_ops.py\", line 916, in __call__\n"}
,{"stream_name":"stderr","time":119.336493298,"data":"E0913 05:20:19.660000 51 torch/_subclasses/fake_tensor.py:3227] [0/0]     return self._op(*args, **kwargs)\n"}
,{"stream_name":"stderr","time":119.336496971,"data":"E0913 05:20:19.660000 51 torch/_subclasses/fake_tensor.py:3227] [0/0]            ^^^^^^^^^^^^^^^^^^^^^^^^^\n"}
,{"stream_name":"stderr","time":119.336500523,"data":"E0913 05:20:19.660000 51 torch/_subclasses/fake_tensor.py:3227] [0/0]   File \"/usr/local/lib/python3.12/dist-packages/torch/_meta_registrations.py\", line 9227, in _fn\n"}
,{"stream_name":"stderr","time":119.336504269,"data":"E0913 05:20:19.660000 51 torch/_subclasses/fake_tensor.py:3227] [0/0]     out = fn(self, *args, **kwargs)\n"}
,{"stream_name":"stderr","time":119.336508031,"data":"E0913 05:20:19.660000 51 torch/_subclasses/fake_tensor.py:3227] [0/0]           ^^^^^^^^^^^^^^^^^^^^^^^^^\n"}
,{"stream_name":"stderr","time":119.336512352,"data":"E0913 05:20:19.660000 51 torch/_subclasses/fake_tensor.py:3227] [0/0]   File \"/usr/local/lib/python3.12/dist-packages/torch/_ops.py\", line 1350, in __call__\n"}
,{"stream_name":"stderr","time":119.336516643,"data":"E0913 05:20:19.660000 51 torch/_subclasses/fake_tensor.py:3227] [0/0]     return self._op(*args, **kwargs)\n"}
,{"stream_name":"stderr","time":119.336520763,"data":"E0913 05:20:19.660000 51 torch/_subclasses/fake_tensor.py:3227] [0/0]            ^^^^^^^^^^^^^^^^^^^^^^^^^\n"}
,{"stream_name":"stderr","time":119.33652429,"data":"E0913 05:20:19.660000 51 torch/_subclasses/fake_tensor.py:3227] [0/0]   File \"/usr/local/lib/python3.12/dist-packages/torch/_tensor.py\", line 564, in __repr__\n"}
,{"stream_name":"stderr","time":119.336528224,"data":"E0913 05:20:19.660000 51 torch/_subclasses/fake_tensor.py:3227] [0/0]     return torch._tensor_str._str(self, tensor_contents=tensor_contents)\n"}
,{"stream_name":"stderr","time":119.336533659,"data":"E0913 05:20:19.660000 51 torch/_subclasses/fake_tensor.py:3227] [0/0]            ^^^^^^^^^^^^^^^^^^^^^^^^^^^^^^^^^^^^^^^^^^^^^^^^^^^^^^^^^^^^^\n"}
,{"stream_name":"stderr","time":119.336537809,"data":"E0913 05:20:19.660000 51 torch/_subclasses/fake_tensor.py:3227] [0/0]   File \"/usr/local/lib/python3.12/dist-packages/torch/_tensor_str.py\", line 715, in _str\n"}
,{"stream_name":"stderr","time":119.3365419,"data":"E0913 05:20:19.660000 51 torch/_subclasses/fake_tensor.py:3227] [0/0]     return _str_intern(self, tensor_contents=tensor_contents)\n"}
,{"stream_name":"stderr","time":119.336545804,"data":"E0913 05:20:19.660000 51 torch/_subclasses/fake_tensor.py:3227] [0/0]            ^^^^^^^^^^^^^^^^^^^^^^^^^^^^^^^^^^^^^^^^^^^^^^^^^^\n"}
,{"stream_name":"stderr","time":119.336562956,"data":"E0913 05:20:19.660000 51 torch/_subclasses/fake_tensor.py:3227] [0/0]   File \"/usr/local/lib/python3.12/dist-packages/torch/_tensor_str.py\", line 427, in _str_intern\n"}
,{"stream_name":"stderr","time":119.336567203,"data":"E0913 05:20:19.660000 51 torch/_subclasses/fake_tensor.py:3227] [0/0]     self, tangent = torch.autograd.forward_ad.unpack_dual(inp)\n"}
,{"stream_name":"stderr","time":119.336570792,"data":"E0913 05:20:19.660000 51 torch/_subclasses/fake_tensor.py:3227] [0/0]                     ^^^^^^^^^^^^^^^^^^^^^^^^^^^^^^^^^^^^^^^^^^\n"}
,{"stream_name":"stderr","time":119.336574292,"data":"E0913 05:20:19.660000 51 torch/_subclasses/fake_tensor.py:3227] [0/0]   File \"/usr/local/lib/python3.12/dist-packages/torch/autograd/forward_ad.py\", line 180, in unpack_dual\n"}
,{"stream_name":"stderr","time":119.336578102,"data":"E0913 05:20:19.660000 51 torch/_subclasses/fake_tensor.py:3227] [0/0]     primal, dual = _predispatch_unpack_dual(tensor, level=level)\n"}
,{"stream_name":"stderr","time":119.336581885,"data":"E0913 05:20:19.660000 51 torch/_subclasses/fake_tensor.py:3227] [0/0]                    ^^^^^^^^^^^^^^^^^^^^^^^^^^^^^^^^^^^^^^^^^^^^^\n"}
,{"stream_name":"stderr","time":119.336585474,"data":"E0913 05:20:19.660000 51 torch/_subclasses/fake_tensor.py:3227] [0/0]   File \"/usr/local/lib/python3.12/dist-packages/torch/_functorch/predispatch.py\", line 212, in _unpack_dual\n"}
,{"stream_name":"stderr","time":119.336589566,"data":"E0913 05:20:19.660000 51 torch/_subclasses/fake_tensor.py:3227] [0/0]     return _unpack_dual_impl(tensor, level=level)\n"}
,{"stream_name":"stderr","time":119.336593469,"data":"E0913 05:20:19.660000 51 torch/_subclasses/fake_tensor.py:3227] [0/0]            ^^^^^^^^^^^^^^^^^^^^^^^^^^^^^^^^^^^^^^\n"}
,{"stream_name":"stderr","time":119.336597894,"data":"E0913 05:20:19.660000 51 torch/_subclasses/fake_tensor.py:3227] [0/0] RuntimeError: InferenceMode::is_enabled() \u0026\u0026 self.is_inference() INTERNAL ASSERT FAILED at \"/__w/pytorch/pytorch/aten/src/ATen/native/VariableMethodStubs.cpp\":66, please report a bug to PyTorch. Expected this method to only be reached in inference mode and when all the inputs are inference tensors. You should NOT call this method directly as native::_fw_primal. Please use the dispatcher, i.e., at::_fw_primal. Please file an issue if you come across this error otherwise.\n"}
,{"stream_name":"stderr","time":119.464245185,"data":"E0913 05:20:19.788000 51 torch/_subclasses/fake_tensor.py:3227] [0/0] failed while attempting to run meta for aten.lerp_.Tensor\n"}
,{"stream_name":"stderr","time":119.464305209,"data":"E0913 05:20:19.788000 51 torch/_subclasses/fake_tensor.py:3227] [0/0] Traceback (most recent call last):\n"}
,{"stream_name":"stderr","time":119.464311113,"data":"E0913 05:20:19.788000 51 torch/_subclasses/fake_tensor.py:3227] [0/0]   File \"/usr/local/lib/python3.12/dist-packages/torch/_subclasses/fake_tensor.py\", line 3223, in _dispatch_impl\n"}
,{"stream_name":"stderr","time":119.46431621,"data":"E0913 05:20:19.788000 51 torch/_subclasses/fake_tensor.py:3227] [0/0]     r = func(*args, **kwargs)\n"}
,{"stream_name":"stderr","time":119.464320248,"data":"E0913 05:20:19.788000 51 torch/_subclasses/fake_tensor.py:3227] [0/0]         ^^^^^^^^^^^^^^^^^^^^^\n"}
,{"stream_name":"stderr","time":119.464328112,"data":"E0913 05:20:19.788000 51 torch/_subclasses/fake_tensor.py:3227] [0/0]   File \"/usr/local/lib/python3.12/dist-packages/torch/_ops.py\", line 916, in __call__\n"}
,{"stream_name":"stderr","time":119.464332089,"data":"E0913 05:20:19.788000 51 torch/_subclasses/fake_tensor.py:3227] [0/0]     return self._op(*args, **kwargs)\n"}
,{"stream_name":"stderr","time":119.46433584,"data":"E0913 05:20:19.788000 51 torch/_subclasses/fake_tensor.py:3227] [0/0]            ^^^^^^^^^^^^^^^^^^^^^^^^^\n"}
,{"stream_name":"stderr","time":119.464367296,"data":"E0913 05:20:19.788000 51 torch/_subclasses/fake_tensor.py:3227] [0/0]   File \"/usr/local/lib/python3.12/dist-packages/torch/_meta_registrations.py\", line 9227, in _fn\n"}
,{"stream_name":"stderr","time":119.464372043,"data":"E0913 05:20:19.788000 51 torch/_subclasses/fake_tensor.py:3227] [0/0]     out = fn(self, *args, **kwargs)\n"}
,{"stream_name":"stderr","time":119.464376069,"data":"E0913 05:20:19.788000 51 torch/_subclasses/fake_tensor.py:3227] [0/0]           ^^^^^^^^^^^^^^^^^^^^^^^^^\n"}
,{"stream_name":"stderr","time":119.464380897,"data":"E0913 05:20:19.788000 51 torch/_subclasses/fake_tensor.py:3227] [0/0]   File \"/usr/local/lib/python3.12/dist-packages/torch/_ops.py\", line 1350, in __call__\n"}
,{"stream_name":"stderr","time":119.46438537,"data":"E0913 05:20:19.788000 51 torch/_subclasses/fake_tensor.py:3227] [0/0]     return self._op(*args, **kwargs)\n"}
,{"stream_name":"stderr","time":119.464389601,"data":"E0913 05:20:19.788000 51 torch/_subclasses/fake_tensor.py:3227] [0/0]            ^^^^^^^^^^^^^^^^^^^^^^^^^\n"}
,{"stream_name":"stderr","time":119.464393157,"data":"E0913 05:20:19.788000 51 torch/_subclasses/fake_tensor.py:3227] [0/0]   File \"/usr/local/lib/python3.12/dist-packages/torch/_tensor.py\", line 564, in __repr__\n"}
,{"stream_name":"stderr","time":119.464397022,"data":"E0913 05:20:19.788000 51 torch/_subclasses/fake_tensor.py:3227] [0/0]     return torch._tensor_str._str(self, tensor_contents=tensor_contents)\n"}
,{"stream_name":"stderr","time":119.464402582,"data":"E0913 05:20:19.788000 51 torch/_subclasses/fake_tensor.py:3227] [0/0]            ^^^^^^^^^^^^^^^^^^^^^^^^^^^^^^^^^^^^^^^^^^^^^^^^^^^^^^^^^^^^^\n"}
,{"stream_name":"stderr","time":119.464406278,"data":"E0913 05:20:19.788000 51 torch/_subclasses/fake_tensor.py:3227] [0/0]   File \"/usr/local/lib/python3.12/dist-packages/torch/_tensor_str.py\", line 715, in _str\n"}
,{"stream_name":"stderr","time":119.464410075,"data":"E0913 05:20:19.788000 51 torch/_subclasses/fake_tensor.py:3227] [0/0]     return _str_intern(self, tensor_contents=tensor_contents)\n"}
,{"stream_name":"stderr","time":119.464413726,"data":"E0913 05:20:19.788000 51 torch/_subclasses/fake_tensor.py:3227] [0/0]            ^^^^^^^^^^^^^^^^^^^^^^^^^^^^^^^^^^^^^^^^^^^^^^^^^^\n"}
,{"stream_name":"stderr","time":119.464417289,"data":"E0913 05:20:19.788000 51 torch/_subclasses/fake_tensor.py:3227] [0/0]   File \"/usr/local/lib/python3.12/dist-packages/torch/_tensor_str.py\", line 427, in _str_intern\n"}
,{"stream_name":"stderr","time":119.464421424,"data":"E0913 05:20:19.788000 51 torch/_subclasses/fake_tensor.py:3227] [0/0]     self, tangent = torch.autograd.forward_ad.unpack_dual(inp)\n"}
,{"stream_name":"stderr","time":119.464424843,"data":"E0913 05:20:19.788000 51 torch/_subclasses/fake_tensor.py:3227] [0/0]                     ^^^^^^^^^^^^^^^^^^^^^^^^^^^^^^^^^^^^^^^^^^\n"}
,{"stream_name":"stderr","time":119.464428074,"data":"E0913 05:20:19.788000 51 torch/_subclasses/fake_tensor.py:3227] [0/0]   File \"/usr/local/lib/python3.12/dist-packages/torch/autograd/forward_ad.py\", line 180, in unpack_dual\n"}
,{"stream_name":"stderr","time":119.464431971,"data":"E0913 05:20:19.788000 51 torch/_subclasses/fake_tensor.py:3227] [0/0]     primal, dual = _predispatch_unpack_dual(tensor, level=level)\n"}
,{"stream_name":"stderr","time":119.464435392,"data":"E0913 05:20:19.788000 51 torch/_subclasses/fake_tensor.py:3227] [0/0]                    ^^^^^^^^^^^^^^^^^^^^^^^^^^^^^^^^^^^^^^^^^^^^^\n"}
,{"stream_name":"stderr","time":119.464439292,"data":"E0913 05:20:19.788000 51 torch/_subclasses/fake_tensor.py:3227] [0/0]   File \"/usr/local/lib/python3.12/dist-packages/torch/_functorch/predispatch.py\", line 212, in _unpack_dual\n"}
,{"stream_name":"stderr","time":119.464447222,"data":"E0913 05:20:19.788000 51 torch/_subclasses/fake_tensor.py:3227] [0/0]     return _unpack_dual_impl(tensor, level=level)\n"}
,{"stream_name":"stderr","time":119.46445103799999,"data":"E0913 05:20:19.788000 51 torch/_subclasses/fake_tensor.py:3227] [0/0]            ^^^^^^^^^^^^^^^^^^^^^^^^^^^^^^^^^^^^^^\n"}
,{"stream_name":"stderr","time":119.464455711,"data":"E0913 05:20:19.788000 51 torch/_subclasses/fake_tensor.py:3227] [0/0] RuntimeError: InferenceMode::is_enabled() \u0026\u0026 self.is_inference() INTERNAL ASSERT FAILED at \"/__w/pytorch/pytorch/aten/src/ATen/native/VariableMethodStubs.cpp\":66, please report a bug to PyTorch. Expected this method to only be reached in inference mode and when all the inputs are inference tensors. You should NOT call this method directly as native::_fw_primal. Please use the dispatcher, i.e., at::_fw_primal. Please file an issue if you come across this error otherwise.\n"}
,{"stream_name":"stderr","time":119.591970474,"data":"E0913 05:20:19.916000 51 torch/_subclasses/fake_tensor.py:3227] [0/0] failed while attempting to run meta for aten.lerp_.Tensor\n"}
,{"stream_name":"stderr","time":119.592010265,"data":"E0913 05:20:19.916000 51 torch/_subclasses/fake_tensor.py:3227] [0/0] Traceback (most recent call last):\n"}
,{"stream_name":"stderr","time":119.592015819,"data":"E0913 05:20:19.916000 51 torch/_subclasses/fake_tensor.py:3227] [0/0]   File \"/usr/local/lib/python3.12/dist-packages/torch/_subclasses/fake_tensor.py\", line 3223, in _dispatch_impl\n"}
,{"stream_name":"stderr","time":119.592020338,"data":"E0913 05:20:19.916000 51 torch/_subclasses/fake_tensor.py:3227] [0/0]     r = func(*args, **kwargs)\n"}
,{"stream_name":"stderr","time":119.592041479,"data":"E0913 05:20:19.916000 51 torch/_subclasses/fake_tensor.py:3227] [0/0]         ^^^^^^^^^^^^^^^^^^^^^\n"}
,{"stream_name":"stderr","time":119.592045238,"data":"E0913 05:20:19.916000 51 torch/_subclasses/fake_tensor.py:3227] [0/0]   File \"/usr/local/lib/python3.12/dist-packages/torch/_ops.py\", line 916, in __call__\n"}
,{"stream_name":"stderr","time":119.592048943,"data":"E0913 05:20:19.916000 51 torch/_subclasses/fake_tensor.py:3227] [0/0]     return self._op(*args, **kwargs)\n"}
,{"stream_name":"stderr","time":119.592052821,"data":"E0913 05:20:19.916000 51 torch/_subclasses/fake_tensor.py:3227] [0/0]            ^^^^^^^^^^^^^^^^^^^^^^^^^\n"}
,{"stream_name":"stderr","time":119.59205636,"data":"E0913 05:20:19.916000 51 torch/_subclasses/fake_tensor.py:3227] [0/0]   File \"/usr/local/lib/python3.12/dist-packages/torch/_meta_registrations.py\", line 9227, in _fn\n"}
,{"stream_name":"stderr","time":119.592060132,"data":"E0913 05:20:19.916000 51 torch/_subclasses/fake_tensor.py:3227] [0/0]     out = fn(self, *args, **kwargs)\n"}
,{"stream_name":"stderr","time":119.59206383,"data":"E0913 05:20:19.916000 51 torch/_subclasses/fake_tensor.py:3227] [0/0]           ^^^^^^^^^^^^^^^^^^^^^^^^^\n"}
,{"stream_name":"stderr","time":119.592067377,"data":"E0913 05:20:19.916000 51 torch/_subclasses/fake_tensor.py:3227] [0/0]   File \"/usr/local/lib/python3.12/dist-packages/torch/_ops.py\", line 1350, in __call__\n"}
,{"stream_name":"stderr","time":119.592071396,"data":"E0913 05:20:19.916000 51 torch/_subclasses/fake_tensor.py:3227] [0/0]     return self._op(*args, **kwargs)\n"}
,{"stream_name":"stderr","time":119.592074969,"data":"E0913 05:20:19.916000 51 torch/_subclasses/fake_tensor.py:3227] [0/0]            ^^^^^^^^^^^^^^^^^^^^^^^^^\n"}
,{"stream_name":"stderr","time":119.592078779,"data":"E0913 05:20:19.916000 51 torch/_subclasses/fake_tensor.py:3227] [0/0]   File \"/usr/local/lib/python3.12/dist-packages/torch/_tensor.py\", line 564, in __repr__\n"}
,{"stream_name":"stderr","time":119.592082586,"data":"E0913 05:20:19.916000 51 torch/_subclasses/fake_tensor.py:3227] [0/0]     return torch._tensor_str._str(self, tensor_contents=tensor_contents)\n"}
,{"stream_name":"stderr","time":119.592101179,"data":"E0913 05:20:19.916000 51 torch/_subclasses/fake_tensor.py:3227] [0/0]            ^^^^^^^^^^^^^^^^^^^^^^^^^^^^^^^^^^^^^^^^^^^^^^^^^^^^^^^^^^^^^\n"}
,{"stream_name":"stderr","time":119.59210552,"data":"E0913 05:20:19.916000 51 torch/_subclasses/fake_tensor.py:3227] [0/0]   File \"/usr/local/lib/python3.12/dist-packages/torch/_tensor_str.py\", line 715, in _str\n"}
,{"stream_name":"stderr","time":119.592109637,"data":"E0913 05:20:19.916000 51 torch/_subclasses/fake_tensor.py:3227] [0/0]     return _str_intern(self, tensor_contents=tensor_contents)\n"}
,{"stream_name":"stderr","time":119.592113057,"data":"E0913 05:20:19.916000 51 torch/_subclasses/fake_tensor.py:3227] [0/0]            ^^^^^^^^^^^^^^^^^^^^^^^^^^^^^^^^^^^^^^^^^^^^^^^^^^\n"}
,{"stream_name":"stderr","time":119.59211677,"data":"E0913 05:20:19.916000 51 torch/_subclasses/fake_tensor.py:3227] [0/0]   File \"/usr/local/lib/python3.12/dist-packages/torch/_tensor_str.py\", line 427, in _str_intern\n"}
,{"stream_name":"stderr","time":119.592120668,"data":"E0913 05:20:19.916000 51 torch/_subclasses/fake_tensor.py:3227] [0/0]     self, tangent = torch.autograd.forward_ad.unpack_dual(inp)\n"}
,{"stream_name":"stderr","time":119.5921243,"data":"E0913 05:20:19.916000 51 torch/_subclasses/fake_tensor.py:3227] [0/0]                     ^^^^^^^^^^^^^^^^^^^^^^^^^^^^^^^^^^^^^^^^^^\n"}
,{"stream_name":"stderr","time":119.592127711,"data":"E0913 05:20:19.916000 51 torch/_subclasses/fake_tensor.py:3227] [0/0]   File \"/usr/local/lib/python3.12/dist-packages/torch/autograd/forward_ad.py\", line 180, in unpack_dual\n"}
,{"stream_name":"stderr","time":119.592131246,"data":"E0913 05:20:19.916000 51 torch/_subclasses/fake_tensor.py:3227] [0/0]     primal, dual = _predispatch_unpack_dual(tensor, level=level)\n"}
,{"stream_name":"stderr","time":119.592134785,"data":"E0913 05:20:19.916000 51 torch/_subclasses/fake_tensor.py:3227] [0/0]                    ^^^^^^^^^^^^^^^^^^^^^^^^^^^^^^^^^^^^^^^^^^^^^\n"}
,{"stream_name":"stderr","time":119.592138847,"data":"E0913 05:20:19.916000 51 torch/_subclasses/fake_tensor.py:3227] [0/0]   File \"/usr/local/lib/python3.12/dist-packages/torch/_functorch/predispatch.py\", line 212, in _unpack_dual\n"}
,{"stream_name":"stderr","time":119.592142676,"data":"E0913 05:20:19.916000 51 torch/_subclasses/fake_tensor.py:3227] [0/0]     return _unpack_dual_impl(tensor, level=level)\n"}
,{"stream_name":"stderr","time":119.592146404,"data":"E0913 05:20:19.916000 51 torch/_subclasses/fake_tensor.py:3227] [0/0]            ^^^^^^^^^^^^^^^^^^^^^^^^^^^^^^^^^^^^^^\n"}
,{"stream_name":"stderr","time":119.592150783,"data":"E0913 05:20:19.916000 51 torch/_subclasses/fake_tensor.py:3227] [0/0] RuntimeError: InferenceMode::is_enabled() \u0026\u0026 self.is_inference() INTERNAL ASSERT FAILED at \"/__w/pytorch/pytorch/aten/src/ATen/native/VariableMethodStubs.cpp\":66, please report a bug to PyTorch. Expected this method to only be reached in inference mode and when all the inputs are inference tensors. You should NOT call this method directly as native::_fw_primal. Please use the dispatcher, i.e., at::_fw_primal. Please file an issue if you come across this error otherwise.\n"}
,{"stream_name":"stderr","time":119.751963856,"data":"E0913 05:20:20.076000 51 torch/_subclasses/fake_tensor.py:3227] [0/0] failed while attempting to run meta for aten.lerp_.Tensor\n"}
,{"stream_name":"stderr","time":119.752067639,"data":"E0913 05:20:20.076000 51 torch/_subclasses/fake_tensor.py:3227] [0/0] Traceback (most recent call last):\n"}
,{"stream_name":"stderr","time":119.752075793,"data":"E0913 05:20:20.076000 51 torch/_subclasses/fake_tensor.py:3227] [0/0]   File \"/usr/local/lib/python3.12/dist-packages/torch/_subclasses/fake_tensor.py\", line 3223, in _dispatch_impl\n"}
,{"stream_name":"stderr","time":119.752096384,"data":"E0913 05:20:20.076000 51 torch/_subclasses/fake_tensor.py:3227] [0/0]     r = func(*args, **kwargs)\n"}
,{"stream_name":"stderr","time":119.752101094,"data":"E0913 05:20:20.076000 51 torch/_subclasses/fake_tensor.py:3227] [0/0]         ^^^^^^^^^^^^^^^^^^^^^\n"}
,{"stream_name":"stderr","time":119.752104952,"data":"E0913 05:20:20.076000 51 torch/_subclasses/fake_tensor.py:3227] [0/0]   File \"/usr/local/lib/python3.12/dist-packages/torch/_ops.py\", line 916, in __call__\n"}
,{"stream_name":"stderr","time":119.752108608,"data":"E0913 05:20:20.076000 51 torch/_subclasses/fake_tensor.py:3227] [0/0]     return self._op(*args, **kwargs)\n"}
,{"stream_name":"stderr","time":119.75211207,"data":"E0913 05:20:20.076000 51 torch/_subclasses/fake_tensor.py:3227] [0/0]            ^^^^^^^^^^^^^^^^^^^^^^^^^\n"}
,{"stream_name":"stderr","time":119.752116377,"data":"E0913 05:20:20.076000 51 torch/_subclasses/fake_tensor.py:3227] [0/0]   File \"/usr/local/lib/python3.12/dist-packages/torch/_meta_registrations.py\", line 9227, in _fn\n"}
,{"stream_name":"stderr","time":119.752120427,"data":"E0913 05:20:20.076000 51 torch/_subclasses/fake_tensor.py:3227] [0/0]     out = fn(self, *args, **kwargs)\n"}
,{"stream_name":"stderr","time":119.752124309,"data":"E0913 05:20:20.076000 51 torch/_subclasses/fake_tensor.py:3227] [0/0]           ^^^^^^^^^^^^^^^^^^^^^^^^^\n"}
,{"stream_name":"stderr","time":119.752127773,"data":"E0913 05:20:20.076000 51 torch/_subclasses/fake_tensor.py:3227] [0/0]   File \"/usr/local/lib/python3.12/dist-packages/torch/_ops.py\", line 1350, in __call__\n"}
,{"stream_name":"stderr","time":119.752132123,"data":"E0913 05:20:20.076000 51 torch/_subclasses/fake_tensor.py:3227] [0/0]     return self._op(*args, **kwargs)\n"}
,{"stream_name":"stderr","time":119.752135887,"data":"E0913 05:20:20.076000 51 torch/_subclasses/fake_tensor.py:3227] [0/0]            ^^^^^^^^^^^^^^^^^^^^^^^^^\n"}
,{"stream_name":"stderr","time":119.752139513,"data":"E0913 05:20:20.076000 51 torch/_subclasses/fake_tensor.py:3227] [0/0]   File \"/usr/local/lib/python3.12/dist-packages/torch/_tensor.py\", line 564, in __repr__\n"}
,{"stream_name":"stderr","time":119.752143014,"data":"E0913 05:20:20.076000 51 torch/_subclasses/fake_tensor.py:3227] [0/0]     return torch._tensor_str._str(self, tensor_contents=tensor_contents)\n"}
,{"stream_name":"stderr","time":119.752166829,"data":"E0913 05:20:20.076000 51 torch/_subclasses/fake_tensor.py:3227] [0/0]            ^^^^^^^^^^^^^^^^^^^^^^^^^^^^^^^^^^^^^^^^^^^^^^^^^^^^^^^^^^^^^\n"}
,{"stream_name":"stderr","time":119.752171331,"data":"E0913 05:20:20.076000 51 torch/_subclasses/fake_tensor.py:3227] [0/0]   File \"/usr/local/lib/python3.12/dist-packages/torch/_tensor_str.py\", line 715, in _str\n"}
,{"stream_name":"stderr","time":119.752175523,"data":"E0913 05:20:20.076000 51 torch/_subclasses/fake_tensor.py:3227] [0/0]     return _str_intern(self, tensor_contents=tensor_contents)\n"}
,{"stream_name":"stderr","time":119.752180164,"data":"E0913 05:20:20.076000 51 torch/_subclasses/fake_tensor.py:3227] [0/0]            ^^^^^^^^^^^^^^^^^^^^^^^^^^^^^^^^^^^^^^^^^^^^^^^^^^\n"}
,{"stream_name":"stderr","time":119.752183927,"data":"E0913 05:20:20.076000 51 torch/_subclasses/fake_tensor.py:3227] [0/0]   File \"/usr/local/lib/python3.12/dist-packages/torch/_tensor_str.py\", line 427, in _str_intern\n"}
,{"stream_name":"stderr","time":119.75218789,"data":"E0913 05:20:20.076000 51 torch/_subclasses/fake_tensor.py:3227] [0/0]     self, tangent = torch.autograd.forward_ad.unpack_dual(inp)\n"}
,{"stream_name":"stderr","time":119.752191738,"data":"E0913 05:20:20.076000 51 torch/_subclasses/fake_tensor.py:3227] [0/0]                     ^^^^^^^^^^^^^^^^^^^^^^^^^^^^^^^^^^^^^^^^^^\n"}
,{"stream_name":"stderr","time":119.752200027,"data":"E0913 05:20:20.076000 51 torch/_subclasses/fake_tensor.py:3227] [0/0]   File \"/usr/local/lib/python3.12/dist-packages/torch/autograd/forward_ad.py\", line 180, in unpack_dual\n"}
,{"stream_name":"stderr","time":119.752204388,"data":"E0913 05:20:20.076000 51 torch/_subclasses/fake_tensor.py:3227] [0/0]     primal, dual = _predispatch_unpack_dual(tensor, level=level)\n"}
,{"stream_name":"stderr","time":119.752208169,"data":"E0913 05:20:20.076000 51 torch/_subclasses/fake_tensor.py:3227] [0/0]                    ^^^^^^^^^^^^^^^^^^^^^^^^^^^^^^^^^^^^^^^^^^^^^\n"}
,{"stream_name":"stderr","time":119.752211679,"data":"E0913 05:20:20.076000 51 torch/_subclasses/fake_tensor.py:3227] [0/0]   File \"/usr/local/lib/python3.12/dist-packages/torch/_functorch/predispatch.py\", line 212, in _unpack_dual\n"}
,{"stream_name":"stderr","time":119.752215719,"data":"E0913 05:20:20.076000 51 torch/_subclasses/fake_tensor.py:3227] [0/0]     return _unpack_dual_impl(tensor, level=level)\n"}
,{"stream_name":"stderr","time":119.752219374,"data":"E0913 05:20:20.076000 51 torch/_subclasses/fake_tensor.py:3227] [0/0]            ^^^^^^^^^^^^^^^^^^^^^^^^^^^^^^^^^^^^^^\n"}
,{"stream_name":"stderr","time":119.75222422,"data":"E0913 05:20:20.076000 51 torch/_subclasses/fake_tensor.py:3227] [0/0] RuntimeError: InferenceMode::is_enabled() \u0026\u0026 self.is_inference() INTERNAL ASSERT FAILED at \"/__w/pytorch/pytorch/aten/src/ATen/native/VariableMethodStubs.cpp\":66, please report a bug to PyTorch. Expected this method to only be reached in inference mode and when all the inputs are inference tensors. You should NOT call this method directly as native::_fw_primal. Please use the dispatcher, i.e., at::_fw_primal. Please file an issue if you come across this error otherwise.\n"}
,{"stream_name":"stderr","time":119.923421582,"data":"E0913 05:20:20.247000 51 torch/_subclasses/fake_tensor.py:3227] [0/0] failed while attempting to run meta for aten.lerp_.Tensor\n"}
,{"stream_name":"stderr","time":119.923478132,"data":"E0913 05:20:20.247000 51 torch/_subclasses/fake_tensor.py:3227] [0/0] Traceback (most recent call last):\n"}
,{"stream_name":"stderr","time":119.923484161,"data":"E0913 05:20:20.247000 51 torch/_subclasses/fake_tensor.py:3227] [0/0]   File \"/usr/local/lib/python3.12/dist-packages/torch/_subclasses/fake_tensor.py\", line 3223, in _dispatch_impl\n"}
,{"stream_name":"stderr","time":119.923488676,"data":"E0913 05:20:20.247000 51 torch/_subclasses/fake_tensor.py:3227] [0/0]     r = func(*args, **kwargs)\n"}
,{"stream_name":"stderr","time":119.923493139,"data":"E0913 05:20:20.247000 51 torch/_subclasses/fake_tensor.py:3227] [0/0]         ^^^^^^^^^^^^^^^^^^^^^\n"}
,{"stream_name":"stderr","time":119.92349689,"data":"E0913 05:20:20.247000 51 torch/_subclasses/fake_tensor.py:3227] [0/0]   File \"/usr/local/lib/python3.12/dist-packages/torch/_ops.py\", line 916, in __call__\n"}
,{"stream_name":"stderr","time":119.92350113,"data":"E0913 05:20:20.247000 51 torch/_subclasses/fake_tensor.py:3227] [0/0]     return self._op(*args, **kwargs)\n"}
,{"stream_name":"stderr","time":119.923505605,"data":"E0913 05:20:20.247000 51 torch/_subclasses/fake_tensor.py:3227] [0/0]            ^^^^^^^^^^^^^^^^^^^^^^^^^\n"}
,{"stream_name":"stderr","time":119.923509389,"data":"E0913 05:20:20.247000 51 torch/_subclasses/fake_tensor.py:3227] [0/0]   File \"/usr/local/lib/python3.12/dist-packages/torch/_meta_registrations.py\", line 9227, in _fn\n"}
,{"stream_name":"stderr","time":119.92351321699999,"data":"E0913 05:20:20.247000 51 torch/_subclasses/fake_tensor.py:3227] [0/0]     out = fn(self, *args, **kwargs)\n"}
,{"stream_name":"stderr","time":119.923516831,"data":"E0913 05:20:20.247000 51 torch/_subclasses/fake_tensor.py:3227] [0/0]           ^^^^^^^^^^^^^^^^^^^^^^^^^\n"}
,{"stream_name":"stderr","time":119.923520696,"data":"E0913 05:20:20.247000 51 torch/_subclasses/fake_tensor.py:3227] [0/0]   File \"/usr/local/lib/python3.12/dist-packages/torch/_ops.py\", line 1350, in __call__\n"}
,{"stream_name":"stderr","time":119.923538994,"data":"E0913 05:20:20.247000 51 torch/_subclasses/fake_tensor.py:3227] [0/0]     return self._op(*args, **kwargs)\n"}
,{"stream_name":"stderr","time":119.923542876,"data":"E0913 05:20:20.247000 51 torch/_subclasses/fake_tensor.py:3227] [0/0]            ^^^^^^^^^^^^^^^^^^^^^^^^^\n"}
,{"stream_name":"stderr","time":119.92354659,"data":"E0913 05:20:20.247000 51 torch/_subclasses/fake_tensor.py:3227] [0/0]   File \"/usr/local/lib/python3.12/dist-packages/torch/_tensor.py\", line 564, in __repr__\n"}
,{"stream_name":"stderr","time":119.923550503,"data":"E0913 05:20:20.247000 51 torch/_subclasses/fake_tensor.py:3227] [0/0]     return torch._tensor_str._str(self, tensor_contents=tensor_contents)\n"}
,{"stream_name":"stderr","time":119.923556214,"data":"E0913 05:20:20.247000 51 torch/_subclasses/fake_tensor.py:3227] [0/0]            ^^^^^^^^^^^^^^^^^^^^^^^^^^^^^^^^^^^^^^^^^^^^^^^^^^^^^^^^^^^^^\n"}
,{"stream_name":"stderr","time":119.923560279,"data":"E0913 05:20:20.247000 51 torch/_subclasses/fake_tensor.py:3227] [0/0]   File \"/usr/local/lib/python3.12/dist-packages/torch/_tensor_str.py\", line 715, in _str\n"}
,{"stream_name":"stderr","time":119.923564206,"data":"E0913 05:20:20.247000 51 torch/_subclasses/fake_tensor.py:3227] [0/0]     return _str_intern(self, tensor_contents=tensor_contents)\n"}
,{"stream_name":"stderr","time":119.923567734,"data":"E0913 05:20:20.247000 51 torch/_subclasses/fake_tensor.py:3227] [0/0]            ^^^^^^^^^^^^^^^^^^^^^^^^^^^^^^^^^^^^^^^^^^^^^^^^^^\n"}
,{"stream_name":"stderr","time":119.923570966,"data":"E0913 05:20:20.247000 51 torch/_subclasses/fake_tensor.py:3227] [0/0]   File \"/usr/local/lib/python3.12/dist-packages/torch/_tensor_str.py\", line 427, in _str_intern\n"}
,{"stream_name":"stderr","time":119.923575386,"data":"E0913 05:20:20.247000 51 torch/_subclasses/fake_tensor.py:3227] [0/0]     self, tangent = torch.autograd.forward_ad.unpack_dual(inp)\n"}
,{"stream_name":"stderr","time":119.923578998,"data":"E0913 05:20:20.247000 51 torch/_subclasses/fake_tensor.py:3227] [0/0]                     ^^^^^^^^^^^^^^^^^^^^^^^^^^^^^^^^^^^^^^^^^^\n"}
,{"stream_name":"stderr","time":119.923582801,"data":"E0913 05:20:20.247000 51 torch/_subclasses/fake_tensor.py:3227] [0/0]   File \"/usr/local/lib/python3.12/dist-packages/torch/autograd/forward_ad.py\", line 180, in unpack_dual\n"}
,{"stream_name":"stderr","time":119.923586688,"data":"E0913 05:20:20.247000 51 torch/_subclasses/fake_tensor.py:3227] [0/0]     primal, dual = _predispatch_unpack_dual(tensor, level=level)\n"}
,{"stream_name":"stderr","time":119.923590197,"data":"E0913 05:20:20.247000 51 torch/_subclasses/fake_tensor.py:3227] [0/0]                    ^^^^^^^^^^^^^^^^^^^^^^^^^^^^^^^^^^^^^^^^^^^^^\n"}
,{"stream_name":"stderr","time":119.923593765,"data":"E0913 05:20:20.247000 51 torch/_subclasses/fake_tensor.py:3227] [0/0]   File \"/usr/local/lib/python3.12/dist-packages/torch/_functorch/predispatch.py\", line 212, in _unpack_dual\n"}
,{"stream_name":"stderr","time":119.923597496,"data":"E0913 05:20:20.247000 51 torch/_subclasses/fake_tensor.py:3227] [0/0]     return _unpack_dual_impl(tensor, level=level)\n"}
,{"stream_name":"stderr","time":119.923600904,"data":"E0913 05:20:20.247000 51 torch/_subclasses/fake_tensor.py:3227] [0/0]            ^^^^^^^^^^^^^^^^^^^^^^^^^^^^^^^^^^^^^^\n"}
,{"stream_name":"stderr","time":119.92360532,"data":"E0913 05:20:20.247000 51 torch/_subclasses/fake_tensor.py:3227] [0/0] RuntimeError: InferenceMode::is_enabled() \u0026\u0026 self.is_inference() INTERNAL ASSERT FAILED at \"/__w/pytorch/pytorch/aten/src/ATen/native/VariableMethodStubs.cpp\":66, please report a bug to PyTorch. Expected this method to only be reached in inference mode and when all the inputs are inference tensors. You should NOT call this method directly as native::_fw_primal. Please use the dispatcher, i.e., at::_fw_primal. Please file an issue if you come across this error otherwise.\n"}
,{"stream_name":"stderr","time":120.083879677,"data":"E0913 05:20:20.408000 51 torch/_subclasses/fake_tensor.py:3227] [0/0] failed while attempting to run meta for aten.lerp_.Tensor\n"}
,{"stream_name":"stderr","time":120.083920702,"data":"E0913 05:20:20.408000 51 torch/_subclasses/fake_tensor.py:3227] [0/0] Traceback (most recent call last):\n"}
,{"stream_name":"stderr","time":120.083926521,"data":"E0913 05:20:20.408000 51 torch/_subclasses/fake_tensor.py:3227] [0/0]   File \"/usr/local/lib/python3.12/dist-packages/torch/_subclasses/fake_tensor.py\", line 3223, in _dispatch_impl\n"}
,{"stream_name":"stderr","time":120.083931616,"data":"E0913 05:20:20.408000 51 torch/_subclasses/fake_tensor.py:3227] [0/0]     r = func(*args, **kwargs)\n"}
,{"stream_name":"stderr","time":120.083936296,"data":"E0913 05:20:20.408000 51 torch/_subclasses/fake_tensor.py:3227] [0/0]         ^^^^^^^^^^^^^^^^^^^^^\n"}
,{"stream_name":"stderr","time":120.08394041,"data":"E0913 05:20:20.408000 51 torch/_subclasses/fake_tensor.py:3227] [0/0]   File \"/usr/local/lib/python3.12/dist-packages/torch/_ops.py\", line 916, in __call__\n"}
,{"stream_name":"stderr","time":120.083945179,"data":"E0913 05:20:20.408000 51 torch/_subclasses/fake_tensor.py:3227] [0/0]     return self._op(*args, **kwargs)\n"}
,{"stream_name":"stderr","time":120.083949471,"data":"E0913 05:20:20.408000 51 torch/_subclasses/fake_tensor.py:3227] [0/0]            ^^^^^^^^^^^^^^^^^^^^^^^^^\n"}
,{"stream_name":"stderr","time":120.083953542,"data":"E0913 05:20:20.408000 51 torch/_subclasses/fake_tensor.py:3227] [0/0]   File \"/usr/local/lib/python3.12/dist-packages/torch/_meta_registrations.py\", line 9227, in _fn\n"}
,{"stream_name":"stderr","time":120.083957785,"data":"E0913 05:20:20.408000 51 torch/_subclasses/fake_tensor.py:3227] [0/0]     out = fn(self, *args, **kwargs)\n"}
,{"stream_name":"stderr","time":120.083961989,"data":"E0913 05:20:20.408000 51 torch/_subclasses/fake_tensor.py:3227] [0/0]           ^^^^^^^^^^^^^^^^^^^^^^^^^\n"}
,{"stream_name":"stderr","time":120.083966221,"data":"E0913 05:20:20.408000 51 torch/_subclasses/fake_tensor.py:3227] [0/0]   File \"/usr/local/lib/python3.12/dist-packages/torch/_ops.py\", line 1350, in __call__\n"}
,{"stream_name":"stderr","time":120.083970744,"data":"E0913 05:20:20.408000 51 torch/_subclasses/fake_tensor.py:3227] [0/0]     return self._op(*args, **kwargs)\n"}
,{"stream_name":"stderr","time":120.083974927,"data":"E0913 05:20:20.408000 51 torch/_subclasses/fake_tensor.py:3227] [0/0]            ^^^^^^^^^^^^^^^^^^^^^^^^^\n"}
,{"stream_name":"stderr","time":120.083978886,"data":"E0913 05:20:20.408000 51 torch/_subclasses/fake_tensor.py:3227] [0/0]   File \"/usr/local/lib/python3.12/dist-packages/torch/_tensor.py\", line 564, in __repr__\n"}
,{"stream_name":"stderr","time":120.08398336,"data":"E0913 05:20:20.408000 51 torch/_subclasses/fake_tensor.py:3227] [0/0]     return torch._tensor_str._str(self, tensor_contents=tensor_contents)\n"}
,{"stream_name":"stderr","time":120.083988888,"data":"E0913 05:20:20.408000 51 torch/_subclasses/fake_tensor.py:3227] [0/0]            ^^^^^^^^^^^^^^^^^^^^^^^^^^^^^^^^^^^^^^^^^^^^^^^^^^^^^^^^^^^^^\n"}
,{"stream_name":"stderr","time":120.083993198,"data":"E0913 05:20:20.408000 51 torch/_subclasses/fake_tensor.py:3227] [0/0]   File \"/usr/local/lib/python3.12/dist-packages/torch/_tensor_str.py\", line 715, in _str\n"}
,{"stream_name":"stderr","time":120.083997583,"data":"E0913 05:20:20.408000 51 torch/_subclasses/fake_tensor.py:3227] [0/0]     return _str_intern(self, tensor_contents=tensor_contents)\n"}
,{"stream_name":"stderr","time":120.08413845,"data":"E0913 05:20:20.408000 51 torch/_subclasses/fake_tensor.py:3227] [0/0]            ^^^^^^^^^^^^^^^^^^^^^^^^^^^^^^^^^^^^^^^^^^^^^^^^^^\n"}
,{"stream_name":"stderr","time":120.084147671,"data":"E0913 05:20:20.408000 51 torch/_subclasses/fake_tensor.py:3227] [0/0]   File \"/usr/local/lib/python3.12/dist-packages/torch/_tensor_str.py\", line 427, in _str_intern\n"}
,{"stream_name":"stderr","time":120.084152046,"data":"E0913 05:20:20.408000 51 torch/_subclasses/fake_tensor.py:3227] [0/0]     self, tangent = torch.autograd.forward_ad.unpack_dual(inp)\n"}
,{"stream_name":"stderr","time":120.084156634,"data":"E0913 05:20:20.408000 51 torch/_subclasses/fake_tensor.py:3227] [0/0]                     ^^^^^^^^^^^^^^^^^^^^^^^^^^^^^^^^^^^^^^^^^^\n"}
,{"stream_name":"stderr","time":120.084161034,"data":"E0913 05:20:20.408000 51 torch/_subclasses/fake_tensor.py:3227] [0/0]   File \"/usr/local/lib/python3.12/dist-packages/torch/autograd/forward_ad.py\", line 180, in unpack_dual\n"}
,{"stream_name":"stderr","time":120.084165409,"data":"E0913 05:20:20.408000 51 torch/_subclasses/fake_tensor.py:3227] [0/0]     primal, dual = _predispatch_unpack_dual(tensor, level=level)\n"}
,{"stream_name":"stderr","time":120.084169811,"data":"E0913 05:20:20.408000 51 torch/_subclasses/fake_tensor.py:3227] [0/0]                    ^^^^^^^^^^^^^^^^^^^^^^^^^^^^^^^^^^^^^^^^^^^^^\n"}
,{"stream_name":"stderr","time":120.084173947,"data":"E0913 05:20:20.408000 51 torch/_subclasses/fake_tensor.py:3227] [0/0]   File \"/usr/local/lib/python3.12/dist-packages/torch/_functorch/predispatch.py\", line 212, in _unpack_dual\n"}
,{"stream_name":"stderr","time":120.084178369,"data":"E0913 05:20:20.408000 51 torch/_subclasses/fake_tensor.py:3227] [0/0]     return _unpack_dual_impl(tensor, level=level)\n"}
,{"stream_name":"stderr","time":120.084182537,"data":"E0913 05:20:20.408000 51 torch/_subclasses/fake_tensor.py:3227] [0/0]            ^^^^^^^^^^^^^^^^^^^^^^^^^^^^^^^^^^^^^^\n"}
,{"stream_name":"stderr","time":120.08418817,"data":"E0913 05:20:20.408000 51 torch/_subclasses/fake_tensor.py:3227] [0/0] RuntimeError: InferenceMode::is_enabled() \u0026\u0026 self.is_inference() INTERNAL ASSERT FAILED at \"/__w/pytorch/pytorch/aten/src/ATen/native/VariableMethodStubs.cpp\":66, please report a bug to PyTorch. Expected this method to only be reached in inference mode and when all the inputs are inference tensors. You should NOT call this method directly as native::_fw_primal. Please use the dispatcher, i.e., at::_fw_primal. Please file an issue if you come across this error otherwise.\n"}
,{"stream_name":"stderr","time":120.224789561,"data":"E0913 05:20:20.549000 51 torch/_subclasses/fake_tensor.py:3227] [0/0] failed while attempting to run meta for aten.lerp_.Tensor\n"}
,{"stream_name":"stderr","time":120.224827391,"data":"E0913 05:20:20.549000 51 torch/_subclasses/fake_tensor.py:3227] [0/0] Traceback (most recent call last):\n"}
,{"stream_name":"stderr","time":120.224832289,"data":"E0913 05:20:20.549000 51 torch/_subclasses/fake_tensor.py:3227] [0/0]   File \"/usr/local/lib/python3.12/dist-packages/torch/_subclasses/fake_tensor.py\", line 3223, in _dispatch_impl\n"}
,{"stream_name":"stderr","time":120.224837031,"data":"E0913 05:20:20.549000 51 torch/_subclasses/fake_tensor.py:3227] [0/0]     r = func(*args, **kwargs)\n"}
,{"stream_name":"stderr","time":120.224841006,"data":"E0913 05:20:20.549000 51 torch/_subclasses/fake_tensor.py:3227] [0/0]         ^^^^^^^^^^^^^^^^^^^^^\n"}
,{"stream_name":"stderr","time":120.224844954,"data":"E0913 05:20:20.549000 51 torch/_subclasses/fake_tensor.py:3227] [0/0]   File \"/usr/local/lib/python3.12/dist-packages/torch/_ops.py\", line 916, in __call__\n"}
,{"stream_name":"stderr","time":120.224849291,"data":"E0913 05:20:20.549000 51 torch/_subclasses/fake_tensor.py:3227] [0/0]     return self._op(*args, **kwargs)\n"}
,{"stream_name":"stderr","time":120.224868175,"data":"E0913 05:20:20.549000 51 torch/_subclasses/fake_tensor.py:3227] [0/0]            ^^^^^^^^^^^^^^^^^^^^^^^^^\n"}
,{"stream_name":"stderr","time":120.224873047,"data":"E0913 05:20:20.549000 51 torch/_subclasses/fake_tensor.py:3227] [0/0]   File \"/usr/local/lib/python3.12/dist-packages/torch/_meta_registrations.py\", line 9227, in _fn\n"}
,{"stream_name":"stderr","time":120.224881483,"data":"E0913 05:20:20.549000 51 torch/_subclasses/fake_tensor.py:3227] [0/0]     out = fn(self, *args, **kwargs)\n"}
,{"stream_name":"stderr","time":120.224885756,"data":"E0913 05:20:20.549000 51 torch/_subclasses/fake_tensor.py:3227] [0/0]           ^^^^^^^^^^^^^^^^^^^^^^^^^\n"}
,{"stream_name":"stderr","time":120.224889894,"data":"E0913 05:20:20.549000 51 torch/_subclasses/fake_tensor.py:3227] [0/0]   File \"/usr/local/lib/python3.12/dist-packages/torch/_ops.py\", line 1350, in __call__\n"}
,{"stream_name":"stderr","time":120.22489427,"data":"E0913 05:20:20.549000 51 torch/_subclasses/fake_tensor.py:3227] [0/0]     return self._op(*args, **kwargs)\n"}
,{"stream_name":"stderr","time":120.224897863,"data":"E0913 05:20:20.549000 51 torch/_subclasses/fake_tensor.py:3227] [0/0]            ^^^^^^^^^^^^^^^^^^^^^^^^^\n"}
,{"stream_name":"stderr","time":120.224900974,"data":"E0913 05:20:20.549000 51 torch/_subclasses/fake_tensor.py:3227] [0/0]   File \"/usr/local/lib/python3.12/dist-packages/torch/_tensor.py\", line 564, in __repr__\n"}
,{"stream_name":"stderr","time":120.224903849,"data":"E0913 05:20:20.549000 51 torch/_subclasses/fake_tensor.py:3227] [0/0]     return torch._tensor_str._str(self, tensor_contents=tensor_contents)\n"}
,{"stream_name":"stderr","time":120.224908106,"data":"E0913 05:20:20.549000 51 torch/_subclasses/fake_tensor.py:3227] [0/0]            ^^^^^^^^^^^^^^^^^^^^^^^^^^^^^^^^^^^^^^^^^^^^^^^^^^^^^^^^^^^^^\n"}
,{"stream_name":"stderr","time":120.224911043,"data":"E0913 05:20:20.549000 51 torch/_subclasses/fake_tensor.py:3227] [0/0]   File \"/usr/local/lib/python3.12/dist-packages/torch/_tensor_str.py\", line 715, in _str\n"}
,{"stream_name":"stderr","time":120.224913984,"data":"E0913 05:20:20.549000 51 torch/_subclasses/fake_tensor.py:3227] [0/0]     return _str_intern(self, tensor_contents=tensor_contents)\n"}
,{"stream_name":"stderr","time":120.224916569,"data":"E0913 05:20:20.549000 51 torch/_subclasses/fake_tensor.py:3227] [0/0]            ^^^^^^^^^^^^^^^^^^^^^^^^^^^^^^^^^^^^^^^^^^^^^^^^^^\n"}
,{"stream_name":"stderr","time":120.224919182,"data":"E0913 05:20:20.549000 51 torch/_subclasses/fake_tensor.py:3227] [0/0]   File \"/usr/local/lib/python3.12/dist-packages/torch/_tensor_str.py\", line 427, in _str_intern\n"}
,{"stream_name":"stderr","time":120.224921885,"data":"E0913 05:20:20.549000 51 torch/_subclasses/fake_tensor.py:3227] [0/0]     self, tangent = torch.autograd.forward_ad.unpack_dual(inp)\n"}
,{"stream_name":"stderr","time":120.224924462,"data":"E0913 05:20:20.549000 51 torch/_subclasses/fake_tensor.py:3227] [0/0]                     ^^^^^^^^^^^^^^^^^^^^^^^^^^^^^^^^^^^^^^^^^^\n"}
,{"stream_name":"stderr","time":120.224927024,"data":"E0913 05:20:20.549000 51 torch/_subclasses/fake_tensor.py:3227] [0/0]   File \"/usr/local/lib/python3.12/dist-packages/torch/autograd/forward_ad.py\", line 180, in unpack_dual\n"}
,{"stream_name":"stderr","time":120.224930007,"data":"E0913 05:20:20.549000 51 torch/_subclasses/fake_tensor.py:3227] [0/0]     primal, dual = _predispatch_unpack_dual(tensor, level=level)\n"}
,{"stream_name":"stderr","time":120.224934368,"data":"E0913 05:20:20.549000 51 torch/_subclasses/fake_tensor.py:3227] [0/0]                    ^^^^^^^^^^^^^^^^^^^^^^^^^^^^^^^^^^^^^^^^^^^^^\n"}
,{"stream_name":"stderr","time":120.224939432,"data":"E0913 05:20:20.549000 51 torch/_subclasses/fake_tensor.py:3227] [0/0]   File \"/usr/local/lib/python3.12/dist-packages/torch/_functorch/predispatch.py\", line 212, in _unpack_dual\n"}
,{"stream_name":"stderr","time":120.22494822,"data":"E0913 05:20:20.549000 51 torch/_subclasses/fake_tensor.py:3227] [0/0]     return _unpack_dual_impl(tensor, level=level)\n"}
,{"stream_name":"stderr","time":120.224952767,"data":"E0913 05:20:20.549000 51 torch/_subclasses/fake_tensor.py:3227] [0/0]            ^^^^^^^^^^^^^^^^^^^^^^^^^^^^^^^^^^^^^^\n"}
,{"stream_name":"stderr","time":120.224957853,"data":"E0913 05:20:20.549000 51 torch/_subclasses/fake_tensor.py:3227] [0/0] RuntimeError: InferenceMode::is_enabled() \u0026\u0026 self.is_inference() INTERNAL ASSERT FAILED at \"/__w/pytorch/pytorch/aten/src/ATen/native/VariableMethodStubs.cpp\":66, please report a bug to PyTorch. Expected this method to only be reached in inference mode and when all the inputs are inference tensors. You should NOT call this method directly as native::_fw_primal. Please use the dispatcher, i.e., at::_fw_primal. Please file an issue if you come across this error otherwise.\n"}
,{"stream_name":"stderr","time":120.350720961,"data":"E0913 05:20:20.674000 51 torch/_subclasses/fake_tensor.py:3227] [0/0] failed while attempting to run meta for aten.lerp_.Tensor\n"}
,{"stream_name":"stderr","time":120.350777907,"data":"E0913 05:20:20.674000 51 torch/_subclasses/fake_tensor.py:3227] [0/0] Traceback (most recent call last):\n"}
,{"stream_name":"stderr","time":120.350784118,"data":"E0913 05:20:20.674000 51 torch/_subclasses/fake_tensor.py:3227] [0/0]   File \"/usr/local/lib/python3.12/dist-packages/torch/_subclasses/fake_tensor.py\", line 3223, in _dispatch_impl\n"}
,{"stream_name":"stderr","time":120.350789474,"data":"E0913 05:20:20.674000 51 torch/_subclasses/fake_tensor.py:3227] [0/0]     r = func(*args, **kwargs)\n"}
,{"stream_name":"stderr","time":120.350793705,"data":"E0913 05:20:20.674000 51 torch/_subclasses/fake_tensor.py:3227] [0/0]         ^^^^^^^^^^^^^^^^^^^^^\n"}
,{"stream_name":"stderr","time":120.350798127,"data":"E0913 05:20:20.674000 51 torch/_subclasses/fake_tensor.py:3227] [0/0]   File \"/usr/local/lib/python3.12/dist-packages/torch/_ops.py\", line 916, in __call__\n"}
,{"stream_name":"stderr","time":120.350802832,"data":"E0913 05:20:20.674000 51 torch/_subclasses/fake_tensor.py:3227] [0/0]     return self._op(*args, **kwargs)\n"}
,{"stream_name":"stderr","time":120.350806793,"data":"E0913 05:20:20.674000 51 torch/_subclasses/fake_tensor.py:3227] [0/0]            ^^^^^^^^^^^^^^^^^^^^^^^^^\n"}
,{"stream_name":"stderr","time":120.350811014,"data":"E0913 05:20:20.674000 51 torch/_subclasses/fake_tensor.py:3227] [0/0]   File \"/usr/local/lib/python3.12/dist-packages/torch/_meta_registrations.py\", line 9227, in _fn\n"}
,{"stream_name":"stderr","time":120.35093645,"data":"E0913 05:20:20.674000 51 torch/_subclasses/fake_tensor.py:3227] [0/0]     out = fn(self, *args, **kwargs)\n"}
,{"stream_name":"stderr","time":120.350942899,"data":"E0913 05:20:20.674000 51 torch/_subclasses/fake_tensor.py:3227] [0/0]           ^^^^^^^^^^^^^^^^^^^^^^^^^\n"}
,{"stream_name":"stderr","time":120.350947227,"data":"E0913 05:20:20.674000 51 torch/_subclasses/fake_tensor.py:3227] [0/0]   File \"/usr/local/lib/python3.12/dist-packages/torch/_ops.py\", line 1350, in __call__\n"}
,{"stream_name":"stderr","time":120.350951744,"data":"E0913 05:20:20.674000 51 torch/_subclasses/fake_tensor.py:3227] [0/0]     return self._op(*args, **kwargs)\n"}
,{"stream_name":"stderr","time":120.350955967,"data":"E0913 05:20:20.674000 51 torch/_subclasses/fake_tensor.py:3227] [0/0]            ^^^^^^^^^^^^^^^^^^^^^^^^^\n"}
,{"stream_name":"stderr","time":120.350959757,"data":"E0913 05:20:20.674000 51 torch/_subclasses/fake_tensor.py:3227] [0/0]   File \"/usr/local/lib/python3.12/dist-packages/torch/_tensor.py\", line 564, in __repr__\n"}
,{"stream_name":"stderr","time":120.35097969,"data":"E0913 05:20:20.674000 51 torch/_subclasses/fake_tensor.py:3227] [0/0]     return torch._tensor_str._str(self, tensor_contents=tensor_contents)\n"}
,{"stream_name":"stderr","time":120.350987241,"data":"E0913 05:20:20.674000 51 torch/_subclasses/fake_tensor.py:3227] [0/0]            ^^^^^^^^^^^^^^^^^^^^^^^^^^^^^^^^^^^^^^^^^^^^^^^^^^^^^^^^^^^^^\n"}
,{"stream_name":"stderr","time":120.350991988,"data":"E0913 05:20:20.674000 51 torch/_subclasses/fake_tensor.py:3227] [0/0]   File \"/usr/local/lib/python3.12/dist-packages/torch/_tensor_str.py\", line 715, in _str\n"}
,{"stream_name":"stderr","time":120.350996336,"data":"E0913 05:20:20.674000 51 torch/_subclasses/fake_tensor.py:3227] [0/0]     return _str_intern(self, tensor_contents=tensor_contents)\n"}
,{"stream_name":"stderr","time":120.3510005,"data":"E0913 05:20:20.674000 51 torch/_subclasses/fake_tensor.py:3227] [0/0]            ^^^^^^^^^^^^^^^^^^^^^^^^^^^^^^^^^^^^^^^^^^^^^^^^^^\n"}
,{"stream_name":"stderr","time":120.351004694,"data":"E0913 05:20:20.674000 51 torch/_subclasses/fake_tensor.py:3227] [0/0]   File \"/usr/local/lib/python3.12/dist-packages/torch/_tensor_str.py\", line 427, in _str_intern\n"}
,{"stream_name":"stderr","time":120.351008988,"data":"E0913 05:20:20.674000 51 torch/_subclasses/fake_tensor.py:3227] [0/0]     self, tangent = torch.autograd.forward_ad.unpack_dual(inp)\n"}
,{"stream_name":"stderr","time":120.351013052,"data":"E0913 05:20:20.674000 51 torch/_subclasses/fake_tensor.py:3227] [0/0]                     ^^^^^^^^^^^^^^^^^^^^^^^^^^^^^^^^^^^^^^^^^^\n"}
,{"stream_name":"stderr","time":120.351017126,"data":"E0913 05:20:20.674000 51 torch/_subclasses/fake_tensor.py:3227] [0/0]   File \"/usr/local/lib/python3.12/dist-packages/torch/autograd/forward_ad.py\", line 180, in unpack_dual\n"}
,{"stream_name":"stderr","time":120.351021587,"data":"E0913 05:20:20.674000 51 torch/_subclasses/fake_tensor.py:3227] [0/0]     primal, dual = _predispatch_unpack_dual(tensor, level=level)\n"}
,{"stream_name":"stderr","time":120.351025943,"data":"E0913 05:20:20.674000 51 torch/_subclasses/fake_tensor.py:3227] [0/0]                    ^^^^^^^^^^^^^^^^^^^^^^^^^^^^^^^^^^^^^^^^^^^^^\n"}
,{"stream_name":"stderr","time":120.351029962,"data":"E0913 05:20:20.674000 51 torch/_subclasses/fake_tensor.py:3227] [0/0]   File \"/usr/local/lib/python3.12/dist-packages/torch/_functorch/predispatch.py\", line 212, in _unpack_dual\n"}
,{"stream_name":"stderr","time":120.35103466,"data":"E0913 05:20:20.674000 51 torch/_subclasses/fake_tensor.py:3227] [0/0]     return _unpack_dual_impl(tensor, level=level)\n"}
,{"stream_name":"stderr","time":120.351037848,"data":"E0913 05:20:20.674000 51 torch/_subclasses/fake_tensor.py:3227] [0/0]            ^^^^^^^^^^^^^^^^^^^^^^^^^^^^^^^^^^^^^^\n"}
,{"stream_name":"stderr","time":120.351042332,"data":"E0913 05:20:20.674000 51 torch/_subclasses/fake_tensor.py:3227] [0/0] RuntimeError: InferenceMode::is_enabled() \u0026\u0026 self.is_inference() INTERNAL ASSERT FAILED at \"/__w/pytorch/pytorch/aten/src/ATen/native/VariableMethodStubs.cpp\":66, please report a bug to PyTorch. Expected this method to only be reached in inference mode and when all the inputs are inference tensors. You should NOT call this method directly as native::_fw_primal. Please use the dispatcher, i.e., at::_fw_primal. Please file an issue if you come across this error otherwise.\n"}
,{"stream_name":"stderr","time":120.479462942,"data":"E0913 05:20:20.803000 51 torch/_subclasses/fake_tensor.py:3227] [0/0] failed while attempting to run meta for aten.lerp_.Tensor\n"}
,{"stream_name":"stderr","time":120.479545634,"data":"E0913 05:20:20.803000 51 torch/_subclasses/fake_tensor.py:3227] [0/0] Traceback (most recent call last):\n"}
,{"stream_name":"stderr","time":120.479552152,"data":"E0913 05:20:20.803000 51 torch/_subclasses/fake_tensor.py:3227] [0/0]   File \"/usr/local/lib/python3.12/dist-packages/torch/_subclasses/fake_tensor.py\", line 3223, in _dispatch_impl\n"}
,{"stream_name":"stderr","time":120.47957299,"data":"E0913 05:20:20.803000 51 torch/_subclasses/fake_tensor.py:3227] [0/0]     r = func(*args, **kwargs)\n"}
,{"stream_name":"stderr","time":120.479576501,"data":"E0913 05:20:20.803000 51 torch/_subclasses/fake_tensor.py:3227] [0/0]         ^^^^^^^^^^^^^^^^^^^^^\n"}
,{"stream_name":"stderr","time":120.479579179,"data":"E0913 05:20:20.803000 51 torch/_subclasses/fake_tensor.py:3227] [0/0]   File \"/usr/local/lib/python3.12/dist-packages/torch/_ops.py\", line 916, in __call__\n"}
,{"stream_name":"stderr","time":120.479582096,"data":"E0913 05:20:20.803000 51 torch/_subclasses/fake_tensor.py:3227] [0/0]     return self._op(*args, **kwargs)\n"}
,{"stream_name":"stderr","time":120.47958479,"data":"E0913 05:20:20.803000 51 torch/_subclasses/fake_tensor.py:3227] [0/0]            ^^^^^^^^^^^^^^^^^^^^^^^^^\n"}
,{"stream_name":"stderr","time":120.479590755,"data":"E0913 05:20:20.803000 51 torch/_subclasses/fake_tensor.py:3227] [0/0]   File \"/usr/local/lib/python3.12/dist-packages/torch/_meta_registrations.py\", line 9227, in _fn\n"}
,{"stream_name":"stderr","time":120.479593562,"data":"E0913 05:20:20.803000 51 torch/_subclasses/fake_tensor.py:3227] [0/0]     out = fn(self, *args, **kwargs)\n"}
,{"stream_name":"stderr","time":120.479596424,"data":"E0913 05:20:20.803000 51 torch/_subclasses/fake_tensor.py:3227] [0/0]           ^^^^^^^^^^^^^^^^^^^^^^^^^\n"}
,{"stream_name":"stderr","time":120.479599066,"data":"E0913 05:20:20.803000 51 torch/_subclasses/fake_tensor.py:3227] [0/0]   File \"/usr/local/lib/python3.12/dist-packages/torch/_ops.py\", line 1350, in __call__\n"}
,{"stream_name":"stderr","time":120.479602696,"data":"E0913 05:20:20.803000 51 torch/_subclasses/fake_tensor.py:3227] [0/0]     return self._op(*args, **kwargs)\n"}
,{"stream_name":"stderr","time":120.479606528,"data":"E0913 05:20:20.803000 51 torch/_subclasses/fake_tensor.py:3227] [0/0]            ^^^^^^^^^^^^^^^^^^^^^^^^^\n"}
,{"stream_name":"stderr","time":120.479610478,"data":"E0913 05:20:20.803000 51 torch/_subclasses/fake_tensor.py:3227] [0/0]   File \"/usr/local/lib/python3.12/dist-packages/torch/_tensor.py\", line 564, in __repr__\n"}
,{"stream_name":"stderr","time":120.479615051,"data":"E0913 05:20:20.803000 51 torch/_subclasses/fake_tensor.py:3227] [0/0]     return torch._tensor_str._str(self, tensor_contents=tensor_contents)\n"}
,{"stream_name":"stderr","time":120.47962094,"data":"E0913 05:20:20.803000 51 torch/_subclasses/fake_tensor.py:3227] [0/0]            ^^^^^^^^^^^^^^^^^^^^^^^^^^^^^^^^^^^^^^^^^^^^^^^^^^^^^^^^^^^^^\n"}
,{"stream_name":"stderr","time":120.479624698,"data":"E0913 05:20:20.803000 51 torch/_subclasses/fake_tensor.py:3227] [0/0]   File \"/usr/local/lib/python3.12/dist-packages/torch/_tensor_str.py\", line 715, in _str\n"}
,{"stream_name":"stderr","time":120.479629529,"data":"E0913 05:20:20.803000 51 torch/_subclasses/fake_tensor.py:3227] [0/0]     return _str_intern(self, tensor_contents=tensor_contents)\n"}
,{"stream_name":"stderr","time":120.47963367,"data":"E0913 05:20:20.803000 51 torch/_subclasses/fake_tensor.py:3227] [0/0]            ^^^^^^^^^^^^^^^^^^^^^^^^^^^^^^^^^^^^^^^^^^^^^^^^^^\n"}
,{"stream_name":"stderr","time":120.479638056,"data":"E0913 05:20:20.803000 51 torch/_subclasses/fake_tensor.py:3227] [0/0]   File \"/usr/local/lib/python3.12/dist-packages/torch/_tensor_str.py\", line 427, in _str_intern\n"}
,{"stream_name":"stderr","time":120.479642088,"data":"E0913 05:20:20.803000 51 torch/_subclasses/fake_tensor.py:3227] [0/0]     self, tangent = torch.autograd.forward_ad.unpack_dual(inp)\n"}
,{"stream_name":"stderr","time":120.479646109,"data":"E0913 05:20:20.803000 51 torch/_subclasses/fake_tensor.py:3227] [0/0]                     ^^^^^^^^^^^^^^^^^^^^^^^^^^^^^^^^^^^^^^^^^^\n"}
,{"stream_name":"stderr","time":120.479654663,"data":"E0913 05:20:20.803000 51 torch/_subclasses/fake_tensor.py:3227] [0/0]   File \"/usr/local/lib/python3.12/dist-packages/torch/autograd/forward_ad.py\", line 180, in unpack_dual\n"}
,{"stream_name":"stderr","time":120.479659345,"data":"E0913 05:20:20.803000 51 torch/_subclasses/fake_tensor.py:3227] [0/0]     primal, dual = _predispatch_unpack_dual(tensor, level=level)\n"}
,{"stream_name":"stderr","time":120.479663523,"data":"E0913 05:20:20.803000 51 torch/_subclasses/fake_tensor.py:3227] [0/0]                    ^^^^^^^^^^^^^^^^^^^^^^^^^^^^^^^^^^^^^^^^^^^^^\n"}
,{"stream_name":"stderr","time":120.479668001,"data":"E0913 05:20:20.803000 51 torch/_subclasses/fake_tensor.py:3227] [0/0]   File \"/usr/local/lib/python3.12/dist-packages/torch/_functorch/predispatch.py\", line 212, in _unpack_dual\n"}
,{"stream_name":"stderr","time":120.479672583,"data":"E0913 05:20:20.803000 51 torch/_subclasses/fake_tensor.py:3227] [0/0]     return _unpack_dual_impl(tensor, level=level)\n"}
,{"stream_name":"stderr","time":120.479676723,"data":"E0913 05:20:20.803000 51 torch/_subclasses/fake_tensor.py:3227] [0/0]            ^^^^^^^^^^^^^^^^^^^^^^^^^^^^^^^^^^^^^^\n"}
,{"stream_name":"stderr","time":120.479681488,"data":"E0913 05:20:20.803000 51 torch/_subclasses/fake_tensor.py:3227] [0/0] RuntimeError: InferenceMode::is_enabled() \u0026\u0026 self.is_inference() INTERNAL ASSERT FAILED at \"/__w/pytorch/pytorch/aten/src/ATen/native/VariableMethodStubs.cpp\":66, please report a bug to PyTorch. Expected this method to only be reached in inference mode and when all the inputs are inference tensors. You should NOT call this method directly as native::_fw_primal. Please use the dispatcher, i.e., at::_fw_primal. Please file an issue if you come across this error otherwise.\n"}
,{"stream_name":"stdout","time":135.66824762,"data":"torch 2.15.0.dev20260912+cpu\n"}
,{"stream_name":"stdout","time":135.668299124,"data":"[addr] eager=raise INTERNAL ASSERT _make_dual | aot_eager=raise INTERNAL ASSERT _make_dual | inductor=raise INTERNAL ASSERT _make_dual\n"}
,{"stream_name":"stdout","time":135.668306402,"data":"[addr(beta=0.5, alpha=2)] eager=raise INTERNAL ASSERT _make_dual | aot_eager=raise INTERNAL ASSERT _make_dual | inductor=raise INTERNAL ASSERT _make_dual\n"}
,{"stream_name":"stdout","time":135.66831172,"data":"[quantile q=0.5] eager=raise INTERNAL ASSERT _make_dual | aot_eager=raise INTERNAL ASSERT _make_dual | inductor=raise INTERNAL ASSERT _make_dual\n"}
,{"stream_name":"stdout","time":135.668317047,"data":"[quantile q=0.3 dim=1] eager=raise INTERNAL ASSERT _make_dual | aot_eager=raise INTERNAL ASSERT _make_dual | inductor=raise INTERNAL ASSERT _make_dual\n"}
,{"stream_name":"stdout","time":135.668321682,"data":"[quantile q tensor] eager=raise INTERNAL ASSERT _make_dual | aot_eager=raise INTERNAL ASSERT _make_dual | inductor=raise INTERNAL ASSERT _make_dual\n"}
,{"stream_name":"stdout","time":135.668326617,"data":"[nanquantile q=0.5] eager=raise INTERNAL ASSERT _make_dual | aot_eager=raise INTERNAL ASSERT _make_dual | inductor=raise INTERNAL ASSERT _make_dual\n"}
,{"stream_name":"stdout","time":135.668331657,"data":"[median dim] eager=ok(0e+00) | aot_eager=ok(0e+00) | inductor=ok(0e+00)\n"}
,{"stream_name":"stdout","time":135.668336462,"data":"[kthvalue] eager=ok(0e+00) | aot_eager=ok(0e+00) | inductor=ok(0e+00)\n"}
,{"stream_name":"stdout","time":135.66834183,"data":"[sort values] eager=ok(0e+00) | aot_eager=ok(0e+00) | inductor=ok(0e+00)\n"}
,{"stream_name":"stdout","time":137.167886625,"data":"JOB DONE\n"}
,{"stream_name":"stderr","time":139.950224531,"data":"/usr/local/lib/python3.12/dist-packages/mistune.py:435: SyntaxWarning: invalid escape sequence '\\|'\n"}
,{"stream_name":"stderr","time":139.950272278,"data":"  cells[i][c] = re.sub('\\\\\\\\\\|', '|', cell)\n"}
,{"stream_name":"stderr","time":140.337476102,"data":"/usr/local/lib/python3.12/dist-packages/nbconvert/filters/filter_links.py:36: SyntaxWarning: invalid escape sequence '\\_'\n"}
,{"stream_name":"stderr","time":140.337510804,"data":"  text = re.sub(r'_', '\\_', text) # Escape underscores in display text\n"}
,{"stream_name":"stderr","time":141.12432436,"data":"[NbConvertApp] Converting notebook __script__.ipynb to html\n"}
,{"stream_name":"stderr","time":142.937642409,"data":"[NbConvertApp] Writing 277107 bytes to __results__.html\n"}
]