W0922 06:53:51.852000 9172 Lib\site-packages\torch\_dynamo\convert_frame.py:2055] [0/8] torch._dynamo hit config.recompile_limit (8)
W0922 06:53:51.852000 9172 Lib\site-packages\torch\_dynamo\convert_frame.py:2055] [0/8]    function: '<lambda>' (D:\wsl\personal\dr\paper\toxic_compile\plan\reports_scalar_seq\specialized_value_census_v2.py:36)
W0922 06:53:51.852000 9172 Lib\site-packages\torch\_dynamo\convert_frame.py:2055] [0/8]    last reason: 0/7: s == -0.5  # (_dynamo\output_graph.py:3519 in remove_tensorify_specialized_graphargs)
W0922 06:53:51.852000 9172 Lib\site-packages\torch\_dynamo\convert_frame.py:2055] [0/8] To log all recompilation reasons, use TORCH_LOGS="recompiles".
W0922 06:53:51.852000 9172 Lib\site-packages\torch\_dynamo\convert_frame.py:2055] [0/8] To diagnose recompilation issues, see https://docs.pytorch.org/docs/main/user_guide/torch_compiler/compile/programming_model.recompilation.html
W0922 06:54:11.586000 9172 Lib\site-packages\torch\_dynamo\convert_frame.py:2055] [0/8] torch._dynamo hit config.recompile_limit (8)
W0922 06:54:11.586000 9172 Lib\site-packages\torch\_dynamo\convert_frame.py:2055] [0/8]    function: '<lambda>' (D:\wsl\personal\dr\paper\toxic_compile\plan\reports_scalar_seq\specialized_value_census_v2.py:37)
W0922 06:54:11.586000 9172 Lib\site-packages\torch\_dynamo\convert_frame.py:2055] [0/8]    last reason: 0/7: s == -0.5  # (_dynamo\output_graph.py:3519 in remove_tensorify_specialized_graphargs)
W0922 06:54:11.586000 9172 Lib\site-packages\torch\_dynamo\convert_frame.py:2055] [0/8] To log all recompilation reasons, use TORCH_LOGS="recompiles".
W0922 06:54:11.586000 9172 Lib\site-packages\torch\_dynamo\convert_frame.py:2055] [0/8] To diagnose recompilation issues, see https://docs.pytorch.org/docs/main/user_guide/torch_compiler/compile/programming_model.recompilation.html
W0922 06:54:12.664000 9172 Lib\site-packages\torch\_dynamo\convert_frame.py:2055] [0/8] torch._dynamo hit config.recompile_limit (8)
W0922 06:54:12.664000 9172 Lib\site-packages\torch\_dynamo\convert_frame.py:2055] [0/8]    function: '<lambda>' (D:\wsl\personal\dr\paper\toxic_compile\plan\reports_scalar_seq\specialized_value_census_v2.py:38)
W0922 06:54:12.664000 9172 Lib\site-packages\torch\_dynamo\convert_frame.py:2055] [0/8]    last reason: 0/7: s == -0.5  # (_dynamo\output_graph.py:3519 in remove_tensorify_specialized_graphargs)
W0922 06:54:12.664000 9172 Lib\site-packages\torch\_dynamo\convert_frame.py:2055] [0/8] To log all recompilation reasons, use TORCH_LOGS="recompiles".
W0922 06:54:12.664000 9172 Lib\site-packages\torch\_dynamo\convert_frame.py:2055] [0/8] To diagnose recompilation issues, see https://docs.pytorch.org/docs/main/user_guide/torch_compiler/compile/programming_model.recompilation.html
W0922 06:54:37.650000 9172 Lib\site-packages\torch\_dynamo\convert_frame.py:2055] [0/8] torch._dynamo hit config.recompile_limit (8)
W0922 06:54:37.650000 9172 Lib\site-packages\torch\_dynamo\convert_frame.py:2055] [0/8]    function: '<lambda>' (D:\wsl\personal\dr\paper\toxic_compile\plan\reports_scalar_seq\specialized_value_census_v2.py:39)
W0922 06:54:37.650000 9172 Lib\site-packages\torch\_dynamo\convert_frame.py:2055] [0/8]    last reason: 0/7: s == -0.5  # (_dynamo\output_graph.py:3519 in remove_tensorify_specialized_graphargs)
W0922 06:54:37.650000 9172 Lib\site-packages\torch\_dynamo\convert_frame.py:2055] [0/8] To log all recompilation reasons, use TORCH_LOGS="recompiles".
W0922 06:54:37.650000 9172 Lib\site-packages\torch\_dynamo\convert_frame.py:2055] [0/8] To diagnose recompilation issues, see https://docs.pytorch.org/docs/main/user_guide/torch_compiler/compile/programming_model.recompilation.html
W0922 06:55:07.342000 9172 Lib\site-packages\torch\_dynamo\convert_frame.py:2055] [0/8] torch._dynamo hit config.recompile_limit (8)
W0922 06:55:07.342000 9172 Lib\site-packages\torch\_dynamo\convert_frame.py:2055] [0/8]    function: '<lambda>' (D:\wsl\personal\dr\paper\toxic_compile\plan\reports_scalar_seq\specialized_value_census_v2.py:41)
W0922 06:55:07.342000 9172 Lib\site-packages\torch\_dynamo\convert_frame.py:2055] [0/8]    last reason: 0/7: s == -0.5  # (_dynamo\output_graph.py:3519 in remove_tensorify_specialized_graphargs)
W0922 06:55:07.342000 9172 Lib\site-packages\torch\_dynamo\convert_frame.py:2055] [0/8] To log all recompilation reasons, use TORCH_LOGS="recompiles".
W0922 06:55:07.342000 9172 Lib\site-packages\torch\_dynamo\convert_frame.py:2055] [0/8] To diagnose recompilation issues, see https://docs.pytorch.org/docs/main/user_guide/torch_compiler/compile/programming_model.recompilation.html
W0922 06:55:27.051000 9172 Lib\site-packages\torch\_dynamo\convert_frame.py:2055] [0/8] torch._dynamo hit config.recompile_limit (8)
W0922 06:55:27.051000 9172 Lib\site-packages\torch\_dynamo\convert_frame.py:2055] [0/8]    function: '<lambda>' (D:\wsl\personal\dr\paper\toxic_compile\plan\reports_scalar_seq\specialized_value_census_v2.py:42)
W0922 06:55:27.051000 9172 Lib\site-packages\torch\_dynamo\convert_frame.py:2055] [0/8]    last reason: 0/7: s == -0.5  # (_dynamo\output_graph.py:3519 in remove_tensorify_specialized_graphargs)
W0922 06:55:27.051000 9172 Lib\site-packages\torch\_dynamo\convert_frame.py:2055] [0/8] To log all recompilation reasons, use TORCH_LOGS="recompiles".
W0922 06:55:27.051000 9172 Lib\site-packages\torch\_dynamo\convert_frame.py:2055] [0/8] To diagnose recompilation issues, see https://docs.pytorch.org/docs/main/user_guide/torch_compiler/compile/programming_model.recompilation.html
W0922 06:55:50.766000 9172 Lib\site-packages\torch\_dynamo\convert_frame.py:2055] [0/8] torch._dynamo hit config.recompile_limit (8)
W0922 06:55:50.766000 9172 Lib\site-packages\torch\_dynamo\convert_frame.py:2055] [0/8]    function: '<lambda>' (D:\wsl\personal\dr\paper\toxic_compile\plan\reports_scalar_seq\specialized_value_census_v2.py:43)
W0922 06:55:50.766000 9172 Lib\site-packages\torch\_dynamo\convert_frame.py:2055] [0/8]    last reason: 0/7: s == -0.5  # (_dynamo\output_graph.py:3519 in remove_tensorify_specialized_graphargs)
W0922 06:55:50.766000 9172 Lib\site-packages\torch\_dynamo\convert_frame.py:2055] [0/8] To log all recompilation reasons, use TORCH_LOGS="recompiles".
W0922 06:55:50.766000 9172 Lib\site-packages\torch\_dynamo\convert_frame.py:2055] [0/8] To diagnose recompilation issues, see https://docs.pytorch.org/docs/main/user_guide/torch_compiler/compile/programming_model.recompilation.html
E0922 06:55:51.974000 9172 Lib\site-packages\torch\_subclasses\fake_tensor.py:3227] [0/6] failed while attempting to run meta for aten.topk.default
E0922 06:55:51.974000 9172 Lib\site-packages\torch\_subclasses\fake_tensor.py:3227] [0/6] Traceback (most recent call last):
E0922 06:55:51.974000 9172 Lib\site-packages\torch\_subclasses\fake_tensor.py:3227] [0/6]   File "D:\wsl\personal\dr\paper\toxic_compile\venv_nightly\Lib\site-packages\torch\_subclasses\fake_tensor.py", line 3223, in _dispatch_impl
E0922 06:55:51.974000 9172 Lib\site-packages\torch\_subclasses\fake_tensor.py:3227] [0/6]     r = func(*args, **kwargs)
E0922 06:55:51.974000 9172 Lib\site-packages\torch\_subclasses\fake_tensor.py:3227] [0/6]   File "D:\wsl\personal\dr\paper\toxic_compile\venv_nightly\Lib\site-packages\torch\_ops.py", line 916, in __call__
E0922 06:55:51.974000 9172 Lib\site-packages\torch\_subclasses\fake_tensor.py:3227] [0/6]     return self._op(*args, **kwargs)
E0922 06:55:51.974000 9172 Lib\site-packages\torch\_subclasses\fake_tensor.py:3227] [0/6]            ~~~~~~~~^^^^^^^^^^^^^^^^^
E0922 06:55:51.974000 9172 Lib\site-packages\torch\_subclasses\fake_tensor.py:3227] [0/6]   File "D:\wsl\personal\dr\paper\toxic_compile\venv_nightly\Lib\site-packages\torch\_decomp\__init__.py", line 132, in _fn
E0922 06:55:51.974000 9172 Lib\site-packages\torch\_subclasses\fake_tensor.py:3227] [0/6]     return f(*args, **kwargs, out=None if is_none else out_kwargs)
E0922 06:55:51.974000 9172 Lib\site-packages\torch\_subclasses\fake_tensor.py:3227] [0/6]   File "D:\wsl\personal\dr\paper\toxic_compile\venv_nightly\Lib\site-packages\torch\_prims_common\wrappers.py", line 313, in _fn
E0922 06:55:51.974000 9172 Lib\site-packages\torch\_subclasses\fake_tensor.py:3227] [0/6]     result = fn(*args, **kwargs)
E0922 06:55:51.974000 9172 Lib\site-packages\torch\_subclasses\fake_tensor.py:3227] [0/6]   File "D:\wsl\personal\dr\paper\toxic_compile\venv_nightly\Lib\site-packages\torch\_meta_registrations.py", line 8001, in topk_meta
E0922 06:55:51.974000 9172 Lib\site-packages\torch\_subclasses\fake_tensor.py:3227] [0/6]     torch._check(k <= sliceSize, lambda: "k not in range for dimension")
E0922 06:55:51.974000 9172 Lib\site-packages\torch\_subclasses\fake_tensor.py:3227] [0/6]     ~~~~~~~~~~~~^^^^^^^^^^^^^^^^^^^^^^^^^^^^^^^^^^^^^^^^^^^^^^^^^^^^^^^^
E0922 06:55:51.974000 9172 Lib\site-packages\torch\_subclasses\fake_tensor.py:3227] [0/6]   File "D:\wsl\personal\dr\paper\toxic_compile\venv_nightly\Lib\site-packages\torch\__init__.py", line 2161, in _check
E0922 06:55:51.974000 9172 Lib\site-packages\torch\_subclasses\fake_tensor.py:3227] [0/6]     _check_with(RuntimeError, cond, message)
E0922 06:55:51.974000 9172 Lib\site-packages\torch\_subclasses\fake_tensor.py:3227] [0/6]     ~~~~~~~~~~~^^^^^^^^^^^^^^^^^^^^^^^^^^^^^
E0922 06:55:51.974000 9172 Lib\site-packages\torch\_subclasses\fake_tensor.py:3227] [0/6]   File "D:\wsl\personal\dr\paper\toxic_compile\venv_nightly\Lib\site-packages\torch\__init__.py", line 2139, in _check_with
E0922 06:55:51.974000 9172 Lib\site-packages\torch\_subclasses\fake_tensor.py:3227] [0/6]     raise error_type(message_evaluated)
E0922 06:55:51.974000 9172 Lib\site-packages\torch\_subclasses\fake_tensor.py:3227] [0/6] RuntimeError: k not in range for dimension
W0922 06:55:55.998000 9172 Lib\site-packages\torch\utils\_sympy\interp.py:190] [0/1] failed while executing pow_by_natural([VR[2, 2], VR[0.0, int_oo]])
W0922 06:55:55.999000 9172 Lib\site-packages\torch\fx\experimental\symbolic_shapes.py:8755] [0/1] failed during evaluate_expr(Eq(PowByNatural(2, TruncToInt(2.0*Abs(zf72))), -1), hint=False, size_oblivious=False, forcing_spec=False
W0922 06:55:56.066000 9172 Lib\site-packages\torch\utils\_sympy\interp.py:190] [0/2] failed while executing pow_by_natural([VR[2, 2], VR[0.0, int_oo]])
W0922 06:55:56.069000 9172 Lib\site-packages\torch\fx\experimental\symbolic_shapes.py:8755] [0/2] failed during evaluate_expr(Eq(PowByNatural(2, TruncToInt(2.0*Abs(zf72))), -1), hint=False, size_oblivious=False, forcing_spec=False
W0922 06:55:56.089000 9172 Lib\site-packages\torch\utils\_sympy\interp.py:190] [0/3] failed while executing pow_by_natural([VR[2, 2], VR[0.0, int_oo]])
W0922 06:55:56.092000 9172 Lib\site-packages\torch\fx\experimental\symbolic_shapes.py:8755] [0/3] failed during evaluate_expr(Eq(PowByNatural(2, TruncToInt(2.0*Abs(zf72))), -1), hint=False, size_oblivious=False, forcing_spec=False
W0922 06:55:56.112000 9172 Lib\site-packages\torch\utils\_sympy\interp.py:190] [0/4] failed while executing pow_by_natural([VR[2, 2], VR[0.0, int_oo]])
W0922 06:55:56.114000 9172 Lib\site-packages\torch\fx\experimental\symbolic_shapes.py:8755] [0/4] failed during evaluate_expr(Eq(PowByNatural(2, TruncToInt(2.0*Abs(zf72))), -1), hint=False, size_oblivious=False, forcing_spec=False
W0922 06:55:56.133000 9172 Lib\site-packages\torch\utils\_sympy\interp.py:190] [0/5] failed while executing pow_by_natural([VR[2, 2], VR[0.0, int_oo]])
W0922 06:55:56.134000 9172 Lib\site-packages\torch\fx\experimental\symbolic_shapes.py:8755] [0/5] failed during evaluate_expr(Eq(PowByNatural(2, TruncToInt(2.0*Abs(zf72))), -1), hint=False, size_oblivious=False, forcing_spec=False
W0922 06:55:56.166000 9172 Lib\site-packages\torch\utils\_sympy\interp.py:190] [0/6] failed while executing pow_by_natural([VR[2, 2], VR[0.0, int_oo]])
W0922 06:55:56.167000 9172 Lib\site-packages\torch\fx\experimental\symbolic_shapes.py:8755] [0/6] failed during evaluate_expr(Eq(PowByNatural(2, TruncToInt(2.0*Abs(zf72))), -1), hint=False, size_oblivious=False, forcing_spec=False
W0922 06:55:56.190000 9172 Lib\site-packages\torch\utils\_sympy\interp.py:190] [0/7] failed while executing pow_by_natural([VR[2, 2], VR[0.0, int_oo]])
W0922 06:55:56.192000 9172 Lib\site-packages\torch\fx\experimental\symbolic_shapes.py:8755] [0/7] failed during evaluate_expr(Eq(PowByNatural(2, TruncToInt(2.0*Abs(zf72))), -1), hint=False, size_oblivious=False, forcing_spec=False
W0922 06:55:56.211000 9172 Lib\site-packages\torch\utils\_sympy\interp.py:190] [0/8] failed while executing pow_by_natural([VR[2, 2], VR[0.0, int_oo]])
W0922 06:55:56.214000 9172 Lib\site-packages\torch\fx\experimental\symbolic_shapes.py:8755] [0/8] failed during evaluate_expr(Eq(PowByNatural(2, TruncToInt(2.0*Abs(zf72))), -1), hint=False, size_oblivious=False, forcing_spec=False
W0922 06:55:56.234000 9172 Lib\site-packages\torch\utils\_sympy\interp.py:190] [0/9] failed while executing pow_by_natural([VR[2, 2], VR[0.0, int_oo]])
W0922 06:55:56.236000 9172 Lib\site-packages\torch\fx\experimental\symbolic_shapes.py:8755] [0/9] failed during evaluate_expr(Eq(PowByNatural(2, TruncToInt(2.0*Abs(zf72))), -1), hint=False, size_oblivious=False, forcing_spec=False
W0922 06:56:19.027000 9172 Lib\site-packages\torch\_dynamo\convert_frame.py:2055] [0/8] torch._dynamo hit config.recompile_limit (8)
W0922 06:56:19.027000 9172 Lib\site-packages\torch\_dynamo\convert_frame.py:2055] [0/8]    function: '<lambda>' (D:\wsl\personal\dr\paper\toxic_compile\plan\reports_scalar_seq\specialized_value_census_v2.py:47)
W0922 06:56:19.027000 9172 Lib\site-packages\torch\_dynamo\convert_frame.py:2055] [0/8]    last reason: 0/7: s == -0.5  # (_dynamo\output_graph.py:3519 in remove_tensorify_specialized_graphargs)
W0922 06:56:19.027000 9172 Lib\site-packages\torch\_dynamo\convert_frame.py:2055] [0/8] To log all recompilation reasons, use TORCH_LOGS="recompiles".
W0922 06:56:19.027000 9172 Lib\site-packages\torch\_dynamo\convert_frame.py:2055] [0/8] To diagnose recompilation issues, see https://docs.pytorch.org/docs/main/user_guide/torch_compiler/compile/programming_model.recompilation.html
W0922 06:56:44.784000 9172 Lib\site-packages\torch\utils\_sympy\interp.py:190] [0/1] failed while executing int_truediv([VR[8, 8], VR[2.00000000000000, int_oo]])
W0922 06:56:44.786000 9172 Lib\site-packages\torch\fx\experimental\symbolic_shapes.py:8755] [0/1] failed during evaluate_expr(IntTrueDiv(8, TruncToInt(8.0*Abs(zf72)) + 2), hint=1.3333333333333333, size_oblivious=False, forcing_spec=False
W0922 06:57:02.074000 9172 Lib\site-packages\torch\_dynamo\convert_frame.py:2055] [0/9] torch._dynamo hit config.recompile_limit (8)
W0922 06:57:02.074000 9172 Lib\site-packages\torch\_dynamo\convert_frame.py:2055] [0/9]    function: '<lambda>' (D:\wsl\personal\dr\paper\toxic_compile\plan\reports_scalar_seq\specialized_value_census_v2.py:52)
W0922 06:57:02.074000 9172 Lib\site-packages\torch\_dynamo\convert_frame.py:2055] [0/9]    last reason: 0/8: s == -0.5  # (_dynamo\output_graph.py:3519 in remove_tensorify_specialized_graphargs)
W0922 06:57:02.074000 9172 Lib\site-packages\torch\_dynamo\convert_frame.py:2055] [0/9] To log all recompilation reasons, use TORCH_LOGS="recompiles".
W0922 06:57:02.074000 9172 Lib\site-packages\torch\_dynamo\convert_frame.py:2055] [0/9] To diagnose recompilation issues, see https://docs.pytorch.org/docs/main/user_guide/torch_compiler/compile/programming_model.recompilation.html
E0922 06:57:02.487000 9172 Lib\site-packages\torch\_subclasses\fake_tensor.py:3227] [0/6] failed while attempting to run meta for aten.unfold.default
E0922 06:57:02.487000 9172 Lib\site-packages\torch\_subclasses\fake_tensor.py:3227] [0/6] Traceback (most recent call last):
E0922 06:57:02.487000 9172 Lib\site-packages\torch\_subclasses\fake_tensor.py:3227] [0/6]   File "D:\wsl\personal\dr\paper\toxic_compile\venv_nightly\Lib\site-packages\torch\_subclasses\fake_tensor.py", line 3223, in _dispatch_impl
E0922 06:57:02.487000 9172 Lib\site-packages\torch\_subclasses\fake_tensor.py:3227] [0/6]     r = func(*args, **kwargs)
E0922 06:57:02.487000 9172 Lib\site-packages\torch\_subclasses\fake_tensor.py:3227] [0/6]   File "D:\wsl\personal\dr\paper\toxic_compile\venv_nightly\Lib\site-packages\torch\_ops.py", line 916, in __call__
E0922 06:57:02.487000 9172 Lib\site-packages\torch\_subclasses\fake_tensor.py:3227] [0/6]     return self._op(*args, **kwargs)
E0922 06:57:02.487000 9172 Lib\site-packages\torch\_subclasses\fake_tensor.py:3227] [0/6]            ~~~~~~~~^^^^^^^^^^^^^^^^^
E0922 06:57:02.487000 9172 Lib\site-packages\torch\_subclasses\fake_tensor.py:3227] [0/6]   File "D:\wsl\personal\dr\paper\toxic_compile\venv_nightly\Lib\site-packages\torch\_refs\__init__.py", line 5085, in unfold
E0922 06:57:02.487000 9172 Lib\site-packages\torch\_subclasses\fake_tensor.py:3227] [0/6]     shape, strides = _get_unfold_shape_stride(
E0922 06:57:02.487000 9172 Lib\site-packages\torch\_subclasses\fake_tensor.py:3227] [0/6]                      ~~~~~~~~~~~~~~~~~~~~~~~~^
E0922 06:57:02.487000 9172 Lib\site-packages\torch\_subclasses\fake_tensor.py:3227] [0/6]         self.shape, self.stride(), dimension, size, step
E0922 06:57:02.487000 9172 Lib\site-packages\torch\_subclasses\fake_tensor.py:3227] [0/6]         ^^^^^^^^^^^^^^^^^^^^^^^^^^^^^^^^^^^^^^^^^^^^^^^^
E0922 06:57:02.487000 9172 Lib\site-packages\torch\_subclasses\fake_tensor.py:3227] [0/6]     )
E0922 06:57:02.487000 9172 Lib\site-packages\torch\_subclasses\fake_tensor.py:3227] [0/6]     ^
E0922 06:57:02.487000 9172 Lib\site-packages\torch\_subclasses\fake_tensor.py:3227] [0/6]   File "D:\wsl\personal\dr\paper\toxic_compile\venv_nightly\Lib\site-packages\torch\_refs\__init__.py", line 4048, in _get_unfold_shape_stride
E0922 06:57:02.487000 9172 Lib\site-packages\torch\_subclasses\fake_tensor.py:3227] [0/6]     torch._check(
E0922 06:57:02.487000 9172 Lib\site-packages\torch\_subclasses\fake_tensor.py:3227] [0/6]     ~~~~~~~~~~~~^
E0922 06:57:02.487000 9172 Lib\site-packages\torch\_subclasses\fake_tensor.py:3227] [0/6]         size <= max_size,
E0922 06:57:02.487000 9172 Lib\site-packages\torch\_subclasses\fake_tensor.py:3227] [0/6]         ^^^^^^^^^^^^^^^^^
E0922 06:57:02.487000 9172 Lib\site-packages\torch\_subclasses\fake_tensor.py:3227] [0/6]         lambda: f"Maximum size for tensor at dimension {dim} is {max_size} but size is {size}",
E0922 06:57:02.487000 9172 Lib\site-packages\torch\_subclasses\fake_tensor.py:3227] [0/6]         ^^^^^^^^^^^^^^^^^^^^^^^^^^^^^^^^^^^^^^^^^^^^^^^^^^^^^^^^^^^^^^^^^^^^^^^^^^^^^^^^^^^^^^^
E0922 06:57:02.487000 9172 Lib\site-packages\torch\_subclasses\fake_tensor.py:3227] [0/6]     )
E0922 06:57:02.487000 9172 Lib\site-packages\torch\_subclasses\fake_tensor.py:3227] [0/6]     ^
E0922 06:57:02.487000 9172 Lib\site-packages\torch\_subclasses\fake_tensor.py:3227] [0/6]   File "D:\wsl\personal\dr\paper\toxic_compile\venv_nightly\Lib\site-packages\torch\__init__.py", line 2161, in _check
E0922 06:57:02.487000 9172 Lib\site-packages\torch\_subclasses\fake_tensor.py:3227] [0/6]     _check_with(RuntimeError, cond, message)
E0922 06:57:02.487000 9172 Lib\site-packages\torch\_subclasses\fake_tensor.py:3227] [0/6]     ~~~~~~~~~~~^^^^^^^^^^^^^^^^^^^^^^^^^^^^^
E0922 06:57:02.487000 9172 Lib\site-packages\torch\_subclasses\fake_tensor.py:3227] [0/6]   File "D:\wsl\personal\dr\paper\toxic_compile\venv_nightly\Lib\site-packages\torch\__init__.py", line 2139, in _check_with
E0922 06:57:02.487000 9172 Lib\site-packages\torch\_subclasses\fake_tensor.py:3227] [0/6]     raise error_type(message_evaluated)
E0922 06:57:02.487000 9172 Lib\site-packages\torch\_subclasses\fake_tensor.py:3227] [0/6] RuntimeError: Maximum size for tensor at dimension 0 is 8 but size is 9
W0922 06:57:24.754000 9172 Lib\site-packages\torch\_dynamo\convert_frame.py:2055] [0/8] torch._dynamo hit config.recompile_limit (8)
W0922 06:57:24.754000 9172 Lib\site-packages\torch\_dynamo\convert_frame.py:2055] [0/8]    function: '<lambda>' (D:\wsl\personal\dr\paper\toxic_compile\plan\reports_scalar_seq\specialized_value_census_v2.py:55)
W0922 06:57:24.754000 9172 Lib\site-packages\torch\_dynamo\convert_frame.py:2055] [0/8]    last reason: 0/7: s == -0.5  # (_dynamo\output_graph.py:3519 in remove_tensorify_specialized_graphargs)
W0922 06:57:24.754000 9172 Lib\site-packages\torch\_dynamo\convert_frame.py:2055] [0/8] To log all recompilation reasons, use TORCH_LOGS="recompiles".
W0922 06:57:24.754000 9172 Lib\site-packages\torch\_dynamo\convert_frame.py:2055] [0/8] To diagnose recompilation issues, see https://docs.pytorch.org/docs/main/user_guide/torch_compiler/compile/programming_model.recompilation.html
W0922 06:57:47.097000 9172 Lib\site-packages\torch\_dynamo\convert_frame.py:2055] [0/8] torch._dynamo hit config.recompile_limit (8)
W0922 06:57:47.097000 9172 Lib\site-packages\torch\_dynamo\convert_frame.py:2055] [0/8]    function: '<lambda>' (D:\wsl\personal\dr\paper\toxic_compile\plan\reports_scalar_seq\specialized_value_census_v2.py:56)
W0922 06:57:47.097000 9172 Lib\site-packages\torch\_dynamo\convert_frame.py:2055] [0/8]    last reason: 0/7: s == -0.5  # (_dynamo\output_graph.py:3519 in remove_tensorify_specialized_graphargs)
W0922 06:57:47.097000 9172 Lib\site-packages\torch\_dynamo\convert_frame.py:2055] [0/8] To log all recompilation reasons, use TORCH_LOGS="recompiles".
W0922 06:57:47.097000 9172 Lib\site-packages\torch\_dynamo\convert_frame.py:2055] [0/8] To diagnose recompilation issues, see https://docs.pytorch.org/docs/main/user_guide/torch_compiler/compile/programming_model.recompilation.html
W0922 06:58:07.450000 9172 Lib\site-packages\torch\_dynamo\convert_frame.py:2055] [0/8] torch._dynamo hit config.recompile_limit (8)
W0922 06:58:07.450000 9172 Lib\site-packages\torch\_dynamo\convert_frame.py:2055] [0/8]    function: '<lambda>' (D:\wsl\personal\dr\paper\toxic_compile\plan\reports_scalar_seq\specialized_value_census_v2.py:57)
W0922 06:58:07.450000 9172 Lib\site-packages\torch\_dynamo\convert_frame.py:2055] [0/8]    last reason: 0/7: s == -0.5  # (_dynamo\output_graph.py:3519 in remove_tensorify_specialized_graphargs)
W0922 06:58:07.450000 9172 Lib\site-packages\torch\_dynamo\convert_frame.py:2055] [0/8] To log all recompilation reasons, use TORCH_LOGS="recompiles".
W0922 06:58:07.450000 9172 Lib\site-packages\torch\_dynamo\convert_frame.py:2055] [0/8] To diagnose recompilation issues, see https://docs.pytorch.org/docs/main/user_guide/torch_compiler/compile/programming_model.recompilation.html
W0922 06:58:08.546000 9172 Lib\site-packages\torch\_dynamo\convert_frame.py:2055] [0/8] torch._dynamo hit config.recompile_limit (8)
W0922 06:58:08.546000 9172 Lib\site-packages\torch\_dynamo\convert_frame.py:2055] [0/8]    function: '<lambda>' (D:\wsl\personal\dr\paper\toxic_compile\plan\reports_scalar_seq\specialized_value_census_v2.py:58)
W0922 06:58:08.546000 9172 Lib\site-packages\torch\_dynamo\convert_frame.py:2055] [0/8]    last reason: 0/7: s == -0.5  # (_dynamo\output_graph.py:3519 in remove_tensorify_specialized_graphargs)
W0922 06:58:08.546000 9172 Lib\site-packages\torch\_dynamo\convert_frame.py:2055] [0/8] To log all recompilation reasons, use TORCH_LOGS="recompiles".
W0922 06:58:08.546000 9172 Lib\site-packages\torch\_dynamo\convert_frame.py:2055] [0/8] To diagnose recompilation issues, see https://docs.pytorch.org/docs/main/user_guide/torch_compiler/compile/programming_model.recompilation.html
W0922 06:58:31.349000 9172 Lib\site-packages\torch\_dynamo\convert_frame.py:2055] [0/8] torch._dynamo hit config.recompile_limit (8)
W0922 06:58:31.349000 9172 Lib\site-packages\torch\_dynamo\convert_frame.py:2055] [0/8]    function: '<lambda>' (D:\wsl\personal\dr\paper\toxic_compile\plan\reports_scalar_seq\specialized_value_census_v2.py:59)
W0922 06:58:31.349000 9172 Lib\site-packages\torch\_dynamo\convert_frame.py:2055] [0/8]    last reason: 0/7: s == -0.5  # (_dynamo\output_graph.py:3519 in remove_tensorify_specialized_graphargs)
W0922 06:58:31.349000 9172 Lib\site-packages\torch\_dynamo\convert_frame.py:2055] [0/8] To log all recompilation reasons, use TORCH_LOGS="recompiles".
W0922 06:58:31.349000 9172 Lib\site-packages\torch\_dynamo\convert_frame.py:2055] [0/8] To diagnose recompilation issues, see https://docs.pytorch.org/docs/main/user_guide/torch_compiler/compile/programming_model.recompilation.html
W0922 06:58:54.401000 9172 Lib\site-packages\torch\_dynamo\convert_frame.py:2055] [0/8] torch._dynamo hit config.recompile_limit (8)
W0922 06:58:54.401000 9172 Lib\site-packages\torch\_dynamo\convert_frame.py:2055] [0/8]    function: '<lambda>' (D:\wsl\personal\dr\paper\toxic_compile\plan\reports_scalar_seq\specialized_value_census_v2.py:60)
W0922 06:58:54.401000 9172 Lib\site-packages\torch\_dynamo\convert_frame.py:2055] [0/8]    last reason: 0/7: s == -0.5  # (_dynamo\output_graph.py:3519 in remove_tensorify_specialized_graphargs)
W0922 06:58:54.401000 9172 Lib\site-packages\torch\_dynamo\convert_frame.py:2055] [0/8] To log all recompilation reasons, use TORCH_LOGS="recompiles".
W0922 06:58:54.401000 9172 Lib\site-packages\torch\_dynamo\convert_frame.py:2055] [0/8] To diagnose recompilation issues, see https://docs.pytorch.org/docs/main/user_guide/torch_compiler/compile/programming_model.recompilation.html
W0922 06:59:39.779000 9172 Lib\site-packages\torch\_dynamo\convert_frame.py:2055] [0/8] torch._dynamo hit config.recompile_limit (8)
W0922 06:59:39.779000 9172 Lib\site-packages\torch\_dynamo\convert_frame.py:2055] [0/8]    function: '<lambda>' (D:\wsl\personal\dr\paper\toxic_compile\plan\reports_scalar_seq\specialized_value_census_v2.py:65)
W0922 06:59:39.779000 9172 Lib\site-packages\torch\_dynamo\convert_frame.py:2055] [0/8]    last reason: 0/7: s == -0.5  # (_dynamo\output_graph.py:3519 in remove_tensorify_specialized_graphargs)
W0922 06:59:39.779000 9172 Lib\site-packages\torch\_dynamo\convert_frame.py:2055] [0/8] To log all recompilation reasons, use TORCH_LOGS="recompiles".
W0922 06:59:39.779000 9172 Lib\site-packages\torch\_dynamo\convert_frame.py:2055] [0/8] To diagnose recompilation issues, see https://docs.pytorch.org/docs/main/user_guide/torch_compiler/compile/programming_model.recompilation.html
W0922 07:00:02.151000 9172 Lib\site-packages\torch\_dynamo\convert_frame.py:2055] [0/8] torch._dynamo hit config.recompile_limit (8)
W0922 07:00:02.151000 9172 Lib\site-packages\torch\_dynamo\convert_frame.py:2055] [0/8]    function: '<lambda>' (D:\wsl\personal\dr\paper\toxic_compile\plan\reports_scalar_seq\specialized_value_census_v2.py:66)
W0922 07:00:02.151000 9172 Lib\site-packages\torch\_dynamo\convert_frame.py:2055] [0/8]    last reason: 0/7: s == -0.5  # (_dynamo\output_graph.py:3519 in remove_tensorify_specialized_graphargs)
W0922 07:00:02.151000 9172 Lib\site-packages\torch\_dynamo\convert_frame.py:2055] [0/8] To log all recompilation reasons, use TORCH_LOGS="recompiles".
W0922 07:00:02.151000 9172 Lib\site-packages\torch\_dynamo\convert_frame.py:2055] [0/8] To diagnose recompilation issues, see https://docs.pytorch.org/docs/main/user_guide/torch_compiler/compile/programming_model.recompilation.html
W0922 07:00:24.906000 9172 Lib\site-packages\torch\_dynamo\convert_frame.py:2055] [0/8] torch._dynamo hit config.recompile_limit (8)
W0922 07:00:24.906000 9172 Lib\site-packages\torch\_dynamo\convert_frame.py:2055] [0/8]    function: '<lambda>' (D:\wsl\personal\dr\paper\toxic_compile\plan\reports_scalar_seq\specialized_value_census_v2.py:68)
W0922 07:00:24.906000 9172 Lib\site-packages\torch\_dynamo\convert_frame.py:2055] [0/8]    last reason: 0/7: s == -0.5  # (_dynamo\output_graph.py:3519 in remove_tensorify_specialized_graphargs)
W0922 07:00:24.906000 9172 Lib\site-packages\torch\_dynamo\convert_frame.py:2055] [0/8] To log all recompilation reasons, use TORCH_LOGS="recompiles".
W0922 07:00:24.906000 9172 Lib\site-packages\torch\_dynamo\convert_frame.py:2055] [0/8] To diagnose recompilation issues, see https://docs.pytorch.org/docs/main/user_guide/torch_compiler/compile/programming_model.recompilation.html
W0922 07:00:41.085000 9172 Lib\site-packages\torch\fx\experimental\symbolic_shapes.py:8755] [0/1] failed during evaluate_expr(ToFloat(Mod(TruncToInt(2.0*Abs(zf72)), 2)), hint=1.0, size_oblivious=False, forcing_spec=False
E0922 07:00:41.088000 9172 Lib\site-packages\torch\_subclasses\fake_tensor.py:3227] [0/1] failed while attempting to run meta for aten.var.correction
E0922 07:00:41.088000 9172 Lib\site-packages\torch\_subclasses\fake_tensor.py:3227] [0/1] Traceback (most recent call last):
E0922 07:00:41.088000 9172 Lib\site-packages\torch\_subclasses\fake_tensor.py:3227] [0/1]   File "D:\wsl\personal\dr\paper\toxic_compile\venv_nightly\Lib\site-packages\torch\_subclasses\fake_tensor.py", line 3223, in _dispatch_impl
E0922 07:00:41.088000 9172 Lib\site-packages\torch\_subclasses\fake_tensor.py:3227] [0/1]     r = func(*args, **kwargs)
E0922 07:00:41.088000 9172 Lib\site-packages\torch\_subclasses\fake_tensor.py:3227] [0/1]   File "D:\wsl\personal\dr\paper\toxic_compile\venv_nightly\Lib\site-packages\torch\_ops.py", line 916, in __call__
E0922 07:00:41.088000 9172 Lib\site-packages\torch\_subclasses\fake_tensor.py:3227] [0/1]     return self._op(*args, **kwargs)
E0922 07:00:41.088000 9172 Lib\site-packages\torch\_subclasses\fake_tensor.py:3227] [0/1]            ~~~~~~~~^^^^^^^^^^^^^^^^^
E0922 07:00:41.088000 9172 Lib\site-packages\torch\_subclasses\fake_tensor.py:3227] [0/1]   File "D:\wsl\personal\dr\paper\toxic_compile\venv_nightly\Lib\site-packages\torch\_prims_common\wrappers.py", line 313, in _fn
E0922 07:00:41.088000 9172 Lib\site-packages\torch\_subclasses\fake_tensor.py:3227] [0/1]     result = fn(*args, **kwargs)
E0922 07:00:41.088000 9172 Lib\site-packages\torch\_subclasses\fake_tensor.py:3227] [0/1]   File "D:\wsl\personal\dr\paper\toxic_compile\venv_nightly\Lib\site-packages\torch\_refs\__init__.py", line 2646, in var
E0922 07:00:41.088000 9172 Lib\site-packages\torch\_subclasses\fake_tensor.py:3227] [0/1]     result = _reduction(
E0922 07:00:41.088000 9172 Lib\site-packages\torch\_subclasses\fake_tensor.py:3227] [0/1]         a,
E0922 07:00:41.088000 9172 Lib\site-packages\torch\_subclasses\fake_tensor.py:3227] [0/1]     ...<6 lines>...
E0922 07:00:41.088000 9172 Lib\site-packages\torch\_subclasses\fake_tensor.py:3227] [0/1]         output_dtype_kind=REDUCTION_OUTPUT_TYPE_KIND.COMPLEX_TO_FLOAT,
E0922 07:00:41.088000 9172 Lib\site-packages\torch\_subclasses\fake_tensor.py:3227] [0/1]     )
E0922 07:00:41.088000 9172 Lib\site-packages\torch\_subclasses\fake_tensor.py:3227] [0/1]   File "D:\wsl\personal\dr\paper\toxic_compile\venv_nightly\Lib\site-packages\torch\_refs\__init__.py", line 2389, in _reduction
E0922 07:00:41.088000 9172 Lib\site-packages\torch\_subclasses\fake_tensor.py:3227] [0/1]     result = prim(a, dims)
E0922 07:00:41.088000 9172 Lib\site-packages\torch\_subclasses\fake_tensor.py:3227] [0/1]   File "D:\wsl\personal\dr\paper\toxic_compile\venv_nightly\Lib\site-packages\torch\_ops.py", line 916, in __call__
E0922 07:00:41.088000 9172 Lib\site-packages\torch\_subclasses\fake_tensor.py:3227] [0/1]     return self._op(*args, **kwargs)
E0922 07:00:41.088000 9172 Lib\site-packages\torch\_subclasses\fake_tensor.py:3227] [0/1]            ~~~~~~~~^^^^^^^^^^^^^^^^^
E0922 07:00:41.088000 9172 Lib\site-packages\torch\_subclasses\fake_tensor.py:3227] [0/1] RuntimeError: prims::var() Expected a value of type 'Optional[float]' for argument 'correction' but instead found type 'SymFloat'.
E0922 07:00:41.088000 9172 Lib\site-packages\torch\_subclasses\fake_tensor.py:3227] [0/1] Position: 2
E0922 07:00:41.088000 9172 Lib\site-packages\torch\_subclasses\fake_tensor.py:3227] [0/1] Value: ToFloat(Mod(TruncToInt(2.0*Abs(zf72)), 2))
E0922 07:00:41.088000 9172 Lib\site-packages\torch\_subclasses\fake_tensor.py:3227] [0/1] Declaration: prims::var(Tensor inp, int[]? dims, float? correction=1, *, ScalarType? output_dtype=None) -> Tensor
E0922 07:00:41.088000 9172 Lib\site-packages\torch\_subclasses\fake_tensor.py:3227] [0/1]  Python error details: TypeError: Could not compare ToFloat(0.0) <= 1.00000000000000
E0922 07:00:41.088000 9172 Lib\site-packages\torch\_subclasses\fake_tensor.py:3227] [0/1] 
E0922 07:00:41.088000 9172 Lib\site-packages\torch\_subclasses\fake_tensor.py:3227] [0/1] At:
E0922 07:00:41.088000 9172 Lib\site-packages\torch\_subclasses\fake_tensor.py:3227] [0/1]   D:\wsl\personal\dr\paper\toxic_compile\venv_nightly\Lib\site-packages\torch\utils\_sympy\value_ranges.py(168): __init__
E0922 07:00:41.088000 9172 Lib\site-packages\torch\_subclasses\fake_tensor.py:3227] [0/1]   D:\wsl\personal\dr\paper\toxic_compile\venv_nightly\Lib\site-packages\torch\utils\_sympy\value_ranges.py(347): increasing_map
E0922 07:00:41.088000 9172 Lib\site-packages\torch\_subclasses\fake_tensor.py:3227] [0/1]   D:\wsl\personal\dr\paper\toxic_compile\venv_nightly\Lib\site-packages\torch\utils\_sympy\value_ranges.py(487): to_dtype
E0922 07:00:41.088000 9172 Lib\site-packages\torch\_subclasses\fake_tensor.py:3227] [0/1]   D:\wsl\personal\dr\paper\toxic_compile\venv_nightly\Lib\site-packages\torch\utils\_sympy\interp.py(137): _run_sympy_handler
E0922 07:00:41.088000 9172 Lib\site-packages\torch\_subclasses\fake_tensor.py:3227] [0/1]   D:\wsl\personal\dr\paper\toxic_compile\venv_nightly\Lib\site-packages\torch\utils\_sympy\interp.py(225): sympy_interp
E0922 07:00:41.088000 9172 Lib\site-packages\torch\_subclasses\fake_tensor.py:3227] [0/1]   D:\wsl\personal\dr\paper\toxic_compile\venv_nightly\Lib\site-packages\torch\utils\_sympy\value_ranges.py(1304): bound_sympy
E0922 07:00:41.088000 9172 Lib\site-packages\torch\_subclasses\fake_tensor.py:3227] [0/1]   D:\wsl\personal\dr\paper\toxic_compile\venv_nightly\Lib\site-packages\torch\fx\experimental\symbolic_shapes.py(2637): _maybe_evaluate_static_worker
E0922 07:00:41.088000 9172 Lib\site-packages\torch\_subclasses\fake_tensor.py:3227] [0/1]   D:\wsl\personal\dr\paper\toxic_compile\venv_nightly\Lib\site-packages\torch\fx\experimental\symbolic_shapes.py(7521): _maybe_evaluate_static
E0922 07:00:41.088000 9172 Lib\site-packages\torch\_subclasses\fake_tensor.py:3227] [0/1]   D:\wsl\personal\dr\paper\toxic_compile\venv_nightly\Lib\site-packages\torch\fx\experimental\symbolic_shapes.py(2795): wrapper
E0922 07:00:41.088000 9172 Lib\site-packages\torch\_subclasses\fake_tensor.py:3227] [0/1]   D:\wsl\personal\dr\paper\toxic_compile\venv_nightly\Lib\site-packages\torch\fx\experimental\symbolic_shapes.py(9045): _evaluate_expr
E0922 07:00:41.088000 9172 Lib\site-packages\torch\_subclasses\fake_tensor.py:3227] [0/1]   D:\wsl\personal\dr\paper\toxic_compile\venv_nightly\Lib\site-packages\torch\fx\experimental\symbolic_shapes.py(8762): _inner_evaluate_expr
E0922 07:00:41.088000 9172 Lib\site-packages\torch\_subclasses\fake_tensor.py:3227] [0/1]   D:\wsl\personal\dr\paper\toxic_compile\venv_nightly\Lib\site-packages\torch\fx\experimental\recording.py(284): wrapper
E0922 07:00:41.088000 9172 Lib\site-packages\torch\_subclasses\fake_tensor.py:3227] [0/1]   D:\wsl\personal\dr\paper\toxic_compile\venv_nightly\Lib\site-packages\torch\fx\experimental\symbolic_shapes.py(8720): evaluate_expr
E0922 07:00:41.088000 9172 Lib\site-packages\torch\_subclasses\fake_tensor.py:3227] [0/1]   D:\wsl\personal\dr\paper\toxic_compile\venv_nightly\Lib\site-packages\torch\fx\experimental\symbolic_shapes.py(8624): evaluate_sym_node
E0922 07:00:41.088000 9172 Lib\site-packages\torch\_subclasses\fake_tensor.py:3227] [0/1]   D:\wsl\personal\dr\paper\toxic_compile\venv_nightly\Lib\site-packages\torch\fx\experimental\sym_node.py(565): evaluate
E0922 07:00:41.088000 9172 Lib\site-packages\torch\_subclasses\fake_tensor.py:3227] [0/1]   D:\wsl\personal\dr\paper\toxic_compile\venv_nightly\Lib\site-packages\torch\fx\experimental\sym_node.py(581): guard_float
E0922 07:00:41.088000 9172 Lib\site-packages\torch\_subclasses\fake_tensor.py:3227] [0/1]   D:\wsl\personal\dr\paper\toxic_compile\venv_nightly\Lib\site-packages\torch\_ops.py(916): __call__
E0922 07:00:41.088000 9172 Lib\site-packages\torch\_subclasses\fake_tensor.py:3227] [0/1]   D:\wsl\personal\dr\paper\toxic_compile\venv_nightly\Lib\site-packages\torch\_refs\__init__.py(2389): _reduction
E0922 07:00:41.088000 9172 Lib\site-packages\torch\_subclasses\fake_tensor.py:3227] [0/1]   D:\wsl\personal\dr\paper\toxic_compile\venv_nightly\Lib\site-packages\torch\_refs\__init__.py(2646): var
E0922 07:00:41.088000 9172 Lib\site-packages\torch\_subclasses\fake_tensor.py:3227] [0/1]   D:\wsl\personal\dr\paper\toxic_compile\venv_nightly\Lib\site-packages\torch\_prims_common\wrappers.py(313): _fn
E0922 07:00:41.088000 9172 Lib\site-packages\torch\_subclasses\fake_tensor.py:3227] [0/1]   D:\wsl\personal\dr\paper\toxic_compile\venv_nightly\Lib\site-packages\torch\_ops.py(916): __call__
E0922 07:00:41.088000 9172 Lib\site-packages\torch\_subclasses\fake_tensor.py:3227] [0/1]   D:\wsl\personal\dr\paper\toxic_compile\venv_nightly\Lib\site-packages\torch\_subclasses\fake_tensor.py(3223): _dispatch_impl
E0922 07:00:41.088000 9172 Lib\site-packages\torch\_subclasses\fake_tensor.py:3227] [0/1]   D:\wsl\personal\dr\paper\toxic_compile\venv_nightly\Lib\site-packages\torch\_subclasses\fake_tensor.py(1818): _cached_dispatch_impl
E0922 07:00:41.088000 9172 Lib\site-packages\torch\_subclasses\fake_tensor.py:3227] [0/1]   D:\wsl\personal\dr\paper\toxic_compile\venv_nightly\Lib\site-packages\torch\_subclasses\fake_tensor.py(2510): dispatch
E0922 07:00:41.088000 9172 Lib\site-packages\torch\_subclasses\fake_tensor.py:3227] [0/1]   D:\wsl\personal\dr\paper\toxic_compile\venv_nightly\Lib\site-packages\torch\_subclasses\fake_tensor.py(1707): __torch_dispatch__
E0922 07:00:41.088000 9172 Lib\site-packages\torch\_subclasses\fake_tensor.py:3227] [0/1]   D:\wsl\personal\dr\paper\toxic_compile\venv_nightly\Lib\site-packages\torch\utils\_stats.py(29): wrapper
E0922 07:00:41.088000 9172 Lib\site-packages\torch\_subclasses\fake_tensor.py:3227] [0/1]   D:\wsl\personal\dr\paper\toxic_compile\venv_nightly\Lib\site-packages\torch\_dynamo\eval_frame.py(1548): _fn
E0922 07:00:41.088000 9172 Lib\site-packages\torch\_subclasses\fake_tensor.py:3227] [0/1]   D:\wsl\personal\dr\paper\toxic_compile\venv_nightly\Lib\site-packages\torch\_compile.py(54): inner
E0922 07:00:41.088000 9172 Lib\site-packages\torch\_subclasses\fake_tensor.py:3227] [0/1]   D:\wsl\personal\dr\paper\toxic_compile\venv_nightly\Lib\site-packages\torch\_refs\__init__.py(2676): std
E0922 07:00:41.088000 9172 Lib\site-packages\torch\_subclasses\fake_tensor.py:3227] [0/1]   D:\wsl\personal\dr\paper\toxic_compile\venv_nightly\Lib\site-packages\torch\_prims_common\wrappers.py(313): _fn
E0922 07:00:41.088000 9172 Lib\site-packages\torch\_subclasses\fake_tensor.py:3227] [0/1]   D:\wsl\personal\dr\paper\toxic_compile\venv_nightly\Lib\site-packages\torch\_subclasses\fake_tensor.py(3102): _dispatch_impl
E0922 07:00:41.088000 9172 Lib\site-packages\torch\_subclasses\fake_tensor.py:3227] [0/1]   D:\wsl\personal\dr\paper\toxic_compile\venv_nightly\Lib\site-packages\torch\_subclasses\fake_tensor.py(1858): _cached_dispatch_impl
E0922 07:00:41.088000 9172 Lib\site-packages\torch\_subclasses\fake_tensor.py:3227] [0/1]   D:\wsl\personal\dr\paper\toxic_compile\venv_nightly\Lib\site-packages\torch\_subclasses\fake_tensor.py(2510): dispatch
E0922 07:00:41.088000 9172 Lib\site-packages\torch\_subclasses\fake_tensor.py:3227] [0/1]   D:\wsl\personal\dr\paper\toxic_compile\venv_nightly\Lib\site-packages\torch\_subclasses\fake_tensor.py(1707): __torch_dispatch__
E0922 07:00:41.088000 9172 Lib\site-packages\torch\_subclasses\fake_tensor.py:3227] [0/1]   D:\wsl\personal\dr\paper\toxic_compile\venv_nightly\Lib\site-packages\torch\utils\_stats.py(29): wrapper
E0922 07:00:41.088000 9172 Lib\site-packages\torch\_subclasses\fake_tensor.py:3227] [0/1]   D:\wsl\personal\dr\paper\toxic_compile\venv_nightly\Lib\site-packages\torch\_dynamo\eval_frame.py(1548): _fn
E0922 07:00:41.088000 9172 Lib\site-packages\torch\_subclasses\fake_tensor.py:3227] [0/1]   D:\wsl\personal\dr\paper\toxic_compile\venv_nightly\Lib\site-packages\torch\_compile.py(54): inner
E0922 07:00:41.088000 9172 Lib\site-packages\torch\_subclasses\fake_tensor.py:3227] [0/1]   D:\wsl\personal\dr\paper\toxic_compile\venv_nightly\Lib\site-packages\torch\_dynamo\utils.py(4501): run_node
E0922 07:00:41.088000 9172 Lib\site-packages\torch\_subclasses\fake_tensor.py:3227] [0/1]   D:\wsl\personal\dr\paper\toxic_compile\venv_nightly\Lib\site-packages\torch\_dynamo\utils.py(4263): <lambda>
E0922 07:00:41.088000 9172 Lib\site-packages\torch\_subclasses\fake_tensor.py:3227] [0/1]   D:\wsl\personal\dr\paper\toxic_compile\venv_nightly\Lib\site-packages\torch\_dynamo\utils.py(3597): wrap_fake_exception
E0922 07:00:41.088000 9172 Lib\site-packages\torch\_subclasses\fake_tensor.py:3227] [0/1]   D:\wsl\personal\dr\paper\toxic_compile\venv_nightly\Lib\site-packages\torch\_dynamo\utils.py(4262): _get_fake_value_impl
E0922 07:00:41.088000 9172 Lib\site-packages\torch\_subclasses\fake_tensor.py:3227] [0/1]   D:\wsl\personal\dr\paper\toxic_compile\venv_nightly\Lib\site-packages\torch\_dynamo\utils.py(4172): get_fake_value
E0922 07:00:41.088000 9172 Lib\site-packages\torch\_subclasses\fake_tensor.py:3227] [0/1]   D:\wsl\personal\dr\paper\toxic_compile\venv_nightly\Lib\site-packages\torch\_dynamo\variables\builder.py(4066): _wrap_fx_proxy
E0922 07:00:41.088000 9172 Lib\site-packages\torch\_subclasses\fake_tensor.py:3227] [0/1]   D:\wsl\personal\dr\paper\toxic_compile\venv_nightly\Lib\site-packages\torch\_dynamo\variables\builder.py(3935): wrap_fx_proxy_cls
E0922 07:00:41.088000 9172 Lib\site-packages\torch\_subclasses\fake_tensor.py:3227] [0/1]   D:\wsl\personal\dr\paper\toxic_compile\venv_nightly\Lib\site-packages\torch\_dynamo\variables\builder.py(3860): wrap_fx_proxy
E0922 07:00:41.088000 9172 Lib\site-packages\torch\_subclasses\fake_tensor.py:3227] [0/1]   D:\wsl\personal\dr\paper\toxic_compile\venv_nightly\Lib\site-packages\torch\_dynamo\variables\tensor.py(1123): call_method
E0922 07:00:41.088000 9172 Lib\site-packages\torch\_subclasses\fake_tensor.py:3227] [0/1]   D:\wsl\personal\dr\paper\toxic_compile\venv_nightly\Lib\site-packages\torch\_dynamo\variables\misc.py(1921): call_function
E0922 07:00:41.088000 9172 Lib\site-packages\torch\_subclasses\fake_tensor.py:3227] [0/1]   D:\wsl\personal\dr\paper\toxic_compile\venv_nightly\Lib\site-packages\torch\_dynamo\symbolic_convert.py(1641): call_function
E0922 07:00:41.088000 9172 Lib\site-packages\torch\_subclasses\fake_tensor.py:3227] [0/1]   D:\wsl\personal\dr\paper\toxic_compile\venv_nightly\Lib\site-packages\torch\_dynamo\symbolic_convert.py(4769): _call
E0922 07:00:41.088000 9172 Lib\site-packages\torch\_subclasses\fake_tensor.py:3227] [0/1]   D:\wsl\personal\dr\paper\toxic_compile\venv_nightly\Lib\site-packages\torch\_dynamo\symbolic_convert.py(5031): CALL_KW
E0922 07:00:41.088000 9172 Lib\site-packages\torch\_subclasses\fake_tensor.py:3227] [0/1]   D:\wsl\personal\dr\paper\toxic_compile\venv_nightly\Lib\site-packages\torch\_dynamo\symbolic_convert.py(1109): wrapper
E0922 07:00:41.088000 9172 Lib\site-packages\torch\_subclasses\fake_tensor.py:3227] [0/1]   D:\wsl\personal\dr\paper\toxic_compile\venv_nightly\Lib\site-packages\torch\_dynamo\symbolic_convert.py(1751): step
E0922 07:00:41.088000 9172 Lib\site-packages\torch\_subclasses\fake_tensor.py:3227] [0/1]   D:\wsl\personal\dr\paper\toxic_compile\venv_nightly\Lib\site-packages\torch\_dynamo\symbolic_convert.py(2098): run
E0922 07:00:41.088000 9172 Lib\site-packages\torch\_subclasses\fake_tensor.py:3227] [0/1]   D:\wsl\personal\dr\paper\toxic_compile\venv_nightly\Lib\site-packages\torch\_dynamo\convert_frame.py(952): run_tracer
E0922 07:00:41.088000 9172 Lib\site-packages\torch\_subclasses\fake_tensor.py:3227] [0/1]   D:\wsl\personal\dr\paper\toxic_compile\venv_nightly\Lib\site-packages\torch\_dynamo\convert_frame.py(971): trace_frame
E0922 07:00:41.088000 9172 Lib\site-packages\torch\_subclasses\fake_tensor.py:3227] [0/1]   D:\wsl\personal\dr\paper\toxic_compile\venv_nightly\Lib\site-packages\torch\_dynamo\convert_frame.py(372): _fn
E0922 07:00:41.088000 9172 Lib\site-packages\torch\_subclasses\fake_tensor.py:3227] [0/1]   D:\wsl\personal\dr\paper\toxic_compile\venv_nightly\Lib\site-packages\torch\_dynamo\convert_frame.py(1610): transform
E0922 07:00:41.088000 9172 Lib\site-packages\torch\_subclasses\fake_tensor.py:3227] [0/1]   D:\wsl\personal\dr\paper\toxic_compile\venv_nightly\Lib\site-packages\torch\_dynamo\bytecode_transformation.py(1849): transform_code_object
E0922 07:00:41.088000 9172 Lib\site-packages\torch\_subclasses\fake_tensor.py:3227] [0/1]   D:\wsl\personal\dr\paper\toxic_compile\venv_nightly\Lib\site-packages\torch\_dynamo\convert_frame.py(1639): compile_frame
E0922 07:00:41.088000 9172 Lib\site-packages\torch\_subclasses\fake_tensor.py:3227] [0/1]   D:\wsl\personal\dr\paper\toxic_compile\venv_nightly\Lib\site-packages\torch\_dynamo\convert_frame.py(1804): _compile_inner
E0922 07:00:41.088000 9172 Lib\site-packages\torch\_subclasses\fake_tensor.py:3227] [0/1]   D:\wsl\personal\dr\paper\toxic_compile\venv_nightly\Lib\site-packages\torch\_dynamo\convert_frame.py(1744): compile_inner
E0922 07:00:41.088000 9172 Lib\site-packages\torch\_subclasses\fake_tensor.py:3227] [0/1]   D:\wsl\personal\dr\paper\toxic_compile\venv_nightly\Lib\site-packages\torch\_utils_internal.py(114): wrapper_function
E0922 07:00:41.088000 9172 Lib\site-packages\torch\_subclasses\fake_tensor.py:3227] [0/1]   D:\wsl\personal\dr\paper\toxic_compile\venv_nightly\Lib\site-packages\torch\_dynamo\convert_frame.py(2163): _compile
E0922 07:00:41.088000 9172 Lib\site-packages\torch\_subclasses\fake_tensor.py:3227] [0/1]   D:\wsl\personal\dr\paper\toxic_compile\venv_nightly\Lib\site-packages\torch\_dynamo\convert_frame.py(781): __call__
E0922 07:00:41.088000 9172 Lib\site-packages\torch\_subclasses\fake_tensor.py:3227] [0/1]   D:\wsl\personal\dr\paper\toxic_compile\venv_nightly\Lib\site-packages\torch\_dynamo\convert_frame.py(2390): __call__
E0922 07:00:41.088000 9172 Lib\site-packages\torch\_subclasses\fake_tensor.py:3227] [0/1]   D:\wsl\personal\dr\paper\toxic_compile\venv_nightly\Lib\site-packages\torch\_dynamo\convert_frame.py(2706): __call__
E0922 07:00:41.088000 9172 Lib\site-packages\torch\_subclasses\fake_tensor.py:3227] [0/1]   D:\wsl\personal\dr\paper\toxic_compile\venv_nightly\Lib\site-packages\torch\_dynamo\eval_frame.py(1261): compile_wrapper
E0922 07:00:41.088000 9172 Lib\site-packages\torch\_subclasses\fake_tensor.py:3227] [0/1]   D:\wsl\personal\dr\paper\toxic_compile\plan\reports_scalar_seq\specialized_value_census_v2.py(118): run
E0922 07:00:41.088000 9172 Lib\site-packages\torch\_subclasses\fake_tensor.py:3227] [0/1]   D:\wsl\personal\dr\paper\toxic_compile\plan\reports_scalar_seq\specialized_value_census_v2.py(134): <module>
E0922 07:00:41.088000 9172 Lib\site-packages\torch\_subclasses\fake_tensor.py:3227] [0/1] 
W0922 07:00:41.115000 9172 Lib\site-packages\torch\fx\experimental\symbolic_shapes.py:8755] [0/2] failed during evaluate_expr(ToFloat(Mod(TruncToInt(2.0*Abs(zf72)), 2)), hint=0.0, size_oblivious=False, forcing_spec=False
E0922 07:00:41.200000 9172 Lib\site-packages\torch\_subclasses\fake_tensor.py:3227] [0/2] failed while attempting to run meta for aten.var.correction
E0922 07:00:41.200000 9172 Lib\site-packages\torch\_subclasses\fake_tensor.py:3227] [0/2] Traceback (most recent call last):
E0922 07:00:41.200000 9172 Lib\site-packages\torch\_subclasses\fake_tensor.py:3227] [0/2]   File "D:\wsl\personal\dr\paper\toxic_compile\venv_nightly\Lib\site-packages\torch\_subclasses\fake_tensor.py", line 3223, in _dispatch_impl
E0922 07:00:41.200000 9172 Lib\site-packages\torch\_subclasses\fake_tensor.py:3227] [0/2]     r = func(*args, **kwargs)
E0922 07:00:41.200000 9172 Lib\site-packages\torch\_subclasses\fake_tensor.py:3227] [0/2]   File "D:\wsl\personal\dr\paper\toxic_compile\venv_nightly\Lib\site-packages\torch\_ops.py", line 916, in __call__
E0922 07:00:41.200000 9172 Lib\site-packages\torch\_subclasses\fake_tensor.py:3227] [0/2]     return self._op(*args, **kwargs)
E0922 07:00:41.200000 9172 Lib\site-packages\torch\_subclasses\fake_tensor.py:3227] [0/2]            ~~~~~~~~^^^^^^^^^^^^^^^^^
E0922 07:00:41.200000 9172 Lib\site-packages\torch\_subclasses\fake_tensor.py:3227] [0/2]   File "D:\wsl\personal\dr\paper\toxic_compile\venv_nightly\Lib\site-packages\torch\_prims_common\wrappers.py", line 313, in _fn
E0922 07:00:41.200000 9172 Lib\site-packages\torch\_subclasses\fake_tensor.py:3227] [0/2]     result = fn(*args, **kwargs)
E0922 07:00:41.200000 9172 Lib\site-packages\torch\_subclasses\fake_tensor.py:3227] [0/2]   File "D:\wsl\personal\dr\paper\toxic_compile\venv_nightly\Lib\site-packages\torch\_refs\__init__.py", line 2646, in var
E0922 07:00:41.200000 9172 Lib\site-packages\torch\_subclasses\fake_tensor.py:3227] [0/2]     result = _reduction(
E0922 07:00:41.200000 9172 Lib\site-packages\torch\_subclasses\fake_tensor.py:3227] [0/2]         a,
E0922 07:00:41.200000 9172 Lib\site-packages\torch\_subclasses\fake_tensor.py:3227] [0/2]     ...<6 lines>...
E0922 07:00:41.200000 9172 Lib\site-packages\torch\_subclasses\fake_tensor.py:3227] [0/2]         output_dtype_kind=REDUCTION_OUTPUT_TYPE_KIND.COMPLEX_TO_FLOAT,
E0922 07:00:41.200000 9172 Lib\site-packages\torch\_subclasses\fake_tensor.py:3227] [0/2]     )
E0922 07:00:41.200000 9172 Lib\site-packages\torch\_subclasses\fake_tensor.py:3227] [0/2]   File "D:\wsl\personal\dr\paper\toxic_compile\venv_nightly\Lib\site-packages\torch\_refs\__init__.py", line 2389, in _reduction
E0922 07:00:41.200000 9172 Lib\site-packages\torch\_subclasses\fake_tensor.py:3227] [0/2]     result = prim(a, dims)
E0922 07:00:41.200000 9172 Lib\site-packages\torch\_subclasses\fake_tensor.py:3227] [0/2]   File "D:\wsl\personal\dr\paper\toxic_compile\venv_nightly\Lib\site-packages\torch\_ops.py", line 916, in __call__
E0922 07:00:41.200000 9172 Lib\site-packages\torch\_subclasses\fake_tensor.py:3227] [0/2]     return self._op(*args, **kwargs)
E0922 07:00:41.200000 9172 Lib\site-packages\torch\_subclasses\fake_tensor.py:3227] [0/2]            ~~~~~~~~^^^^^^^^^^^^^^^^^
E0922 07:00:41.200000 9172 Lib\site-packages\torch\_subclasses\fake_tensor.py:3227] [0/2] RuntimeError: prims::var() Expected a value of type 'Optional[float]' for argument 'correction' but instead found type 'SymFloat'.
E0922 07:00:41.200000 9172 Lib\site-packages\torch\_subclasses\fake_tensor.py:3227] [0/2] Position: 2
E0922 07:00:41.200000 9172 Lib\site-packages\torch\_subclasses\fake_tensor.py:3227] [0/2] Value: ToFloat(Mod(TruncToInt(2.0*Abs(zf72)), 2))
E0922 07:00:41.200000 9172 Lib\site-packages\torch\_subclasses\fake_tensor.py:3227] [0/2] Declaration: prims::var(Tensor inp, int[]? dims, float? correction=1, *, ScalarType? output_dtype=None) -> Tensor
E0922 07:00:41.200000 9172 Lib\site-packages\torch\_subclasses\fake_tensor.py:3227] [0/2]  Python error details: TypeError: Could not compare ToFloat(0.0) <= 1.00000000000000
E0922 07:00:41.200000 9172 Lib\site-packages\torch\_subclasses\fake_tensor.py:3227] [0/2] 
E0922 07:00:41.200000 9172 Lib\site-packages\torch\_subclasses\fake_tensor.py:3227] [0/2] At:
E0922 07:00:41.200000 9172 Lib\site-packages\torch\_subclasses\fake_tensor.py:3227] [0/2]   D:\wsl\personal\dr\paper\toxic_compile\venv_nightly\Lib\site-packages\torch\utils\_sympy\value_ranges.py(168): __init__
E0922 07:00:41.200000 9172 Lib\site-packages\torch\_subclasses\fake_tensor.py:3227] [0/2]   D:\wsl\personal\dr\paper\toxic_compile\venv_nightly\Lib\site-packages\torch\utils\_sympy\value_ranges.py(347): increasing_map
E0922 07:00:41.200000 9172 Lib\site-packages\torch\_subclasses\fake_tensor.py:3227] [0/2]   D:\wsl\personal\dr\paper\toxic_compile\venv_nightly\Lib\site-packages\torch\utils\_sympy\value_ranges.py(487): to_dtype
E0922 07:00:41.200000 9172 Lib\site-packages\torch\_subclasses\fake_tensor.py:3227] [0/2]   D:\wsl\personal\dr\paper\toxic_compile\venv_nightly\Lib\site-packages\torch\utils\_sympy\interp.py(137): _run_sympy_handler
E0922 07:00:41.200000 9172 Lib\site-packages\torch\_subclasses\fake_tensor.py:3227] [0/2]   D:\wsl\personal\dr\paper\toxic_compile\venv_nightly\Lib\site-packages\torch\utils\_sympy\interp.py(225): sympy_interp
E0922 07:00:41.200000 9172 Lib\site-packages\torch\_subclasses\fake_tensor.py:3227] [0/2]   D:\wsl\personal\dr\paper\toxic_compile\venv_nightly\Lib\site-packages\torch\utils\_sympy\value_ranges.py(1304): bound_sympy
E0922 07:00:41.200000 9172 Lib\site-packages\torch\_subclasses\fake_tensor.py:3227] [0/2]   D:\wsl\personal\dr\paper\toxic_compile\venv_nightly\Lib\site-packages\torch\fx\experimental\symbolic_shapes.py(2637): _maybe_evaluate_static_worker
E0922 07:00:41.200000 9172 Lib\site-packages\torch\_subclasses\fake_tensor.py:3227] [0/2]   D:\wsl\personal\dr\paper\toxic_compile\venv_nightly\Lib\site-packages\torch\fx\experimental\symbolic_shapes.py(7521): _maybe_evaluate_static
E0922 07:00:41.200000 9172 Lib\site-packages\torch\_subclasses\fake_tensor.py:3227] [0/2]   D:\wsl\personal\dr\paper\toxic_compile\venv_nightly\Lib\site-packages\torch\fx\experimental\symbolic_shapes.py(2795): wrapper
E0922 07:00:41.200000 9172 Lib\site-packages\torch\_subclasses\fake_tensor.py:3227] [0/2]   D:\wsl\personal\dr\paper\toxic_compile\venv_nightly\Lib\site-packages\torch\fx\experimental\symbolic_shapes.py(9045): _evaluate_expr
E0922 07:00:41.200000 9172 Lib\site-packages\torch\_subclasses\fake_tensor.py:3227] [0/2]   D:\wsl\personal\dr\paper\toxic_compile\venv_nightly\Lib\site-packages\torch\fx\experimental\symbolic_shapes.py(8762): _inner_evaluate_expr
E0922 07:00:41.200000 9172 Lib\site-packages\torch\_subclasses\fake_tensor.py:3227] [0/2]   D:\wsl\personal\dr\paper\toxic_compile\venv_nightly\Lib\site-packages\torch\fx\experimental\recording.py(284): wrapper
E0922 07:00:41.200000 9172 Lib\site-packages\torch\_subclasses\fake_tensor.py:3227] [0/2]   D:\wsl\personal\dr\paper\toxic_compile\venv_nightly\Lib\site-packages\torch\fx\experimental\symbolic_shapes.py(8720): evaluate_expr
E0922 07:00:41.200000 9172 Lib\site-packages\torch\_subclasses\fake_tensor.py:3227] [0/2]   D:\wsl\personal\dr\paper\toxic_compile\venv_nightly\Lib\site-packages\torch\fx\experimental\symbolic_shapes.py(8624): evaluate_sym_node
E0922 07:00:41.200000 9172 Lib\site-packages\torch\_subclasses\fake_tensor.py:3227] [0/2]   D:\wsl\personal\dr\paper\toxic_compile\venv_nightly\Lib\site-packages\torch\fx\experimental\sym_node.py(565): evaluate
E0922 07:00:41.200000 9172 Lib\site-packages\torch\_subclasses\fake_tensor.py:3227] [0/2]   D:\wsl\personal\dr\paper\toxic_compile\venv_nightly\Lib\site-packages\torch\fx\experimental\sym_node.py(581): guard_float
E0922 07:00:41.200000 9172 Lib\site-packages\torch\_subclasses\fake_tensor.py:3227] [0/2]   D:\wsl\personal\dr\paper\toxic_compile\venv_nightly\Lib\site-packages\torch\_ops.py(916): __call__
E0922 07:00:41.200000 9172 Lib\site-packages\torch\_subclasses\fake_tensor.py:3227] [0/2]   D:\wsl\personal\dr\paper\toxic_compile\venv_nightly\Lib\site-packages\torch\_refs\__init__.py(2389): _reduction
E0922 07:00:41.200000 9172 Lib\site-packages\torch\_subclasses\fake_tensor.py:3227] [0/2]   D:\wsl\personal\dr\paper\toxic_compile\venv_nightly\Lib\site-packages\torch\_refs\__init__.py(2646): var
E0922 07:00:41.200000 9172 Lib\site-packages\torch\_subclasses\fake_tensor.py:3227] [0/2]   D:\wsl\personal\dr\paper\toxic_compile\venv_nightly\Lib\site-packages\torch\_prims_common\wrappers.py(313): _fn
E0922 07:00:41.200000 9172 Lib\site-packages\torch\_subclasses\fake_tensor.py:3227] [0/2]   D:\wsl\personal\dr\paper\toxic_compile\venv_nightly\Lib\site-packages\torch\_ops.py(916): __call__
E0922 07:00:41.200000 9172 Lib\site-packages\torch\_subclasses\fake_tensor.py:3227] [0/2]   D:\wsl\personal\dr\paper\toxic_compile\venv_nightly\Lib\site-packages\torch\_subclasses\fake_tensor.py(3223): _dispatch_impl
E0922 07:00:41.200000 9172 Lib\site-packages\torch\_subclasses\fake_tensor.py:3227] [0/2]   D:\wsl\personal\dr\paper\toxic_compile\venv_nightly\Lib\site-packages\torch\_subclasses\fake_tensor.py(1818): _cached_dispatch_impl
E0922 07:00:41.200000 9172 Lib\site-packages\torch\_subclasses\fake_tensor.py:3227] [0/2]   D:\wsl\personal\dr\paper\toxic_compile\venv_nightly\Lib\site-packages\torch\_subclasses\fake_tensor.py(2510): dispatch
E0922 07:00:41.200000 9172 Lib\site-packages\torch\_subclasses\fake_tensor.py:3227] [0/2]   D:\wsl\personal\dr\paper\toxic_compile\venv_nightly\Lib\site-packages\torch\_subclasses\fake_tensor.py(1707): __torch_dispatch__
E0922 07:00:41.200000 9172 Lib\site-packages\torch\_subclasses\fake_tensor.py:3227] [0/2]   D:\wsl\personal\dr\paper\toxic_compile\venv_nightly\Lib\site-packages\torch\utils\_stats.py(29): wrapper
E0922 07:00:41.200000 9172 Lib\site-packages\torch\_subclasses\fake_tensor.py:3227] [0/2]   D:\wsl\personal\dr\paper\toxic_compile\venv_nightly\Lib\site-packages\torch\_dynamo\eval_frame.py(1548): _fn
E0922 07:00:41.200000 9172 Lib\site-packages\torch\_subclasses\fake_tensor.py:3227] [0/2]   D:\wsl\personal\dr\paper\toxic_compile\venv_nightly\Lib\site-packages\torch\_compile.py(54): inner
E0922 07:00:41.200000 9172 Lib\site-packages\torch\_subclasses\fake_tensor.py:3227] [0/2]   D:\wsl\personal\dr\paper\toxic_compile\venv_nightly\Lib\site-packages\torch\_refs\__init__.py(2676): std
E0922 07:00:41.200000 9172 Lib\site-packages\torch\_subclasses\fake_tensor.py:3227] [0/2]   D:\wsl\personal\dr\paper\toxic_compile\venv_nightly\Lib\site-packages\torch\_prims_common\wrappers.py(313): _fn
E0922 07:00:41.200000 9172 Lib\site-packages\torch\_subclasses\fake_tensor.py:3227] [0/2]   D:\wsl\personal\dr\paper\toxic_compile\venv_nightly\Lib\site-packages\torch\_subclasses\fake_tensor.py(3102): _dispatch_impl
E0922 07:00:41.200000 9172 Lib\site-packages\torch\_subclasses\fake_tensor.py:3227] [0/2]   D:\wsl\personal\dr\paper\toxic_compile\venv_nightly\Lib\site-packages\torch\_subclasses\fake_tensor.py(1858): _cached_dispatch_impl
E0922 07:00:41.200000 9172 Lib\site-packages\torch\_subclasses\fake_tensor.py:3227] [0/2]   D:\wsl\personal\dr\paper\toxic_compile\venv_nightly\Lib\site-packages\torch\_subclasses\fake_tensor.py(2510): dispatch
E0922 07:00:41.200000 9172 Lib\site-packages\torch\_subclasses\fake_tensor.py:3227] [0/2]   D:\wsl\personal\dr\paper\toxic_compile\venv_nightly\Lib\site-packages\torch\_subclasses\fake_tensor.py(1707): __torch_dispatch__
E0922 07:00:41.200000 9172 Lib\site-packages\torch\_subclasses\fake_tensor.py:3227] [0/2]   D:\wsl\personal\dr\paper\toxic_compile\venv_nightly\Lib\site-packages\torch\utils\_stats.py(29): wrapper
E0922 07:00:41.200000 9172 Lib\site-packages\torch\_subclasses\fake_tensor.py:3227] [0/2]   D:\wsl\personal\dr\paper\toxic_compile\venv_nightly\Lib\site-packages\torch\_dynamo\eval_frame.py(1548): _fn
E0922 07:00:41.200000 9172 Lib\site-packages\torch\_subclasses\fake_tensor.py:3227] [0/2]   D:\wsl\personal\dr\paper\toxic_compile\venv_nightly\Lib\site-packages\torch\_compile.py(54): inner
E0922 07:00:41.200000 9172 Lib\site-packages\torch\_subclasses\fake_tensor.py:3227] [0/2]   D:\wsl\personal\dr\paper\toxic_compile\venv_nightly\Lib\site-packages\torch\_dynamo\utils.py(4501): run_node
E0922 07:00:41.200000 9172 Lib\site-packages\torch\_subclasses\fake_tensor.py:3227] [0/2]   D:\wsl\personal\dr\paper\toxic_compile\venv_nightly\Lib\site-packages\torch\_dynamo\utils.py(4263): <lambda>
E0922 07:00:41.200000 9172 Lib\site-packages\torch\_subclasses\fake_tensor.py:3227] [0/2]   D:\wsl\personal\dr\paper\toxic_compile\venv_nightly\Lib\site-packages\torch\_dynamo\utils.py(3597): wrap_fake_exception
E0922 07:00:41.200000 9172 Lib\site-packages\torch\_subclasses\fake_tensor.py:3227] [0/2]   D:\wsl\personal\dr\paper\toxic_compile\venv_nightly\Lib\site-packages\torch\_dynamo\utils.py(4262): _get_fake_value_impl
E0922 07:00:41.200000 9172 Lib\site-packages\torch\_subclasses\fake_tensor.py:3227] [0/2]   D:\wsl\personal\dr\paper\toxic_compile\venv_nightly\Lib\site-packages\torch\_dynamo\utils.py(4172): get_fake_value
E0922 07:00:41.200000 9172 Lib\site-packages\torch\_subclasses\fake_tensor.py:3227] [0/2]   D:\wsl\personal\dr\paper\toxic_compile\venv_nightly\Lib\site-packages\torch\_dynamo\variables\builder.py(4066): _wrap_fx_proxy
E0922 07:00:41.200000 9172 Lib\site-packages\torch\_subclasses\fake_tensor.py:3227] [0/2]   D:\wsl\personal\dr\paper\toxic_compile\venv_nightly\Lib\site-packages\torch\_dynamo\variables\builder.py(3935): wrap_fx_proxy_cls
E0922 07:00:41.200000 9172 Lib\site-packages\torch\_subclasses\fake_tensor.py:3227] [0/2]   D:\wsl\personal\dr\paper\toxic_compile\venv_nightly\Lib\site-packages\torch\_dynamo\variables\builder.py(3860): wrap_fx_proxy
E0922 07:00:41.200000 9172 Lib\site-packages\torch\_subclasses\fake_tensor.py:3227] [0/2]   D:\wsl\personal\dr\paper\toxic_compile\venv_nightly\Lib\site-packages\torch\_dynamo\variables\tensor.py(1123): call_method
E0922 07:00:41.200000 9172 Lib\site-packages\torch\_subclasses\fake_tensor.py:3227] [0/2]   D:\wsl\personal\dr\paper\toxic_compile\venv_nightly\Lib\site-packages\torch\_dynamo\variables\misc.py(1921): call_function
E0922 07:00:41.200000 9172 Lib\site-packages\torch\_subclasses\fake_tensor.py:3227] [0/2]   D:\wsl\personal\dr\paper\toxic_compile\venv_nightly\Lib\site-packages\torch\_dynamo\symbolic_convert.py(1641): call_function
E0922 07:00:41.200000 9172 Lib\site-packages\torch\_subclasses\fake_tensor.py:3227] [0/2]   D:\wsl\personal\dr\paper\toxic_compile\venv_nightly\Lib\site-packages\torch\_dynamo\symbolic_convert.py(4769): _call
E0922 07:00:41.200000 9172 Lib\site-packages\torch\_subclasses\fake_tensor.py:3227] [0/2]   D:\wsl\personal\dr\paper\toxic_compile\venv_nightly\Lib\site-packages\torch\_dynamo\symbolic_convert.py(5031): CALL_KW
E0922 07:00:41.200000 9172 Lib\site-packages\torch\_subclasses\fake_tensor.py:3227] [0/2]   D:\wsl\personal\dr\paper\toxic_compile\venv_nightly\Lib\site-packages\torch\_dynamo\symbolic_convert.py(1109): wrapper
E0922 07:00:41.200000 9172 Lib\site-packages\torch\_subclasses\fake_tensor.py:3227] [0/2]   D:\wsl\personal\dr\paper\toxic_compile\venv_nightly\Lib\site-packages\torch\_dynamo\symbolic_convert.py(1751): step
E0922 07:00:41.200000 9172 Lib\site-packages\torch\_subclasses\fake_tensor.py:3227] [0/2]   D:\wsl\personal\dr\paper\toxic_compile\venv_nightly\Lib\site-packages\torch\_dynamo\symbolic_convert.py(2098): run
E0922 07:00:41.200000 9172 Lib\site-packages\torch\_subclasses\fake_tensor.py:3227] [0/2]   D:\wsl\personal\dr\paper\toxic_compile\venv_nightly\Lib\site-packages\torch\_dynamo\convert_frame.py(952): run_tracer
E0922 07:00:41.200000 9172 Lib\site-packages\torch\_subclasses\fake_tensor.py:3227] [0/2]   D:\wsl\personal\dr\paper\toxic_compile\venv_nightly\Lib\site-packages\torch\_dynamo\convert_frame.py(971): trace_frame
E0922 07:00:41.200000 9172 Lib\site-packages\torch\_subclasses\fake_tensor.py:3227] [0/2]   D:\wsl\personal\dr\paper\toxic_compile\venv_nightly\Lib\site-packages\torch\_dynamo\convert_frame.py(372): _fn
E0922 07:00:41.200000 9172 Lib\site-packages\torch\_subclasses\fake_tensor.py:3227] [0/2]   D:\wsl\personal\dr\paper\toxic_compile\venv_nightly\Lib\site-packages\torch\_dynamo\convert_frame.py(1610): transform
E0922 07:00:41.200000 9172 Lib\site-packages\torch\_subclasses\fake_tensor.py:3227] [0/2]   D:\wsl\personal\dr\paper\toxic_compile\venv_nightly\Lib\site-packages\torch\_dynamo\bytecode_transformation.py(1849): transform_code_object
E0922 07:00:41.200000 9172 Lib\site-packages\torch\_subclasses\fake_tensor.py:3227] [0/2]   D:\wsl\personal\dr\paper\toxic_compile\venv_nightly\Lib\site-packages\torch\_dynamo\convert_frame.py(1639): compile_frame
E0922 07:00:41.200000 9172 Lib\site-packages\torch\_subclasses\fake_tensor.py:3227] [0/2]   D:\wsl\personal\dr\paper\toxic_compile\venv_nightly\Lib\site-packages\torch\_dynamo\convert_frame.py(1804): _compile_inner
E0922 07:00:41.200000 9172 Lib\site-packages\torch\_subclasses\fake_tensor.py:3227] [0/2]   D:\wsl\personal\dr\paper\toxic_compile\venv_nightly\Lib\site-packages\torch\_dynamo\convert_frame.py(1744): compile_inner
E0922 07:00:41.200000 9172 Lib\site-packages\torch\_subclasses\fake_tensor.py:3227] [0/2]   D:\wsl\personal\dr\paper\toxic_compile\venv_nightly\Lib\site-packages\torch\_utils_internal.py(114): wrapper_function
E0922 07:00:41.200000 9172 Lib\site-packages\torch\_subclasses\fake_tensor.py:3227] [0/2]   D:\wsl\personal\dr\paper\toxic_compile\venv_nightly\Lib\site-packages\torch\_dynamo\convert_frame.py(2163): _compile
E0922 07:00:41.200000 9172 Lib\site-packages\torch\_subclasses\fake_tensor.py:3227] [0/2]   D:\wsl\personal\dr\paper\toxic_compile\venv_nightly\Lib\site-packages\torch\_dynamo\convert_frame.py(781): __call__
E0922 07:00:41.200000 9172 Lib\site-packages\torch\_subclasses\fake_tensor.py:3227] [0/2]   D:\wsl\personal\dr\paper\toxic_compile\venv_nightly\Lib\site-packages\torch\_dynamo\convert_frame.py(2390): __call__
E0922 07:00:41.200000 9172 Lib\site-packages\torch\_subclasses\fake_tensor.py:3227] [0/2]   D:\wsl\personal\dr\paper\toxic_compile\venv_nightly\Lib\site-packages\torch\_dynamo\convert_frame.py(2706): __call__
E0922 07:00:41.200000 9172 Lib\site-packages\torch\_subclasses\fake_tensor.py:3227] [0/2]   D:\wsl\personal\dr\paper\toxic_compile\venv_nightly\Lib\site-packages\torch\_dynamo\eval_frame.py(1261): compile_wrapper
E0922 07:00:41.200000 9172 Lib\site-packages\torch\_subclasses\fake_tensor.py:3227] [0/2]   D:\wsl\personal\dr\paper\toxic_compile\plan\reports_scalar_seq\specialized_value_census_v2.py(118): run
E0922 07:00:41.200000 9172 Lib\site-packages\torch\_subclasses\fake_tensor.py:3227] [0/2]   D:\wsl\personal\dr\paper\toxic_compile\plan\reports_scalar_seq\specialized_value_census_v2.py(134): <module>
E0922 07:00:41.200000 9172 Lib\site-packages\torch\_subclasses\fake_tensor.py:3227] [0/2] 
W0922 07:00:41.221000 9172 Lib\site-packages\torch\fx\experimental\symbolic_shapes.py:8755] [0/3] failed during evaluate_expr(ToFloat(Mod(TruncToInt(2.0*Abs(zf72)), 2)), hint=1.0, size_oblivious=False, forcing_spec=False
E0922 07:00:41.223000 9172 Lib\site-packages\torch\_subclasses\fake_tensor.py:3227] [0/3] failed while attempting to run meta for aten.var.correction
E0922 07:00:41.223000 9172 Lib\site-packages\torch\_subclasses\fake_tensor.py:3227] [0/3] Traceback (most recent call last):
E0922 07:00:41.223000 9172 Lib\site-packages\torch\_subclasses\fake_tensor.py:3227] [0/3]   File "D:\wsl\personal\dr\paper\toxic_compile\venv_nightly\Lib\site-packages\torch\_subclasses\fake_tensor.py", line 3223, in _dispatch_impl
E0922 07:00:41.223000 9172 Lib\site-packages\torch\_subclasses\fake_tensor.py:3227] [0/3]     r = func(*args, **kwargs)
E0922 07:00:41.223000 9172 Lib\site-packages\torch\_subclasses\fake_tensor.py:3227] [0/3]   File "D:\wsl\personal\dr\paper\toxic_compile\venv_nightly\Lib\site-packages\torch\_ops.py", line 916, in __call__
E0922 07:00:41.223000 9172 Lib\site-packages\torch\_subclasses\fake_tensor.py:3227] [0/3]     return self._op(*args, **kwargs)
E0922 07:00:41.223000 9172 Lib\site-packages\torch\_subclasses\fake_tensor.py:3227] [0/3]            ~~~~~~~~^^^^^^^^^^^^^^^^^
E0922 07:00:41.223000 9172 Lib\site-packages\torch\_subclasses\fake_tensor.py:3227] [0/3]   File "D:\wsl\personal\dr\paper\toxic_compile\venv_nightly\Lib\site-packages\torch\_prims_common\wrappers.py", line 313, in _fn
E0922 07:00:41.223000 9172 Lib\site-packages\torch\_subclasses\fake_tensor.py:3227] [0/3]     result = fn(*args, **kwargs)
E0922 07:00:41.223000 9172 Lib\site-packages\torch\_subclasses\fake_tensor.py:3227] [0/3]   File "D:\wsl\personal\dr\paper\toxic_compile\venv_nightly\Lib\site-packages\torch\_refs\__init__.py", line 2646, in var
E0922 07:00:41.223000 9172 Lib\site-packages\torch\_subclasses\fake_tensor.py:3227] [0/3]     result = _reduction(
E0922 07:00:41.223000 9172 Lib\site-packages\torch\_subclasses\fake_tensor.py:3227] [0/3]         a,
E0922 07:00:41.223000 9172 Lib\site-packages\torch\_subclasses\fake_tensor.py:3227] [0/3]     ...<6 lines>...
E0922 07:00:41.223000 9172 Lib\site-packages\torch\_subclasses\fake_tensor.py:3227] [0/3]         output_dtype_kind=REDUCTION_OUTPUT_TYPE_KIND.COMPLEX_TO_FLOAT,
E0922 07:00:41.223000 9172 Lib\site-packages\torch\_subclasses\fake_tensor.py:3227] [0/3]     )
E0922 07:00:41.223000 9172 Lib\site-packages\torch\_subclasses\fake_tensor.py:3227] [0/3]   File "D:\wsl\personal\dr\paper\toxic_compile\venv_nightly\Lib\site-packages\torch\_refs\__init__.py", line 2389, in _reduction
E0922 07:00:41.223000 9172 Lib\site-packages\torch\_subclasses\fake_tensor.py:3227] [0/3]     result = prim(a, dims)
E0922 07:00:41.223000 9172 Lib\site-packages\torch\_subclasses\fake_tensor.py:3227] [0/3]   File "D:\wsl\personal\dr\paper\toxic_compile\venv_nightly\Lib\site-packages\torch\_ops.py", line 916, in __call__
E0922 07:00:41.223000 9172 Lib\site-packages\torch\_subclasses\fake_tensor.py:3227] [0/3]     return self._op(*args, **kwargs)
E0922 07:00:41.223000 9172 Lib\site-packages\torch\_subclasses\fake_tensor.py:3227] [0/3]            ~~~~~~~~^^^^^^^^^^^^^^^^^
E0922 07:00:41.223000 9172 Lib\site-packages\torch\_subclasses\fake_tensor.py:3227] [0/3] RuntimeError: prims::var() Expected a value of type 'Optional[float]' for argument 'correction' but instead found type 'SymFloat'.
E0922 07:00:41.223000 9172 Lib\site-packages\torch\_subclasses\fake_tensor.py:3227] [0/3] Position: 2
E0922 07:00:41.223000 9172 Lib\site-packages\torch\_subclasses\fake_tensor.py:3227] [0/3] Value: ToFloat(Mod(TruncToInt(2.0*Abs(zf72)), 2))
E0922 07:00:41.223000 9172 Lib\site-packages\torch\_subclasses\fake_tensor.py:3227] [0/3] Declaration: prims::var(Tensor inp, int[]? dims, float? correction=1, *, ScalarType? output_dtype=None) -> Tensor
E0922 07:00:41.223000 9172 Lib\site-packages\torch\_subclasses\fake_tensor.py:3227] [0/3]  Python error details: TypeError: Could not compare ToFloat(0.0) <= 1.00000000000000
E0922 07:00:41.223000 9172 Lib\site-packages\torch\_subclasses\fake_tensor.py:3227] [0/3] 
E0922 07:00:41.223000 9172 Lib\site-packages\torch\_subclasses\fake_tensor.py:3227] [0/3] At:
E0922 07:00:41.223000 9172 Lib\site-packages\torch\_subclasses\fake_tensor.py:3227] [0/3]   D:\wsl\personal\dr\paper\toxic_compile\venv_nightly\Lib\site-packages\torch\utils\_sympy\value_ranges.py(168): __init__
E0922 07:00:41.223000 9172 Lib\site-packages\torch\_subclasses\fake_tensor.py:3227] [0/3]   D:\wsl\personal\dr\paper\toxic_compile\venv_nightly\Lib\site-packages\torch\utils\_sympy\value_ranges.py(347): increasing_map
E0922 07:00:41.223000 9172 Lib\site-packages\torch\_subclasses\fake_tensor.py:3227] [0/3]   D:\wsl\personal\dr\paper\toxic_compile\venv_nightly\Lib\site-packages\torch\utils\_sympy\value_ranges.py(487): to_dtype
E0922 07:00:41.223000 9172 Lib\site-packages\torch\_subclasses\fake_tensor.py:3227] [0/3]   D:\wsl\personal\dr\paper\toxic_compile\venv_nightly\Lib\site-packages\torch\utils\_sympy\interp.py(137): _run_sympy_handler
E0922 07:00:41.223000 9172 Lib\site-packages\torch\_subclasses\fake_tensor.py:3227] [0/3]   D:\wsl\personal\dr\paper\toxic_compile\venv_nightly\Lib\site-packages\torch\utils\_sympy\interp.py(225): sympy_interp
E0922 07:00:41.223000 9172 Lib\site-packages\torch\_subclasses\fake_tensor.py:3227] [0/3]   D:\wsl\personal\dr\paper\toxic_compile\venv_nightly\Lib\site-packages\torch\utils\_sympy\value_ranges.py(1304): bound_sympy
E0922 07:00:41.223000 9172 Lib\site-packages\torch\_subclasses\fake_tensor.py:3227] [0/3]   D:\wsl\personal\dr\paper\toxic_compile\venv_nightly\Lib\site-packages\torch\fx\experimental\symbolic_shapes.py(2637): _maybe_evaluate_static_worker
E0922 07:00:41.223000 9172 Lib\site-packages\torch\_subclasses\fake_tensor.py:3227] [0/3]   D:\wsl\personal\dr\paper\toxic_compile\venv_nightly\Lib\site-packages\torch\fx\experimental\symbolic_shapes.py(7521): _maybe_evaluate_static
E0922 07:00:41.223000 9172 Lib\site-packages\torch\_subclasses\fake_tensor.py:3227] [0/3]   D:\wsl\personal\dr\paper\toxic_compile\venv_nightly\Lib\site-packages\torch\fx\experimental\symbolic_shapes.py(2795): wrapper
E0922 07:00:41.223000 9172 Lib\site-packages\torch\_subclasses\fake_tensor.py:3227] [0/3]   D:\wsl\personal\dr\paper\toxic_compile\venv_nightly\Lib\site-packages\torch\fx\experimental\symbolic_shapes.py(9045): _evaluate_expr
E0922 07:00:41.223000 9172 Lib\site-packages\torch\_subclasses\fake_tensor.py:3227] [0/3]   D:\wsl\personal\dr\paper\toxic_compile\venv_nightly\Lib\site-packages\torch\fx\experimental\symbolic_shapes.py(8762): _inner_evaluate_expr
E0922 07:00:41.223000 9172 Lib\site-packages\torch\_subclasses\fake_tensor.py:3227] [0/3]   D:\wsl\personal\dr\paper\toxic_compile\venv_nightly\Lib\site-packages\torch\fx\experimental\recording.py(284): wrapper
E0922 07:00:41.223000 9172 Lib\site-packages\torch\_subclasses\fake_tensor.py:3227] [0/3]   D:\wsl\personal\dr\paper\toxic_compile\venv_nightly\Lib\site-packages\torch\fx\experimental\symbolic_shapes.py(8720): evaluate_expr
E0922 07:00:41.223000 9172 Lib\site-packages\torch\_subclasses\fake_tensor.py:3227] [0/3]   D:\wsl\personal\dr\paper\toxic_compile\venv_nightly\Lib\site-packages\torch\fx\experimental\symbolic_shapes.py(8624): evaluate_sym_node
E0922 07:00:41.223000 9172 Lib\site-packages\torch\_subclasses\fake_tensor.py:3227] [0/3]   D:\wsl\personal\dr\paper\toxic_compile\venv_nightly\Lib\site-packages\torch\fx\experimental\sym_node.py(565): evaluate
E0922 07:00:41.223000 9172 Lib\site-packages\torch\_subclasses\fake_tensor.py:3227] [0/3]   D:\wsl\personal\dr\paper\toxic_compile\venv_nightly\Lib\site-packages\torch\fx\experimental\sym_node.py(581): guard_float
E0922 07:00:41.223000 9172 Lib\site-packages\torch\_subclasses\fake_tensor.py:3227] [0/3]   D:\wsl\personal\dr\paper\toxic_compile\venv_nightly\Lib\site-packages\torch\_ops.py(916): __call__
E0922 07:00:41.223000 9172 Lib\site-packages\torch\_subclasses\fake_tensor.py:3227] [0/3]   D:\wsl\personal\dr\paper\toxic_compile\venv_nightly\Lib\site-packages\torch\_refs\__init__.py(2389): _reduction
E0922 07:00:41.223000 9172 Lib\site-packages\torch\_subclasses\fake_tensor.py:3227] [0/3]   D:\wsl\personal\dr\paper\toxic_compile\venv_nightly\Lib\site-packages\torch\_refs\__init__.py(2646): var
E0922 07:00:41.223000 9172 Lib\site-packages\torch\_subclasses\fake_tensor.py:3227] [0/3]   D:\wsl\personal\dr\paper\toxic_compile\venv_nightly\Lib\site-packages\torch\_prims_common\wrappers.py(313): _fn
E0922 07:00:41.223000 9172 Lib\site-packages\torch\_subclasses\fake_tensor.py:3227] [0/3]   D:\wsl\personal\dr\paper\toxic_compile\venv_nightly\Lib\site-packages\torch\_ops.py(916): __call__
E0922 07:00:41.223000 9172 Lib\site-packages\torch\_subclasses\fake_tensor.py:3227] [0/3]   D:\wsl\personal\dr\paper\toxic_compile\venv_nightly\Lib\site-packages\torch\_subclasses\fake_tensor.py(3223): _dispatch_impl
E0922 07:00:41.223000 9172 Lib\site-packages\torch\_subclasses\fake_tensor.py:3227] [0/3]   D:\wsl\personal\dr\paper\toxic_compile\venv_nightly\Lib\site-packages\torch\_subclasses\fake_tensor.py(1818): _cached_dispatch_impl
E0922 07:00:41.223000 9172 Lib\site-packages\torch\_subclasses\fake_tensor.py:3227] [0/3]   D:\wsl\personal\dr\paper\toxic_compile\venv_nightly\Lib\site-packages\torch\_subclasses\fake_tensor.py(2510): dispatch
E0922 07:00:41.223000 9172 Lib\site-packages\torch\_subclasses\fake_tensor.py:3227] [0/3]   D:\wsl\personal\dr\paper\toxic_compile\venv_nightly\Lib\site-packages\torch\_subclasses\fake_tensor.py(1707): __torch_dispatch__
E0922 07:00:41.223000 9172 Lib\site-packages\torch\_subclasses\fake_tensor.py:3227] [0/3]   D:\wsl\personal\dr\paper\toxic_compile\venv_nightly\Lib\site-packages\torch\utils\_stats.py(29): wrapper
E0922 07:00:41.223000 9172 Lib\site-packages\torch\_subclasses\fake_tensor.py:3227] [0/3]   D:\wsl\personal\dr\paper\toxic_compile\venv_nightly\Lib\site-packages\torch\_dynamo\eval_frame.py(1548): _fn
E0922 07:00:41.223000 9172 Lib\site-packages\torch\_subclasses\fake_tensor.py:3227] [0/3]   D:\wsl\personal\dr\paper\toxic_compile\venv_nightly\Lib\site-packages\torch\_compile.py(54): inner
E0922 07:00:41.223000 9172 Lib\site-packages\torch\_subclasses\fake_tensor.py:3227] [0/3]   D:\wsl\personal\dr\paper\toxic_compile\venv_nightly\Lib\site-packages\torch\_refs\__init__.py(2676): std
E0922 07:00:41.223000 9172 Lib\site-packages\torch\_subclasses\fake_tensor.py:3227] [0/3]   D:\wsl\personal\dr\paper\toxic_compile\venv_nightly\Lib\site-packages\torch\_prims_common\wrappers.py(313): _fn
E0922 07:00:41.223000 9172 Lib\site-packages\torch\_subclasses\fake_tensor.py:3227] [0/3]   D:\wsl\personal\dr\paper\toxic_compile\venv_nightly\Lib\site-packages\torch\_subclasses\fake_tensor.py(3102): _dispatch_impl
E0922 07:00:41.223000 9172 Lib\site-packages\torch\_subclasses\fake_tensor.py:3227] [0/3]   D:\wsl\personal\dr\paper\toxic_compile\venv_nightly\Lib\site-packages\torch\_subclasses\fake_tensor.py(1858): _cached_dispatch_impl
E0922 07:00:41.223000 9172 Lib\site-packages\torch\_subclasses\fake_tensor.py:3227] [0/3]   D:\wsl\personal\dr\paper\toxic_compile\venv_nightly\Lib\site-packages\torch\_subclasses\fake_tensor.py(2510): dispatch
E0922 07:00:41.223000 9172 Lib\site-packages\torch\_subclasses\fake_tensor.py:3227] [0/3]   D:\wsl\personal\dr\paper\toxic_compile\venv_nightly\Lib\site-packages\torch\_subclasses\fake_tensor.py(1707): __torch_dispatch__
E0922 07:00:41.223000 9172 Lib\site-packages\torch\_subclasses\fake_tensor.py:3227] [0/3]   D:\wsl\personal\dr\paper\toxic_compile\venv_nightly\Lib\site-packages\torch\utils\_stats.py(29): wrapper
E0922 07:00:41.223000 9172 Lib\site-packages\torch\_subclasses\fake_tensor.py:3227] [0/3]   D:\wsl\personal\dr\paper\toxic_compile\venv_nightly\Lib\site-packages\torch\_dynamo\eval_frame.py(1548): _fn
E0922 07:00:41.223000 9172 Lib\site-packages\torch\_subclasses\fake_tensor.py:3227] [0/3]   D:\wsl\personal\dr\paper\toxic_compile\venv_nightly\Lib\site-packages\torch\_compile.py(54): inner
E0922 07:00:41.223000 9172 Lib\site-packages\torch\_subclasses\fake_tensor.py:3227] [0/3]   D:\wsl\personal\dr\paper\toxic_compile\venv_nightly\Lib\site-packages\torch\_dynamo\utils.py(4501): run_node
E0922 07:00:41.223000 9172 Lib\site-packages\torch\_subclasses\fake_tensor.py:3227] [0/3]   D:\wsl\personal\dr\paper\toxic_compile\venv_nightly\Lib\site-packages\torch\_dynamo\utils.py(4263): <lambda>
E0922 07:00:41.223000 9172 Lib\site-packages\torch\_subclasses\fake_tensor.py:3227] [0/3]   D:\wsl\personal\dr\paper\toxic_compile\venv_nightly\Lib\site-packages\torch\_dynamo\utils.py(3597): wrap_fake_exception
E0922 07:00:41.223000 9172 Lib\site-packages\torch\_subclasses\fake_tensor.py:3227] [0/3]   D:\wsl\personal\dr\paper\toxic_compile\venv_nightly\Lib\site-packages\torch\_dynamo\utils.py(4262): _get_fake_value_impl
E0922 07:00:41.223000 9172 Lib\site-packages\torch\_subclasses\fake_tensor.py:3227] [0/3]   D:\wsl\personal\dr\paper\toxic_compile\venv_nightly\Lib\site-packages\torch\_dynamo\utils.py(4172): get_fake_value
E0922 07:00:41.223000 9172 Lib\site-packages\torch\_subclasses\fake_tensor.py:3227] [0/3]   D:\wsl\personal\dr\paper\toxic_compile\venv_nightly\Lib\site-packages\torch\_dynamo\variables\builder.py(4066): _wrap_fx_proxy
E0922 07:00:41.223000 9172 Lib\site-packages\torch\_subclasses\fake_tensor.py:3227] [0/3]   D:\wsl\personal\dr\paper\toxic_compile\venv_nightly\Lib\site-packages\torch\_dynamo\variables\builder.py(3935): wrap_fx_proxy_cls
E0922 07:00:41.223000 9172 Lib\site-packages\torch\_subclasses\fake_tensor.py:3227] [0/3]   D:\wsl\personal\dr\paper\toxic_compile\venv_nightly\Lib\site-packages\torch\_dynamo\variables\builder.py(3860): wrap_fx_proxy
E0922 07:00:41.223000 9172 Lib\site-packages\torch\_subclasses\fake_tensor.py:3227] [0/3]   D:\wsl\personal\dr\paper\toxic_compile\venv_nightly\Lib\site-packages\torch\_dynamo\variables\tensor.py(1123): call_method
E0922 07:00:41.223000 9172 Lib\site-packages\torch\_subclasses\fake_tensor.py:3227] [0/3]   D:\wsl\personal\dr\paper\toxic_compile\venv_nightly\Lib\site-packages\torch\_dynamo\variables\misc.py(1921): call_function
E0922 07:00:41.223000 9172 Lib\site-packages\torch\_subclasses\fake_tensor.py:3227] [0/3]   D:\wsl\personal\dr\paper\toxic_compile\venv_nightly\Lib\site-packages\torch\_dynamo\symbolic_convert.py(1641): call_function
E0922 07:00:41.223000 9172 Lib\site-packages\torch\_subclasses\fake_tensor.py:3227] [0/3]   D:\wsl\personal\dr\paper\toxic_compile\venv_nightly\Lib\site-packages\torch\_dynamo\symbolic_convert.py(4769): _call
E0922 07:00:41.223000 9172 Lib\site-packages\torch\_subclasses\fake_tensor.py:3227] [0/3]   D:\wsl\personal\dr\paper\toxic_compile\venv_nightly\Lib\site-packages\torch\_dynamo\symbolic_convert.py(5031): CALL_KW
E0922 07:00:41.223000 9172 Lib\site-packages\torch\_subclasses\fake_tensor.py:3227] [0/3]   D:\wsl\personal\dr\paper\toxic_compile\venv_nightly\Lib\site-packages\torch\_dynamo\symbolic_convert.py(1109): wrapper
E0922 07:00:41.223000 9172 Lib\site-packages\torch\_subclasses\fake_tensor.py:3227] [0/3]   D:\wsl\personal\dr\paper\toxic_compile\venv_nightly\Lib\site-packages\torch\_dynamo\symbolic_convert.py(1751): step
E0922 07:00:41.223000 9172 Lib\site-packages\torch\_subclasses\fake_tensor.py:3227] [0/3]   D:\wsl\personal\dr\paper\toxic_compile\venv_nightly\Lib\site-packages\torch\_dynamo\symbolic_convert.py(2098): run
E0922 07:00:41.223000 9172 Lib\site-packages\torch\_subclasses\fake_tensor.py:3227] [0/3]   D:\wsl\personal\dr\paper\toxic_compile\venv_nightly\Lib\site-packages\torch\_dynamo\convert_frame.py(952): run_tracer
E0922 07:00:41.223000 9172 Lib\site-packages\torch\_subclasses\fake_tensor.py:3227] [0/3]   D:\wsl\personal\dr\paper\toxic_compile\venv_nightly\Lib\site-packages\torch\_dynamo\convert_frame.py(971): trace_frame
E0922 07:00:41.223000 9172 Lib\site-packages\torch\_subclasses\fake_tensor.py:3227] [0/3]   D:\wsl\personal\dr\paper\toxic_compile\venv_nightly\Lib\site-packages\torch\_dynamo\convert_frame.py(372): _fn
E0922 07:00:41.223000 9172 Lib\site-packages\torch\_subclasses\fake_tensor.py:3227] [0/3]   D:\wsl\personal\dr\paper\toxic_compile\venv_nightly\Lib\site-packages\torch\_dynamo\convert_frame.py(1610): transform
E0922 07:00:41.223000 9172 Lib\site-packages\torch\_subclasses\fake_tensor.py:3227] [0/3]   D:\wsl\personal\dr\paper\toxic_compile\venv_nightly\Lib\site-packages\torch\_dynamo\bytecode_transformation.py(1849): transform_code_object
E0922 07:00:41.223000 9172 Lib\site-packages\torch\_subclasses\fake_tensor.py:3227] [0/3]   D:\wsl\personal\dr\paper\toxic_compile\venv_nightly\Lib\site-packages\torch\_dynamo\convert_frame.py(1639): compile_frame
E0922 07:00:41.223000 9172 Lib\site-packages\torch\_subclasses\fake_tensor.py:3227] [0/3]   D:\wsl\personal\dr\paper\toxic_compile\venv_nightly\Lib\site-packages\torch\_dynamo\convert_frame.py(1804): _compile_inner
E0922 07:00:41.223000 9172 Lib\site-packages\torch\_subclasses\fake_tensor.py:3227] [0/3]   D:\wsl\personal\dr\paper\toxic_compile\venv_nightly\Lib\site-packages\torch\_dynamo\convert_frame.py(1744): compile_inner
E0922 07:00:41.223000 9172 Lib\site-packages\torch\_subclasses\fake_tensor.py:3227] [0/3]   D:\wsl\personal\dr\paper\toxic_compile\venv_nightly\Lib\site-packages\torch\_utils_internal.py(114): wrapper_function
E0922 07:00:41.223000 9172 Lib\site-packages\torch\_subclasses\fake_tensor.py:3227] [0/3]   D:\wsl\personal\dr\paper\toxic_compile\venv_nightly\Lib\site-packages\torch\_dynamo\convert_frame.py(2163): _compile
E0922 07:00:41.223000 9172 Lib\site-packages\torch\_subclasses\fake_tensor.py:3227] [0/3]   D:\wsl\personal\dr\paper\toxic_compile\venv_nightly\Lib\site-packages\torch\_dynamo\convert_frame.py(781): __call__
E0922 07:00:41.223000 9172 Lib\site-packages\torch\_subclasses\fake_tensor.py:3227] [0/3]   D:\wsl\personal\dr\paper\toxic_compile\venv_nightly\Lib\site-packages\torch\_dynamo\convert_frame.py(2390): __call__
E0922 07:00:41.223000 9172 Lib\site-packages\torch\_subclasses\fake_tensor.py:3227] [0/3]   D:\wsl\personal\dr\paper\toxic_compile\venv_nightly\Lib\site-packages\torch\_dynamo\convert_frame.py(2706): __call__
E0922 07:00:41.223000 9172 Lib\site-packages\torch\_subclasses\fake_tensor.py:3227] [0/3]   D:\wsl\personal\dr\paper\toxic_compile\venv_nightly\Lib\site-packages\torch\_dynamo\eval_frame.py(1261): compile_wrapper
E0922 07:00:41.223000 9172 Lib\site-packages\torch\_subclasses\fake_tensor.py:3227] [0/3]   D:\wsl\personal\dr\paper\toxic_compile\plan\reports_scalar_seq\specialized_value_census_v2.py(118): run
E0922 07:00:41.223000 9172 Lib\site-packages\torch\_subclasses\fake_tensor.py:3227] [0/3]   D:\wsl\personal\dr\paper\toxic_compile\plan\reports_scalar_seq\specialized_value_census_v2.py(134): <module>
E0922 07:00:41.223000 9172 Lib\site-packages\torch\_subclasses\fake_tensor.py:3227] [0/3] 
W0922 07:00:41.244000 9172 Lib\site-packages\torch\fx\experimental\symbolic_shapes.py:8755] [0/4] failed during evaluate_expr(ToFloat(Mod(TruncToInt(2.0*Abs(zf72)), 2)), hint=0.0, size_oblivious=False, forcing_spec=False
E0922 07:00:41.246000 9172 Lib\site-packages\torch\_subclasses\fake_tensor.py:3227] [0/4] failed while attempting to run meta for aten.var.correction
E0922 07:00:41.246000 9172 Lib\site-packages\torch\_subclasses\fake_tensor.py:3227] [0/4] Traceback (most recent call last):
E0922 07:00:41.246000 9172 Lib\site-packages\torch\_subclasses\fake_tensor.py:3227] [0/4]   File "D:\wsl\personal\dr\paper\toxic_compile\venv_nightly\Lib\site-packages\torch\_subclasses\fake_tensor.py", line 3223, in _dispatch_impl
E0922 07:00:41.246000 9172 Lib\site-packages\torch\_subclasses\fake_tensor.py:3227] [0/4]     r = func(*args, **kwargs)
E0922 07:00:41.246000 9172 Lib\site-packages\torch\_subclasses\fake_tensor.py:3227] [0/4]   File "D:\wsl\personal\dr\paper\toxic_compile\venv_nightly\Lib\site-packages\torch\_ops.py", line 916, in __call__
E0922 07:00:41.246000 9172 Lib\site-packages\torch\_subclasses\fake_tensor.py:3227] [0/4]     return self._op(*args, **kwargs)
E0922 07:00:41.246000 9172 Lib\site-packages\torch\_subclasses\fake_tensor.py:3227] [0/4]            ~~~~~~~~^^^^^^^^^^^^^^^^^
E0922 07:00:41.246000 9172 Lib\site-packages\torch\_subclasses\fake_tensor.py:3227] [0/4]   File "D:\wsl\personal\dr\paper\toxic_compile\venv_nightly\Lib\site-packages\torch\_prims_common\wrappers.py", line 313, in _fn
E0922 07:00:41.246000 9172 Lib\site-packages\torch\_subclasses\fake_tensor.py:3227] [0/4]     result = fn(*args, **kwargs)
E0922 07:00:41.246000 9172 Lib\site-packages\torch\_subclasses\fake_tensor.py:3227] [0/4]   File "D:\wsl\personal\dr\paper\toxic_compile\venv_nightly\Lib\site-packages\torch\_refs\__init__.py", line 2646, in var
E0922 07:00:41.246000 9172 Lib\site-packages\torch\_subclasses\fake_tensor.py:3227] [0/4]     result = _reduction(
E0922 07:00:41.246000 9172 Lib\site-packages\torch\_subclasses\fake_tensor.py:3227] [0/4]         a,
E0922 07:00:41.246000 9172 Lib\site-packages\torch\_subclasses\fake_tensor.py:3227] [0/4]     ...<6 lines>...
E0922 07:00:41.246000 9172 Lib\site-packages\torch\_subclasses\fake_tensor.py:3227] [0/4]         output_dtype_kind=REDUCTION_OUTPUT_TYPE_KIND.COMPLEX_TO_FLOAT,
E0922 07:00:41.246000 9172 Lib\site-packages\torch\_subclasses\fake_tensor.py:3227] [0/4]     )
E0922 07:00:41.246000 9172 Lib\site-packages\torch\_subclasses\fake_tensor.py:3227] [0/4]   File "D:\wsl\personal\dr\paper\toxic_compile\venv_nightly\Lib\site-packages\torch\_refs\__init__.py", line 2389, in _reduction
E0922 07:00:41.246000 9172 Lib\site-packages\torch\_subclasses\fake_tensor.py:3227] [0/4]     result = prim(a, dims)
E0922 07:00:41.246000 9172 Lib\site-packages\torch\_subclasses\fake_tensor.py:3227] [0/4]   File "D:\wsl\personal\dr\paper\toxic_compile\venv_nightly\Lib\site-packages\torch\_ops.py", line 916, in __call__
E0922 07:00:41.246000 9172 Lib\site-packages\torch\_subclasses\fake_tensor.py:3227] [0/4]     return self._op(*args, **kwargs)
E0922 07:00:41.246000 9172 Lib\site-packages\torch\_subclasses\fake_tensor.py:3227] [0/4]            ~~~~~~~~^^^^^^^^^^^^^^^^^
E0922 07:00:41.246000 9172 Lib\site-packages\torch\_subclasses\fake_tensor.py:3227] [0/4] RuntimeError: prims::var() Expected a value of type 'Optional[float]' for argument 'correction' but instead found type 'SymFloat'.
E0922 07:00:41.246000 9172 Lib\site-packages\torch\_subclasses\fake_tensor.py:3227] [0/4] Position: 2
E0922 07:00:41.246000 9172 Lib\site-packages\torch\_subclasses\fake_tensor.py:3227] [0/4] Value: ToFloat(Mod(TruncToInt(2.0*Abs(zf72)), 2))
E0922 07:00:41.246000 9172 Lib\site-packages\torch\_subclasses\fake_tensor.py:3227] [0/4] Declaration: prims::var(Tensor inp, int[]? dims, float? correction=1, *, ScalarType? output_dtype=None) -> Tensor
E0922 07:00:41.246000 9172 Lib\site-packages\torch\_subclasses\fake_tensor.py:3227] [0/4]  Python error details: TypeError: Could not compare ToFloat(0.0) <= 1.00000000000000
E0922 07:00:41.246000 9172 Lib\site-packages\torch\_subclasses\fake_tensor.py:3227] [0/4] 
E0922 07:00:41.246000 9172 Lib\site-packages\torch\_subclasses\fake_tensor.py:3227] [0/4] At:
E0922 07:00:41.246000 9172 Lib\site-packages\torch\_subclasses\fake_tensor.py:3227] [0/4]   D:\wsl\personal\dr\paper\toxic_compile\venv_nightly\Lib\site-packages\torch\utils\_sympy\value_ranges.py(168): __init__
E0922 07:00:41.246000 9172 Lib\site-packages\torch\_subclasses\fake_tensor.py:3227] [0/4]   D:\wsl\personal\dr\paper\toxic_compile\venv_nightly\Lib\site-packages\torch\utils\_sympy\value_ranges.py(347): increasing_map
E0922 07:00:41.246000 9172 Lib\site-packages\torch\_subclasses\fake_tensor.py:3227] [0/4]   D:\wsl\personal\dr\paper\toxic_compile\venv_nightly\Lib\site-packages\torch\utils\_sympy\value_ranges.py(487): to_dtype
E0922 07:00:41.246000 9172 Lib\site-packages\torch\_subclasses\fake_tensor.py:3227] [0/4]   D:\wsl\personal\dr\paper\toxic_compile\venv_nightly\Lib\site-packages\torch\utils\_sympy\interp.py(137): _run_sympy_handler
E0922 07:00:41.246000 9172 Lib\site-packages\torch\_subclasses\fake_tensor.py:3227] [0/4]   D:\wsl\personal\dr\paper\toxic_compile\venv_nightly\Lib\site-packages\torch\utils\_sympy\interp.py(225): sympy_interp
E0922 07:00:41.246000 9172 Lib\site-packages\torch\_subclasses\fake_tensor.py:3227] [0/4]   D:\wsl\personal\dr\paper\toxic_compile\venv_nightly\Lib\site-packages\torch\utils\_sympy\value_ranges.py(1304): bound_sympy
E0922 07:00:41.246000 9172 Lib\site-packages\torch\_subclasses\fake_tensor.py:3227] [0/4]   D:\wsl\personal\dr\paper\toxic_compile\venv_nightly\Lib\site-packages\torch\fx\experimental\symbolic_shapes.py(2637): _maybe_evaluate_static_worker
E0922 07:00:41.246000 9172 Lib\site-packages\torch\_subclasses\fake_tensor.py:3227] [0/4]   D:\wsl\personal\dr\paper\toxic_compile\venv_nightly\Lib\site-packages\torch\fx\experimental\symbolic_shapes.py(7521): _maybe_evaluate_static
E0922 07:00:41.246000 9172 Lib\site-packages\torch\_subclasses\fake_tensor.py:3227] [0/4]   D:\wsl\personal\dr\paper\toxic_compile\venv_nightly\Lib\site-packages\torch\fx\experimental\symbolic_shapes.py(2795): wrapper
E0922 07:00:41.246000 9172 Lib\site-packages\torch\_subclasses\fake_tensor.py:3227] [0/4]   D:\wsl\personal\dr\paper\toxic_compile\venv_nightly\Lib\site-packages\torch\fx\experimental\symbolic_shapes.py(9045): _evaluate_expr
E0922 07:00:41.246000 9172 Lib\site-packages\torch\_subclasses\fake_tensor.py:3227] [0/4]   D:\wsl\personal\dr\paper\toxic_compile\venv_nightly\Lib\site-packages\torch\fx\experimental\symbolic_shapes.py(8762): _inner_evaluate_expr
E0922 07:00:41.246000 9172 Lib\site-packages\torch\_subclasses\fake_tensor.py:3227] [0/4]   D:\wsl\personal\dr\paper\toxic_compile\venv_nightly\Lib\site-packages\torch\fx\experimental\recording.py(284): wrapper
E0922 07:00:41.246000 9172 Lib\site-packages\torch\_subclasses\fake_tensor.py:3227] [0/4]   D:\wsl\personal\dr\paper\toxic_compile\venv_nightly\Lib\site-packages\torch\fx\experimental\symbolic_shapes.py(8720): evaluate_expr
E0922 07:00:41.246000 9172 Lib\site-packages\torch\_subclasses\fake_tensor.py:3227] [0/4]   D:\wsl\personal\dr\paper\toxic_compile\venv_nightly\Lib\site-packages\torch\fx\experimental\symbolic_shapes.py(8624): evaluate_sym_node
E0922 07:00:41.246000 9172 Lib\site-packages\torch\_subclasses\fake_tensor.py:3227] [0/4]   D:\wsl\personal\dr\paper\toxic_compile\venv_nightly\Lib\site-packages\torch\fx\experimental\sym_node.py(565): evaluate
E0922 07:00:41.246000 9172 Lib\site-packages\torch\_subclasses\fake_tensor.py:3227] [0/4]   D:\wsl\personal\dr\paper\toxic_compile\venv_nightly\Lib\site-packages\torch\fx\experimental\sym_node.py(581): guard_float
E0922 07:00:41.246000 9172 Lib\site-packages\torch\_subclasses\fake_tensor.py:3227] [0/4]   D:\wsl\personal\dr\paper\toxic_compile\venv_nightly\Lib\site-packages\torch\_ops.py(916): __call__
E0922 07:00:41.246000 9172 Lib\site-packages\torch\_subclasses\fake_tensor.py:3227] [0/4]   D:\wsl\personal\dr\paper\toxic_compile\venv_nightly\Lib\site-packages\torch\_refs\__init__.py(2389): _reduction
E0922 07:00:41.246000 9172 Lib\site-packages\torch\_subclasses\fake_tensor.py:3227] [0/4]   D:\wsl\personal\dr\paper\toxic_compile\venv_nightly\Lib\site-packages\torch\_refs\__init__.py(2646): var
E0922 07:00:41.246000 9172 Lib\site-packages\torch\_subclasses\fake_tensor.py:3227] [0/4]   D:\wsl\personal\dr\paper\toxic_compile\venv_nightly\Lib\site-packages\torch\_prims_common\wrappers.py(313): _fn
E0922 07:00:41.246000 9172 Lib\site-packages\torch\_subclasses\fake_tensor.py:3227] [0/4]   D:\wsl\personal\dr\paper\toxic_compile\venv_nightly\Lib\site-packages\torch\_ops.py(916): __call__
E0922 07:00:41.246000 9172 Lib\site-packages\torch\_subclasses\fake_tensor.py:3227] [0/4]   D:\wsl\personal\dr\paper\toxic_compile\venv_nightly\Lib\site-packages\torch\_subclasses\fake_tensor.py(3223): _dispatch_impl
E0922 07:00:41.246000 9172 Lib\site-packages\torch\_subclasses\fake_tensor.py:3227] [0/4]   D:\wsl\personal\dr\paper\toxic_compile\venv_nightly\Lib\site-packages\torch\_subclasses\fake_tensor.py(1818): _cached_dispatch_impl
E0922 07:00:41.246000 9172 Lib\site-packages\torch\_subclasses\fake_tensor.py:3227] [0/4]   D:\wsl\personal\dr\paper\toxic_compile\venv_nightly\Lib\site-packages\torch\_subclasses\fake_tensor.py(2510): dispatch
E0922 07:00:41.246000 9172 Lib\site-packages\torch\_subclasses\fake_tensor.py:3227] [0/4]   D:\wsl\personal\dr\paper\toxic_compile\venv_nightly\Lib\site-packages\torch\_subclasses\fake_tensor.py(1707): __torch_dispatch__
E0922 07:00:41.246000 9172 Lib\site-packages\torch\_subclasses\fake_tensor.py:3227] [0/4]   D:\wsl\personal\dr\paper\toxic_compile\venv_nightly\Lib\site-packages\torch\utils\_stats.py(29): wrapper
E0922 07:00:41.246000 9172 Lib\site-packages\torch\_subclasses\fake_tensor.py:3227] [0/4]   D:\wsl\personal\dr\paper\toxic_compile\venv_nightly\Lib\site-packages\torch\_dynamo\eval_frame.py(1548): _fn
E0922 07:00:41.246000 9172 Lib\site-packages\torch\_subclasses\fake_tensor.py:3227] [0/4]   D:\wsl\personal\dr\paper\toxic_compile\venv_nightly\Lib\site-packages\torch\_compile.py(54): inner
E0922 07:00:41.246000 9172 Lib\site-packages\torch\_subclasses\fake_tensor.py:3227] [0/4]   D:\wsl\personal\dr\paper\toxic_compile\venv_nightly\Lib\site-packages\torch\_refs\__init__.py(2676): std
E0922 07:00:41.246000 9172 Lib\site-packages\torch\_subclasses\fake_tensor.py:3227] [0/4]   D:\wsl\personal\dr\paper\toxic_compile\venv_nightly\Lib\site-packages\torch\_prims_common\wrappers.py(313): _fn
E0922 07:00:41.246000 9172 Lib\site-packages\torch\_subclasses\fake_tensor.py:3227] [0/4]   D:\wsl\personal\dr\paper\toxic_compile\venv_nightly\Lib\site-packages\torch\_subclasses\fake_tensor.py(3102): _dispatch_impl
E0922 07:00:41.246000 9172 Lib\site-packages\torch\_subclasses\fake_tensor.py:3227] [0/4]   D:\wsl\personal\dr\paper\toxic_compile\venv_nightly\Lib\site-packages\torch\_subclasses\fake_tensor.py(1858): _cached_dispatch_impl
E0922 07:00:41.246000 9172 Lib\site-packages\torch\_subclasses\fake_tensor.py:3227] [0/4]   D:\wsl\personal\dr\paper\toxic_compile\venv_nightly\Lib\site-packages\torch\_subclasses\fake_tensor.py(2510): dispatch
E0922 07:00:41.246000 9172 Lib\site-packages\torch\_subclasses\fake_tensor.py:3227] [0/4]   D:\wsl\personal\dr\paper\toxic_compile\venv_nightly\Lib\site-packages\torch\_subclasses\fake_tensor.py(1707): __torch_dispatch__
E0922 07:00:41.246000 9172 Lib\site-packages\torch\_subclasses\fake_tensor.py:3227] [0/4]   D:\wsl\personal\dr\paper\toxic_compile\venv_nightly\Lib\site-packages\torch\utils\_stats.py(29): wrapper
E0922 07:00:41.246000 9172 Lib\site-packages\torch\_subclasses\fake_tensor.py:3227] [0/4]   D:\wsl\personal\dr\paper\toxic_compile\venv_nightly\Lib\site-packages\torch\_dynamo\eval_frame.py(1548): _fn
E0922 07:00:41.246000 9172 Lib\site-packages\torch\_subclasses\fake_tensor.py:3227] [0/4]   D:\wsl\personal\dr\paper\toxic_compile\venv_nightly\Lib\site-packages\torch\_compile.py(54): inner
E0922 07:00:41.246000 9172 Lib\site-packages\torch\_subclasses\fake_tensor.py:3227] [0/4]   D:\wsl\personal\dr\paper\toxic_compile\venv_nightly\Lib\site-packages\torch\_dynamo\utils.py(4501): run_node
E0922 07:00:41.246000 9172 Lib\site-packages\torch\_subclasses\fake_tensor.py:3227] [0/4]   D:\wsl\personal\dr\paper\toxic_compile\venv_nightly\Lib\site-packages\torch\_dynamo\utils.py(4263): <lambda>
E0922 07:00:41.246000 9172 Lib\site-packages\torch\_subclasses\fake_tensor.py:3227] [0/4]   D:\wsl\personal\dr\paper\toxic_compile\venv_nightly\Lib\site-packages\torch\_dynamo\utils.py(3597): wrap_fake_exception
E0922 07:00:41.246000 9172 Lib\site-packages\torch\_subclasses\fake_tensor.py:3227] [0/4]   D:\wsl\personal\dr\paper\toxic_compile\venv_nightly\Lib\site-packages\torch\_dynamo\utils.py(4262): _get_fake_value_impl
E0922 07:00:41.246000 9172 Lib\site-packages\torch\_subclasses\fake_tensor.py:3227] [0/4]   D:\wsl\personal\dr\paper\toxic_compile\venv_nightly\Lib\site-packages\torch\_dynamo\utils.py(4172): get_fake_value
E0922 07:00:41.246000 9172 Lib\site-packages\torch\_subclasses\fake_tensor.py:3227] [0/4]   D:\wsl\personal\dr\paper\toxic_compile\venv_nightly\Lib\site-packages\torch\_dynamo\variables\builder.py(4066): _wrap_fx_proxy
E0922 07:00:41.246000 9172 Lib\site-packages\torch\_subclasses\fake_tensor.py:3227] [0/4]   D:\wsl\personal\dr\paper\toxic_compile\venv_nightly\Lib\site-packages\torch\_dynamo\variables\builder.py(3935): wrap_fx_proxy_cls
E0922 07:00:41.246000 9172 Lib\site-packages\torch\_subclasses\fake_tensor.py:3227] [0/4]   D:\wsl\personal\dr\paper\toxic_compile\venv_nightly\Lib\site-packages\torch\_dynamo\variables\builder.py(3860): wrap_fx_proxy
E0922 07:00:41.246000 9172 Lib\site-packages\torch\_subclasses\fake_tensor.py:3227] [0/4]   D:\wsl\personal\dr\paper\toxic_compile\venv_nightly\Lib\site-packages\torch\_dynamo\variables\tensor.py(1123): call_method
E0922 07:00:41.246000 9172 Lib\site-packages\torch\_subclasses\fake_tensor.py:3227] [0/4]   D:\wsl\personal\dr\paper\toxic_compile\venv_nightly\Lib\site-packages\torch\_dynamo\variables\misc.py(1921): call_function
E0922 07:00:41.246000 9172 Lib\site-packages\torch\_subclasses\fake_tensor.py:3227] [0/4]   D:\wsl\personal\dr\paper\toxic_compile\venv_nightly\Lib\site-packages\torch\_dynamo\symbolic_convert.py(1641): call_function
E0922 07:00:41.246000 9172 Lib\site-packages\torch\_subclasses\fake_tensor.py:3227] [0/4]   D:\wsl\personal\dr\paper\toxic_compile\venv_nightly\Lib\site-packages\torch\_dynamo\symbolic_convert.py(4769): _call
E0922 07:00:41.246000 9172 Lib\site-packages\torch\_subclasses\fake_tensor.py:3227] [0/4]   D:\wsl\personal\dr\paper\toxic_compile\venv_nightly\Lib\site-packages\torch\_dynamo\symbolic_convert.py(5031): CALL_KW
E0922 07:00:41.246000 9172 Lib\site-packages\torch\_subclasses\fake_tensor.py:3227] [0/4]   D:\wsl\personal\dr\paper\toxic_compile\venv_nightly\Lib\site-packages\torch\_dynamo\symbolic_convert.py(1109): wrapper
E0922 07:00:41.246000 9172 Lib\site-packages\torch\_subclasses\fake_tensor.py:3227] [0/4]   D:\wsl\personal\dr\paper\toxic_compile\venv_nightly\Lib\site-packages\torch\_dynamo\symbolic_convert.py(1751): step
E0922 07:00:41.246000 9172 Lib\site-packages\torch\_subclasses\fake_tensor.py:3227] [0/4]   D:\wsl\personal\dr\paper\toxic_compile\venv_nightly\Lib\site-packages\torch\_dynamo\symbolic_convert.py(2098): run
E0922 07:00:41.246000 9172 Lib\site-packages\torch\_subclasses\fake_tensor.py:3227] [0/4]   D:\wsl\personal\dr\paper\toxic_compile\venv_nightly\Lib\site-packages\torch\_dynamo\convert_frame.py(952): run_tracer
E0922 07:00:41.246000 9172 Lib\site-packages\torch\_subclasses\fake_tensor.py:3227] [0/4]   D:\wsl\personal\dr\paper\toxic_compile\venv_nightly\Lib\site-packages\torch\_dynamo\convert_frame.py(971): trace_frame
E0922 07:00:41.246000 9172 Lib\site-packages\torch\_subclasses\fake_tensor.py:3227] [0/4]   D:\wsl\personal\dr\paper\toxic_compile\venv_nightly\Lib\site-packages\torch\_dynamo\convert_frame.py(372): _fn
E0922 07:00:41.246000 9172 Lib\site-packages\torch\_subclasses\fake_tensor.py:3227] [0/4]   D:\wsl\personal\dr\paper\toxic_compile\venv_nightly\Lib\site-packages\torch\_dynamo\convert_frame.py(1610): transform
E0922 07:00:41.246000 9172 Lib\site-packages\torch\_subclasses\fake_tensor.py:3227] [0/4]   D:\wsl\personal\dr\paper\toxic_compile\venv_nightly\Lib\site-packages\torch\_dynamo\bytecode_transformation.py(1849): transform_code_object
E0922 07:00:41.246000 9172 Lib\site-packages\torch\_subclasses\fake_tensor.py:3227] [0/4]   D:\wsl\personal\dr\paper\toxic_compile\venv_nightly\Lib\site-packages\torch\_dynamo\convert_frame.py(1639): compile_frame
E0922 07:00:41.246000 9172 Lib\site-packages\torch\_subclasses\fake_tensor.py:3227] [0/4]   D:\wsl\personal\dr\paper\toxic_compile\venv_nightly\Lib\site-packages\torch\_dynamo\convert_frame.py(1804): _compile_inner
E0922 07:00:41.246000 9172 Lib\site-packages\torch\_subclasses\fake_tensor.py:3227] [0/4]   D:\wsl\personal\dr\paper\toxic_compile\venv_nightly\Lib\site-packages\torch\_dynamo\convert_frame.py(1744): compile_inner
E0922 07:00:41.246000 9172 Lib\site-packages\torch\_subclasses\fake_tensor.py:3227] [0/4]   D:\wsl\personal\dr\paper\toxic_compile\venv_nightly\Lib\site-packages\torch\_utils_internal.py(114): wrapper_function
E0922 07:00:41.246000 9172 Lib\site-packages\torch\_subclasses\fake_tensor.py:3227] [0/4]   D:\wsl\personal\dr\paper\toxic_compile\venv_nightly\Lib\site-packages\torch\_dynamo\convert_frame.py(2163): _compile
E0922 07:00:41.246000 9172 Lib\site-packages\torch\_subclasses\fake_tensor.py:3227] [0/4]   D:\wsl\personal\dr\paper\toxic_compile\venv_nightly\Lib\site-packages\torch\_dynamo\convert_frame.py(781): __call__
E0922 07:00:41.246000 9172 Lib\site-packages\torch\_subclasses\fake_tensor.py:3227] [0/4]   D:\wsl\personal\dr\paper\toxic_compile\venv_nightly\Lib\site-packages\torch\_dynamo\convert_frame.py(2390): __call__
E0922 07:00:41.246000 9172 Lib\site-packages\torch\_subclasses\fake_tensor.py:3227] [0/4]   D:\wsl\personal\dr\paper\toxic_compile\venv_nightly\Lib\site-packages\torch\_dynamo\convert_frame.py(2706): __call__
E0922 07:00:41.246000 9172 Lib\site-packages\torch\_subclasses\fake_tensor.py:3227] [0/4]   D:\wsl\personal\dr\paper\toxic_compile\venv_nightly\Lib\site-packages\torch\_dynamo\eval_frame.py(1261): compile_wrapper
E0922 07:00:41.246000 9172 Lib\site-packages\torch\_subclasses\fake_tensor.py:3227] [0/4]   D:\wsl\personal\dr\paper\toxic_compile\plan\reports_scalar_seq\specialized_value_census_v2.py(118): run
E0922 07:00:41.246000 9172 Lib\site-packages\torch\_subclasses\fake_tensor.py:3227] [0/4]   D:\wsl\personal\dr\paper\toxic_compile\plan\reports_scalar_seq\specialized_value_census_v2.py(134): <module>
E0922 07:00:41.246000 9172 Lib\site-packages\torch\_subclasses\fake_tensor.py:3227] [0/4] 
W0922 07:00:41.266000 9172 Lib\site-packages\torch\fx\experimental\symbolic_shapes.py:8755] [0/5] failed during evaluate_expr(ToFloat(Mod(TruncToInt(2.0*Abs(zf72)), 2)), hint=0.0, size_oblivious=False, forcing_spec=False
E0922 07:00:41.268000 9172 Lib\site-packages\torch\_subclasses\fake_tensor.py:3227] [0/5] failed while attempting to run meta for aten.var.correction
E0922 07:00:41.268000 9172 Lib\site-packages\torch\_subclasses\fake_tensor.py:3227] [0/5] Traceback (most recent call last):
E0922 07:00:41.268000 9172 Lib\site-packages\torch\_subclasses\fake_tensor.py:3227] [0/5]   File "D:\wsl\personal\dr\paper\toxic_compile\venv_nightly\Lib\site-packages\torch\_subclasses\fake_tensor.py", line 3223, in _dispatch_impl
E0922 07:00:41.268000 9172 Lib\site-packages\torch\_subclasses\fake_tensor.py:3227] [0/5]     r = func(*args, **kwargs)
E0922 07:00:41.268000 9172 Lib\site-packages\torch\_subclasses\fake_tensor.py:3227] [0/5]   File "D:\wsl\personal\dr\paper\toxic_compile\venv_nightly\Lib\site-packages\torch\_ops.py", line 916, in __call__
E0922 07:00:41.268000 9172 Lib\site-packages\torch\_subclasses\fake_tensor.py:3227] [0/5]     return self._op(*args, **kwargs)
E0922 07:00:41.268000 9172 Lib\site-packages\torch\_subclasses\fake_tensor.py:3227] [0/5]            ~~~~~~~~^^^^^^^^^^^^^^^^^
E0922 07:00:41.268000 9172 Lib\site-packages\torch\_subclasses\fake_tensor.py:3227] [0/5]   File "D:\wsl\personal\dr\paper\toxic_compile\venv_nightly\Lib\site-packages\torch\_prims_common\wrappers.py", line 313, in _fn
E0922 07:00:41.268000 9172 Lib\site-packages\torch\_subclasses\fake_tensor.py:3227] [0/5]     result = fn(*args, **kwargs)
E0922 07:00:41.268000 9172 Lib\site-packages\torch\_subclasses\fake_tensor.py:3227] [0/5]   File "D:\wsl\personal\dr\paper\toxic_compile\venv_nightly\Lib\site-packages\torch\_refs\__init__.py", line 2646, in var
E0922 07:00:41.268000 9172 Lib\site-packages\torch\_subclasses\fake_tensor.py:3227] [0/5]     result = _reduction(
E0922 07:00:41.268000 9172 Lib\site-packages\torch\_subclasses\fake_tensor.py:3227] [0/5]         a,
E0922 07:00:41.268000 9172 Lib\site-packages\torch\_subclasses\fake_tensor.py:3227] [0/5]     ...<6 lines>...
E0922 07:00:41.268000 9172 Lib\site-packages\torch\_subclasses\fake_tensor.py:3227] [0/5]         output_dtype_kind=REDUCTION_OUTPUT_TYPE_KIND.COMPLEX_TO_FLOAT,
E0922 07:00:41.268000 9172 Lib\site-packages\torch\_subclasses\fake_tensor.py:3227] [0/5]     )
E0922 07:00:41.268000 9172 Lib\site-packages\torch\_subclasses\fake_tensor.py:3227] [0/5]   File "D:\wsl\personal\dr\paper\toxic_compile\venv_nightly\Lib\site-packages\torch\_refs\__init__.py", line 2389, in _reduction
E0922 07:00:41.268000 9172 Lib\site-packages\torch\_subclasses\fake_tensor.py:3227] [0/5]     result = prim(a, dims)
E0922 07:00:41.268000 9172 Lib\site-packages\torch\_subclasses\fake_tensor.py:3227] [0/5]   File "D:\wsl\personal\dr\paper\toxic_compile\venv_nightly\Lib\site-packages\torch\_ops.py", line 916, in __call__
E0922 07:00:41.268000 9172 Lib\site-packages\torch\_subclasses\fake_tensor.py:3227] [0/5]     return self._op(*args, **kwargs)
E0922 07:00:41.268000 9172 Lib\site-packages\torch\_subclasses\fake_tensor.py:3227] [0/5]            ~~~~~~~~^^^^^^^^^^^^^^^^^
E0922 07:00:41.268000 9172 Lib\site-packages\torch\_subclasses\fake_tensor.py:3227] [0/5] RuntimeError: prims::var() Expected a value of type 'Optional[float]' for argument 'correction' but instead found type 'SymFloat'.
E0922 07:00:41.268000 9172 Lib\site-packages\torch\_subclasses\fake_tensor.py:3227] [0/5] Position: 2
E0922 07:00:41.268000 9172 Lib\site-packages\torch\_subclasses\fake_tensor.py:3227] [0/5] Value: ToFloat(Mod(TruncToInt(2.0*Abs(zf72)), 2))
E0922 07:00:41.268000 9172 Lib\site-packages\torch\_subclasses\fake_tensor.py:3227] [0/5] Declaration: prims::var(Tensor inp, int[]? dims, float? correction=1, *, ScalarType? output_dtype=None) -> Tensor
E0922 07:00:41.268000 9172 Lib\site-packages\torch\_subclasses\fake_tensor.py:3227] [0/5]  Python error details: TypeError: Could not compare ToFloat(0.0) <= 1.00000000000000
E0922 07:00:41.268000 9172 Lib\site-packages\torch\_subclasses\fake_tensor.py:3227] [0/5] 
E0922 07:00:41.268000 9172 Lib\site-packages\torch\_subclasses\fake_tensor.py:3227] [0/5] At:
E0922 07:00:41.268000 9172 Lib\site-packages\torch\_subclasses\fake_tensor.py:3227] [0/5]   D:\wsl\personal\dr\paper\toxic_compile\venv_nightly\Lib\site-packages\torch\utils\_sympy\value_ranges.py(168): __init__
E0922 07:00:41.268000 9172 Lib\site-packages\torch\_subclasses\fake_tensor.py:3227] [0/5]   D:\wsl\personal\dr\paper\toxic_compile\venv_nightly\Lib\site-packages\torch\utils\_sympy\value_ranges.py(347): increasing_map
E0922 07:00:41.268000 9172 Lib\site-packages\torch\_subclasses\fake_tensor.py:3227] [0/5]   D:\wsl\personal\dr\paper\toxic_compile\venv_nightly\Lib\site-packages\torch\utils\_sympy\value_ranges.py(487): to_dtype
E0922 07:00:41.268000 9172 Lib\site-packages\torch\_subclasses\fake_tensor.py:3227] [0/5]   D:\wsl\personal\dr\paper\toxic_compile\venv_nightly\Lib\site-packages\torch\utils\_sympy\interp.py(137): _run_sympy_handler
E0922 07:00:41.268000 9172 Lib\site-packages\torch\_subclasses\fake_tensor.py:3227] [0/5]   D:\wsl\personal\dr\paper\toxic_compile\venv_nightly\Lib\site-packages\torch\utils\_sympy\interp.py(225): sympy_interp
E0922 07:00:41.268000 9172 Lib\site-packages\torch\_subclasses\fake_tensor.py:3227] [0/5]   D:\wsl\personal\dr\paper\toxic_compile\venv_nightly\Lib\site-packages\torch\utils\_sympy\value_ranges.py(1304): bound_sympy
E0922 07:00:41.268000 9172 Lib\site-packages\torch\_subclasses\fake_tensor.py:3227] [0/5]   D:\wsl\personal\dr\paper\toxic_compile\venv_nightly\Lib\site-packages\torch\fx\experimental\symbolic_shapes.py(2637): _maybe_evaluate_static_worker
E0922 07:00:41.268000 9172 Lib\site-packages\torch\_subclasses\fake_tensor.py:3227] [0/5]   D:\wsl\personal\dr\paper\toxic_compile\venv_nightly\Lib\site-packages\torch\fx\experimental\symbolic_shapes.py(7521): _maybe_evaluate_static
E0922 07:00:41.268000 9172 Lib\site-packages\torch\_subclasses\fake_tensor.py:3227] [0/5]   D:\wsl\personal\dr\paper\toxic_compile\venv_nightly\Lib\site-packages\torch\fx\experimental\symbolic_shapes.py(2795): wrapper
E0922 07:00:41.268000 9172 Lib\site-packages\torch\_subclasses\fake_tensor.py:3227] [0/5]   D:\wsl\personal\dr\paper\toxic_compile\venv_nightly\Lib\site-packages\torch\fx\experimental\symbolic_shapes.py(9045): _evaluate_expr
E0922 07:00:41.268000 9172 Lib\site-packages\torch\_subclasses\fake_tensor.py:3227] [0/5]   D:\wsl\personal\dr\paper\toxic_compile\venv_nightly\Lib\site-packages\torch\fx\experimental\symbolic_shapes.py(8762): _inner_evaluate_expr
E0922 07:00:41.268000 9172 Lib\site-packages\torch\_subclasses\fake_tensor.py:3227] [0/5]   D:\wsl\personal\dr\paper\toxic_compile\venv_nightly\Lib\site-packages\torch\fx\experimental\recording.py(284): wrapper
E0922 07:00:41.268000 9172 Lib\site-packages\torch\_subclasses\fake_tensor.py:3227] [0/5]   D:\wsl\personal\dr\paper\toxic_compile\venv_nightly\Lib\site-packages\torch\fx\experimental\symbolic_shapes.py(8720): evaluate_expr
E0922 07:00:41.268000 9172 Lib\site-packages\torch\_subclasses\fake_tensor.py:3227] [0/5]   D:\wsl\personal\dr\paper\toxic_compile\venv_nightly\Lib\site-packages\torch\fx\experimental\symbolic_shapes.py(8624): evaluate_sym_node
E0922 07:00:41.268000 9172 Lib\site-packages\torch\_subclasses\fake_tensor.py:3227] [0/5]   D:\wsl\personal\dr\paper\toxic_compile\venv_nightly\Lib\site-packages\torch\fx\experimental\sym_node.py(565): evaluate
E0922 07:00:41.268000 9172 Lib\site-packages\torch\_subclasses\fake_tensor.py:3227] [0/5]   D:\wsl\personal\dr\paper\toxic_compile\venv_nightly\Lib\site-packages\torch\fx\experimental\sym_node.py(581): guard_float
E0922 07:00:41.268000 9172 Lib\site-packages\torch\_subclasses\fake_tensor.py:3227] [0/5]   D:\wsl\personal\dr\paper\toxic_compile\venv_nightly\Lib\site-packages\torch\_ops.py(916): __call__
E0922 07:00:41.268000 9172 Lib\site-packages\torch\_subclasses\fake_tensor.py:3227] [0/5]   D:\wsl\personal\dr\paper\toxic_compile\venv_nightly\Lib\site-packages\torch\_refs\__init__.py(2389): _reduction
E0922 07:00:41.268000 9172 Lib\site-packages\torch\_subclasses\fake_tensor.py:3227] [0/5]   D:\wsl\personal\dr\paper\toxic_compile\venv_nightly\Lib\site-packages\torch\_refs\__init__.py(2646): var
E0922 07:00:41.268000 9172 Lib\site-packages\torch\_subclasses\fake_tensor.py:3227] [0/5]   D:\wsl\personal\dr\paper\toxic_compile\venv_nightly\Lib\site-packages\torch\_prims_common\wrappers.py(313): _fn
E0922 07:00:41.268000 9172 Lib\site-packages\torch\_subclasses\fake_tensor.py:3227] [0/5]   D:\wsl\personal\dr\paper\toxic_compile\venv_nightly\Lib\site-packages\torch\_ops.py(916): __call__
E0922 07:00:41.268000 9172 Lib\site-packages\torch\_subclasses\fake_tensor.py:3227] [0/5]   D:\wsl\personal\dr\paper\toxic_compile\venv_nightly\Lib\site-packages\torch\_subclasses\fake_tensor.py(3223): _dispatch_impl
E0922 07:00:41.268000 9172 Lib\site-packages\torch\_subclasses\fake_tensor.py:3227] [0/5]   D:\wsl\personal\dr\paper\toxic_compile\venv_nightly\Lib\site-packages\torch\_subclasses\fake_tensor.py(1818): _cached_dispatch_impl
E0922 07:00:41.268000 9172 Lib\site-packages\torch\_subclasses\fake_tensor.py:3227] [0/5]   D:\wsl\personal\dr\paper\toxic_compile\venv_nightly\Lib\site-packages\torch\_subclasses\fake_tensor.py(2510): dispatch
E0922 07:00:41.268000 9172 Lib\site-packages\torch\_subclasses\fake_tensor.py:3227] [0/5]   D:\wsl\personal\dr\paper\toxic_compile\venv_nightly\Lib\site-packages\torch\_subclasses\fake_tensor.py(1707): __torch_dispatch__
E0922 07:00:41.268000 9172 Lib\site-packages\torch\_subclasses\fake_tensor.py:3227] [0/5]   D:\wsl\personal\dr\paper\toxic_compile\venv_nightly\Lib\site-packages\torch\utils\_stats.py(29): wrapper
E0922 07:00:41.268000 9172 Lib\site-packages\torch\_subclasses\fake_tensor.py:3227] [0/5]   D:\wsl\personal\dr\paper\toxic_compile\venv_nightly\Lib\site-packages\torch\_dynamo\eval_frame.py(1548): _fn
E0922 07:00:41.268000 9172 Lib\site-packages\torch\_subclasses\fake_tensor.py:3227] [0/5]   D:\wsl\personal\dr\paper\toxic_compile\venv_nightly\Lib\site-packages\torch\_compile.py(54): inner
E0922 07:00:41.268000 9172 Lib\site-packages\torch\_subclasses\fake_tensor.py:3227] [0/5]   D:\wsl\personal\dr\paper\toxic_compile\venv_nightly\Lib\site-packages\torch\_refs\__init__.py(2676): std
E0922 07:00:41.268000 9172 Lib\site-packages\torch\_subclasses\fake_tensor.py:3227] [0/5]   D:\wsl\personal\dr\paper\toxic_compile\venv_nightly\Lib\site-packages\torch\_prims_common\wrappers.py(313): _fn
E0922 07:00:41.268000 9172 Lib\site-packages\torch\_subclasses\fake_tensor.py:3227] [0/5]   D:\wsl\personal\dr\paper\toxic_compile\venv_nightly\Lib\site-packages\torch\_subclasses\fake_tensor.py(3102): _dispatch_impl
E0922 07:00:41.268000 9172 Lib\site-packages\torch\_subclasses\fake_tensor.py:3227] [0/5]   D:\wsl\personal\dr\paper\toxic_compile\venv_nightly\Lib\site-packages\torch\_subclasses\fake_tensor.py(1858): _cached_dispatch_impl
E0922 07:00:41.268000 9172 Lib\site-packages\torch\_subclasses\fake_tensor.py:3227] [0/5]   D:\wsl\personal\dr\paper\toxic_compile\venv_nightly\Lib\site-packages\torch\_subclasses\fake_tensor.py(2510): dispatch
E0922 07:00:41.268000 9172 Lib\site-packages\torch\_subclasses\fake_tensor.py:3227] [0/5]   D:\wsl\personal\dr\paper\toxic_compile\venv_nightly\Lib\site-packages\torch\_subclasses\fake_tensor.py(1707): __torch_dispatch__
E0922 07:00:41.268000 9172 Lib\site-packages\torch\_subclasses\fake_tensor.py:3227] [0/5]   D:\wsl\personal\dr\paper\toxic_compile\venv_nightly\Lib\site-packages\torch\utils\_stats.py(29): wrapper
E0922 07:00:41.268000 9172 Lib\site-packages\torch\_subclasses\fake_tensor.py:3227] [0/5]   D:\wsl\personal\dr\paper\toxic_compile\venv_nightly\Lib\site-packages\torch\_dynamo\eval_frame.py(1548): _fn
E0922 07:00:41.268000 9172 Lib\site-packages\torch\_subclasses\fake_tensor.py:3227] [0/5]   D:\wsl\personal\dr\paper\toxic_compile\venv_nightly\Lib\site-packages\torch\_compile.py(54): inner
E0922 07:00:41.268000 9172 Lib\site-packages\torch\_subclasses\fake_tensor.py:3227] [0/5]   D:\wsl\personal\dr\paper\toxic_compile\venv_nightly\Lib\site-packages\torch\_dynamo\utils.py(4501): run_node
E0922 07:00:41.268000 9172 Lib\site-packages\torch\_subclasses\fake_tensor.py:3227] [0/5]   D:\wsl\personal\dr\paper\toxic_compile\venv_nightly\Lib\site-packages\torch\_dynamo\utils.py(4263): <lambda>
E0922 07:00:41.268000 9172 Lib\site-packages\torch\_subclasses\fake_tensor.py:3227] [0/5]   D:\wsl\personal\dr\paper\toxic_compile\venv_nightly\Lib\site-packages\torch\_dynamo\utils.py(3597): wrap_fake_exception
E0922 07:00:41.268000 9172 Lib\site-packages\torch\_subclasses\fake_tensor.py:3227] [0/5]   D:\wsl\personal\dr\paper\toxic_compile\venv_nightly\Lib\site-packages\torch\_dynamo\utils.py(4262): _get_fake_value_impl
E0922 07:00:41.268000 9172 Lib\site-packages\torch\_subclasses\fake_tensor.py:3227] [0/5]   D:\wsl\personal\dr\paper\toxic_compile\venv_nightly\Lib\site-packages\torch\_dynamo\utils.py(4172): get_fake_value
E0922 07:00:41.268000 9172 Lib\site-packages\torch\_subclasses\fake_tensor.py:3227] [0/5]   D:\wsl\personal\dr\paper\toxic_compile\venv_nightly\Lib\site-packages\torch\_dynamo\variables\builder.py(4066): _wrap_fx_proxy
E0922 07:00:41.268000 9172 Lib\site-packages\torch\_subclasses\fake_tensor.py:3227] [0/5]   D:\wsl\personal\dr\paper\toxic_compile\venv_nightly\Lib\site-packages\torch\_dynamo\variables\builder.py(3935): wrap_fx_proxy_cls
E0922 07:00:41.268000 9172 Lib\site-packages\torch\_subclasses\fake_tensor.py:3227] [0/5]   D:\wsl\personal\dr\paper\toxic_compile\venv_nightly\Lib\site-packages\torch\_dynamo\variables\builder.py(3860): wrap_fx_proxy
E0922 07:00:41.268000 9172 Lib\site-packages\torch\_subclasses\fake_tensor.py:3227] [0/5]   D:\wsl\personal\dr\paper\toxic_compile\venv_nightly\Lib\site-packages\torch\_dynamo\variables\tensor.py(1123): call_method
E0922 07:00:41.268000 9172 Lib\site-packages\torch\_subclasses\fake_tensor.py:3227] [0/5]   D:\wsl\personal\dr\paper\toxic_compile\venv_nightly\Lib\site-packages\torch\_dynamo\variables\misc.py(1921): call_function
E0922 07:00:41.268000 9172 Lib\site-packages\torch\_subclasses\fake_tensor.py:3227] [0/5]   D:\wsl\personal\dr\paper\toxic_compile\venv_nightly\Lib\site-packages\torch\_dynamo\symbolic_convert.py(1641): call_function
E0922 07:00:41.268000 9172 Lib\site-packages\torch\_subclasses\fake_tensor.py:3227] [0/5]   D:\wsl\personal\dr\paper\toxic_compile\venv_nightly\Lib\site-packages\torch\_dynamo\symbolic_convert.py(4769): _call
E0922 07:00:41.268000 9172 Lib\site-packages\torch\_subclasses\fake_tensor.py:3227] [0/5]   D:\wsl\personal\dr\paper\toxic_compile\venv_nightly\Lib\site-packages\torch\_dynamo\symbolic_convert.py(5031): CALL_KW
E0922 07:00:41.268000 9172 Lib\site-packages\torch\_subclasses\fake_tensor.py:3227] [0/5]   D:\wsl\personal\dr\paper\toxic_compile\venv_nightly\Lib\site-packages\torch\_dynamo\symbolic_convert.py(1109): wrapper
E0922 07:00:41.268000 9172 Lib\site-packages\torch\_subclasses\fake_tensor.py:3227] [0/5]   D:\wsl\personal\dr\paper\toxic_compile\venv_nightly\Lib\site-packages\torch\_dynamo\symbolic_convert.py(1751): step
E0922 07:00:41.268000 9172 Lib\site-packages\torch\_subclasses\fake_tensor.py:3227] [0/5]   D:\wsl\personal\dr\paper\toxic_compile\venv_nightly\Lib\site-packages\torch\_dynamo\symbolic_convert.py(2098): run
E0922 07:00:41.268000 9172 Lib\site-packages\torch\_subclasses\fake_tensor.py:3227] [0/5]   D:\wsl\personal\dr\paper\toxic_compile\venv_nightly\Lib\site-packages\torch\_dynamo\convert_frame.py(952): run_tracer
E0922 07:00:41.268000 9172 Lib\site-packages\torch\_subclasses\fake_tensor.py:3227] [0/5]   D:\wsl\personal\dr\paper\toxic_compile\venv_nightly\Lib\site-packages\torch\_dynamo\convert_frame.py(971): trace_frame
E0922 07:00:41.268000 9172 Lib\site-packages\torch\_subclasses\fake_tensor.py:3227] [0/5]   D:\wsl\personal\dr\paper\toxic_compile\venv_nightly\Lib\site-packages\torch\_dynamo\convert_frame.py(372): _fn
E0922 07:00:41.268000 9172 Lib\site-packages\torch\_subclasses\fake_tensor.py:3227] [0/5]   D:\wsl\personal\dr\paper\toxic_compile\venv_nightly\Lib\site-packages\torch\_dynamo\convert_frame.py(1610): transform
E0922 07:00:41.268000 9172 Lib\site-packages\torch\_subclasses\fake_tensor.py:3227] [0/5]   D:\wsl\personal\dr\paper\toxic_compile\venv_nightly\Lib\site-packages\torch\_dynamo\bytecode_transformation.py(1849): transform_code_object
E0922 07:00:41.268000 9172 Lib\site-packages\torch\_subclasses\fake_tensor.py:3227] [0/5]   D:\wsl\personal\dr\paper\toxic_compile\venv_nightly\Lib\site-packages\torch\_dynamo\convert_frame.py(1639): compile_frame
E0922 07:00:41.268000 9172 Lib\site-packages\torch\_subclasses\fake_tensor.py:3227] [0/5]   D:\wsl\personal\dr\paper\toxic_compile\venv_nightly\Lib\site-packages\torch\_dynamo\convert_frame.py(1804): _compile_inner
E0922 07:00:41.268000 9172 Lib\site-packages\torch\_subclasses\fake_tensor.py:3227] [0/5]   D:\wsl\personal\dr\paper\toxic_compile\venv_nightly\Lib\site-packages\torch\_dynamo\convert_frame.py(1744): compile_inner
E0922 07:00:41.268000 9172 Lib\site-packages\torch\_subclasses\fake_tensor.py:3227] [0/5]   D:\wsl\personal\dr\paper\toxic_compile\venv_nightly\Lib\site-packages\torch\_utils_internal.py(114): wrapper_function
E0922 07:00:41.268000 9172 Lib\site-packages\torch\_subclasses\fake_tensor.py:3227] [0/5]   D:\wsl\personal\dr\paper\toxic_compile\venv_nightly\Lib\site-packages\torch\_dynamo\convert_frame.py(2163): _compile
E0922 07:00:41.268000 9172 Lib\site-packages\torch\_subclasses\fake_tensor.py:3227] [0/5]   D:\wsl\personal\dr\paper\toxic_compile\venv_nightly\Lib\site-packages\torch\_dynamo\convert_frame.py(781): __call__
E0922 07:00:41.268000 9172 Lib\site-packages\torch\_subclasses\fake_tensor.py:3227] [0/5]   D:\wsl\personal\dr\paper\toxic_compile\venv_nightly\Lib\site-packages\torch\_dynamo\convert_frame.py(2390): __call__
E0922 07:00:41.268000 9172 Lib\site-packages\torch\_subclasses\fake_tensor.py:3227] [0/5]   D:\wsl\personal\dr\paper\toxic_compile\venv_nightly\Lib\site-packages\torch\_dynamo\convert_frame.py(2706): __call__
E0922 07:00:41.268000 9172 Lib\site-packages\torch\_subclasses\fake_tensor.py:3227] [0/5]   D:\wsl\personal\dr\paper\toxic_compile\venv_nightly\Lib\site-packages\torch\_dynamo\eval_frame.py(1261): compile_wrapper
E0922 07:00:41.268000 9172 Lib\site-packages\torch\_subclasses\fake_tensor.py:3227] [0/5]   D:\wsl\personal\dr\paper\toxic_compile\plan\reports_scalar_seq\specialized_value_census_v2.py(118): run
E0922 07:00:41.268000 9172 Lib\site-packages\torch\_subclasses\fake_tensor.py:3227] [0/5]   D:\wsl\personal\dr\paper\toxic_compile\plan\reports_scalar_seq\specialized_value_census_v2.py(134): <module>
E0922 07:00:41.268000 9172 Lib\site-packages\torch\_subclasses\fake_tensor.py:3227] [0/5] 
W0922 07:00:41.288000 9172 Lib\site-packages\torch\fx\experimental\symbolic_shapes.py:8755] [0/6] failed during evaluate_expr(ToFloat(Mod(TruncToInt(2.0*Abs(zf72)), 2)), hint=0.0, size_oblivious=False, forcing_spec=False
E0922 07:00:41.291000 9172 Lib\site-packages\torch\_subclasses\fake_tensor.py:3227] [0/6] failed while attempting to run meta for aten.var.correction
E0922 07:00:41.291000 9172 Lib\site-packages\torch\_subclasses\fake_tensor.py:3227] [0/6] Traceback (most recent call last):
E0922 07:00:41.291000 9172 Lib\site-packages\torch\_subclasses\fake_tensor.py:3227] [0/6]   File "D:\wsl\personal\dr\paper\toxic_compile\venv_nightly\Lib\site-packages\torch\_subclasses\fake_tensor.py", line 3223, in _dispatch_impl
E0922 07:00:41.291000 9172 Lib\site-packages\torch\_subclasses\fake_tensor.py:3227] [0/6]     r = func(*args, **kwargs)
E0922 07:00:41.291000 9172 Lib\site-packages\torch\_subclasses\fake_tensor.py:3227] [0/6]   File "D:\wsl\personal\dr\paper\toxic_compile\venv_nightly\Lib\site-packages\torch\_ops.py", line 916, in __call__
E0922 07:00:41.291000 9172 Lib\site-packages\torch\_subclasses\fake_tensor.py:3227] [0/6]     return self._op(*args, **kwargs)
E0922 07:00:41.291000 9172 Lib\site-packages\torch\_subclasses\fake_tensor.py:3227] [0/6]            ~~~~~~~~^^^^^^^^^^^^^^^^^
E0922 07:00:41.291000 9172 Lib\site-packages\torch\_subclasses\fake_tensor.py:3227] [0/6]   File "D:\wsl\personal\dr\paper\toxic_compile\venv_nightly\Lib\site-packages\torch\_prims_common\wrappers.py", line 313, in _fn
E0922 07:00:41.291000 9172 Lib\site-packages\torch\_subclasses\fake_tensor.py:3227] [0/6]     result = fn(*args, **kwargs)
E0922 07:00:41.291000 9172 Lib\site-packages\torch\_subclasses\fake_tensor.py:3227] [0/6]   File "D:\wsl\personal\dr\paper\toxic_compile\venv_nightly\Lib\site-packages\torch\_refs\__init__.py", line 2646, in var
E0922 07:00:41.291000 9172 Lib\site-packages\torch\_subclasses\fake_tensor.py:3227] [0/6]     result = _reduction(
E0922 07:00:41.291000 9172 Lib\site-packages\torch\_subclasses\fake_tensor.py:3227] [0/6]         a,
E0922 07:00:41.291000 9172 Lib\site-packages\torch\_subclasses\fake_tensor.py:3227] [0/6]     ...<6 lines>...
E0922 07:00:41.291000 9172 Lib\site-packages\torch\_subclasses\fake_tensor.py:3227] [0/6]         output_dtype_kind=REDUCTION_OUTPUT_TYPE_KIND.COMPLEX_TO_FLOAT,
E0922 07:00:41.291000 9172 Lib\site-packages\torch\_subclasses\fake_tensor.py:3227] [0/6]     )
E0922 07:00:41.291000 9172 Lib\site-packages\torch\_subclasses\fake_tensor.py:3227] [0/6]   File "D:\wsl\personal\dr\paper\toxic_compile\venv_nightly\Lib\site-packages\torch\_refs\__init__.py", line 2389, in _reduction
E0922 07:00:41.291000 9172 Lib\site-packages\torch\_subclasses\fake_tensor.py:3227] [0/6]     result = prim(a, dims)
E0922 07:00:41.291000 9172 Lib\site-packages\torch\_subclasses\fake_tensor.py:3227] [0/6]   File "D:\wsl\personal\dr\paper\toxic_compile\venv_nightly\Lib\site-packages\torch\_ops.py", line 916, in __call__
E0922 07:00:41.291000 9172 Lib\site-packages\torch\_subclasses\fake_tensor.py:3227] [0/6]     return self._op(*args, **kwargs)
E0922 07:00:41.291000 9172 Lib\site-packages\torch\_subclasses\fake_tensor.py:3227] [0/6]            ~~~~~~~~^^^^^^^^^^^^^^^^^
E0922 07:00:41.291000 9172 Lib\site-packages\torch\_subclasses\fake_tensor.py:3227] [0/6] RuntimeError: prims::var() Expected a value of type 'Optional[float]' for argument 'correction' but instead found type 'SymFloat'.
E0922 07:00:41.291000 9172 Lib\site-packages\torch\_subclasses\fake_tensor.py:3227] [0/6] Position: 2
E0922 07:00:41.291000 9172 Lib\site-packages\torch\_subclasses\fake_tensor.py:3227] [0/6] Value: ToFloat(Mod(TruncToInt(2.0*Abs(zf72)), 2))
E0922 07:00:41.291000 9172 Lib\site-packages\torch\_subclasses\fake_tensor.py:3227] [0/6] Declaration: prims::var(Tensor inp, int[]? dims, float? correction=1, *, ScalarType? output_dtype=None) -> Tensor
E0922 07:00:41.291000 9172 Lib\site-packages\torch\_subclasses\fake_tensor.py:3227] [0/6]  Python error details: TypeError: Could not compare ToFloat(0.0) <= 1.00000000000000
E0922 07:00:41.291000 9172 Lib\site-packages\torch\_subclasses\fake_tensor.py:3227] [0/6] 
E0922 07:00:41.291000 9172 Lib\site-packages\torch\_subclasses\fake_tensor.py:3227] [0/6] At:
E0922 07:00:41.291000 9172 Lib\site-packages\torch\_subclasses\fake_tensor.py:3227] [0/6]   D:\wsl\personal\dr\paper\toxic_compile\venv_nightly\Lib\site-packages\torch\utils\_sympy\value_ranges.py(168): __init__
E0922 07:00:41.291000 9172 Lib\site-packages\torch\_subclasses\fake_tensor.py:3227] [0/6]   D:\wsl\personal\dr\paper\toxic_compile\venv_nightly\Lib\site-packages\torch\utils\_sympy\value_ranges.py(347): increasing_map
E0922 07:00:41.291000 9172 Lib\site-packages\torch\_subclasses\fake_tensor.py:3227] [0/6]   D:\wsl\personal\dr\paper\toxic_compile\venv_nightly\Lib\site-packages\torch\utils\_sympy\value_ranges.py(487): to_dtype
E0922 07:00:41.291000 9172 Lib\site-packages\torch\_subclasses\fake_tensor.py:3227] [0/6]   D:\wsl\personal\dr\paper\toxic_compile\venv_nightly\Lib\site-packages\torch\utils\_sympy\interp.py(137): _run_sympy_handler
E0922 07:00:41.291000 9172 Lib\site-packages\torch\_subclasses\fake_tensor.py:3227] [0/6]   D:\wsl\personal\dr\paper\toxic_compile\venv_nightly\Lib\site-packages\torch\utils\_sympy\interp.py(225): sympy_interp
E0922 07:00:41.291000 9172 Lib\site-packages\torch\_subclasses\fake_tensor.py:3227] [0/6]   D:\wsl\personal\dr\paper\toxic_compile\venv_nightly\Lib\site-packages\torch\utils\_sympy\value_ranges.py(1304): bound_sympy
E0922 07:00:41.291000 9172 Lib\site-packages\torch\_subclasses\fake_tensor.py:3227] [0/6]   D:\wsl\personal\dr\paper\toxic_compile\venv_nightly\Lib\site-packages\torch\fx\experimental\symbolic_shapes.py(2637): _maybe_evaluate_static_worker
E0922 07:00:41.291000 9172 Lib\site-packages\torch\_subclasses\fake_tensor.py:3227] [0/6]   D:\wsl\personal\dr\paper\toxic_compile\venv_nightly\Lib\site-packages\torch\fx\experimental\symbolic_shapes.py(7521): _maybe_evaluate_static
E0922 07:00:41.291000 9172 Lib\site-packages\torch\_subclasses\fake_tensor.py:3227] [0/6]   D:\wsl\personal\dr\paper\toxic_compile\venv_nightly\Lib\site-packages\torch\fx\experimental\symbolic_shapes.py(2795): wrapper
E0922 07:00:41.291000 9172 Lib\site-packages\torch\_subclasses\fake_tensor.py:3227] [0/6]   D:\wsl\personal\dr\paper\toxic_compile\venv_nightly\Lib\site-packages\torch\fx\experimental\symbolic_shapes.py(9045): _evaluate_expr
E0922 07:00:41.291000 9172 Lib\site-packages\torch\_subclasses\fake_tensor.py:3227] [0/6]   D:\wsl\personal\dr\paper\toxic_compile\venv_nightly\Lib\site-packages\torch\fx\experimental\symbolic_shapes.py(8762): _inner_evaluate_expr
E0922 07:00:41.291000 9172 Lib\site-packages\torch\_subclasses\fake_tensor.py:3227] [0/6]   D:\wsl\personal\dr\paper\toxic_compile\venv_nightly\Lib\site-packages\torch\fx\experimental\recording.py(284): wrapper
E0922 07:00:41.291000 9172 Lib\site-packages\torch\_subclasses\fake_tensor.py:3227] [0/6]   D:\wsl\personal\dr\paper\toxic_compile\venv_nightly\Lib\site-packages\torch\fx\experimental\symbolic_shapes.py(8720): evaluate_expr
E0922 07:00:41.291000 9172 Lib\site-packages\torch\_subclasses\fake_tensor.py:3227] [0/6]   D:\wsl\personal\dr\paper\toxic_compile\venv_nightly\Lib\site-packages\torch\fx\experimental\symbolic_shapes.py(8624): evaluate_sym_node
E0922 07:00:41.291000 9172 Lib\site-packages\torch\_subclasses\fake_tensor.py:3227] [0/6]   D:\wsl\personal\dr\paper\toxic_compile\venv_nightly\Lib\site-packages\torch\fx\experimental\sym_node.py(565): evaluate
E0922 07:00:41.291000 9172 Lib\site-packages\torch\_subclasses\fake_tensor.py:3227] [0/6]   D:\wsl\personal\dr\paper\toxic_compile\venv_nightly\Lib\site-packages\torch\fx\experimental\sym_node.py(581): guard_float
E0922 07:00:41.291000 9172 Lib\site-packages\torch\_subclasses\fake_tensor.py:3227] [0/6]   D:\wsl\personal\dr\paper\toxic_compile\venv_nightly\Lib\site-packages\torch\_ops.py(916): __call__
E0922 07:00:41.291000 9172 Lib\site-packages\torch\_subclasses\fake_tensor.py:3227] [0/6]   D:\wsl\personal\dr\paper\toxic_compile\venv_nightly\Lib\site-packages\torch\_refs\__init__.py(2389): _reduction
E0922 07:00:41.291000 9172 Lib\site-packages\torch\_subclasses\fake_tensor.py:3227] [0/6]   D:\wsl\personal\dr\paper\toxic_compile\venv_nightly\Lib\site-packages\torch\_refs\__init__.py(2646): var
E0922 07:00:41.291000 9172 Lib\site-packages\torch\_subclasses\fake_tensor.py:3227] [0/6]   D:\wsl\personal\dr\paper\toxic_compile\venv_nightly\Lib\site-packages\torch\_prims_common\wrappers.py(313): _fn
E0922 07:00:41.291000 9172 Lib\site-packages\torch\_subclasses\fake_tensor.py:3227] [0/6]   D:\wsl\personal\dr\paper\toxic_compile\venv_nightly\Lib\site-packages\torch\_ops.py(916): __call__
E0922 07:00:41.291000 9172 Lib\site-packages\torch\_subclasses\fake_tensor.py:3227] [0/6]   D:\wsl\personal\dr\paper\toxic_compile\venv_nightly\Lib\site-packages\torch\_subclasses\fake_tensor.py(3223): _dispatch_impl
E0922 07:00:41.291000 9172 Lib\site-packages\torch\_subclasses\fake_tensor.py:3227] [0/6]   D:\wsl\personal\dr\paper\toxic_compile\venv_nightly\Lib\site-packages\torch\_subclasses\fake_tensor.py(1818): _cached_dispatch_impl
E0922 07:00:41.291000 9172 Lib\site-packages\torch\_subclasses\fake_tensor.py:3227] [0/6]   D:\wsl\personal\dr\paper\toxic_compile\venv_nightly\Lib\site-packages\torch\_subclasses\fake_tensor.py(2510): dispatch
E0922 07:00:41.291000 9172 Lib\site-packages\torch\_subclasses\fake_tensor.py:3227] [0/6]   D:\wsl\personal\dr\paper\toxic_compile\venv_nightly\Lib\site-packages\torch\_subclasses\fake_tensor.py(1707): __torch_dispatch__
E0922 07:00:41.291000 9172 Lib\site-packages\torch\_subclasses\fake_tensor.py:3227] [0/6]   D:\wsl\personal\dr\paper\toxic_compile\venv_nightly\Lib\site-packages\torch\utils\_stats.py(29): wrapper
E0922 07:00:41.291000 9172 Lib\site-packages\torch\_subclasses\fake_tensor.py:3227] [0/6]   D:\wsl\personal\dr\paper\toxic_compile\venv_nightly\Lib\site-packages\torch\_dynamo\eval_frame.py(1548): _fn
E0922 07:00:41.291000 9172 Lib\site-packages\torch\_subclasses\fake_tensor.py:3227] [0/6]   D:\wsl\personal\dr\paper\toxic_compile\venv_nightly\Lib\site-packages\torch\_compile.py(54): inner
E0922 07:00:41.291000 9172 Lib\site-packages\torch\_subclasses\fake_tensor.py:3227] [0/6]   D:\wsl\personal\dr\paper\toxic_compile\venv_nightly\Lib\site-packages\torch\_refs\__init__.py(2676): std
E0922 07:00:41.291000 9172 Lib\site-packages\torch\_subclasses\fake_tensor.py:3227] [0/6]   D:\wsl\personal\dr\paper\toxic_compile\venv_nightly\Lib\site-packages\torch\_prims_common\wrappers.py(313): _fn
E0922 07:00:41.291000 9172 Lib\site-packages\torch\_subclasses\fake_tensor.py:3227] [0/6]   D:\wsl\personal\dr\paper\toxic_compile\venv_nightly\Lib\site-packages\torch\_subclasses\fake_tensor.py(3102): _dispatch_impl
E0922 07:00:41.291000 9172 Lib\site-packages\torch\_subclasses\fake_tensor.py:3227] [0/6]   D:\wsl\personal\dr\paper\toxic_compile\venv_nightly\Lib\site-packages\torch\_subclasses\fake_tensor.py(1858): _cached_dispatch_impl
E0922 07:00:41.291000 9172 Lib\site-packages\torch\_subclasses\fake_tensor.py:3227] [0/6]   D:\wsl\personal\dr\paper\toxic_compile\venv_nightly\Lib\site-packages\torch\_subclasses\fake_tensor.py(2510): dispatch
E0922 07:00:41.291000 9172 Lib\site-packages\torch\_subclasses\fake_tensor.py:3227] [0/6]   D:\wsl\personal\dr\paper\toxic_compile\venv_nightly\Lib\site-packages\torch\_subclasses\fake_tensor.py(1707): __torch_dispatch__
E0922 07:00:41.291000 9172 Lib\site-packages\torch\_subclasses\fake_tensor.py:3227] [0/6]   D:\wsl\personal\dr\paper\toxic_compile\venv_nightly\Lib\site-packages\torch\utils\_stats.py(29): wrapper
E0922 07:00:41.291000 9172 Lib\site-packages\torch\_subclasses\fake_tensor.py:3227] [0/6]   D:\wsl\personal\dr\paper\toxic_compile\venv_nightly\Lib\site-packages\torch\_dynamo\eval_frame.py(1548): _fn
E0922 07:00:41.291000 9172 Lib\site-packages\torch\_subclasses\fake_tensor.py:3227] [0/6]   D:\wsl\personal\dr\paper\toxic_compile\venv_nightly\Lib\site-packages\torch\_compile.py(54): inner
E0922 07:00:41.291000 9172 Lib\site-packages\torch\_subclasses\fake_tensor.py:3227] [0/6]   D:\wsl\personal\dr\paper\toxic_compile\venv_nightly\Lib\site-packages\torch\_dynamo\utils.py(4501): run_node
E0922 07:00:41.291000 9172 Lib\site-packages\torch\_subclasses\fake_tensor.py:3227] [0/6]   D:\wsl\personal\dr\paper\toxic_compile\venv_nightly\Lib\site-packages\torch\_dynamo\utils.py(4263): <lambda>
E0922 07:00:41.291000 9172 Lib\site-packages\torch\_subclasses\fake_tensor.py:3227] [0/6]   D:\wsl\personal\dr\paper\toxic_compile\venv_nightly\Lib\site-packages\torch\_dynamo\utils.py(3597): wrap_fake_exception
E0922 07:00:41.291000 9172 Lib\site-packages\torch\_subclasses\fake_tensor.py:3227] [0/6]   D:\wsl\personal\dr\paper\toxic_compile\venv_nightly\Lib\site-packages\torch\_dynamo\utils.py(4262): _get_fake_value_impl
E0922 07:00:41.291000 9172 Lib\site-packages\torch\_subclasses\fake_tensor.py:3227] [0/6]   D:\wsl\personal\dr\paper\toxic_compile\venv_nightly\Lib\site-packages\torch\_dynamo\utils.py(4172): get_fake_value
E0922 07:00:41.291000 9172 Lib\site-packages\torch\_subclasses\fake_tensor.py:3227] [0/6]   D:\wsl\personal\dr\paper\toxic_compile\venv_nightly\Lib\site-packages\torch\_dynamo\variables\builder.py(4066): _wrap_fx_proxy
E0922 07:00:41.291000 9172 Lib\site-packages\torch\_subclasses\fake_tensor.py:3227] [0/6]   D:\wsl\personal\dr\paper\toxic_compile\venv_nightly\Lib\site-packages\torch\_dynamo\variables\builder.py(3935): wrap_fx_proxy_cls
E0922 07:00:41.291000 9172 Lib\site-packages\torch\_subclasses\fake_tensor.py:3227] [0/6]   D:\wsl\personal\dr\paper\toxic_compile\venv_nightly\Lib\site-packages\torch\_dynamo\variables\builder.py(3860): wrap_fx_proxy
E0922 07:00:41.291000 9172 Lib\site-packages\torch\_subclasses\fake_tensor.py:3227] [0/6]   D:\wsl\personal\dr\paper\toxic_compile\venv_nightly\Lib\site-packages\torch\_dynamo\variables\tensor.py(1123): call_method
E0922 07:00:41.291000 9172 Lib\site-packages\torch\_subclasses\fake_tensor.py:3227] [0/6]   D:\wsl\personal\dr\paper\toxic_compile\venv_nightly\Lib\site-packages\torch\_dynamo\variables\misc.py(1921): call_function
E0922 07:00:41.291000 9172 Lib\site-packages\torch\_subclasses\fake_tensor.py:3227] [0/6]   D:\wsl\personal\dr\paper\toxic_compile\venv_nightly\Lib\site-packages\torch\_dynamo\symbolic_convert.py(1641): call_function
E0922 07:00:41.291000 9172 Lib\site-packages\torch\_subclasses\fake_tensor.py:3227] [0/6]   D:\wsl\personal\dr\paper\toxic_compile\venv_nightly\Lib\site-packages\torch\_dynamo\symbolic_convert.py(4769): _call
E0922 07:00:41.291000 9172 Lib\site-packages\torch\_subclasses\fake_tensor.py:3227] [0/6]   D:\wsl\personal\dr\paper\toxic_compile\venv_nightly\Lib\site-packages\torch\_dynamo\symbolic_convert.py(5031): CALL_KW
E0922 07:00:41.291000 9172 Lib\site-packages\torch\_subclasses\fake_tensor.py:3227] [0/6]   D:\wsl\personal\dr\paper\toxic_compile\venv_nightly\Lib\site-packages\torch\_dynamo\symbolic_convert.py(1109): wrapper
E0922 07:00:41.291000 9172 Lib\site-packages\torch\_subclasses\fake_tensor.py:3227] [0/6]   D:\wsl\personal\dr\paper\toxic_compile\venv_nightly\Lib\site-packages\torch\_dynamo\symbolic_convert.py(1751): step
E0922 07:00:41.291000 9172 Lib\site-packages\torch\_subclasses\fake_tensor.py:3227] [0/6]   D:\wsl\personal\dr\paper\toxic_compile\venv_nightly\Lib\site-packages\torch\_dynamo\symbolic_convert.py(2098): run
E0922 07:00:41.291000 9172 Lib\site-packages\torch\_subclasses\fake_tensor.py:3227] [0/6]   D:\wsl\personal\dr\paper\toxic_compile\venv_nightly\Lib\site-packages\torch\_dynamo\convert_frame.py(952): run_tracer
E0922 07:00:41.291000 9172 Lib\site-packages\torch\_subclasses\fake_tensor.py:3227] [0/6]   D:\wsl\personal\dr\paper\toxic_compile\venv_nightly\Lib\site-packages\torch\_dynamo\convert_frame.py(971): trace_frame
E0922 07:00:41.291000 9172 Lib\site-packages\torch\_subclasses\fake_tensor.py:3227] [0/6]   D:\wsl\personal\dr\paper\toxic_compile\venv_nightly\Lib\site-packages\torch\_dynamo\convert_frame.py(372): _fn
E0922 07:00:41.291000 9172 Lib\site-packages\torch\_subclasses\fake_tensor.py:3227] [0/6]   D:\wsl\personal\dr\paper\toxic_compile\venv_nightly\Lib\site-packages\torch\_dynamo\convert_frame.py(1610): transform
E0922 07:00:41.291000 9172 Lib\site-packages\torch\_subclasses\fake_tensor.py:3227] [0/6]   D:\wsl\personal\dr\paper\toxic_compile\venv_nightly\Lib\site-packages\torch\_dynamo\bytecode_transformation.py(1849): transform_code_object
E0922 07:00:41.291000 9172 Lib\site-packages\torch\_subclasses\fake_tensor.py:3227] [0/6]   D:\wsl\personal\dr\paper\toxic_compile\venv_nightly\Lib\site-packages\torch\_dynamo\convert_frame.py(1639): compile_frame
E0922 07:00:41.291000 9172 Lib\site-packages\torch\_subclasses\fake_tensor.py:3227] [0/6]   D:\wsl\personal\dr\paper\toxic_compile\venv_nightly\Lib\site-packages\torch\_dynamo\convert_frame.py(1804): _compile_inner
E0922 07:00:41.291000 9172 Lib\site-packages\torch\_subclasses\fake_tensor.py:3227] [0/6]   D:\wsl\personal\dr\paper\toxic_compile\venv_nightly\Lib\site-packages\torch\_dynamo\convert_frame.py(1744): compile_inner
E0922 07:00:41.291000 9172 Lib\site-packages\torch\_subclasses\fake_tensor.py:3227] [0/6]   D:\wsl\personal\dr\paper\toxic_compile\venv_nightly\Lib\site-packages\torch\_utils_internal.py(114): wrapper_function
E0922 07:00:41.291000 9172 Lib\site-packages\torch\_subclasses\fake_tensor.py:3227] [0/6]   D:\wsl\personal\dr\paper\toxic_compile\venv_nightly\Lib\site-packages\torch\_dynamo\convert_frame.py(2163): _compile
E0922 07:00:41.291000 9172 Lib\site-packages\torch\_subclasses\fake_tensor.py:3227] [0/6]   D:\wsl\personal\dr\paper\toxic_compile\venv_nightly\Lib\site-packages\torch\_dynamo\convert_frame.py(781): __call__
E0922 07:00:41.291000 9172 Lib\site-packages\torch\_subclasses\fake_tensor.py:3227] [0/6]   D:\wsl\personal\dr\paper\toxic_compile\venv_nightly\Lib\site-packages\torch\_dynamo\convert_frame.py(2390): __call__
E0922 07:00:41.291000 9172 Lib\site-packages\torch\_subclasses\fake_tensor.py:3227] [0/6]   D:\wsl\personal\dr\paper\toxic_compile\venv_nightly\Lib\site-packages\torch\_dynamo\convert_frame.py(2706): __call__
E0922 07:00:41.291000 9172 Lib\site-packages\torch\_subclasses\fake_tensor.py:3227] [0/6]   D:\wsl\personal\dr\paper\toxic_compile\venv_nightly\Lib\site-packages\torch\_dynamo\eval_frame.py(1261): compile_wrapper
E0922 07:00:41.291000 9172 Lib\site-packages\torch\_subclasses\fake_tensor.py:3227] [0/6]   D:\wsl\personal\dr\paper\toxic_compile\plan\reports_scalar_seq\specialized_value_census_v2.py(118): run
E0922 07:00:41.291000 9172 Lib\site-packages\torch\_subclasses\fake_tensor.py:3227] [0/6]   D:\wsl\personal\dr\paper\toxic_compile\plan\reports_scalar_seq\specialized_value_census_v2.py(134): <module>
E0922 07:00:41.291000 9172 Lib\site-packages\torch\_subclasses\fake_tensor.py:3227] [0/6] 
W0922 07:00:41.325000 9172 Lib\site-packages\torch\fx\experimental\symbolic_shapes.py:8755] [0/7] failed during evaluate_expr(ToFloat(Mod(TruncToInt(2.0*Abs(zf72)), 2)), hint=1.0, size_oblivious=False, forcing_spec=False
E0922 07:00:41.327000 9172 Lib\site-packages\torch\_subclasses\fake_tensor.py:3227] [0/7] failed while attempting to run meta for aten.var.correction
E0922 07:00:41.327000 9172 Lib\site-packages\torch\_subclasses\fake_tensor.py:3227] [0/7] Traceback (most recent call last):
E0922 07:00:41.327000 9172 Lib\site-packages\torch\_subclasses\fake_tensor.py:3227] [0/7]   File "D:\wsl\personal\dr\paper\toxic_compile\venv_nightly\Lib\site-packages\torch\_subclasses\fake_tensor.py", line 3223, in _dispatch_impl
E0922 07:00:41.327000 9172 Lib\site-packages\torch\_subclasses\fake_tensor.py:3227] [0/7]     r = func(*args, **kwargs)
E0922 07:00:41.327000 9172 Lib\site-packages\torch\_subclasses\fake_tensor.py:3227] [0/7]   File "D:\wsl\personal\dr\paper\toxic_compile\venv_nightly\Lib\site-packages\torch\_ops.py", line 916, in __call__
E0922 07:00:41.327000 9172 Lib\site-packages\torch\_subclasses\fake_tensor.py:3227] [0/7]     return self._op(*args, **kwargs)
E0922 07:00:41.327000 9172 Lib\site-packages\torch\_subclasses\fake_tensor.py:3227] [0/7]            ~~~~~~~~^^^^^^^^^^^^^^^^^
E0922 07:00:41.327000 9172 Lib\site-packages\torch\_subclasses\fake_tensor.py:3227] [0/7]   File "D:\wsl\personal\dr\paper\toxic_compile\venv_nightly\Lib\site-packages\torch\_prims_common\wrappers.py", line 313, in _fn
E0922 07:00:41.327000 9172 Lib\site-packages\torch\_subclasses\fake_tensor.py:3227] [0/7]     result = fn(*args, **kwargs)
E0922 07:00:41.327000 9172 Lib\site-packages\torch\_subclasses\fake_tensor.py:3227] [0/7]   File "D:\wsl\personal\dr\paper\toxic_compile\venv_nightly\Lib\site-packages\torch\_refs\__init__.py", line 2646, in var
E0922 07:00:41.327000 9172 Lib\site-packages\torch\_subclasses\fake_tensor.py:3227] [0/7]     result = _reduction(
E0922 07:00:41.327000 9172 Lib\site-packages\torch\_subclasses\fake_tensor.py:3227] [0/7]         a,
E0922 07:00:41.327000 9172 Lib\site-packages\torch\_subclasses\fake_tensor.py:3227] [0/7]     ...<6 lines>...
E0922 07:00:41.327000 9172 Lib\site-packages\torch\_subclasses\fake_tensor.py:3227] [0/7]         output_dtype_kind=REDUCTION_OUTPUT_TYPE_KIND.COMPLEX_TO_FLOAT,
E0922 07:00:41.327000 9172 Lib\site-packages\torch\_subclasses\fake_tensor.py:3227] [0/7]     )
E0922 07:00:41.327000 9172 Lib\site-packages\torch\_subclasses\fake_tensor.py:3227] [0/7]   File "D:\wsl\personal\dr\paper\toxic_compile\venv_nightly\Lib\site-packages\torch\_refs\__init__.py", line 2389, in _reduction
E0922 07:00:41.327000 9172 Lib\site-packages\torch\_subclasses\fake_tensor.py:3227] [0/7]     result = prim(a, dims)
E0922 07:00:41.327000 9172 Lib\site-packages\torch\_subclasses\fake_tensor.py:3227] [0/7]   File "D:\wsl\personal\dr\paper\toxic_compile\venv_nightly\Lib\site-packages\torch\_ops.py", line 916, in __call__
E0922 07:00:41.327000 9172 Lib\site-packages\torch\_subclasses\fake_tensor.py:3227] [0/7]     return self._op(*args, **kwargs)
E0922 07:00:41.327000 9172 Lib\site-packages\torch\_subclasses\fake_tensor.py:3227] [0/7]            ~~~~~~~~^^^^^^^^^^^^^^^^^
E0922 07:00:41.327000 9172 Lib\site-packages\torch\_subclasses\fake_tensor.py:3227] [0/7] RuntimeError: prims::var() Expected a value of type 'Optional[float]' for argument 'correction' but instead found type 'SymFloat'.
E0922 07:00:41.327000 9172 Lib\site-packages\torch\_subclasses\fake_tensor.py:3227] [0/7] Position: 2
E0922 07:00:41.327000 9172 Lib\site-packages\torch\_subclasses\fake_tensor.py:3227] [0/7] Value: ToFloat(Mod(TruncToInt(2.0*Abs(zf72)), 2))
E0922 07:00:41.327000 9172 Lib\site-packages\torch\_subclasses\fake_tensor.py:3227] [0/7] Declaration: prims::var(Tensor inp, int[]? dims, float? correction=1, *, ScalarType? output_dtype=None) -> Tensor
E0922 07:00:41.327000 9172 Lib\site-packages\torch\_subclasses\fake_tensor.py:3227] [0/7]  Python error details: TypeError: Could not compare ToFloat(0.0) <= 1.00000000000000
E0922 07:00:41.327000 9172 Lib\site-packages\torch\_subclasses\fake_tensor.py:3227] [0/7] 
E0922 07:00:41.327000 9172 Lib\site-packages\torch\_subclasses\fake_tensor.py:3227] [0/7] At:
E0922 07:00:41.327000 9172 Lib\site-packages\torch\_subclasses\fake_tensor.py:3227] [0/7]   D:\wsl\personal\dr\paper\toxic_compile\venv_nightly\Lib\site-packages\torch\utils\_sympy\value_ranges.py(168): __init__
E0922 07:00:41.327000 9172 Lib\site-packages\torch\_subclasses\fake_tensor.py:3227] [0/7]   D:\wsl\personal\dr\paper\toxic_compile\venv_nightly\Lib\site-packages\torch\utils\_sympy\value_ranges.py(347): increasing_map
E0922 07:00:41.327000 9172 Lib\site-packages\torch\_subclasses\fake_tensor.py:3227] [0/7]   D:\wsl\personal\dr\paper\toxic_compile\venv_nightly\Lib\site-packages\torch\utils\_sympy\value_ranges.py(487): to_dtype
E0922 07:00:41.327000 9172 Lib\site-packages\torch\_subclasses\fake_tensor.py:3227] [0/7]   D:\wsl\personal\dr\paper\toxic_compile\venv_nightly\Lib\site-packages\torch\utils\_sympy\interp.py(137): _run_sympy_handler
E0922 07:00:41.327000 9172 Lib\site-packages\torch\_subclasses\fake_tensor.py:3227] [0/7]   D:\wsl\personal\dr\paper\toxic_compile\venv_nightly\Lib\site-packages\torch\utils\_sympy\interp.py(225): sympy_interp
E0922 07:00:41.327000 9172 Lib\site-packages\torch\_subclasses\fake_tensor.py:3227] [0/7]   D:\wsl\personal\dr\paper\toxic_compile\venv_nightly\Lib\site-packages\torch\utils\_sympy\value_ranges.py(1304): bound_sympy
E0922 07:00:41.327000 9172 Lib\site-packages\torch\_subclasses\fake_tensor.py:3227] [0/7]   D:\wsl\personal\dr\paper\toxic_compile\venv_nightly\Lib\site-packages\torch\fx\experimental\symbolic_shapes.py(2637): _maybe_evaluate_static_worker
E0922 07:00:41.327000 9172 Lib\site-packages\torch\_subclasses\fake_tensor.py:3227] [0/7]   D:\wsl\personal\dr\paper\toxic_compile\venv_nightly\Lib\site-packages\torch\fx\experimental\symbolic_shapes.py(7521): _maybe_evaluate_static
E0922 07:00:41.327000 9172 Lib\site-packages\torch\_subclasses\fake_tensor.py:3227] [0/7]   D:\wsl\personal\dr\paper\toxic_compile\venv_nightly\Lib\site-packages\torch\fx\experimental\symbolic_shapes.py(2795): wrapper
E0922 07:00:41.327000 9172 Lib\site-packages\torch\_subclasses\fake_tensor.py:3227] [0/7]   D:\wsl\personal\dr\paper\toxic_compile\venv_nightly\Lib\site-packages\torch\fx\experimental\symbolic_shapes.py(9045): _evaluate_expr
E0922 07:00:41.327000 9172 Lib\site-packages\torch\_subclasses\fake_tensor.py:3227] [0/7]   D:\wsl\personal\dr\paper\toxic_compile\venv_nightly\Lib\site-packages\torch\fx\experimental\symbolic_shapes.py(8762): _inner_evaluate_expr
E0922 07:00:41.327000 9172 Lib\site-packages\torch\_subclasses\fake_tensor.py:3227] [0/7]   D:\wsl\personal\dr\paper\toxic_compile\venv_nightly\Lib\site-packages\torch\fx\experimental\recording.py(284): wrapper
E0922 07:00:41.327000 9172 Lib\site-packages\torch\_subclasses\fake_tensor.py:3227] [0/7]   D:\wsl\personal\dr\paper\toxic_compile\venv_nightly\Lib\site-packages\torch\fx\experimental\symbolic_shapes.py(8720): evaluate_expr
E0922 07:00:41.327000 9172 Lib\site-packages\torch\_subclasses\fake_tensor.py:3227] [0/7]   D:\wsl\personal\dr\paper\toxic_compile\venv_nightly\Lib\site-packages\torch\fx\experimental\symbolic_shapes.py(8624): evaluate_sym_node
E0922 07:00:41.327000 9172 Lib\site-packages\torch\_subclasses\fake_tensor.py:3227] [0/7]   D:\wsl\personal\dr\paper\toxic_compile\venv_nightly\Lib\site-packages\torch\fx\experimental\sym_node.py(565): evaluate
E0922 07:00:41.327000 9172 Lib\site-packages\torch\_subclasses\fake_tensor.py:3227] [0/7]   D:\wsl\personal\dr\paper\toxic_compile\venv_nightly\Lib\site-packages\torch\fx\experimental\sym_node.py(581): guard_float
E0922 07:00:41.327000 9172 Lib\site-packages\torch\_subclasses\fake_tensor.py:3227] [0/7]   D:\wsl\personal\dr\paper\toxic_compile\venv_nightly\Lib\site-packages\torch\_ops.py(916): __call__
E0922 07:00:41.327000 9172 Lib\site-packages\torch\_subclasses\fake_tensor.py:3227] [0/7]   D:\wsl\personal\dr\paper\toxic_compile\venv_nightly\Lib\site-packages\torch\_refs\__init__.py(2389): _reduction
E0922 07:00:41.327000 9172 Lib\site-packages\torch\_subclasses\fake_tensor.py:3227] [0/7]   D:\wsl\personal\dr\paper\toxic_compile\venv_nightly\Lib\site-packages\torch\_refs\__init__.py(2646): var
E0922 07:00:41.327000 9172 Lib\site-packages\torch\_subclasses\fake_tensor.py:3227] [0/7]   D:\wsl\personal\dr\paper\toxic_compile\venv_nightly\Lib\site-packages\torch\_prims_common\wrappers.py(313): _fn
E0922 07:00:41.327000 9172 Lib\site-packages\torch\_subclasses\fake_tensor.py:3227] [0/7]   D:\wsl\personal\dr\paper\toxic_compile\venv_nightly\Lib\site-packages\torch\_ops.py(916): __call__
E0922 07:00:41.327000 9172 Lib\site-packages\torch\_subclasses\fake_tensor.py:3227] [0/7]   D:\wsl\personal\dr\paper\toxic_compile\venv_nightly\Lib\site-packages\torch\_subclasses\fake_tensor.py(3223): _dispatch_impl
E0922 07:00:41.327000 9172 Lib\site-packages\torch\_subclasses\fake_tensor.py:3227] [0/7]   D:\wsl\personal\dr\paper\toxic_compile\venv_nightly\Lib\site-packages\torch\_subclasses\fake_tensor.py(1818): _cached_dispatch_impl
E0922 07:00:41.327000 9172 Lib\site-packages\torch\_subclasses\fake_tensor.py:3227] [0/7]   D:\wsl\personal\dr\paper\toxic_compile\venv_nightly\Lib\site-packages\torch\_subclasses\fake_tensor.py(2510): dispatch
E0922 07:00:41.327000 9172 Lib\site-packages\torch\_subclasses\fake_tensor.py:3227] [0/7]   D:\wsl\personal\dr\paper\toxic_compile\venv_nightly\Lib\site-packages\torch\_subclasses\fake_tensor.py(1707): __torch_dispatch__
E0922 07:00:41.327000 9172 Lib\site-packages\torch\_subclasses\fake_tensor.py:3227] [0/7]   D:\wsl\personal\dr\paper\toxic_compile\venv_nightly\Lib\site-packages\torch\utils\_stats.py(29): wrapper
E0922 07:00:41.327000 9172 Lib\site-packages\torch\_subclasses\fake_tensor.py:3227] [0/7]   D:\wsl\personal\dr\paper\toxic_compile\venv_nightly\Lib\site-packages\torch\_dynamo\eval_frame.py(1548): _fn
E0922 07:00:41.327000 9172 Lib\site-packages\torch\_subclasses\fake_tensor.py:3227] [0/7]   D:\wsl\personal\dr\paper\toxic_compile\venv_nightly\Lib\site-packages\torch\_compile.py(54): inner
E0922 07:00:41.327000 9172 Lib\site-packages\torch\_subclasses\fake_tensor.py:3227] [0/7]   D:\wsl\personal\dr\paper\toxic_compile\venv_nightly\Lib\site-packages\torch\_refs\__init__.py(2676): std
E0922 07:00:41.327000 9172 Lib\site-packages\torch\_subclasses\fake_tensor.py:3227] [0/7]   D:\wsl\personal\dr\paper\toxic_compile\venv_nightly\Lib\site-packages\torch\_prims_common\wrappers.py(313): _fn
E0922 07:00:41.327000 9172 Lib\site-packages\torch\_subclasses\fake_tensor.py:3227] [0/7]   D:\wsl\personal\dr\paper\toxic_compile\venv_nightly\Lib\site-packages\torch\_subclasses\fake_tensor.py(3102): _dispatch_impl
E0922 07:00:41.327000 9172 Lib\site-packages\torch\_subclasses\fake_tensor.py:3227] [0/7]   D:\wsl\personal\dr\paper\toxic_compile\venv_nightly\Lib\site-packages\torch\_subclasses\fake_tensor.py(1858): _cached_dispatch_impl
E0922 07:00:41.327000 9172 Lib\site-packages\torch\_subclasses\fake_tensor.py:3227] [0/7]   D:\wsl\personal\dr\paper\toxic_compile\venv_nightly\Lib\site-packages\torch\_subclasses\fake_tensor.py(2510): dispatch
E0922 07:00:41.327000 9172 Lib\site-packages\torch\_subclasses\fake_tensor.py:3227] [0/7]   D:\wsl\personal\dr\paper\toxic_compile\venv_nightly\Lib\site-packages\torch\_subclasses\fake_tensor.py(1707): __torch_dispatch__
E0922 07:00:41.327000 9172 Lib\site-packages\torch\_subclasses\fake_tensor.py:3227] [0/7]   D:\wsl\personal\dr\paper\toxic_compile\venv_nightly\Lib\site-packages\torch\utils\_stats.py(29): wrapper
E0922 07:00:41.327000 9172 Lib\site-packages\torch\_subclasses\fake_tensor.py:3227] [0/7]   D:\wsl\personal\dr\paper\toxic_compile\venv_nightly\Lib\site-packages\torch\_dynamo\eval_frame.py(1548): _fn
E0922 07:00:41.327000 9172 Lib\site-packages\torch\_subclasses\fake_tensor.py:3227] [0/7]   D:\wsl\personal\dr\paper\toxic_compile\venv_nightly\Lib\site-packages\torch\_compile.py(54): inner
E0922 07:00:41.327000 9172 Lib\site-packages\torch\_subclasses\fake_tensor.py:3227] [0/7]   D:\wsl\personal\dr\paper\toxic_compile\venv_nightly\Lib\site-packages\torch\_dynamo\utils.py(4501): run_node
E0922 07:00:41.327000 9172 Lib\site-packages\torch\_subclasses\fake_tensor.py:3227] [0/7]   D:\wsl\personal\dr\paper\toxic_compile\venv_nightly\Lib\site-packages\torch\_dynamo\utils.py(4263): <lambda>
E0922 07:00:41.327000 9172 Lib\site-packages\torch\_subclasses\fake_tensor.py:3227] [0/7]   D:\wsl\personal\dr\paper\toxic_compile\venv_nightly\Lib\site-packages\torch\_dynamo\utils.py(3597): wrap_fake_exception
E0922 07:00:41.327000 9172 Lib\site-packages\torch\_subclasses\fake_tensor.py:3227] [0/7]   D:\wsl\personal\dr\paper\toxic_compile\venv_nightly\Lib\site-packages\torch\_dynamo\utils.py(4262): _get_fake_value_impl
E0922 07:00:41.327000 9172 Lib\site-packages\torch\_subclasses\fake_tensor.py:3227] [0/7]   D:\wsl\personal\dr\paper\toxic_compile\venv_nightly\Lib\site-packages\torch\_dynamo\utils.py(4172): get_fake_value
E0922 07:00:41.327000 9172 Lib\site-packages\torch\_subclasses\fake_tensor.py:3227] [0/7]   D:\wsl\personal\dr\paper\toxic_compile\venv_nightly\Lib\site-packages\torch\_dynamo\variables\builder.py(4066): _wrap_fx_proxy
E0922 07:00:41.327000 9172 Lib\site-packages\torch\_subclasses\fake_tensor.py:3227] [0/7]   D:\wsl\personal\dr\paper\toxic_compile\venv_nightly\Lib\site-packages\torch\_dynamo\variables\builder.py(3935): wrap_fx_proxy_cls
E0922 07:00:41.327000 9172 Lib\site-packages\torch\_subclasses\fake_tensor.py:3227] [0/7]   D:\wsl\personal\dr\paper\toxic_compile\venv_nightly\Lib\site-packages\torch\_dynamo\variables\builder.py(3860): wrap_fx_proxy
E0922 07:00:41.327000 9172 Lib\site-packages\torch\_subclasses\fake_tensor.py:3227] [0/7]   D:\wsl\personal\dr\paper\toxic_compile\venv_nightly\Lib\site-packages\torch\_dynamo\variables\tensor.py(1123): call_method
E0922 07:00:41.327000 9172 Lib\site-packages\torch\_subclasses\fake_tensor.py:3227] [0/7]   D:\wsl\personal\dr\paper\toxic_compile\venv_nightly\Lib\site-packages\torch\_dynamo\variables\misc.py(1921): call_function
E0922 07:00:41.327000 9172 Lib\site-packages\torch\_subclasses\fake_tensor.py:3227] [0/7]   D:\wsl\personal\dr\paper\toxic_compile\venv_nightly\Lib\site-packages\torch\_dynamo\symbolic_convert.py(1641): call_function
E0922 07:00:41.327000 9172 Lib\site-packages\torch\_subclasses\fake_tensor.py:3227] [0/7]   D:\wsl\personal\dr\paper\toxic_compile\venv_nightly\Lib\site-packages\torch\_dynamo\symbolic_convert.py(4769): _call
E0922 07:00:41.327000 9172 Lib\site-packages\torch\_subclasses\fake_tensor.py:3227] [0/7]   D:\wsl\personal\dr\paper\toxic_compile\venv_nightly\Lib\site-packages\torch\_dynamo\symbolic_convert.py(5031): CALL_KW
E0922 07:00:41.327000 9172 Lib\site-packages\torch\_subclasses\fake_tensor.py:3227] [0/7]   D:\wsl\personal\dr\paper\toxic_compile\venv_nightly\Lib\site-packages\torch\_dynamo\symbolic_convert.py(1109): wrapper
E0922 07:00:41.327000 9172 Lib\site-packages\torch\_subclasses\fake_tensor.py:3227] [0/7]   D:\wsl\personal\dr\paper\toxic_compile\venv_nightly\Lib\site-packages\torch\_dynamo\symbolic_convert.py(1751): step
E0922 07:00:41.327000 9172 Lib\site-packages\torch\_subclasses\fake_tensor.py:3227] [0/7]   D:\wsl\personal\dr\paper\toxic_compile\venv_nightly\Lib\site-packages\torch\_dynamo\symbolic_convert.py(2098): run
E0922 07:00:41.327000 9172 Lib\site-packages\torch\_subclasses\fake_tensor.py:3227] [0/7]   D:\wsl\personal\dr\paper\toxic_compile\venv_nightly\Lib\site-packages\torch\_dynamo\convert_frame.py(952): run_tracer
E0922 07:00:41.327000 9172 Lib\site-packages\torch\_subclasses\fake_tensor.py:3227] [0/7]   D:\wsl\personal\dr\paper\toxic_compile\venv_nightly\Lib\site-packages\torch\_dynamo\convert_frame.py(971): trace_frame
E0922 07:00:41.327000 9172 Lib\site-packages\torch\_subclasses\fake_tensor.py:3227] [0/7]   D:\wsl\personal\dr\paper\toxic_compile\venv_nightly\Lib\site-packages\torch\_dynamo\convert_frame.py(372): _fn
E0922 07:00:41.327000 9172 Lib\site-packages\torch\_subclasses\fake_tensor.py:3227] [0/7]   D:\wsl\personal\dr\paper\toxic_compile\venv_nightly\Lib\site-packages\torch\_dynamo\convert_frame.py(1610): transform
E0922 07:00:41.327000 9172 Lib\site-packages\torch\_subclasses\fake_tensor.py:3227] [0/7]   D:\wsl\personal\dr\paper\toxic_compile\venv_nightly\Lib\site-packages\torch\_dynamo\bytecode_transformation.py(1849): transform_code_object
E0922 07:00:41.327000 9172 Lib\site-packages\torch\_subclasses\fake_tensor.py:3227] [0/7]   D:\wsl\personal\dr\paper\toxic_compile\venv_nightly\Lib\site-packages\torch\_dynamo\convert_frame.py(1639): compile_frame
E0922 07:00:41.327000 9172 Lib\site-packages\torch\_subclasses\fake_tensor.py:3227] [0/7]   D:\wsl\personal\dr\paper\toxic_compile\venv_nightly\Lib\site-packages\torch\_dynamo\convert_frame.py(1804): _compile_inner
E0922 07:00:41.327000 9172 Lib\site-packages\torch\_subclasses\fake_tensor.py:3227] [0/7]   D:\wsl\personal\dr\paper\toxic_compile\venv_nightly\Lib\site-packages\torch\_dynamo\convert_frame.py(1744): compile_inner
E0922 07:00:41.327000 9172 Lib\site-packages\torch\_subclasses\fake_tensor.py:3227] [0/7]   D:\wsl\personal\dr\paper\toxic_compile\venv_nightly\Lib\site-packages\torch\_utils_internal.py(114): wrapper_function
E0922 07:00:41.327000 9172 Lib\site-packages\torch\_subclasses\fake_tensor.py:3227] [0/7]   D:\wsl\personal\dr\paper\toxic_compile\venv_nightly\Lib\site-packages\torch\_dynamo\convert_frame.py(2163): _compile
E0922 07:00:41.327000 9172 Lib\site-packages\torch\_subclasses\fake_tensor.py:3227] [0/7]   D:\wsl\personal\dr\paper\toxic_compile\venv_nightly\Lib\site-packages\torch\_dynamo\convert_frame.py(781): __call__
E0922 07:00:41.327000 9172 Lib\site-packages\torch\_subclasses\fake_tensor.py:3227] [0/7]   D:\wsl\personal\dr\paper\toxic_compile\venv_nightly\Lib\site-packages\torch\_dynamo\convert_frame.py(2390): __call__
E0922 07:00:41.327000 9172 Lib\site-packages\torch\_subclasses\fake_tensor.py:3227] [0/7]   D:\wsl\personal\dr\paper\toxic_compile\venv_nightly\Lib\site-packages\torch\_dynamo\convert_frame.py(2706): __call__
E0922 07:00:41.327000 9172 Lib\site-packages\torch\_subclasses\fake_tensor.py:3227] [0/7]   D:\wsl\personal\dr\paper\toxic_compile\venv_nightly\Lib\site-packages\torch\_dynamo\eval_frame.py(1261): compile_wrapper
E0922 07:00:41.327000 9172 Lib\site-packages\torch\_subclasses\fake_tensor.py:3227] [0/7]   D:\wsl\personal\dr\paper\toxic_compile\plan\reports_scalar_seq\specialized_value_census_v2.py(118): run
E0922 07:00:41.327000 9172 Lib\site-packages\torch\_subclasses\fake_tensor.py:3227] [0/7]   D:\wsl\personal\dr\paper\toxic_compile\plan\reports_scalar_seq\specialized_value_census_v2.py(134): <module>
E0922 07:00:41.327000 9172 Lib\site-packages\torch\_subclasses\fake_tensor.py:3227] [0/7] 
W0922 07:00:41.349000 9172 Lib\site-packages\torch\fx\experimental\symbolic_shapes.py:8755] [0/8] failed during evaluate_expr(ToFloat(Mod(TruncToInt(2.0*Abs(zf72)), 2)), hint=1.0, size_oblivious=False, forcing_spec=False
E0922 07:00:41.352000 9172 Lib\site-packages\torch\_subclasses\fake_tensor.py:3227] [0/8] failed while attempting to run meta for aten.var.correction
E0922 07:00:41.352000 9172 Lib\site-packages\torch\_subclasses\fake_tensor.py:3227] [0/8] Traceback (most recent call last):
E0922 07:00:41.352000 9172 Lib\site-packages\torch\_subclasses\fake_tensor.py:3227] [0/8]   File "D:\wsl\personal\dr\paper\toxic_compile\venv_nightly\Lib\site-packages\torch\_subclasses\fake_tensor.py", line 3223, in _dispatch_impl
E0922 07:00:41.352000 9172 Lib\site-packages\torch\_subclasses\fake_tensor.py:3227] [0/8]     r = func(*args, **kwargs)
E0922 07:00:41.352000 9172 Lib\site-packages\torch\_subclasses\fake_tensor.py:3227] [0/8]   File "D:\wsl\personal\dr\paper\toxic_compile\venv_nightly\Lib\site-packages\torch\_ops.py", line 916, in __call__
E0922 07:00:41.352000 9172 Lib\site-packages\torch\_subclasses\fake_tensor.py:3227] [0/8]     return self._op(*args, **kwargs)
E0922 07:00:41.352000 9172 Lib\site-packages\torch\_subclasses\fake_tensor.py:3227] [0/8]            ~~~~~~~~^^^^^^^^^^^^^^^^^
E0922 07:00:41.352000 9172 Lib\site-packages\torch\_subclasses\fake_tensor.py:3227] [0/8]   File "D:\wsl\personal\dr\paper\toxic_compile\venv_nightly\Lib\site-packages\torch\_prims_common\wrappers.py", line 313, in _fn
E0922 07:00:41.352000 9172 Lib\site-packages\torch\_subclasses\fake_tensor.py:3227] [0/8]     result = fn(*args, **kwargs)
E0922 07:00:41.352000 9172 Lib\site-packages\torch\_subclasses\fake_tensor.py:3227] [0/8]   File "D:\wsl\personal\dr\paper\toxic_compile\venv_nightly\Lib\site-packages\torch\_refs\__init__.py", line 2646, in var
E0922 07:00:41.352000 9172 Lib\site-packages\torch\_subclasses\fake_tensor.py:3227] [0/8]     result = _reduction(
E0922 07:00:41.352000 9172 Lib\site-packages\torch\_subclasses\fake_tensor.py:3227] [0/8]         a,
E0922 07:00:41.352000 9172 Lib\site-packages\torch\_subclasses\fake_tensor.py:3227] [0/8]     ...<6 lines>...
E0922 07:00:41.352000 9172 Lib\site-packages\torch\_subclasses\fake_tensor.py:3227] [0/8]         output_dtype_kind=REDUCTION_OUTPUT_TYPE_KIND.COMPLEX_TO_FLOAT,
E0922 07:00:41.352000 9172 Lib\site-packages\torch\_subclasses\fake_tensor.py:3227] [0/8]     )
E0922 07:00:41.352000 9172 Lib\site-packages\torch\_subclasses\fake_tensor.py:3227] [0/8]   File "D:\wsl\personal\dr\paper\toxic_compile\venv_nightly\Lib\site-packages\torch\_refs\__init__.py", line 2389, in _reduction
E0922 07:00:41.352000 9172 Lib\site-packages\torch\_subclasses\fake_tensor.py:3227] [0/8]     result = prim(a, dims)
E0922 07:00:41.352000 9172 Lib\site-packages\torch\_subclasses\fake_tensor.py:3227] [0/8]   File "D:\wsl\personal\dr\paper\toxic_compile\venv_nightly\Lib\site-packages\torch\_ops.py", line 916, in __call__
E0922 07:00:41.352000 9172 Lib\site-packages\torch\_subclasses\fake_tensor.py:3227] [0/8]     return self._op(*args, **kwargs)
E0922 07:00:41.352000 9172 Lib\site-packages\torch\_subclasses\fake_tensor.py:3227] [0/8]            ~~~~~~~~^^^^^^^^^^^^^^^^^
E0922 07:00:41.352000 9172 Lib\site-packages\torch\_subclasses\fake_tensor.py:3227] [0/8] RuntimeError: prims::var() Expected a value of type 'Optional[float]' for argument 'correction' but instead found type 'SymFloat'.
E0922 07:00:41.352000 9172 Lib\site-packages\torch\_subclasses\fake_tensor.py:3227] [0/8] Position: 2
E0922 07:00:41.352000 9172 Lib\site-packages\torch\_subclasses\fake_tensor.py:3227] [0/8] Value: ToFloat(Mod(TruncToInt(2.0*Abs(zf72)), 2))
E0922 07:00:41.352000 9172 Lib\site-packages\torch\_subclasses\fake_tensor.py:3227] [0/8] Declaration: prims::var(Tensor inp, int[]? dims, float? correction=1, *, ScalarType? output_dtype=None) -> Tensor
E0922 07:00:41.352000 9172 Lib\site-packages\torch\_subclasses\fake_tensor.py:3227] [0/8]  Python error details: TypeError: Could not compare ToFloat(0.0) <= 1.00000000000000
E0922 07:00:41.352000 9172 Lib\site-packages\torch\_subclasses\fake_tensor.py:3227] [0/8] 
E0922 07:00:41.352000 9172 Lib\site-packages\torch\_subclasses\fake_tensor.py:3227] [0/8] At:
E0922 07:00:41.352000 9172 Lib\site-packages\torch\_subclasses\fake_tensor.py:3227] [0/8]   D:\wsl\personal\dr\paper\toxic_compile\venv_nightly\Lib\site-packages\torch\utils\_sympy\value_ranges.py(168): __init__
E0922 07:00:41.352000 9172 Lib\site-packages\torch\_subclasses\fake_tensor.py:3227] [0/8]   D:\wsl\personal\dr\paper\toxic_compile\venv_nightly\Lib\site-packages\torch\utils\_sympy\value_ranges.py(347): increasing_map
E0922 07:00:41.352000 9172 Lib\site-packages\torch\_subclasses\fake_tensor.py:3227] [0/8]   D:\wsl\personal\dr\paper\toxic_compile\venv_nightly\Lib\site-packages\torch\utils\_sympy\value_ranges.py(487): to_dtype
E0922 07:00:41.352000 9172 Lib\site-packages\torch\_subclasses\fake_tensor.py:3227] [0/8]   D:\wsl\personal\dr\paper\toxic_compile\venv_nightly\Lib\site-packages\torch\utils\_sympy\interp.py(137): _run_sympy_handler
E0922 07:00:41.352000 9172 Lib\site-packages\torch\_subclasses\fake_tensor.py:3227] [0/8]   D:\wsl\personal\dr\paper\toxic_compile\venv_nightly\Lib\site-packages\torch\utils\_sympy\interp.py(225): sympy_interp
E0922 07:00:41.352000 9172 Lib\site-packages\torch\_subclasses\fake_tensor.py:3227] [0/8]   D:\wsl\personal\dr\paper\toxic_compile\venv_nightly\Lib\site-packages\torch\utils\_sympy\value_ranges.py(1304): bound_sympy
E0922 07:00:41.352000 9172 Lib\site-packages\torch\_subclasses\fake_tensor.py:3227] [0/8]   D:\wsl\personal\dr\paper\toxic_compile\venv_nightly\Lib\site-packages\torch\fx\experimental\symbolic_shapes.py(2637): _maybe_evaluate_static_worker
E0922 07:00:41.352000 9172 Lib\site-packages\torch\_subclasses\fake_tensor.py:3227] [0/8]   D:\wsl\personal\dr\paper\toxic_compile\venv_nightly\Lib\site-packages\torch\fx\experimental\symbolic_shapes.py(7521): _maybe_evaluate_static
E0922 07:00:41.352000 9172 Lib\site-packages\torch\_subclasses\fake_tensor.py:3227] [0/8]   D:\wsl\personal\dr\paper\toxic_compile\venv_nightly\Lib\site-packages\torch\fx\experimental\symbolic_shapes.py(2795): wrapper
E0922 07:00:41.352000 9172 Lib\site-packages\torch\_subclasses\fake_tensor.py:3227] [0/8]   D:\wsl\personal\dr\paper\toxic_compile\venv_nightly\Lib\site-packages\torch\fx\experimental\symbolic_shapes.py(9045): _evaluate_expr
E0922 07:00:41.352000 9172 Lib\site-packages\torch\_subclasses\fake_tensor.py:3227] [0/8]   D:\wsl\personal\dr\paper\toxic_compile\venv_nightly\Lib\site-packages\torch\fx\experimental\symbolic_shapes.py(8762): _inner_evaluate_expr
E0922 07:00:41.352000 9172 Lib\site-packages\torch\_subclasses\fake_tensor.py:3227] [0/8]   D:\wsl\personal\dr\paper\toxic_compile\venv_nightly\Lib\site-packages\torch\fx\experimental\recording.py(284): wrapper
E0922 07:00:41.352000 9172 Lib\site-packages\torch\_subclasses\fake_tensor.py:3227] [0/8]   D:\wsl\personal\dr\paper\toxic_compile\venv_nightly\Lib\site-packages\torch\fx\experimental\symbolic_shapes.py(8720): evaluate_expr
E0922 07:00:41.352000 9172 Lib\site-packages\torch\_subclasses\fake_tensor.py:3227] [0/8]   D:\wsl\personal\dr\paper\toxic_compile\venv_nightly\Lib\site-packages\torch\fx\experimental\symbolic_shapes.py(8624): evaluate_sym_node
E0922 07:00:41.352000 9172 Lib\site-packages\torch\_subclasses\fake_tensor.py:3227] [0/8]   D:\wsl\personal\dr\paper\toxic_compile\venv_nightly\Lib\site-packages\torch\fx\experimental\sym_node.py(565): evaluate
E0922 07:00:41.352000 9172 Lib\site-packages\torch\_subclasses\fake_tensor.py:3227] [0/8]   D:\wsl\personal\dr\paper\toxic_compile\venv_nightly\Lib\site-packages\torch\fx\experimental\sym_node.py(581): guard_float
E0922 07:00:41.352000 9172 Lib\site-packages\torch\_subclasses\fake_tensor.py:3227] [0/8]   D:\wsl\personal\dr\paper\toxic_compile\venv_nightly\Lib\site-packages\torch\_ops.py(916): __call__
E0922 07:00:41.352000 9172 Lib\site-packages\torch\_subclasses\fake_tensor.py:3227] [0/8]   D:\wsl\personal\dr\paper\toxic_compile\venv_nightly\Lib\site-packages\torch\_refs\__init__.py(2389): _reduction
E0922 07:00:41.352000 9172 Lib\site-packages\torch\_subclasses\fake_tensor.py:3227] [0/8]   D:\wsl\personal\dr\paper\toxic_compile\venv_nightly\Lib\site-packages\torch\_refs\__init__.py(2646): var
E0922 07:00:41.352000 9172 Lib\site-packages\torch\_subclasses\fake_tensor.py:3227] [0/8]   D:\wsl\personal\dr\paper\toxic_compile\venv_nightly\Lib\site-packages\torch\_prims_common\wrappers.py(313): _fn
E0922 07:00:41.352000 9172 Lib\site-packages\torch\_subclasses\fake_tensor.py:3227] [0/8]   D:\wsl\personal\dr\paper\toxic_compile\venv_nightly\Lib\site-packages\torch\_ops.py(916): __call__
E0922 07:00:41.352000 9172 Lib\site-packages\torch\_subclasses\fake_tensor.py:3227] [0/8]   D:\wsl\personal\dr\paper\toxic_compile\venv_nightly\Lib\site-packages\torch\_subclasses\fake_tensor.py(3223): _dispatch_impl
E0922 07:00:41.352000 9172 Lib\site-packages\torch\_subclasses\fake_tensor.py:3227] [0/8]   D:\wsl\personal\dr\paper\toxic_compile\venv_nightly\Lib\site-packages\torch\_subclasses\fake_tensor.py(1818): _cached_dispatch_impl
E0922 07:00:41.352000 9172 Lib\site-packages\torch\_subclasses\fake_tensor.py:3227] [0/8]   D:\wsl\personal\dr\paper\toxic_compile\venv_nightly\Lib\site-packages\torch\_subclasses\fake_tensor.py(2510): dispatch
E0922 07:00:41.352000 9172 Lib\site-packages\torch\_subclasses\fake_tensor.py:3227] [0/8]   D:\wsl\personal\dr\paper\toxic_compile\venv_nightly\Lib\site-packages\torch\_subclasses\fake_tensor.py(1707): __torch_dispatch__
E0922 07:00:41.352000 9172 Lib\site-packages\torch\_subclasses\fake_tensor.py:3227] [0/8]   D:\wsl\personal\dr\paper\toxic_compile\venv_nightly\Lib\site-packages\torch\utils\_stats.py(29): wrapper
E0922 07:00:41.352000 9172 Lib\site-packages\torch\_subclasses\fake_tensor.py:3227] [0/8]   D:\wsl\personal\dr\paper\toxic_compile\venv_nightly\Lib\site-packages\torch\_dynamo\eval_frame.py(1548): _fn
E0922 07:00:41.352000 9172 Lib\site-packages\torch\_subclasses\fake_tensor.py:3227] [0/8]   D:\wsl\personal\dr\paper\toxic_compile\venv_nightly\Lib\site-packages\torch\_compile.py(54): inner
E0922 07:00:41.352000 9172 Lib\site-packages\torch\_subclasses\fake_tensor.py:3227] [0/8]   D:\wsl\personal\dr\paper\toxic_compile\venv_nightly\Lib\site-packages\torch\_refs\__init__.py(2676): std
E0922 07:00:41.352000 9172 Lib\site-packages\torch\_subclasses\fake_tensor.py:3227] [0/8]   D:\wsl\personal\dr\paper\toxic_compile\venv_nightly\Lib\site-packages\torch\_prims_common\wrappers.py(313): _fn
E0922 07:00:41.352000 9172 Lib\site-packages\torch\_subclasses\fake_tensor.py:3227] [0/8]   D:\wsl\personal\dr\paper\toxic_compile\venv_nightly\Lib\site-packages\torch\_subclasses\fake_tensor.py(3102): _dispatch_impl
E0922 07:00:41.352000 9172 Lib\site-packages\torch\_subclasses\fake_tensor.py:3227] [0/8]   D:\wsl\personal\dr\paper\toxic_compile\venv_nightly\Lib\site-packages\torch\_subclasses\fake_tensor.py(1858): _cached_dispatch_impl
E0922 07:00:41.352000 9172 Lib\site-packages\torch\_subclasses\fake_tensor.py:3227] [0/8]   D:\wsl\personal\dr\paper\toxic_compile\venv_nightly\Lib\site-packages\torch\_subclasses\fake_tensor.py(2510): dispatch
E0922 07:00:41.352000 9172 Lib\site-packages\torch\_subclasses\fake_tensor.py:3227] [0/8]   D:\wsl\personal\dr\paper\toxic_compile\venv_nightly\Lib\site-packages\torch\_subclasses\fake_tensor.py(1707): __torch_dispatch__
E0922 07:00:41.352000 9172 Lib\site-packages\torch\_subclasses\fake_tensor.py:3227] [0/8]   D:\wsl\personal\dr\paper\toxic_compile\venv_nightly\Lib\site-packages\torch\utils\_stats.py(29): wrapper
E0922 07:00:41.352000 9172 Lib\site-packages\torch\_subclasses\fake_tensor.py:3227] [0/8]   D:\wsl\personal\dr\paper\toxic_compile\venv_nightly\Lib\site-packages\torch\_dynamo\eval_frame.py(1548): _fn
E0922 07:00:41.352000 9172 Lib\site-packages\torch\_subclasses\fake_tensor.py:3227] [0/8]   D:\wsl\personal\dr\paper\toxic_compile\venv_nightly\Lib\site-packages\torch\_compile.py(54): inner
E0922 07:00:41.352000 9172 Lib\site-packages\torch\_subclasses\fake_tensor.py:3227] [0/8]   D:\wsl\personal\dr\paper\toxic_compile\venv_nightly\Lib\site-packages\torch\_dynamo\utils.py(4501): run_node
E0922 07:00:41.352000 9172 Lib\site-packages\torch\_subclasses\fake_tensor.py:3227] [0/8]   D:\wsl\personal\dr\paper\toxic_compile\venv_nightly\Lib\site-packages\torch\_dynamo\utils.py(4263): <lambda>
E0922 07:00:41.352000 9172 Lib\site-packages\torch\_subclasses\fake_tensor.py:3227] [0/8]   D:\wsl\personal\dr\paper\toxic_compile\venv_nightly\Lib\site-packages\torch\_dynamo\utils.py(3597): wrap_fake_exception
E0922 07:00:41.352000 9172 Lib\site-packages\torch\_subclasses\fake_tensor.py:3227] [0/8]   D:\wsl\personal\dr\paper\toxic_compile\venv_nightly\Lib\site-packages\torch\_dynamo\utils.py(4262): _get_fake_value_impl
E0922 07:00:41.352000 9172 Lib\site-packages\torch\_subclasses\fake_tensor.py:3227] [0/8]   D:\wsl\personal\dr\paper\toxic_compile\venv_nightly\Lib\site-packages\torch\_dynamo\utils.py(4172): get_fake_value
E0922 07:00:41.352000 9172 Lib\site-packages\torch\_subclasses\fake_tensor.py:3227] [0/8]   D:\wsl\personal\dr\paper\toxic_compile\venv_nightly\Lib\site-packages\torch\_dynamo\variables\builder.py(4066): _wrap_fx_proxy
E0922 07:00:41.352000 9172 Lib\site-packages\torch\_subclasses\fake_tensor.py:3227] [0/8]   D:\wsl\personal\dr\paper\toxic_compile\venv_nightly\Lib\site-packages\torch\_dynamo\variables\builder.py(3935): wrap_fx_proxy_cls
E0922 07:00:41.352000 9172 Lib\site-packages\torch\_subclasses\fake_tensor.py:3227] [0/8]   D:\wsl\personal\dr\paper\toxic_compile\venv_nightly\Lib\site-packages\torch\_dynamo\variables\builder.py(3860): wrap_fx_proxy
E0922 07:00:41.352000 9172 Lib\site-packages\torch\_subclasses\fake_tensor.py:3227] [0/8]   D:\wsl\personal\dr\paper\toxic_compile\venv_nightly\Lib\site-packages\torch\_dynamo\variables\tensor.py(1123): call_method
E0922 07:00:41.352000 9172 Lib\site-packages\torch\_subclasses\fake_tensor.py:3227] [0/8]   D:\wsl\personal\dr\paper\toxic_compile\venv_nightly\Lib\site-packages\torch\_dynamo\variables\misc.py(1921): call_function
E0922 07:00:41.352000 9172 Lib\site-packages\torch\_subclasses\fake_tensor.py:3227] [0/8]   D:\wsl\personal\dr\paper\toxic_compile\venv_nightly\Lib\site-packages\torch\_dynamo\symbolic_convert.py(1641): call_function
E0922 07:00:41.352000 9172 Lib\site-packages\torch\_subclasses\fake_tensor.py:3227] [0/8]   D:\wsl\personal\dr\paper\toxic_compile\venv_nightly\Lib\site-packages\torch\_dynamo\symbolic_convert.py(4769): _call
E0922 07:00:41.352000 9172 Lib\site-packages\torch\_subclasses\fake_tensor.py:3227] [0/8]   D:\wsl\personal\dr\paper\toxic_compile\venv_nightly\Lib\site-packages\torch\_dynamo\symbolic_convert.py(5031): CALL_KW
E0922 07:00:41.352000 9172 Lib\site-packages\torch\_subclasses\fake_tensor.py:3227] [0/8]   D:\wsl\personal\dr\paper\toxic_compile\venv_nightly\Lib\site-packages\torch\_dynamo\symbolic_convert.py(1109): wrapper
E0922 07:00:41.352000 9172 Lib\site-packages\torch\_subclasses\fake_tensor.py:3227] [0/8]   D:\wsl\personal\dr\paper\toxic_compile\venv_nightly\Lib\site-packages\torch\_dynamo\symbolic_convert.py(1751): step
E0922 07:00:41.352000 9172 Lib\site-packages\torch\_subclasses\fake_tensor.py:3227] [0/8]   D:\wsl\personal\dr\paper\toxic_compile\venv_nightly\Lib\site-packages\torch\_dynamo\symbolic_convert.py(2098): run
E0922 07:00:41.352000 9172 Lib\site-packages\torch\_subclasses\fake_tensor.py:3227] [0/8]   D:\wsl\personal\dr\paper\toxic_compile\venv_nightly\Lib\site-packages\torch\_dynamo\convert_frame.py(952): run_tracer
E0922 07:00:41.352000 9172 Lib\site-packages\torch\_subclasses\fake_tensor.py:3227] [0/8]   D:\wsl\personal\dr\paper\toxic_compile\venv_nightly\Lib\site-packages\torch\_dynamo\convert_frame.py(971): trace_frame
E0922 07:00:41.352000 9172 Lib\site-packages\torch\_subclasses\fake_tensor.py:3227] [0/8]   D:\wsl\personal\dr\paper\toxic_compile\venv_nightly\Lib\site-packages\torch\_dynamo\convert_frame.py(372): _fn
E0922 07:00:41.352000 9172 Lib\site-packages\torch\_subclasses\fake_tensor.py:3227] [0/8]   D:\wsl\personal\dr\paper\toxic_compile\venv_nightly\Lib\site-packages\torch\_dynamo\convert_frame.py(1610): transform
E0922 07:00:41.352000 9172 Lib\site-packages\torch\_subclasses\fake_tensor.py:3227] [0/8]   D:\wsl\personal\dr\paper\toxic_compile\venv_nightly\Lib\site-packages\torch\_dynamo\bytecode_transformation.py(1849): transform_code_object
E0922 07:00:41.352000 9172 Lib\site-packages\torch\_subclasses\fake_tensor.py:3227] [0/8]   D:\wsl\personal\dr\paper\toxic_compile\venv_nightly\Lib\site-packages\torch\_dynamo\convert_frame.py(1639): compile_frame
E0922 07:00:41.352000 9172 Lib\site-packages\torch\_subclasses\fake_tensor.py:3227] [0/8]   D:\wsl\personal\dr\paper\toxic_compile\venv_nightly\Lib\site-packages\torch\_dynamo\convert_frame.py(1804): _compile_inner
E0922 07:00:41.352000 9172 Lib\site-packages\torch\_subclasses\fake_tensor.py:3227] [0/8]   D:\wsl\personal\dr\paper\toxic_compile\venv_nightly\Lib\site-packages\torch\_dynamo\convert_frame.py(1744): compile_inner
E0922 07:00:41.352000 9172 Lib\site-packages\torch\_subclasses\fake_tensor.py:3227] [0/8]   D:\wsl\personal\dr\paper\toxic_compile\venv_nightly\Lib\site-packages\torch\_utils_internal.py(114): wrapper_function
E0922 07:00:41.352000 9172 Lib\site-packages\torch\_subclasses\fake_tensor.py:3227] [0/8]   D:\wsl\personal\dr\paper\toxic_compile\venv_nightly\Lib\site-packages\torch\_dynamo\convert_frame.py(2163): _compile
E0922 07:00:41.352000 9172 Lib\site-packages\torch\_subclasses\fake_tensor.py:3227] [0/8]   D:\wsl\personal\dr\paper\toxic_compile\venv_nightly\Lib\site-packages\torch\_dynamo\convert_frame.py(781): __call__
E0922 07:00:41.352000 9172 Lib\site-packages\torch\_subclasses\fake_tensor.py:3227] [0/8]   D:\wsl\personal\dr\paper\toxic_compile\venv_nightly\Lib\site-packages\torch\_dynamo\convert_frame.py(2390): __call__
E0922 07:00:41.352000 9172 Lib\site-packages\torch\_subclasses\fake_tensor.py:3227] [0/8]   D:\wsl\personal\dr\paper\toxic_compile\venv_nightly\Lib\site-packages\torch\_dynamo\convert_frame.py(2706): __call__
E0922 07:00:41.352000 9172 Lib\site-packages\torch\_subclasses\fake_tensor.py:3227] [0/8]   D:\wsl\personal\dr\paper\toxic_compile\venv_nightly\Lib\site-packages\torch\_dynamo\eval_frame.py(1261): compile_wrapper
E0922 07:00:41.352000 9172 Lib\site-packages\torch\_subclasses\fake_tensor.py:3227] [0/8]   D:\wsl\personal\dr\paper\toxic_compile\plan\reports_scalar_seq\specialized_value_census_v2.py(118): run
E0922 07:00:41.352000 9172 Lib\site-packages\torch\_subclasses\fake_tensor.py:3227] [0/8]   D:\wsl\personal\dr\paper\toxic_compile\plan\reports_scalar_seq\specialized_value_census_v2.py(134): <module>
E0922 07:00:41.352000 9172 Lib\site-packages\torch\_subclasses\fake_tensor.py:3227] [0/8] 
W0922 07:00:41.374000 9172 Lib\site-packages\torch\fx\experimental\symbolic_shapes.py:8755] [0/9] failed during evaluate_expr(ToFloat(Mod(TruncToInt(2.0*Abs(zf72)), 2)), hint=0.0, size_oblivious=False, forcing_spec=False
E0922 07:00:41.382000 9172 Lib\site-packages\torch\_subclasses\fake_tensor.py:3227] [0/9] failed while attempting to run meta for aten.var.correction
E0922 07:00:41.382000 9172 Lib\site-packages\torch\_subclasses\fake_tensor.py:3227] [0/9] Traceback (most recent call last):
E0922 07:00:41.382000 9172 Lib\site-packages\torch\_subclasses\fake_tensor.py:3227] [0/9]   File "D:\wsl\personal\dr\paper\toxic_compile\venv_nightly\Lib\site-packages\torch\_subclasses\fake_tensor.py", line 3223, in _dispatch_impl
E0922 07:00:41.382000 9172 Lib\site-packages\torch\_subclasses\fake_tensor.py:3227] [0/9]     r = func(*args, **kwargs)
E0922 07:00:41.382000 9172 Lib\site-packages\torch\_subclasses\fake_tensor.py:3227] [0/9]   File "D:\wsl\personal\dr\paper\toxic_compile\venv_nightly\Lib\site-packages\torch\_ops.py", line 916, in __call__
E0922 07:00:41.382000 9172 Lib\site-packages\torch\_subclasses\fake_tensor.py:3227] [0/9]     return self._op(*args, **kwargs)
E0922 07:00:41.382000 9172 Lib\site-packages\torch\_subclasses\fake_tensor.py:3227] [0/9]            ~~~~~~~~^^^^^^^^^^^^^^^^^
E0922 07:00:41.382000 9172 Lib\site-packages\torch\_subclasses\fake_tensor.py:3227] [0/9]   File "D:\wsl\personal\dr\paper\toxic_compile\venv_nightly\Lib\site-packages\torch\_prims_common\wrappers.py", line 313, in _fn
E0922 07:00:41.382000 9172 Lib\site-packages\torch\_subclasses\fake_tensor.py:3227] [0/9]     result = fn(*args, **kwargs)
E0922 07:00:41.382000 9172 Lib\site-packages\torch\_subclasses\fake_tensor.py:3227] [0/9]   File "D:\wsl\personal\dr\paper\toxic_compile\venv_nightly\Lib\site-packages\torch\_refs\__init__.py", line 2646, in var
E0922 07:00:41.382000 9172 Lib\site-packages\torch\_subclasses\fake_tensor.py:3227] [0/9]     result = _reduction(
E0922 07:00:41.382000 9172 Lib\site-packages\torch\_subclasses\fake_tensor.py:3227] [0/9]         a,
E0922 07:00:41.382000 9172 Lib\site-packages\torch\_subclasses\fake_tensor.py:3227] [0/9]     ...<6 lines>...
E0922 07:00:41.382000 9172 Lib\site-packages\torch\_subclasses\fake_tensor.py:3227] [0/9]         output_dtype_kind=REDUCTION_OUTPUT_TYPE_KIND.COMPLEX_TO_FLOAT,
E0922 07:00:41.382000 9172 Lib\site-packages\torch\_subclasses\fake_tensor.py:3227] [0/9]     )
E0922 07:00:41.382000 9172 Lib\site-packages\torch\_subclasses\fake_tensor.py:3227] [0/9]   File "D:\wsl\personal\dr\paper\toxic_compile\venv_nightly\Lib\site-packages\torch\_refs\__init__.py", line 2389, in _reduction
E0922 07:00:41.382000 9172 Lib\site-packages\torch\_subclasses\fake_tensor.py:3227] [0/9]     result = prim(a, dims)
E0922 07:00:41.382000 9172 Lib\site-packages\torch\_subclasses\fake_tensor.py:3227] [0/9]   File "D:\wsl\personal\dr\paper\toxic_compile\venv_nightly\Lib\site-packages\torch\_ops.py", line 916, in __call__
E0922 07:00:41.382000 9172 Lib\site-packages\torch\_subclasses\fake_tensor.py:3227] [0/9]     return self._op(*args, **kwargs)
E0922 07:00:41.382000 9172 Lib\site-packages\torch\_subclasses\fake_tensor.py:3227] [0/9]            ~~~~~~~~^^^^^^^^^^^^^^^^^
E0922 07:00:41.382000 9172 Lib\site-packages\torch\_subclasses\fake_tensor.py:3227] [0/9] RuntimeError: prims::var() Expected a value of type 'Optional[float]' for argument 'correction' but instead found type 'SymFloat'.
E0922 07:00:41.382000 9172 Lib\site-packages\torch\_subclasses\fake_tensor.py:3227] [0/9] Position: 2
E0922 07:00:41.382000 9172 Lib\site-packages\torch\_subclasses\fake_tensor.py:3227] [0/9] Value: ToFloat(Mod(TruncToInt(2.0*Abs(zf72)), 2))
E0922 07:00:41.382000 9172 Lib\site-packages\torch\_subclasses\fake_tensor.py:3227] [0/9] Declaration: prims::var(Tensor inp, int[]? dims, float? correction=1, *, ScalarType? output_dtype=None) -> Tensor
E0922 07:00:41.382000 9172 Lib\site-packages\torch\_subclasses\fake_tensor.py:3227] [0/9]  Python error details: TypeError: Could not compare ToFloat(0.0) <= 1.00000000000000
E0922 07:00:41.382000 9172 Lib\site-packages\torch\_subclasses\fake_tensor.py:3227] [0/9] 
E0922 07:00:41.382000 9172 Lib\site-packages\torch\_subclasses\fake_tensor.py:3227] [0/9] At:
E0922 07:00:41.382000 9172 Lib\site-packages\torch\_subclasses\fake_tensor.py:3227] [0/9]   D:\wsl\personal\dr\paper\toxic_compile\venv_nightly\Lib\site-packages\torch\utils\_sympy\value_ranges.py(168): __init__
E0922 07:00:41.382000 9172 Lib\site-packages\torch\_subclasses\fake_tensor.py:3227] [0/9]   D:\wsl\personal\dr\paper\toxic_compile\venv_nightly\Lib\site-packages\torch\utils\_sympy\value_ranges.py(347): increasing_map
E0922 07:00:41.382000 9172 Lib\site-packages\torch\_subclasses\fake_tensor.py:3227] [0/9]   D:\wsl\personal\dr\paper\toxic_compile\venv_nightly\Lib\site-packages\torch\utils\_sympy\value_ranges.py(487): to_dtype
E0922 07:00:41.382000 9172 Lib\site-packages\torch\_subclasses\fake_tensor.py:3227] [0/9]   D:\wsl\personal\dr\paper\toxic_compile\venv_nightly\Lib\site-packages\torch\utils\_sympy\interp.py(137): _run_sympy_handler
E0922 07:00:41.382000 9172 Lib\site-packages\torch\_subclasses\fake_tensor.py:3227] [0/9]   D:\wsl\personal\dr\paper\toxic_compile\venv_nightly\Lib\site-packages\torch\utils\_sympy\interp.py(225): sympy_interp
E0922 07:00:41.382000 9172 Lib\site-packages\torch\_subclasses\fake_tensor.py:3227] [0/9]   D:\wsl\personal\dr\paper\toxic_compile\venv_nightly\Lib\site-packages\torch\utils\_sympy\value_ranges.py(1304): bound_sympy
E0922 07:00:41.382000 9172 Lib\site-packages\torch\_subclasses\fake_tensor.py:3227] [0/9]   D:\wsl\personal\dr\paper\toxic_compile\venv_nightly\Lib\site-packages\torch\fx\experimental\symbolic_shapes.py(2637): _maybe_evaluate_static_worker
E0922 07:00:41.382000 9172 Lib\site-packages\torch\_subclasses\fake_tensor.py:3227] [0/9]   D:\wsl\personal\dr\paper\toxic_compile\venv_nightly\Lib\site-packages\torch\fx\experimental\symbolic_shapes.py(7521): _maybe_evaluate_static
E0922 07:00:41.382000 9172 Lib\site-packages\torch\_subclasses\fake_tensor.py:3227] [0/9]   D:\wsl\personal\dr\paper\toxic_compile\venv_nightly\Lib\site-packages\torch\fx\experimental\symbolic_shapes.py(2795): wrapper
E0922 07:00:41.382000 9172 Lib\site-packages\torch\_subclasses\fake_tensor.py:3227] [0/9]   D:\wsl\personal\dr\paper\toxic_compile\venv_nightly\Lib\site-packages\torch\fx\experimental\symbolic_shapes.py(9045): _evaluate_expr
E0922 07:00:41.382000 9172 Lib\site-packages\torch\_subclasses\fake_tensor.py:3227] [0/9]   D:\wsl\personal\dr\paper\toxic_compile\venv_nightly\Lib\site-packages\torch\fx\experimental\symbolic_shapes.py(8762): _inner_evaluate_expr
E0922 07:00:41.382000 9172 Lib\site-packages\torch\_subclasses\fake_tensor.py:3227] [0/9]   D:\wsl\personal\dr\paper\toxic_compile\venv_nightly\Lib\site-packages\torch\fx\experimental\recording.py(284): wrapper
E0922 07:00:41.382000 9172 Lib\site-packages\torch\_subclasses\fake_tensor.py:3227] [0/9]   D:\wsl\personal\dr\paper\toxic_compile\venv_nightly\Lib\site-packages\torch\fx\experimental\symbolic_shapes.py(8720): evaluate_expr
E0922 07:00:41.382000 9172 Lib\site-packages\torch\_subclasses\fake_tensor.py:3227] [0/9]   D:\wsl\personal\dr\paper\toxic_compile\venv_nightly\Lib\site-packages\torch\fx\experimental\symbolic_shapes.py(8624): evaluate_sym_node
E0922 07:00:41.382000 9172 Lib\site-packages\torch\_subclasses\fake_tensor.py:3227] [0/9]   D:\wsl\personal\dr\paper\toxic_compile\venv_nightly\Lib\site-packages\torch\fx\experimental\sym_node.py(565): evaluate
E0922 07:00:41.382000 9172 Lib\site-packages\torch\_subclasses\fake_tensor.py:3227] [0/9]   D:\wsl\personal\dr\paper\toxic_compile\venv_nightly\Lib\site-packages\torch\fx\experimental\sym_node.py(581): guard_float
E0922 07:00:41.382000 9172 Lib\site-packages\torch\_subclasses\fake_tensor.py:3227] [0/9]   D:\wsl\personal\dr\paper\toxic_compile\venv_nightly\Lib\site-packages\torch\_ops.py(916): __call__
E0922 07:00:41.382000 9172 Lib\site-packages\torch\_subclasses\fake_tensor.py:3227] [0/9]   D:\wsl\personal\dr\paper\toxic_compile\venv_nightly\Lib\site-packages\torch\_refs\__init__.py(2389): _reduction
E0922 07:00:41.382000 9172 Lib\site-packages\torch\_subclasses\fake_tensor.py:3227] [0/9]   D:\wsl\personal\dr\paper\toxic_compile\venv_nightly\Lib\site-packages\torch\_refs\__init__.py(2646): var
E0922 07:00:41.382000 9172 Lib\site-packages\torch\_subclasses\fake_tensor.py:3227] [0/9]   D:\wsl\personal\dr\paper\toxic_compile\venv_nightly\Lib\site-packages\torch\_prims_common\wrappers.py(313): _fn
E0922 07:00:41.382000 9172 Lib\site-packages\torch\_subclasses\fake_tensor.py:3227] [0/9]   D:\wsl\personal\dr\paper\toxic_compile\venv_nightly\Lib\site-packages\torch\_ops.py(916): __call__
E0922 07:00:41.382000 9172 Lib\site-packages\torch\_subclasses\fake_tensor.py:3227] [0/9]   D:\wsl\personal\dr\paper\toxic_compile\venv_nightly\Lib\site-packages\torch\_subclasses\fake_tensor.py(3223): _dispatch_impl
E0922 07:00:41.382000 9172 Lib\site-packages\torch\_subclasses\fake_tensor.py:3227] [0/9]   D:\wsl\personal\dr\paper\toxic_compile\venv_nightly\Lib\site-packages\torch\_subclasses\fake_tensor.py(1818): _cached_dispatch_impl
E0922 07:00:41.382000 9172 Lib\site-packages\torch\_subclasses\fake_tensor.py:3227] [0/9]   D:\wsl\personal\dr\paper\toxic_compile\venv_nightly\Lib\site-packages\torch\_subclasses\fake_tensor.py(2510): dispatch
E0922 07:00:41.382000 9172 Lib\site-packages\torch\_subclasses\fake_tensor.py:3227] [0/9]   D:\wsl\personal\dr\paper\toxic_compile\venv_nightly\Lib\site-packages\torch\_subclasses\fake_tensor.py(1707): __torch_dispatch__
E0922 07:00:41.382000 9172 Lib\site-packages\torch\_subclasses\fake_tensor.py:3227] [0/9]   D:\wsl\personal\dr\paper\toxic_compile\venv_nightly\Lib\site-packages\torch\utils\_stats.py(29): wrapper
E0922 07:00:41.382000 9172 Lib\site-packages\torch\_subclasses\fake_tensor.py:3227] [0/9]   D:\wsl\personal\dr\paper\toxic_compile\venv_nightly\Lib\site-packages\torch\_dynamo\eval_frame.py(1548): _fn
E0922 07:00:41.382000 9172 Lib\site-packages\torch\_subclasses\fake_tensor.py:3227] [0/9]   D:\wsl\personal\dr\paper\toxic_compile\venv_nightly\Lib\site-packages\torch\_compile.py(54): inner
E0922 07:00:41.382000 9172 Lib\site-packages\torch\_subclasses\fake_tensor.py:3227] [0/9]   D:\wsl\personal\dr\paper\toxic_compile\venv_nightly\Lib\site-packages\torch\_refs\__init__.py(2676): std
E0922 07:00:41.382000 9172 Lib\site-packages\torch\_subclasses\fake_tensor.py:3227] [0/9]   D:\wsl\personal\dr\paper\toxic_compile\venv_nightly\Lib\site-packages\torch\_prims_common\wrappers.py(313): _fn
E0922 07:00:41.382000 9172 Lib\site-packages\torch\_subclasses\fake_tensor.py:3227] [0/9]   D:\wsl\personal\dr\paper\toxic_compile\venv_nightly\Lib\site-packages\torch\_subclasses\fake_tensor.py(3102): _dispatch_impl
E0922 07:00:41.382000 9172 Lib\site-packages\torch\_subclasses\fake_tensor.py:3227] [0/9]   D:\wsl\personal\dr\paper\toxic_compile\venv_nightly\Lib\site-packages\torch\_subclasses\fake_tensor.py(1858): _cached_dispatch_impl
E0922 07:00:41.382000 9172 Lib\site-packages\torch\_subclasses\fake_tensor.py:3227] [0/9]   D:\wsl\personal\dr\paper\toxic_compile\venv_nightly\Lib\site-packages\torch\_subclasses\fake_tensor.py(2510): dispatch
E0922 07:00:41.382000 9172 Lib\site-packages\torch\_subclasses\fake_tensor.py:3227] [0/9]   D:\wsl\personal\dr\paper\toxic_compile\venv_nightly\Lib\site-packages\torch\_subclasses\fake_tensor.py(1707): __torch_dispatch__
E0922 07:00:41.382000 9172 Lib\site-packages\torch\_subclasses\fake_tensor.py:3227] [0/9]   D:\wsl\personal\dr\paper\toxic_compile\venv_nightly\Lib\site-packages\torch\utils\_stats.py(29): wrapper
E0922 07:00:41.382000 9172 Lib\site-packages\torch\_subclasses\fake_tensor.py:3227] [0/9]   D:\wsl\personal\dr\paper\toxic_compile\venv_nightly\Lib\site-packages\torch\_dynamo\eval_frame.py(1548): _fn
E0922 07:00:41.382000 9172 Lib\site-packages\torch\_subclasses\fake_tensor.py:3227] [0/9]   D:\wsl\personal\dr\paper\toxic_compile\venv_nightly\Lib\site-packages\torch\_compile.py(54): inner
E0922 07:00:41.382000 9172 Lib\site-packages\torch\_subclasses\fake_tensor.py:3227] [0/9]   D:\wsl\personal\dr\paper\toxic_compile\venv_nightly\Lib\site-packages\torch\_dynamo\utils.py(4501): run_node
E0922 07:00:41.382000 9172 Lib\site-packages\torch\_subclasses\fake_tensor.py:3227] [0/9]   D:\wsl\personal\dr\paper\toxic_compile\venv_nightly\Lib\site-packages\torch\_dynamo\utils.py(4263): <lambda>
E0922 07:00:41.382000 9172 Lib\site-packages\torch\_subclasses\fake_tensor.py:3227] [0/9]   D:\wsl\personal\dr\paper\toxic_compile\venv_nightly\Lib\site-packages\torch\_dynamo\utils.py(3597): wrap_fake_exception
E0922 07:00:41.382000 9172 Lib\site-packages\torch\_subclasses\fake_tensor.py:3227] [0/9]   D:\wsl\personal\dr\paper\toxic_compile\venv_nightly\Lib\site-packages\torch\_dynamo\utils.py(4262): _get_fake_value_impl
E0922 07:00:41.382000 9172 Lib\site-packages\torch\_subclasses\fake_tensor.py:3227] [0/9]   D:\wsl\personal\dr\paper\toxic_compile\venv_nightly\Lib\site-packages\torch\_dynamo\utils.py(4172): get_fake_value
E0922 07:00:41.382000 9172 Lib\site-packages\torch\_subclasses\fake_tensor.py:3227] [0/9]   D:\wsl\personal\dr\paper\toxic_compile\venv_nightly\Lib\site-packages\torch\_dynamo\variables\builder.py(4066): _wrap_fx_proxy
E0922 07:00:41.382000 9172 Lib\site-packages\torch\_subclasses\fake_tensor.py:3227] [0/9]   D:\wsl\personal\dr\paper\toxic_compile\venv_nightly\Lib\site-packages\torch\_dynamo\variables\builder.py(3935): wrap_fx_proxy_cls
E0922 07:00:41.382000 9172 Lib\site-packages\torch\_subclasses\fake_tensor.py:3227] [0/9]   D:\wsl\personal\dr\paper\toxic_compile\venv_nightly\Lib\site-packages\torch\_dynamo\variables\builder.py(3860): wrap_fx_proxy
E0922 07:00:41.382000 9172 Lib\site-packages\torch\_subclasses\fake_tensor.py:3227] [0/9]   D:\wsl\personal\dr\paper\toxic_compile\venv_nightly\Lib\site-packages\torch\_dynamo\variables\tensor.py(1123): call_method
E0922 07:00:41.382000 9172 Lib\site-packages\torch\_subclasses\fake_tensor.py:3227] [0/9]   D:\wsl\personal\dr\paper\toxic_compile\venv_nightly\Lib\site-packages\torch\_dynamo\variables\misc.py(1921): call_function
E0922 07:00:41.382000 9172 Lib\site-packages\torch\_subclasses\fake_tensor.py:3227] [0/9]   D:\wsl\personal\dr\paper\toxic_compile\venv_nightly\Lib\site-packages\torch\_dynamo\symbolic_convert.py(1641): call_function
E0922 07:00:41.382000 9172 Lib\site-packages\torch\_subclasses\fake_tensor.py:3227] [0/9]   D:\wsl\personal\dr\paper\toxic_compile\venv_nightly\Lib\site-packages\torch\_dynamo\symbolic_convert.py(4769): _call
E0922 07:00:41.382000 9172 Lib\site-packages\torch\_subclasses\fake_tensor.py:3227] [0/9]   D:\wsl\personal\dr\paper\toxic_compile\venv_nightly\Lib\site-packages\torch\_dynamo\symbolic_convert.py(5031): CALL_KW
E0922 07:00:41.382000 9172 Lib\site-packages\torch\_subclasses\fake_tensor.py:3227] [0/9]   D:\wsl\personal\dr\paper\toxic_compile\venv_nightly\Lib\site-packages\torch\_dynamo\symbolic_convert.py(1109): wrapper
E0922 07:00:41.382000 9172 Lib\site-packages\torch\_subclasses\fake_tensor.py:3227] [0/9]   D:\wsl\personal\dr\paper\toxic_compile\venv_nightly\Lib\site-packages\torch\_dynamo\symbolic_convert.py(1751): step
E0922 07:00:41.382000 9172 Lib\site-packages\torch\_subclasses\fake_tensor.py:3227] [0/9]   D:\wsl\personal\dr\paper\toxic_compile\venv_nightly\Lib\site-packages\torch\_dynamo\symbolic_convert.py(2098): run
E0922 07:00:41.382000 9172 Lib\site-packages\torch\_subclasses\fake_tensor.py:3227] [0/9]   D:\wsl\personal\dr\paper\toxic_compile\venv_nightly\Lib\site-packages\torch\_dynamo\convert_frame.py(952): run_tracer
E0922 07:00:41.382000 9172 Lib\site-packages\torch\_subclasses\fake_tensor.py:3227] [0/9]   D:\wsl\personal\dr\paper\toxic_compile\venv_nightly\Lib\site-packages\torch\_dynamo\convert_frame.py(971): trace_frame
E0922 07:00:41.382000 9172 Lib\site-packages\torch\_subclasses\fake_tensor.py:3227] [0/9]   D:\wsl\personal\dr\paper\toxic_compile\venv_nightly\Lib\site-packages\torch\_dynamo\convert_frame.py(372): _fn
E0922 07:00:41.382000 9172 Lib\site-packages\torch\_subclasses\fake_tensor.py:3227] [0/9]   D:\wsl\personal\dr\paper\toxic_compile\venv_nightly\Lib\site-packages\torch\_dynamo\convert_frame.py(1610): transform
E0922 07:00:41.382000 9172 Lib\site-packages\torch\_subclasses\fake_tensor.py:3227] [0/9]   D:\wsl\personal\dr\paper\toxic_compile\venv_nightly\Lib\site-packages\torch\_dynamo\bytecode_transformation.py(1849): transform_code_object
E0922 07:00:41.382000 9172 Lib\site-packages\torch\_subclasses\fake_tensor.py:3227] [0/9]   D:\wsl\personal\dr\paper\toxic_compile\venv_nightly\Lib\site-packages\torch\_dynamo\convert_frame.py(1639): compile_frame
E0922 07:00:41.382000 9172 Lib\site-packages\torch\_subclasses\fake_tensor.py:3227] [0/9]   D:\wsl\personal\dr\paper\toxic_compile\venv_nightly\Lib\site-packages\torch\_dynamo\convert_frame.py(1804): _compile_inner
E0922 07:00:41.382000 9172 Lib\site-packages\torch\_subclasses\fake_tensor.py:3227] [0/9]   D:\wsl\personal\dr\paper\toxic_compile\venv_nightly\Lib\site-packages\torch\_dynamo\convert_frame.py(1744): compile_inner
E0922 07:00:41.382000 9172 Lib\site-packages\torch\_subclasses\fake_tensor.py:3227] [0/9]   D:\wsl\personal\dr\paper\toxic_compile\venv_nightly\Lib\site-packages\torch\_utils_internal.py(114): wrapper_function
E0922 07:00:41.382000 9172 Lib\site-packages\torch\_subclasses\fake_tensor.py:3227] [0/9]   D:\wsl\personal\dr\paper\toxic_compile\venv_nightly\Lib\site-packages\torch\_dynamo\convert_frame.py(2163): _compile
E0922 07:00:41.382000 9172 Lib\site-packages\torch\_subclasses\fake_tensor.py:3227] [0/9]   D:\wsl\personal\dr\paper\toxic_compile\venv_nightly\Lib\site-packages\torch\_dynamo\convert_frame.py(781): __call__
E0922 07:00:41.382000 9172 Lib\site-packages\torch\_subclasses\fake_tensor.py:3227] [0/9]   D:\wsl\personal\dr\paper\toxic_compile\venv_nightly\Lib\site-packages\torch\_dynamo\convert_frame.py(2390): __call__
E0922 07:00:41.382000 9172 Lib\site-packages\torch\_subclasses\fake_tensor.py:3227] [0/9]   D:\wsl\personal\dr\paper\toxic_compile\venv_nightly\Lib\site-packages\torch\_dynamo\convert_frame.py(2706): __call__
E0922 07:00:41.382000 9172 Lib\site-packages\torch\_subclasses\fake_tensor.py:3227] [0/9]   D:\wsl\personal\dr\paper\toxic_compile\venv_nightly\Lib\site-packages\torch\_dynamo\eval_frame.py(1261): compile_wrapper
E0922 07:00:41.382000 9172 Lib\site-packages\torch\_subclasses\fake_tensor.py:3227] [0/9]   D:\wsl\personal\dr\paper\toxic_compile\plan\reports_scalar_seq\specialized_value_census_v2.py(118): run
E0922 07:00:41.382000 9172 Lib\site-packages\torch\_subclasses\fake_tensor.py:3227] [0/9]   D:\wsl\personal\dr\paper\toxic_compile\plan\reports_scalar_seq\specialized_value_census_v2.py(134): <module>
E0922 07:00:41.382000 9172 Lib\site-packages\torch\_subclasses\fake_tensor.py:3227] [0/9] 
W0922 07:00:58.909000 9172 Lib\site-packages\torch\_dynamo\convert_frame.py:2055] [0/8] torch._dynamo hit config.recompile_limit (8)
W0922 07:00:58.909000 9172 Lib\site-packages\torch\_dynamo\convert_frame.py:2055] [0/8]    function: '<lambda>' (D:\wsl\personal\dr\paper\toxic_compile\plan\reports_scalar_seq\specialized_value_census_v2.py:74)
W0922 07:00:58.909000 9172 Lib\site-packages\torch\_dynamo\convert_frame.py:2055] [0/8]    last reason: 0/7: s == -0.5  # (_dynamo\output_graph.py:3519 in remove_tensorify_specialized_graphargs)
W0922 07:00:58.909000 9172 Lib\site-packages\torch\_dynamo\convert_frame.py:2055] [0/8] To log all recompilation reasons, use TORCH_LOGS="recompiles".
W0922 07:00:58.909000 9172 Lib\site-packages\torch\_dynamo\convert_frame.py:2055] [0/8] To diagnose recompilation issues, see https://docs.pytorch.org/docs/main/user_guide/torch_compiler/compile/programming_model.recompilation.html
W0922 07:01:18.156000 9172 Lib\site-packages\torch\_dynamo\convert_frame.py:2055] [0/8] torch._dynamo hit config.recompile_limit (8)
W0922 07:01:18.156000 9172 Lib\site-packages\torch\_dynamo\convert_frame.py:2055] [0/8]    function: '<lambda>' (D:\wsl\personal\dr\paper\toxic_compile\plan\reports_scalar_seq\specialized_value_census_v2.py:75)
W0922 07:01:18.156000 9172 Lib\site-packages\torch\_dynamo\convert_frame.py:2055] [0/8]    last reason: 0/7: s == -0.5  # (_dynamo\output_graph.py:3519 in remove_tensorify_specialized_graphargs)
W0922 07:01:18.156000 9172 Lib\site-packages\torch\_dynamo\convert_frame.py:2055] [0/8] To log all recompilation reasons, use TORCH_LOGS="recompiles".
W0922 07:01:18.156000 9172 Lib\site-packages\torch\_dynamo\convert_frame.py:2055] [0/8] To diagnose recompilation issues, see https://docs.pytorch.org/docs/main/user_guide/torch_compiler/compile/programming_model.recompilation.html
W0922 07:01:41.039000 9172 Lib\site-packages\torch\_dynamo\convert_frame.py:2055] [0/8] torch._dynamo hit config.recompile_limit (8)
W0922 07:01:41.039000 9172 Lib\site-packages\torch\_dynamo\convert_frame.py:2055] [0/8]    function: '<lambda>' (D:\wsl\personal\dr\paper\toxic_compile\plan\reports_scalar_seq\specialized_value_census_v2.py:76)
W0922 07:01:41.039000 9172 Lib\site-packages\torch\_dynamo\convert_frame.py:2055] [0/8]    last reason: 0/7: s == -0.5  # (_dynamo\output_graph.py:3519 in remove_tensorify_specialized_graphargs)
W0922 07:01:41.039000 9172 Lib\site-packages\torch\_dynamo\convert_frame.py:2055] [0/8] To log all recompilation reasons, use TORCH_LOGS="recompiles".
W0922 07:01:41.039000 9172 Lib\site-packages\torch\_dynamo\convert_frame.py:2055] [0/8] To diagnose recompilation issues, see https://docs.pytorch.org/docs/main/user_guide/torch_compiler/compile/programming_model.recompilation.html
W0922 07:01:43.712000 9172 Lib\site-packages\torch\fx\experimental\symbolic_shapes.py:8755] [0/1] failed during evaluate_expr(ToFloat(zf72 > 0.5), hint=0.0, size_oblivious=False, forcing_spec=False
W0922 07:02:01.810000 9172 Lib\site-packages\torch\_dynamo\convert_frame.py:2055] [0/9] torch._dynamo hit config.recompile_limit (8)
W0922 07:02:01.810000 9172 Lib\site-packages\torch\_dynamo\convert_frame.py:2055] [0/9]    function: '<lambda>' (D:\wsl\personal\dr\paper\toxic_compile\plan\reports_scalar_seq\specialized_value_census_v2.py:77)
W0922 07:02:01.810000 9172 Lib\site-packages\torch\_dynamo\convert_frame.py:2055] [0/9]    last reason: 0/8: s == -0.5  # (_dynamo\output_graph.py:3519 in remove_tensorify_specialized_graphargs)
W0922 07:02:01.810000 9172 Lib\site-packages\torch\_dynamo\convert_frame.py:2055] [0/9] To log all recompilation reasons, use TORCH_LOGS="recompiles".
W0922 07:02:01.810000 9172 Lib\site-packages\torch\_dynamo\convert_frame.py:2055] [0/9] To diagnose recompilation issues, see https://docs.pytorch.org/docs/main/user_guide/torch_compiler/compile/programming_model.recompilation.html
W0922 07:02:26.943000 9172 Lib\site-packages\torch\_dynamo\convert_frame.py:2055] [0/8] torch._dynamo hit config.recompile_limit (8)
W0922 07:02:26.943000 9172 Lib\site-packages\torch\_dynamo\convert_frame.py:2055] [0/8]    function: '<lambda>' (D:\wsl\personal\dr\paper\toxic_compile\plan\reports_scalar_seq\specialized_value_census_v2.py:79)
W0922 07:02:26.943000 9172 Lib\site-packages\torch\_dynamo\convert_frame.py:2055] [0/8]    last reason: 0/7: s == -0.5  # (_dynamo\output_graph.py:3519 in remove_tensorify_specialized_graphargs)
W0922 07:02:26.943000 9172 Lib\site-packages\torch\_dynamo\convert_frame.py:2055] [0/8] To log all recompilation reasons, use TORCH_LOGS="recompiles".
W0922 07:02:26.943000 9172 Lib\site-packages\torch\_dynamo\convert_frame.py:2055] [0/8] To diagnose recompilation issues, see https://docs.pytorch.org/docs/main/user_guide/torch_compiler/compile/programming_model.recompilation.html
W0922 07:02:44.597000 9172 Lib\site-packages\torch\_dynamo\convert_frame.py:2055] [0/8] torch._dynamo hit config.recompile_limit (8)
W0922 07:02:44.597000 9172 Lib\site-packages\torch\_dynamo\convert_frame.py:2055] [0/8]    function: '<lambda>' (D:\wsl\personal\dr\paper\toxic_compile\plan\reports_scalar_seq\specialized_value_census_v2.py:80)
W0922 07:02:44.597000 9172 Lib\site-packages\torch\_dynamo\convert_frame.py:2055] [0/8]    last reason: 0/7: s == -0.5  # (_dynamo\output_graph.py:3519 in remove_tensorify_specialized_graphargs)
W0922 07:02:44.597000 9172 Lib\site-packages\torch\_dynamo\convert_frame.py:2055] [0/8] To log all recompilation reasons, use TORCH_LOGS="recompiles".
W0922 07:02:44.597000 9172 Lib\site-packages\torch\_dynamo\convert_frame.py:2055] [0/8] To diagnose recompilation issues, see https://docs.pytorch.org/docs/main/user_guide/torch_compiler/compile/programming_model.recompilation.html
