[{"stream_name":"stdout","time":20.309848112,"data":"   ©¥©¥©¥©¥©¥©¥©¥©¥©¥©¥©¥©¥©¥©¥©¥©¥©¥©¥©¥©¥©¥©¥©¥©¥©¥©¥©¥©¥©¥©¥©¥©¥©¥©¥©¥©¥©¥©¥©¥©¥ 554.6/554.6 MB 3.0 MB/s eta 0:00:00\n"}
,{"stream_name":"stdout","time":30.14088307,"data":"   ©¥©¥©¥©¥©¥©¥©¥©¥©¥©¥©¥©¥©¥©¥©¥©¥©¥©¥©¥©¥©¥©¥©¥©¥©¥©¥©¥©¥©¥©¥©¥©¥©¥©¥©¥©¥©¥©¥©¥©¥ 553.1/553.1 MB 2.8 MB/s eta 0:00:00\n"}
,{"stream_name":"stdout","time":33.50276061,"data":"   ©¥©¥©¥©¥©¥©¥©¥©¥©¥©¥©¥©¥©¥©¥©¥©¥©¥©¥©¥©¥©¥©¥©¥©¥©¥©¥©¥©¥©¥©¥©¥©¥©¥©¥©¥©¥©¥©¥©¥©¥ 170.1/170.1 MB 8.1 MB/s eta 0:00:00\n"}
,{"stream_name":"stdout","time":37.441152302,"data":"   ©¥©¥©¥©¥©¥©¥©¥©¥©¥©¥©¥©¥©¥©¥©¥©¥©¥©¥©¥©¥©¥©¥©¥©¥©¥©¥©¥©¥©¥©¥©¥©¥©¥©¥©¥©¥©¥©¥©¥©¥ 216.0/216.0 MB 6.7 MB/s eta 0:00:00\n"}
,{"stream_name":"stdout","time":39.406589408,"data":"   ©¥©¥©¥©¥©¥©¥©¥©¥©¥©¥©¥©¥©¥©¥©¥©¥©¥©¥©¥©¥©¥©¥©¥©¥©¥©¥©¥©¥©¥©¥©¥©¥©¥©¥©¥©¥©¥©¥©¥©¥ 60.4/60.4 MB 10.4 MB/s eta 0:00:00\n"}
,{"stream_name":"stdout","time":49.395819299,"data":"   ©¥©¥©¥©¥©¥©¥©¥©¥©¥©¥©¥©¥©¥©¥©¥©¥©¥©¥©¥©¥©¥©¥©¥©¥©¥©¥©¥©¥©¥©¥©¥©¥©¥©¥©¥©¥©¥©¥©¥©¥ 423.1/423.1 MB 2.7 MB/s eta 0:00:00\n"}
,{"stream_name":"stdout","time":49.597719817,"data":"   ©¥©¥©¥©¥©¥©¥©¥©¥©¥©¥©¥©¥©¥©¥©¥©¥©¥©¥©¥©¥©¥©¥©¥©¥©¥©¥©¥©¥©¥©¥©¥©¥©¥©¥©¥©¥©¥©¥©¥©¥ 10.7/10.7 MB 63.8 MB/s eta 0:00:00\n"}
,{"stream_name":"stdout","time":50.754296297,"data":"   ©¥©¥©¥©¥©¥©¥©¥©¥©¥©¥©¥©¥©¥©¥©¥©¥©¥©¥©¥©¥©¥©¥©¥©¥©¥©¥©¥©¥©¥©¥©¥©¥©¥©¥©¥©¥©¥©¥©¥©¥ 90.2/90.2 MB 13.4 MB/s eta 0:00:00\n"}
,{"stream_name":"stdout","time":50.814661872,"data":"   ©¥©¥©¥©¥©¥©¥©¥©¥©¥©¥©¥©¥©¥©¥©¥©¥©¥©¥©¥©¥©¥©¥©¥©¥©¥©¥©¥©¥©¥©¥©¥©¥©¥©¥©¥©¥©¥©¥©¥©¥ 2.2/2.2 MB 55.1 MB/s eta 0:00:00\n"}
,{"stream_name":"stdout","time":53.15748108,"data":"   ©¥©¥©¥©¥©¥©¥©¥©¥©¥©¥©¥©¥©¥©¥©¥©¥©¥©¥©¥©¥©¥©¥©¥©¥©¥©¥©¥©¥©¥©¥©¥©¥©¥©¥©¥©¥©¥©¥©¥©¥ 214.1/214.1 MB 8.5 MB/s eta 0:00:00\n"}
,{"stream_name":"stdout","time":53.202646591,"data":"   ©¥©¥©¥©¥©¥©¥©¥©¥©¥©¥©¥©¥©¥©¥©¥©¥©¥©¥©¥©¥©¥©¥©¥©¥©¥©¥©¥©¥©¥©¥©¥©¥©¥©¥©¥©¥©¥©¥©¥©¥ 1.2/1.2 MB 44.1 MB/s eta 0:00:00\n"}
,{"stream_name":"stdout","time":53.907177848,"data":"   ©¥©¥©¥©¥©¥©¥©¥©¥©¥©¥©¥©¥©¥©¥©¥©¥©¥©¥©¥©¥©¥©¥©¥©¥©¥©¥©¥©¥©¥©¥©¥©¥©¥©¥©¥©¥©¥©¥©¥©¥ 59.5/59.5 MB 32.4 MB/s eta 0:00:00\n"}
,{"stream_name":"stdout","time":56.459471885,"data":"   ©¥©¥©¥©¥©¥©¥©¥©¥©¥©¥©¥©¥©¥©¥©¥©¥©¥©¥©¥©¥©¥©¥©¥©¥©¥©¥©¥©¥©¥©¥©¥©¥©¥©¥©¥©¥©¥©¥©¥©¥ 200.9/200.9 MB 7.4 MB/s eta 0:00:00\n"}
,{"stream_name":"stdout","time":59.380986234,"data":"   ©¥©¥©¥©¥©¥©¥©¥©¥©¥©¥©¥©¥©¥©¥©¥©¥©¥©¥©¥©¥©¥©¥©¥©¥©¥©¥©¥©¥©¥©¥©¥©¥©¥©¥©¥©¥©¥©¥©¥©¥ 145.9/145.9 MB 4.7 MB/s eta 0:00:00\n"}
,{"stream_name":"stdout","time":59.422271583,"data":"   ©¥©¥©¥©¥©¥©¥©¥©¥©¥©¥©¥©¥©¥©¥©¥©¥©¥©¥©¥©¥©¥©¥©¥©¥©¥©¥©¥©¥©¥©¥©¥©¥©¥©¥©¥©¥©¥©¥©¥©¥ 148.0/148.0 kB 6.0 MB/s eta 0:00:00\n"}
,{"stream_name":"stdout","time":59.53814445,"data":"   ©¥©¥©¥©¥©¥©¥©¥©¥©¥©¥©¥©¥©¥©¥©¥©¥©¥©¥©¥©¥©¥©¥©¥©¥©¥©¥©¥©¥©¥©¥©¥©¥©¥©¥©¥©¥©¥©¥©¥©¥ 7.2/7.2 MB 74.3 MB/s eta 0:00:00\n"}
,{"stream_name":"stdout","time":64.604965444,"data":"   ©¥©¥©¥©¥©¥©¥©¥©¥©¥©¥©¥©¥©¥©¥©¥©¥©¥©¥©¥©¥©¥©¥©¥©¥©¥©¥©¥©¥©¥©¥©¥©¥©¥©¥©¥©¥©¥©¥©¥©¥ 248.0/248.0 MB 4.5 MB/s eta 0:00:00\n"}
,{"stream_name":"stdout","time":65.165513001,"data":"   ©¥©¥©¥©¥©¥©¥©¥©¥©¥©¥©¥©¥©¥©¥©¥©¥©¥©¥©¥©¥©¥©¥©¥©¥©¥©¥©¥©¥©¥©¥©¥©¥©¥©¥©¥©¥©¥©¥©¥©¥ 42.5/42.5 MB 47.2 MB/s eta 0:00:00\n"}
,{"stream_name":"stderr","time":202.995078934,"data":"ERROR: pip's dependency resolver does not currently take into account all the packages that are installed. This behaviour is the source of the following dependency conflicts.\n"}
,{"stream_name":"stderr","time":202.995142069,"data":"libcuml-cu12 26.2.0 requires cuda-toolkit[cublas,cufft,curand,cusolver,cusparse]==12.*, but you have cuda-toolkit 13.0.3.0 which is incompatible.\n"}
,{"stream_name":"stderr","time":202.995165035,"data":"cuml-cu12 26.2.0 requires cuda-toolkit[cublas,cufft,curand,cusolver,cusparse]==12.*, but you have cuda-toolkit 13.0.3.0 which is incompatible.\n"}
,{"stream_name":"stderr","time":202.995172104,"data":"cuda-python 12.9.4 requires cuda-bindings~=12.9.4, but you have cuda-bindings 13.4.2 which is incompatible.\n"}
,{"stream_name":"stderr","time":202.995177949,"data":"torchaudio 2.10.0+cu128 requires torch==2.10.0, but you have torch 2.14.0 which is incompatible.\n"}
,{"stream_name":"stderr","time":202.995184037,"data":"torchvision 0.25.0+cu128 requires torch==2.10.0, but you have torch 2.14.0 which is incompatible.\n"}
,{"stream_name":"stderr","time":202.995189915,"data":"cudf-cu12 26.2.1 requires cuda-toolkit[nvcc,nvrtc]==12.*, but you have cuda-toolkit 13.0.3.0 which is incompatible.\n"}
,{"stream_name":"stderr","time":202.995195127,"data":"libcuvs-cu12 26.2.0 requires cuda-toolkit[cublas,curand,cusolver,cusparse]==12.*, but you have cuda-toolkit 13.0.3.0 which is incompatible.\n"}
,{"stream_name":"stderr","time":202.995200581,"data":"libraft-cu12 26.2.0 requires cuda-toolkit[cublas,curand,cusolver,cusparse]==12.*, but you have cuda-toolkit 13.0.3.0 which is incompatible.\n"}
,{"stream_name":"stdout","time":207.268569716,"data":"   ©¥©¥©¥©¥©¥©¥©¥©¥©¥©¥©¥©¥©¥©¥©¥©¥©¥©¥©¥©¥©¥©¥©¥©¥©¥©¥©¥©¥©¥©¥©¥©¥©¥©¥©¥©¥©¥©¥©¥©¥ 1.2/1.2 MB 18.5 MB/s eta 0:00:00\n"}
,{"stream_name":"stdout","time":925.097675977,"data":"661s)\n"}
,{"stream_name":"stdout","time":925.097734176,"data":"[1189/3207] ok           nn.functional.softsign float32 (1s, total 662s)\n"}
,{"stream_name":"stdout","time":925.097740805,"data":"[1190/3207] ok           nn.functional.softsign float16 (0s, total 662s)\n"}
,{"stream_name":"stdout","time":925.097745284,"data":"[1191/3207] ok           nn.functional.softsign bfloat16 (0s, total 662s)\n"}
,{"stream_name":"stdout","time":925.097749443,"data":"[1192/3207] ok           nn.functional.softsign int8 (0s, total 663s)\n"}
,{"stream_name":"stdout","time":925.097754815,"data":"[1193/3207] ok           nn.functional.softsign uint8 (1s, total 663s)\n"}
,{"stream_name":"stdout","time":925.097759859,"data":"[1194/3207] ok           nn.functional.softsign int16 (1s, total 664s)\n"}
,{"stream_name":"stdout","time":925.097764289,"data":"[1195/3207] ok           nn.functional.softsign int32 (0s, total 664s)\n"}
,{"stream_name":"stdout","time":925.097768596,"data":"[1196/3207] ok           nn.functional.softsign bool (0s, total 665s)\n"}
,{"stream_name":"stdout","time":925.097772587,"data":"[1197/3207] ok           nn.functional.tanhshrink float32 (1s, total 665s)\n"}
,{"stream_name":"stdout","time":925.097777819,"data":"[1198/3207] ok           nn.functional.tanhshrink float16 (1s, total 666s)\n"}
,{"stream_name":"stdout","time":925.097782059,"data":"[1199/3207] ok           nn.functional.tanhshrink bfloat16 (0s, total 666s)\n"}
,{"stream_name":"stdout","time":925.097786767,"data":"[1200/3207] ok           nn.functional.tanhshrink int8 (1s, total 666s)\n"}
,{"stream_name":"stdout","time":925.097791814,"data":"[1201/3207] ok           nn.functional.tanhshrink uint8 (1s, total 667s)\n"}
,{"stream_name":"stdout","time":925.097796213,"data":"[1202/3207] ok           nn.functional.tanhshrink int16 (1s, total 668s)\n"}
,{"stream_name":"stdout","time":925.097820127,"data":"[1203/3207] ok           nn.functional.tanhshrink int32 (1s, total 668s)\n"}
,{"stream_name":"stdout","time":925.097824127,"data":"[1204/3207] ok           nn.functional.threshold float32 (1s, total 669s)\n"}
,{"stream_name":"stdout","time":925.097827262,"data":"[1205/3207] ok           nn.functional.threshold float16 (1s, total 669s)\n"}
,{"stream_name":"stdout","time":925.097830429,"data":"[1206/3207] ok           nn.functional.threshold bfloat16 (0s, total 670s)\n"}
,{"stream_name":"stdout","time":925.09783397,"data":"[1207/3207] ok           nn.functional.threshold int8 (1s, total 670s)\n"}
,{"stream_name":"stdout","time":925.097837392,"data":"[1208/3207] ok           nn.functional.threshold uint8 (1s, total 671s)\n"}
,{"stream_name":"stdout","time":925.097841231,"data":"[1209/3207] ok           nn.functional.threshold int16 (1s, total 671s)\n"}
,{"stream_name":"stdout","time":925.097845132,"data":"[1210/3207] ok           nn.functional.threshold int32 (1s, total 672s)\n"}
,{"stream_name":"stdout","time":925.097849012,"data":"[1211/3207] ok           nn.functional.triplet_margin_loss float32 (1s, total 673s)\n"}
,{"stream_name":"stdout","time":925.097852777,"data":"[1212/3207] ok           nn.functional.triplet_margin_loss float16 (1s, total 674s)\n"}
,{"stream_name":"stdout","time":925.097856504,"data":"[1213/3207] ok           nn.functional.triplet_margin_loss bfloat16 (1s, total 675s)\n"}
,{"stream_name":"stdout","time":925.097860079,"data":"[1214/3207] ok           nn.functional.triplet_margin_loss int8 (1s, total 676s)\n"}
,{"stream_name":"stdout","time":925.097863796,"data":"[1215/3207] ok           nn.functional.triplet_margin_loss uint8 (1s, total 677s)\n"}
,{"stream_name":"stdout","time":925.097869004,"data":"[1216/3207] ok           nn.functional.triplet_margin_loss int16 (1s, total 678s)\n"}
,{"stream_name":"stdout","time":925.097873105,"data":"[1217/3207] ok           nn.functional.triplet_margin_loss int32 (1s, total 679s)\n"}
,{"stream_name":"stdout","time":925.097876864,"data":"[1218/3207] ok           nn.functional.triplet_margin_with_distance_loss float32 (1s, total 680s)\n"}
,{"stream_name":"stdout","time":925.097880836,"data":"[1219/3207] ok           nn.functional.triplet_margin_with_distance_loss float16 (1s, total 681s)\n"}
,{"stream_name":"stdout","time":925.097884621,"data":"[1220/3207] ok           nn.functional.triplet_margin_with_distance_loss bfloat16 (1s, total 682s)\n"}
,{"stream_name":"stdout","time":925.097888495,"data":"[1221/3207] ok           nn.functional.triplet_margin_with_distance_loss int8 (1s, total 683s)\n"}
,{"stream_name":"stdout","time":925.097892447,"data":"[1222/3207] ok           nn.functional.triplet_margin_with_distance_loss uint8 (1s, total 683s)\n"}
,{"stream_name":"stdout","time":925.09789591,"data":"[1223/3207] ok           nn.functional.triplet_margin_with_distance_loss int16 (1s, total 684s)\n"}
,{"stream_name":"stdout","time":925.097899335,"data":"[1224/3207] ok           nn.functional.triplet_margin_with_distance_loss int32 (1s, total 685s)\n"}
,{"stream_name":"stdout","time":925.097903286,"data":"[1225/3207] ok           nextafter float32 (1s, total 686s)\n"}
,{"stream_name":"stdout","time":925.097907208,"data":"[1226/3207] ok           nextafter float16 (1s, total 687s)\n"}
,{"stream_name":"stdout","time":925.097911644,"data":"[1227/3207] ok           nextafter bfloat16 (0s, total 687s)\n"}
,{"stream_name":"stdout","time":925.097916065,"data":"[1228/3207] ok           to float32 (1s, total 688s)\n"}
,{"stream_name":"stdout","time":925.097920839,"data":"[1229/3207] ok           to float16 (2s, total 689s)\n"}
,{"stream_name":"stdout","time":925.097925584,"data":"[1230/3207] ok           to bfloat16 (0s, total 689s)\n"}
,{"stream_name":"stdout","time":925.097955072,"data":"[1231/3207] ok           to int8 (1s, total 690s)\n"}
,{"stream_name":"stdout","time":925.097960404,"data":"[1232/3207] ok           to uint8 (1s, total 691s)\n"}
,{"stream_name":"stdout","time":925.097968805,"data":"[1233/3207] ok           to int16 (1s, total 691s)\n"}
,{"stream_name":"stdout","time":925.097973907,"data":"[1234/3207] ok           to int32 (1s, total 692s)\n"}
,{"stream_name":"stdout","time":925.097979092,"data":"[1235/3207] ok           to bool (1s, total 693s)\n"}
,{"stream_name":"stdout","time":925.097984092,"data":"[1236/3207] DIFF:VALUE   nn.functional.batch_norm float32 (2s, total 694s)\n"}
,{"stream_name":"stdout","time":925.097989146,"data":"[1237/3207] ok           nn.functional.batch_norm float16 (2s, total 696s)\n"}
,{"stream_name":"stdout","time":925.097994469,"data":"[1238/3207] ok           nn.functional.batch_norm bfloat16 (1s, total 697s)\n"}
,{"stream_name":"stdout","time":925.097999125,"data":"[1239/3207] DIFF:VALUE   nn.functional.batch_norm float32 (0s, total 697s)\n"}
,{"stream_name":"stdout","time":925.098003047,"data":"[1240/3207] ok           nn.functional.batch_norm float16 (0s, total 697s)\n"}
,{"stream_name":"stdout","time":925.098007099,"data":"[1241/3207] ok           nn.functional.batch_norm bfloat16 (1s, total 698s)\n"}
,{"stream_name":"stdout","time":925.098010635,"data":"sticky CUDA error in compiled nn.functional.binary_cross_entropy torch.float32 -\u003e restart\n"}
,{"stream_name":"stdout","time":925.098015007,"data":"\n"}
,{"stream_name":"stdout","time":925.098018459,"data":"exit 3 serWarning: Tesla T4 does not support bfloat16 compilation natively, skipping\n"}
,{"stream_name":"stdout","time":925.09802287,"data":"  warnings.warn(\n"}
,{"stream_name":"stdout","time":925.098026405,"data":"/usr/local/lib/python3.12/dist-packages/torch/_inductor/compile_fx.py:3403: UserWarning: Tesla T4 does not support bfloat16 compilation natively, skipping\n"}
,{"stream_name":"stdout","time":925.098030373,"data":"  warnings.warn(\n"}
,{"stream_name":"stdout","time":925.098034081,"data":"/usr/local/lib/python3.12/dist-packages/torch/_inductor/compile_fx.py:3403: UserWarning: Tesla T4 does not support bfloat16 compilation natively, skipping\n"}
,{"stream_name":"stdout","time":925.098038474,"data":"  warnings.warn(\n"}
,{"stream_name":"stdout","time":925.09804241,"data":"/__w/pytorch/pytorch/aten/src/ATen/native/cuda/Loss.cu:89: operator(): block: [0,0,0], thread: [3,0,0] Assertion `input_val \u003e= zero \u0026\u0026 input_val \u003c= one` failed.\n"}
,{"stream_name":"stdout","time":925.098046637,"data":"\n"}
,{"stream_name":"stdout","time":936.346742429,"data":"torch 2.14.0+cu130: 530 ops, 3207 (op, dtype) in shard 0/1, 1962 to do\n"}
,{"stream_name":"stdout","time":936.346785603,"data":"sticky CUDA error in compiled nn.functional.binary_cross_entropy torch.float16 -\u003e restart\n"}
,{"stream_name":"stdout","time":936.346791056,"data":"\n"}
,{"stream_name":"stdout","time":936.346810519,"data":"exit 3 /__w/pytorch/pytorch/aten/src/ATen/native/cuda/Loss.cu:89: operator(): block: [0,0,0], thread: [3,0,0] Assertion `input_val \u003e= zero \u0026\u0026 input_val \u003c= one` failed.\n"}
,{"stream_name":"stdout","time":936.346819056,"data":"\n"}
,{"stream_name":"stdout","time":947.091271456,"data":"torch 2.14.0+cu130: 530 ops, 3207 (op, dtype) in shard 0/1, 1961 to do\n"}
,{"stream_name":"stdout","time":947.091319362,"data":"sticky CUDA error in compiled nn.functional.binary_cross_entropy torch.bfloat16 -\u003e restart\n"}
,{"stream_name":"stdout","time":947.09134143,"data":"\n"}
,{"stream_name":"stdout","time":947.091347675,"data":"exit 3 /usr/local/lib/python3.12/dist-packages/torch/_inductor/compile_fx.py:3403: UserWarning: Tesla T4 does not support bfloat16 compilation natively, skipping\n"}
,{"stream_name":"stdout","time":947.091379834,"data":"  warnings.warn(\n"}
,{"stream_name":"stdout","time":947.091386084,"data":"/usr/local/lib/python3.12/dist-packages/torch/_inductor/compile_fx.py:3403: UserWarning: Tesla T4 does not support bfloat16 compilation natively, skipping\n"}
,{"stream_name":"stdout","time":947.091393013,"data":"  warnings.warn(\n"}
,{"stream_name":"stdout","time":947.091398892,"data":"/__w/pytorch/pytorch/aten/src/ATen/native/cuda/Loss.cu:89: operator(): block: [0,0,0], thread: [3,0,0] Assertion `input_val \u003e= zero \u0026\u0026 input_val \u003c= one` failed.\n"}
,{"stream_name":"stdout","time":947.091405712,"data":"\n"}
,{"stream_name":"stdout","time":1201.011530055,"data":"at32 (0s, total 227s)\n"}
,{"stream_name":"stdout","time":1201.011584047,"data":"[574/1960] ok           reshape_as float16 (0s, total 227s)\n"}
,{"stream_name":"stdout","time":1201.011591382,"data":"[575/1960] ok           reshape_as bfloat16 (0s, total 228s)\n"}
,{"stream_name":"stdout","time":1201.011598081,"data":"[576/1960] ok           reshape_as int8 (0s, total 228s)\n"}
,{"stream_name":"stdout","time":1201.011604965,"data":"[577/1960] ok           reshape_as uint8 (0s, total 228s)\n"}
,{"stream_name":"stdout","time":1201.011610657,"data":"[578/1960] ok           reshape_as int16 (0s, total 229s)\n"}
,{"stream_name":"stdout","time":1201.011616163,"data":"[579/1960] ok           reshape_as int32 (0s, total 229s)\n"}
,{"stream_name":"stdout","time":1201.011621585,"data":"[580/1960] ok           reshape_as bool (0s, total 229s)\n"}
,{"stream_name":"stdout","time":1201.011627549,"data":"[581/1960] ok           view float32 (0s, total 229s)\n"}
,{"stream_name":"stdout","time":1201.011633059,"data":"[582/1960] ok           view float16 (0s, total 230s)\n"}
,{"stream_name":"stdout","time":1201.011639093,"data":"[583/1960] ok           view bfloat16 (0s, total 230s)\n"}
,{"stream_name":"stdout","time":1201.011644505,"data":"[584/1960] ok           view int8 (0s, total 230s)\n"}
,{"stream_name":"stdout","time":1201.011650174,"data":"[585/1960] ok           view uint8 (0s, total 230s)\n"}
,{"stream_name":"stdout","time":1201.011655811,"data":"[586/1960] ok           view int16 (0s, total 231s)\n"}
,{"stream_name":"stdout","time":1201.011662072,"data":"[587/1960] ok           view int32 (0s, total 231s)\n"}
,{"stream_name":"stdout","time":1201.011667835,"data":"[588/1960] ok           view bool (0s, total 231s)\n"}
,{"stream_name":"stdout","time":1201.011673278,"data":"[589/1960] ok           view_as float32 (0s, total 232s)\n"}
,{"stream_name":"stdout","time":1201.011678883,"data":"[590/1960] ok           view_as float16 (0s, total 232s)\n"}
,{"stream_name":"stdout","time":1201.011685011,"data":"[591/1960] ok           view_as bfloat16 (0s, total 232s)\n"}
,{"stream_name":"stdout","time":1201.011690767,"data":"[592/1960] ok           view_as int8 (0s, total 232s)\n"}
,{"stream_name":"stdout","time":1201.011696301,"data":"[593/1960] ok           view_as uint8 (0s, total 233s)\n"}
,{"stream_name":"stdout","time":1201.011701863,"data":"[594/1960] ok           view_as int16 (0s, total 233s)\n"}
,{"stream_name":"stdout","time":1201.011707809,"data":"[595/1960] ok           view_as int32 (0s, total 233s)\n"}
,{"stream_name":"stdout","time":1201.011712924,"data":"[596/1960] ok           view_as bool (0s, total 233s)\n"}
,{"stream_name":"stdout","time":1201.011719135,"data":"[597/1960] ok           atleast_1d float32 (0s, total 234s)\n"}
,{"stream_name":"stdout","time":1201.011724735,"data":"[598/1960] ok           atleast_1d float16 (0s, total 234s)\n"}
,{"stream_name":"stdout","time":1201.011746981,"data":"[599/1960] ok           atleast_1d bfloat16 (0s, total 234s)\n"}
,{"stream_name":"stdout","time":1201.011751621,"data":"[600/1960] ok           atleast_1d int8 (0s, total 234s)\n"}
,{"stream_name":"stdout","time":1201.011755782,"data":"[601/1960] ok           atleast_1d uint8 (0s, total 234s)\n"}
,{"stream_name":"stdout","time":1201.011760033,"data":"[602/1960] ok           atleast_1d int16 (0s, total 235s)\n"}
,{"stream_name":"stdout","time":1201.011764339,"data":"[603/1960] ok           atleast_1d int32 (0s, total 235s)\n"}
,{"stream_name":"stdout","time":1201.011768567,"data":"[604/1960] ok           atleast_1d bool (1s, total 236s)\n"}
,{"stream_name":"stdout","time":1201.011772665,"data":"[605/1960] ok           atleast_2d float32 (0s, total 236s)\n"}
,{"stream_name":"stdout","time":1201.011777495,"data":"[606/1960] ok           atleast_2d float16 (0s, total 236s)\n"}
,{"stream_name":"stdout","time":1201.01178183,"data":"[607/1960] ok           atleast_2d bfloat16 (0s, total 236s)\n"}
,{"stream_name":"stdout","time":1201.011786309,"data":"[608/1960] ok           atleast_2d int8 (0s, total 236s)\n"}
,{"stream_name":"stdout","time":1201.011792565,"data":"[609/1960] ok           atleast_2d uint8 (0s, total 237s)\n"}
,{"stream_name":"stdout","time":1201.011797197,"data":"[610/1960] ok           atleast_2d int16 (0s, total 237s)\n"}
,{"stream_name":"stdout","time":1201.011802057,"data":"[611/1960] ok           atleast_2d int32 (0s, total 237s)\n"}
,{"stream_name":"stdout","time":1201.011806535,"data":"[612/1960] ok           atleast_2d bool (0s, total 237s)\n"}
,{"stream_name":"stdout","time":1201.011811383,"data":"[613/1960] ok           atleast_3d float32 (0s, total 237s)\n"}
,{"stream_name":"stdout","time":1201.011816375,"data":"[614/1960] ok           atleast_3d float16 (0s, total 238s)\n"}
,{"stream_name":"stdout","time":1201.011821005,"data":"[615/1960] ok           atleast_3d bfloat16 (0s, total 238s)\n"}
,{"stream_name":"stdout","time":1201.011825327,"data":"[616/1960] ok           atleast_3d int8 (0s, total 238s)\n"}
,{"stream_name":"stdout","time":1201.011829691,"data":"[617/1960] ok           atleast_3d uint8 (0s, total 238s)\n"}
,{"stream_name":"stdout","time":1201.011834031,"data":"[618/1960] ok           atleast_3d int16 (0s, total 239s)\n"}
,{"stream_name":"stdout","time":1201.011838653,"data":"[619/1960] ok           atleast_3d int32 (0s, total 239s)\n"}
,{"stream_name":"stdout","time":1201.011842524,"data":"[620/1960] ok           atleast_3d bool (0s, total 239s)\n"}
,{"stream_name":"stdout","time":1201.011846867,"data":"[621/1960] ok           flatten float32 (0s, total 239s)\n"}
,{"stream_name":"stdout","time":1201.01185113,"data":"[622/1960] ok           flatten float16 (0s, total 240s)\n"}
,{"stream_name":"stdout","time":1201.011855797,"data":"[623/1960] ok           flatten bfloat16 (0s, total 240s)\n"}
,{"stream_name":"stdout","time":1201.011860227,"data":"[624/1960] ok           flatten int8 (0s, total 240s)\n"}
,{"stream_name":"stdout","time":1201.011864462,"data":"[625/1960] ok           flatten uint8 (0s, total 240s)\n"}
,{"stream_name":"stdout","time":1201.011868861,"data":"[626/1960] ok           flatten int16 (0s, total 241s)\n"}
,{"stream_name":"stdout","time":1201.011873039,"data":"[627/1960] ok           flatten int32 (0s, total 241s)\n"}
,{"stream_name":"stdout","time":1201.011877626,"data":"[628/1960] ok           flatten bool (0s, total 241s)\n"}
,{"stream_name":"stdout","time":1201.011881576,"data":"[629/1960] ok           unflatten float32 (0s, total 242s)\n"}
,{"stream_name":"stdout","time":1201.011885763,"data":"[630/1960] ok           unflatten float16 (0s, total 242s)\n"}
,{"stream_name":"stdout","time":1201.011895024,"data":"[631/1960] ok           unflatten bfloat16 (0s, total 242s)\n"}
,{"stream_name":"stdout","time":1201.011899875,"data":"[632/1960] ok           unflatten int8 (0s, total 243s)\n"}
,{"stream_name":"stdout","time":1201.011904515,"data":"[633/1960] ok           unflatten uint8 (0s, total 243s)\n"}
,{"stream_name":"stdout","time":1201.011909074,"data":"[634/1960] ok           unflatten int16 (0s, total 243s)\n"}
,{"stream_name":"stdout","time":1201.011913867,"data":"[635/1960] ok           unflatten int32 (0s, total 243s)\n"}
,{"stream_name":"stdout","time":1201.011918074,"data":"[636/1960] ok           unflatten bool (0s, total 244s)\n"}
,{"stream_name":"stdout","time":1201.011923155,"data":"[637/1960] ok           gather float32 (1s, total 244s)\n"}
,{"stream_name":"stdout","time":1201.011927439,"data":"[638/1960] ok           gather float16 (1s, total 245s)\n"}
,{"stream_name":"stdout","time":1201.013023495,"data":"[639/1960] ok           gather bfloat16 (0s, total 245s)\n"}
,{"stream_name":"stdout","time":1201.013029231,"data":"[640/1960] ok           gather int8 (1s, total 246s)\n"}
,{"stream_name":"stdout","time":1201.013034171,"data":"[641/1960] ok           gather uint8 (1s, total 247s)\n"}
,{"stream_name":"stdout","time":1201.013038384,"data":"[642/1960] ok           gather int16 (1s, total 247s)\n"}
,{"stream_name":"stdout","time":1201.013042525,"data":"sticky CUDA error in compiled gather torch.int32 -\u003e restart\n"}
,{"stream_name":"stdout","time":1201.013051922,"data":"\n"}
,{"stream_name":"stdout","time":1201.013055933,"data":"exit 3 3: operator(): block: [0,0,0], thread: [20,0,0] Assertion `idx_dim \u003e= 0 \u0026\u0026 idx_dim \u003c index_size \u0026\u0026 \"scatter gather kernel index out of bounds\"` failed.\n"}
,{"stream_name":"stdout","time":1201.013066676,"data":"/__w/pytorch/pytorch/aten/src/ATen/native/cuda/ScatterGatherKernel.cu:203: operator(): block: [0,0,0], thread: [21,0,0] Assertion `idx_dim \u003e= 0 \u0026\u0026 idx_dim \u003c index_size \u0026\u0026 \"scatter gather kernel index out of bounds\"` failed.\n"}
,{"stream_name":"stdout","time":1201.013072014,"data":"/__w/pytorch/pytorch/aten/src/ATen/native/cuda/ScatterGatherKernel.cu:203: operator(): block: [0,0,0], thread: [24,0,0] Assertion `idx_dim \u003e= 0 \u0026\u0026 idx_dim \u003c index_size \u0026\u0026 \"scatter gather kernel index out of bounds\"` failed.\n"}
,{"stream_name":"stdout","time":1201.01307747,"data":"\n"}
,{"stream_name":"stdout","time":1251.664014747,"data":"530 ops, 3207 (op, dtype) in shard 0/1, 1317 to do\n"}
,{"stream_name":"stdout","time":1251.664271087,"data":"[1/1317] ok           gather bool (5s, total 5s)\n"}
,{"stream_name":"stdout","time":1251.66428901,"data":"[2/1317] ok           index_fill float32 (1s, total 6s)\n"}
,{"stream_name":"stdout","time":1251.664294726,"data":"[3/1317] ok           index_fill float16 (1s, total 7s)\n"}
,{"stream_name":"stdout","time":1251.664299259,"data":"[4/1317] ok           index_fill bfloat16 (0s, total 7s)\n"}
,{"stream_name":"stdout","time":1251.664304093,"data":"[5/1317] ok           index_fill int8 (1s, total 8s)\n"}
,{"stream_name":"stdout","time":1251.664308863,"data":"[6/1317] ok           index_fill uint8 (1s, total 8s)\n"}
,{"stream_name":"stdout","time":1251.664313829,"data":"[7/1317] ok           index_fill int16 (1s, total 9s)\n"}
,{"stream_name":"stdout","time":1251.664318247,"data":"[8/1317] ok           index_fill int32 (1s, total 10s)\n"}
,{"stream_name":"stdout","time":1251.664322903,"data":"[9/1317] ok           index_fill bool (1s, total 10s)\n"}
,{"stream_name":"stdout","time":1251.664327901,"data":"[10/1317] ok           index_copy float32 (1s, total 11s)\n"}
,{"stream_name":"stdout","time":1251.664347828,"data":"[11/1317] ok           index_copy float16 (1s, total 12s)\n"}
,{"stream_name":"stdout","time":1251.664351626,"data":"[12/1317] ok           index_copy bfloat16 (0s, total 12s)\n"}
,{"stream_name":"stdout","time":1251.664355229,"data":"[13/1317] ok           index_copy int8 (1s, total 13s)\n"}
,{"stream_name":"stdout","time":1251.664358443,"data":"[14/1317] ok           index_copy uint8 (1s, total 13s)\n"}
,{"stream_name":"stdout","time":1251.664361983,"data":"[15/1317] ok           index_copy int16 (1s, total 14s)\n"}
,{"stream_name":"stdout","time":1251.664365816,"data":"[16/1317] ok           index_copy int32 (1s, total 15s)\n"}
,{"stream_name":"stdout","time":1251.664369732,"data":"[17/1317] ok           index_copy bool (1s, total 16s)\n"}
,{"stream_name":"stdout","time":1251.664373196,"data":"[18/1317] ok           index_select float32 (1s, total 16s)\n"}
,{"stream_name":"stdout","time":1251.664377105,"data":"[19/1317] ok           index_select float16 (1s, total 17s)\n"}
,{"stream_name":"stdout","time":1251.664380738,"data":"[20/1317] ok           index_select bfloat16 (0s, total 17s)\n"}
,{"stream_name":"stdout","time":1251.664384616,"data":"[21/1317] ok           index_select int8 (1s, total 18s)\n"}
,{"stream_name":"stdout","time":1251.66438843,"data":"[22/1317] ok           index_select uint8 (1s, total 19s)\n"}
,{"stream_name":"stdout","time":1251.664391935,"data":"[23/1317] ok           index_select int16 (1s, total 19s)\n"}
,{"stream_name":"stdout","time":1251.664395353,"data":"[24/1317] ok           index_select int32 (1s, total 20s)\n"}
,{"stream_name":"stdout","time":1251.664398849,"data":"[25/1317] ok           index_select bool (1s, total 21s)\n"}
,{"stream_name":"stdout","time":1251.664402291,"data":"[26/1317] ok           index_add float32 (1s, total 22s)\n"}
,{"stream_name":"stdout","time":1251.664405759,"data":"[27/1317] ok           index_add float16 (1s, total 22s)\n"}
,{"stream_name":"stdout","time":1251.664409615,"data":"[28/1317] ok           index_add bfloat16 (0s, total 23s)\n"}
,{"stream_name":"stdout","time":1251.664413215,"data":"[29/1317] ok           index_add int8 (0s, total 23s)\n"}
,{"stream_name":"stdout","time":1251.664416546,"data":"[30/1317] ok           index_add uint8 (0s, total 23s)\n"}
,{"stream_name":"stdout","time":1251.664419803,"data":"[31/1317] ok           index_add int16 (0s, total 24s)\n"}
,{"stream_name":"stdout","time":1251.664423505,"data":"[32/1317] ok           index_add int32 (1s, total 25s)\n"}
,{"stream_name":"stdout","time":1251.664426987,"data":"[33/1317] ok           index_add bool (1s, total 25s)\n"}
,{"stream_name":"stdout","time":1251.664430786,"data":"[34/1317] ok           __getitem__ float32 (0s, total 26s)\n"}
,{"stream_name":"stdout","time":1251.664434289,"data":"[35/1317] ok           __getitem__ float16 (0s, total 26s)\n"}
,{"stream_name":"stdout","time":1251.664442152,"data":"[36/1317] ok           __getitem__ bfloat16 (0s, total 26s)\n"}
,{"stream_name":"stdout","time":1251.664445801,"data":"[37/1317] ok           __getitem__ int8 (0s, total 27s)\n"}
,{"stream_name":"stdout","time":1251.66444944,"data":"[38/1317] ok           __getitem__ uint8 (0s, total 27s)\n"}
,{"stream_name":"stdout","time":1251.664452929,"data":"[39/1317] ok           __getitem__ int16 (0s, total 27s)\n"}
,{"stream_name":"stdout","time":1251.664472195,"data":"[40/1317] ok           __getitem__ int32 (0s, total 28s)\n"}
,{"stream_name":"stdout","time":1251.664476223,"data":"[41/1317] ok           __getitem__ bool (0s, total 28s)\n"}
,{"stream_name":"stdout","time":1251.664479804,"data":"[42/1317] ok           index_put float32 (1s, total 29s)\n"}
,{"stream_name":"stdout","time":1251.664483245,"data":"[43/1317] ok           index_put float16 (1s, total 29s)\n"}
,{"stream_name":"stdout","time":1251.664492051,"data":"[44/1317] ok           index_put bfloat16 (0s, total 30s)\n"}
,{"stream_name":"stdout","time":1251.664495431,"data":"[45/1317] ok           index_put int8 (1s, total 30s)\n"}
,{"stream_name":"stdout","time":1251.664498879,"data":"[46/1317] ok           index_put uint8 (1s, total 31s)\n"}
,{"stream_name":"stdout","time":1251.664502461,"data":"[47/1317] ok           index_put int16 (1s, total 31s)\n"}
,{"stream_name":"stdout","time":1251.66450611,"data":"[48/1317] ok           index_put int32 (1s, total 32s)\n"}
,{"stream_name":"stdout","time":1251.664509797,"data":"[49/1317] ok           index_put bool (1s, total 32s)\n"}
,{"stream_name":"stdout","time":1251.664513512,"data":"[50/1317] ok           put float32 (1s, total 33s)\n"}
,{"stream_name":"stdout","time":1251.664517353,"data":"[51/1317] DIFF:SIGNZERO put float16 (1s, total 34s)\n"}
,{"stream_name":"stdout","time":1251.664521129,"data":"[52/1317] ok           put bfloat16 (0s, total 34s)\n"}
,{"stream_name":"stdout","time":1251.664524201,"data":"[53/1317] ok           put int8 (1s, total 35s)\n"}
,{"stream_name":"stdout","time":1251.664527895,"data":"[54/1317] ok           put uint8 (1s, total 36s)\n"}
,{"stream_name":"stdout","time":1251.664531156,"data":"[55/1317] ok           put int16 (1s, total 36s)\n"}
,{"stream_name":"stdout","time":1251.66453452,"data":"[56/1317] ok           put int32 (1s, total 37s)\n"}
,{"stream_name":"stdout","time":1251.664537981,"data":"[57/1317] ok           put bool (1s, total 37s)\n"}
,{"stream_name":"stdout","time":1251.664541535,"data":"[58/1317] ok           take float32 (0s, total 38s)\n"}
,{"stream_name":"stdout","time":1251.664545116,"data":"[59/1317] ok           take float16 (0s, total 38s)\n"}
,{"stream_name":"stdout","time":1251.664548718,"data":"[60/1317] ok           take bfloat16 (0s, total 38s)\n"}
,{"stream_name":"stdout","time":1251.664552283,"data":"[61/1317] ok           take int8 (0s, total 39s)\n"}
,{"stream_name":"stdout","time":1251.664555929,"data":"[62/1317] ok           take uint8 (0s, total 39s)\n"}
,{"stream_name":"stdout","time":1251.664559469,"data":"[63/1317] ok           take int16 (0s, total 40s)\n"}
,{"stream_name":"stdout","time":1251.664562839,"data":"[64/1317] ok           take int32 (0s, total 40s)\n"}
,{"stream_name":"stdout","time":1251.664566333,"data":"[65/1317] ok           take bool (0s, total 40s)\n"}
,{"stream_name":"stdout","time":1251.664569767,"data":"[66/1317] ok           scatter float32 (1s, total 41s)\n"}
,{"stream_name":"stdout","time":1251.664573438,"data":"[67/1317] ok           scatter float16 (1s, total 42s)\n"}
,{"stream_name":"stdout","time":1251.664576865,"data":"[68/1317] ok           scatter bfloat16 (0s, total 42s)\n"}
,{"stream_name":"stdout","time":1251.664580179,"data":"[69/1317] ok           scatter int8 (1s, total 43s)\n"}
,{"stream_name":"stdout","time":1251.66458325,"data":"[70/1317] ok           scatter uint8 (1s, total 43s)\n"}
,{"stream_name":"stdout","time":1251.664586483,"data":"[71/1317] ok           scatter int16 (1s, total 44s)\n"}
,{"stream_name":"stdout","time":1251.664589803,"data":"sticky CUDA error in compiled scatter torch.int32 -\u003e restart\n"}
,{"stream_name":"stdout","time":1251.664593687,"data":"\n"}
,{"stream_name":"stdout","time":1251.66459826,"data":"exit 3 3: operator(): block: [0,0,0], thread: [20,0,0] Assertion `idx_dim \u003e= 0 \u0026\u0026 idx_dim \u003c index_size \u0026\u0026 \"scatter gather kernel index out of bounds\"` failed.\n"}
,{"stream_name":"stdout","time":1251.664603019,"data":"/__w/pytorch/pytorch/aten/src/ATen/native/cuda/ScatterGatherKernel.cu:203: operator(): block: [0,0,0], thread: [21,0,0] Assertion `idx_dim \u003e= 0 \u0026\u0026 idx_dim \u003c index_size \u0026\u0026 \"scatter gather kernel index out of bounds\"` failed.\n"}
,{"stream_name":"stdout","time":1251.664610934,"data":"/__w/pytorch/pytorch/aten/src/ATen/native/cuda/ScatterGatherKernel.cu:203: operator(): block: [0,0,0], thread: [24,0,0] Assertion `idx_dim \u003e= 0 \u0026\u0026 idx_dim \u003c index_size \u0026\u0026 \"scatter gather kernel index out of bounds\"` failed.\n"}
,{"stream_name":"stdout","time":1251.664615192,"data":"\n"}
,{"stream_name":"stdout","time":1976.267518682,"data":".amax int8 (0s, total 671s)\n"}
,{"stream_name":"stdout","time":1976.267570906,"data":"[1183/1245] ok           masked.amax uint8 (0s, total 671s)\n"}
,{"stream_name":"stdout","time":1976.267575581,"data":"[1184/1245] ok           masked.amax int16 (0s, total 672s)\n"}
,{"stream_name":"stdout","time":1976.267578909,"data":"[1185/1245] ok           masked.amax int32 (0s, total 672s)\n"}
,{"stream_name":"stdout","time":1976.267582042,"data":"[1186/1245] ok           masked.amin float32 (0s, total 672s)\n"}
,{"stream_name":"stdout","time":1976.267585189,"data":"[1187/1245] ok           masked.amin float16 (0s, total 673s)\n"}
,{"stream_name":"stdout","time":1976.267588279,"data":"[1188/1245] ok           masked.amin bfloat16 (0s, total 673s)\n"}
,{"stream_name":"stdout","time":1976.267591274,"data":"[1189/1245] ok           masked.amin int8 (0s, total 673s)\n"}
,{"stream_name":"stdout","time":1976.267594515,"data":"[1190/1245] ok           masked.amin uint8 (1s, total 675s)\n"}
,{"stream_name":"stdout","time":1976.267597466,"data":"[1191/1245] ok           masked.amin int16 (0s, total 675s)\n"}
,{"stream_name":"stdout","time":1976.267600385,"data":"[1192/1245] ok           masked.amin int32 (0s, total 675s)\n"}
,{"stream_name":"stdout","time":1976.267603306,"data":"[1193/1245] ok           masked.argmax float32 (0s, total 676s)\n"}
,{"stream_name":"stdout","time":1976.267606336,"data":"[1194/1245] ok           masked.argmax float16 (0s, total 676s)\n"}
,{"stream_name":"stdout","time":1976.267609439,"data":"[1195/1245] ok           masked.argmax bfloat16 (0s, total 676s)\n"}
,{"stream_name":"stdout","time":1976.267612489,"data":"[1196/1245] ok           masked.argmax int8 (0s, total 677s)\n"}
,{"stream_name":"stdout","time":1976.267615434,"data":"[1197/1245] ok           masked.argmax uint8 (1s, total 677s)\n"}
,{"stream_name":"stdout","time":1976.26761852,"data":"[1198/1245] ok           masked.argmax int16 (0s, total 678s)\n"}
,{"stream_name":"stdout","time":1976.267621499,"data":"[1199/1245] ok           masked.argmax int32 (0s, total 678s)\n"}
,{"stream_name":"stdout","time":1976.267624412,"data":"[1200/1245] ok           masked.argmin float32 (0s, total 679s)\n"}
,{"stream_name":"stdout","time":1976.267627356,"data":"[1201/1245] ok           masked.argmin float16 (0s, total 679s)\n"}
,{"stream_name":"stdout","time":1976.26763049,"data":"[1202/1245] ok           masked.argmin bfloat16 (0s, total 680s)\n"}
,{"stream_name":"stdout","time":1976.267633431,"data":"[1203/1245] ok           masked.argmin int8 (0s, total 680s)\n"}
,{"stream_name":"stdout","time":1976.267636399,"data":"[1204/1245] ok           masked.argmin uint8 (0s, total 681s)\n"}
,{"stream_name":"stdout","time":1976.267639336,"data":"[1205/1245] ok           masked.argmin int16 (0s, total 681s)\n"}
,{"stream_name":"stdout","time":1976.267642296,"data":"[1206/1245] ok           masked.argmin int32 (0s, total 681s)\n"}
,{"stream_name":"stdout","time":1976.267645231,"data":"[1207/1245] ok           masked.mean float32 (1s, total 682s)\n"}
,{"stream_name":"stdout","time":1976.267648152,"data":"[1208/1245] ok           masked.mean float16 (1s, total 682s)\n"}
,{"stream_name":"stdout","time":1976.267669549,"data":"[1209/1245] ok           masked.mean bfloat16 (0s, total 683s)\n"}
,{"stream_name":"stdout","time":1976.26767209,"data":"[1210/1245] ok           masked.norm float32 (0s, total 683s)\n"}
,{"stream_name":"stdout","time":1976.267674309,"data":"[1211/1245] ok           masked.norm float16 (0s, total 684s)\n"}
,{"stream_name":"stdout","time":1976.267676531,"data":"[1212/1245] ok           masked.norm bfloat16 (0s, total 684s)\n"}
,{"stream_name":"stdout","time":1976.267678781,"data":"[1213/1245] ok           masked.var float32 (1s, total 685s)\n"}
,{"stream_name":"stdout","time":1976.267681235,"data":"[1214/1245] ok           masked.var float16 (1s, total 686s)\n"}
,{"stream_name":"stdout","time":1976.267684922,"data":"[1215/1245] ok           masked.var bfloat16 (1s, total 687s)\n"}
,{"stream_name":"stdout","time":1976.267687177,"data":"[1216/1245] ok           masked.var int8 (1s, total 688s)\n"}
,{"stream_name":"stdout","time":1976.267689388,"data":"[1217/1245] ok           masked.var uint8 (1s, total 689s)\n"}
,{"stream_name":"stdout","time":1976.267691684,"data":"[1218/1245] ok           masked.var int16 (1s, total 691s)\n"}
,{"stream_name":"stdout","time":1976.267693896,"data":"[1219/1245] ok           masked.var int32 (1s, total 692s)\n"}
,{"stream_name":"stdout","time":1976.267696105,"data":"[1220/1245] ok           masked.std float32 (1s, total 693s)\n"}
,{"stream_name":"stdout","time":1976.267698309,"data":"[1221/1245] ok           masked.std float16 (1s, total 694s)\n"}
,{"stream_name":"stdout","time":1976.267700625,"data":"[1222/1245] ok           masked.std bfloat16 (1s, total 695s)\n"}
,{"stream_name":"stdout","time":1976.267702845,"data":"[1223/1245] ok           masked.std int8 (1s, total 696s)\n"}
,{"stream_name":"stdout","time":1976.267705069,"data":"[1224/1245] ok           masked.std uint8 (1s, total 697s)\n"}
,{"stream_name":"stdout","time":1976.267707278,"data":"[1225/1245] ok           masked.std int16 (1s, total 699s)\n"}
,{"stream_name":"stdout","time":1976.267709483,"data":"[1226/1245] ok           masked.std int32 (1s, total 700s)\n"}
,{"stream_name":"stdout","time":1976.267711699,"data":"[1227/1245] ok           masked.softmax float32 (1s, total 701s)\n"}
,{"stream_name":"stdout","time":1976.267713957,"data":"[1228/1245] ok           masked.softmax float16 (1s, total 701s)\n"}
,{"stream_name":"stdout","time":1976.267716204,"data":"[1229/1245] ok           masked.softmax bfloat16 (0s, total 702s)\n"}
,{"stream_name":"stdout","time":1976.267718544,"data":"[1230/1245] ok           masked.log_softmax float32 (1s, total 702s)\n"}
,{"stream_name":"stdout","time":1976.267720808,"data":"[1231/1245] ok           masked.log_softmax float16 (1s, total 703s)\n"}
,{"stream_name":"stdout","time":1976.267723042,"data":"[1232/1245] ok           masked.log_softmax bfloat16 (0s, total 703s)\n"}
,{"stream_name":"stdout","time":1976.267725287,"data":"[1233/1245] ok           masked.softmin float32 (1s, total 704s)\n"}
,{"stream_name":"stdout","time":1976.267727521,"data":"[1234/1245] ok           masked.softmin float16 (1s, total 705s)\n"}
,{"stream_name":"stdout","time":1976.267729836,"data":"[1235/1245] ok           masked.softmin bfloat16 (0s, total 705s)\n"}
,{"stream_name":"stdout","time":1976.267732071,"data":"[1236/1245] ok           masked.logaddexp float32 (1s, total 706s)\n"}
,{"stream_name":"stdout","time":1976.267734334,"data":"[1237/1245] ok           masked.logaddexp float16 (1s, total 708s)\n"}
,{"stream_name":"stdout","time":1976.267736582,"data":"[1238/1245] ok           masked.logaddexp bfloat16 (0s, total 708s)\n"}
,{"stream_name":"stdout","time":1976.267738829,"data":"[1239/1245] ok           masked.logsumexp float32 (1s, total 709s)\n"}
,{"stream_name":"stdout","time":1976.267743853,"data":"[1240/1245] ok           masked.logsumexp float16 (1s, total 709s)\n"}
,{"stream_name":"stdout","time":1976.267746141,"data":"[1241/1245] ok           masked.logsumexp bfloat16 (0s, total 710s)\n"}
,{"stream_name":"stdout","time":1976.267748422,"data":"[1242/1245] ok           masked.logsumexp int8 (1s, total 710s)\n"}
,{"stream_name":"stdout","time":1976.267750663,"data":"[1243/1245] ok           masked.logsumexp uint8 (1s, total 711s)\n"}
,{"stream_name":"stdout","time":1976.267752906,"data":"[1244/1245] ok           masked.logsumexp int16 (1s, total 712s)\n"}
,{"stream_name":"stdout","time":1976.267755152,"data":"[1245/1245] ok           masked.logsumexp int32 (1s, total 713s)\n"}
,{"stream_name":"stdout","time":1976.267757411,"data":"SWEEP DONE\n"}
,{"stream_name":"stdout","time":1976.267759587,"data":"\n"}
,{"stream_name":"stdout","time":1976.267761906,"data":"exit 0  Tesla T4 does not support bfloat16 compilation natively, skipping\n"}
,{"stream_name":"stdout","time":1976.267764417,"data":"  warnings.warn(\n"}
,{"stream_name":"stdout","time":1976.267767055,"data":"/usr/local/lib/python3.12/dist-packages/torch/_inductor/compile_fx.py:3403: UserWarning: Tesla T4 does not support bfloat16 compilation natively, skipping\n"}
,{"stream_name":"stdout","time":1976.267769523,"data":"  warnings.warn(\n"}
,{"stream_name":"stdout","time":1976.267771701,"data":"/usr/local/lib/python3.12/dist-packages/torch/_inductor/compile_fx.py:3403: UserWarning: Tesla T4 does not support bfloat16 compilation natively, skipping\n"}
,{"stream_name":"stdout","time":1976.267774102,"data":"  warnings.warn(\n"}
,{"stream_name":"stdout","time":1976.267776389,"data":"/usr/local/lib/python3.12/dist-packages/torch/_inductor/compile_fx.py:3403: UserWarning: Tesla T4 does not support bfloat16 compilation natively, skipping\n"}
,{"stream_name":"stdout","time":1976.267778757,"data":"  warnings.warn(\n"}
,{"stream_name":"stdout","time":1976.26778092,"data":"\n"}
,{"stream_name":"stdout","time":1976.267783046,"data":"=====JSONL BEGIN\n"}
,{"stream_name":"stdout","time":1976.268912132,"data":"{\"op\": \"abs\", \"dtype\": \"float32\", \"samples\": 1, \"diffs\": [], \"errors\": [], \"verdict\": \"ok\"}\n"}
,{"stream_name":"stdout","time":1976.26896277,"data":"{\"op\": \"abs\", \"dtype\": \"float16\", \"samples\": 1, \"diffs\": [], \"errors\": [], \"verdict\": \"ok\"}\n"}
,{"stream_name":"stdout","time":1976.268971108,"data":"{\"op\": \"abs\", \"dtype\": \"bfloat16\", \"samples\": 1, \"diffs\": [], \"errors\": [], \"verdict\": \"ok\"}\n"}
,{"stream_name":"stdout","time":1976.268977019,"data":"{\"op\": \"abs\", \"dtype\": \"int8\", \"samples\": 1, \"diffs\": [], \"errors\": [], \"verdict\": \"ok\"}\n"}
,{"stream_name":"stdout","time":1976.26898146,"data":"{\"op\": \"abs\", \"dtype\": \"uint8\", \"samples\": 1, \"diffs\": [], \"errors\": [], \"verdict\": \"ok\"}\n"}
,{"stream_name":"stdout","time":1976.268985741,"data":"{\"op\": \"abs\", \"dtype\": \"int16\", \"samples\": 1, \"diffs\": [], \"errors\": [], \"verdict\": \"ok\"}\n"}
,{"stream_name":"stdout","time":1976.268989799,"data":"{\"op\": \"abs\", \"dtype\": \"int32\", \"samples\": 2, \"diffs\": [], \"errors\": [], \"verdict\": \"ok\"}\n"}
,{"stream_name":"stdout","time":1976.268994006,"data":"{\"op\": \"abs\", \"dtype\": \"bool\", \"samples\": 1, \"diffs\": [], \"errors\": [], \"verdict\": \"ok\"}\n"}
,{"stream_name":"stdout","time":1976.268998107,"data":"{\"op\": \"acos\", \"dtype\": \"float32\", \"samples\": 3, \"diffs\": [], \"errors\": [], \"verdict\": \"ok\"}\n"}
,{"stream_name":"stdout","time":1976.269004246,"data":"{\"op\": \"acos\", \"dtype\": \"float16\", \"samples\": 3, \"diffs\": [], \"errors\": [], \"verdict\": \"ok\"}\n"}
,{"stream_name":"stdout","time":1976.269020576,"data":"{\"op\": \"acos\", \"dtype\": \"bfloat16\", \"samples\": 3, \"diffs\": [], \"errors\": [], \"verdict\": \"ok\"}\n"}
,{"stream_name":"stdout","time":1976.269023703,"data":"{\"op\": \"acos\", \"dtype\": \"int8\", \"samples\": 3, \"diffs\": [], \"errors\": [], \"verdict\": \"ok\"}\n"}
,{"stream_name":"stdout","time":1976.269026371,"data":"{\"op\": \"acos\", \"dtype\": \"uint8\", \"samples\": 3, \"diffs\": [], \"errors\": [], \"verdict\": \"ok\"}\n"}
,{"stream_name":"stdout","time":1976.269030108,"data":"{\"op\": \"acos\", \"dtype\": \"int16\", \"samples\": 3, \"diffs\": [], \"errors\": [], \"verdict\": \"ok\"}\n"}
,{"stream_name":"stdout","time":1976.269049932,"data":"{\"op\": \"acos\", \"dtype\": \"int32\", \"samples\": 3, \"diffs\": [], \"errors\": [], \"verdict\": \"ok\"}\n"}
,{"stream_name":"stdout","time":1976.269054963,"data":"{\"op\": \"acos\", \"dtype\": \"bool\", \"samples\": 3, \"diffs\": [], \"errors\": [], \"verdict\": \"ok\"}\n"}
,{"stream_name":"stdout","time":1976.269059771,"data":"{\"op\": \"acosh\", \"dtype\": \"float32\", \"samples\": 3, \"diffs\": [], \"errors\": [], \"verdict\": \"ok\"}\n"}
,{"stream_name":"stdout","time":1976.269064793,"data":"{\"op\": \"acosh\", \"dtype\": \"float16\", \"samples\": 3, \"diffs\": [], \"errors\": [], \"verdict\": \"ok\"}\n"}
,{"stream_name":"stdout","time":1976.269069959,"data":"{\"op\": \"acosh\", \"dtype\": \"bfloat16\", \"samples\": 3, \"diffs\": [], \"errors\": [], \"verdict\": \"ok\"}\n"}
,{"stream_name":"stdout","time":1976.269074205,"data":"{\"op\": \"acosh\", \"dtype\": \"int8\", \"samples\": 3, \"diffs\": [], \"errors\": [], \"verdict\": \"ok\"}\n"}
,{"stream_name":"stdout","time":1976.269078434,"data":"{\"op\": \"acosh\", \"dtype\": \"uint8\", \"samples\": 3, \"diffs\": [], \"errors\": [], \"verdict\": \"ok\"}\n"}
,{"stream_name":"stdout","time":1976.269082717,"data":"{\"op\": \"acosh\", \"dtype\": \"int16\", \"samples\": 3, \"diffs\": [], \"errors\": [], \"verdict\": \"ok\"}\n"}
,{"stream_name":"stdout","time":1976.269089525,"data":"{\"op\": \"acosh\", \"dtype\": \"int32\", \"samples\": 3, \"diffs\": [], \"errors\": [], \"verdict\": \"ok\"}\n"}
,{"stream_name":"stdout","time":1976.269094596,"data":"{\"op\": \"acosh\", \"dtype\": \"bool\", \"samples\": 3, \"diffs\": [], \"errors\": [], \"verdict\": \"ok\"}\n"}
,{"stream_name":"stdout","time":1976.269099678,"data":"{\"op\": \"add\", \"dtype\": \"float32\", \"samples\": 3, \"diffs\": [], \"errors\": [], \"verdict\": \"ok\"}\n"}
,{"stream_name":"stdout","time":1976.269104766,"data":"{\"op\": \"add\", \"dtype\": \"float16\", \"samples\": 3, \"diffs\": [], \"errors\": [], \"verdict\": \"ok\"}\n"}
,{"stream_name":"stdout","time":1976.269109168,"data":"{\"op\": \"add\", \"dtype\": \"bfloat16\", \"samples\": 3, \"diffs\": [], \"errors\": [], \"verdict\": \"ok\"}\n"}
,{"stream_name":"stdout","time":1976.269114028,"data":"{\"op\": \"add\", \"dtype\": \"int8\", \"samples\": 3, \"diffs\": [], \"errors\": [], \"verdict\": \"ok\"}\n"}
,{"stream_name":"stdout","time":1976.26911875,"data":"{\"op\": \"add\", \"dtype\": \"uint8\", \"samples\": 3, \"diffs\": [], \"errors\": [], \"verdict\": \"ok\"}\n"}
,{"stream_name":"stdout","time":1976.269122891,"data":"{\"op\": \"add\", \"dtype\": \"int16\", \"samples\": 3, \"diffs\": [], \"errors\": [], \"verdict\": \"ok\"}\n"}
,{"stream_name":"stdout","time":1976.269127012,"data":"{\"op\": \"add\", \"dtype\": \"int32\", \"samples\": 3, \"diffs\": [], \"errors\": [], \"verdict\": \"ok\"}\n"}
,{"stream_name":"stdout","time":1976.269131164,"data":"{\"op\": \"add\", \"dtype\": \"bool\", \"samples\": 3, \"diffs\": [], \"errors\": [], \"verdict\": \"ok\"}\n"}
,{"stream_name":"stdout","time":1976.269136176,"data":"{\"op\": \"item\", \"dtype\": \"float32\", \"samples\": 3, \"diffs\": [], \"errors\": [], \"verdict\": \"ok\"}\n"}
,{"stream_name":"stdout","time":1976.269146058,"data":"{\"op\": \"item\", \"dtype\": \"float16\", \"samples\": 3, \"diffs\": [], \"errors\": [], \"verdict\": \"ok\"}\n"}
,{"stream_name":"stdout","time":1976.269151514,"data":"{\"op\": \"item\", \"dtype\": \"bfloat16\", \"samples\": 3, \"diffs\": [], \"errors\": [], \"verdict\": \"ok\"}\n"}
,{"stream_name":"stdout","time":1976.269156376,"data":"{\"op\": \"item\", \"dtype\": \"int8\", \"samples\": 3, \"diffs\": [], \"errors\": [], \"verdict\": \"ok\"}\n"}
,{"stream_name":"stdout","time":1976.269161212,"data":"{\"op\": \"item\", \"dtype\": \"uint8\", \"samples\": 3, \"diffs\": [], \"errors\": [], \"verdict\": \"ok\"}\n"}
,{"stream_name":"stdout","time":1976.269165566,"data":"{\"op\": \"item\", \"dtype\": \"int16\", \"samples\": 3, \"diffs\": [], \"errors\": [], \"verdict\": \"ok\"}\n"}
,{"stream_name":"stdout","time":1976.269169879,"data":"{\"op\": \"item\", \"dtype\": \"int32\", \"samples\": 3, \"diffs\": [], \"errors\": [], \"verdict\": \"ok\"}\n"}
,{"stream_name":"stdout","time":1976.269173922,"data":"{\"op\": \"item\", \"dtype\": \"bool\", \"samples\": 3, \"diffs\": [], \"errors\": [], \"verdict\": \"ok\"}\n"}
,{"stream_name":"stdout","time":1976.269179767,"data":"{\"op\": \"arange\", \"dtype\": \"float32\", \"samples\": 3, \"diffs\": [], \"errors\": [], \"verdict\": \"ok\"}\n"}
,{"stream_name":"stdout","time":1976.269185338,"data":"{\"op\": \"arange\", \"dtype\": \"float16\", \"samples\": 3, \"diffs\": [], \"errors\": [], \"verdict\": \"ok\"}\n"}
,{"stream_name":"stdout","time":1976.269191041,"data":"{\"op\": \"arange\", \"dtype\": \"bfloat16\", \"samples\": 3, \"diffs\": [], \"errors\": [], \"verdict\": \"ok\"}\n"}
,{"stream_name":"stdout","time":1976.269195818,"data":"{\"op\": \"arange\", \"dtype\": \"int8\", \"samples\": 3, \"diffs\": [], \"errors\": [], \"verdict\": \"ok\"}\n"}
,{"stream_name":"stdout","time":1976.269283515,"data":"{\"op\": \"arange\", \"dtype\": \"uint8\", \"samples\": 3, \"diffs\": [], \"errors\": [], \"verdict\": \"ok\"}\n"}
,{"stream_name":"stdout","time":1976.269297751,"data":"{\"op\": \"arange\", \"dtype\": \"int16\", \"samples\": 3, \"diffs\": [], \"errors\": [], \"verdict\": \"ok\"}\n"}
,{"stream_name":"stdout","time":1976.269303118,"data":"{\"op\": \"arange\", \"dtype\": \"int32\", \"samples\": 3, \"diffs\": [], \"errors\": [], \"verdict\": \"ok\"}\n"}
,{"stream_name":"stdout","time":1976.269308218,"data":"{\"op\": \"clamp_max\", \"dtype\": \"float32\", \"samples\": 3, \"diffs\": [], \"errors\": [], \"verdict\": \"ok\"}\n"}
,{"stream_name":"stdout","time":1976.26931336,"data":"{\"op\": \"clamp_max\", \"dtype\": \"float16\", \"samples\": 3, \"diffs\": [], \"errors\": [], \"verdict\": \"ok\"}\n"}
,{"stream_name":"stdout","time":1976.269318274,"data":"{\"op\": \"clamp_max\", \"dtype\": \"bfloat16\", \"samples\": 3, \"diffs\": [], \"errors\": [], \"verdict\": \"ok\"}\n"}
,{"stream_name":"stdout","time":1976.269322135,"data":"{\"op\": \"clamp_max\", \"dtype\": \"int8\", \"samples\": 3, \"diffs\": [], \"errors\": [], \"verdict\": \"ok\"}\n"}
,{"stream_name":"stdout","time":1976.269326172,"data":"{\"op\": \"clamp_max\", \"dtype\": \"uint8\", \"samples\": 3, \"diffs\": [], \"errors\": [], \"verdict\": \"ok\"}\n"}
,{"stream_name":"stdout","time":1976.269330884,"data":"{\"op\": \"clamp_max\", \"dtype\": \"int16\", \"samples\": 3, \"diffs\": [], \"errors\": [], \"verdict\": \"ok\"}\n"}
,{"stream_name":"stdout","time":1976.269335936,"data":"{\"op\": \"clamp_max\", \"dtype\": \"int32\", \"samples\": 3, \"diffs\": [], \"errors\": [], \"verdict\": \"ok\"}\n"}
,{"stream_name":"stdout","time":1976.269340955,"data":"{\"op\": \"clamp_max\", \"dtype\": \"bool\", \"samples\": 3, \"diffs\": [], \"errors\": [], \"verdict\": \"ok\"}\n"}
,{"stream_name":"stdout","time":1976.26934601,"data":"{\"op\": \"clamp_min\", \"dtype\": \"float32\", \"samples\": 3, \"diffs\": [], \"errors\": [], \"verdict\": \"ok\"}\n"}
,{"stream_name":"stdout","time":1976.269359032,"data":"{\"op\": \"clamp_min\", \"dtype\": \"float16\", \"samples\": 3, \"diffs\": [], \"errors\": [], \"verdict\": \"ok\"}\n"}
,{"stream_name":"stdout","time":1976.269363892,"data":"{\"op\": \"clamp_min\", \"dtype\": \"bfloat16\", \"samples\": 3, \"diffs\": [], \"errors\": [], \"verdict\": \"ok\"}\n"}
,{"stream_name":"stdout","time":1976.269368415,"data":"{\"op\": \"clamp_min\", \"dtype\": \"int8\", \"samples\": 3, \"diffs\": [], \"errors\": [], \"verdict\": \"ok\"}\n"}
,{"stream_name":"stdout","time":1976.26937302,"data":"{\"op\": \"clamp_min\", \"dtype\": \"uint8\", \"samples\": 3, \"diffs\": [], \"errors\": [], \"verdict\": \"ok\"}\n"}
,{"stream_name":"stdout","time":1976.269377592,"data":"{\"op\": \"clamp_min\", \"dtype\": \"int16\", \"samples\": 3, \"diffs\": [], \"errors\": [], \"verdict\": \"ok\"}\n"}
,{"stream_name":"stdout","time":1976.26938116,"data":"{\"op\": \"clamp_min\", \"dtype\": \"int32\", \"samples\": 3, \"diffs\": [], \"errors\": [], \"verdict\": \"ok\"}\n"}
,{"stream_name":"stdout","time":1976.269385385,"data":"{\"op\": \"clamp_min\", \"dtype\": \"bool\", \"samples\": 3, \"diffs\": [], \"errors\": [], \"verdict\": \"ok\"}\n"}
,{"stream_name":"stdout","time":1976.269389198,"data":"{\"op\": \"mul\", \"dtype\": \"float32\", \"samples\": 3, \"diffs\": [], \"errors\": [], \"verdict\": \"ok\"}\n"}
,{"stream_name":"stdout","time":1976.269393656,"data":"{\"op\": \"mul\", \"dtype\": \"float16\", \"samples\": 3, \"diffs\": [], \"errors\": [], \"verdict\": \"ok\"}\n"}
,{"stream_name":"stdout","time":1976.269398214,"data":"{\"op\": \"mul\", \"dtype\": \"bfloat16\", \"samples\": 3, \"diffs\": [], \"errors\": [], \"verdict\": \"ok\"}\n"}
,{"stream_name":"stdout","time":1976.269404301,"data":"{\"op\": \"mul\", \"dtype\": \"int8\", \"samples\": 3, \"diffs\": [], \"errors\": [], \"verdict\": \"ok\"}\n"}
,{"stream_name":"stdout","time":1976.269409203,"data":"{\"op\": \"mul\", \"dtype\": \"uint8\", \"samples\": 3, \"diffs\": [], \"errors\": [], \"verdict\": \"ok\"}\n"}
,{"stream_name":"stdout","time":1976.269413484,"data":"{\"op\": \"mul\", \"dtype\": \"int16\", \"samples\": 3, \"diffs\": [], \"errors\": [], \"verdict\": \"ok\"}\n"}
,{"stream_name":"stdout","time":1976.269417283,"data":"{\"op\": \"mul\", \"dtype\": \"int32\", \"samples\": 3, \"diffs\": [], \"errors\": [], \"verdict\": \"ok\"}\n"}
,{"stream_name":"stdout","time":1976.269422067,"data":"{\"op\": \"mul\", \"dtype\": \"bool\", \"samples\": 3, \"diffs\": [], \"errors\": [], \"verdict\": \"ok\"}\n"}
,{"stream_name":"stdout","time":1976.26942619,"data":"{\"op\": \"sub\", \"dtype\": \"float32\", \"samples\": 3, \"diffs\": [], \"errors\": [], \"verdict\": \"ok\"}\n"}
,{"stream_name":"stdout","time":1976.26943009,"data":"{\"op\": \"sub\", \"dtype\": \"float16\", \"samples\": 3, \"diffs\": [], \"errors\": [], \"verdict\": \"ok\"}\n"}
,{"stream_name":"stdout","time":1976.269434284,"data":"{\"op\": \"sub\", \"dtype\": \"bfloat16\", \"samples\": 3, \"diffs\": [], \"errors\": [], \"verdict\": \"ok\"}\n"}
,{"stream_name":"stdout","time":1976.26943804,"data":"{\"op\": \"sub\", \"dtype\": \"int8\", \"samples\": 3, \"diffs\": [], \"errors\": [], \"verdict\": \"ok\"}\n"}
,{"stream_name":"stdout","time":1976.269441808,"data":"{\"op\": \"sub\", \"dtype\": \"uint8\", \"samples\": 3, \"diffs\": [], \"errors\": [], \"verdict\": \"ok\"}\n"}
,{"stream_name":"stdout","time":1976.269445537,"data":"{\"op\": \"sub\", \"dtype\": \"int16\", \"samples\": 3, \"diffs\": [], \"errors\": [], \"verdict\": \"ok\"}\n"}
,{"stream_name":"stdout","time":1976.269449786,"data":"{\"op\": \"sub\", \"dtype\": \"int32\", \"samples\": 3, \"diffs\": [], \"errors\": [], \"verdict\": \"ok\"}\n"}
,{"stream_name":"stdout","time":1976.269457882,"data":"{\"op\": \"addmm\", \"dtype\": \"float32\", \"samples\": 3, \"diffs\": [], \"errors\": [], \"verdict\": \"ok\"}\n"}
,{"stream_name":"stdout","time":1976.26946247,"data":"{\"op\": \"addmm\", \"dtype\": \"float16\", \"samples\": 3, \"diffs\": [], \"errors\": [], \"verdict\": \"ok\"}\n"}
,{"stream_name":"stdout","time":1976.269466752,"data":"{\"op\": \"addmm\", \"dtype\": \"bfloat16\", \"samples\": 3, \"diffs\": [], \"errors\": [], \"verdict\": \"ok\"}\n"}
,{"stream_name":"stdout","time":1976.269470737,"data":"{\"op\": \"addmm\", \"dtype\": \"float32\", \"samples\": 3, \"diffs\": [], \"errors\": [], \"verdict\": \"ok\"}\n"}
,{"stream_name":"stdout","time":1976.26947493,"data":"{\"op\": \"addmm\", \"dtype\": \"float16\", \"samples\": 3, \"diffs\": [], \"errors\": [], \"verdict\": \"ok\"}\n"}
,{"stream_name":"stdout","time":1976.269478824,"data":"{\"op\": \"addmm\", \"dtype\": \"bfloat16\", \"samples\": 3, \"diffs\": [], \"errors\": [], \"verdict\": \"ok\"}\n"}
,{"stream_name":"stdout","time":1976.269483191,"data":"{\"op\": \"addmv\", \"dtype\": \"float32\", \"samples\": 3, \"diffs\": [], \"errors\": [], \"verdict\": \"ok\"}\n"}
,{"stream_name":"stdout","time":1976.269486878,"data":"{\"op\": \"addmv\", \"dtype\": \"float16\", \"samples\": 3, \"diffs\": [], \"errors\": [], \"verdict\": \"ok\"}\n"}
,{"stream_name":"stdout","time":1976.269490724,"data":"{\"op\": \"addmv\", \"dtype\": \"bfloat16\", \"samples\": 3, \"diffs\": [], \"errors\": [], \"verdict\": \"ok\"}\n"}
,{"stream_name":"stdout","time":1976.269494735,"data":"{\"op\": \"addbmm\", \"dtype\": \"float32\", \"samples\": 3, \"diffs\": [], \"errors\": [], \"verdict\": \"ok\"}\n"}
,{"stream_name":"stdout","time":1976.269500289,"data":"{\"op\": \"addbmm\", \"dtype\": \"float16\", \"samples\": 3, \"diffs\": [], \"errors\": [], \"verdict\": \"ok\"}\n"}
,{"stream_name":"stdout","time":1976.269504286,"data":"{\"op\": \"addbmm\", \"dtype\": \"bfloat16\", \"samples\": 3, \"diffs\": [], \"errors\": [], \"verdict\": \"ok\"}\n"}
,{"stream_name":"stdout","time":1976.269508266,"data":"{\"op\": \"baddbmm\", \"dtype\": \"float32\", \"samples\": 3, \"diffs\": [], \"errors\": [], \"verdict\": \"ok\"}\n"}
,{"stream_name":"stdout","time":1976.26951211,"data":"{\"op\": \"baddbmm\", \"dtype\": \"float16\", \"samples\": 3, \"diffs\": [], \"errors\": [], \"verdict\": \"ok\"}\n"}
,{"stream_name":"stdout","time":1976.269527342,"data":"{\"op\": \"baddbmm\", \"dtype\": \"bfloat16\", \"samples\": 3, \"diffs\": [], \"errors\": [], \"verdict\": \"ok\"}\n"}
,{"stream_name":"stdout","time":1976.269531099,"data":"{\"op\": \"dot\", \"dtype\": \"float32\", \"samples\": 1, \"diffs\": [], \"errors\": [], \"verdict\": \"ok\"}\n"}
,{"stream_name":"stdout","time":1976.269535022,"data":"{\"op\": \"dot\", \"dtype\": \"float16\", \"samples\": 1, \"diffs\": [], \"errors\": [], \"verdict\": \"ok\"}\n"}
,{"stream_name":"stdout","time":1976.269538904,"data":"{\"op\": \"dot\", \"dtype\": \"bfloat16\", \"samples\": 1, \"diffs\": [], \"errors\": [], \"verdict\": \"ok\"}\n"}
,{"stream_name":"stdout","time":1976.269543523,"data":"{\"op\": \"vdot\", \"dtype\": \"float32\", \"samples\": 1, \"diffs\": [], \"errors\": [], \"verdict\": \"ok\"}\n"}
,{"stream_name":"stdout","time":1976.269547249,"data":"{\"op\": \"vdot\", \"dtype\": \"float16\", \"samples\": 1, \"diffs\": [], \"errors\": [], \"verdict\": \"ok\"}\n"}
,{"stream_name":"stdout","time":1976.269551597,"data":"{\"op\": \"vdot\", \"dtype\": \"bfloat16\", \"samples\": 1, \"diffs\": [], \"errors\": [], \"verdict\": \"ok\"}\n"}
,{"stream_name":"stdout","time":1976.269555258,"data":"{\"op\": \"bmm\", \"dtype\": \"float32\", \"samples\": 1, \"diffs\": [], \"errors\": [], \"verdict\": \"ok\"}\n"}
,{"stream_name":"stdout","time":1976.269559432,"data":"{\"op\": \"bmm\", \"dtype\": \"float16\", \"samples\": 1, \"diffs\": [], \"errors\": [], \"verdict\": \"ok\"}\n"}
,{"stream_name":"stdout","time":1976.269566962,"data":"{\"op\": \"bmm\", \"dtype\": \"bfloat16\", \"samples\": 1, \"diffs\": [], \"errors\": [], \"verdict\": \"ok\"}\n"}
,{"stream_name":"stdout","time":1976.269571001,"data":"{\"op\": \"mv\", \"dtype\": \"float32\", \"samples\": 1, \"diffs\": [], \"errors\": [], \"verdict\": \"ok\"}\n"}
,{"stream_name":"stdout","time":1976.269575026,"data":"{\"op\": \"mv\", \"dtype\": \"float16\", \"samples\": 1, \"diffs\": [], \"errors\": [], \"verdict\": \"ok\"}\n"}
,{"stream_name":"stdout","time":1976.269578931,"data":"{\"op\": \"mv\", \"dtype\": \"bfloat16\", \"samples\": 1, \"diffs\": [], \"errors\": [], \"verdict\": \"ok\"}\n"}
,{"stream_name":"stdout","time":1976.26958283,"data":"{\"op\": \"addr\", \"dtype\": \"float32\", \"samples\": 3, \"diffs\": [], \"errors\": [], \"verdict\": \"ok\"}\n"}
,{"stream_name":"stdout","time":1976.269587032,"data":"{\"op\": \"addr\", \"dtype\": \"float16\", \"samples\": 3, \"diffs\": [], \"errors\": [], \"verdict\": \"ok\"}\n"}
,{"stream_name":"stdout","time":1976.269591114,"data":"{\"op\": \"addr\", \"dtype\": \"bfloat16\", \"samples\": 3, \"diffs\": [], \"errors\": [], \"verdict\": \"ok\"}\n"}
,{"stream_name":"stdout","time":1976.269595772,"data":"{\"op\": \"addr\", \"dtype\": \"int8\", \"samples\": 3, \"diffs\": [], \"errors\": [], \"verdict\": \"ok\"}\n"}
,{"stream_name":"stdout","time":1976.269599704,"data":"{\"op\": \"addr\", \"dtype\": \"uint8\", \"samples\": 3, \"diffs\": [], \"errors\": [], \"verdict\": \"ok\"}\n"}
,{"stream_name":"stdout","time":1976.269604049,"data":"{\"op\": \"addr\", \"dtype\": \"int16\", \"samples\": 3, \"diffs\": [], \"errors\": [], \"verdict\": \"ok\"}\n"}
,{"stream_name":"stdout","time":1976.269608411,"data":"{\"op\": \"addr\", \"dtype\": \"int32\", \"samples\": 3, \"diffs\": [], \"errors\": [], \"verdict\": \"ok\"}\n"}
,{"stream_name":"stdout","time":1976.269630931,"data":"{\"op\": \"addr\", \"dtype\": \"bool\", \"samples\": 3, \"diffs\": [], \"errors\": [], \"verdict\": \"ok\"}\n"}
,{"stream_name":"stdout","time":1976.269636063,"data":"{\"op\": \"addcmul\", \"dtype\": \"float32\", \"samples\": 3, \"diffs\": [], \"errors\": [], \"verdict\": \"ok\"}\n"}
,{"stream_name":"stdout","time":1976.269640539,"data":"{\"op\": \"addcmul\", \"dtype\": \"float16\", \"samples\": 3, \"diffs\": [], \"errors\": [], \"verdict\": \"ok\"}\n"}
,{"stream_name":"stdout","time":1976.269644802,"data":"{\"op\": \"addcmul\", \"dtype\": \"bfloat16\", \"samples\": 3, \"diffs\": [], \"errors\": [], \"verdict\": \"ok\"}\n"}
,{"stream_name":"stdout","time":1976.269649001,"data":"{\"op\": \"addcmul\", \"dtype\": \"int8\", \"samples\": 3, \"diffs\": [], \"errors\": [], \"verdict\": \"ok\"}\n"}
,{"stream_name":"stdout","time":1976.26965314,"data":"{\"op\": \"addcmul\", \"dtype\": \"uint8\", \"samples\": 3, \"diffs\": [], \"errors\": [], \"verdict\": \"ok\"}\n"}
,{"stream_name":"stdout","time":1976.269657551,"data":"{\"op\": \"addcmul\", \"dtype\": \"int16\", \"samples\": 3, \"diffs\": [], \"errors\": [], \"verdict\": \"ok\"}\n"}
,{"stream_name":"stdout","time":1976.269662065,"data":"{\"op\": \"addcmul\", \"dtype\": \"int32\", \"samples\": 3, \"diffs\": [], \"errors\": [], \"verdict\": \"ok\"}\n"}
,{"stream_name":"stdout","time":1976.269666095,"data":"{\"op\": \"addcdiv\", \"dtype\": \"float32\", \"samples\": 3, \"diffs\": [], \"errors\": [], \"verdict\": \"ok\"}\n"}
,{"stream_name":"stdout","time":1976.269670282,"data":"{\"op\": \"addcdiv\", \"dtype\": \"float16\", \"samples\": 3, \"diffs\": [], \"errors\": [], \"verdict\": \"ok\"}\n"}
,{"stream_name":"stdout","time":1976.269674745,"data":"{\"op\": \"addcdiv\", \"dtype\": \"bfloat16\", \"samples\": 3, \"diffs\": [], \"errors\": [], \"verdict\": \"ok\"}\n"}
,{"stream_name":"stdout","time":1976.269682092,"data":"{\"op\": \"asin\", \"dtype\": \"float32\", \"samples\": 1, \"diffs\": [], \"errors\": [], \"verdict\": \"ok\"}\n"}
,{"stream_name":"stdout","time":1976.269686501,"data":"{\"op\": \"asin\", \"dtype\": \"float16\", \"samples\": 1, \"diffs\": [], \"errors\": [], \"verdict\": \"ok\"}\n"}
,{"stream_name":"stdout","time":1976.269690777,"data":"{\"op\": \"asin\", \"dtype\": \"bfloat16\", \"samples\": 1, \"diffs\": [], \"errors\": [], \"verdict\": \"ok\"}\n"}
,{"stream_name":"stdout","time":1976.269694774,"data":"{\"op\": \"asin\", \"dtype\": \"int8\", \"samples\": 1, \"diffs\": [], \"errors\": [], \"verdict\": \"ok\"}\n"}
,{"stream_name":"stdout","time":1976.269730948,"data":"{\"op\": \"asin\", \"dtype\": \"uint8\", \"samples\": 1, \"diffs\": [], \"errors\": [], \"verdict\": \"ok\"}\n"}
,{"stream_name":"stdout","time":1976.269735569,"data":"{\"op\": \"asin\", \"dtype\": \"int16\", \"samples\": 1, \"diffs\": [], \"errors\": [], \"verdict\": \"ok\"}\n"}
,{"stream_name":"stdout","time":1976.269739826,"data":"{\"op\": \"asin\", \"dtype\": \"int32\", \"samples\": 1, \"diffs\": [], \"errors\": [], \"verdict\": \"ok\"}\n"}
,{"stream_name":"stdout","time":1976.269744073,"data":"{\"op\": \"asin\", \"dtype\": \"bool\", \"samples\": 1, \"diffs\": [], \"errors\": [], \"verdict\": \"ok\"}\n"}
,{"stream_name":"stdout","time":1976.269748246,"data":"{\"op\": \"asinh\", \"dtype\": \"float32\", \"samples\": 1, \"diffs\": [], \"errors\": [], \"verdict\": \"ok\"}\n"}
,{"stream_name":"stdout","time":1976.269753091,"data":"{\"op\": \"asinh\", \"dtype\": \"float16\", \"samples\": 1, \"diffs\": [], \"errors\": [], \"verdict\": \"ok\"}\n"}
,{"stream_name":"stdout","time":1976.269757517,"data":"{\"op\": \"asinh\", \"dtype\": \"bfloat16\", \"samples\": 1, \"diffs\": [], \"errors\": [], \"verdict\": \"ok\"}\n"}
,{"stream_name":"stdout","time":1976.269762,"data":"{\"op\": \"asinh\", \"dtype\": \"int8\", \"samples\": 1, \"diffs\": [], \"errors\": [], \"verdict\": \"ok\"}\n"}
,{"stream_name":"stdout","time":1976.269766144,"data":"{\"op\": \"asinh\", \"dtype\": \"uint8\", \"samples\": 1, \"diffs\": [], \"errors\": [], \"verdict\": \"ok\"}\n"}
,{"stream_name":"stdout","time":1976.269770424,"data":"{\"op\": \"asinh\", \"dtype\": \"int16\", \"samples\": 1, \"diffs\": [], \"errors\": [], \"verdict\": \"ok\"}\n"}
,{"stream_name":"stdout","time":1976.269774425,"data":"{\"op\": \"asinh\", \"dtype\": \"int32\", \"samples\": 1, \"diffs\": [], \"errors\": [], \"verdict\": \"ok\"}\n"}
,{"stream_name":"stdout","time":1976.269778746,"data":"{\"op\": \"asinh\", \"dtype\": \"bool\", \"samples\": 1, \"diffs\": [], \"errors\": [], \"verdict\": \"ok\"}\n"}
,{"stream_name":"stdout","time":1976.269783022,"data":"{\"op\": \"atan\", \"dtype\": \"float32\", \"samples\": 1, \"diffs\": [], \"errors\": [], \"verdict\": \"ok\"}\n"}
,{"stream_name":"stdout","time":1976.269787694,"data":"{\"op\": \"atan\", \"dtype\": \"float16\", \"samples\": 1, \"diffs\": [], \"errors\": [], \"verdict\": \"ok\"}\n"}
,{"stream_name":"stdout","time":1976.269791918,"data":"{\"op\": \"atan\", \"dtype\": \"bfloat16\", \"samples\": 1, \"diffs\": [], \"errors\": [], \"verdict\": \"ok\"}\n"}
,{"stream_name":"stdout","time":1976.269798623,"data":"{\"op\": \"atan\", \"dtype\": \"int8\", \"samples\": 1, \"diffs\": [], \"errors\": [], \"verdict\": \"ok\"}\n"}
,{"stream_name":"stdout","time":1976.269802842,"data":"{\"op\": \"atan\", \"dtype\": \"uint8\", \"samples\": 1, \"diffs\": [], \"errors\": [], \"verdict\": \"ok\"}\n"}
,{"stream_name":"stdout","time":1976.269808374,"data":"{\"op\": \"atan\", \"dtype\": \"int16\", \"samples\": 1, \"diffs\": [], \"errors\": [], \"verdict\": \"ok\"}\n"}
,{"stream_name":"stdout","time":1976.269813104,"data":"{\"op\": \"atan\", \"dtype\": \"int32\", \"samples\": 1, \"diffs\": [], \"errors\": [], \"verdict\": \"ok\"}\n"}
,{"stream_name":"stdout","time":1976.269821634,"data":"{\"op\": \"atan\", \"dtype\": \"bool\", \"samples\": 1, \"diffs\": [], \"errors\": [], \"verdict\": \"ok\"}\n"}
,{"stream_name":"stdout","time":1976.269825795,"data":"{\"op\": \"atan2\", \"dtype\": \"float32\", \"samples\": 3, \"diffs\": [], \"errors\": [], \"verdict\": \"ok\"}\n"}
,{"stream_name":"stdout","time":1976.269830218,"data":"{\"op\": \"atan2\", \"dtype\": \"float16\", \"samples\": 3, \"diffs\": [], \"errors\": [], \"verdict\": \"ok\"}\n"}
,{"stream_name":"stdout","time":1976.269833992,"data":"{\"op\": \"atan2\", \"dtype\": \"bfloat16\", \"samples\": 3, \"diffs\": [], \"errors\": [], \"verdict\": \"ok\"}\n"}
,{"stream_name":"stdout","time":1976.269838605,"data":"{\"op\": \"atan2\", \"dtype\": \"int8\", \"samples\": 3, \"diffs\": [], \"errors\": [], \"verdict\": \"ok\"}\n"}
,{"stream_name":"stdout","time":1976.269842996,"data":"{\"op\": \"atan2\", \"dtype\": \"uint8\", \"samples\": 3, \"diffs\": [], \"errors\": [], \"verdict\": \"ok\"}\n"}
,{"stream_name":"stdout","time":1976.269847608,"data":"{\"op\": \"atan2\", \"dtype\": \"int16\", \"samples\": 3, \"diffs\": [], \"errors\": [], \"verdict\": \"ok\"}\n"}
,{"stream_name":"stdout","time":1976.269852052,"data":"{\"op\": \"atan2\", \"dtype\": \"int32\", \"samples\": 3, \"diffs\": [], \"errors\": [], \"verdict\": \"ok\"}\n"}
,{"stream_name":"stdout","time":1976.26985809,"data":"{\"op\": \"atan2\", \"dtype\": \"bool\", \"samples\": 3, \"diffs\": [], \"errors\": [], \"verdict\": \"ok\"}\n"}
,{"stream_name":"stdout","time":1976.269863278,"data":"{\"op\": \"atanh\", \"dtype\": \"float32\", \"samples\": 1, \"diffs\": [], \"errors\": [], \"verdict\": \"ok\"}\n"}
,{"stream_name":"stdout","time":1976.269867537,"data":"{\"op\": \"atanh\", \"dtype\": \"float16\", \"samples\": 1, \"diffs\": [], \"errors\": [], \"verdict\": \"ok\"}\n"}
,{"stream_name":"stdout","time":1976.269871977,"data":"{\"op\": \"atanh\", \"dtype\": \"bfloat16\", \"samples\": 1, \"diffs\": [], \"errors\": [], \"verdict\": \"ok\"}\n"}
,{"stream_name":"stdout","time":1976.26987674,"data":"{\"op\": \"atanh\", \"dtype\": \"int8\", \"samples\": 1, \"diffs\": [], \"errors\": [], \"verdict\": \"ok\"}\n"}
,{"stream_name":"stdout","time":1976.269880669,"data":"{\"op\": \"atanh\", \"dtype\": \"uint8\", \"samples\": 1, \"diffs\": [], \"errors\": [], \"verdict\": \"ok\"}\n"}
,{"stream_name":"stdout","time":1976.269885361,"data":"{\"op\": \"atanh\", \"dtype\": \"int16\", \"samples\": 1, \"diffs\": [], \"errors\": [], \"verdict\": \"ok\"}\n"}
,{"stream_name":"stdout","time":1976.269889302,"data":"{\"op\": \"atanh\", \"dtype\": \"int32\", \"samples\": 1, \"diffs\": [], \"errors\": [], \"verdict\": \"ok\"}\n"}
,{"stream_name":"stdout","time":1976.269893485,"data":"{\"op\": \"atanh\", \"dtype\": \"bool\", \"samples\": 1, \"diffs\": [], \"errors\": [], \"verdict\": \"ok\"}\n"}
,{"stream_name":"stdout","time":1976.269897806,"data":"{\"op\": \"allclose\", \"dtype\": \"float32\", \"samples\": 3, \"diffs\": [], \"errors\": [], \"verdict\": \"ok\"}\n"}
,{"stream_name":"stdout","time":1976.269902226,"data":"{\"op\": \"allclose\", \"dtype\": \"float16\", \"samples\": 3, \"diffs\": [], \"errors\": [], \"verdict\": \"ok\"}\n"}
,{"stream_name":"stdout","time":1976.269906358,"data":"{\"op\": \"allclose\", \"dtype\": \"bfloat16\", \"samples\": 3, \"diffs\": [], \"errors\": [], \"verdict\": \"ok\"}\n"}
,{"stream_name":"stdout","time":1976.269910844,"data":"{\"op\": \"broadcast_to\", \"dtype\": \"float32\", \"samples\": 3, \"diffs\": [], \"errors\": [], \"verdict\": \"ok\"}\n"}
,{"stream_name":"stdout","time":1976.269915613,"data":"{\"op\": \"broadcast_to\", \"dtype\": \"float16\", \"samples\": 3, \"diffs\": [], \"errors\": [], \"verdict\": \"ok\"}\n"}
,{"stream_name":"stdout","time":1976.269919754,"data":"{\"op\": \"broadcast_to\", \"dtype\": \"bfloat16\", \"samples\": 3, \"diffs\": [], \"errors\": [], \"verdict\": \"ok\"}\n"}
,{"stream_name":"stdout","time":1976.269945608,"data":"{\"op\": \"broadcast_to\", \"dtype\": \"int8\", \"samples\": 3, \"diffs\": [], \"errors\": [], \"verdict\": \"ok\"}\n"}
,{"stream_name":"stdout","time":1976.269956424,"data":"{\"op\": \"broadcast_to\", \"dtype\": \"uint8\", \"samples\": 3, \"diffs\": [], \"errors\": [], \"verdict\": \"ok\"}\n"}
,{"stream_name":"stdout","time":1976.269960958,"data":"{\"op\": \"broadcast_to\", \"dtype\": \"int16\", \"samples\": 3, \"diffs\": [], \"errors\": [], \"verdict\": \"ok\"}\n"}
,{"stream_name":"stdout","time":1976.269965282,"data":"{\"op\": \"broadcast_to\", \"dtype\": \"int32\", \"samples\": 3, \"diffs\": [], \"errors\": [], \"verdict\": \"ok\"}\n"}
,{"stream_name":"stdout","time":1976.269969691,"data":"{\"op\": \"broadcast_to\", \"dtype\": \"bool\", \"samples\": 3, \"diffs\": [], \"errors\": [], \"verdict\": \"ok\"}\n"}
,{"stream_name":"stdout","time":1976.26997389,"data":"{\"op\": \"broadcast_shapes\", \"dtype\": \"float32\", \"samples\": 3, \"diffs\": [], \"errors\": [], \"verdict\": \"ok\"}\n"}
,{"stream_name":"stdout","time":1976.269979347,"data":"{\"op\": \"broadcast_tensors\", \"dtype\": \"float32\", \"samples\": 1, \"diffs\": [], \"errors\": [], \"verdict\": \"ok\"}\n"}
,{"stream_name":"stdout","time":1976.269983803,"data":"{\"op\": \"broadcast_tensors\", \"dtype\": \"float16\", \"samples\": 1, \"diffs\": [], \"errors\": [], \"verdict\": \"ok\"}\n"}
,{"stream_name":"stdout","time":1976.269988464,"data":"{\"op\": \"broadcast_tensors\", \"dtype\": \"bfloat16\", \"samples\": 1, \"diffs\": [], \"errors\": [], \"verdict\": \"ok\"}\n"}
,{"stream_name":"stdout","time":1976.269993088,"data":"{\"op\": \"broadcast_tensors\", \"dtype\": \"int8\", \"samples\": 1, \"diffs\": [], \"errors\": [], \"verdict\": \"ok\"}\n"}
,{"stream_name":"stdout","time":1976.269997626,"data":"{\"op\": \"broadcast_tensors\", \"dtype\": \"uint8\", \"samples\": 1, \"diffs\": [], \"errors\": [], \"verdict\": \"ok\"}\n"}
,{"stream_name":"stdout","time":1976.270002125,"data":"{\"op\": \"broadcast_tensors\", \"dtype\": \"int16\", \"samples\": 1, \"diffs\": [], \"errors\": [], \"verdict\": \"ok\"}\n"}
,{"stream_name":"stdout","time":1976.270006384,"data":"{\"op\": \"broadcast_tensors\", \"dtype\": \"int32\", \"samples\": 1, \"diffs\": [], \"errors\": [], \"verdict\": \"ok\"}\n"}
,{"stream_name":"stdout","time":1976.270010764,"data":"{\"op\": \"broadcast_tensors\", \"dtype\": \"bool\", \"samples\": 1, \"diffs\": [], \"errors\": [], \"verdict\": \"ok\"}\n"}
,{"stream_name":"stdout","time":1976.270015003,"data":"{\"op\": \"block_diag\", \"dtype\": \"float32\", \"samples\": 3, \"diffs\": [], \"errors\": [], \"verdict\": \"ok\"}\n"}
,{"stream_name":"stdout","time":1976.270019307,"data":"{\"op\": \"block_diag\", \"dtype\": \"float16\", \"samples\": 3, \"diffs\": [], \"errors\": [], \"verdict\": \"ok\"}\n"}
,{"stream_name":"stdout","time":1976.270024234,"data":"{\"op\": \"block_diag\", \"dtype\": \"bfloat16\", \"samples\": 3, \"diffs\": [], \"errors\": [], \"verdict\": \"ok\"}\n"}
,{"stream_name":"stdout","time":1976.270028642,"data":"{\"op\": \"block_diag\", \"dtype\": \"int8\", \"samples\": 3, \"diffs\": [], \"errors\": [], \"verdict\": \"ok\"}\n"}
,{"stream_name":"stdout","time":1976.270032949,"data":"{\"op\": \"block_diag\", \"dtype\": \"uint8\", \"samples\": 3, \"diffs\": [], \"errors\": [], \"verdict\": \"ok\"}\n"}
,{"stream_name":"stdout","time":1976.270037337,"data":"{\"op\": \"block_diag\", \"dtype\": \"int16\", \"samples\": 3, \"diffs\": [], \"errors\": [], \"verdict\": \"ok\"}\n"}
,{"stream_name":"stdout","time":1976.270041794,"data":"{\"op\": \"block_diag\", \"dtype\": \"int32\", \"samples\": 3, \"diffs\": [], \"errors\": [], \"verdict\": \"ok\"}\n"}
,{"stream_name":"stdout","time":1976.270051155,"data":"{\"op\": \"block_diag\", \"dtype\": \"bool\", \"samples\": 3, \"diffs\": [], \"errors\": [], \"verdict\": \"ok\"}\n"}
,{"stream_name":"stdout","time":1976.270056333,"data":"{\"op\": \"bitwise_not\", \"dtype\": \"int8\", \"samples\": 3, \"diffs\": [], \"errors\": [], \"verdict\": \"ok\"}\n"}
,{"stream_name":"stdout","time":1976.270060708,"data":"{\"op\": \"bitwise_not\", \"dtype\": \"uint8\", \"samples\": 3, \"diffs\": [], \"errors\": [], \"verdict\": \"ok\"}\n"}
,{"stream_name":"stdout","time":1976.270065115,"data":"{\"op\": \"bitwise_not\", \"dtype\": \"int16\", \"samples\": 3, \"diffs\": [], \"errors\": [], \"verdict\": \"ok\"}\n"}
,{"stream_name":"stdout","time":1976.270069609,"data":"{\"op\": \"bitwise_not\", \"dtype\": \"int32\", \"samples\": 3, \"diffs\": [], \"errors\": [], \"verdict\": \"ok\"}\n"}
,{"stream_name":"stdout","time":1976.270074116,"data":"{\"op\": \"bitwise_not\", \"dtype\": \"bool\", \"samples\": 3, \"diffs\": [], \"errors\": [], \"verdict\": \"ok\"}\n"}
,{"stream_name":"stdout","time":1976.270078361,"data":"{\"op\": \"bitwise_left_shift\", \"dtype\": \"int8\", \"samples\": 3, \"diffs\": [], \"errors\": [], \"verdict\": \"ok\"}\n"}
,{"stream_name":"stdout","time":1976.270082358,"data":"{\"op\": \"bitwise_left_shift\", \"dtype\": \"uint8\", \"samples\": 3, \"diffs\": [], \"errors\": [], \"verdict\": \"ok\"}\n"}
,{"stream_name":"stdout","time":1976.270086364,"data":"{\"op\": \"bitwise_left_shift\", \"dtype\": \"int16\", \"samples\": 3, \"diffs\": [], \"errors\": [], \"verdict\": \"ok\"}\n"}
,{"stream_name":"stdout","time":1976.270091124,"data":"{\"op\": \"bitwise_left_shift\", \"dtype\": \"int32\", \"samples\": 3, \"diffs\": [], \"errors\": [], \"verdict\": \"ok\"}\n"}
,{"stream_name":"stdout","time":1976.270095385,"data":"{\"op\": \"bitwise_right_shift\", \"dtype\": \"int8\", \"samples\": 3, \"diffs\": [], \"errors\": [], \"verdict\": \"ok\"}\n"}
,{"stream_name":"stdout","time":1976.270099697,"data":"{\"op\": \"bitwise_right_shift\", \"dtype\": \"uint8\", \"samples\": 3, \"diffs\": [], \"errors\": [], \"verdict\": \"ok\"}\n"}
,{"stream_name":"stdout","time":1976.270104086,"data":"{\"op\": \"bitwise_right_shift\", \"dtype\": \"int16\", \"samples\": 3, \"diffs\": [], \"errors\": [], \"verdict\": \"ok\"}\n"}
,{"stream_name":"stdout","time":1976.270107992,"data":"{\"op\": \"bitwise_right_shift\", \"dtype\": \"int32\", \"samples\": 3, \"diffs\": [], \"errors\": [], \"verdict\": \"ok\"}\n"}
,{"stream_name":"stdout","time":1976.270112637,"data":"{\"op\": \"combinations\", \"dtype\": \"float32\", \"samples\": 3, \"diffs\": [], \"errors\": [], \"verdict\": \"ok\"}\n"}
,{"stream_name":"stdout","time":1976.270117164,"data":"{\"op\": \"combinations\", \"dtype\": \"float16\", \"samples\": 3, \"diffs\": [], \"errors\": [], \"verdict\": \"ok\"}\n"}
,{"stream_name":"stdout","time":1976.270121354,"data":"{\"op\": \"combinations\", \"dtype\": \"bfloat16\", \"samples\": 3, \"diffs\": [], \"errors\": [], \"verdict\": \"ok\"}\n"}
,{"stream_name":"stdout","time":1976.270125644,"data":"{\"op\": \"combinations\", \"dtype\": \"int8\", \"samples\": 3, \"diffs\": [], \"errors\": [], \"verdict\": \"ok\"}\n"}
,{"stream_name":"stdout","time":1976.270129741,"data":"{\"op\": \"combinations\", \"dtype\": \"uint8\", \"samples\": 3, \"diffs\": [], \"errors\": [], \"verdict\": \"ok\"}\n"}
,{"stream_name":"stdout","time":1976.270133724,"data":"{\"op\": \"combinations\", \"dtype\": \"int16\", \"samples\": 3, \"diffs\": [], \"errors\": [], \"verdict\": \"ok\"}\n"}
,{"stream_name":"stdout","time":1976.270138454,"data":"{\"op\": \"combinations\", \"dtype\": \"int32\", \"samples\": 3, \"diffs\": [], \"errors\": [], \"verdict\": \"ok\"}\n"}
,{"stream_name":"stdout","time":1976.270142652,"data":"{\"op\": \"combinations\", \"dtype\": \"bool\", \"samples\": 3, \"diffs\": [], \"errors\": [], \"verdict\": \"ok\"}\n"}
,{"stream_name":"stdout","time":1976.270149457,"data":"{\"op\": \"cartesian_prod\", \"dtype\": \"float32\", \"samples\": 3, \"diffs\": [], \"errors\": [], \"verdict\": \"ok\"}\n"}
,{"stream_name":"stdout","time":1976.270154367,"data":"{\"op\": \"cartesian_prod\", \"dtype\": \"float16\", \"samples\": 3, \"diffs\": [], \"errors\": [], \"verdict\": \"ok\"}\n"}
,{"stream_name":"stdout","time":1976.270158702,"data":"{\"op\": \"cartesian_prod\", \"dtype\": \"bfloat16\", \"samples\": 3, \"diffs\": [], \"errors\": [], \"verdict\": \"ok\"}\n"}
,{"stream_name":"stdout","time":1976.270162836,"data":"{\"op\": \"cartesian_prod\", \"dtype\": \"int8\", \"samples\": 3, \"diffs\": [], \"errors\": [], \"verdict\": \"ok\"}\n"}
,{"stream_name":"stdout","time":1976.270167498,"data":"{\"op\": \"cartesian_prod\", \"dtype\": \"uint8\", \"samples\": 3, \"diffs\": [], \"errors\": [], \"verdict\": \"ok\"}\n"}
,{"stream_name":"stdout","time":1976.270171822,"data":"{\"op\": \"cartesian_prod\", \"dtype\": \"int16\", \"samples\": 3, \"diffs\": [], \"errors\": [], \"verdict\": \"ok\"}\n"}
,{"stream_name":"stdout","time":1976.270176152,"data":"{\"op\": \"cartesian_prod\", \"dtype\": \"int32\", \"samples\": 3, \"diffs\": [], \"errors\": [], \"verdict\": \"ok\"}\n"}
,{"stream_name":"stdout","time":1976.270180552,"data":"{\"op\": \"cartesian_prod\", \"dtype\": \"bool\", \"samples\": 3, \"diffs\": [], \"errors\": [], \"verdict\": \"ok\"}\n"}
,{"stream_name":"stdout","time":1976.270184587,"data":"{\"op\": \"cdist\", \"dtype\": \"float32\", \"samples\": 3, \"diffs\": [], \"errors\": [], \"verdict\": \"ok\"}\n"}
,{"stream_name":"stdout","time":1976.270188701,"data":"{\"op\": \"ceil\", \"dtype\": \"float32\", \"samples\": 1, \"diffs\": [], \"errors\": [], \"verdict\": \"ok\"}\n"}
,{"stream_name":"stdout","time":1976.270192937,"data":"{\"op\": \"ceil\", \"dtype\": \"float16\", \"samples\": 1, \"diffs\": [], \"errors\": [], \"verdict\": \"ok\"}\n"}
,{"stream_name":"stdout","time":1976.270197369,"data":"{\"op\": \"ceil\", \"dtype\": \"bfloat16\", \"samples\": 1, \"diffs\": [], \"errors\": [], \"verdict\": \"ok\"}\n"}
,{"stream_name":"stdout","time":1976.270202077,"data":"{\"op\": \"ceil\", \"dtype\": \"int8\", \"samples\": 1, \"diffs\": [], \"errors\": [], \"verdict\": \"ok\"}\n"}
,{"stream_name":"stdout","time":1976.270230494,"data":"{\"op\": \"ceil\", \"dtype\": \"uint8\", \"samples\": 1, \"diffs\": [], \"errors\": [], \"verdict\": \"ok\"}\n"}
,{"stream_name":"stdout","time":1976.27023536,"data":"{\"op\": \"ceil\", \"dtype\": \"int16\", \"samples\": 1, \"diffs\": [], \"errors\": [], \"verdict\": \"ok\"}\n"}
,{"stream_name":"stdout","time":1976.270259265,"data":"{\"op\": \"ceil\", \"dtype\": \"int32\", \"samples\": 1, \"diffs\": [], \"errors\": [], \"verdict\": \"ok\"}\n"}
,{"stream_name":"stdout","time":1976.270263909,"data":"{\"op\": \"chunk\", \"dtype\": \"float32\", \"samples\": 3, \"diffs\": [], \"errors\": [], \"verdict\": \"ok\"}\n"}
,{"stream_name":"stdout","time":1976.270267777,"data":"{\"op\": \"chunk\", \"dtype\": \"float16\", \"samples\": 3, \"diffs\": [], \"errors\": [], \"verdict\": \"ok\"}\n"}
,{"stream_name":"stdout","time":1976.27027175,"data":"{\"op\": \"chunk\", \"dtype\": \"bfloat16\", \"samples\": 3, \"diffs\": [], \"errors\": [], \"verdict\": \"ok\"}\n"}
,{"stream_name":"stdout","time":1976.270276231,"data":"{\"op\": \"chunk\", \"dtype\": \"int8\", \"samples\": 3, \"diffs\": [], \"errors\": [], \"verdict\": \"ok\"}\n"}
,{"stream_name":"stdout","time":1976.270280577,"data":"{\"op\": \"chunk\", \"dtype\": \"uint8\", \"samples\": 3, \"diffs\": [], \"errors\": [], \"verdict\": \"ok\"}\n"}
,{"stream_name":"stdout","time":1976.270285046,"data":"{\"op\": \"chunk\", \"dtype\": \"int16\", \"samples\": 3, \"diffs\": [], \"errors\": [], \"verdict\": \"ok\"}\n"}
,{"stream_name":"stdout","time":1976.270294047,"data":"{\"op\": \"chunk\", \"dtype\": \"int32\", \"samples\": 3, \"diffs\": [], \"errors\": [], \"verdict\": \"ok\"}\n"}
,{"stream_name":"stdout","time":1976.27029774,"data":"{\"op\": \"chunk\", \"dtype\": \"bool\", \"samples\": 3, \"diffs\": [], \"errors\": [], \"verdict\": \"ok\"}\n"}
,{"stream_name":"stdout","time":1976.270301573,"data":"{\"op\": \"unsafe_chunk\", \"dtype\": \"float32\", \"samples\": 3, \"diffs\": [], \"errors\": [], \"verdict\": \"ok\"}\n"}
,{"stream_name":"stdout","time":1976.27030657,"data":"{\"op\": \"unsafe_chunk\", \"dtype\": \"float16\", \"samples\": 3, \"diffs\": [], \"errors\": [], \"verdict\": \"ok\"}\n"}
,{"stream_name":"stdout","time":1976.270311027,"data":"{\"op\": \"unsafe_chunk\", \"dtype\": \"bfloat16\", \"samples\": 3, \"diffs\": [], \"errors\": [], \"verdict\": \"ok\"}\n"}
,{"stream_name":"stdout","time":1976.270315194,"data":"{\"op\": \"unsafe_chunk\", \"dtype\": \"int8\", \"samples\": 3, \"diffs\": [], \"errors\": [], \"verdict\": \"ok\"}\n"}
,{"stream_name":"stdout","time":1976.270319389,"data":"{\"op\": \"unsafe_chunk\", \"dtype\": \"uint8\", \"samples\": 3, \"diffs\": [], \"errors\": [], \"verdict\": \"ok\"}\n"}
,{"stream_name":"stdout","time":1976.270323736,"data":"{\"op\": \"unsafe_chunk\", \"dtype\": \"int16\", \"samples\": 3, \"diffs\": [], \"errors\": [], \"verdict\": \"ok\"}\n"}
,{"stream_name":"stdout","time":1976.270327614,"data":"{\"op\": \"unsafe_chunk\", \"dtype\": \"int32\", \"samples\": 3, \"diffs\": [], \"errors\": [], \"verdict\": \"ok\"}\n"}
,{"stream_name":"stdout","time":1976.270331733,"data":"{\"op\": \"unsafe_chunk\", \"dtype\": \"bool\", \"samples\": 3, \"diffs\": [], \"errors\": [], \"verdict\": \"ok\"}\n"}
,{"stream_name":"stdout","time":1976.270335749,"data":"{\"op\": \"clone\", \"dtype\": \"float32\", \"samples\": 2, \"diffs\": [], \"errors\": [], \"verdict\": \"ok\"}\n"}
,{"stream_name":"stdout","time":1976.270339831,"data":"{\"op\": \"clone\", \"dtype\": \"float16\", \"samples\": 2, \"diffs\": [], \"errors\": [], \"verdict\": \"ok\"}\n"}
,{"stream_name":"stdout","time":1976.270343854,"data":"{\"op\": \"clone\", \"dtype\": \"bfloat16\", \"samples\": 2, \"diffs\": [], \"errors\": [], \"verdict\": \"ok\"}\n"}
,{"stream_name":"stdout","time":1976.270348146,"data":"{\"op\": \"clone\", \"dtype\": \"int8\", \"samples\": 2, \"diffs\": [], \"errors\": [], \"verdict\": \"ok\"}\n"}
,{"stream_name":"stdout","time":1976.270351916,"data":"{\"op\": \"clone\", \"dtype\": \"uint8\", \"samples\": 2, \"diffs\": [], \"errors\": [], \"verdict\": \"ok\"}\n"}
,{"stream_name":"stdout","time":1976.270356209,"data":"{\"op\": \"clone\", \"dtype\": \"int16\", \"samples\": 2, \"diffs\": [], \"errors\": [], \"verdict\": \"ok\"}\n"}
,{"stream_name":"stdout","time":1976.270360742,"data":"{\"op\": \"clone\", \"dtype\": \"int32\", \"samples\": 2, \"diffs\": [], \"errors\": [], \"verdict\": \"ok\"}\n"}
,{"stream_name":"stdout","time":1976.270364469,"data":"{\"op\": \"clone\", \"dtype\": \"bool\", \"samples\": 2, \"diffs\": [], \"errors\": [], \"verdict\": \"ok\"}\n"}
,{"stream_name":"stdout","time":1976.270368897,"data":"{\"op\": \"contiguous\", \"dtype\": \"float32\", \"samples\": 2, \"diffs\": [], \"errors\": [], \"verdict\": \"ok\"}\n"}
,{"stream_name":"stdout","time":1976.270373677,"data":"{\"op\": \"contiguous\", \"dtype\": \"float16\", \"samples\": 2, \"diffs\": [], \"errors\": [], \"verdict\": \"ok\"}\n"}
,{"stream_name":"stdout","time":1976.270378593,"data":"{\"op\": \"contiguous\", \"dtype\": \"bfloat16\", \"samples\": 2, \"diffs\": [], \"errors\": [], \"verdict\": \"ok\"}\n"}
,{"stream_name":"stdout","time":1976.270383131,"data":"{\"op\": \"contiguous\", \"dtype\": \"int8\", \"samples\": 2, \"diffs\": [], \"errors\": [], \"verdict\": \"ok\"}\n"}
,{"stream_name":"stdout","time":1976.270387979,"data":"{\"op\": \"contiguous\", \"dtype\": \"uint8\", \"samples\": 2, \"diffs\": [], \"errors\": [], \"verdict\": \"ok\"}\n"}
,{"stream_name":"stdout","time":1976.270396205,"data":"{\"op\": \"contiguous\", \"dtype\": \"int16\", \"samples\": 2, \"diffs\": [], \"errors\": [], \"verdict\": \"ok\"}\n"}
,{"stream_name":"stdout","time":1976.270401001,"data":"{\"op\": \"contiguous\", \"dtype\": \"int32\", \"samples\": 2, \"diffs\": [], \"errors\": [], \"verdict\": \"ok\"}\n"}
,{"stream_name":"stdout","time":1976.270405441,"data":"{\"op\": \"contiguous\", \"dtype\": \"bool\", \"samples\": 2, \"diffs\": [], \"errors\": [], \"verdict\": \"ok\"}\n"}
,{"stream_name":"stdout","time":1976.270409931,"data":"{\"op\": \"sum_to_size\", \"dtype\": \"float32\", \"samples\": 3, \"diffs\": [], \"errors\": [], \"verdict\": \"ok\"}\n"}
,{"stream_name":"stdout","time":1976.270414645,"data":"{\"op\": \"sum_to_size\", \"dtype\": \"float16\", \"samples\": 3, \"diffs\": [], \"errors\": [], \"verdict\": \"ok\"}\n"}
,{"stream_name":"stdout","time":1976.270418942,"data":"{\"op\": \"sum_to_size\", \"dtype\": \"bfloat16\", \"samples\": 3, \"diffs\": [], \"errors\": [], \"verdict\": \"ok\"}\n"}
,{"stream_name":"stdout","time":1976.270423454,"data":"{\"op\": \"sum_to_size\", \"dtype\": \"int8\", \"samples\": 3, \"diffs\": [], \"errors\": [], \"verdict\": \"ok\"}\n"}
,{"stream_name":"stdout","time":1976.270427891,"data":"{\"op\": \"sum_to_size\", \"dtype\": \"uint8\", \"samples\": 3, \"diffs\": [], \"errors\": [], \"verdict\": \"ok\"}\n"}
,{"stream_name":"stdout","time":1976.270432309,"data":"{\"op\": \"sum_to_size\", \"dtype\": \"int16\", \"samples\": 3, \"diffs\": [], \"errors\": [], \"verdict\": \"ok\"}\n"}
,{"stream_name":"stdout","time":1976.270436563,"data":"{\"op\": \"sum_to_size\", \"dtype\": \"int32\", \"samples\": 3, \"diffs\": [], \"errors\": [], \"verdict\": \"ok\"}\n"}
,{"stream_name":"stdout","time":1976.270440901,"data":"{\"op\": \"sum_to_size\", \"dtype\": \"bool\", \"samples\": 3, \"diffs\": [], \"errors\": [], \"verdict\": \"ok\"}\n"}
,{"stream_name":"stdout","time":1976.270445431,"data":"{\"op\": \"clamp\", \"dtype\": \"float32\", \"samples\": 3, \"diffs\": [], \"errors\": [], \"verdict\": \"ok\"}\n"}
,{"stream_name":"stdout","time":1976.27044991,"data":"{\"op\": \"clamp\", \"dtype\": \"float16\", \"samples\": 3, \"diffs\": [], \"errors\": [], \"verdict\": \"ok\"}\n"}
,{"stream_name":"stdout","time":1976.270454213,"data":"{\"op\": \"clamp\", \"dtype\": \"bfloat16\", \"samples\": 3, \"diffs\": [], \"errors\": [], \"verdict\": \"ok\"}\n"}
,{"stream_name":"stdout","time":1976.270458981,"data":"{\"op\": \"clamp\", \"dtype\": \"int8\", \"samples\": 3, \"diffs\": [], \"errors\": [], \"verdict\": \"ok\"}\n"}
,{"stream_name":"stdout","time":1976.270463221,"data":"{\"op\": \"clamp\", \"dtype\": \"uint8\", \"samples\": 3, \"diffs\": [], \"errors\": [], \"verdict\": \"ok\"}\n"}
,{"stream_name":"stdout","time":1976.270467601,"data":"{\"op\": \"clamp\", \"dtype\": \"int16\", \"samples\": 3, \"diffs\": [], \"errors\": [], \"verdict\": \"ok\"}\n"}
,{"stream_name":"stdout","time":1976.270472316,"data":"{\"op\": \"clamp\", \"dtype\": \"int32\", \"samples\": 3, \"diffs\": [], \"errors\": [], \"verdict\": \"ok\"}\n"}
,{"stream_name":"stdout","time":1976.270476644,"data":"{\"op\": \"positive\", \"dtype\": \"float32\", \"samples\": 1, \"diffs\": [], \"errors\": [], \"verdict\": \"ok\"}\n"}
,{"stream_name":"stdout","time":1976.270481137,"data":"{\"op\": \"positive\", \"dtype\": \"float16\", \"samples\": 1, \"diffs\": [], \"errors\": [], \"verdict\": \"ok\"}\n"}
,{"stream_name":"stdout","time":1976.270485138,"data":"{\"op\": \"positive\", \"dtype\": \"bfloat16\", \"samples\": 1, \"diffs\": [], \"errors\": [], \"verdict\": \"ok\"}\n"}
,{"stream_name":"stdout","time":1976.270489386,"data":"{\"op\": \"positive\", \"dtype\": \"int8\", \"samples\": 1, \"diffs\": [], \"errors\": [], \"verdict\": \"ok\"}\n"}
,{"stream_name":"stdout","time":1976.270496797,"data":"{\"op\": \"positive\", \"dtype\": \"uint8\", \"samples\": 1, \"diffs\": [], \"errors\": [], \"verdict\": \"ok\"}\n"}
,{"stream_name":"stdout","time":1976.270501374,"data":"{\"op\": \"positive\", \"dtype\": \"int16\", \"samples\": 1, \"diffs\": [], \"errors\": [], \"verdict\": \"ok\"}\n"}
,{"stream_name":"stdout","time":1976.270505989,"data":"{\"op\": \"positive\", \"dtype\": \"int32\", \"samples\": 1, \"diffs\": [], \"errors\": [], \"verdict\": \"ok\"}\n"}
,{"stream_name":"stdout","time":1976.270510302,"data":"{\"op\": \"conj\", \"dtype\": \"float32\", \"samples\": 3, \"diffs\": [], \"errors\": [], \"verdict\": \"ok\"}\n"}
,{"stream_name":"stdout","time":1976.270514861,"data":"{\"op\": \"conj\", \"dtype\": \"float16\", \"samples\": 3, \"diffs\": [], \"errors\": [], \"verdict\": \"ok\"}\n"}
,{"stream_name":"stdout","time":1976.270519237,"data":"{\"op\": \"conj\", \"dtype\": \"bfloat16\", \"samples\": 3, \"diffs\": [], \"errors\": [], \"verdict\": \"ok\"}\n"}
,{"stream_name":"stdout","time":1976.270523505,"data":"{\"op\": \"conj\", \"dtype\": \"int8\", \"samples\": 3, \"diffs\": [], \"errors\": [], \"verdict\": \"ok\"}\n"}
,{"stream_name":"stdout","time":1976.270527698,"data":"{\"op\": \"conj\", \"dtype\": \"uint8\", \"samples\": 3, \"diffs\": [], \"errors\": [], \"verdict\": \"ok\"}\n"}
,{"stream_name":"stdout","time":1976.270532333,"data":"{\"op\": \"conj\", \"dtype\": \"int16\", \"samples\": 3, \"diffs\": [], \"errors\": [], \"verdict\": \"ok\"}\n"}
,{"stream_name":"stdout","time":1976.27053658,"data":"{\"op\": \"conj\", \"dtype\": \"int32\", \"samples\": 3, \"diffs\": [], \"errors\": [], \"verdict\": \"ok\"}\n"}
,{"stream_name":"stdout","time":1976.270541086,"data":"{\"op\": \"conj\", \"dtype\": \"bool\", \"samples\": 3, \"diffs\": [], \"errors\": [], \"verdict\": \"ok\"}\n"}
,{"stream_name":"stdout","time":1976.270545494,"data":"{\"op\": \"conj_physical\", \"dtype\": \"float32\", \"samples\": 1, \"diffs\": [], \"errors\": [], \"verdict\": \"ok\"}\n"}
,{"stream_name":"stdout","time":1976.270550217,"data":"{\"op\": \"conj_physical\", \"dtype\": \"float16\", \"samples\": 1, \"diffs\": [], \"errors\": [], \"verdict\": \"ok\"}\n"}
,{"stream_name":"stdout","time":1976.270554763,"data":"{\"op\": \"conj_physical\", \"dtype\": \"bfloat16\", \"samples\": 1, \"diffs\": [], \"errors\": [], \"verdict\": \"ok\"}\n"}
,{"stream_name":"stdout","time":1976.270559172,"data":"{\"op\": \"conj_physical\", \"dtype\": \"int8\", \"samples\": 1, \"diffs\": [], \"errors\": [], \"verdict\": \"ok\"}\n"}
,{"stream_name":"stdout","time":1976.270563822,"data":"{\"op\": \"conj_physical\", \"dtype\": \"uint8\", \"samples\": 1, \"diffs\": [], \"errors\": [], \"verdict\": \"ok\"}\n"}
,{"stream_name":"stdout","time":1976.270567959,"data":"{\"op\": \"conj_physical\", \"dtype\": \"int16\", \"samples\": 1, \"diffs\": [], \"errors\": [], \"verdict\": \"ok\"}\n"}
,{"stream_name":"stdout","time":1976.270572413,"data":"{\"op\": \"conj_physical\", \"dtype\": \"int32\", \"samples\": 1, \"diffs\": [], \"errors\": [], \"verdict\": \"ok\"}\n"}
,{"stream_name":"stdout","time":1976.270576721,"data":"{\"op\": \"conj_physical\", \"dtype\": \"bool\", \"samples\": 1, \"diffs\": [], \"errors\": [], \"verdict\": \"ok\"}\n"}
,{"stream_name":"stdout","time":1976.270581121,"data":"{\"op\": \"view_as_complex\", \"dtype\": \"float32\", \"samples\": 1, \"diffs\": [], \"errors\": [], \"verdict\": \"ok\"}\n"}
,{"stream_name":"stdout","time":1976.270585361,"data":"{\"op\": \"view_as_complex\", \"dtype\": \"float16\", \"samples\": 1, \"diffs\": [], \"errors\": [], \"verdict\": \"ok\"}\n"}
,{"stream_name":"stdout","time":1976.270590084,"data":"{\"op\": \"complex\", \"dtype\": \"float32\", \"samples\": 3, \"diffs\": [], \"errors\": [], \"verdict\": \"ok\"}\n"}
,{"stream_name":"stdout","time":1976.270597778,"data":"{\"op\": \"complex\", \"dtype\": \"float16\", \"samples\": 3, \"diffs\": [], \"errors\": [], \"verdict\": \"ok\"}\n"}
,{"stream_name":"stdout","time":1976.270602239,"data":"{\"op\": \"copysign\", \"dtype\": \"float32\", \"samples\": 3, \"diffs\": [], \"errors\": [], \"verdict\": \"ok\"}\n"}
,{"stream_name":"stdout","time":1976.270606449,"data":"{\"op\": \"copysign\", \"dtype\": \"float16\", \"samples\": 3, \"diffs\": [], \"errors\": [], \"verdict\": \"ok\"}\n"}
,{"stream_name":"stdout","time":1976.270610818,"data":"{\"op\": \"copysign\", \"dtype\": \"bfloat16\", \"samples\": 3, \"diffs\": [], \"errors\": [], \"verdict\": \"ok\"}\n"}
,{"stream_name":"stdout","time":1976.270615142,"data":"{\"op\": \"copysign\", \"dtype\": \"int8\", \"samples\": 3, \"diffs\": [], \"errors\": [], \"verdict\": \"ok\"}\n"}
,{"stream_name":"stdout","time":1976.270619704,"data":"{\"op\": \"copysign\", \"dtype\": \"uint8\", \"samples\": 3, \"diffs\": [], \"errors\": [], \"verdict\": \"ok\"}\n"}
,{"stream_name":"stdout","time":1976.270623856,"data":"{\"op\": \"copysign\", \"dtype\": \"int16\", \"samples\": 3, \"diffs\": [], \"errors\": [], \"verdict\": \"ok\"}\n"}
,{"stream_name":"stdout","time":1976.270628396,"data":"{\"op\": \"copysign\", \"dtype\": \"int32\", \"samples\": 3, \"diffs\": [], \"errors\": [], \"verdict\": \"ok\"}\n"}
,{"stream_name":"stdout","time":1976.270632821,"data":"{\"op\": \"copysign\", \"dtype\": \"bool\", \"samples\": 3, \"diffs\": [], \"errors\": [], \"verdict\": \"ok\"}\n"}
,{"stream_name":"stdout","time":1976.270637653,"data":"{\"op\": \"corrcoef\", \"dtype\": \"float32\", \"samples\": 3, \"diffs\": [], \"errors\": [], \"verdict\": \"ok\"}\n"}
,{"stream_name":"stdout","time":1976.270642187,"data":"{\"op\": \"corrcoef\", \"dtype\": \"float16\", \"samples\": 3, \"diffs\": [], \"errors\": [], \"verdict\": \"ok\"}\n"}
,{"stream_name":"stdout","time":1976.270646932,"data":"{\"op\": \"corrcoef\", \"dtype\": \"bfloat16\", \"samples\": 3, \"diffs\": [], \"errors\": [], \"verdict\": \"ok\"}\n"}
,{"stream_name":"stdout","time":1976.270651311,"data":"{\"op\": \"corrcoef\", \"dtype\": \"int8\", \"samples\": 3, \"diffs\": [], \"errors\": [], \"verdict\": \"ok\"}\n"}
,{"stream_name":"stdout","time":1976.270655547,"data":"{\"op\": \"corrcoef\", \"dtype\": \"uint8\", \"samples\": 3, \"diffs\": [], \"errors\": [], \"verdict\": \"ok\"}\n"}
,{"stream_name":"stdout","time":1976.270659929,"data":"{\"op\": \"corrcoef\", \"dtype\": \"int16\", \"samples\": 3, \"diffs\": [], \"errors\": [], \"verdict\": \"ok\"}\n"}
,{"stream_name":"stdout","time":1976.270664253,"data":"{\"op\": \"corrcoef\", \"dtype\": \"int32\", \"samples\": 3, \"diffs\": [], \"errors\": [], \"verdict\": \"ok\"}\n"}
,{"stream_name":"stdout","time":1976.270668889,"data":"{\"op\": \"cos\", \"dtype\": \"float32\", \"samples\": 3, \"diffs\": [], \"errors\": [], \"verdict\": \"ok\"}\n"}
,{"stream_name":"stdout","time":1976.270673247,"data":"{\"op\": \"cos\", \"dtype\": \"float16\", \"samples\": 3, \"diffs\": [], \"errors\": [], \"verdict\": \"ok\"}\n"}
,{"stream_name":"stdout","time":1976.270677664,"data":"{\"op\": \"cos\", \"dtype\": \"bfloat16\", \"samples\": 3, \"diffs\": [], \"errors\": [], \"verdict\": \"ok\"}\n"}
,{"stream_name":"stdout","time":1976.270681791,"data":"{\"op\": \"cos\", \"dtype\": \"int8\", \"samples\": 3, \"diffs\": [], \"errors\": [], \"verdict\": \"ok\"}\n"}
,{"stream_name":"stdout","time":1976.270686144,"data":"{\"op\": \"cos\", \"dtype\": \"uint8\", \"samples\": 3, \"diffs\": [], \"errors\": [], \"verdict\": \"ok\"}\n"}
,{"stream_name":"stdout","time":1976.270690677,"data":"{\"op\": \"cos\", \"dtype\": \"int16\", \"samples\": 3, \"diffs\": [], \"errors\": [], \"verdict\": \"ok\"}\n"}
,{"stream_name":"stdout","time":1976.270696724,"data":"{\"op\": \"cos\", \"dtype\": \"int32\", \"samples\": 3, \"diffs\": [], \"errors\": [], \"verdict\": \"ok\"}\n"}
,{"stream_name":"stdout","time":1976.270704487,"data":"{\"op\": \"cos\", \"dtype\": \"bool\", \"samples\": 3, \"diffs\": [], \"errors\": [], \"verdict\": \"ok\"}\n"}
,{"stream_name":"stdout","time":1976.270708937,"data":"{\"op\": \"cosh\", \"dtype\": \"float32\", \"samples\": 3, \"diffs\": [], \"errors\": [], \"verdict\": \"ok\"}\n"}
,{"stream_name":"stdout","time":1976.270713141,"data":"{\"op\": \"cosh\", \"dtype\": \"float16\", \"samples\": 3, \"diffs\": [], \"errors\": [], \"verdict\": \"ok\"}\n"}
,{"stream_name":"stdout","time":1976.270717552,"data":"{\"op\": \"cosh\", \"dtype\": \"bfloat16\", \"samples\": 3, \"diffs\": [], \"errors\": [], \"verdict\": \"ok\"}\n"}
,{"stream_name":"stdout","time":1976.270721938,"data":"{\"op\": \"cosh\", \"dtype\": \"int8\", \"samples\": 3, \"diffs\": [], \"errors\": [], \"verdict\": \"ok\"}\n"}
,{"stream_name":"stdout","time":1976.270726129,"data":"{\"op\": \"cosh\", \"dtype\": \"uint8\", \"samples\": 3, \"diffs\": [], \"errors\": [], \"verdict\": \"ok\"}\n"}
,{"stream_name":"stdout","time":1976.270731326,"data":"{\"op\": \"cosh\", \"dtype\": \"int16\", \"samples\": 3, \"diffs\": [], \"errors\": [], \"verdict\": \"ok\"}\n"}
,{"stream_name":"stdout","time":1976.270735782,"data":"{\"op\": \"cosh\", \"dtype\": \"int32\", \"samples\": 3, \"diffs\": [], \"errors\": [], \"verdict\": \"ok\"}\n"}
,{"stream_name":"stdout","time":1976.270739951,"data":"{\"op\": \"cosh\", \"dtype\": \"bool\", \"samples\": 3, \"diffs\": [], \"errors\": [], \"verdict\": \"ok\"}\n"}
,{"stream_name":"stdout","time":1976.2707447,"data":"{\"op\": \"cov\", \"dtype\": \"float32\", \"samples\": 3, \"diffs\": [], \"errors\": [], \"verdict\": \"ok\"}\n"}
,{"stream_name":"stdout","time":1976.270748847,"data":"{\"op\": \"cov\", \"dtype\": \"float16\", \"samples\": 3, \"diffs\": [], \"errors\": [], \"verdict\": \"ok\"}\n"}
,{"stream_name":"stdout","time":1976.270767692,"data":"{\"op\": \"cov\", \"dtype\": \"bfloat16\", \"samples\": 3, \"diffs\": [], \"errors\": [], \"verdict\": \"ok\"}\n"}
,{"stream_name":"stdout","time":1976.270772566,"data":"{\"op\": \"cov\", \"dtype\": \"int8\", \"samples\": 3, \"diffs\": [], \"errors\": [], \"verdict\": \"ok\"}\n"}
,{"stream_name":"stdout","time":1976.270776779,"data":"{\"op\": \"cov\", \"dtype\": \"uint8\", \"samples\": 3, \"diffs\": [], \"errors\": [], \"verdict\": \"ok\"}\n"}
,{"stream_name":"stdout","time":1976.270781638,"data":"{\"op\": \"cov\", \"dtype\": \"int16\", \"samples\": 3, \"diffs\": [], \"errors\": [], \"verdict\": \"ok\"}\n"}
,{"stream_name":"stdout","time":1976.27078625,"data":"{\"op\": \"cov\", \"dtype\": \"int32\", \"samples\": 3, \"diffs\": [], \"errors\": [], \"verdict\": \"ok\"}\n"}
,{"stream_name":"stdout","time":1976.270790483,"data":"{\"op\": \"cross\", \"dtype\": \"float32\", \"samples\": 3, \"diffs\": [], \"errors\": [], \"verdict\": \"ok\"}\n"}
,{"stream_name":"stdout","time":1976.270796784,"data":"{\"op\": \"cross\", \"dtype\": \"float16\", \"samples\": 3, \"diffs\": [{\"i\": 1, \"class\": \"VALUE\", \"detail\": \"nan pattern at [0, 0, 1]: eager nan compiled 0.0\", \"repr\": \"SampleInput(input=tensor([[[-6.7109,  5.7031,  0.7920,  2.8809, -4.1016],\\n         [ 8.5234, -1.9736, -2.8906,  0.8120,  4.1602],\\n         [-2.0449,  1.7256,  4.6406, -5.1719,  3.9570]],\\n\\n        [[ 8.7188,  0.9326, -7.2344, -7.9531,  1.5098],\\n         [-7.0508,  8.0312, -3.2930,  5.9922,  3.0176],\\n\"}], \"errors\": [], \"verdict\": \"DIFF:VALUE\"}\n"}
,{"stream_name":"stdout","time":1976.270806271,"data":"{\"op\": \"cross\", \"dtype\": \"bfloat16\", \"samples\": 3, \"diffs\": [], \"errors\": [], \"verdict\": \"ok\"}\n"}
,{"stream_name":"stdout","time":1976.270810711,"data":"{\"op\": \"cross\", \"dtype\": \"int8\", \"samples\": 3, \"diffs\": [], \"errors\": [], \"verdict\": \"ok\"}\n"}
,{"stream_name":"stdout","time":1976.270818711,"data":"{\"op\": \"cross\", \"dtype\": \"uint8\", \"samples\": 3, \"diffs\": [], \"errors\": [], \"verdict\": \"ok\"}\n"}
,{"stream_name":"stdout","time":1976.270823114,"data":"{\"op\": \"cross\", \"dtype\": \"int16\", \"samples\": 3, \"diffs\": [], \"errors\": [], \"verdict\": \"ok\"}\n"}
,{"stream_name":"stdout","time":1976.270827667,"data":"{\"op\": \"cross\", \"dtype\": \"int32\", \"samples\": 3, \"diffs\": [], \"errors\": [], \"verdict\": \"ok\"}\n"}
,{"stream_name":"stdout","time":1976.270834999,"data":"{\"op\": \"cumsum\", \"dtype\": \"float32\", \"samples\": 3, \"diffs\": [{\"i\": 0, \"class\": \"SIGNZERO\", \"detail\": \"sign of zero\", \"repr\": \"SampleInput(input=tensor([[[-6.7103,  5.7013,  0.7920,  2.8814, -4.1030],\\n         [ 8.5261, -1.9740, -2.8899,  0.8122,  4.1615],\\n         [-2.0441,  1.7259,  4.6410, -5.1733,  3.9563],\\n         [ 8.7209,  0.9328, -7.2351, -7.9526,  1.5101],\\n         [-7.0509,  8.0298, -3.2934,  5.9912,  3.0169]],\\n\\n\"}, {\"i\": 1, \"class\": \"SIGNZERO\", \"detail\": \"sign of zero\", \"repr\": \"SampleInput(input=tensor([[[-6.7103,  5.7013,  0.7920,  2.8814, -4.1030],\\n         [ 8.5261, -1.9740, -2.8899,  0.8122,  4.1615],\\n         [-2.0441,  1.7259,  4.6410, -5.1733,  3.9563],\\n         [ 8.7209,  0.9328, -7.2351, -7.9526,  1.5101],\\n         [-7.0509,  8.0298, -3.2934,  5.9912,  3.0169]],\\n\\n\"}], \"errors\": [], \"verdict\": \"DIFF:SIGNZERO\"}\n"}
,{"stream_name":"stdout","time":1976.270844442,"data":"{\"op\": \"cumsum\", \"dtype\": \"float16\", \"samples\": 3, \"diffs\": [{\"i\": 0, \"class\": \"VALUE\", \"detail\": \"value rel 1: eager 0.0 compiled 1.0\", \"repr\": \"SampleInput(input=tensor([[[-6.7109,  5.7031,  0.7920,  2.8809, -4.1016],\\n         [ 8.5234, -1.9736, -2.8906,  0.8120,  4.1602],\\n         [-2.0449,  1.7256,  4.6406, -5.1719,  3.9570],\\n         [ 8.7188,  0.9326, -7.2344, -7.9531,  1.5098],\\n         [-7.0508,  8.0312, -3.2930,  5.9922,  3.0176]],\\n\\n\"}, {\"i\": 1, \"class\": \"SIGNZERO\", \"detail\": \"sign of zero\", \"repr\": \"SampleInput(input=tensor([[[-6.7109,  5.7031,  0.7920,  2.8809, -4.1016],\\n         [ 8.5234, -1.9736, -2.8906,  0.8120,  4.1602],\\n         [-2.0449,  1.7256,  4.6406, -5.1719,  3.9570],\\n         [ 8.7188,  0.9326, -7.2344, -7.9531,  1.5098],\\n         [-7.0508,  8.0312, -3.2930,  5.9922,  3.0176]],\\n\\n\"}], \"errors\": [], \"verdict\": \"DIFF:SIGNZERO+VALUE\"}\n"}
,{"stream_name":"stdout","time":1976.270853393,"data":"{\"op\": \"cumsum\", \"dtype\": \"bfloat16\", \"samples\": 3, \"diffs\": [], \"errors\": [], \"verdict\": \"ok\"}\n"}
,{"stream_name":"stdout","time":1976.270858067,"data":"{\"op\": \"cumsum\", \"dtype\": \"int8\", \"samples\": 3, \"diffs\": [], \"errors\": [], \"verdict\": \"ok\"}\n"}
,{"stream_name":"stdout","time":1976.270862687,"data":"{\"op\": \"cumsum\", \"dtype\": \"uint8\", \"samples\": 3, \"diffs\": [], \"errors\": [], \"verdict\": \"ok\"}\n"}
,{"stream_name":"stdout","time":1976.270867405,"data":"{\"op\": \"cumsum\", \"dtype\": \"int16\", \"samples\": 3, \"diffs\": [], \"errors\": [], \"verdict\": \"ok\"}\n"}
,{"stream_name":"stdout","time":1976.270871529,"data":"{\"op\": \"cumsum\", \"dtype\": \"int32\", \"samples\": 3, \"diffs\": [], \"errors\": [], \"verdict\": \"ok\"}\n"}
,{"stream_name":"stdout","time":1976.270876171,"data":"{\"op\": \"cumprod\", \"dtype\": \"float32\", \"samples\": 3, \"diffs\": [{\"i\": 1, \"class\": \"VALUE\", \"detail\": \"nan pattern at [0, 2, 1]: eager -0.0 compiled nan\", \"repr\": \"SampleInput(input=tensor([[[-0.7456,  0.6335,  0.0880,  0.3202, -0.4559],\\n         [ 0.9473, -0.2193, -0.3211,  0.0902,  0.4624],\\n         [-0.2271,  0.1918,  0.5157, -0.5748,  0.4396],\\n         [ 0.9690,  0.1036, -0.8039, -0.8836,  0.1678],\\n         [-0.7834,  0.8922, -0.3659,  0.6657,  0.3352]],\\n\\n\"}, {\"i\": 2, \"class\": \"VALUE\", \"detail\": \"nan pattern at [3, 4, 4]: eager nan compiled 0.0\", \"repr\": \"SampleInput(input=tensor([[[-0.7456,  0.6335,  0.0880,  0.3202, -0.4559],\\n         [ 0.9473, -0.2193, -0.3211,  0.0902,  0.4624],\\n         [-0.2271,  0.1918,  0.5157, -0.5748,  0.4396],\\n         [ 0.9690,  0.1036, -0.8039, -0.8836,  0.1678],\\n         [-0.7834,  0.8922, -0.3659,  0.6657,  0.3352]],\\n\\n\"}], \"errors\": [], \"verdict\": \"DIFF:VALUE\"}\n"}
,{"stream_name":"stdout","time":1976.270891642,"data":"{\"op\": \"cumprod\", \"dtype\": \"float16\", \"samples\": 3, \"diffs\": [{\"i\": 0, \"class\": \"VALUE\", \"detail\": \"inf at [2, 4, 0]: eager -inf compiled -4.0\", \"repr\": \"SampleInput(input=tensor([[[-0.7456,  0.6333,  0.0880,  0.3201, -0.4558],\\n         [ 0.9473, -0.2194, -0.3210,  0.0903,  0.4624],\\n         [-0.2272,  0.1918,  0.5156, -0.5747,  0.4397],\\n         [ 0.9688,  0.1036, -0.8037, -0.8838,  0.1677],\\n         [-0.7832,  0.8921, -0.3660,  0.6655,  0.3352]],\\n\\n\"}, {\"i\": 2, \"class\": \"VALUE\", \"detail\": \"nan pattern at [3, 1, 4]: eager nan compiled 0.0\", \"repr\": \"SampleInput(input=tensor([[[-0.7456,  0.6333,  0.0880,  0.3201, -0.4558],\\n         [ 0.9473, -0.2194, -0.3210,  0.0903,  0.4624],\\n         [-0.2272,  0.1918,  0.5156, -0.5747,  0.4397],\\n         [ 0.9688,  0.1036, -0.8037, -0.8838,  0.1677],\\n         [-0.7832,  0.8921, -0.3660,  0.6655,  0.3352]],\\n\\n\"}], \"errors\": [], \"verdict\": \"DIFF:VALUE\"}\n"}
,{"stream_name":"stdout","time":1976.270900413,"data":"{\"op\": \"cumprod\", \"dtype\": \"bfloat16\", \"samples\": 3, \"diffs\": [], \"errors\": [], \"verdict\": \"ok\"}\n"}
,{"stream_name":"stdout","time":1976.270904784,"data":"{\"op\": \"cumprod\", \"dtype\": \"int8\", \"samples\": 3, \"diffs\": [], \"errors\": [], \"verdict\": \"ok\"}\n"}
,{"stream_name":"stdout","time":1976.270909269,"data":"{\"op\": \"cumprod\", \"dtype\": \"uint8\", \"samples\": 3, \"diffs\": [], \"errors\": [], \"verdict\": \"ok\"}\n"}
,{"stream_name":"stdout","time":1976.270914257,"data":"{\"op\": \"cumprod\", \"dtype\": \"int16\", \"samples\": 3, \"diffs\": [], \"errors\": [], \"verdict\": \"ok\"}\n"}
,{"stream_name":"stdout","time":1976.270918664,"data":"{\"op\": \"cumprod\", \"dtype\": \"int32\", \"samples\": 3, \"diffs\": [], \"errors\": [], \"verdict\": \"ok\"}\n"}
,{"stream_name":"stdout","time":1976.270922885,"data":"{\"op\": \"cummax\", \"dtype\": \"float32\", \"samples\": 3, \"diffs\": [], \"errors\": [], \"verdict\": \"ok\"}\n"}
,{"stream_name":"stdout","time":1976.270927197,"data":"{\"op\": \"cummax\", \"dtype\": \"float16\", \"samples\": 3, \"diffs\": [], \"errors\": [], \"verdict\": \"ok\"}\n"}
,{"stream_name":"stdout","time":1976.270963512,"data":"{\"op\": \"cummax\", \"dtype\": \"bfloat16\", \"samples\": 3, \"diffs\": [], \"errors\": [], \"verdict\": \"ok\"}\n"}
,{"stream_name":"stdout","time":1976.27096829,"data":"{\"op\": \"cummax\", \"dtype\": \"int8\", \"samples\": 3, \"diffs\": [], \"errors\": [], \"verdict\": \"ok\"}\n"}
,{"stream_name":"stdout","time":1976.270972991,"data":"{\"op\": \"cummax\", \"dtype\": \"uint8\", \"samples\": 3, \"diffs\": [], \"errors\": [], \"verdict\": \"ok\"}\n"}
,{"stream_name":"stdout","time":1976.270977234,"data":"{\"op\": \"cummax\", \"dtype\": \"int16\", \"samples\": 3, \"diffs\": [], \"errors\": [], \"verdict\": \"ok\"}\n"}
,{"stream_name":"stdout","time":1976.270981126,"data":"{\"op\": \"cummax\", \"dtype\": \"int32\", \"samples\": 3, \"diffs\": [], \"errors\": [], \"verdict\": \"ok\"}\n"}
,{"stream_name":"stdout","time":1976.270985665,"data":"{\"op\": \"cummax\", \"dtype\": \"bool\", \"samples\": 3, \"diffs\": [], \"errors\": [], \"verdict\": \"ok\"}\n"}
,{"stream_name":"stdout","time":1976.270990001,"data":"{\"op\": \"cummin\", \"dtype\": \"float32\", \"samples\": 3, \"diffs\": [], \"errors\": [], \"verdict\": \"ok\"}\n"}
,{"stream_name":"stdout","time":1976.270996387,"data":"{\"op\": \"cummin\", \"dtype\": \"float16\", \"samples\": 3, \"diffs\": [], \"errors\": [], \"verdict\": \"ok\"}\n"}
,{"stream_name":"stdout","time":1976.271004584,"data":"{\"op\": \"cummin\", \"dtype\": \"bfloat16\", \"samples\": 3, \"diffs\": [], \"errors\": [], \"verdict\": \"ok\"}\n"}
,{"stream_name":"stdout","time":1976.271009306,"data":"{\"op\": \"cummin\", \"dtype\": \"int8\", \"samples\": 3, \"diffs\": [], \"errors\": [], \"verdict\": \"ok\"}\n"}
,{"stream_name":"stdout","time":1976.271013492,"data":"{\"op\": \"cummin\", \"dtype\": \"uint8\", \"samples\": 3, \"diffs\": [], \"errors\": [], \"verdict\": \"ok\"}\n"}
,{"stream_name":"stdout","time":1976.271017985,"data":"{\"op\": \"cummin\", \"dtype\": \"int16\", \"samples\": 3, \"diffs\": [], \"errors\": [], \"verdict\": \"ok\"}\n"}
,{"stream_name":"stdout","time":1976.271022024,"data":"{\"op\": \"cummin\", \"dtype\": \"int32\", \"samples\": 3, \"diffs\": [], \"errors\": [], \"verdict\": \"ok\"}\n"}
,{"stream_name":"stdout","time":1976.271026345,"data":"{\"op\": \"cummin\", \"dtype\": \"bool\", \"samples\": 3, \"diffs\": [], \"errors\": [], \"verdict\": \"ok\"}\n"}
,{"stream_name":"stdout","time":1976.271031318,"data":"{\"op\": \"deg2rad\", \"dtype\": \"float32\", \"samples\": 1, \"diffs\": [], \"errors\": [], \"verdict\": \"ok\"}\n"}
,{"stream_name":"stdout","time":1976.271035814,"data":"{\"op\": \"deg2rad\", \"dtype\": \"float16\", \"samples\": 1, \"diffs\": [], \"errors\": [], \"verdict\": \"ok\"}\n"}
,{"stream_name":"stdout","time":1976.271041111,"data":"{\"op\": \"deg2rad\", \"dtype\": \"bfloat16\", \"samples\": 1, \"diffs\": [], \"errors\": [], \"verdict\": \"ok\"}\n"}
,{"stream_name":"stdout","time":1976.271045621,"data":"{\"op\": \"deg2rad\", \"dtype\": \"int8\", \"samples\": 1, \"diffs\": [], \"errors\": [], \"verdict\": \"ok\"}\n"}
,{"stream_name":"stdout","time":1976.271050102,"data":"{\"op\": \"deg2rad\", \"dtype\": \"uint8\", \"samples\": 1, \"diffs\": [], \"errors\": [], \"verdict\": \"ok\"}\n"}
,{"stream_name":"stdout","time":1976.271054661,"data":"{\"op\": \"deg2rad\", \"dtype\": \"int16\", \"samples\": 1, \"diffs\": [], \"errors\": [], \"verdict\": \"ok\"}\n"}
,{"stream_name":"stdout","time":1976.271059114,"data":"{\"op\": \"deg2rad\", \"dtype\": \"int32\", \"samples\": 1, \"diffs\": [], \"errors\": [], \"verdict\": \"ok\"}\n"}
,{"stream_name":"stdout","time":1976.271063676,"data":"{\"op\": \"deg2rad\", \"dtype\": \"bool\", \"samples\": 1, \"diffs\": [], \"errors\": [], \"verdict\": \"ok\"}\n"}
,{"stream_name":"stdout","time":1976.271067804,"data":"{\"op\": \"diff\", \"dtype\": \"float32\", \"samples\": 3, \"diffs\": [], \"errors\": [], \"verdict\": \"ok\"}\n"}
,{"stream_name":"stdout","time":1976.271072231,"data":"{\"op\": \"diff\", \"dtype\": \"float16\", \"samples\": 3, \"diffs\": [], \"errors\": [], \"verdict\": \"ok\"}\n"}
,{"stream_name":"stdout","time":1976.271076182,"data":"{\"op\": \"diff\", \"dtype\": \"bfloat16\", \"samples\": 3, \"diffs\": [], \"errors\": [], \"verdict\": \"ok\"}\n"}
,{"stream_name":"stdout","time":1976.271080647,"data":"{\"op\": \"diff\", \"dtype\": \"int8\", \"samples\": 3, \"diffs\": [], \"errors\": [], \"verdict\": \"ok\"}\n"}
,{"stream_name":"stdout","time":1976.271085273,"data":"{\"op\": \"diff\", \"dtype\": \"uint8\", \"samples\": 3, \"diffs\": [], \"errors\": [], \"verdict\": \"ok\"}\n"}
,{"stream_name":"stdout","time":1976.271089891,"data":"{\"op\": \"diff\", \"dtype\": \"int16\", \"samples\": 3, \"diffs\": [], \"errors\": [], \"verdict\": \"ok\"}\n"}
,{"stream_name":"stdout","time":1976.271094604,"data":"{\"op\": \"diff\", \"dtype\": \"int32\", \"samples\": 3, \"diffs\": [], \"errors\": [], \"verdict\": \"ok\"}\n"}
,{"stream_name":"stdout","time":1976.271098929,"data":"{\"op\": \"diff\", \"dtype\": \"bool\", \"samples\": 3, \"diffs\": [], \"errors\": [], \"verdict\": \"ok\"}\n"}
,{"stream_name":"stdout","time":1976.271106716,"data":"{\"op\": \"div\", \"dtype\": \"float32\", \"samples\": 3, \"diffs\": [], \"errors\": [], \"verdict\": \"ok\"}\n"}
,{"stream_name":"stdout","time":1976.2711117,"data":"{\"op\": \"div\", \"dtype\": \"float16\", \"samples\": 3, \"diffs\": [], \"errors\": [], \"verdict\": \"ok\"}\n"}
,{"stream_name":"stdout","time":1976.271115986,"data":"{\"op\": \"div\", \"dtype\": \"bfloat16\", \"samples\": 3, \"diffs\": [], \"errors\": [], \"verdict\": \"ok\"}\n"}
,{"stream_name":"stdout","time":1976.271120884,"data":"{\"op\": \"div\", \"dtype\": \"int8\", \"samples\": 3, \"diffs\": [], \"errors\": [], \"verdict\": \"ok\"}\n"}
,{"stream_name":"stdout","time":1976.271125401,"data":"{\"op\": \"div\", \"dtype\": \"uint8\", \"samples\": 3, \"diffs\": [], \"errors\": [], \"verdict\": \"ok\"}\n"}
,{"stream_name":"stdout","time":1976.27112958,"data":"{\"op\": \"div\", \"dtype\": \"int16\", \"samples\": 3, \"diffs\": [], \"errors\": [], \"verdict\": \"ok\"}\n"}
,{"stream_name":"stdout","time":1976.271133837,"data":"{\"op\": \"div\", \"dtype\": \"int32\", \"samples\": 3, \"diffs\": [], \"errors\": [], \"verdict\": \"ok\"}\n"}
,{"stream_name":"stdout","time":1976.271138203,"data":"{\"op\": \"div\", \"dtype\": \"bool\", \"samples\": 3, \"diffs\": [], \"errors\": [], \"verdict\": \"ok\"}\n"}
,{"stream_name":"stdout","time":1976.271142289,"data":"{\"op\": \"div\", \"dtype\": \"float32\", \"samples\": 3, \"diffs\": [], \"errors\": [], \"verdict\": \"ok\"}\n"}
,{"stream_name":"stdout","time":1976.271146663,"data":"{\"op\": \"div\", \"dtype\": \"float16\", \"samples\": 3, \"diffs\": [], \"errors\": [], \"verdict\": \"ok\"}\n"}
,{"stream_name":"stdout","time":1976.271151024,"data":"{\"op\": \"div\", \"dtype\": \"bfloat16\", \"samples\": 3, \"diffs\": [], \"errors\": [], \"verdict\": \"ok\"}\n"}
,{"stream_name":"stdout","time":1976.271155364,"data":"{\"op\": \"div\", \"dtype\": \"int8\", \"samples\": 3, \"diffs\": [], \"errors\": [], \"verdict\": \"ok\"}\n"}
,{"stream_name":"stdout","time":1976.271160181,"data":"{\"op\": \"div\", \"dtype\": \"uint8\", \"samples\": 3, \"diffs\": [], \"errors\": [], \"verdict\": \"ok\"}\n"}
,{"stream_name":"stdout","time":1976.271164692,"data":"{\"op\": \"div\", \"dtype\": \"int16\", \"samples\": 3, \"diffs\": [], \"errors\": [], \"verdict\": \"ok\"}\n"}
,{"stream_name":"stdout","time":1976.271168555,"data":"{\"op\": \"div\", \"dtype\": \"int32\", \"samples\": 3, \"diffs\": [], \"errors\": [], \"verdict\": \"ok\"}\n"}
,{"stream_name":"stdout","time":1976.271172969,"data":"{\"op\": \"div\", \"dtype\": \"float32\", \"samples\": 3, \"diffs\": [], \"errors\": [], \"verdict\": \"ok\"}\n"}
,{"stream_name":"stdout","time":1976.271177219,"data":"{\"op\": \"div\", \"dtype\": \"float16\", \"samples\": 3, \"diffs\": [], \"errors\": [], \"verdict\": \"ok\"}\n"}
,{"stream_name":"stdout","time":1976.271181609,"data":"{\"op\": \"div\", \"dtype\": \"bfloat16\", \"samples\": 3, \"diffs\": [], \"errors\": [], \"verdict\": \"ok\"}\n"}
,{"stream_name":"stdout","time":1976.271186142,"data":"{\"op\": \"div\", \"dtype\": \"int8\", \"samples\": 3, \"diffs\": [], \"errors\": [], \"verdict\": \"ok\"}\n"}
,{"stream_name":"stdout","time":1976.271191117,"data":"{\"op\": \"div\", \"dtype\": \"uint8\", \"samples\": 3, \"diffs\": [{\"i\": 0, \"class\": \"VALUE\", \"detail\": \"value at []: eager 255 compiled 0\", \"repr\": \"SampleInput(input=2, args=(tensor(1, device='cuda:0', dtype=torch.uint8),), kwargs={'rounding_mode': 'floor'}, broadcasts_input=False, name='')\"}, {\"i\": 1, \"class\": \"VALUE\", \"detail\": \"value at [0]: eager 255 compiled 0\", \"repr\": \"SampleInput(input=tensor([2, 6, 5, 2, 6], device='cuda:0', dtype=torch.uint8), args=(tensor(1, device='cuda:0', dtype=torch.uint8),), kwargs={'rounding_mode': 'floor'}, broadcasts_input=False, name='')\"}, {\"i\": 2, \"class\": \"VALUE\", \"detail\": \"value at [0, 0]: eager 255 compiled 0\", \"repr\": \"SampleInput(input=tensor([[2],\\n        [6],\\n        [5],\\n        [2],\\n        [6]], device='cuda:0', dtype=torch.uint8), args=(tensor([1, 3, 1, 3, 7], device='cuda:0', dtype=torch.uint8),), kwargs={'rounding_mode': 'floor'}, broadcasts_input=True, name='')\"}], \"errors\": [], \"verdict\": \"DIFF:VALUE\"}\n"}
,{"stream_name":"stdout","time":1976.271218184,"data":"{\"op\": \"div\", \"dtype\": \"int16\", \"samples\": 3, \"diffs\": [], \"errors\": [], \"verdict\": \"ok\"}\n"}
,{"stream_name":"stdout","time":1976.271222254,"data":"{\"op\": \"div\", \"dtype\": \"int32\", \"samples\": 3, \"diffs\": [], \"errors\": [], \"verdict\": \"ok\"}\n"}
,{"stream_name":"stdout","time":1976.271226517,"data":"{\"op\": \"true_divide\", \"dtype\": \"float32\", \"samples\": 3, \"diffs\": [], \"errors\": [], \"verdict\": \"ok\"}\n"}
,{"stream_name":"stdout","time":1976.271230868,"data":"{\"op\": \"true_divide\", \"dtype\": \"float16\", \"samples\": 3, \"diffs\": [], \"errors\": [], \"verdict\": \"ok\"}\n"}
,{"stream_name":"stdout","time":1976.271235454,"data":"{\"op\": \"true_divide\", \"dtype\": \"bfloat16\", \"samples\": 3, \"diffs\": [], \"errors\": [], \"verdict\": \"ok\"}\n"}
,{"stream_name":"stdout","time":1976.271246795,"data":"{\"op\": \"true_divide\", \"dtype\": \"int8\", \"samples\": 3, \"diffs\": [], \"errors\": [], \"verdict\": \"ok\"}\n"}
,{"stream_name":"stdout","time":1976.271251497,"data":"{\"op\": \"true_divide\", \"dtype\": \"uint8\", \"samples\": 3, \"diffs\": [], \"errors\": [], \"verdict\": \"ok\"}\n"}
,{"stream_name":"stdout","time":1976.271255567,"data":"{\"op\": \"true_divide\", \"dtype\": \"int16\", \"samples\": 3, \"diffs\": [], \"errors\": [], \"verdict\": \"ok\"}\n"}
,{"stream_name":"stdout","time":1976.271260051,"data":"{\"op\": \"true_divide\", \"dtype\": \"int32\", \"samples\": 3, \"diffs\": [], \"errors\": [], \"verdict\": \"ok\"}\n"}
,{"stream_name":"stdout","time":1976.271264546,"data":"{\"op\": \"true_divide\", \"dtype\": \"bool\", \"samples\": 3, \"diffs\": [], \"errors\": [], \"verdict\": \"ok\"}\n"}
,{"stream_name":"stdout","time":1976.271269841,"data":"{\"op\": \"equal\", \"dtype\": \"float32\", \"samples\": 3, \"diffs\": [], \"errors\": [], \"verdict\": \"ok\"}\n"}
,{"stream_name":"stdout","time":1976.271274351,"data":"{\"op\": \"equal\", \"dtype\": \"float16\", \"samples\": 3, \"diffs\": [], \"errors\": [], \"verdict\": \"ok\"}\n"}
,{"stream_name":"stdout","time":1976.27127857,"data":"{\"op\": \"equal\", \"dtype\": \"bfloat16\", \"samples\": 3, \"diffs\": [], \"errors\": [], \"verdict\": \"ok\"}\n"}
,{"stream_name":"stdout","time":1976.27128335,"data":"{\"op\": \"equal\", \"dtype\": \"int8\", \"samples\": 3, \"diffs\": [], \"errors\": [], \"verdict\": \"ok\"}\n"}
,{"stream_name":"stdout","time":1976.271287737,"data":"{\"op\": \"equal\", \"dtype\": \"uint8\", \"samples\": 3, \"diffs\": [], \"errors\": [], \"verdict\": \"ok\"}\n"}
,{"stream_name":"stdout","time":1976.271317726,"data":"{\"op\": \"equal\", \"dtype\": \"int16\", \"samples\": 3, \"diffs\": [], \"errors\": [], \"verdict\": \"ok\"}\n"}
,{"stream_name":"stdout","time":1976.271322509,"data":"{\"op\": \"equal\", \"dtype\": \"int32\", \"samples\": 3, \"diffs\": [], \"errors\": [], \"verdict\": \"ok\"}\n"}
,{"stream_name":"stdout","time":1976.271327279,"data":"{\"op\": \"equal\", \"dtype\": \"bool\", \"samples\": 3, \"diffs\": [], \"errors\": [], \"verdict\": \"ok\"}\n"}
,{"stream_name":"stdout","time":1976.271331528,"data":"{\"op\": \"exp\", \"dtype\": \"float32\", \"samples\": 3, \"diffs\": [], \"errors\": [], \"verdict\": \"ok\"}\n"}
,{"stream_name":"stdout","time":1976.271336189,"data":"{\"op\": \"exp\", \"dtype\": \"float16\", \"samples\": 3, \"diffs\": [], \"errors\": [], \"verdict\": \"ok\"}\n"}
,{"stream_name":"stdout","time":1976.271340619,"data":"{\"op\": \"exp\", \"dtype\": \"bfloat16\", \"samples\": 3, \"diffs\": [], \"errors\": [], \"verdict\": \"ok\"}\n"}
,{"stream_name":"stdout","time":1976.271348871,"data":"{\"op\": \"exp\", \"dtype\": \"int8\", \"samples\": 3, \"diffs\": [], \"errors\": [], \"verdict\": \"ok\"}\n"}
,{"stream_name":"stdout","time":1976.271353204,"data":"{\"op\": \"exp\", \"dtype\": \"uint8\", \"samples\": 3, \"diffs\": [], \"errors\": [], \"verdict\": \"ok\"}\n"}
,{"stream_name":"stdout","time":1976.271357782,"data":"{\"op\": \"exp\", \"dtype\": \"int16\", \"samples\": 3, \"diffs\": [], \"errors\": [], \"verdict\": \"ok\"}\n"}
,{"stream_name":"stdout","time":1976.27136214,"data":"{\"op\": \"exp\", \"dtype\": \"int32\", \"samples\": 3, \"diffs\": [], \"errors\": [], \"verdict\": \"ok\"}\n"}
,{"stream_name":"stdout","time":1976.271366336,"data":"{\"op\": \"exp\", \"dtype\": \"bool\", \"samples\": 3, \"diffs\": [], \"errors\": [], \"verdict\": \"ok\"}\n"}
,{"stream_name":"stdout","time":1976.271370774,"data":"{\"op\": \"expand\", \"dtype\": \"float32\", \"samples\": 3, \"diffs\": [], \"errors\": [], \"verdict\": \"ok\"}\n"}
,{"stream_name":"stdout","time":1976.271375511,"data":"{\"op\": \"expand\", \"dtype\": \"float16\", \"samples\": 3, \"diffs\": [], \"errors\": [], \"verdict\": \"ok\"}\n"}
,{"stream_name":"stdout","time":1976.271379774,"data":"{\"op\": \"expand\", \"dtype\": \"bfloat16\", \"samples\": 3, \"diffs\": [], \"errors\": [], \"verdict\": \"ok\"}\n"}
,{"stream_name":"stdout","time":1976.271384384,"data":"{\"op\": \"expand\", \"dtype\": \"int8\", \"samples\": 3, \"diffs\": [], \"errors\": [], \"verdict\": \"ok\"}\n"}
,{"stream_name":"stdout","time":1976.271388673,"data":"{\"op\": \"expand\", \"dtype\": \"uint8\", \"samples\": 3, \"diffs\": [], \"errors\": [], \"verdict\": \"ok\"}\n"}
,{"stream_name":"stdout","time":1976.271392866,"data":"{\"op\": \"expand\", \"dtype\": \"int16\", \"samples\": 3, \"diffs\": [], \"errors\": [], \"verdict\": \"ok\"}\n"}
,{"stream_name":"stdout","time":1976.271398085,"data":"{\"op\": \"expand\", \"dtype\": \"int32\", \"samples\": 3, \"diffs\": [], \"errors\": [], \"verdict\": \"ok\"}\n"}
,{"stream_name":"stdout","time":1976.271402326,"data":"{\"op\": \"expand\", \"dtype\": \"bool\", \"samples\": 3, \"diffs\": [], \"errors\": [], \"verdict\": \"ok\"}\n"}
,{"stream_name":"stdout","time":1976.271406759,"data":"{\"op\": \"expand_as\", \"dtype\": \"float32\", \"samples\": 3, \"diffs\": [], \"errors\": [], \"verdict\": \"ok\"}\n"}
,{"stream_name":"stdout","time":1976.271410935,"data":"{\"op\": \"expand_as\", \"dtype\": \"float16\", \"samples\": 3, \"diffs\": [], \"errors\": [], \"verdict\": \"ok\"}\n"}
,{"stream_name":"stdout","time":1976.271415771,"data":"{\"op\": \"expand_as\", \"dtype\": \"bfloat16\", \"samples\": 3, \"diffs\": [], \"errors\": [], \"verdict\": \"ok\"}\n"}
,{"stream_name":"stdout","time":1976.271420591,"data":"{\"op\": \"expand_as\", \"dtype\": \"int8\", \"samples\": 3, \"diffs\": [], \"errors\": [], \"verdict\": \"ok\"}\n"}
,{"stream_name":"stdout","time":1976.271425447,"data":"{\"op\": \"expand_as\", \"dtype\": \"uint8\", \"samples\": 3, \"diffs\": [], \"errors\": [], \"verdict\": \"ok\"}\n"}
,{"stream_name":"stdout","time":1976.271429916,"data":"{\"op\": \"expand_as\", \"dtype\": \"int16\", \"samples\": 3, \"diffs\": [], \"errors\": [], \"verdict\": \"ok\"}\n"}
,{"stream_name":"stdout","time":1976.271434635,"data":"{\"op\": \"expand_as\", \"dtype\": \"int32\", \"samples\": 3, \"diffs\": [], \"errors\": [], \"verdict\": \"ok\"}\n"}
,{"stream_name":"stdout","time":1976.271439396,"data":"{\"op\": \"expand_as\", \"dtype\": \"bool\", \"samples\": 3, \"diffs\": [], \"errors\": [], \"verdict\": \"ok\"}\n"}
,{"stream_name":"stdout","time":1976.271444017,"data":"{\"op\": \"expand_copy\", \"dtype\": \"float32\", \"samples\": 3, \"diffs\": [], \"errors\": [], \"verdict\": \"ok\"}\n"}
,{"stream_name":"stdout","time":1976.271451074,"data":"{\"op\": \"expand_copy\", \"dtype\": \"float16\", \"samples\": 3, \"diffs\": [], \"errors\": [], \"verdict\": \"ok\"}\n"}
,{"stream_name":"stdout","time":1976.271456659,"data":"{\"op\": \"expand_copy\", \"dtype\": \"bfloat16\", \"samples\": 3, \"diffs\": [], \"errors\": [], \"verdict\": \"ok\"}\n"}
,{"stream_name":"stdout","time":1976.271461192,"data":"{\"op\": \"expand_copy\", \"dtype\": \"int8\", \"samples\": 3, \"diffs\": [], \"errors\": [], \"verdict\": \"ok\"}\n"}
,{"stream_name":"stdout","time":1976.271465514,"data":"{\"op\": \"expand_copy\", \"dtype\": \"uint8\", \"samples\": 3, \"diffs\": [], \"errors\": [], \"verdict\": \"ok\"}\n"}
,{"stream_name":"stdout","time":1976.271469976,"data":"{\"op\": \"expand_copy\", \"dtype\": \"int16\", \"samples\": 3, \"diffs\": [], \"errors\": [], \"verdict\": \"ok\"}\n"}
,{"stream_name":"stdout","time":1976.271474574,"data":"{\"op\": \"expand_copy\", \"dtype\": \"int32\", \"samples\": 3, \"diffs\": [], \"errors\": [], \"verdict\": \"ok\"}\n"}
,{"stream_name":"stdout","time":1976.271479041,"data":"{\"op\": \"expand_copy\", \"dtype\": \"bool\", \"samples\": 3, \"diffs\": [], \"errors\": [], \"verdict\": \"ok\"}\n"}
,{"stream_name":"stdout","time":1976.271483418,"data":"{\"op\": \"diag\", \"dtype\": \"float32\", \"samples\": 3, \"diffs\": [], \"errors\": [], \"verdict\": \"ok\"}\n"}
,{"stream_name":"stdout","time":1976.27148775,"data":"{\"op\": \"diag\", \"dtype\": \"float16\", \"samples\": 3, \"diffs\": [], \"errors\": [], \"verdict\": \"ok\"}\n"}
,{"stream_name":"stdout","time":1976.271491709,"data":"{\"op\": \"diag\", \"dtype\": \"bfloat16\", \"samples\": 3, \"diffs\": [], \"errors\": [], \"verdict\": \"ok\"}\n"}
,{"stream_name":"stdout","time":1976.271496209,"data":"{\"op\": \"diag\", \"dtype\": \"int8\", \"samples\": 3, \"diffs\": [], \"errors\": [], \"verdict\": \"ok\"}\n"}
,{"stream_name":"stdout","time":1976.271501732,"data":"{\"op\": \"diag\", \"dtype\": \"uint8\", \"samples\": 3, \"diffs\": [], \"errors\": [], \"verdict\": \"ok\"}\n"}
,{"stream_name":"stdout","time":1976.271505802,"data":"{\"op\": \"diag\", \"dtype\": \"int16\", \"samples\": 3, \"diffs\": [], \"errors\": [], \"verdict\": \"ok\"}\n"}
,{"stream_name":"stdout","time":1976.271509936,"data":"{\"op\": \"diag\", \"dtype\": \"int32\", \"samples\": 3, \"diffs\": [], \"errors\": [], \"verdict\": \"ok\"}\n"}
,{"stream_name":"stdout","time":1976.271514392,"data":"{\"op\": \"diag\", \"dtype\": \"bool\", \"samples\": 3, \"diffs\": [], \"errors\": [], \"verdict\": \"ok\"}\n"}
,{"stream_name":"stdout","time":1976.271518844,"data":"{\"op\": \"diag_embed\", \"dtype\": \"float32\", \"samples\": 3, \"diffs\": [], \"errors\": [], \"verdict\": \"ok\"}\n"}
,{"stream_name":"stdout","time":1976.271523567,"data":"{\"op\": \"diag_embed\", \"dtype\": \"float16\", \"samples\": 3, \"diffs\": [], \"errors\": [], \"verdict\": \"ok\"}\n"}
,{"stream_name":"stdout","time":1976.271528166,"data":"{\"op\": \"diag_embed\", \"dtype\": \"bfloat16\", \"samples\": 3, \"diffs\": [], \"errors\": [], \"verdict\": \"ok\"}\n"}
,{"stream_name":"stdout","time":1976.271532884,"data":"{\"op\": \"diag_embed\", \"dtype\": \"int8\", \"samples\": 3, \"diffs\": [], \"errors\": [], \"verdict\": \"ok\"}\n"}
,{"stream_name":"stdout","time":1976.271536969,"data":"{\"op\": \"diag_embed\", \"dtype\": \"uint8\", \"samples\": 3, \"diffs\": [], \"errors\": [], \"verdict\": \"ok\"}\n"}
,{"stream_name":"stdout","time":1976.271541629,"data":"{\"op\": \"diag_embed\", \"dtype\": \"int16\", \"samples\": 3, \"diffs\": [], \"errors\": [], \"verdict\": \"ok\"}\n"}
,{"stream_name":"stdout","time":1976.271546217,"data":"{\"op\": \"diag_embed\", \"dtype\": \"int32\", \"samples\": 3, \"diffs\": [], \"errors\": [], \"verdict\": \"ok\"}\n"}
,{"stream_name":"stdout","time":1976.271553873,"data":"{\"op\": \"diag_embed\", \"dtype\": \"bool\", \"samples\": 3, \"diffs\": [], \"errors\": [], \"verdict\": \"ok\"}\n"}
,{"stream_name":"stdout","time":1976.271558498,"data":"{\"op\": \"diagonal\", \"dtype\": \"float32\", \"samples\": 3, \"diffs\": [], \"errors\": [], \"verdict\": \"ok\"}\n"}
,{"stream_name":"stdout","time":1976.271562672,"data":"{\"op\": \"diagonal\", \"dtype\": \"float16\", \"samples\": 3, \"diffs\": [], \"errors\": [], \"verdict\": \"ok\"}\n"}
,{"stream_name":"stdout","time":1976.271566947,"data":"{\"op\": \"diagonal\", \"dtype\": \"bfloat16\", \"samples\": 3, \"diffs\": [], \"errors\": [], \"verdict\": \"ok\"}\n"}
,{"stream_name":"stdout","time":1976.271571774,"data":"{\"op\": \"diagonal\", \"dtype\": \"int8\", \"samples\": 3, \"diffs\": [], \"errors\": [], \"verdict\": \"ok\"}\n"}
,{"stream_name":"stdout","time":1976.271576553,"data":"{\"op\": \"diagonal\", \"dtype\": \"uint8\", \"samples\": 3, \"diffs\": [], \"errors\": [], \"verdict\": \"ok\"}\n"}
,{"stream_name":"stdout","time":1976.271581066,"data":"{\"op\": \"diagonal\", \"dtype\": \"int16\", \"samples\": 3, \"diffs\": [], \"errors\": [], \"verdict\": \"ok\"}\n"}
,{"stream_name":"stdout","time":1976.271585366,"data":"{\"op\": \"diagonal\", \"dtype\": \"int32\", \"samples\": 3, \"diffs\": [], \"errors\": [], \"verdict\": \"ok\"}\n"}
,{"stream_name":"stdout","time":1976.271589512,"data":"{\"op\": \"diagonal\", \"dtype\": \"bool\", \"samples\": 3, \"diffs\": [], \"errors\": [], \"verdict\": \"ok\"}\n"}
,{"stream_name":"stdout","time":1976.27159446,"data":"{\"op\": \"diagonal_copy\", \"dtype\": \"float32\", \"samples\": 3, \"diffs\": [], \"errors\": [], \"verdict\": \"ok\"}\n"}
,{"stream_name":"stdout","time":1976.271598977,"data":"{\"op\": \"diagonal_copy\", \"dtype\": \"float16\", \"samples\": 3, \"diffs\": [], \"errors\": [], \"verdict\": \"ok\"}\n"}
,{"stream_name":"stdout","time":1976.271603979,"data":"{\"op\": \"diagonal_copy\", \"dtype\": \"bfloat16\", \"samples\": 3, \"diffs\": [], \"errors\": [], \"verdict\": \"ok\"}\n"}
,{"stream_name":"stdout","time":1976.271608537,"data":"{\"op\": \"diagonal_copy\", \"dtype\": \"int8\", \"samples\": 3, \"diffs\": [], \"errors\": [], \"verdict\": \"ok\"}\n"}
,{"stream_name":"stdout","time":1976.271612295,"data":"{\"op\": \"diagonal_copy\", \"dtype\": \"uint8\", \"samples\": 3, \"diffs\": [], \"errors\": [], \"verdict\": \"ok\"}\n"}
,{"stream_name":"stdout","time":1976.271616124,"data":"{\"op\": \"diagonal_copy\", \"dtype\": \"int16\", \"samples\": 3, \"diffs\": [], \"errors\": [], \"verdict\": \"ok\"}\n"}
,{"stream_name":"stdout","time":1976.271619819,"data":"{\"op\": \"diagonal_copy\", \"dtype\": \"int32\", \"samples\": 3, \"diffs\": [], \"errors\": [], \"verdict\": \"ok\"}\n"}
,{"stream_name":"stdout","time":1976.271624088,"data":"{\"op\": \"diagonal_copy\", \"dtype\": \"bool\", \"samples\": 3, \"diffs\": [], \"errors\": [], \"verdict\": \"ok\"}\n"}
,{"stream_name":"stdout","time":1976.271628029,"data":"{\"op\": \"diagonal_scatter\", \"dtype\": \"float32\", \"samples\": 3, \"diffs\": [], \"errors\": [], \"verdict\": \"ok\"}\n"}
,{"stream_name":"stdout","time":1976.271632132,"data":"{\"op\": \"diagonal_scatter\", \"dtype\": \"float16\", \"samples\": 3, \"diffs\": [], \"errors\": [], \"verdict\": \"ok\"}\n"}
,{"stream_name":"stdout","time":1976.271635987,"data":"{\"op\": \"diagonal_scatter\", \"dtype\": \"bfloat16\", \"samples\": 3, \"diffs\": [], \"errors\": [], \"verdict\": \"ok\"}\n"}
,{"stream_name":"stdout","time":1976.271639674,"data":"{\"op\": \"diagonal_scatter\", \"dtype\": \"int8\", \"samples\": 3, \"diffs\": [], \"errors\": [], \"verdict\": \"ok\"}\n"}
,{"stream_name":"stdout","time":1976.271643889,"data":"{\"op\": \"diagonal_scatter\", \"dtype\": \"uint8\", \"samples\": 3, \"diffs\": [], \"errors\": [], \"verdict\": \"ok\"}\n"}
,{"stream_name":"stdout","time":1976.271651138,"data":"{\"op\": \"diagonal_scatter\", \"dtype\": \"int16\", \"samples\": 3, \"diffs\": [], \"errors\": [], \"verdict\": \"ok\"}\n"}
,{"stream_name":"stdout","time":1976.271655388,"data":"{\"op\": \"diagonal_scatter\", \"dtype\": \"int32\", \"samples\": 3, \"diffs\": [], \"errors\": [], \"verdict\": \"ok\"}\n"}
,{"stream_name":"stdout","time":1976.271659338,"data":"{\"op\": \"diagonal_scatter\", \"dtype\": \"bool\", \"samples\": 3, \"diffs\": [], \"errors\": [], \"verdict\": \"ok\"}\n"}
,{"stream_name":"stdout","time":1976.271663105,"data":"{\"op\": \"alias_copy\", \"dtype\": \"float32\", \"samples\": 2, \"diffs\": [], \"errors\": [], \"verdict\": \"ok\"}\n"}
,{"stream_name":"stdout","time":1976.271667087,"data":"{\"op\": \"alias_copy\", \"dtype\": \"float16\", \"samples\": 2, \"diffs\": [], \"errors\": [], \"verdict\": \"ok\"}\n"}
,{"stream_name":"stdout","time":1976.271671034,"data":"{\"op\": \"alias_copy\", \"dtype\": \"bfloat16\", \"samples\": 2, \"diffs\": [], \"errors\": [], \"verdict\": \"ok\"}\n"}
,{"stream_name":"stdout","time":1976.271674654,"data":"{\"op\": \"alias_copy\", \"dtype\": \"int8\", \"samples\": 2, \"diffs\": [], \"errors\": [], \"verdict\": \"ok\"}\n"}
,{"stream_name":"stdout","time":1976.271678753,"data":"{\"op\": \"alias_copy\", \"dtype\": \"uint8\", \"samples\": 2, \"diffs\": [], \"errors\": [], \"verdict\": \"ok\"}\n"}
,{"stream_name":"stdout","time":1976.271682907,"data":"{\"op\": \"alias_copy\", \"dtype\": \"int16\", \"samples\": 2, \"diffs\": [], \"errors\": [], \"verdict\": \"ok\"}\n"}
,{"stream_name":"stdout","time":1976.271686729,"data":"{\"op\": \"alias_copy\", \"dtype\": \"int32\", \"samples\": 2, \"diffs\": [], \"errors\": [], \"verdict\": \"ok\"}\n"}
,{"stream_name":"stdout","time":1976.271690291,"data":"{\"op\": \"alias_copy\", \"dtype\": \"bool\", \"samples\": 2, \"diffs\": [], \"errors\": [], \"verdict\": \"ok\"}\n"}
,{"stream_name":"stdout","time":1976.271694172,"data":"{\"op\": \"eq\", \"dtype\": \"float32\", \"samples\": 3, \"diffs\": [], \"errors\": [], \"verdict\": \"ok\"}\n"}
,{"stream_name":"stdout","time":1976.271697806,"data":"{\"op\": \"eq\", \"dtype\": \"float16\", \"samples\": 3, \"diffs\": [], \"errors\": [], \"verdict\": \"ok\"}\n"}
,{"stream_name":"stdout","time":1976.271701729,"data":"{\"op\": \"eq\", \"dtype\": \"bfloat16\", \"samples\": 3, \"diffs\": [], \"errors\": [], \"verdict\": \"ok\"}\n"}
,{"stream_name":"stdout","time":1976.271705868,"data":"{\"op\": \"eq\", \"dtype\": \"int8\", \"samples\": 3, \"diffs\": [], \"errors\": [], \"verdict\": \"ok\"}\n"}
,{"stream_name":"stdout","time":1976.271710527,"data":"{\"op\": \"eq\", \"dtype\": \"uint8\", \"samples\": 3, \"diffs\": [], \"errors\": [], \"verdict\": \"ok\"}\n"}
,{"stream_name":"stdout","time":1976.271714267,"data":"{\"op\": \"eq\", \"dtype\": \"int16\", \"samples\": 3, \"diffs\": [], \"errors\": [], \"verdict\": \"ok\"}\n"}
,{"stream_name":"stdout","time":1976.271741072,"data":"{\"op\": \"eq\", \"dtype\": \"int32\", \"samples\": 3, \"diffs\": [], \"errors\": [], \"verdict\": \"ok\"}\n"}
,{"stream_name":"stdout","time":1976.271745116,"data":"{\"op\": \"eq\", \"dtype\": \"bool\", \"samples\": 3, \"diffs\": [], \"errors\": [], \"verdict\": \"ok\"}\n"}
,{"stream_name":"stdout","time":1976.271749135,"data":"{\"op\": \"fmax\", \"dtype\": \"float32\", \"samples\": 3, \"diffs\": [{\"i\": 2, \"class\": \"SIGNZERO\", \"detail\": \"sign of zero\", \"repr\": \"SampleInput(input=tensor([[-6.7103],\\n        [ 5.7013],\\n        [ 0.7920],\\n        [ 2.8814],\\n        [-4.1030]], device='cuda:0'), args=(tensor([ 2.1750, -8.5027, -3.1403, -6.9942,  3.2609], device='cuda:0'),), kwargs={}, broadcasts_input=True, name='')\"}], \"errors\": [], \"verdict\": \"DIFF:SIGNZERO\"}\n"}
,{"stream_name":"stdout","time":1976.271755132,"data":"{\"op\": \"fmax\", \"dtype\": \"float16\", \"samples\": 3, \"diffs\": [{\"i\": 2, \"class\": \"SIGNZERO\", \"detail\": \"sign of zero\", \"repr\": \"SampleInput(input=tensor([[-6.7109],\\n        [ 5.7031],\\n        [ 0.7920],\\n        [ 2.8809],\\n        [-4.1016]], device='cuda:0', dtype=torch.float16), args=(tensor([ 2.1758, -8.5000, -3.1406, -6.9961,  3.2617], device='cuda:0',\\n       dtype=torch.float16),), kwargs={}, broadcasts_input=True, name=\"}], \"errors\": [], \"verdict\": \"DIFF:SIGNZERO\"}\n"}
,{"stream_name":"stdout","time":1976.271775823,"data":"{\"op\": \"fmax\", \"dtype\": \"bfloat16\", \"samples\": 3, \"diffs\": [], \"errors\": [], \"verdict\": \"ok\"}\n"}
,{"stream_name":"stdout","time":1976.271779904,"data":"{\"op\": \"fmax\", \"dtype\": \"int8\", \"samples\": 3, \"diffs\": [], \"errors\": [], \"verdict\": \"ok\"}\n"}
,{"stream_name":"stdout","time":1976.271783804,"data":"{\"op\": \"fmax\", \"dtype\": \"uint8\", \"samples\": 3, \"diffs\": [], \"errors\": [], \"verdict\": \"ok\"}\n"}
,{"stream_name":"stdout","time":1976.271787907,"data":"{\"op\": \"fmax\", \"dtype\": \"int16\", \"samples\": 3, \"diffs\": [], \"errors\": [], \"verdict\": \"ok\"}\n"}
,{"stream_name":"stdout","time":1976.271792277,"data":"{\"op\": \"fmax\", \"dtype\": \"int32\", \"samples\": 3, \"diffs\": [], \"errors\": [], \"verdict\": \"ok\"}\n"}
,{"stream_name":"stdout","time":1976.271796861,"data":"{\"op\": \"fmax\", \"dtype\": \"bool\", \"samples\": 3, \"diffs\": [], \"errors\": [], \"verdict\": \"ok\"}\n"}
,{"stream_name":"stdout","time":1976.271801344,"data":"{\"op\": \"fmin\", \"dtype\": \"float32\", \"samples\": 3, \"diffs\": [{\"i\": 1, \"class\": \"SIGNZERO\", \"detail\": \"sign of zero\", \"repr\": \"SampleInput(input=tensor([-6.7103,  5.7013,  0.7920,  2.8814, -4.1030], device='cuda:0'), args=(tensor(2.1750, device='cuda:0'),), kwargs={}, broadcasts_input=False, name='')\"}, {\"i\": 2, \"class\": \"SIGNZERO\", \"detail\": \"sign of zero\", \"repr\": \"SampleInput(input=tensor([[-6.7103],\\n        [ 5.7013],\\n        [ 0.7920],\\n        [ 2.8814],\\n        [-4.1030]], device='cuda:0'), args=(tensor([ 2.1750, -8.5027, -3.1403, -6.9942,  3.2609], device='cuda:0'),), kwargs={}, broadcasts_input=True, name='')\"}], \"errors\": [], \"verdict\": \"DIFF:SIGNZERO\"}\n"}
,{"stream_name":"stdout","time":1976.271808149,"data":"{\"op\": \"fmin\", \"dtype\": \"float16\", \"samples\": 3, \"diffs\": [{\"i\": 1, \"class\": \"SIGNZERO\", \"detail\": \"sign of zero\", \"repr\": \"SampleInput(input=tensor([-6.7109,  5.7031,  0.7920,  2.8809, -4.1016], device='cuda:0',\\n       dtype=torch.float16), args=(tensor(2.1758, device='cuda:0', dtype=torch.float16),), kwargs={}, broadcasts_input=False, name='')\"}, {\"i\": 2, \"class\": \"SIGNZERO\", \"detail\": \"sign of zero\", \"repr\": \"SampleInput(input=tensor([[-6.7109],\\n        [ 5.7031],\\n        [ 0.7920],\\n        [ 2.8809],\\n        [-4.1016]], device='cuda:0', dtype=torch.float16), args=(tensor([ 2.1758, -8.5000, -3.1406, -6.9961,  3.2617], device='cuda:0',\\n       dtype=torch.float16),), kwargs={}, broadcasts_input=True, name=\"}], \"errors\": [], \"verdict\": \"DIFF:SIGNZERO\"}\n"}
,{"stream_name":"stdout","time":1976.271815298,"data":"{\"op\": \"fmin\", \"dtype\": \"bfloat16\", \"samples\": 3, \"diffs\": [], \"errors\": [], \"verdict\": \"ok\"}\n"}
,{"stream_name":"stdout","time":1976.27181938,"data":"{\"op\": \"fmin\", \"dtype\": \"int8\", \"samples\": 3, \"diffs\": [], \"errors\": [], \"verdict\": \"ok\"}\n"}
,{"stream_name":"stdout","time":1976.271824074,"data":"{\"op\": \"fmin\", \"dtype\": \"uint8\", \"samples\": 3, \"diffs\": [], \"errors\": [], \"verdict\": \"ok\"}\n"}
,{"stream_name":"stdout","time":1976.271828744,"data":"{\"op\": \"fmin\", \"dtype\": \"int16\", \"samples\": 3, \"diffs\": [], \"errors\": [], \"verdict\": \"ok\"}\n"}
,{"stream_name":"stdout","time":1976.271832946,"data":"{\"op\": \"fmin\", \"dtype\": \"int32\", \"samples\": 3, \"diffs\": [], \"errors\": [], \"verdict\": \"ok\"}\n"}
,{"stream_name":"stdout","time":1976.271840345,"data":"{\"op\": \"fmin\", \"dtype\": \"bool\", \"samples\": 3, \"diffs\": [], \"errors\": [], \"verdict\": \"ok\"}\n"}
,{"stream_name":"stdout","time":1976.271844584,"data":"{\"op\": \"fmod\", \"dtype\": \"float32\", \"samples\": 3, \"diffs\": [], \"errors\": [], \"verdict\": \"ok\"}\n"}
,{"stream_name":"stdout","time":1976.271849175,"data":"{\"op\": \"fmod\", \"dtype\": \"float16\", \"samples\": 3, \"diffs\": [], \"errors\": [], \"verdict\": \"ok\"}\n"}
,{"stream_name":"stdout","time":1976.271853667,"data":"{\"op\": \"fmod\", \"dtype\": \"bfloat16\", \"samples\": 3, \"diffs\": [], \"errors\": [], \"verdict\": \"ok\"}\n"}
,{"stream_name":"stdout","time":1976.271858184,"data":"{\"op\": \"fmod\", \"dtype\": \"int8\", \"samples\": 3, \"diffs\": [], \"errors\": [], \"verdict\": \"ok\"}\n"}
,{"stream_name":"stdout","time":1976.271861917,"data":"{\"op\": \"fmod\", \"dtype\": \"uint8\", \"samples\": 3, \"diffs\": [], \"errors\": [], \"verdict\": \"ok\"}\n"}
,{"stream_name":"stdout","time":1976.271865834,"data":"{\"op\": \"fmod\", \"dtype\": \"int16\", \"samples\": 3, \"diffs\": [], \"errors\": [], \"verdict\": \"ok\"}\n"}
,{"stream_name":"stdout","time":1976.271869817,"data":"{\"op\": \"fmod\", \"dtype\": \"int32\", \"samples\": 3, \"diffs\": [], \"errors\": [], \"verdict\": \"ok\"}\n"}
,{"stream_name":"stdout","time":1976.271874102,"data":"{\"op\": \"remainder\", \"dtype\": \"float32\", \"samples\": 3, \"diffs\": [{\"i\": 2, \"class\": \"SIGNZERO\", \"detail\": \"sign of zero\", \"repr\": \"SampleInput(input=tensor([[-6.7103],\\n        [ 5.7013],\\n        [ 0.7920],\\n        [ 2.8814],\\n        [-4.1030]], device='cuda:0'), args=(tensor([ 2.1750, -8.5027, -3.1403, -6.9942,  3.2609], device='cuda:0'),), kwargs={}, broadcasts_input=True, name='')\"}], \"errors\": [], \"verdict\": \"DIFF:SIGNZERO\"}\n"}
,{"stream_name":"stdout","time":1976.271879377,"data":"{\"op\": \"remainder\", \"dtype\": \"float16\", \"samples\": 3, \"diffs\": [{\"i\": 2, \"class\": \"SIGNZERO\", \"detail\": \"sign of zero\", \"repr\": \"SampleInput(input=tensor([[-6.7109],\\n        [ 5.7031],\\n        [ 0.7920],\\n        [ 2.8809],\\n        [-4.1016]], device='cuda:0', dtype=torch.float16), args=(tensor([ 2.1758, -8.5000, -3.1406, -6.9961,  3.2617], device='cuda:0',\\n       dtype=torch.float16),), kwargs={}, broadcasts_input=True, name=\"}], \"errors\": [], \"verdict\": \"DIFF:SIGNZERO\"}\n"}
,{"stream_name":"stdout","time":1976.271884897,"data":"{\"op\": \"remainder\", \"dtype\": \"bfloat16\", \"samples\": 3, \"diffs\": [], \"errors\": [], \"verdict\": \"ok\"}\n"}
,{"stream_name":"stdout","time":1976.271888773,"data":"{\"op\": \"remainder\", \"dtype\": \"int8\", \"samples\": 3, \"diffs\": [], \"errors\": [], \"verdict\": \"ok\"}\n"}
,{"stream_name":"stdout","time":1976.271892766,"data":"{\"op\": \"remainder\", \"dtype\": \"uint8\", \"samples\": 3, \"diffs\": [], \"errors\": [], \"verdict\": \"ok\"}\n"}
,{"stream_name":"stdout","time":1976.271896721,"data":"{\"op\": \"remainder\", \"dtype\": \"int16\", \"samples\": 3, \"diffs\": [], \"errors\": [], \"verdict\": \"ok\"}\n"}
,{"stream_name":"stdout","time":1976.271900806,"data":"{\"op\": \"remainder\", \"dtype\": \"int32\", \"samples\": 3, \"diffs\": [], \"errors\": [], \"verdict\": \"ok\"}\n"}
,{"stream_name":"stdout","time":1976.271904492,"data":"{\"op\": \"frac\", \"dtype\": \"float32\", \"samples\": 1, \"diffs\": [], \"errors\": [], \"verdict\": \"ok\"}\n"}
,{"stream_name":"stdout","time":1976.271908737,"data":"{\"op\": \"frac\", \"dtype\": \"float16\", \"samples\": 1, \"diffs\": [], \"errors\": [], \"verdict\": \"ok\"}\n"}
,{"stream_name":"stdout","time":1976.271913057,"data":"{\"op\": \"frac\", \"dtype\": \"bfloat16\", \"samples\": 1, \"diffs\": [], \"errors\": [], \"verdict\": \"ok\"}\n"}
,{"stream_name":"stdout","time":1976.271920028,"data":"{\"op\": \"floor\", \"dtype\": \"float32\", \"samples\": 1, \"diffs\": [], \"errors\": [], \"verdict\": \"ok\"}\n"}
,{"stream_name":"stdout","time":1976.271924822,"data":"{\"op\": \"floor\", \"dtype\": \"float16\", \"samples\": 1, \"diffs\": [], \"errors\": [], \"verdict\": \"ok\"}\n"}
,{"stream_name":"stdout","time":1976.27195322,"data":"{\"op\": \"floor\", \"dtype\": \"bfloat16\", \"samples\": 1, \"diffs\": [], \"errors\": [], \"verdict\": \"ok\"}\n"}
,{"stream_name":"stdout","time":1976.271957609,"data":"{\"op\": \"floor\", \"dtype\": \"int8\", \"samples\": 1, \"diffs\": [], \"errors\": [], \"verdict\": \"ok\"}\n"}
,{"stream_name":"stdout","time":1976.271961529,"data":"{\"op\": \"floor\", \"dtype\": \"uint8\", \"samples\": 1, \"diffs\": [], \"errors\": [], \"verdict\": \"ok\"}\n"}
,{"stream_name":"stdout","time":1976.271965832,"data":"{\"op\": \"floor\", \"dtype\": \"int16\", \"samples\": 1, \"diffs\": [], \"errors\": [], \"verdict\": \"ok\"}\n"}
,{"stream_name":"stdout","time":1976.271970331,"data":"{\"op\": \"floor\", \"dtype\": \"int32\", \"samples\": 1, \"diffs\": [], \"errors\": [], \"verdict\": \"ok\"}\n"}
,{"stream_name":"stdout","time":1976.271974722,"data":"{\"op\": \"flip\", \"dtype\": \"float32\", \"samples\": 3, \"diffs\": [], \"errors\": [], \"verdict\": \"ok\"}\n"}
,{"stream_name":"stdout","time":1976.271978976,"data":"{\"op\": \"flip\", \"dtype\": \"float16\", \"samples\": 3, \"diffs\": [], \"errors\": [], \"verdict\": \"ok\"}\n"}
,{"stream_name":"stdout","time":1976.271983424,"data":"{\"op\": \"flip\", \"dtype\": \"bfloat16\", \"samples\": 3, \"diffs\": [], \"errors\": [], \"verdict\": \"ok\"}\n"}
,{"stream_name":"stdout","time":1976.271987281,"data":"{\"op\": \"flip\", \"dtype\": \"int8\", \"samples\": 3, \"diffs\": [], \"errors\": [], \"verdict\": \"ok\"}\n"}
,{"stream_name":"stdout","time":1976.271991414,"data":"{\"op\": \"flip\", \"dtype\": \"uint8\", \"samples\": 3, \"diffs\": [], \"errors\": [], \"verdict\": \"ok\"}\n"}
,{"stream_name":"stdout","time":1976.271995546,"data":"{\"op\": \"flip\", \"dtype\": \"int16\", \"samples\": 3, \"diffs\": [], \"errors\": [], \"verdict\": \"ok\"}\n"}
,{"stream_name":"stdout","time":1976.27200011,"data":"{\"op\": \"flip\", \"dtype\": \"int32\", \"samples\": 3, \"diffs\": [], \"errors\": [], \"verdict\": \"ok\"}\n"}
,{"stream_name":"stdout","time":1976.272003727,"data":"{\"op\": \"flip\", \"dtype\": \"bool\", \"samples\": 3, \"diffs\": [], \"errors\": [], \"verdict\": \"ok\"}\n"}
,{"stream_name":"stdout","time":1976.27200855,"data":"{\"op\": \"fliplr\", \"dtype\": \"float32\", \"samples\": 2, \"diffs\": [], \"errors\": [], \"verdict\": \"ok\"}\n"}
,{"stream_name":"stdout","time":1976.272012743,"data":"{\"op\": \"fliplr\", \"dtype\": \"float16\", \"samples\": 2, \"diffs\": [], \"errors\": [], \"verdict\": \"ok\"}\n"}
,{"stream_name":"stdout","time":1976.272018975,"data":"{\"op\": \"fliplr\", \"dtype\": \"bfloat16\", \"samples\": 2, \"diffs\": [], \"errors\": [], \"verdict\": \"ok\"}\n"}
,{"stream_name":"stdout","time":1976.272023439,"data":"{\"op\": \"fliplr\", \"dtype\": \"int8\", \"samples\": 2, \"diffs\": [], \"errors\": [], \"verdict\": \"ok\"}\n"}
,{"stream_name":"stdout","time":1976.272027557,"data":"{\"op\": \"fliplr\", \"dtype\": \"uint8\", \"samples\": 2, \"diffs\": [], \"errors\": [], \"verdict\": \"ok\"}\n"}
,{"stream_name":"stdout","time":1976.272032128,"data":"{\"op\": \"fliplr\", \"dtype\": \"int16\", \"samples\": 2, \"diffs\": [], \"errors\": [], \"verdict\": \"ok\"}\n"}
,{"stream_name":"stdout","time":1976.272036866,"data":"{\"op\": \"fliplr\", \"dtype\": \"int32\", \"samples\": 2, \"diffs\": [], \"errors\": [], \"verdict\": \"ok\"}\n"}
,{"stream_name":"stdout","time":1976.272040459,"data":"{\"op\": \"fliplr\", \"dtype\": \"bool\", \"samples\": 2, \"diffs\": [], \"errors\": [], \"verdict\": \"ok\"}\n"}
,{"stream_name":"stdout","time":1976.272048821,"data":"{\"op\": \"flipud\", \"dtype\": \"float32\", \"samples\": 2, \"diffs\": [], \"errors\": [], \"verdict\": \"ok\"}\n"}
,{"stream_name":"stdout","time":1976.272052791,"data":"{\"op\": \"flipud\", \"dtype\": \"float16\", \"samples\": 2, \"diffs\": [], \"errors\": [], \"verdict\": \"ok\"}\n"}
,{"stream_name":"stdout","time":1976.272056661,"data":"{\"op\": \"flipud\", \"dtype\": \"bfloat16\", \"samples\": 2, \"diffs\": [], \"errors\": [], \"verdict\": \"ok\"}\n"}
,{"stream_name":"stdout","time":1976.272060598,"data":"{\"op\": \"flipud\", \"dtype\": \"int8\", \"samples\": 2, \"diffs\": [], \"errors\": [], \"verdict\": \"ok\"}\n"}
,{"stream_name":"stdout","time":1976.272064865,"data":"{\"op\": \"flipud\", \"dtype\": \"uint8\", \"samples\": 2, \"diffs\": [], \"errors\": [], \"verdict\": \"ok\"}\n"}
,{"stream_name":"stdout","time":1976.272068883,"data":"{\"op\": \"flipud\", \"dtype\": \"int16\", \"samples\": 2, \"diffs\": [], \"errors\": [], \"verdict\": \"ok\"}\n"}
,{"stream_name":"stdout","time":1976.272072586,"data":"{\"op\": \"flipud\", \"dtype\": \"int32\", \"samples\": 2, \"diffs\": [], \"errors\": [], \"verdict\": \"ok\"}\n"}
,{"stream_name":"stdout","time":1976.27207646,"data":"{\"op\": \"flipud\", \"dtype\": \"bool\", \"samples\": 2, \"diffs\": [], \"errors\": [], \"verdict\": \"ok\"}\n"}
,{"stream_name":"stdout","time":1976.272080599,"data":"{\"op\": \"sparse.sampled_addmm\", \"dtype\": \"float32\", \"samples\": 3, \"diffs\": [], \"errors\": [], \"verdict\": \"ok\"}\n"}
,{"stream_name":"stdout","time":1976.272085075,"data":"{\"op\": \"sparse.sampled_addmm\", \"dtype\": \"float16\", \"samples\": 3, \"diffs\": [], \"errors\": [], \"verdict\": \"ok\"}\n"}
,{"stream_name":"stdout","time":1976.272089312,"data":"{\"op\": \"sparse.sampled_addmm\", \"dtype\": \"bfloat16\", \"samples\": 3, \"diffs\": [], \"errors\": [], \"verdict\": \"ok\"}\n"}
,{"stream_name":"stdout","time":1976.272093445,"data":"{\"op\": \"sparse.mm\", \"dtype\": \"float32\", \"samples\": 0, \"diffs\": [], \"errors\": [\"prep RuntimeError\", \"prep RuntimeError\", \"prep RuntimeError\"], \"verdict\": \"ok\"}\n"}
,{"stream_name":"stdout","time":1976.272098183,"data":"{\"op\": \"sparse.mm\", \"dtype\": \"float16\", \"samples\": 0, \"diffs\": [], \"errors\": [\"prep RuntimeError\", \"prep RuntimeError\", \"prep RuntimeError\"], \"verdict\": \"ok\"}\n"}
,{"stream_name":"stdout","time":1976.272102976,"data":"{\"op\": \"sparse.mm\", \"dtype\": \"bfloat16\", \"samples\": 0, \"diffs\": [], \"errors\": [\"prep RuntimeError\", \"prep RuntimeError\", \"prep RuntimeError\"], \"verdict\": \"ok\"}\n"}
,{"stream_name":"stdout","time":1976.272107197,"data":"{\"op\": \"i0\", \"dtype\": \"float32\", \"samples\": 2, \"diffs\": [], \"errors\": [], \"verdict\": \"ok\"}\n"}
,{"stream_name":"stdout","time":1976.272111239,"data":"{\"op\": \"i0\", \"dtype\": \"float16\", \"samples\": 2, \"diffs\": [], \"errors\": [], \"verdict\": \"ok\"}\n"}
,{"stream_name":"stdout","time":1976.272115161,"data":"{\"op\": \"i0\", \"dtype\": \"bfloat16\", \"samples\": 2, \"diffs\": [], \"errors\": [], \"verdict\": \"ok\"}\n"}
,{"stream_name":"stdout","time":1976.272119626,"data":"{\"op\": \"i0\", \"dtype\": \"int8\", \"samples\": 2, \"diffs\": [], \"errors\": [], \"verdict\": \"ok\"}\n"}
,{"stream_name":"stdout","time":1976.272125192,"data":"{\"op\": \"i0\", \"dtype\": \"uint8\", \"samples\": 2, \"diffs\": [], \"errors\": [], \"verdict\": \"ok\"}\n"}
,{"stream_name":"stdout","time":1976.272129279,"data":"{\"op\": \"i0\", \"dtype\": \"int16\", \"samples\": 2, \"diffs\": [], \"errors\": [], \"verdict\": \"ok\"}\n"}
,{"stream_name":"stdout","time":1976.272133285,"data":"{\"op\": \"i0\", \"dtype\": \"int32\", \"samples\": 2, \"diffs\": [], \"errors\": [], \"verdict\": \"ok\"}\n"}
,{"stream_name":"stdout","time":1976.27214659,"data":"{\"op\": \"i0\", \"dtype\": \"bool\", \"samples\": 2, \"diffs\": [], \"errors\": [], \"verdict\": \"ok\"}\n"}
,{"stream_name":"stdout","time":1976.272150449,"data":"{\"op\": \"floor_divide\", \"dtype\": \"float32\", \"samples\": 3, \"diffs\": [], \"errors\": [], \"verdict\": \"ok\"}\n"}
,{"stream_name":"stdout","time":1976.272154031,"data":"{\"op\": \"floor_divide\", \"dtype\": \"float16\", \"samples\": 3, \"diffs\": [], \"errors\": [], \"verdict\": \"ok\"}\n"}
,{"stream_name":"stdout","time":1976.272157876,"data":"{\"op\": \"floor_divide\", \"dtype\": \"bfloat16\", \"samples\": 3, \"diffs\": [], \"errors\": [], \"verdict\": \"ok\"}\n"}
,{"stream_name":"stdout","time":1976.272162094,"data":"{\"op\": \"floor_divide\", \"dtype\": \"int8\", \"samples\": 3, \"diffs\": [], \"errors\": [], \"verdict\": \"ok\"}\n"}
,{"stream_name":"stdout","time":1976.272166147,"data":"{\"op\": \"floor_divide\", \"dtype\": \"uint8\", \"samples\": 3, \"diffs\": [{\"i\": 0, \"class\": \"VALUE\", \"detail\": \"value at []: eager 255 compiled 0\", \"repr\": \"SampleInput(input=2, args=(tensor(1, device='cuda:0', dtype=torch.uint8),), kwargs={}, broadcasts_input=False, name='')\"}, {\"i\": 1, \"class\": \"VALUE\", \"detail\": \"value at [0]: eager 255 compiled 0\", \"repr\": \"SampleInput(input=tensor([2, 6, 5, 2, 6], device='cuda:0', dtype=torch.uint8), args=(tensor(1, device='cuda:0', dtype=torch.uint8),), kwargs={}, broadcasts_input=False, name='')\"}, {\"i\": 2, \"class\": \"VALUE\", \"detail\": \"value at [0, 0]: eager 255 compiled 0\", \"repr\": \"SampleInput(input=tensor([[2],\\n        [6],\\n        [5],\\n        [2],\\n        [6]], device='cuda:0', dtype=torch.uint8), args=(tensor([1, 3, 1, 3, 7], device='cuda:0', dtype=torch.uint8),), kwargs={}, broadcasts_input=True, name='')\"}], \"errors\": [], \"verdict\": \"DIFF:VALUE\"}\n"}
,{"stream_name":"stdout","time":1976.272174119,"data":"{\"op\": \"floor_divide\", \"dtype\": \"int16\", \"samples\": 3, \"diffs\": [], \"errors\": [], \"verdict\": \"ok\"}\n"}
,{"stream_name":"stdout","time":1976.272178104,"data":"{\"op\": \"floor_divide\", \"dtype\": \"int32\", \"samples\": 3, \"diffs\": [], \"errors\": [], \"verdict\": \"ok\"}\n"}
,{"stream_name":"stdout","time":1976.272183587,"data":"{\"op\": \"frexp\", \"dtype\": \"float32\", \"samples\": 3, \"diffs\": [{\"i\": 0, \"class\": \"SIGNZERO\", \"detail\": \"sign of zero\", \"repr\": \"SampleInput(input=tensor([-6.7103,  5.7013,  0.7920,  2.8814, -4.1030,  8.5261, -1.9740, -2.8899,\\n         0.8122,  4.1615, -2.0441,  1.7259,  4.6410, -5.1733,  3.9563,  8.7209,\\n         0.9328, -7.2351, -7.9526,  1.5101], device='cuda:0'), args=(), kwargs={}, broadcasts_input=False, name='')\"}], \"errors\": [], \"verdict\": \"DIFF:SIGNZERO\"}\n"}
,{"stream_name":"stdout","time":1976.272189667,"data":"{\"op\": \"frexp\", \"dtype\": \"float16\", \"samples\": 3, \"diffs\": [{\"i\": 0, \"class\": \"SIGNZERO\", \"detail\": \"sign of zero\", \"repr\": \"SampleInput(input=tensor([-6.7109,  5.7031,  0.7920,  2.8809, -4.1016,  8.5234, -1.9736, -2.8906,\\n         0.8120,  4.1602, -2.0449,  1.7256,  4.6406, -5.1719,  3.9570,  8.7188,\\n         0.9326, -7.2344, -7.9531,  1.5098], device='cuda:0',\\n       dtype=torch.float16), args=(), kwargs={}, broadcasts_\"}], \"errors\": [], \"verdict\": \"DIFF:SIGNZERO\"}\n"}
,{"stream_name":"stdout","time":1976.272195272,"data":"{\"op\": \"frexp\", \"dtype\": \"bfloat16\", \"samples\": 3, \"diffs\": [], \"errors\": [], \"verdict\": \"ok\"}\n"}
,{"stream_name":"stdout","time":1976.272199596,"data":"{\"op\": \"log1p\", \"dtype\": \"float32\", \"samples\": 1, \"diffs\": [], \"errors\": [], \"verdict\": \"ok\"}\n"}
,{"stream_name":"stdout","time":1976.272203658,"data":"{\"op\": \"log1p\", \"dtype\": \"float16\", \"samples\": 1, \"diffs\": [], \"errors\": [], \"verdict\": \"ok\"}\n"}
,{"stream_name":"stdout","time":1976.272207616,"data":"{\"op\": \"log1p\", \"dtype\": \"bfloat16\", \"samples\": 1, \"diffs\": [], \"errors\": [], \"verdict\": \"ok\"}\n"}
,{"stream_name":"stdout","time":1976.272225732,"data":"{\"op\": \"log1p\", \"dtype\": \"int8\", \"samples\": 1, \"diffs\": [], \"errors\": [], \"verdict\": \"ok\"}\n"}
,{"stream_name":"stdout","time":1976.272230584,"data":"{\"op\": \"log1p\", \"dtype\": \"uint8\", \"samples\": 1, \"diffs\": [], \"errors\": [], \"verdict\": \"ok\"}\n"}
,{"stream_name":"stdout","time":1976.272234294,"data":"{\"op\": \"log1p\", \"dtype\": \"int16\", \"samples\": 1, \"diffs\": [], \"errors\": [], \"verdict\": \"ok\"}\n"}
,{"stream_name":"stdout","time":1976.272245841,"data":"{\"op\": \"log1p\", \"dtype\": \"int32\", \"samples\": 1, \"diffs\": [], \"errors\": [], \"verdict\": \"ok\"}\n"}
,{"stream_name":"stdout","time":1976.272249776,"data":"{\"op\": \"log1p\", \"dtype\": \"bool\", \"samples\": 1, \"diffs\": [], \"errors\": [], \"verdict\": \"ok\"}\n"}
,{"stream_name":"stdout","time":1976.272254015,"data":"{\"op\": \"ge\", \"dtype\": \"float32\", \"samples\": 3, \"diffs\": [], \"errors\": [], \"verdict\": \"ok\"}\n"}
,{"stream_name":"stdout","time":1976.272258283,"data":"{\"op\": \"ge\", \"dtype\": \"float16\", \"samples\": 3, \"diffs\": [], \"errors\": [], \"verdict\": \"ok\"}\n"}
,{"stream_name":"stdout","time":1976.272262327,"data":"{\"op\": \"ge\", \"dtype\": \"bfloat16\", \"samples\": 3, \"diffs\": [], \"errors\": [], \"verdict\": \"ok\"}\n"}
,{"stream_name":"stdout","time":1976.272266062,"data":"{\"op\": \"ge\", \"dtype\": \"int8\", \"samples\": 3, \"diffs\": [], \"errors\": [], \"verdict\": \"ok\"}\n"}
,{"stream_name":"stdout","time":1976.272270061,"data":"{\"op\": \"ge\", \"dtype\": \"uint8\", \"samples\": 3, \"diffs\": [], \"errors\": [], \"verdict\": \"ok\"}\n"}
,{"stream_name":"stdout","time":1976.272274585,"data":"{\"op\": \"ge\", \"dtype\": \"int16\", \"samples\": 3, \"diffs\": [], \"errors\": [], \"verdict\": \"ok\"}\n"}
,{"stream_name":"stdout","time":1976.272278393,"data":"{\"op\": \"ge\", \"dtype\": \"int32\", \"samples\": 3, \"diffs\": [], \"errors\": [], \"verdict\": \"ok\"}\n"}
,{"stream_name":"stdout","time":1976.272282506,"data":"{\"op\": \"ge\", \"dtype\": \"bool\", \"samples\": 3, \"diffs\": [], \"errors\": [], \"verdict\": \"ok\"}\n"}
,{"stream_name":"stdout","time":1976.272286573,"data":"{\"op\": \"gt\", \"dtype\": \"float32\", \"samples\": 3, \"diffs\": [], \"errors\": [], \"verdict\": \"ok\"}\n"}
,{"stream_name":"stdout","time":1976.272290441,"data":"{\"op\": \"gt\", \"dtype\": \"float16\", \"samples\": 3, \"diffs\": [], \"errors\": [], \"verdict\": \"ok\"}\n"}
,{"stream_name":"stdout","time":1976.272294383,"data":"{\"op\": \"gt\", \"dtype\": \"bfloat16\", \"samples\": 3, \"diffs\": [], \"errors\": [], \"verdict\": \"ok\"}\n"}
,{"stream_name":"stdout","time":1976.272298948,"data":"{\"op\": \"gt\", \"dtype\": \"int8\", \"samples\": 3, \"diffs\": [], \"errors\": [], \"verdict\": \"ok\"}\n"}
,{"stream_name":"stdout","time":1976.272303083,"data":"{\"op\": \"gt\", \"dtype\": \"uint8\", \"samples\": 3, \"diffs\": [], \"errors\": [], \"verdict\": \"ok\"}\n"}
,{"stream_name":"stdout","time":1976.272307761,"data":"{\"op\": \"gt\", \"dtype\": \"int16\", \"samples\": 3, \"diffs\": [], \"errors\": [], \"verdict\": \"ok\"}\n"}
,{"stream_name":"stdout","time":1976.272312143,"data":"{\"op\": \"gt\", \"dtype\": \"int32\", \"samples\": 3, \"diffs\": [], \"errors\": [], \"verdict\": \"ok\"}\n"}
,{"stream_name":"stdout","time":1976.272316102,"data":"{\"op\": \"gt\", \"dtype\": \"bool\", \"samples\": 3, \"diffs\": [], \"errors\": [], \"verdict\": \"ok\"}\n"}
,{"stream_name":"stdout","time":1976.272320619,"data":"{\"op\": \"gradient\", \"dtype\": \"float32\", \"samples\": 3, \"diffs\": [], \"errors\": [], \"verdict\": \"ok\"}\n"}
,{"stream_name":"stdout","time":1976.272324745,"data":"{\"op\": \"gradient\", \"dtype\": \"float16\", \"samples\": 3, \"diffs\": [], \"errors\": [], \"verdict\": \"ok\"}\n"}
,{"stream_name":"stdout","time":1976.272332365,"data":"{\"op\": \"gradient\", \"dtype\": \"bfloat16\", \"samples\": 3, \"diffs\": [], \"errors\": [], \"verdict\": \"ok\"}\n"}
,{"stream_name":"stdout","time":1976.272336959,"data":"{\"op\": \"gradient\", \"dtype\": \"int8\", \"samples\": 3, \"diffs\": [], \"errors\": [], \"verdict\": \"ok\"}\n"}
,{"stream_name":"stdout","time":1976.272341381,"data":"{\"op\": \"gradient\", \"dtype\": \"int16\", \"samples\": 3, \"diffs\": [], \"errors\": [], \"verdict\": \"ok\"}\n"}
,{"stream_name":"stdout","time":1976.272345854,"data":"{\"op\": \"gradient\", \"dtype\": \"int32\", \"samples\": 3, \"diffs\": [], \"errors\": [], \"verdict\": \"ok\"}\n"}
,{"stream_name":"stdout","time":1976.272349637,"data":"{\"op\": \"isin\", \"dtype\": \"float32\", \"samples\": 2, \"diffs\": [], \"errors\": [], \"verdict\": \"ok\"}\n"}
,{"stream_name":"stdout","time":1976.272353756,"data":"{\"op\": \"isin\", \"dtype\": \"float16\", \"samples\": 2, \"diffs\": [], \"errors\": [], \"verdict\": \"ok\"}\n"}
,{"stream_name":"stdout","time":1976.272358314,"data":"{\"op\": \"isin\", \"dtype\": \"bfloat16\", \"samples\": 2, \"diffs\": [], \"errors\": [], \"verdict\": \"ok\"}\n"}
,{"stream_name":"stdout","time":1976.272362209,"data":"{\"op\": \"isin\", \"dtype\": \"int8\", \"samples\": 2, \"diffs\": [], \"errors\": [], \"verdict\": \"ok\"}\n"}
,{"stream_name":"stdout","time":1976.272366304,"data":"{\"op\": \"isin\", \"dtype\": \"uint8\", \"samples\": 2, \"diffs\": [], \"errors\": [], \"verdict\": \"ok\"}\n"}
,{"stream_name":"stdout","time":1976.272370862,"data":"{\"op\": \"isin\", \"dtype\": \"int16\", \"samples\": 2, \"diffs\": [], \"errors\": [], \"verdict\": \"ok\"}\n"}
,{"stream_name":"stdout","time":1976.272375113,"data":"{\"op\": \"isin\", \"dtype\": \"int32\", \"samples\": 2, \"diffs\": [], \"errors\": [], \"verdict\": \"ok\"}\n"}
,{"stream_name":"stdout","time":1976.272378994,"data":"{\"op\": \"le\", \"dtype\": \"float32\", \"samples\": 3, \"diffs\": [], \"errors\": [], \"verdict\": \"ok\"}\n"}
,{"stream_name":"stdout","time":1976.272382879,"data":"{\"op\": \"le\", \"dtype\": \"float16\", \"samples\": 3, \"diffs\": [], \"errors\": [], \"verdict\": \"ok\"}\n"}
,{"stream_name":"stdout","time":1976.272386874,"data":"{\"op\": \"le\", \"dtype\": \"bfloat16\", \"samples\": 3, \"diffs\": [], \"errors\": [], \"verdict\": \"ok\"}\n"}
,{"stream_name":"stdout","time":1976.272391159,"data":"{\"op\": \"le\", \"dtype\": \"int8\", \"samples\": 3, \"diffs\": [], \"errors\": [], \"verdict\": \"ok\"}\n"}
,{"stream_name":"stdout","time":1976.272395664,"data":"{\"op\": \"le\", \"dtype\": \"uint8\", \"samples\": 3, \"diffs\": [], \"errors\": [], \"verdict\": \"ok\"}\n"}
,{"stream_name":"stdout","time":1976.272399667,"data":"{\"op\": \"le\", \"dtype\": \"int16\", \"samples\": 3, \"diffs\": [], \"errors\": [], \"verdict\": \"ok\"}\n"}
,{"stream_name":"stdout","time":1976.272404008,"data":"{\"op\": \"le\", \"dtype\": \"int32\", \"samples\": 3, \"diffs\": [], \"errors\": [], \"verdict\": \"ok\"}\n"}
,{"stream_name":"stdout","time":1976.272408062,"data":"{\"op\": \"le\", \"dtype\": \"bool\", \"samples\": 3, \"diffs\": [], \"errors\": [], \"verdict\": \"ok\"}\n"}
,{"stream_name":"stdout","time":1976.272412206,"data":"{\"op\": \"linspace\", \"dtype\": \"float32\", \"samples\": 3, \"diffs\": [], \"errors\": [], \"verdict\": \"ok\"}\n"}
,{"stream_name":"stdout","time":1976.272416452,"data":"{\"op\": \"linspace\", \"dtype\": \"float16\", \"samples\": 3, \"diffs\": [], \"errors\": [], \"verdict\": \"ok\"}\n"}
,{"stream_name":"stdout","time":1976.272420827,"data":"{\"op\": \"linspace\", \"dtype\": \"bfloat16\", \"samples\": 3, \"diffs\": [], \"errors\": [], \"verdict\": \"ok\"}\n"}
,{"stream_name":"stdout","time":1976.272427733,"data":"{\"op\": \"linspace\", \"dtype\": \"int8\", \"samples\": 3, \"diffs\": [], \"errors\": [], \"verdict\": \"ok\"}\n"}
,{"stream_name":"stdout","time":1976.272431733,"data":"{\"op\": \"linspace\", \"dtype\": \"uint8\", \"samples\": 3, \"diffs\": [], \"errors\": [], \"verdict\": \"ok\"}\n"}
,{"stream_name":"stdout","time":1976.272437715,"data":"{\"op\": \"linspace\", \"dtype\": \"int16\", \"samples\": 3, \"diffs\": [], \"errors\": [], \"verdict\": \"ok\"}\n"}
,{"stream_name":"stdout","time":1976.272441356,"data":"{\"op\": \"linspace\", \"dtype\": \"int32\", \"samples\": 3, \"diffs\": [], \"errors\": [], \"verdict\": \"ok\"}\n"}
,{"stream_name":"stdout","time":1976.27244556,"data":"{\"op\": \"linspace\", \"dtype\": \"float32\", \"samples\": 3, \"diffs\": [], \"errors\": [], \"verdict\": \"ok\"}\n"}
,{"stream_name":"stdout","time":1976.272450378,"data":"{\"op\": \"linspace\", \"dtype\": \"float16\", \"samples\": 3, \"diffs\": [], \"errors\": [], \"verdict\": \"ok\"}\n"}
,{"stream_name":"stdout","time":1976.272454461,"data":"{\"op\": \"linspace\", \"dtype\": \"bfloat16\", \"samples\": 3, \"diffs\": [], \"errors\": [], \"verdict\": \"ok\"}\n"}
,{"stream_name":"stdout","time":1976.272458974,"data":"{\"op\": \"linspace\", \"dtype\": \"int8\", \"samples\": 3, \"diffs\": [], \"errors\": [], \"verdict\": \"ok\"}\n"}
,{"stream_name":"stdout","time":1976.272463023,"data":"{\"op\": \"linspace\", \"dtype\": \"uint8\", \"samples\": 3, \"diffs\": [], \"errors\": [], \"verdict\": \"ok\"}\n"}
,{"stream_name":"stdout","time":1976.272467868,"data":"{\"op\": \"linspace\", \"dtype\": \"int16\", \"samples\": 3, \"diffs\": [], \"errors\": [], \"verdict\": \"ok\"}\n"}
,{"stream_name":"stdout","time":1976.272471562,"data":"{\"op\": \"linspace\", \"dtype\": \"int32\", \"samples\": 3, \"diffs\": [], \"errors\": [], \"verdict\": \"ok\"}\n"}
,{"stream_name":"stdout","time":1976.272475914,"data":"{\"op\": \"logspace\", \"dtype\": \"float32\", \"samples\": 3, \"diffs\": [], \"errors\": [], \"verdict\": \"ok\"}\n"}
,{"stream_name":"stdout","time":1976.272479896,"data":"{\"op\": \"logspace\", \"dtype\": \"float16\", \"samples\": 3, \"diffs\": [], \"errors\": [], \"verdict\": \"ok\"}\n"}
,{"stream_name":"stdout","time":1976.272484171,"data":"{\"op\": \"logspace\", \"dtype\": \"bfloat16\", \"samples\": 3, \"diffs\": [], \"errors\": [], \"verdict\": \"ok\"}\n"}
,{"stream_name":"stdout","time":1976.272488146,"data":"{\"op\": \"logspace\", \"dtype\": \"int8\", \"samples\": 3, \"diffs\": [], \"errors\": [], \"verdict\": \"ok\"}\n"}
,{"stream_name":"stdout","time":1976.272492087,"data":"{\"op\": \"logspace\", \"dtype\": \"uint8\", \"samples\": 3, \"diffs\": [], \"errors\": [], \"verdict\": \"ok\"}\n"}
,{"stream_name":"stdout","time":1976.272496378,"data":"{\"op\": \"logspace\", \"dtype\": \"int16\", \"samples\": 3, \"diffs\": [], \"errors\": [], \"verdict\": \"ok\"}\n"}
,{"stream_name":"stdout","time":1976.272500522,"data":"{\"op\": \"logspace\", \"dtype\": \"int32\", \"samples\": 3, \"diffs\": [], \"errors\": [], \"verdict\": \"ok\"}\n"}
,{"stream_name":"stdout","time":1976.272505077,"data":"{\"op\": \"logspace\", \"dtype\": \"float32\", \"samples\": 3, \"diffs\": [], \"errors\": [], \"verdict\": \"ok\"}\n"}
,{"stream_name":"stdout","time":1976.272509322,"data":"{\"op\": \"logspace\", \"dtype\": \"float16\", \"samples\": 3, \"diffs\": [], \"errors\": [], \"verdict\": \"ok\"}\n"}
,{"stream_name":"stdout","time":1976.272513526,"data":"{\"op\": \"logspace\", \"dtype\": \"bfloat16\", \"samples\": 3, \"diffs\": [], \"errors\": [], \"verdict\": \"ok\"}\n"}
,{"stream_name":"stdout","time":1976.272517822,"data":"{\"op\": \"logspace\", \"dtype\": \"int8\", \"samples\": 3, \"diffs\": [], \"errors\": [], \"verdict\": \"ok\"}\n"}
,{"stream_name":"stdout","time":1976.272525662,"data":"{\"op\": \"logspace\", \"dtype\": \"uint8\", \"samples\": 3, \"diffs\": [], \"errors\": [], \"verdict\": \"ok\"}\n"}
,{"stream_name":"stdout","time":1976.272530436,"data":"{\"op\": \"logspace\", \"dtype\": \"int16\", \"samples\": 3, \"diffs\": [], \"errors\": [], \"verdict\": \"ok\"}\n"}
,{"stream_name":"stdout","time":1976.272534714,"data":"{\"op\": \"logspace\", \"dtype\": \"int32\", \"samples\": 3, \"diffs\": [], \"errors\": [], \"verdict\": \"ok\"}\n"}
,{"stream_name":"stdout","time":1976.272538712,"data":"{\"op\": \"log\", \"dtype\": \"float32\", \"samples\": 3, \"diffs\": [], \"errors\": [], \"verdict\": \"ok\"}\n"}
,{"stream_name":"stdout","time":1976.272543563,"data":"{\"op\": \"log\", \"dtype\": \"float16\", \"samples\": 3, \"diffs\": [], \"errors\": [], \"verdict\": \"ok\"}\n"}
,{"stream_name":"stdout","time":1976.272547867,"data":"{\"op\": \"log\", \"dtype\": \"bfloat16\", \"samples\": 3, \"diffs\": [], \"errors\": [], \"verdict\": \"ok\"}\n"}
,{"stream_name":"stdout","time":1976.272552154,"data":"{\"op\": \"log\", \"dtype\": \"int8\", \"samples\": 3, \"diffs\": [], \"errors\": [], \"verdict\": \"ok\"}\n"}
,{"stream_name":"stdout","time":1976.272556019,"data":"{\"op\": \"log\", \"dtype\": \"uint8\", \"samples\": 3, \"diffs\": [], \"errors\": [], \"verdict\": \"ok\"}\n"}
,{"stream_name":"stdout","time":1976.272560143,"data":"{\"op\": \"log\", \"dtype\": \"int16\", \"samples\": 3, \"diffs\": [], \"errors\": [], \"verdict\": \"ok\"}\n"}
,{"stream_name":"stdout","time":1976.272564751,"data":"{\"op\": \"log\", \"dtype\": \"int32\", \"samples\": 3, \"diffs\": [], \"errors\": [], \"verdict\": \"ok\"}\n"}
,{"stream_name":"stdout","time":1976.272568967,"data":"{\"op\": \"log\", \"dtype\": \"bool\", \"samples\": 3, \"diffs\": [], \"errors\": [], \"verdict\": \"ok\"}\n"}
,{"stream_name":"stdout","time":1976.272573103,"data":"{\"op\": \"log10\", \"dtype\": \"float32\", \"samples\": 3, \"diffs\": [], \"errors\": [], \"verdict\": \"ok\"}\n"}
,{"stream_name":"stdout","time":1976.272577531,"data":"{\"op\": \"log10\", \"dtype\": \"float16\", \"samples\": 3, \"diffs\": [], \"errors\": [], \"verdict\": \"ok\"}\n"}
,{"stream_name":"stdout","time":1976.272581526,"data":"{\"op\": \"log10\", \"dtype\": \"bfloat16\", \"samples\": 3, \"diffs\": [], \"errors\": [], \"verdict\": \"ok\"}\n"}
,{"stream_name":"stdout","time":1976.272585091,"data":"{\"op\": \"log10\", \"dtype\": \"int8\", \"samples\": 3, \"diffs\": [], \"errors\": [], \"verdict\": \"ok\"}\n"}
,{"stream_name":"stdout","time":1976.272589342,"data":"{\"op\": \"log10\", \"dtype\": \"uint8\", \"samples\": 3, \"diffs\": [], \"errors\": [], \"verdict\": \"ok\"}\n"}
,{"stream_name":"stdout","time":1976.272593701,"data":"{\"op\": \"log10\", \"dtype\": \"int16\", \"samples\": 3, \"diffs\": [], \"errors\": [], \"verdict\": \"ok\"}\n"}
,{"stream_name":"stdout","time":1976.272597599,"data":"{\"op\": \"log10\", \"dtype\": \"int32\", \"samples\": 3, \"diffs\": [], \"errors\": [], \"verdict\": \"ok\"}\n"}
,{"stream_name":"stdout","time":1976.272601302,"data":"{\"op\": \"log10\", \"dtype\": \"bool\", \"samples\": 3, \"diffs\": [], \"errors\": [], \"verdict\": \"ok\"}\n"}
,{"stream_name":"stdout","time":1976.272605426,"data":"{\"op\": \"log2\", \"dtype\": \"float32\", \"samples\": 3, \"diffs\": [], \"errors\": [], \"verdict\": \"ok\"}\n"}
,{"stream_name":"stdout","time":1976.272609643,"data":"{\"op\": \"log2\", \"dtype\": \"float16\", \"samples\": 3, \"diffs\": [], \"errors\": [], \"verdict\": \"ok\"}\n"}
,{"stream_name":"stdout","time":1976.272613707,"data":"{\"op\": \"log2\", \"dtype\": \"bfloat16\", \"samples\": 3, \"diffs\": [], \"errors\": [], \"verdict\": \"ok\"}\n"}
,{"stream_name":"stdout","time":1976.272617299,"data":"{\"op\": \"log2\", \"dtype\": \"int8\", \"samples\": 3, \"diffs\": [], \"errors\": [], \"verdict\": \"ok\"}\n"}
,{"stream_name":"stdout","time":1976.272624589,"data":"{\"op\": \"log2\", \"dtype\": \"uint8\", \"samples\": 3, \"diffs\": [], \"errors\": [], \"verdict\": \"ok\"}\n"}
,{"stream_name":"stdout","time":1976.27262834,"data":"{\"op\": \"log2\", \"dtype\": \"int16\", \"samples\": 3, \"diffs\": [], \"errors\": [], \"verdict\": \"ok\"}\n"}
,{"stream_name":"stdout","time":1976.272632586,"data":"{\"op\": \"log2\", \"dtype\": \"int32\", \"samples\": 3, \"diffs\": [], \"errors\": [], \"verdict\": \"ok\"}\n"}
,{"stream_name":"stdout","time":1976.27263701,"data":"{\"op\": \"log2\", \"dtype\": \"bool\", \"samples\": 3, \"diffs\": [], \"errors\": [], \"verdict\": \"ok\"}\n"}
,{"stream_name":"stdout","time":1976.272640718,"data":"{\"op\": \"ldexp\", \"dtype\": \"float32\", \"samples\": 3, \"diffs\": [], \"errors\": [], \"verdict\": \"ok\"}\n"}
,{"stream_name":"stdout","time":1976.272644439,"data":"{\"op\": \"ldexp\", \"dtype\": \"float16\", \"samples\": 3, \"diffs\": [], \"errors\": [], \"verdict\": \"ok\"}\n"}
,{"stream_name":"stdout","time":1976.27264897,"data":"{\"op\": \"ldexp\", \"dtype\": \"bfloat16\", \"samples\": 3, \"diffs\": [], \"errors\": [], \"verdict\": \"ok\"}\n"}
,{"stream_name":"stdout","time":1976.272653467,"data":"{\"op\": \"ldexp\", \"dtype\": \"int8\", \"samples\": 3, \"diffs\": [], \"errors\": [], \"verdict\": \"ok\"}\n"}
,{"stream_name":"stdout","time":1976.272657414,"data":"{\"op\": \"ldexp\", \"dtype\": \"uint8\", \"samples\": 3, \"diffs\": [], \"errors\": [], \"verdict\": \"ok\"}\n"}
,{"stream_name":"stdout","time":1976.272661231,"data":"{\"op\": \"ldexp\", \"dtype\": \"int16\", \"samples\": 3, \"diffs\": [], \"errors\": [], \"verdict\": \"ok\"}\n"}
,{"stream_name":"stdout","time":1976.272664987,"data":"{\"op\": \"ldexp\", \"dtype\": \"int32\", \"samples\": 3, \"diffs\": [], \"errors\": [], \"verdict\": \"ok\"}\n"}
,{"stream_name":"stdout","time":1976.272668845,"data":"{\"op\": \"ldexp\", \"dtype\": \"bool\", \"samples\": 3, \"diffs\": [], \"errors\": [], \"verdict\": \"ok\"}\n"}
,{"stream_name":"stdout","time":1976.272672882,"data":"{\"op\": \"logaddexp\", \"dtype\": \"float32\", \"samples\": 3, \"diffs\": [], \"errors\": [], \"verdict\": \"ok\"}\n"}
,{"stream_name":"stdout","time":1976.272676672,"data":"{\"op\": \"logaddexp\", \"dtype\": \"float16\", \"samples\": 3, \"diffs\": [], \"errors\": [], \"verdict\": \"ok\"}\n"}
,{"stream_name":"stdout","time":1976.272680936,"data":"{\"op\": \"logaddexp\", \"dtype\": \"bfloat16\", \"samples\": 3, \"diffs\": [], \"errors\": [], \"verdict\": \"ok\"}\n"}
,{"stream_name":"stdout","time":1976.272685232,"data":"{\"op\": \"logaddexp2\", \"dtype\": \"float32\", \"samples\": 1, \"diffs\": [], \"errors\": [], \"verdict\": \"ok\"}\n"}
,{"stream_name":"stdout","time":1976.27268919,"data":"{\"op\": \"logaddexp2\", \"dtype\": \"float16\", \"samples\": 1, \"diffs\": [], \"errors\": [], \"verdict\": \"ok\"}\n"}
,{"stream_name":"stdout","time":1976.272692934,"data":"{\"op\": \"logaddexp2\", \"dtype\": \"bfloat16\", \"samples\": 1, \"diffs\": [], \"errors\": [], \"verdict\": \"ok\"}\n"}
,{"stream_name":"stdout","time":1976.272697121,"data":"{\"op\": \"logical_not\", \"dtype\": \"float32\", \"samples\": 3, \"diffs\": [], \"errors\": [], \"verdict\": \"ok\"}\n"}
,{"stream_name":"stdout","time":1976.272701661,"data":"{\"op\": \"logical_not\", \"dtype\": \"float16\", \"samples\": 3, \"diffs\": [], \"errors\": [], \"verdict\": \"ok\"}\n"}
,{"stream_name":"stdout","time":1976.272705511,"data":"{\"op\": \"logical_not\", \"dtype\": \"bfloat16\", \"samples\": 3, \"diffs\": [], \"errors\": [], \"verdict\": \"ok\"}\n"}
,{"stream_name":"stdout","time":1976.272709373,"data":"{\"op\": \"logical_not\", \"dtype\": \"int8\", \"samples\": 3, \"diffs\": [], \"errors\": [], \"verdict\": \"ok\"}\n"}
,{"stream_name":"stdout","time":1976.272713601,"data":"{\"op\": \"logical_not\", \"dtype\": \"uint8\", \"samples\": 3, \"diffs\": [], \"errors\": [], \"verdict\": \"ok\"}\n"}
,{"stream_name":"stdout","time":1976.272720697,"data":"{\"op\": \"logical_not\", \"dtype\": \"int16\", \"samples\": 3, \"diffs\": [], \"errors\": [], \"verdict\": \"ok\"}\n"}
,{"stream_name":"stdout","time":1976.272724489,"data":"{\"op\": \"logical_not\", \"dtype\": \"int32\", \"samples\": 3, \"diffs\": [], \"errors\": [], \"verdict\": \"ok\"}\n"}
,{"stream_name":"stdout","time":1976.27272865,"data":"{\"op\": \"logical_not\", \"dtype\": \"bool\", \"samples\": 3, \"diffs\": [], \"errors\": [], \"verdict\": \"ok\"}\n"}
,{"stream_name":"stdout","time":1976.272733154,"data":"{\"op\": \"lt\", \"dtype\": \"float32\", \"samples\": 3, \"diffs\": [], \"errors\": [], \"verdict\": \"ok\"}\n"}
,{"stream_name":"stdout","time":1976.272736905,"data":"{\"op\": \"lt\", \"dtype\": \"float16\", \"samples\": 3, \"diffs\": [], \"errors\": [], \"verdict\": \"ok\"}\n"}
,{"stream_name":"stdout","time":1976.27274107,"data":"{\"op\": \"lt\", \"dtype\": \"bfloat16\", \"samples\": 3, \"diffs\": [], \"errors\": [], \"verdict\": \"ok\"}\n"}
,{"stream_name":"stdout","time":1976.272745335,"data":"{\"op\": \"lt\", \"dtype\": \"int8\", \"samples\": 3, \"diffs\": [], \"errors\": [], \"verdict\": \"ok\"}\n"}
,{"stream_name":"stdout","time":1976.272749422,"data":"{\"op\": \"lt\", \"dtype\": \"uint8\", \"samples\": 3, \"diffs\": [], \"errors\": [], \"verdict\": \"ok\"}\n"}
,{"stream_name":"stdout","time":1976.272753839,"data":"{\"op\": \"lt\", \"dtype\": \"int16\", \"samples\": 3, \"diffs\": [], \"errors\": [], \"verdict\": \"ok\"}\n"}
,{"stream_name":"stdout","time":1976.272757786,"data":"{\"op\": \"lt\", \"dtype\": \"int32\", \"samples\": 3, \"diffs\": [], \"errors\": [], \"verdict\": \"ok\"}\n"}
,{"stream_name":"stdout","time":1976.272761721,"data":"{\"op\": \"lt\", \"dtype\": \"bool\", \"samples\": 3, \"diffs\": [], \"errors\": [], \"verdict\": \"ok\"}\n"}
,{"stream_name":"stdout","time":1976.272765264,"data":"{\"op\": \"masked_fill\", \"dtype\": \"float32\", \"samples\": 3, \"diffs\": [], \"errors\": [], \"verdict\": \"ok\"}\n"}
,{"stream_name":"stdout","time":1976.272770257,"data":"{\"op\": \"masked_fill\", \"dtype\": \"float16\", \"samples\": 3, \"diffs\": [], \"errors\": [], \"verdict\": \"ok\"}\n"}
,{"stream_name":"stdout","time":1976.2727741,"data":"{\"op\": \"masked_fill\", \"dtype\": \"bfloat16\", \"samples\": 3, \"diffs\": [], \"errors\": [], \"verdict\": \"ok\"}\n"}
,{"stream_name":"stdout","time":1976.272778151,"data":"{\"op\": \"masked_fill\", \"dtype\": \"int8\", \"samples\": 3, \"diffs\": [], \"errors\": [], \"verdict\": \"ok\"}\n"}
,{"stream_name":"stdout","time":1976.272782387,"data":"{\"op\": \"masked_fill\", \"dtype\": \"uint8\", \"samples\": 3, \"diffs\": [], \"errors\": [], \"verdict\": \"ok\"}\n"}
,{"stream_name":"stdout","time":1976.272786373,"data":"{\"op\": \"masked_fill\", \"dtype\": \"int16\", \"samples\": 3, \"diffs\": [], \"errors\": [], \"verdict\": \"ok\"}\n"}
,{"stream_name":"stdout","time":1976.272790322,"data":"{\"op\": \"masked_fill\", \"dtype\": \"int32\", \"samples\": 3, \"diffs\": [], \"errors\": [], \"verdict\": \"ok\"}\n"}
,{"stream_name":"stdout","time":1976.272794113,"data":"{\"op\": \"masked_fill\", \"dtype\": \"bool\", \"samples\": 3, \"diffs\": [], \"errors\": [], \"verdict\": \"ok\"}\n"}
,{"stream_name":"stdout","time":1976.272797682,"data":"{\"op\": \"masked_scatter\", \"dtype\": \"float32\", \"samples\": 3, \"diffs\": [], \"errors\": [], \"verdict\": \"ok\"}\n"}
,{"stream_name":"stdout","time":1976.272801961,"data":"{\"op\": \"masked_scatter\", \"dtype\": \"float16\", \"samples\": 3, \"diffs\": [], \"errors\": [], \"verdict\": \"ok\"}\n"}
,{"stream_name":"stdout","time":1976.272805359,"data":"{\"op\": \"masked_scatter\", \"dtype\": \"bfloat16\", \"samples\": 3, \"diffs\": [], \"errors\": [], \"verdict\": \"ok\"}\n"}
,{"stream_name":"stdout","time":1976.272812403,"data":"{\"op\": \"masked_scatter\", \"dtype\": \"int8\", \"samples\": 3, \"diffs\": [], \"errors\": [], \"verdict\": \"ok\"}\n"}
,{"stream_name":"stdout","time":1976.272816271,"data":"{\"op\": \"masked_scatter\", \"dtype\": \"uint8\", \"samples\": 3, \"diffs\": [], \"errors\": [], \"verdict\": \"ok\"}\n"}
,{"stream_name":"stdout","time":1976.272820201,"data":"{\"op\": \"masked_scatter\", \"dtype\": \"int16\", \"samples\": 3, \"diffs\": [], \"errors\": [], \"verdict\": \"ok\"}\n"}
,{"stream_name":"stdout","time":1976.272824111,"data":"{\"op\": \"masked_scatter\", \"dtype\": \"int32\", \"samples\": 3, \"diffs\": [], \"errors\": [], \"verdict\": \"ok\"}\n"}
,{"stream_name":"stdout","time":1976.272827845,"data":"{\"op\": \"masked_scatter\", \"dtype\": \"bool\", \"samples\": 3, \"diffs\": [], \"errors\": [], \"verdict\": \"ok\"}\n"}
,{"stream_name":"stdout","time":1976.272831707,"data":"{\"op\": \"matrix_exp\", \"dtype\": \"float32\", \"samples\": 2, \"diffs\": [], \"errors\": [], \"verdict\": \"ok\"}\n"}
,{"stream_name":"stdout","time":1976.2728362,"data":"{\"op\": \"matrix_exp\", \"dtype\": \"float16\", \"samples\": 2, \"diffs\": [], \"errors\": [], \"verdict\": \"ok\"}\n"}
,{"stream_name":"stdout","time":1976.272840371,"data":"{\"op\": \"matrix_exp\", \"dtype\": \"bfloat16\", \"samples\": 2, \"diffs\": [], \"errors\": [], \"verdict\": \"ok\"}\n"}
,{"stream_name":"stdout","time":1976.272844492,"data":"{\"op\": \"matmul\", \"dtype\": \"float32\", \"samples\": 3, \"diffs\": [], \"errors\": [], \"verdict\": \"ok\"}\n"}
,{"stream_name":"stdout","time":1976.272849852,"data":"{\"op\": \"matmul\", \"dtype\": \"float16\", \"samples\": 3, \"diffs\": [], \"errors\": [], \"verdict\": \"ok\"}\n"}
,{"stream_name":"stdout","time":1976.272853451,"data":"{\"op\": \"matmul\", \"dtype\": \"bfloat16\", \"samples\": 3, \"diffs\": [], \"errors\": [], \"verdict\": \"ok\"}\n"}
,{"stream_name":"stdout","time":1976.272857933,"data":"{\"op\": \"max\", \"dtype\": \"float32\", \"samples\": 3, \"diffs\": [], \"errors\": [], \"verdict\": \"ok\"}\n"}
,{"stream_name":"stdout","time":1976.272862556,"data":"{\"op\": \"max\", \"dtype\": \"float16\", \"samples\": 3, \"diffs\": [], \"errors\": [], \"verdict\": \"ok\"}\n"}
,{"stream_name":"stdout","time":1976.272867284,"data":"{\"op\": \"max\", \"dtype\": \"bfloat16\", \"samples\": 3, \"diffs\": [], \"errors\": [], \"verdict\": \"ok\"}\n"}
,{"stream_name":"stdout","time":1976.272871202,"data":"{\"op\": \"max\", \"dtype\": \"int8\", \"samples\": 3, \"diffs\": [], \"errors\": [], \"verdict\": \"ok\"}\n"}
,{"stream_name":"stdout","time":1976.272875192,"data":"{\"op\": \"max\", \"dtype\": \"uint8\", \"samples\": 3, \"diffs\": [], \"errors\": [], \"verdict\": \"ok\"}\n"}
,{"stream_name":"stdout","time":1976.272879104,"data":"{\"op\": \"max\", \"dtype\": \"int16\", \"samples\": 3, \"diffs\": [], \"errors\": [], \"verdict\": \"ok\"}\n"}
,{"stream_name":"stdout","time":1976.272883342,"data":"{\"op\": \"max\", \"dtype\": \"int32\", \"samples\": 3, \"diffs\": [], \"errors\": [], \"verdict\": \"ok\"}\n"}
,{"stream_name":"stdout","time":1976.272887096,"data":"{\"op\": \"max\", \"dtype\": \"bool\", \"samples\": 3, \"diffs\": [], \"errors\": [], \"verdict\": \"ok\"}\n"}
,{"stream_name":"stdout","time":1976.272891112,"data":"{\"op\": \"max\", \"dtype\": \"float32\", \"samples\": 2, \"diffs\": [], \"errors\": [], \"verdict\": \"ok\"}\n"}
,{"stream_name":"stdout","time":1976.272895047,"data":"{\"op\": \"max\", \"dtype\": \"float16\", \"samples\": 2, \"diffs\": [], \"errors\": [], \"verdict\": \"ok\"}\n"}
,{"stream_name":"stdout","time":1976.27289874,"data":"{\"op\": \"max\", \"dtype\": \"bfloat16\", \"samples\": 2, \"diffs\": [], \"errors\": [], \"verdict\": \"ok\"}\n"}
,{"stream_name":"stdout","time":1976.272906819,"data":"{\"op\": \"max\", \"dtype\": \"int8\", \"samples\": 2, \"diffs\": [], \"errors\": [], \"verdict\": \"ok\"}\n"}
,{"stream_name":"stdout","time":1976.272910533,"data":"{\"op\": \"max\", \"dtype\": \"uint8\", \"samples\": 2, \"diffs\": [], \"errors\": [], \"verdict\": \"ok\"}\n"}
,{"stream_name":"stdout","time":1976.272914651,"data":"{\"op\": \"max\", \"dtype\": \"int16\", \"samples\": 2, \"diffs\": [], \"errors\": [], \"verdict\": \"ok\"}\n"}
,{"stream_name":"stdout","time":1976.272919311,"data":"{\"op\": \"max\", \"dtype\": \"int32\", \"samples\": 2, \"diffs\": [], \"errors\": [], \"verdict\": \"ok\"}\n"}
,{"stream_name":"stdout","time":1976.272922982,"data":"{\"op\": \"max\", \"dtype\": \"bool\", \"samples\": 2, \"diffs\": [], \"errors\": [], \"verdict\": \"ok\"}\n"}
,{"stream_name":"stdout","time":1976.272968922,"data":"{\"op\": \"var_mean\", \"dtype\": \"float32\", \"samples\": 3, \"diffs\": [{\"i\": 1, \"class\": \"VALUE\", \"detail\": \"nan pattern at [0, 3]: eager nan compiled inf\", \"repr\": \"SampleInput(input=tensor([[[-6.7103,  5.7013,  0.7920,  2.8814, -4.1030],\\n         [ 8.5261, -1.9740, -2.8899,  0.8122,  4.1615],\\n         [-2.0441,  1.7259,  4.6410, -5.1733,  3.9563],\\n         [ 8.7209,  0.9328, -7.2351, -7.9526,  1.5101],\\n         [-7.0509,  8.0298, -3.2934,  5.9912,  3.0169]],\\n\\n\"}, {\"i\": 2, \"class\": \"VALUE\", \"detail\": \"nan pattern at [0, 0, 3]: eager nan compiled inf\", \"repr\": \"SampleInput(input=tensor([[[-6.7103,  5.7013,  0.7920,  2.8814, -4.1030],\\n         [ 8.5261, -1.9740, -2.8899,  0.8122,  4.1615],\\n         [-2.0441,  1.7259,  4.6410, -5.1733,  3.9563],\\n         [ 8.7209,  0.9328, -7.2351, -7.9526,  1.5101],\\n         [-7.0509,  8.0298, -3.2934,  5.9912,  3.0169]],\\n\\n\"}], \"errors\": [], \"verdict\": \"DIFF:VALUE\"}\n"}
,{"stream_name":"stdout","time":1976.272987853,"data":"{\"op\": \"var_mean\", \"dtype\": \"float16\", \"samples\": 3, \"diffs\": [{\"i\": 1, \"class\": \"VALUE\", \"detail\": \"nan pattern at [0, 3]: eager nan compiled inf\", \"repr\": \"SampleInput(input=tensor([[[-6.7109,  5.7031,  0.7920,  2.8809, -4.1016],\\n         [ 8.5234, -1.9736, -2.8906,  0.8120,  4.1602],\\n         [-2.0449,  1.7256,  4.6406, -5.1719,  3.9570],\\n         [ 8.7188,  0.9326, -7.2344, -7.9531,  1.5098],\\n         [-7.0508,  8.0312, -3.2930,  5.9922,  3.0176]],\\n\\n\"}, {\"i\": 2, \"class\": \"VALUE\", \"detail\": \"nan pattern at [0, 0, 3]: eager nan compiled inf\", \"repr\": \"SampleInput(input=tensor([[[-6.7109,  5.7031,  0.7920,  2.8809, -4.1016],\\n         [ 8.5234, -1.9736, -2.8906,  0.8120,  4.1602],\\n         [-2.0449,  1.7256,  4.6406, -5.1719,  3.9570],\\n         [ 8.7188,  0.9326, -7.2344, -7.9531,  1.5098],\\n         [-7.0508,  8.0312, -3.2930,  5.9922,  3.0176]],\\n\\n\"}], \"errors\": [], \"verdict\": \"DIFF:VALUE\"}\n"}
,{"stream_name":"stdout","time":1976.272996125,"data":"{\"op\": \"var_mean\", \"dtype\": \"bfloat16\", \"samples\": 3, \"diffs\": [], \"errors\": [], \"verdict\": \"ok\"}\n"}
,{"stream_name":"stdout","time":1976.273000638,"data":"{\"op\": \"var_mean\", \"dtype\": \"float32\", \"samples\": 3, \"diffs\": [{\"i\": 2, \"class\": \"VALUE\", \"detail\": \"nan pattern at []: eager nan compiled 0.0\", \"repr\": \"SampleInput(input=tensor([], device='cuda:0'), args=(False,), kwargs={}, broadcasts_input=False, name='')\"}], \"errors\": [], \"verdict\": \"DIFF:VALUE\"}\n"}
,{"stream_name":"stdout","time":1976.273009556,"data":"{\"op\": \"var_mean\", \"dtype\": \"float16\", \"samples\": 3, \"diffs\": [{\"i\": 2, \"class\": \"VALUE\", \"detail\": \"nan pattern at []: eager nan compiled 0.0\", \"repr\": \"SampleInput(input=tensor([], device='cuda:0', dtype=torch.float16), args=(False,), kwargs={}, broadcasts_input=False, name='')\"}], \"errors\": [], \"verdict\": \"DIFF:VALUE\"}\n"}
,{"stream_name":"stdout","time":1976.273015068,"data":"{\"op\": \"var_mean\", \"dtype\": \"bfloat16\", \"samples\": 3, \"diffs\": [], \"errors\": [], \"verdict\": \"ok\"}\n"}
,{"stream_name":"stdout","time":1976.273024029,"data":"{\"op\": \"std_mean\", \"dtype\": \"float32\", \"samples\": 3, \"diffs\": [{\"i\": 1, \"class\": \"VALUE\", \"detail\": \"nan pattern at [0, 3]: eager nan compiled inf\", \"repr\": \"SampleInput(input=tensor([[[-6.7103,  5.7013,  0.7920,  2.8814, -4.1030],\\n         [ 8.5261, -1.9740, -2.8899,  0.8122,  4.1615],\\n         [-2.0441,  1.7259,  4.6410, -5.1733,  3.9563],\\n         [ 8.7209,  0.9328, -7.2351, -7.9526,  1.5101],\\n         [-7.0509,  8.0298, -3.2934,  5.9912,  3.0169]],\\n\\n\"}, {\"i\": 2, \"class\": \"VALUE\", \"detail\": \"nan pattern at [0, 0, 3]: eager nan compiled inf\", \"repr\": \"SampleInput(input=tensor([[[-6.7103,  5.7013,  0.7920,  2.8814, -4.1030],\\n         [ 8.5261, -1.9740, -2.8899,  0.8122,  4.1615],\\n         [-2.0441,  1.7259,  4.6410, -5.1733,  3.9563],\\n         [ 8.7209,  0.9328, -7.2351, -7.9526,  1.5101],\\n         [-7.0509,  8.0298, -3.2934,  5.9912,  3.0169]],\\n\\n\"}], \"errors\": [], \"verdict\": \"DIFF:VALUE\"}\n"}
,{"stream_name":"stdout","time":1976.273032632,"data":"{\"op\": \"std_mean\", \"dtype\": \"float16\", \"samples\": 3, \"diffs\": [{\"i\": 1, \"class\": \"VALUE\", \"detail\": \"nan pattern at [0, 3]: eager nan compiled inf\", \"repr\": \"SampleInput(input=tensor([[[-6.7109,  5.7031,  0.7920,  2.8809, -4.1016],\\n         [ 8.5234, -1.9736, -2.8906,  0.8120,  4.1602],\\n         [-2.0449,  1.7256,  4.6406, -5.1719,  3.9570],\\n         [ 8.7188,  0.9326, -7.2344, -7.9531,  1.5098],\\n         [-7.0508,  8.0312, -3.2930,  5.9922,  3.0176]],\\n\\n\"}, {\"i\": 2, \"class\": \"VALUE\", \"detail\": \"nan pattern at [0, 0, 3]: eager nan compiled inf\", \"repr\": \"SampleInput(input=tensor([[[-6.7109,  5.7031,  0.7920,  2.8809, -4.1016],\\n         [ 8.5234, -1.9736, -2.8906,  0.8120,  4.1602],\\n         [-2.0449,  1.7256,  4.6406, -5.1719,  3.9570],\\n         [ 8.7188,  0.9326, -7.2344, -7.9531,  1.5098],\\n         [-7.0508,  8.0312, -3.2930,  5.9922,  3.0176]],\\n\\n\"}], \"errors\": [], \"verdict\": \"DIFF:VALUE\"}\n"}
,{"stream_name":"stdout","time":1976.273039986,"data":"{\"op\": \"std_mean\", \"dtype\": \"bfloat16\", \"samples\": 3, \"diffs\": [], \"errors\": [], \"verdict\": \"ok\"}\n"}
,{"stream_name":"stdout","time":1976.273043952,"data":"{\"op\": \"std_mean\", \"dtype\": \"float32\", \"samples\": 3, \"diffs\": [{\"i\": 2, \"class\": \"VALUE\", \"detail\": \"nan pattern at []: eager nan compiled 0.0\", \"repr\": \"SampleInput(input=tensor([], device='cuda:0'), args=(False,), kwargs={}, broadcasts_input=False, name='')\"}], \"errors\": [], \"verdict\": \"DIFF:VALUE\"}\n"}
,{"stream_name":"stdout","time":1976.273049411,"data":"{\"op\": \"std_mean\", \"dtype\": \"float16\", \"samples\": 3, \"diffs\": [{\"i\": 2, \"class\": \"VALUE\", \"detail\": \"nan pattern at []: eager nan compiled 0.0\", \"repr\": \"SampleInput(input=tensor([], device='cuda:0', dtype=torch.float16), args=(False,), kwargs={}, broadcasts_input=False, name='')\"}], \"errors\": [], \"verdict\": \"DIFF:VALUE\"}\n"}
,{"stream_name":"stdout","time":1976.273055004,"data":"{\"op\": \"std_mean\", \"dtype\": \"bfloat16\", \"samples\": 3, \"diffs\": [], \"errors\": [], \"verdict\": \"ok\"}\n"}
,{"stream_name":"stdout","time":1976.273059505,"data":"{\"op\": \"meshgrid\", \"dtype\": \"float32\", \"samples\": 3, \"diffs\": [], \"errors\": [], \"verdict\": \"ok\"}\n"}
,{"stream_name":"stdout","time":1976.27308063,"data":"{\"op\": \"meshgrid\", \"dtype\": \"float16\", \"samples\": 3, \"diffs\": [], \"errors\": [], \"verdict\": \"ok\"}\n"}
,{"stream_name":"stdout","time":1976.273085704,"data":"{\"op\": \"meshgrid\", \"dtype\": \"bfloat16\", \"samples\": 3, \"diffs\": [], \"errors\": [], \"verdict\": \"ok\"}\n"}
,{"stream_name":"stdout","time":1976.273091056,"data":"{\"op\": \"meshgrid\", \"dtype\": \"int8\", \"samples\": 3, \"diffs\": [], \"errors\": [], \"verdict\": \"ok\"}\n"}
,{"stream_name":"stdout","time":1976.273099764,"data":"{\"op\": \"meshgrid\", \"dtype\": \"uint8\", \"samples\": 3, \"diffs\": [], \"errors\": [], \"verdict\": \"ok\"}\n"}
,{"stream_name":"stdout","time":1976.273104437,"data":"{\"op\": \"meshgrid\", \"dtype\": \"int16\", \"samples\": 3, \"diffs\": [], \"errors\": [], \"verdict\": \"ok\"}\n"}
,{"stream_name":"stdout","time":1976.273109476,"data":"{\"op\": \"meshgrid\", \"dtype\": \"int32\", \"samples\": 3, \"diffs\": [], \"errors\": [], \"verdict\": \"ok\"}\n"}
,{"stream_name":"stdout","time":1976.273114157,"data":"{\"op\": \"meshgrid\", \"dtype\": \"bool\", \"samples\": 3, \"diffs\": [], \"errors\": [], \"verdict\": \"ok\"}\n"}
,{"stream_name":"stdout","time":1976.273118212,"data":"{\"op\": \"meshgrid\", \"dtype\": \"float32\", \"samples\": 3, \"diffs\": [], \"errors\": [], \"verdict\": \"ok\"}\n"}
,{"stream_name":"stdout","time":1976.273123693,"data":"{\"op\": \"meshgrid\", \"dtype\": \"float16\", \"samples\": 3, \"diffs\": [], \"errors\": [], \"verdict\": \"ok\"}\n"}
,{"stream_name":"stdout","time":1976.273128591,"data":"{\"op\": \"meshgrid\", \"dtype\": \"bfloat16\", \"samples\": 3, \"diffs\": [], \"errors\": [], \"verdict\": \"ok\"}\n"}
,{"stream_name":"stdout","time":1976.273133697,"data":"{\"op\": \"meshgrid\", \"dtype\": \"int8\", \"samples\": 3, \"diffs\": [], \"errors\": [], \"verdict\": \"ok\"}\n"}
,{"stream_name":"stdout","time":1976.273138655,"data":"{\"op\": \"meshgrid\", \"dtype\": \"uint8\", \"samples\": 3, \"diffs\": [], \"errors\": [], \"verdict\": \"ok\"}\n"}
,{"stream_name":"stdout","time":1976.27314315,"data":"{\"op\": \"meshgrid\", \"dtype\": \"int16\", \"samples\": 3, \"diffs\": [], \"errors\": [], \"verdict\": \"ok\"}\n"}
,{"stream_name":"stdout","time":1976.273147915,"data":"{\"op\": \"meshgrid\", \"dtype\": \"int32\", \"samples\": 3, \"diffs\": [], \"errors\": [], \"verdict\": \"ok\"}\n"}
,{"stream_name":"stdout","time":1976.273152498,"data":"{\"op\": \"meshgrid\", \"dtype\": \"bool\", \"samples\": 3, \"diffs\": [], \"errors\": [], \"verdict\": \"ok\"}\n"}
,{"stream_name":"stdout","time":1976.273156894,"data":"{\"op\": \"min\", \"dtype\": \"float32\", \"samples\": 3, \"diffs\": [], \"errors\": [], \"verdict\": \"ok\"}\n"}
,{"stream_name":"stdout","time":1976.273161355,"data":"{\"op\": \"min\", \"dtype\": \"float16\", \"samples\": 3, \"diffs\": [], \"errors\": [], \"verdict\": \"ok\"}\n"}
,{"stream_name":"stdout","time":1976.273165816,"data":"{\"op\": \"min\", \"dtype\": \"bfloat16\", \"samples\": 3, \"diffs\": [], \"errors\": [], \"verdict\": \"ok\"}\n"}
,{"stream_name":"stdout","time":1976.273170095,"data":"{\"op\": \"min\", \"dtype\": \"int8\", \"samples\": 3, \"diffs\": [], \"errors\": [], \"verdict\": \"ok\"}\n"}
,{"stream_name":"stdout","time":1976.273174621,"data":"{\"op\": \"min\", \"dtype\": \"uint8\", \"samples\": 3, \"diffs\": [], \"errors\": [], \"verdict\": \"ok\"}\n"}
,{"stream_name":"stdout","time":1976.27317978,"data":"{\"op\": \"min\", \"dtype\": \"int16\", \"samples\": 3, \"diffs\": [], \"errors\": [], \"verdict\": \"ok\"}\n"}
,{"stream_name":"stdout","time":1976.273184826,"data":"{\"op\": \"min\", \"dtype\": \"int32\", \"samples\": 3, \"diffs\": [], \"errors\": [], \"verdict\": \"ok\"}\n"}
,{"stream_name":"stdout","time":1976.27318963,"data":"{\"op\": \"min\", \"dtype\": \"bool\", \"samples\": 3, \"diffs\": [], \"errors\": [], \"verdict\": \"ok\"}\n"}
,{"stream_name":"stdout","time":1976.273193905,"data":"{\"op\": \"min\", \"dtype\": \"float32\", \"samples\": 2, \"diffs\": [], \"errors\": [], \"verdict\": \"ok\"}\n"}
,{"stream_name":"stdout","time":1976.273198098,"data":"{\"op\": \"min\", \"dtype\": \"float16\", \"samples\": 2, \"diffs\": [], \"errors\": [], \"verdict\": \"ok\"}\n"}
,{"stream_name":"stdout","time":1976.27320263,"data":"{\"op\": \"min\", \"dtype\": \"bfloat16\", \"samples\": 2, \"diffs\": [], \"errors\": [], \"verdict\": \"ok\"}\n"}
,{"stream_name":"stdout","time":1976.273210291,"data":"{\"op\": \"min\", \"dtype\": \"int8\", \"samples\": 2, \"diffs\": [], \"errors\": [], \"verdict\": \"ok\"}\n"}
,{"stream_name":"stdout","time":1976.273215271,"data":"{\"op\": \"min\", \"dtype\": \"uint8\", \"samples\": 2, \"diffs\": [], \"errors\": [], \"verdict\": \"ok\"}\n"}
,{"stream_name":"stdout","time":1976.273219895,"data":"{\"op\": \"min\", \"dtype\": \"int16\", \"samples\": 2, \"diffs\": [], \"errors\": [], \"verdict\": \"ok\"}\n"}
,{"stream_name":"stdout","time":1976.273224985,"data":"{\"op\": \"min\", \"dtype\": \"int32\", \"samples\": 2, \"diffs\": [], \"errors\": [], \"verdict\": \"ok\"}\n"}
,{"stream_name":"stdout","time":1976.273230093,"data":"{\"op\": \"min\", \"dtype\": \"bool\", \"samples\": 2, \"diffs\": [], \"errors\": [], \"verdict\": \"ok\"}\n"}
,{"stream_name":"stdout","time":1976.273235109,"data":"{\"op\": \"quantile\", \"dtype\": \"float32\", \"samples\": 3, \"diffs\": [], \"errors\": [], \"verdict\": \"ok\"}\n"}
,{"stream_name":"stdout","time":1976.273246692,"data":"{\"op\": \"nanquantile\", \"dtype\": \"float32\", \"samples\": 3, \"diffs\": [], \"errors\": [], \"verdict\": \"ok\"}\n"}
,{"stream_name":"stdout","time":1976.273254016,"data":"{\"op\": \"max\", \"dtype\": \"float32\", \"samples\": 3, \"diffs\": [], \"errors\": [], \"verdict\": \"ok\"}\n"}
,{"stream_name":"stdout","time":1976.273258568,"data":"{\"op\": \"max\", \"dtype\": \"float16\", \"samples\": 3, \"diffs\": [], \"errors\": [], \"verdict\": \"ok\"}\n"}
,{"stream_name":"stdout","time":1976.273262991,"data":"{\"op\": \"max\", \"dtype\": \"bfloat16\", \"samples\": 3, \"diffs\": [], \"errors\": [], \"verdict\": \"ok\"}\n"}
,{"stream_name":"stdout","time":1976.273267337,"data":"{\"op\": \"max\", \"dtype\": \"int8\", \"samples\": 3, \"diffs\": [], \"errors\": [], \"verdict\": \"ok\"}\n"}
,{"stream_name":"stdout","time":1976.273272141,"data":"{\"op\": \"max\", \"dtype\": \"uint8\", \"samples\": 3, \"diffs\": [], \"errors\": [], \"verdict\": \"ok\"}\n"}
,{"stream_name":"stdout","time":1976.273276564,"data":"{\"op\": \"max\", \"dtype\": \"int16\", \"samples\": 3, \"diffs\": [], \"errors\": [], \"verdict\": \"ok\"}\n"}
,{"stream_name":"stdout","time":1976.273280941,"data":"{\"op\": \"max\", \"dtype\": \"int32\", \"samples\": 3, \"diffs\": [], \"errors\": [], \"verdict\": \"ok\"}\n"}
,{"stream_name":"stdout","time":1976.273284999,"data":"{\"op\": \"max\", \"dtype\": \"bool\", \"samples\": 3, \"diffs\": [], \"errors\": [], \"verdict\": \"ok\"}\n"}
,{"stream_name":"stdout","time":1976.273290021,"data":"{\"op\": \"maximum\", \"dtype\": \"float32\", \"samples\": 3, \"diffs\": [], \"errors\": [], \"verdict\": \"ok\"}\n"}
,{"stream_name":"stdout","time":1976.273294761,"data":"{\"op\": \"maximum\", \"dtype\": \"float16\", \"samples\": 3, \"diffs\": [], \"errors\": [], \"verdict\": \"ok\"}\n"}
,{"stream_name":"stdout","time":1976.273299137,"data":"{\"op\": \"maximum\", \"dtype\": \"bfloat16\", \"samples\": 3, \"diffs\": [], \"errors\": [], \"verdict\": \"ok\"}\n"}
,{"stream_name":"stdout","time":1976.273303329,"data":"{\"op\": \"maximum\", \"dtype\": \"int8\", \"samples\": 3, \"diffs\": [], \"errors\": [], \"verdict\": \"ok\"}\n"}
,{"stream_name":"stdout","time":1976.273307871,"data":"{\"op\": \"maximum\", \"dtype\": \"uint8\", \"samples\": 3, \"diffs\": [], \"errors\": [], \"verdict\": \"ok\"}\n"}
,{"stream_name":"stdout","time":1976.273312301,"data":"{\"op\": \"maximum\", \"dtype\": \"int16\", \"samples\": 3, \"diffs\": [], \"errors\": [], \"verdict\": \"ok\"}\n"}
,{"stream_name":"stdout","time":1976.273316889,"data":"{\"op\": \"maximum\", \"dtype\": \"int32\", \"samples\": 3, \"diffs\": [], \"errors\": [], \"verdict\": \"ok\"}\n"}
,{"stream_name":"stdout","time":1976.273321476,"data":"{\"op\": \"maximum\", \"dtype\": \"bool\", \"samples\": 3, \"diffs\": [], \"errors\": [], \"verdict\": \"ok\"}\n"}
,{"stream_name":"stdout","time":1976.273330045,"data":"{\"op\": \"min\", \"dtype\": \"float32\", \"samples\": 3, \"diffs\": [], \"errors\": [], \"verdict\": \"ok\"}\n"}
,{"stream_name":"stdout","time":1976.27333463,"data":"{\"op\": \"min\", \"dtype\": \"float16\", \"samples\": 3, \"diffs\": [], \"errors\": [], \"verdict\": \"ok\"}\n"}
,{"stream_name":"stdout","time":1976.273339139,"data":"{\"op\": \"min\", \"dtype\": \"bfloat16\", \"samples\": 3, \"diffs\": [], \"errors\": [], \"verdict\": \"ok\"}\n"}
,{"stream_name":"stdout","time":1976.273344401,"data":"{\"op\": \"min\", \"dtype\": \"int8\", \"samples\": 3, \"diffs\": [], \"errors\": [], \"verdict\": \"ok\"}\n"}
,{"stream_name":"stdout","time":1976.273349453,"data":"{\"op\": \"min\", \"dtype\": \"uint8\", \"samples\": 3, \"diffs\": [], \"errors\": [], \"verdict\": \"ok\"}\n"}
,{"stream_name":"stdout","time":1976.273353758,"data":"{\"op\": \"min\", \"dtype\": \"int16\", \"samples\": 3, \"diffs\": [], \"errors\": [], \"verdict\": \"ok\"}\n"}
,{"stream_name":"stdout","time":1976.273358139,"data":"{\"op\": \"min\", \"dtype\": \"int32\", \"samples\": 3, \"diffs\": [], \"errors\": [], \"verdict\": \"ok\"}\n"}
,{"stream_name":"stdout","time":1976.273362336,"data":"{\"op\": \"min\", \"dtype\": \"bool\", \"samples\": 3, \"diffs\": [], \"errors\": [], \"verdict\": \"ok\"}\n"}
,{"stream_name":"stdout","time":1976.273366907,"data":"{\"op\": \"minimum\", \"dtype\": \"float32\", \"samples\": 3, \"diffs\": [], \"errors\": [], \"verdict\": \"ok\"}\n"}
,{"stream_name":"stdout","time":1976.273371207,"data":"{\"op\": \"minimum\", \"dtype\": \"float16\", \"samples\": 3, \"diffs\": [], \"errors\": [], \"verdict\": \"ok\"}\n"}
,{"stream_name":"stdout","time":1976.27337547,"data":"{\"op\": \"minimum\", \"dtype\": \"bfloat16\", \"samples\": 3, \"diffs\": [], \"errors\": [], \"verdict\": \"ok\"}\n"}
,{"stream_name":"stdout","time":1976.273380069,"data":"{\"op\": \"minimum\", \"dtype\": \"int8\", \"samples\": 3, \"diffs\": [], \"errors\": [], \"verdict\": \"ok\"}\n"}
,{"stream_name":"stdout","time":1976.273384867,"data":"{\"op\": \"minimum\", \"dtype\": \"uint8\", \"samples\": 3, \"diffs\": [], \"errors\": [], \"verdict\": \"ok\"}\n"}
,{"stream_name":"stdout","time":1976.273389374,"data":"{\"op\": \"minimum\", \"dtype\": \"int16\", \"samples\": 3, \"diffs\": [], \"errors\": [], \"verdict\": \"ok\"}\n"}
,{"stream_name":"stdout","time":1976.273394013,"data":"{\"op\": \"minimum\", \"dtype\": \"int32\", \"samples\": 3, \"diffs\": [], \"errors\": [], \"verdict\": \"ok\"}\n"}
,{"stream_name":"stdout","time":1976.273398104,"data":"{\"op\": \"minimum\", \"dtype\": \"bool\", \"samples\": 3, \"diffs\": [], \"errors\": [], \"verdict\": \"ok\"}\n"}
,{"stream_name":"stdout","time":1976.273402377,"data":"{\"op\": \"logical_and\", \"dtype\": \"float32\", \"samples\": 3, \"diffs\": [], \"errors\": [], \"verdict\": \"ok\"}\n"}
,{"stream_name":"stdout","time":1976.273406974,"data":"{\"op\": \"logical_and\", \"dtype\": \"float16\", \"samples\": 3, \"diffs\": [], \"errors\": [], \"verdict\": \"ok\"}\n"}
,{"stream_name":"stdout","time":1976.273411421,"data":"{\"op\": \"logical_and\", \"dtype\": \"bfloat16\", \"samples\": 3, \"diffs\": [], \"errors\": [], \"verdict\": \"ok\"}\n"}
,{"stream_name":"stdout","time":1976.273415748,"data":"{\"op\": \"logical_and\", \"dtype\": \"int8\", \"samples\": 3, \"diffs\": [], \"errors\": [], \"verdict\": \"ok\"}\n"}
,{"stream_name":"stdout","time":1976.273421244,"data":"{\"op\": \"logical_and\", \"dtype\": \"uint8\", \"samples\": 3, \"diffs\": [], \"errors\": [], \"verdict\": \"ok\"}\n"}
,{"stream_name":"stdout","time":1976.273425801,"data":"{\"op\": \"logical_and\", \"dtype\": \"int16\", \"samples\": 3, \"diffs\": [], \"errors\": [], \"verdict\": \"ok\"}\n"}
,{"stream_name":"stdout","time":1976.273433561,"data":"{\"op\": \"logical_and\", \"dtype\": \"int32\", \"samples\": 3, \"diffs\": [], \"errors\": [], \"verdict\": \"ok\"}\n"}
,{"stream_name":"stdout","time":1976.273437765,"data":"{\"op\": \"logical_and\", \"dtype\": \"bool\", \"samples\": 3, \"diffs\": [], \"errors\": [], \"verdict\": \"ok\"}\n"}
,{"stream_name":"stdout","time":1976.273443089,"data":"{\"op\": \"logical_or\", \"dtype\": \"float32\", \"samples\": 3, \"diffs\": [], \"errors\": [], \"verdict\": \"ok\"}\n"}
,{"stream_name":"stdout","time":1976.273448552,"data":"{\"op\": \"logical_or\", \"dtype\": \"float16\", \"samples\": 3, \"diffs\": [], \"errors\": [], \"verdict\": \"ok\"}\n"}
,{"stream_name":"stdout","time":1976.273453321,"data":"{\"op\": \"logical_or\", \"dtype\": \"bfloat16\", \"samples\": 3, \"diffs\": [], \"errors\": [], \"verdict\": \"ok\"}\n"}
,{"stream_name":"stdout","time":1976.273458579,"data":"{\"op\": \"logical_or\", \"dtype\": \"int8\", \"samples\": 3, \"diffs\": [], \"errors\": [], \"verdict\": \"ok\"}\n"}
,{"stream_name":"stdout","time":1976.273463333,"data":"{\"op\": \"logical_or\", \"dtype\": \"uint8\", \"samples\": 3, \"diffs\": [], \"errors\": [], \"verdict\": \"ok\"}\n"}
,{"stream_name":"stdout","time":1976.273467661,"data":"{\"op\": \"logical_or\", \"dtype\": \"int16\", \"samples\": 3, \"diffs\": [], \"errors\": [], \"verdict\": \"ok\"}\n"}
,{"stream_name":"stdout","time":1976.273471918,"data":"{\"op\": \"logical_or\", \"dtype\": \"int32\", \"samples\": 3, \"diffs\": [], \"errors\": [], \"verdict\": \"ok\"}\n"}
,{"stream_name":"stdout","time":1976.273476724,"data":"{\"op\": \"logical_or\", \"dtype\": \"bool\", \"samples\": 3, \"diffs\": [], \"errors\": [], \"verdict\": \"ok\"}\n"}
,{"stream_name":"stdout","time":1976.273481953,"data":"{\"op\": \"logical_xor\", \"dtype\": \"float32\", \"samples\": 3, \"diffs\": [], \"errors\": [], \"verdict\": \"ok\"}\n"}
,{"stream_name":"stdout","time":1976.273486904,"data":"{\"op\": \"logical_xor\", \"dtype\": \"float16\", \"samples\": 3, \"diffs\": [], \"errors\": [], \"verdict\": \"ok\"}\n"}
,{"stream_name":"stdout","time":1976.27349137,"data":"{\"op\": \"logical_xor\", \"dtype\": \"bfloat16\", \"samples\": 3, \"diffs\": [], \"errors\": [], \"verdict\": \"ok\"}\n"}
,{"stream_name":"stdout","time":1976.273496251,"data":"{\"op\": \"logical_xor\", \"dtype\": \"int8\", \"samples\": 3, \"diffs\": [], \"errors\": [], \"verdict\": \"ok\"}\n"}
,{"stream_name":"stdout","time":1976.273501371,"data":"{\"op\": \"logical_xor\", \"dtype\": \"uint8\", \"samples\": 3, \"diffs\": [], \"errors\": [], \"verdict\": \"ok\"}\n"}
,{"stream_name":"stdout","time":1976.273506684,"data":"{\"op\": \"logical_xor\", \"dtype\": \"int16\", \"samples\": 3, \"diffs\": [], \"errors\": [], \"verdict\": \"ok\"}\n"}
,{"stream_name":"stdout","time":1976.273511712,"data":"{\"op\": \"logical_xor\", \"dtype\": \"int32\", \"samples\": 3, \"diffs\": [], \"errors\": [], \"verdict\": \"ok\"}\n"}
,{"stream_name":"stdout","time":1976.273516547,"data":"{\"op\": \"logical_xor\", \"dtype\": \"bool\", \"samples\": 3, \"diffs\": [], \"errors\": [], \"verdict\": \"ok\"}\n"}
,{"stream_name":"stdout","time":1976.27352155,"data":"{\"op\": \"bitwise_and\", \"dtype\": \"int8\", \"samples\": 3, \"diffs\": [], \"errors\": [], \"verdict\": \"ok\"}\n"}
,{"stream_name":"stdout","time":1976.273527153,"data":"{\"op\": \"bitwise_and\", \"dtype\": \"uint8\", \"samples\": 3, \"diffs\": [], \"errors\": [], \"verdict\": \"ok\"}\n"}
,{"stream_name":"stdout","time":1976.273531493,"data":"{\"op\": \"bitwise_and\", \"dtype\": \"int16\", \"samples\": 3, \"diffs\": [], \"errors\": [], \"verdict\": \"ok\"}\n"}
,{"stream_name":"stdout","time":1976.273535664,"data":"{\"op\": \"bitwise_and\", \"dtype\": \"int32\", \"samples\": 3, \"diffs\": [], \"errors\": [], \"verdict\": \"ok\"}\n"}
,{"stream_name":"stdout","time":1976.273543442,"data":"{\"op\": \"bitwise_and\", \"dtype\": \"bool\", \"samples\": 3, \"diffs\": [], \"errors\": [], \"verdict\": \"ok\"}\n"}
,{"stream_name":"stdout","time":1976.273548576,"data":"{\"op\": \"bitwise_or\", \"dtype\": \"int8\", \"samples\": 3, \"diffs\": [], \"errors\": [], \"verdict\": \"ok\"}\n"}
,{"stream_name":"stdout","time":1976.273554259,"data":"{\"op\": \"bitwise_or\", \"dtype\": \"uint8\", \"samples\": 3, \"diffs\": [], \"errors\": [], \"verdict\": \"ok\"}\n"}
,{"stream_name":"stdout","time":1976.273558762,"data":"{\"op\": \"bitwise_or\", \"dtype\": \"int16\", \"samples\": 3, \"diffs\": [], \"errors\": [], \"verdict\": \"ok\"}\n"}
,{"stream_name":"stdout","time":1976.273563018,"data":"{\"op\": \"bitwise_or\", \"dtype\": \"int32\", \"samples\": 3, \"diffs\": [], \"errors\": [], \"verdict\": \"ok\"}\n"}
,{"stream_name":"stdout","time":1976.273567677,"data":"{\"op\": \"bitwise_or\", \"dtype\": \"bool\", \"samples\": 3, \"diffs\": [], \"errors\": [], \"verdict\": \"ok\"}\n"}
,{"stream_name":"stdout","time":1976.273572567,"data":"{\"op\": \"bitwise_xor\", \"dtype\": \"int8\", \"samples\": 3, \"diffs\": [], \"errors\": [], \"verdict\": \"ok\"}\n"}
,{"stream_name":"stdout","time":1976.273577208,"data":"{\"op\": \"bitwise_xor\", \"dtype\": \"uint8\", \"samples\": 3, \"diffs\": [], \"errors\": [], \"verdict\": \"ok\"}\n"}
,{"stream_name":"stdout","time":1976.273582192,"data":"{\"op\": \"bitwise_xor\", \"dtype\": \"int16\", \"samples\": 3, \"diffs\": [], \"errors\": [], \"verdict\": \"ok\"}\n"}
,{"stream_name":"stdout","time":1976.27358709,"data":"{\"op\": \"bitwise_xor\", \"dtype\": \"int32\", \"samples\": 3, \"diffs\": [], \"errors\": [], \"verdict\": \"ok\"}\n"}
,{"stream_name":"stdout","time":1976.273591689,"data":"{\"op\": \"bitwise_xor\", \"dtype\": \"bool\", \"samples\": 3, \"diffs\": [], \"errors\": [], \"verdict\": \"ok\"}\n"}
,{"stream_name":"stdout","time":1976.273596052,"data":"{\"op\": \"heaviside\", \"dtype\": \"float32\", \"samples\": 3, \"diffs\": [], \"errors\": [], \"verdict\": \"ok\"}\n"}
,{"stream_name":"stdout","time":1976.273601477,"data":"{\"op\": \"heaviside\", \"dtype\": \"float16\", \"samples\": 3, \"diffs\": [], \"errors\": [], \"verdict\": \"ok\"}\n"}
,{"stream_name":"stdout","time":1976.273605767,"data":"{\"op\": \"heaviside\", \"dtype\": \"bfloat16\", \"samples\": 3, \"diffs\": [], \"errors\": [], \"verdict\": \"ok\"}\n"}
,{"stream_name":"stdout","time":1976.273610086,"data":"{\"op\": \"heaviside\", \"dtype\": \"int8\", \"samples\": 3, \"diffs\": [], \"errors\": [], \"verdict\": \"ok\"}\n"}
,{"stream_name":"stdout","time":1976.273614763,"data":"{\"op\": \"heaviside\", \"dtype\": \"uint8\", \"samples\": 3, \"diffs\": [], \"errors\": [], \"verdict\": \"ok\"}\n"}
,{"stream_name":"stdout","time":1976.273619661,"data":"{\"op\": \"heaviside\", \"dtype\": \"int16\", \"samples\": 3, \"diffs\": [], \"errors\": [], \"verdict\": \"ok\"}\n"}
,{"stream_name":"stdout","time":1976.273624804,"data":"{\"op\": \"heaviside\", \"dtype\": \"int32\", \"samples\": 3, \"diffs\": [], \"errors\": [], \"verdict\": \"ok\"}\n"}
,{"stream_name":"stdout","time":1976.27362951,"data":"{\"op\": \"heaviside\", \"dtype\": \"bool\", \"samples\": 3, \"diffs\": [], \"errors\": [], \"verdict\": \"ok\"}\n"}
,{"stream_name":"stdout","time":1976.273633869,"data":"{\"op\": \"lcm\", \"dtype\": \"int8\", \"samples\": 3, \"diffs\": [], \"errors\": [], \"verdict\": \"ok\"}\n"}
,{"stream_name":"stdout","time":1976.273638723,"data":"{\"op\": \"lcm\", \"dtype\": \"uint8\", \"samples\": 3, \"diffs\": [], \"errors\": [], \"verdict\": \"ok\"}\n"}
,{"stream_name":"stdout","time":1976.27364373,"data":"{\"op\": \"lcm\", \"dtype\": \"int16\", \"samples\": 3, \"diffs\": [], \"errors\": [], \"verdict\": \"ok\"}\n"}
,{"stream_name":"stdout","time":1976.273652479,"data":"{\"op\": \"lcm\", \"dtype\": \"int32\", \"samples\": 3, \"diffs\": [], \"errors\": [], \"verdict\": \"ok\"}\n"}
,{"stream_name":"stdout","time":1976.273657041,"data":"{\"op\": \"gcd\", \"dtype\": \"int8\", \"samples\": 3, \"diffs\": [], \"errors\": [], \"verdict\": \"ok\"}\n"}
,{"stream_name":"stdout","time":1976.273662009,"data":"{\"op\": \"gcd\", \"dtype\": \"uint8\", \"samples\": 3, \"diffs\": [], \"errors\": [], \"verdict\": \"ok\"}\n"}
,{"stream_name":"stdout","time":1976.273666897,"data":"{\"op\": \"gcd\", \"dtype\": \"int16\", \"samples\": 3, \"diffs\": [], \"errors\": [], \"verdict\": \"ok\"}\n"}
,{"stream_name":"stdout","time":1976.273671079,"data":"{\"op\": \"gcd\", \"dtype\": \"int32\", \"samples\": 3, \"diffs\": [], \"errors\": [], \"verdict\": \"ok\"}\n"}
,{"stream_name":"stdout","time":1976.273675388,"data":"{\"op\": \"isclose\", \"dtype\": \"float32\", \"samples\": 3, \"diffs\": [], \"errors\": [], \"verdict\": \"ok\"}\n"}
,{"stream_name":"stdout","time":1976.273679809,"data":"{\"op\": \"isclose\", \"dtype\": \"float16\", \"samples\": 3, \"diffs\": [], \"errors\": [], \"verdict\": \"ok\"}\n"}
,{"stream_name":"stdout","time":1976.273683958,"data":"{\"op\": \"isclose\", \"dtype\": \"bfloat16\", \"samples\": 3, \"diffs\": [], \"errors\": [], \"verdict\": \"ok\"}\n"}
,{"stream_name":"stdout","time":1976.273688357,"data":"{\"op\": \"isclose\", \"dtype\": \"int8\", \"samples\": 3, \"diffs\": [], \"errors\": [], \"verdict\": \"ok\"}\n"}
,{"stream_name":"stdout","time":1976.273693235,"data":"{\"op\": \"isclose\", \"dtype\": \"uint8\", \"samples\": 3, \"diffs\": [], \"errors\": [], \"verdict\": \"ok\"}\n"}
,{"stream_name":"stdout","time":1976.273697825,"data":"{\"op\": \"isclose\", \"dtype\": \"int16\", \"samples\": 3, \"diffs\": [], \"errors\": [], \"verdict\": \"ok\"}\n"}
,{"stream_name":"stdout","time":1976.273702647,"data":"{\"op\": \"isclose\", \"dtype\": \"int32\", \"samples\": 3, \"diffs\": [], \"errors\": [], \"verdict\": \"ok\"}\n"}
,{"stream_name":"stdout","time":1976.273707272,"data":"{\"op\": \"isclose\", \"dtype\": \"bool\", \"samples\": 3, \"diffs\": [], \"errors\": [], \"verdict\": \"ok\"}\n"}
,{"stream_name":"stdout","time":1976.273711856,"data":"{\"op\": \"softmax\", \"dtype\": \"float32\", \"samples\": 3, \"diffs\": [], \"errors\": [], \"verdict\": \"ok\"}\n"}
,{"stream_name":"stdout","time":1976.273716802,"data":"{\"op\": \"softmax\", \"dtype\": \"float16\", \"samples\": 3, \"diffs\": [], \"errors\": [], \"verdict\": \"ok\"}\n"}
,{"stream_name":"stdout","time":1976.273721943,"data":"{\"op\": \"softmax\", \"dtype\": \"bfloat16\", \"samples\": 3, \"diffs\": [], \"errors\": [], \"verdict\": \"ok\"}\n"}
,{"stream_name":"stdout","time":1976.27372623,"data":"{\"op\": \"softmax\", \"dtype\": \"float32\", \"samples\": 3, \"diffs\": [], \"errors\": [], \"verdict\": \"ok\"}\n"}
,{"stream_name":"stdout","time":1976.273731287,"data":"{\"op\": \"softmax\", \"dtype\": \"float16\", \"samples\": 3, \"diffs\": [], \"errors\": [], \"verdict\": \"ok\"}\n"}
,{"stream_name":"stdout","time":1976.2737355,"data":"{\"op\": \"softmax\", \"dtype\": \"bfloat16\", \"samples\": 3, \"diffs\": [], \"errors\": [], \"verdict\": \"ok\"}\n"}
,{"stream_name":"stdout","time":1976.27374033,"data":"{\"op\": \"softmax\", \"dtype\": \"int8\", \"samples\": 3, \"diffs\": [], \"errors\": [], \"verdict\": \"ok\"}\n"}
,{"stream_name":"stdout","time":1976.27374487,"data":"{\"op\": \"softmax\", \"dtype\": \"uint8\", \"samples\": 3, \"diffs\": [], \"errors\": [], \"verdict\": \"ok\"}\n"}
,{"stream_name":"stdout","time":1976.27374975,"data":"{\"op\": \"softmax\", \"dtype\": \"int16\", \"samples\": 3, \"diffs\": [], \"errors\": [], \"verdict\": \"ok\"}\n"}
,{"stream_name":"stdout","time":1976.273754652,"data":"{\"op\": \"softmax\", \"dtype\": \"int32\", \"samples\": 3, \"diffs\": [], \"errors\": [], \"verdict\": \"ok\"}\n"}
,{"stream_name":"stdout","time":1976.273763437,"data":"{\"op\": \"softmax\", \"dtype\": \"bool\", \"samples\": 3, \"diffs\": [], \"errors\": [], \"verdict\": \"ok\"}\n"}
,{"stream_name":"stdout","time":1976.27376956,"data":"{\"op\": \"_softmax_backward_data\", \"dtype\": \"float32\", \"samples\": 3, \"diffs\": [{\"i\": 1, \"class\": \"SILENT\", \"detail\": \"eager raises RuntimeError, compiled returns\"}], \"errors\": [], \"verdict\": \"DIFF:SILENT\"}\n"}
,{"stream_name":"stdout","time":1976.273775205,"data":"{\"op\": \"_softmax_backward_data\", \"dtype\": \"float16\", \"samples\": 3, \"diffs\": [{\"i\": 1, \"class\": \"VALUE\", \"detail\": \"nan pattern at [0, 1]: eager nan compiled 0.0\", \"repr\": \"SampleInput(input=tensor([[ 2.1758, -8.5000, -3.1406, -6.9961,  3.2617],\\n        [-2.5059, -5.9141, -5.4648,  6.1211, -8.2109],\\n        [-3.5801, -8.4844, -6.0703,  2.3438, -8.1953],\\n        [-7.3320,  1.3252, -6.8672,  7.1484, -8.0703],\\n        [ 4.5977, -4.0430, -6.2031, -2.1309, -8.4922]], device\"}, {\"i\": 2, \"class\": \"VALUE\", \"detail\": \"nan pattern at [0, 3, 4]: eager nan compiled -inf\", \"repr\": \"SampleInput(input=tensor([[[ 2.1758, -8.5000, -3.1406, -6.9961,  3.2617],\\n         [-2.5059, -5.9141, -5.4648,  6.1211, -8.2109],\\n         [-3.5801, -8.4844, -6.0703,  2.3438, -8.1953],\\n         [-7.3320,  1.3252, -6.8672,  7.1484, -8.0703],\\n         [ 4.5977, -4.0430, -6.2031, -2.1309, -8.4922],\\n  \"}], \"errors\": [], \"verdict\": \"DIFF:VALUE\"}\n"}
,{"stream_name":"stdout","time":1976.273784312,"data":"{\"op\": \"_softmax_backward_data\", \"dtype\": \"bfloat16\", \"samples\": 3, \"diffs\": [], \"errors\": [], \"verdict\": \"ok\"}\n"}
,{"stream_name":"stdout","time":1976.273789153,"data":"{\"op\": \"nn.functional.softmin\", \"dtype\": \"float32\", \"samples\": 3, \"diffs\": [], \"errors\": [], \"verdict\": \"ok\"}\n"}
,{"stream_name":"stdout","time":1976.273794375,"data":"{\"op\": \"nn.functional.softmin\", \"dtype\": \"float16\", \"samples\": 3, \"diffs\": [], \"errors\": [], \"verdict\": \"ok\"}\n"}
,{"stream_name":"stdout","time":1976.273799158,"data":"{\"op\": \"nn.functional.softmin\", \"dtype\": \"bfloat16\", \"samples\": 3, \"diffs\": [], \"errors\": [], \"verdict\": \"ok\"}\n"}
,{"stream_name":"stdout","time":1976.273804552,"data":"{\"op\": \"nn.functional.softmin\", \"dtype\": \"float32\", \"samples\": 3, \"diffs\": [], \"errors\": [], \"verdict\": \"ok\"}\n"}
,{"stream_name":"stdout","time":1976.273809635,"data":"{\"op\": \"nn.functional.softmin\", \"dtype\": \"float16\", \"samples\": 3, \"diffs\": [], \"errors\": [], \"verdict\": \"ok\"}\n"}
,{"stream_name":"stdout","time":1976.273815099,"data":"{\"op\": \"nn.functional.softmin\", \"dtype\": \"bfloat16\", \"samples\": 3, \"diffs\": [], \"errors\": [], \"verdict\": \"ok\"}\n"}
,{"stream_name":"stdout","time":1976.273820684,"data":"{\"op\": \"nn.functional.softmin\", \"dtype\": \"int8\", \"samples\": 3, \"diffs\": [], \"errors\": [], \"verdict\": \"ok\"}\n"}
,{"stream_name":"stdout","time":1976.27382525,"data":"{\"op\": \"nn.functional.softmin\", \"dtype\": \"uint8\", \"samples\": 3, \"diffs\": [], \"errors\": [], \"verdict\": \"ok\"}\n"}
,{"stream_name":"stdout","time":1976.273830161,"data":"{\"op\": \"nn.functional.softmin\", \"dtype\": \"int16\", \"samples\": 3, \"diffs\": [], \"errors\": [], \"verdict\": \"ok\"}\n"}
,{"stream_name":"stdout","time":1976.273835418,"data":"{\"op\": \"nn.functional.softmin\", \"dtype\": \"int32\", \"samples\": 3, \"diffs\": [], \"errors\": [], \"verdict\": \"ok\"}\n"}
,{"stream_name":"stdout","time":1976.273840836,"data":"{\"op\": \"nn.functional.cross_entropy\", \"dtype\": \"float32\", \"samples\": 3, \"diffs\": [], \"errors\": [], \"verdict\": \"ok\"}\n"}
,{"stream_name":"stdout","time":1976.273846364,"data":"{\"op\": \"nn.functional.cross_entropy\", \"dtype\": \"float16\", \"samples\": 3, \"diffs\": [], \"errors\": [], \"verdict\": \"ok\"}\n"}
,{"stream_name":"stdout","time":1976.273854946,"data":"{\"op\": \"nn.functional.cross_entropy\", \"dtype\": \"bfloat16\", \"samples\": 3, \"diffs\": [], \"errors\": [], \"verdict\": \"ok\"}\n"}
,{"stream_name":"stdout","time":1976.273860177,"data":"{\"op\": \"nn.functional.linear_cross_entropy\", \"dtype\": \"float32\", \"samples\": 3, \"diffs\": [], \"errors\": [], \"verdict\": \"ok\"}\n"}
,{"stream_name":"stdout","time":1976.273865204,"data":"{\"op\": \"nn.functional.linear_cross_entropy\", \"dtype\": \"float16\", \"samples\": 3, \"diffs\": [], \"errors\": [], \"verdict\": \"ok\"}\n"}
,{"stream_name":"stdout","time":1976.273869764,"data":"{\"op\": \"nn.functional.linear_cross_entropy\", \"dtype\": \"bfloat16\", \"samples\": 3, \"diffs\": [], \"errors\": [], \"verdict\": \"ok\"}\n"}
,{"stream_name":"stdout","time":1976.273874934,"data":"{\"op\": \"nn.functional.linear_cross_entropy\", \"dtype\": \"float32\", \"samples\": 3, \"diffs\": [], \"errors\": [], \"verdict\": \"ok\"}\n"}
,{"stream_name":"stdout","time":1976.273880445,"data":"{\"op\": \"nn.functional.linear_cross_entropy\", \"dtype\": \"float16\", \"samples\": 3, \"diffs\": [], \"errors\": [], \"verdict\": \"ok\"}\n"}
,{"stream_name":"stdout","time":1976.273885884,"data":"{\"op\": \"nn.functional.linear_cross_entropy\", \"dtype\": \"bfloat16\", \"samples\": 3, \"diffs\": [], \"errors\": [], \"verdict\": \"ok\"}\n"}
,{"stream_name":"stdout","time":1976.273890531,"data":"{\"op\": \"nn.functional.linear_cross_entropy\", \"dtype\": \"float32\", \"samples\": 3, \"diffs\": [], \"errors\": [], \"verdict\": \"ok\"}\n"}
,{"stream_name":"stdout","time":1976.273895594,"data":"{\"op\": \"nn.functional.linear_cross_entropy\", \"dtype\": \"float16\", \"samples\": 3, \"diffs\": [], \"errors\": [], \"verdict\": \"ok\"}\n"}
,{"stream_name":"stdout","time":1976.273900602,"data":"{\"op\": \"nn.functional.linear_cross_entropy\", \"dtype\": \"bfloat16\", \"samples\": 3, \"diffs\": [], \"errors\": [], \"verdict\": \"ok\"}\n"}
,{"stream_name":"stdout","time":1976.273905322,"data":"{\"op\": \"aminmax\", \"dtype\": \"float32\", \"samples\": 3, \"diffs\": [], \"errors\": [], \"verdict\": \"ok\"}\n"}
,{"stream_name":"stdout","time":1976.27391029,"data":"{\"op\": \"aminmax\", \"dtype\": \"float16\", \"samples\": 3, \"diffs\": [], \"errors\": [], \"verdict\": \"ok\"}\n"}
,{"stream_name":"stdout","time":1976.273915485,"data":"{\"op\": \"aminmax\", \"dtype\": \"bfloat16\", \"samples\": 3, \"diffs\": [], \"errors\": [], \"verdict\": \"ok\"}\n"}
,{"stream_name":"stdout","time":1976.27392074,"data":"{\"op\": \"aminmax\", \"dtype\": \"int8\", \"samples\": 3, \"diffs\": [], \"errors\": [], \"verdict\": \"ok\"}\n"}
,{"stream_name":"stdout","time":1976.273925731,"data":"{\"op\": \"aminmax\", \"dtype\": \"uint8\", \"samples\": 3, \"diffs\": [], \"errors\": [], \"verdict\": \"ok\"}\n"}
,{"stream_name":"stdout","time":1976.273948716,"data":"{\"op\": \"aminmax\", \"dtype\": \"int16\", \"samples\": 3, \"diffs\": [], \"errors\": [], \"verdict\": \"ok\"}\n"}
,{"stream_name":"stdout","time":1976.273957804,"data":"{\"op\": \"aminmax\", \"dtype\": \"int32\", \"samples\": 3, \"diffs\": [], \"errors\": [], \"verdict\": \"ok\"}\n"}
,{"stream_name":"stdout","time":1976.273962637,"data":"{\"op\": \"aminmax\", \"dtype\": \"bool\", \"samples\": 3, \"diffs\": [], \"errors\": [], \"verdict\": \"ok\"}\n"}
,{"stream_name":"stdout","time":1976.273967251,"data":"{\"op\": \"as_strided\", \"dtype\": \"float32\", \"samples\": 3, \"diffs\": [], \"errors\": [], \"verdict\": \"ok\"}\n"}
,{"stream_name":"stdout","time":1976.273972305,"data":"{\"op\": \"as_strided\", \"dtype\": \"float16\", \"samples\": 3, \"diffs\": [], \"errors\": [], \"verdict\": \"ok\"}\n"}
,{"stream_name":"stdout","time":1976.273977571,"data":"{\"op\": \"as_strided\", \"dtype\": \"bfloat16\", \"samples\": 3, \"diffs\": [], \"errors\": [], \"verdict\": \"ok\"}\n"}
,{"stream_name":"stdout","time":1976.273987369,"data":"{\"op\": \"as_strided\", \"dtype\": \"int8\", \"samples\": 3, \"diffs\": [], \"errors\": [], \"verdict\": \"ok\"}\n"}
,{"stream_name":"stdout","time":1976.273992308,"data":"{\"op\": \"as_strided\", \"dtype\": \"uint8\", \"samples\": 3, \"diffs\": [], \"errors\": [], \"verdict\": \"ok\"}\n"}
,{"stream_name":"stdout","time":1976.273997488,"data":"{\"op\": \"as_strided\", \"dtype\": \"int16\", \"samples\": 3, \"diffs\": [], \"errors\": [], \"verdict\": \"ok\"}\n"}
,{"stream_name":"stdout","time":1976.274002142,"data":"{\"op\": \"as_strided\", \"dtype\": \"int32\", \"samples\": 3, \"diffs\": [], \"errors\": [], \"verdict\": \"ok\"}\n"}
,{"stream_name":"stdout","time":1976.274006839,"data":"{\"op\": \"as_strided\", \"dtype\": \"bool\", \"samples\": 3, \"diffs\": [], \"errors\": [], \"verdict\": \"ok\"}\n"}
,{"stream_name":"stdout","time":1976.27401215,"data":"{\"op\": \"as_strided\", \"dtype\": \"float32\", \"samples\": 3, \"diffs\": [], \"errors\": [], \"verdict\": \"ok\"}\n"}
,{"stream_name":"stdout","time":1976.274016745,"data":"{\"op\": \"as_strided\", \"dtype\": \"float16\", \"samples\": 3, \"diffs\": [], \"errors\": [], \"verdict\": \"ok\"}\n"}
,{"stream_name":"stdout","time":1976.274021552,"data":"{\"op\": \"as_strided\", \"dtype\": \"bfloat16\", \"samples\": 3, \"diffs\": [], \"errors\": [], \"verdict\": \"ok\"}\n"}
,{"stream_name":"stdout","time":1976.27402689,"data":"{\"op\": \"as_strided\", \"dtype\": \"int8\", \"samples\": 3, \"diffs\": [], \"errors\": [], \"verdict\": \"ok\"}\n"}
,{"stream_name":"stdout","time":1976.274031215,"data":"{\"op\": \"as_strided\", \"dtype\": \"uint8\", \"samples\": 3, \"diffs\": [], \"errors\": [], \"verdict\": \"ok\"}\n"}
,{"stream_name":"stdout","time":1976.274035779,"data":"{\"op\": \"as_strided\", \"dtype\": \"int16\", \"samples\": 3, \"diffs\": [], \"errors\": [], \"verdict\": \"ok\"}\n"}
,{"stream_name":"stdout","time":1976.274040014,"data":"{\"op\": \"as_strided\", \"dtype\": \"int32\", \"samples\": 3, \"diffs\": [], \"errors\": [], \"verdict\": \"ok\"}\n"}
,{"stream_name":"stdout","time":1976.274045184,"data":"{\"op\": \"as_strided\", \"dtype\": \"bool\", \"samples\": 3, \"diffs\": [], \"errors\": [], \"verdict\": \"ok\"}\n"}
,{"stream_name":"stdout","time":1976.274049665,"data":"{\"op\": \"as_strided_copy\", \"dtype\": \"float32\", \"samples\": 3, \"diffs\": [], \"errors\": [], \"verdict\": \"ok\"}\n"}
,{"stream_name":"stdout","time":1976.274054852,"data":"{\"op\": \"as_strided_copy\", \"dtype\": \"float16\", \"samples\": 3, \"diffs\": [], \"errors\": [], \"verdict\": \"ok\"}\n"}
,{"stream_name":"stdout","time":1976.274059366,"data":"{\"op\": \"as_strided_copy\", \"dtype\": \"bfloat16\", \"samples\": 3, \"diffs\": [], \"errors\": [], \"verdict\": \"ok\"}\n"}
,{"stream_name":"stdout","time":1976.274064368,"data":"{\"op\": \"as_strided_copy\", \"dtype\": \"int8\", \"samples\": 3, \"diffs\": [], \"errors\": [], \"verdict\": \"ok\"}\n"}
,{"stream_name":"stdout","time":1976.274069339,"data":"{\"op\": \"as_strided_copy\", \"dtype\": \"uint8\", \"samples\": 3, \"diffs\": [], \"errors\": [], \"verdict\": \"ok\"}\n"}
,{"stream_name":"stdout","time":1976.274073903,"data":"{\"op\": \"as_strided_copy\", \"dtype\": \"int16\", \"samples\": 3, \"diffs\": [], \"errors\": [], \"verdict\": \"ok\"}\n"}
,{"stream_name":"stdout","time":1976.274078408,"data":"{\"op\": \"as_strided_copy\", \"dtype\": \"int32\", \"samples\": 3, \"diffs\": [], \"errors\": [], \"verdict\": \"ok\"}\n"}
,{"stream_name":"stdout","time":1976.274083373,"data":"{\"op\": \"as_strided_copy\", \"dtype\": \"bool\", \"samples\": 3, \"diffs\": [], \"errors\": [], \"verdict\": \"ok\"}\n"}
,{"stream_name":"stdout","time":1976.274088328,"data":"{\"op\": \"as_strided_scatter\", \"dtype\": \"float32\", \"samples\": 3, \"diffs\": [], \"errors\": [], \"verdict\": \"ok\"}\n"}
,{"stream_name":"stdout","time":1976.274096312,"data":"{\"op\": \"as_strided_scatter\", \"dtype\": \"float16\", \"samples\": 3, \"diffs\": [], \"errors\": [], \"verdict\": \"ok\"}\n"}
,{"stream_name":"stdout","time":1976.27410098,"data":"{\"op\": \"as_strided_scatter\", \"dtype\": \"bfloat16\", \"samples\": 3, \"diffs\": [], \"errors\": [], \"verdict\": \"ok\"}\n"}
,{"stream_name":"stdout","time":1976.274105677,"data":"{\"op\": \"as_strided_scatter\", \"dtype\": \"int8\", \"samples\": 3, \"diffs\": [], \"errors\": [], \"verdict\": \"ok\"}\n"}
,{"stream_name":"stdout","time":1976.274110152,"data":"{\"op\": \"as_strided_scatter\", \"dtype\": \"uint8\", \"samples\": 3, \"diffs\": [], \"errors\": [], \"verdict\": \"ok\"}\n"}
,{"stream_name":"stdout","time":1976.274115028,"data":"{\"op\": \"as_strided_scatter\", \"dtype\": \"int16\", \"samples\": 3, \"diffs\": [], \"errors\": [], \"verdict\": \"ok\"}\n"}
,{"stream_name":"stdout","time":1976.274119343,"data":"{\"op\": \"as_strided_scatter\", \"dtype\": \"int32\", \"samples\": 3, \"diffs\": [], \"errors\": [], \"verdict\": \"ok\"}\n"}
,{"stream_name":"stdout","time":1976.274124008,"data":"{\"op\": \"as_strided_scatter\", \"dtype\": \"bool\", \"samples\": 3, \"diffs\": [], \"errors\": [], \"verdict\": \"ok\"}\n"}
,{"stream_name":"stdout","time":1976.274137428,"data":"{\"op\": \"native_group_norm\", \"dtype\": \"float32\", \"samples\": 3, \"diffs\": [{\"i\": 0, \"class\": \"VALUE\", \"detail\": \"nan pattern at [0, 0]: eager nan compiled inf\", \"repr\": \"SampleInput(input=tensor([[[-4.5149, -5.9053, -0.9516],\\n         [-2.3615,  1.5591, -6.2815],\\n         [-5.7327,  7.7241,  1.7485],\\n         [-3.0409,  1.0779, -8.9271],\\n         [-3.2991,  1.3861,  5.2874],\\n         [ 6.1179, -3.3232,  5.8247]]], device='cuda:0'), args=(tensor([-6.7103,  5.7013,  0\"}, {\"i\": 1, \"class\": \"VALUE\", \"detail\": \"nan pattern at [0, 0]: eager nan compiled inf\", \"repr\": \"SampleInput(input=tensor([[[-6.7103,  5.7013,  0.7920],\\n         [ 2.8814, -4.1030,  8.5261],\\n         [-1.9740, -2.8899,  0.8122],\\n         [ 4.1615, -2.0441,  1.7259],\\n         [ 4.6410, -5.1733,  3.9563],\\n         [ 8.7209,  0.9328, -7.2351]]], device='cuda:0'), args=(tensor([-6.7103,  5.7013,  0\"}, {\"i\": 2, \"class\": \"VALUE\", \"detail\": \"nan pattern at [0, 0]: eager nan compiled inf\", \"repr\": \"SampleInput(input=tensor([[[-6.7103,  5.7013,  0.7920],\\n         [ 2.8814, -4.1030,  8.5261],\\n         [-1.9740, -2.8899,  0.8122],\\n         [ 4.1615, -2.0441,  1.7259],\\n         [ 4.6410, -5.1733,  3.9563],\\n         [ 8.7209,  0.9328, -7.2351]]], device='cuda:0'), args=(tensor([-6.7103,  5.7013,  0\"}], \"errors\": [], \"verdict\": \"DIFF:VALUE\"}\n"}
,{"stream_name":"stdout","time":1976.274148808,"data":"{\"op\": \"native_group_norm\", \"dtype\": \"float16\", \"samples\": 3, \"diffs\": [{\"i\": 0, \"class\": \"VALUE\", \"detail\": \"nan pattern at [0, 0]: eager nan compiled inf\", \"repr\": \"SampleInput(input=tensor([[[-4.5156, -5.9062, -0.9517],\\n         [-2.3613,  1.5596, -6.2812],\\n         [-5.7344,  7.7227,  1.7480],\\n         [-3.0410,  1.0781, -8.9297],\\n         [-3.2988,  1.3857,  5.2891],\\n         [ 6.1172, -3.3223,  5.8242]]], device='cuda:0', dtype=torch.float16), args=(tensor(\"}, {\"i\": 1, \"class\": \"VALUE\", \"detail\": \"nan pattern at [0, 0]: eager nan compiled inf\", \"repr\": \"SampleInput(input=tensor([[[-6.7109,  5.7031,  0.7920],\\n         [ 2.8809, -4.1016,  8.5234],\\n         [-1.9736, -2.8906,  0.8120],\\n         [ 4.1602, -2.0449,  1.7256],\\n         [ 4.6406, -5.1719,  3.9570],\\n         [ 8.7188,  0.9326, -7.2344]]], device='cuda:0', dtype=torch.float16), args=(tensor(\"}, {\"i\": 2, \"class\": \"VALUE\", \"detail\": \"nan pattern at [0, 0]: eager nan compiled inf\", \"repr\": \"SampleInput(input=tensor([[[-6.7109,  5.7031,  0.7920],\\n         [ 2.8809, -4.1016,  8.5234],\\n         [-1.9736, -2.8906,  0.8120],\\n         [ 4.1602, -2.0449,  1.7256],\\n         [ 4.6406, -5.1719,  3.9570],\\n         [ 8.7188,  0.9326, -7.2344]]], device='cuda:0', dtype=torch.float16), args=(tensor(\"}], \"errors\": [], \"verdict\": \"DIFF:VALUE\"}\n"}
,{"stream_name":"stdout","time":1976.274162819,"data":"{\"op\": \"native_group_norm\", \"dtype\": \"bfloat16\", \"samples\": 3, \"diffs\": [], \"errors\": [], \"verdict\": \"ok\"}\n"}
,{"stream_name":"stdout","time":1976.274167302,"data":"{\"op\": \"native_layer_norm\", \"dtype\": \"float32\", \"samples\": 3, \"diffs\": [], \"errors\": [], \"verdict\": \"ok\"}\n"}
,{"stream_name":"stdout","time":1976.274172416,"data":"{\"op\": \"native_layer_norm\", \"dtype\": \"float16\", \"samples\": 3, \"diffs\": [], \"errors\": [], \"verdict\": \"ok\"}\n"}
,{"stream_name":"stdout","time":1976.274177205,"data":"{\"op\": \"native_layer_norm\", \"dtype\": \"bfloat16\", \"samples\": 3, \"diffs\": [], \"errors\": [], \"verdict\": \"ok\"}\n"}
,{"stream_name":"stdout","time":1976.274181829,"data":"{\"op\": \"native_batch_norm\", \"dtype\": \"float32\", \"samples\": 3, \"diffs\": [{\"i\": 0, \"class\": \"VALUE\", \"detail\": \"nan pattern at [0, 0, 0]: eager nan compiled 0.0\", \"repr\": \"SampleInput(input=tensor([[[-7.5478, -8.4496,  7.9123,  6.4738, -6.6951],\\n         [ 8.9031, -6.2514,  8.8990, -6.6426, -0.6195],\\n         [-0.8092,  1.3512, -8.9441, -5.7336, -2.6447],\\n         [ 6.3509,  8.9449, -7.0080, -2.1597,  6.2549],\\n         [-7.1545, -0.9337, -8.2476, -3.3299,  1.2360]],\\n\\n\"}, {\"i\": 1, \"class\": \"VALUE\", \"detail\": \"nan pattern at [1, 0, 3]: eager 0.0 compiled nan\", \"repr\": \"SampleInput(input=tensor([[[-7.5478, -8.4496,  7.9123,  6.4738],\\n         [-6.6951,  8.9031, -6.2514,  8.8990]],\\n\\n        [[-6.6426, -0.6195, -0.8092,  1.3512],\\n         [-8.9441, -5.7336, -2.6447,  6.3509]],\\n\\n        [[ 8.9449, -7.0080, -2.1597,  6.2549],\\n         [-7.1545, -0.9337, -8.2476, -3.329\"}], \"errors\": [], \"verdict\": \"DIFF:VALUE\"}\n"}
,{"stream_name":"stdout","time":1976.274190194,"data":"{\"op\": \"native_batch_norm\", \"dtype\": \"float16\", \"samples\": 3, \"diffs\": [], \"errors\": [], \"verdict\": \"ok\"}\n"}
,{"stream_name":"stdout","time":1976.274195893,"data":"{\"op\": \"native_batch_norm\", \"dtype\": \"bfloat16\", \"samples\": 3, \"diffs\": [], \"errors\": [], \"verdict\": \"ok\"}\n"}
,{"stream_name":"stdout","time":1976.274200934,"data":"{\"op\": \"_native_batch_norm_legit\", \"dtype\": \"float32\", \"samples\": 3, \"diffs\": [{\"i\": 0, \"class\": \"VALUE\", \"detail\": \"nan pattern at [0, 0, 0]: eager nan compiled 0.0\", \"repr\": \"SampleInput(input=tensor([[[-7.5478, -8.4496,  7.9123,  6.4738, -6.6951],\\n         [ 8.9031, -6.2514,  8.8990, -6.6426, -0.6195],\\n         [-0.8092,  1.3512, -8.9441, -5.7336, -2.6447],\\n         [ 6.3509,  8.9449, -7.0080, -2.1597,  6.2549],\\n         [-7.1545, -0.9337, -8.2476, -3.3299,  1.2360]],\\n\\n\"}, {\"i\": 1, \"class\": \"VALUE\", \"detail\": \"nan pattern at [1, 0, 3]: eager 0.0 compiled nan\", \"repr\": \"SampleInput(input=tensor([[[-7.5478, -8.4496,  7.9123,  6.4738],\\n         [-6.6951,  8.9031, -6.2514,  8.8990]],\\n\\n        [[-6.6426, -0.6195, -0.8092,  1.3512],\\n         [-8.9441, -5.7336, -2.6447,  6.3509]],\\n\\n        [[ 8.9449, -7.0080, -2.1597,  6.2549],\\n         [-7.1545, -0.9337, -8.2476, -3.329\"}], \"errors\": [], \"verdict\": \"DIFF:VALUE\"}\n"}
,{"stream_name":"stdout","time":1976.274209532,"data":"{\"op\": \"_native_batch_norm_legit\", \"dtype\": \"float16\", \"samples\": 3, \"diffs\": [], \"errors\": [], \"verdict\": \"ok\"}\n"}
,{"stream_name":"stdout","time":1976.274213971,"data":"{\"op\": \"_native_batch_norm_legit\", \"dtype\": \"bfloat16\", \"samples\": 3, \"diffs\": [], \"errors\": [], \"verdict\": \"ok\"}\n"}
,{"stream_name":"stdout","time":1976.27421842,"data":"{\"op\": \"_batch_norm_with_update\", \"dtype\": \"float32\", \"samples\": 3, \"diffs\": [{\"i\": 1, \"class\": \"SIGNZERO\", \"detail\": \"sign of zero\", \"repr\": \"SampleInput(input=tensor([[[-7.5478, -8.4496,  7.9123,  6.4738],\\n         [-6.6951,  8.9031, -6.2514,  8.8990]],\\n\\n        [[-6.6426, -0.6195, -0.8092,  1.3512],\\n         [-8.9441, -5.7336, -2.6447,  6.3509]],\\n\\n        [[ 8.9449, -7.0080, -2.1597,  6.2549],\\n         [-7.1545, -0.9337, -8.2476, -3.329\"}], \"errors\": [], \"verdict\": \"DIFF:SIGNZERO\"}\n"}
,{"stream_name":"stdout","time":1976.274227732,"data":"{\"op\": \"_batch_norm_with_update\", \"dtype\": \"float16\", \"samples\": 3, \"diffs\": [], \"errors\": [], \"verdict\": \"ok\"}\n"}
,{"stream_name":"stdout","time":1976.274232611,"data":"{\"op\": \"_batch_norm_with_update\", \"dtype\": \"bfloat16\", \"samples\": 3, \"diffs\": [], \"errors\": [], \"verdict\": \"ok\"}\n"}
,{"stream_name":"stdout","time":1976.274244143,"data":"{\"op\": \"nn.functional.cosine_similarity\", \"dtype\": \"float32\", \"samples\": 3, \"diffs\": [], \"errors\": [], \"verdict\": \"ok\"}\n"}
,{"stream_name":"stdout","time":1976.274249241,"data":"{\"op\": \"nn.functional.cosine_similarity\", \"dtype\": \"float16\", \"samples\": 3, \"diffs\": [{\"i\": 0, \"class\": \"VALUE\", \"detail\": \"value rel 1: eager 0.0 compiled 1.0\", \"repr\": \"SampleInput(input=tensor([[-6.7109,  5.7031,  0.7920,  2.8809, -4.1016],\\n        [ 8.5234, -1.9736, -2.8906,  0.8120,  4.1602],\\n        [-2.0449,  1.7256,  4.6406, -5.1719,  3.9570],\\n        [ 8.7188,  0.9326, -7.2344, -7.9531,  1.5098],\\n        [-7.0508,  8.0312, -3.2930,  5.9922,  3.0176]], device\"}, {\"i\": 1, \"class\": \"VALUE\", \"detail\": \"nan pattern at [0]: eager nan compiled 0.0\", \"repr\": \"SampleInput(input=tensor([[-6.7109,  5.7031],\\n        [ 0.7920,  2.8809],\\n        [-4.1016,  8.5234],\\n        [-1.9736, -2.8906],\\n        [ 0.8120,  4.1602]], device='cuda:0', dtype=torch.float16), args=(tensor([[ 2.1758, -8.5000],\\n        [-3.1406, -6.9961],\\n        [ 3.2617, -2.5059],\\n        [-5.\"}], \"errors\": [], \"verdict\": \"DIFF:VALUE\"}\n"}
,{"stream_name":"stdout","time":1976.274258205,"data":"{\"op\": \"nn.functional.cosine_similarity\", \"dtype\": \"bfloat16\", \"samples\": 3, \"diffs\": [], \"errors\": [], \"verdict\": \"ok\"}\n"}
,{"stream_name":"stdout","time":1976.274263076,"data":"{\"op\": \"nn.functional.adaptive_avg_pool1d\", \"dtype\": \"float32\", \"samples\": 3, \"diffs\": [], \"errors\": [], \"verdict\": \"ok\"}\n"}
,{"stream_name":"stdout","time":1976.274284303,"data":"{\"op\": \"nn.functional.adaptive_avg_pool1d\", \"dtype\": \"float16\", \"samples\": 3, \"diffs\": [], \"errors\": [], \"verdict\": \"ok\"}\n"}
,{"stream_name":"stdout","time":1976.274288046,"data":"{\"op\": \"nn.functional.adaptive_avg_pool1d\", \"dtype\": \"bfloat16\", \"samples\": 3, \"diffs\": [], \"errors\": [], \"verdict\": \"ok\"}\n"}
,{"stream_name":"stdout","time":1976.274292355,"data":"{\"op\": \"nn.functional.adaptive_avg_pool2d\", \"dtype\": \"float32\", \"samples\": 3, \"diffs\": [], \"errors\": [], \"verdict\": \"ok\"}\n"}
,{"stream_name":"stdout","time":1976.274296702,"data":"{\"op\": \"nn.functional.adaptive_avg_pool2d\", \"dtype\": \"float16\", \"samples\": 3, \"diffs\": [], \"errors\": [], \"verdict\": \"ok\"}\n"}
,{"stream_name":"stdout","time":1976.274300989,"data":"{\"op\": \"nn.functional.adaptive_avg_pool2d\", \"dtype\": \"bfloat16\", \"samples\": 3, \"diffs\": [], \"errors\": [], \"verdict\": \"ok\"}\n"}
,{"stream_name":"stdout","time":1976.274304909,"data":"{\"op\": \"nn.functional.adaptive_avg_pool3d\", \"dtype\": \"float32\", \"samples\": 3, \"diffs\": [], \"errors\": [], \"verdict\": \"ok\"}\n"}
,{"stream_name":"stdout","time":1976.274309566,"data":"{\"op\": \"nn.functional.adaptive_avg_pool3d\", \"dtype\": \"float16\", \"samples\": 3, \"diffs\": [], \"errors\": [], \"verdict\": \"ok\"}\n"}
,{"stream_name":"stdout","time":1976.274318144,"data":"{\"op\": \"nn.functional.adaptive_avg_pool3d\", \"dtype\": \"bfloat16\", \"samples\": 3, \"diffs\": [], \"errors\": [], \"verdict\": \"ok\"}\n"}
,{"stream_name":"stdout","time":1976.274322795,"data":"{\"op\": \"nn.functional.adaptive_max_pool1d\", \"dtype\": \"float32\", \"samples\": 3, \"diffs\": [{\"i\": 0, \"class\": \"VALUE\", \"detail\": \"value at [0, 2, 1]: eager 2 compiled 1\", \"repr\": \"SampleInput(input=tensor([[[-6.7103,  5.7013,  0.7920,  2.8814],\\n         [-4.1030,  8.5261, -1.9740, -2.8899],\\n         [ 0.8122,  4.1615, -2.0441,  1.7259],\\n         [ 4.6410, -5.1733,  3.9563,  8.7209]],\\n\\n        [[ 0.9328, -7.2351, -7.9526,  1.5101],\\n         [-7.0509,  8.0298, -3.2934,  5.9912]\"}, {\"i\": 1, \"class\": \"VALUE\", \"detail\": \"value at [2, 1]: eager 2 compiled 1\", \"repr\": \"SampleInput(input=tensor([[-6.7103,  5.7013,  0.7920,  2.8814],\\n        [-4.1030,  8.5261, -1.9740, -2.8899],\\n        [ 0.8122,  4.1615, -2.0441,  1.7259],\\n        [ 4.6410, -5.1733,  3.9563,  8.7209]], device='cuda:0'), args=(3, True), kwargs={}, broadcasts_input=False, name='')\"}], \"errors\": [], \"verdict\": \"DIFF:VALUE\"}\n"}
,{"stream_name":"stdout","time":1976.274330627,"data":"{\"op\": \"nn.functional.adaptive_max_pool1d\", \"dtype\": \"float16\", \"samples\": 3, \"diffs\": [{\"i\": 0, \"class\": \"VALUE\", \"detail\": \"value at [0, 2, 1]: eager 2 compiled 1\", \"repr\": \"SampleInput(input=tensor([[[-6.7109,  5.7031,  0.7920,  2.8809],\\n         [-4.1016,  8.5234, -1.9736, -2.8906],\\n         [ 0.8120,  4.1602, -2.0449,  1.7256],\\n         [ 4.6406, -5.1719,  3.9570,  8.7188]],\\n\\n        [[ 0.9326, -7.2344, -7.9531,  1.5098],\\n         [-7.0508,  8.0312, -3.2930,  5.9922]\"}, {\"i\": 1, \"class\": \"VALUE\", \"detail\": \"value at [2, 1]: eager 2 compiled 1\", \"repr\": \"SampleInput(input=tensor([[-6.7109,  5.7031,  0.7920,  2.8809],\\n        [-4.1016,  8.5234, -1.9736, -2.8906],\\n        [ 0.8120,  4.1602, -2.0449,  1.7256],\\n        [ 4.6406, -5.1719,  3.9570,  8.7188]], device='cuda:0',\\n       dtype=torch.float16), args=(3, True), kwargs={}, broadcasts_input=False, \"}], \"errors\": [], \"verdict\": \"DIFF:VALUE\"}\n"}
,{"stream_name":"stdout","time":1976.274338151,"data":"{\"op\": \"nn.functional.adaptive_max_pool1d\", \"dtype\": \"bfloat16\", \"samples\": 3, \"diffs\": [], \"errors\": [], \"verdict\": \"ok\"}\n"}
,{"stream_name":"stdout","time":1976.274342869,"data":"{\"op\": \"nn.functional.adaptive_max_pool2d\", \"dtype\": \"float32\", \"samples\": 3, \"diffs\": [{\"i\": 0, \"class\": \"VALUE\", \"detail\": \"value at [0, 0, 1, 1]: eager 10 compiled 9\", \"repr\": \"SampleInput(input=tensor([[[[-6.7103,  5.7013,  0.7920,  2.8814],\\n          [-4.1030,  8.5261, -1.9740, -2.8899],\\n          [ 0.8122,  4.1615, -2.0441,  1.7259],\\n          [ 4.6410, -5.1733,  3.9563,  8.7209]],\\n\\n         [[ 0.9328, -7.2351, -7.9526,  1.5101],\\n          [-7.0509,  8.0298, -3.2934,  5\"}, {\"i\": 1, \"class\": \"VALUE\", \"detail\": \"value at [0, 1, 1]: eager 10 compiled 9\", \"repr\": \"SampleInput(input=tensor([[[-6.7103,  5.7013,  0.7920,  2.8814],\\n         [-4.1030,  8.5261, -1.9740, -2.8899],\\n         [ 0.8122,  4.1615, -2.0441,  1.7259],\\n         [ 4.6410, -5.1733,  3.9563,  8.7209]],\\n\\n        [[ 0.9328, -7.2351, -7.9526,  1.5101],\\n         [-7.0509,  8.0298, -3.2934,  5.9912]\"}], \"errors\": [], \"verdict\": \"DIFF:VALUE\"}\n"}
,{"stream_name":"stdout","time":1976.274350799,"data":"{\"op\": \"nn.functional.adaptive_max_pool2d\", \"dtype\": \"float16\", \"samples\": 3, \"diffs\": [{\"i\": 0, \"class\": \"VALUE\", \"detail\": \"value at [0, 0, 1, 1]: eager 10 compiled 9\", \"repr\": \"SampleInput(input=tensor([[[[-6.7109,  5.7031,  0.7920,  2.8809],\\n          [-4.1016,  8.5234, -1.9736, -2.8906],\\n          [ 0.8120,  4.1602, -2.0449,  1.7256],\\n          [ 4.6406, -5.1719,  3.9570,  8.7188]],\\n\\n         [[ 0.9326, -7.2344, -7.9531,  1.5098],\\n          [-7.0508,  8.0312, -3.2930,  5\"}, {\"i\": 1, \"class\": \"VALUE\", \"detail\": \"value at [0, 1, 1]: eager 10 compiled 9\", \"repr\": \"SampleInput(input=tensor([[[-6.7109,  5.7031,  0.7920,  2.8809],\\n         [-4.1016,  8.5234, -1.9736, -2.8906],\\n         [ 0.8120,  4.1602, -2.0449,  1.7256],\\n         [ 4.6406, -5.1719,  3.9570,  8.7188]],\\n\\n        [[ 0.9326, -7.2344, -7.9531,  1.5098],\\n         [-7.0508,  8.0312, -3.2930,  5.9922]\"}], \"errors\": [], \"verdict\": \"DIFF:VALUE\"}\n"}
,{"stream_name":"stdout","time":1976.274361994,"data":"{\"op\": \"nn.functional.adaptive_max_pool2d\", \"dtype\": \"bfloat16\", \"samples\": 3, \"diffs\": [], \"errors\": [], \"verdict\": \"ok\"}\n"}
,{"stream_name":"stdout","time":1976.27439993,"data":"{\"op\": \"nn.functional.adaptive_max_pool3d\", \"dtype\": \"float32\", \"samples\": 3, \"diffs\": [], \"errors\": [], \"verdict\": \"ok\"}\n"}
,{"stream_name":"stdout","time":1976.274404223,"data":"{\"op\": \"nn.functional.adaptive_max_pool3d\", \"dtype\": \"float16\", \"samples\": 3, \"diffs\": [], \"errors\": [], \"verdict\": \"ok\"}\n"}
,{"stream_name":"stdout","time":1976.274408093,"data":"{\"op\": \"nn.functional.adaptive_max_pool3d\", \"dtype\": \"bfloat16\", \"samples\": 3, \"diffs\": [], \"errors\": [], \"verdict\": \"ok\"}\n"}
,{"stream_name":"stdout","time":1976.274412717,"data":"{\"op\": \"nn.functional.avg_pool1d\", \"dtype\": \"float32\", \"samples\": 3, \"diffs\": [], \"errors\": [], \"verdict\": \"ok\"}\n"}
,{"stream_name":"stdout","time":1976.274416825,"data":"{\"op\": \"nn.functional.avg_pool1d\", \"dtype\": \"float16\", \"samples\": 3, \"diffs\": [], \"errors\": [], \"verdict\": \"ok\"}\n"}
,{"stream_name":"stdout","time":1976.274420554,"data":"{\"op\": \"nn.functional.avg_pool1d\", \"dtype\": \"bfloat16\", \"samples\": 3, \"diffs\": [], \"errors\": [], \"verdict\": \"ok\"}\n"}
,{"stream_name":"stdout","time":1976.274424343,"data":"{\"op\": \"nn.functional.avg_pool3d\", \"dtype\": \"float32\", \"samples\": 3, \"diffs\": [], \"errors\": [], \"verdict\": \"ok\"}\n"}
,{"stream_name":"stdout","time":1976.274428028,"data":"{\"op\": \"nn.functional.avg_pool3d\", \"dtype\": \"float16\", \"samples\": 3, \"diffs\": [], \"errors\": [], \"verdict\": \"ok\"}\n"}
,{"stream_name":"stdout","time":1976.274432735,"data":"{\"op\": \"nn.functional.avg_pool3d\", \"dtype\": \"bfloat16\", \"samples\": 3, \"diffs\": [], \"errors\": [], \"verdict\": \"ok\"}\n"}
,{"stream_name":"stdout","time":1976.274436811,"data":"{\"op\": \"nn.functional.binary_cross_entropy_with_logits\", \"dtype\": \"float32\", \"samples\": 3, \"diffs\": [], \"errors\": [], \"verdict\": \"ok\"}\n"}
,{"stream_name":"stdout","time":1976.274441127,"data":"{\"op\": \"nn.functional.binary_cross_entropy_with_logits\", \"dtype\": \"float16\", \"samples\": 3, \"diffs\": [], \"errors\": [], \"verdict\": \"ok\"}\n"}
,{"stream_name":"stdout","time":1976.274445771,"data":"{\"op\": \"nn.functional.binary_cross_entropy_with_logits\", \"dtype\": \"bfloat16\", \"samples\": 3, \"diffs\": [], \"errors\": [], \"verdict\": \"ok\"}\n"}
,{"stream_name":"stdout","time":1976.27445057,"data":"{\"op\": \"nn.functional.conv_transpose1d\", \"dtype\": \"float32\", \"samples\": 3, \"diffs\": [], \"errors\": [], \"verdict\": \"ok\"}\n"}
,{"stream_name":"stdout","time":1976.274455644,"data":"{\"op\": \"nn.functional.conv_transpose1d\", \"dtype\": \"float16\", \"samples\": 3, \"diffs\": [], \"errors\": [], \"verdict\": \"ok\"}\n"}
,{"stream_name":"stdout","time":1976.274460009,"data":"{\"op\": \"nn.functional.conv_transpose1d\", \"dtype\": \"bfloat16\", \"samples\": 3, \"diffs\": [], \"errors\": [], \"verdict\": \"ok\"}\n"}
,{"stream_name":"stdout","time":1976.274463987,"data":"{\"op\": \"nn.functional.conv_transpose2d\", \"dtype\": \"float32\", \"samples\": 3, \"diffs\": [], \"errors\": [], \"verdict\": \"ok\"}\n"}
,{"stream_name":"stdout","time":1976.274468589,"data":"{\"op\": \"nn.functional.conv_transpose2d\", \"dtype\": \"float16\", \"samples\": 3, \"diffs\": [], \"errors\": [], \"verdict\": \"ok\"}\n"}
,{"stream_name":"stdout","time":1976.274478957,"data":"{\"op\": \"nn.functional.conv_transpose2d\", \"dtype\": \"bfloat16\", \"samples\": 3, \"diffs\": [], \"errors\": [], \"verdict\": \"ok\"}\n"}
,{"stream_name":"stdout","time":1976.274483258,"data":"{\"op\": \"nn.functional.conv_transpose3d\", \"dtype\": \"float32\", \"samples\": 3, \"diffs\": [], \"errors\": [], \"verdict\": \"ok\"}\n"}
,{"stream_name":"stdout","time":1976.274487177,"data":"{\"op\": \"nn.functional.conv_transpose3d\", \"dtype\": \"float16\", \"samples\": 3, \"diffs\": [], \"errors\": [], \"verdict\": \"ok\"}\n"}
,{"stream_name":"stdout","time":1976.274491748,"data":"{\"op\": \"nn.functional.conv_transpose3d\", \"dtype\": \"bfloat16\", \"samples\": 3, \"diffs\": [], \"errors\": [], \"verdict\": \"ok\"}\n"}
,{"stream_name":"stdout","time":1976.274496221,"data":"{\"op\": \"nn.functional.conv1d\", \"dtype\": \"float32\", \"samples\": 3, \"diffs\": [], \"errors\": [], \"verdict\": \"ok\"}\n"}
,{"stream_name":"stdout","time":1976.274500054,"data":"{\"op\": \"nn.functional.conv1d\", \"dtype\": \"float16\", \"samples\": 3, \"diffs\": [], \"errors\": [], \"verdict\": \"ok\"}\n"}
,{"stream_name":"stdout","time":1976.274504428,"data":"{\"op\": \"nn.functional.conv1d\", \"dtype\": \"bfloat16\", \"samples\": 3, \"diffs\": [], \"errors\": [], \"verdict\": \"ok\"}\n"}
,{"stream_name":"stdout","time":1976.274508474,"data":"{\"op\": \"nn.functional.conv2d\", \"dtype\": \"float32\", \"samples\": 3, \"diffs\": [], \"errors\": [], \"verdict\": \"ok\"}\n"}
,{"stream_name":"stdout","time":1976.274512465,"data":"{\"op\": \"nn.functional.conv2d\", \"dtype\": \"float16\", \"samples\": 3, \"diffs\": [], \"errors\": [], \"verdict\": \"ok\"}\n"}
,{"stream_name":"stdout","time":1976.274516447,"data":"{\"op\": \"nn.functional.conv2d\", \"dtype\": \"bfloat16\", \"samples\": 3, \"diffs\": [], \"errors\": [], \"verdict\": \"ok\"}\n"}
,{"stream_name":"stdout","time":1976.274520947,"data":"{\"op\": \"nn.functional.conv3d\", \"dtype\": \"float32\", \"samples\": 3, \"diffs\": [], \"errors\": [], \"verdict\": \"ok\"}\n"}
,{"stream_name":"stdout","time":1976.274524937,"data":"{\"op\": \"nn.functional.conv3d\", \"dtype\": \"float16\", \"samples\": 3, \"diffs\": [], \"errors\": [], \"verdict\": \"ok\"}\n"}
,{"stream_name":"stdout","time":1976.274530029,"data":"{\"op\": \"nn.functional.conv3d\", \"dtype\": \"bfloat16\", \"samples\": 3, \"diffs\": [], \"errors\": [], \"verdict\": \"ok\"}\n"}
,{"stream_name":"stdout","time":1976.274534864,"data":"{\"op\": \"nn.functional.group_norm\", \"dtype\": \"float32\", \"samples\": 3, \"diffs\": [], \"errors\": [], \"verdict\": \"ok\"}\n"}
,{"stream_name":"stdout","time":1976.274539021,"data":"{\"op\": \"nn.functional.group_norm\", \"dtype\": \"float16\", \"samples\": 3, \"diffs\": [], \"errors\": [], \"verdict\": \"ok\"}\n"}
,{"stream_name":"stdout","time":1976.274543264,"data":"{\"op\": \"nn.functional.group_norm\", \"dtype\": \"bfloat16\", \"samples\": 3, \"diffs\": [], \"errors\": [], \"verdict\": \"ok\"}\n"}
,{"stream_name":"stdout","time":1976.274547683,"data":"{\"op\": \"nn.functional.instance_norm\", \"dtype\": \"float32\", \"samples\": 3, \"diffs\": [{\"i\": 0, \"class\": \"SIGNZERO\", \"detail\": \"sign of zero\", \"repr\": \"SampleInput(input=tensor([[[-7.5478, -8.4496,  7.9123,  6.4738, -6.6951],\\n         [ 8.9031, -6.2514,  8.8990, -6.6426, -0.6195],\\n         [-0.8092,  1.3512, -8.9441, -5.7336, -2.6447],\\n         [ 6.3509,  8.9449, -7.0080, -2.1597,  6.2549],\\n         [-7.1545, -0.9337, -8.2476, -3.3299,  1.2360]],\\n\\n\"}, {\"i\": 1, \"class\": \"SIGNZERO\", \"detail\": \"sign of zero\", \"repr\": \"SampleInput(input=tensor([[[-7.5478, -8.4496,  7.9123,  6.4738, -6.6951],\\n         [ 8.9031, -6.2514,  8.8990, -6.6426, -0.6195],\\n         [-0.8092,  1.3512, -8.9441, -5.7336, -2.6447],\\n         [ 6.3509,  8.9449, -7.0080, -2.1597,  6.2549],\\n         [-7.1545, -0.9337, -8.2476, -3.3299,  1.2360]],\\n\\n\"}, {\"i\": 2, \"class\": \"SIGNZERO\", \"detail\": \"sign of zero\", \"repr\": \"SampleInput(input=tensor([[[-7.5478, -8.4496,  7.9123,  6.4738],\\n         [-6.6951,  8.9031, -6.2514,  8.8990]],\\n\\n        [[-6.6426, -0.6195, -0.8092,  1.3512],\\n         [-8.9441, -5.7336, -2.6447,  6.3509]],\\n\\n        [[ 8.9449, -7.0080, -2.1597,  6.2549],\\n         [-7.1545, -0.9337, -8.2476, -3.329\"}], \"errors\": [], \"verdict\": \"DIFF:SIGNZERO\"}\n"}
,{"stream_name":"stdout","time":1976.274561643,"data":"{\"op\": \"nn.functional.instance_norm\", \"dtype\": \"float16\", \"samples\": 3, \"diffs\": [], \"errors\": [], \"verdict\": \"ok\"}\n"}
,{"stream_name":"stdout","time":1976.274565405,"data":"{\"op\": \"nn.functional.instance_norm\", \"dtype\": \"bfloat16\", \"samples\": 3, \"diffs\": [], \"errors\": [], \"verdict\": \"ok\"}\n"}
,{"stream_name":"stdout","time":1976.274569162,"data":"{\"op\": \"nn.functional.layer_norm\", \"dtype\": \"float32\", \"samples\": 3, \"diffs\": [], \"errors\": [], \"verdict\": \"ok\"}\n"}
,{"stream_name":"stdout","time":1976.274573059,"data":"{\"op\": \"nn.functional.layer_norm\", \"dtype\": \"float16\", \"samples\": 3, \"diffs\": [], \"errors\": [], \"verdict\": \"ok\"}\n"}
,{"stream_name":"stdout","time":1976.274576863,"data":"{\"op\": \"nn.functional.layer_norm\", \"dtype\": \"bfloat16\", \"samples\": 3, \"diffs\": [], \"errors\": [], \"verdict\": \"ok\"}\n"}
,{"stream_name":"stdout","time":1976.27458108,"data":"{\"op\": \"nn.functional.rms_norm\", \"dtype\": \"float32\", \"samples\": 3, \"diffs\": [], \"errors\": [], \"verdict\": \"ok\"}\n"}
,{"stream_name":"stdout","time":1976.274585367,"data":"{\"op\": \"nn.functional.rms_norm\", \"dtype\": \"float16\", \"samples\": 3, \"diffs\": [], \"errors\": [], \"verdict\": \"ok\"}\n"}
,{"stream_name":"stdout","time":1976.274589846,"data":"{\"op\": \"nn.functional.rms_norm\", \"dtype\": \"bfloat16\", \"samples\": 3, \"diffs\": [], \"errors\": [], \"verdict\": \"ok\"}\n"}
,{"stream_name":"stdout","time":1976.27459448,"data":"{\"op\": \"nn.functional.local_response_norm\", \"dtype\": \"float32\", \"samples\": 3, \"diffs\": [], \"errors\": [], \"verdict\": \"ok\"}\n"}
,{"stream_name":"stdout","time":1976.274600177,"data":"{\"op\": \"nn.functional.local_response_norm\", \"dtype\": \"float16\", \"samples\": 3, \"diffs\": [], \"errors\": [], \"verdict\": \"ok\"}\n"}
,{"stream_name":"stdout","time":1976.274605254,"data":"{\"op\": \"nn.functional.local_response_norm\", \"dtype\": \"bfloat16\", \"samples\": 3, \"diffs\": [], \"errors\": [], \"verdict\": \"ok\"}\n"}
,{"stream_name":"stdout","time":1976.274609295,"data":"{\"op\": \"constant_pad_nd\", \"dtype\": \"float32\", \"samples\": 3, \"diffs\": [], \"errors\": [], \"verdict\": \"ok\"}\n"}
,{"stream_name":"stdout","time":1976.274614032,"data":"{\"op\": \"constant_pad_nd\", \"dtype\": \"float16\", \"samples\": 3, \"diffs\": [], \"errors\": [], \"verdict\": \"ok\"}\n"}
,{"stream_name":"stdout","time":1976.274618291,"data":"{\"op\": \"constant_pad_nd\", \"dtype\": \"bfloat16\", \"samples\": 3, \"diffs\": [], \"errors\": [], \"verdict\": \"ok\"}\n"}
,{"stream_name":"stdout","time":1976.274622737,"data":"{\"op\": \"constant_pad_nd\", \"dtype\": \"int8\", \"samples\": 3, \"diffs\": [], \"errors\": [], \"verdict\": \"ok\"}\n"}
,{"stream_name":"stdout","time":1976.274627332,"data":"{\"op\": \"constant_pad_nd\", \"dtype\": \"uint8\", \"samples\": 3, \"diffs\": [], \"errors\": [], \"verdict\": \"ok\"}\n"}
,{"stream_name":"stdout","time":1976.274631198,"data":"{\"op\": \"constant_pad_nd\", \"dtype\": \"int16\", \"samples\": 3, \"diffs\": [], \"errors\": [], \"verdict\": \"ok\"}\n"}
,{"stream_name":"stdout","time":1976.274635265,"data":"{\"op\": \"constant_pad_nd\", \"dtype\": \"int32\", \"samples\": 3, \"diffs\": [], \"errors\": [], \"verdict\": \"ok\"}\n"}
,{"stream_name":"stdout","time":1976.274642228,"data":"{\"op\": \"constant_pad_nd\", \"dtype\": \"bool\", \"samples\": 3, \"diffs\": [], \"errors\": [], \"verdict\": \"ok\"}\n"}
,{"stream_name":"stdout","time":1976.274646453,"data":"{\"op\": \"nn.functional.pad\", \"dtype\": \"float32\", \"samples\": 3, \"diffs\": [], \"errors\": [], \"verdict\": \"ok\"}\n"}
,{"stream_name":"stdout","time":1976.274650892,"data":"{\"op\": \"nn.functional.pad\", \"dtype\": \"float16\", \"samples\": 3, \"diffs\": [], \"errors\": [], \"verdict\": \"ok\"}\n"}
,{"stream_name":"stdout","time":1976.274655389,"data":"{\"op\": \"nn.functional.pad\", \"dtype\": \"bfloat16\", \"samples\": 3, \"diffs\": [], \"errors\": [], \"verdict\": \"ok\"}\n"}
,{"stream_name":"stdout","time":1976.274659397,"data":"{\"op\": \"nn.functional.pad\", \"dtype\": \"int8\", \"samples\": 3, \"diffs\": [], \"errors\": [], \"verdict\": \"ok\"}\n"}
,{"stream_name":"stdout","time":1976.274663043,"data":"{\"op\": \"nn.functional.pad\", \"dtype\": \"uint8\", \"samples\": 3, \"diffs\": [], \"errors\": [], \"verdict\": \"ok\"}\n"}
,{"stream_name":"stdout","time":1976.274667085,"data":"{\"op\": \"nn.functional.pad\", \"dtype\": \"int16\", \"samples\": 3, \"diffs\": [], \"errors\": [], \"verdict\": \"ok\"}\n"}
,{"stream_name":"stdout","time":1976.274670913,"data":"{\"op\": \"nn.functional.pad\", \"dtype\": \"int32\", \"samples\": 3, \"diffs\": [], \"errors\": [], \"verdict\": \"ok\"}\n"}
,{"stream_name":"stdout","time":1976.274675126,"data":"{\"op\": \"nn.functional.pad\", \"dtype\": \"bool\", \"samples\": 3, \"diffs\": [], \"errors\": [], \"verdict\": \"ok\"}\n"}
,{"stream_name":"stdout","time":1976.274679491,"data":"{\"op\": \"nn.functional.pad\", \"dtype\": \"float32\", \"samples\": 3, \"diffs\": [], \"errors\": [], \"verdict\": \"ok\"}\n"}
,{"stream_name":"stdout","time":1976.274684229,"data":"{\"op\": \"nn.functional.pad\", \"dtype\": \"float16\", \"samples\": 3, \"diffs\": [], \"errors\": [], \"verdict\": \"ok\"}\n"}
,{"stream_name":"stdout","time":1976.27468825,"data":"{\"op\": \"nn.functional.pad\", \"dtype\": \"bfloat16\", \"samples\": 3, \"diffs\": [], \"errors\": [], \"verdict\": \"ok\"}\n"}
,{"stream_name":"stdout","time":1976.27469206,"data":"{\"op\": \"nn.functional.pad\", \"dtype\": \"int8\", \"samples\": 3, \"diffs\": [], \"errors\": [], \"verdict\": \"ok\"}\n"}
,{"stream_name":"stdout","time":1976.274698015,"data":"{\"op\": \"nn.functional.pad\", \"dtype\": \"uint8\", \"samples\": 3, \"diffs\": [], \"errors\": [], \"verdict\": \"ok\"}\n"}
,{"stream_name":"stdout","time":1976.274702093,"data":"{\"op\": \"nn.functional.pad\", \"dtype\": \"int16\", \"samples\": 3, \"diffs\": [], \"errors\": [], \"verdict\": \"ok\"}\n"}
,{"stream_name":"stdout","time":1976.274706639,"data":"{\"op\": \"nn.functional.pad\", \"dtype\": \"int32\", \"samples\": 3, \"diffs\": [], \"errors\": [], \"verdict\": \"ok\"}\n"}
,{"stream_name":"stdout","time":1976.274711487,"data":"{\"op\": \"nn.functional.pad\", \"dtype\": \"float32\", \"samples\": 3, \"diffs\": [], \"errors\": [], \"verdict\": \"ok\"}\n"}
,{"stream_name":"stdout","time":1976.274715258,"data":"{\"op\": \"nn.functional.pad\", \"dtype\": \"float16\", \"samples\": 3, \"diffs\": [], \"errors\": [], \"verdict\": \"ok\"}\n"}
,{"stream_name":"stdout","time":1976.274719329,"data":"{\"op\": \"nn.functional.pad\", \"dtype\": \"bfloat16\", \"samples\": 3, \"diffs\": [], \"errors\": [], \"verdict\": \"ok\"}\n"}
,{"stream_name":"stdout","time":1976.274723572,"data":"{\"op\": \"nn.functional.pad\", \"dtype\": \"int8\", \"samples\": 3, \"diffs\": [], \"errors\": [], \"verdict\": \"ok\"}\n"}
,{"stream_name":"stdout","time":1976.274727713,"data":"{\"op\": \"nn.functional.pad\", \"dtype\": \"uint8\", \"samples\": 3, \"diffs\": [], \"errors\": [], \"verdict\": \"ok\"}\n"}
,{"stream_name":"stdout","time":1976.274735431,"data":"{\"op\": \"nn.functional.pad\", \"dtype\": \"int16\", \"samples\": 3, \"diffs\": [], \"errors\": [], \"verdict\": \"ok\"}\n"}
,{"stream_name":"stdout","time":1976.274739421,"data":"{\"op\": \"nn.functional.pad\", \"dtype\": \"int32\", \"samples\": 3, \"diffs\": [], \"errors\": [], \"verdict\": \"ok\"}\n"}
,{"stream_name":"stdout","time":1976.274744147,"data":"{\"op\": \"nn.functional.pad\", \"dtype\": \"float32\", \"samples\": 3, \"diffs\": [], \"errors\": [], \"verdict\": \"ok\"}\n"}
,{"stream_name":"stdout","time":1976.27474787,"data":"{\"op\": \"nn.functional.pad\", \"dtype\": \"float16\", \"samples\": 3, \"diffs\": [], \"errors\": [], \"verdict\": \"ok\"}\n"}
,{"stream_name":"stdout","time":1976.274752471,"data":"{\"op\": \"nn.functional.pad\", \"dtype\": \"bfloat16\", \"samples\": 3, \"diffs\": [], \"errors\": [], \"verdict\": \"ok\"}\n"}
,{"stream_name":"stdout","time":1976.274756882,"data":"{\"op\": \"nn.functional.pad\", \"dtype\": \"int8\", \"samples\": 3, \"diffs\": [], \"errors\": [], \"verdict\": \"ok\"}\n"}
,{"stream_name":"stdout","time":1976.274760905,"data":"{\"op\": \"nn.functional.pad\", \"dtype\": \"uint8\", \"samples\": 3, \"diffs\": [], \"errors\": [], \"verdict\": \"ok\"}\n"}
,{"stream_name":"stdout","time":1976.274765483,"data":"{\"op\": \"nn.functional.pad\", \"dtype\": \"int16\", \"samples\": 3, \"diffs\": [], \"errors\": [], \"verdict\": \"ok\"}\n"}
,{"stream_name":"stdout","time":1976.274769433,"data":"{\"op\": \"nn.functional.pad\", \"dtype\": \"int32\", \"samples\": 3, \"diffs\": [], \"errors\": [], \"verdict\": \"ok\"}\n"}
,{"stream_name":"stdout","time":1976.274773773,"data":"{\"op\": \"nn.functional.pad\", \"dtype\": \"float32\", \"samples\": 3, \"diffs\": [], \"errors\": [], \"verdict\": \"ok\"}\n"}
,{"stream_name":"stdout","time":1976.27477815,"data":"{\"op\": \"nn.functional.pad\", \"dtype\": \"float16\", \"samples\": 3, \"diffs\": [], \"errors\": [], \"verdict\": \"ok\"}\n"}
,{"stream_name":"stdout","time":1976.274782819,"data":"{\"op\": \"nn.functional.pad\", \"dtype\": \"bfloat16\", \"samples\": 3, \"diffs\": [], \"errors\": [], \"verdict\": \"ok\"}\n"}
,{"stream_name":"stdout","time":1976.274788003,"data":"{\"op\": \"nn.functional.pad\", \"dtype\": \"int8\", \"samples\": 3, \"diffs\": [], \"errors\": [], \"verdict\": \"ok\"}\n"}
,{"stream_name":"stdout","time":1976.274792316,"data":"{\"op\": \"nn.functional.pad\", \"dtype\": \"uint8\", \"samples\": 3, \"diffs\": [], \"errors\": [], \"verdict\": \"ok\"}\n"}
,{"stream_name":"stdout","time":1976.274796746,"data":"{\"op\": \"nn.functional.pad\", \"dtype\": \"int16\", \"samples\": 3, \"diffs\": [], \"errors\": [], \"verdict\": \"ok\"}\n"}
,{"stream_name":"stdout","time":1976.274800685,"data":"{\"op\": \"nn.functional.pad\", \"dtype\": \"int32\", \"samples\": 3, \"diffs\": [], \"errors\": [], \"verdict\": \"ok\"}\n"}
,{"stream_name":"stdout","time":1976.274805137,"data":"{\"op\": \"nn.functional.pad\", \"dtype\": \"bool\", \"samples\": 2, \"diffs\": [], \"errors\": [], \"verdict\": \"ok\"}\n"}
,{"stream_name":"stdout","time":1976.274809465,"data":"{\"op\": \"nn.functional.hardswish\", \"dtype\": \"float32\", \"samples\": 3, \"diffs\": [], \"errors\": [], \"verdict\": \"ok\"}\n"}
,{"stream_name":"stdout","time":1976.274813395,"data":"{\"op\": \"nn.functional.hardswish\", \"dtype\": \"float16\", \"samples\": 3, \"diffs\": [], \"errors\": [], \"verdict\": \"ok\"}\n"}
,{"stream_name":"stdout","time":1976.274817559,"data":"{\"op\": \"nn.functional.hardswish\", \"dtype\": \"bfloat16\", \"samples\": 3, \"diffs\": [], \"errors\": [], \"verdict\": \"ok\"}\n"}
,{"stream_name":"stdout","time":1976.274821337,"data":"{\"op\": \"nn.functional.unfold\", \"dtype\": \"float32\", \"samples\": 3, \"diffs\": [], \"errors\": [], \"verdict\": \"ok\"}\n"}
,{"stream_name":"stdout","time":1976.274829783,"data":"{\"op\": \"nn.functional.unfold\", \"dtype\": \"float16\", \"samples\": 3, \"diffs\": [], \"errors\": [], \"verdict\": \"ok\"}\n"}
,{"stream_name":"stdout","time":1976.274834319,"data":"{\"op\": \"nn.functional.unfold\", \"dtype\": \"bfloat16\", \"samples\": 3, \"diffs\": [], \"errors\": [], \"verdict\": \"ok\"}\n"}
,{"stream_name":"stdout","time":1976.27483896,"data":"{\"op\": \"nn.functional.unfold\", \"dtype\": \"bool\", \"samples\": 3, \"diffs\": [], \"errors\": [], \"verdict\": \"ok\"}\n"}
,{"stream_name":"stdout","time":1976.274843386,"data":"{\"op\": \"_upsample_bilinear2d_aa\", \"dtype\": \"float32\", \"samples\": 3, \"diffs\": [], \"errors\": [], \"verdict\": \"ok\"}\n"}
,{"stream_name":"stdout","time":1976.274847147,"data":"{\"op\": \"_upsample_bilinear2d_aa\", \"dtype\": \"float16\", \"samples\": 3, \"diffs\": [], \"errors\": [], \"verdict\": \"ok\"}\n"}
,{"stream_name":"stdout","time":1976.274851281,"data":"{\"op\": \"_upsample_bilinear2d_aa\", \"dtype\": \"bfloat16\", \"samples\": 3, \"diffs\": [], \"errors\": [], \"verdict\": \"ok\"}\n"}
,{"stream_name":"stdout","time":1976.274856051,"data":"{\"op\": \"nn.functional.soft_margin_loss\", \"dtype\": \"float32\", \"samples\": 3, \"diffs\": [], \"errors\": [], \"verdict\": \"ok\"}\n"}
,{"stream_name":"stdout","time":1976.274860912,"data":"{\"op\": \"nn.functional.soft_margin_loss\", \"dtype\": \"float16\", \"samples\": 3, \"diffs\": [], \"errors\": [], \"verdict\": \"ok\"}\n"}
,{"stream_name":"stdout","time":1976.274865058,"data":"{\"op\": \"nn.functional.soft_margin_loss\", \"dtype\": \"bfloat16\", \"samples\": 3, \"diffs\": [], \"errors\": [], \"verdict\": \"ok\"}\n"}
,{"stream_name":"stdout","time":1976.274869879,"data":"{\"op\": \"nn.functional.margin_ranking_loss\", \"dtype\": \"float32\", \"samples\": 3, \"diffs\": [], \"errors\": [], \"verdict\": \"ok\"}\n"}
,{"stream_name":"stdout","time":1976.274874303,"data":"{\"op\": \"nn.functional.margin_ranking_loss\", \"dtype\": \"float16\", \"samples\": 3, \"diffs\": [], \"errors\": [], \"verdict\": \"ok\"}\n"}
,{"stream_name":"stdout","time":1976.274878773,"data":"{\"op\": \"nn.functional.margin_ranking_loss\", \"dtype\": \"bfloat16\", \"samples\": 3, \"diffs\": [], \"errors\": [], \"verdict\": \"ok\"}\n"}
,{"stream_name":"stdout","time":1976.274882745,"data":"{\"op\": \"nn.functional.margin_ranking_loss\", \"dtype\": \"int8\", \"samples\": 3, \"diffs\": [], \"errors\": [], \"verdict\": \"ok\"}\n"}
,{"stream_name":"stdout","time":1976.274887541,"data":"{\"op\": \"nn.functional.margin_ranking_loss\", \"dtype\": \"uint8\", \"samples\": 3, \"diffs\": [], \"errors\": [], \"verdict\": \"ok\"}\n"}
,{"stream_name":"stdout","time":1976.274892145,"data":"{\"op\": \"nn.functional.margin_ranking_loss\", \"dtype\": \"int16\", \"samples\": 3, \"diffs\": [], \"errors\": [], \"verdict\": \"ok\"}\n"}
,{"stream_name":"stdout","time":1976.274896155,"data":"{\"op\": \"nn.functional.margin_ranking_loss\", \"dtype\": \"int32\", \"samples\": 3, \"diffs\": [], \"errors\": [], \"verdict\": \"ok\"}\n"}
,{"stream_name":"stdout","time":1976.274900915,"data":"{\"op\": \"nn.functional.multi_margin_loss\", \"dtype\": \"float32\", \"samples\": 3, \"diffs\": [], \"errors\": [], \"verdict\": \"ok\"}\n"}
,{"stream_name":"stdout","time":1976.274904659,"data":"{\"op\": \"nn.functional.multi_margin_loss\", \"dtype\": \"float16\", \"samples\": 3, \"diffs\": [], \"errors\": [], \"verdict\": \"ok\"}\n"}
,{"stream_name":"stdout","time":1976.274908604,"data":"{\"op\": \"nn.functional.multi_margin_loss\", \"dtype\": \"bfloat16\", \"samples\": 3, \"diffs\": [], \"errors\": [], \"verdict\": \"ok\"}\n"}
,{"stream_name":"stdout","time":1976.274912978,"data":"{\"op\": \"nn.functional.multilabel_margin_loss\", \"dtype\": \"float32\", \"samples\": 3, \"diffs\": [{\"i\": 2, \"class\": \"VALUE\", \"detail\": \"nan pattern at []: eager inf compiled nan\", \"repr\": \"SampleInput(input=tensor([[-6.7103,  5.7013,  0.7920,  2.8814, -4.1030],\\n        [ 8.5261, -1.9740, -2.8899,  0.8122,  4.1615],\\n        [-2.0441,  1.7259,  4.6410, -5.1733,  3.9563],\\n        [ 8.7209,  0.9328, -7.2351, -7.9526,  1.5101],\\n        [-7.0509,  8.0298, -3.2934,  5.9912,  3.0169],\\n       \"}], \"errors\": [], \"verdict\": \"DIFF:VALUE\"}\n"}
,{"stream_name":"stdout","time":1976.274924089,"data":"{\"op\": \"nn.functional.multilabel_margin_loss\", \"dtype\": \"float16\", \"samples\": 3, \"diffs\": [{\"i\": 2, \"class\": \"VALUE\", \"detail\": \"nan pattern at []: eager inf compiled nan\", \"repr\": \"SampleInput(input=tensor([[-6.7109,  5.7031,  0.7920,  2.8809, -4.1016],\\n        [ 8.5234, -1.9736, -2.8906,  0.8120,  4.1602],\\n        [-2.0449,  1.7256,  4.6406, -5.1719,  3.9570],\\n        [ 8.7188,  0.9326, -7.2344, -7.9531,  1.5098],\\n        [-7.0508,  8.0312, -3.2930,  5.9922,  3.0176],\\n       \"}], \"errors\": [], \"verdict\": \"DIFF:VALUE\"}\n"}
,{"stream_name":"stdout","time":1976.2749577,"data":"{\"op\": \"nn.functional.multilabel_margin_loss\", \"dtype\": \"bfloat16\", \"samples\": 3, \"diffs\": [], \"errors\": [], \"verdict\": \"ok\"}\n"}
,{"stream_name":"stdout","time":1976.274963053,"data":"{\"op\": \"nn.functional.multilabel_soft_margin_loss\", \"dtype\": \"float32\", \"samples\": 3, \"diffs\": [], \"errors\": [], \"verdict\": \"ok\"}\n"}
,{"stream_name":"stdout","time":1976.274968224,"data":"{\"op\": \"nn.functional.multilabel_soft_margin_loss\", \"dtype\": \"float16\", \"samples\": 3, \"diffs\": [], \"errors\": [], \"verdict\": \"ok\"}\n"}
,{"stream_name":"stdout","time":1976.274972728,"data":"{\"op\": \"nn.functional.multilabel_soft_margin_loss\", \"dtype\": \"bfloat16\", \"samples\": 3, \"diffs\": [], \"errors\": [], \"verdict\": \"ok\"}\n"}
,{"stream_name":"stdout","time":1976.274977405,"data":"{\"op\": \"nn.functional.avg_pool2d\", \"dtype\": \"float32\", \"samples\": 3, \"diffs\": [], \"errors\": [], \"verdict\": \"ok\"}\n"}
,{"stream_name":"stdout","time":1976.274981624,"data":"{\"op\": \"nn.functional.avg_pool2d\", \"dtype\": \"float16\", \"samples\": 3, \"diffs\": [], \"errors\": [], \"verdict\": \"ok\"}\n"}
,{"stream_name":"stdout","time":1976.274986276,"data":"{\"op\": \"nn.functional.avg_pool2d\", \"dtype\": \"bfloat16\", \"samples\": 3, \"diffs\": [], \"errors\": [], \"verdict\": \"ok\"}\n"}
,{"stream_name":"stdout","time":1976.274990599,"data":"{\"op\": \"nn.functional.max_pool1d\", \"dtype\": \"float32\", \"samples\": 3, \"diffs\": [], \"errors\": [], \"verdict\": \"ok\"}\n"}
,{"stream_name":"stdout","time":1976.274995129,"data":"{\"op\": \"nn.functional.max_pool1d\", \"dtype\": \"float16\", \"samples\": 3, \"diffs\": [], \"errors\": [], \"verdict\": \"ok\"}\n"}
,{"stream_name":"stdout","time":1976.274998965,"data":"{\"op\": \"nn.functional.max_pool1d\", \"dtype\": \"bfloat16\", \"samples\": 3, \"diffs\": [], \"errors\": [], \"verdict\": \"ok\"}\n"}
,{"stream_name":"stdout","time":1976.275003273,"data":"{\"op\": \"nn.functional.max_pool2d\", \"dtype\": \"float32\", \"samples\": 3, \"diffs\": [], \"errors\": [], \"verdict\": \"ok\"}\n"}
,{"stream_name":"stdout","time":1976.275007935,"data":"{\"op\": \"nn.functional.max_pool2d\", \"dtype\": \"float16\", \"samples\": 3, \"diffs\": [], \"errors\": [], \"verdict\": \"ok\"}\n"}
,{"stream_name":"stdout","time":1976.275012698,"data":"{\"op\": \"nn.functional.max_pool2d\", \"dtype\": \"bfloat16\", \"samples\": 3, \"diffs\": [], \"errors\": [], \"verdict\": \"ok\"}\n"}
,{"stream_name":"stdout","time":1976.275016922,"data":"{\"op\": \"max_pool2d_with_indices_backward\", \"dtype\": \"float32\", \"samples\": 3, \"diffs\": [], \"errors\": [], \"verdict\": \"ok\"}\n"}
,{"stream_name":"stdout","time":1976.275021572,"data":"{\"op\": \"max_pool2d_with_indices_backward\", \"dtype\": \"float16\", \"samples\": 3, \"diffs\": [], \"errors\": [], \"verdict\": \"ok\"}\n"}
,{"stream_name":"stdout","time":1976.275029719,"data":"{\"op\": \"max_pool2d_with_indices_backward\", \"dtype\": \"bfloat16\", \"samples\": 3, \"diffs\": [], \"errors\": [], \"verdict\": \"ok\"}\n"}
,{"stream_name":"stdout","time":1976.275034575,"data":"{\"op\": \"nn.functional.max_pool3d\", \"dtype\": \"float32\", \"samples\": 3, \"diffs\": [{\"i\": 0, \"class\": \"VALUE\", \"detail\": \"value at [0, 0, 0, 0, 0]: eager 66 compiled 10\", \"repr\": \"SampleInput(input=tensor([[[[[-6.7103,  5.7013,  0.7920,  2.8814, -4.1030],\\n           [ 8.5261, -1.9740, -2.8899,  0.8122,  4.1615],\\n           [-2.0441,  1.7259,  4.6410, -5.1733,  3.9563],\\n           [ 8.7209,  0.9328, -7.2351, -7.9526,  1.5101],\\n           [-7.0509,  8.0298, -3.2934,  5.9912,  3\"}, {\"i\": 2, \"class\": \"VALUE\", \"detail\": \"value at [0, 1, 0, 0, 0]: eager 60 compiled 32\", \"repr\": \"SampleInput(input=tensor([[[[[-6.7103,  5.7013,  0.7920,  2.8814, -4.1030],\\n           [ 8.5261, -1.9740, -2.8899,  0.8122,  4.1615],\\n           [-2.0441,  1.7259,  4.6410, -5.1733,  3.9563],\\n           [ 8.7209,  0.9328, -7.2351, -7.9526,  1.5101],\\n           [-7.0509,  8.0298, -3.2934,  5.9912,  3\"}], \"errors\": [], \"verdict\": \"DIFF:VALUE\"}\n"}
,{"stream_name":"stdout","time":1976.275043099,"data":"{\"op\": \"nn.functional.max_pool3d\", \"dtype\": \"float16\", \"samples\": 3, \"diffs\": [{\"i\": 0, \"class\": \"VALUE\", \"detail\": \"value at [0, 0, 0, 0, 0]: eager 66 compiled 10\", \"repr\": \"SampleInput(input=tensor([[[[[-6.7109,  5.7031,  0.7920,  2.8809, -4.1016],\\n           [ 8.5234, -1.9736, -2.8906,  0.8120,  4.1602],\\n           [-2.0449,  1.7256,  4.6406, -5.1719,  3.9570],\\n           [ 8.7188,  0.9326, -7.2344, -7.9531,  1.5098],\\n           [-7.0508,  8.0312, -3.2930,  5.9922,  3\"}, {\"i\": 2, \"class\": \"VALUE\", \"detail\": \"value at [0, 1, 0, 0, 0]: eager 60 compiled 32\", \"repr\": \"SampleInput(input=tensor([[[[[-6.7109,  5.7031,  0.7920,  2.8809, -4.1016],\\n           [ 8.5234, -1.9736, -2.8906,  0.8120,  4.1602],\\n           [-2.0449,  1.7256,  4.6406, -5.1719,  3.9570],\\n           [ 8.7188,  0.9326, -7.2344, -7.9531,  1.5098],\\n           [-7.0508,  8.0312, -3.2930,  5.9922,  3\"}], \"errors\": [], \"verdict\": \"DIFF:VALUE\"}\n"}
,{"stream_name":"stdout","time":1976.275051099,"data":"{\"op\": \"nn.functional.max_pool3d\", \"dtype\": \"bfloat16\", \"samples\": 3, \"diffs\": [], \"errors\": [], \"verdict\": \"ok\"}\n"}
,{"stream_name":"stdout","time":1976.275055038,"data":"{\"op\": \"nn.functional.linear\", \"dtype\": \"float32\", \"samples\": 3, \"diffs\": [], \"errors\": [], \"verdict\": \"ok\"}\n"}
,{"stream_name":"stdout","time":1976.27506026,"data":"{\"op\": \"nn.functional.linear\", \"dtype\": \"float16\", \"samples\": 3, \"diffs\": [], \"errors\": [], \"verdict\": \"ok\"}\n"}
,{"stream_name":"stdout","time":1976.275064483,"data":"{\"op\": \"nn.functional.linear\", \"dtype\": \"bfloat16\", \"samples\": 3, \"diffs\": [], \"errors\": [], \"verdict\": \"ok\"}\n"}
,{"stream_name":"stdout","time":1976.275068289,"data":"{\"op\": \"nn.functional.bilinear\", \"dtype\": \"float32\", \"samples\": 3, \"diffs\": [], \"errors\": [], \"verdict\": \"ok\"}\n"}
,{"stream_name":"stdout","time":1976.275072625,"data":"{\"op\": \"nn.functional.bilinear\", \"dtype\": \"float16\", \"samples\": 3, \"diffs\": [], \"errors\": [], \"verdict\": \"ok\"}\n"}
,{"stream_name":"stdout","time":1976.275076761,"data":"{\"op\": \"nn.functional.bilinear\", \"dtype\": \"bfloat16\", \"samples\": 3, \"diffs\": [], \"errors\": [], \"verdict\": \"ok\"}\n"}
,{"stream_name":"stdout","time":1976.275080945,"data":"{\"op\": \"torch.ops.aten._safe_softmax.default\", \"dtype\": \"float32\", \"samples\": 3, \"diffs\": [], \"errors\": [], \"verdict\": \"ok\"}\n"}
,{"stream_name":"stdout","time":1976.275096187,"data":"{\"op\": \"torch.ops.aten._safe_softmax.default\", \"dtype\": \"float16\", \"samples\": 3, \"diffs\": [], \"errors\": [], \"verdict\": \"ok\"}\n"}
,{"stream_name":"stdout","time":1976.275100757,"data":"{\"op\": \"torch.ops.aten._safe_softmax.default\", \"dtype\": \"bfloat16\", \"samples\": 3, \"diffs\": [], \"errors\": [], \"verdict\": \"ok\"}\n"}
,{"stream_name":"stdout","time":1976.275105233,"data":"{\"op\": \"torch.ops.aten._safe_softmax.default\", \"dtype\": \"int8\", \"samples\": 3, \"diffs\": [], \"errors\": [], \"verdict\": \"ok\"}\n"}
,{"stream_name":"stdout","time":1976.275109315,"data":"{\"op\": \"torch.ops.aten._safe_softmax.default\", \"dtype\": \"uint8\", \"samples\": 3, \"diffs\": [], \"errors\": [], \"verdict\": \"ok\"}\n"}
,{"stream_name":"stdout","time":1976.275113162,"data":"{\"op\": \"torch.ops.aten._safe_softmax.default\", \"dtype\": \"int16\", \"samples\": 3, \"diffs\": [], \"errors\": [], \"verdict\": \"ok\"}\n"}
,{"stream_name":"stdout","time":1976.275117377,"data":"{\"op\": \"torch.ops.aten._safe_softmax.default\", \"dtype\": \"int32\", \"samples\": 3, \"diffs\": [], \"errors\": [], \"verdict\": \"ok\"}\n"}
,{"stream_name":"stdout","time":1976.275121419,"data":"{\"op\": \"torch.ops.aten._safe_softmax.default\", \"dtype\": \"bool\", \"samples\": 3, \"diffs\": [], \"errors\": [], \"verdict\": \"ok\"}\n"}
,{"stream_name":"stdout","time":1976.275125678,"data":"{\"op\": \"nn.functional.scaled_dot_product_attention\", \"dtype\": \"float32\", \"samples\": 3, \"diffs\": [], \"errors\": [], \"verdict\": \"ok\"}\n"}
,{"stream_name":"stdout","time":1976.275129651,"data":"{\"op\": \"nn.functional.scaled_dot_product_attention\", \"dtype\": \"float16\", \"samples\": 3, \"diffs\": [], \"errors\": [], \"verdict\": \"ok\"}\n"}
,{"stream_name":"stdout","time":1976.275133993,"data":"{\"op\": \"nn.functional.scaled_dot_product_attention\", \"dtype\": \"bfloat16\", \"samples\": 3, \"diffs\": [], \"errors\": [], \"verdict\": \"ok\"}\n"}
,{"stream_name":"stdout","time":1976.275138599,"data":"{\"op\": \"torch.ops.aten._flash_attention_forward\", \"dtype\": \"float16\", \"samples\": 3, \"diffs\": [], \"errors\": [], \"verdict\": \"ok\"}\n"}
,{"stream_name":"stdout","time":1976.275142564,"data":"{\"op\": \"torch.ops.aten._scaled_dot_product_flash_attention_for_cpu\", \"dtype\": \"float32\", \"samples\": 3, \"diffs\": [], \"errors\": [], \"verdict\": \"ok\"}\n"}
,{"stream_name":"stdout","time":1976.275146541,"data":"{\"op\": \"torch.ops.aten._scaled_dot_product_flash_attention_for_cpu\", \"dtype\": \"float16\", \"samples\": 3, \"diffs\": [], \"errors\": [], \"verdict\": \"ok\"}\n"}
,{"stream_name":"stdout","time":1976.275151097,"data":"{\"op\": \"torch.ops.aten._scaled_dot_product_flash_attention_for_cpu\", \"dtype\": \"bfloat16\", \"samples\": 3, \"diffs\": [], \"errors\": [], \"verdict\": \"ok\"}\n"}
,{"stream_name":"stdout","time":1976.275155692,"data":"{\"op\": \"torch.ops.aten._efficient_attention_forward\", \"dtype\": \"float32\", \"samples\": 3, \"diffs\": [], \"errors\": [], \"verdict\": \"ok\"}\n"}
,{"stream_name":"stdout","time":1976.275159619,"data":"{\"op\": \"torch.ops.aten._efficient_attention_forward\", \"dtype\": \"float16\", \"samples\": 3, \"diffs\": [], \"errors\": [], \"verdict\": \"ok\"}\n"}
,{"stream_name":"stdout","time":1976.275163745,"data":"{\"op\": \"nn.functional.hardsigmoid\", \"dtype\": \"float32\", \"samples\": 3, \"diffs\": [], \"errors\": [], \"verdict\": \"ok\"}\n"}
,{"stream_name":"stdout","time":1976.275167703,"data":"{\"op\": \"nn.functional.hardsigmoid\", \"dtype\": \"float16\", \"samples\": 3, \"diffs\": [], \"errors\": [], \"verdict\": \"ok\"}\n"}
,{"stream_name":"stdout","time":1976.275171972,"data":"{\"op\": \"nn.functional.hardsigmoid\", \"dtype\": \"bfloat16\", \"samples\": 3, \"diffs\": [], \"errors\": [], \"verdict\": \"ok\"}\n"}
,{"stream_name":"stdout","time":1976.275179338,"data":"{\"op\": \"nn.functional.logsigmoid\", \"dtype\": \"float32\", \"samples\": 3, \"diffs\": [], \"errors\": [], \"verdict\": \"ok\"}\n"}
,{"stream_name":"stdout","time":1976.275183357,"data":"{\"op\": \"nn.functional.logsigmoid\", \"dtype\": \"float16\", \"samples\": 3, \"diffs\": [], \"errors\": [], \"verdict\": \"ok\"}\n"}
,{"stream_name":"stdout","time":1976.275187347,"data":"{\"op\": \"nn.functional.logsigmoid\", \"dtype\": \"bfloat16\", \"samples\": 3, \"diffs\": [], \"errors\": [], \"verdict\": \"ok\"}\n"}
,{"stream_name":"stdout","time":1976.275191787,"data":"{\"op\": \"nn.functional.mish\", \"dtype\": \"float32\", \"samples\": 3, \"diffs\": [], \"errors\": [], \"verdict\": \"ok\"}\n"}
,{"stream_name":"stdout","time":1976.275196661,"data":"{\"op\": \"nn.functional.mish\", \"dtype\": \"float16\", \"samples\": 3, \"diffs\": [], \"errors\": [], \"verdict\": \"ok\"}\n"}
,{"stream_name":"stdout","time":1976.275200684,"data":"{\"op\": \"nn.functional.mish\", \"dtype\": \"bfloat16\", \"samples\": 3, \"diffs\": [], \"errors\": [], \"verdict\": \"ok\"}\n"}
,{"stream_name":"stdout","time":1976.275205181,"data":"{\"op\": \"nn.functional.softsign\", \"dtype\": \"float32\", \"samples\": 3, \"diffs\": [], \"errors\": [], \"verdict\": \"ok\"}\n"}
,{"stream_name":"stdout","time":1976.275209843,"data":"{\"op\": \"nn.functional.softsign\", \"dtype\": \"float16\", \"samples\": 3, \"diffs\": [], \"errors\": [], \"verdict\": \"ok\"}\n"}
,{"stream_name":"stdout","time":1976.275213934,"data":"{\"op\": \"nn.functional.softsign\", \"dtype\": \"bfloat16\", \"samples\": 3, \"diffs\": [], \"errors\": [], \"verdict\": \"ok\"}\n"}
,{"stream_name":"stdout","time":1976.275218381,"data":"{\"op\": \"nn.functional.softsign\", \"dtype\": \"int8\", \"samples\": 3, \"diffs\": [], \"errors\": [], \"verdict\": \"ok\"}\n"}
,{"stream_name":"stdout","time":1976.275222499,"data":"{\"op\": \"nn.functional.softsign\", \"dtype\": \"uint8\", \"samples\": 3, \"diffs\": [], \"errors\": [], \"verdict\": \"ok\"}\n"}
,{"stream_name":"stdout","time":1976.275226581,"data":"{\"op\": \"nn.functional.softsign\", \"dtype\": \"int16\", \"samples\": 3, \"diffs\": [], \"errors\": [], \"verdict\": \"ok\"}\n"}
,{"stream_name":"stdout","time":1976.275230543,"data":"{\"op\": \"nn.functional.softsign\", \"dtype\": \"int32\", \"samples\": 3, \"diffs\": [], \"errors\": [], \"verdict\": \"ok\"}\n"}
,{"stream_name":"stdout","time":1976.275234481,"data":"{\"op\": \"nn.functional.softsign\", \"dtype\": \"bool\", \"samples\": 3, \"diffs\": [], \"errors\": [], \"verdict\": \"ok\"}\n"}
,{"stream_name":"stdout","time":1976.275252333,"data":"{\"op\": \"nn.functional.tanhshrink\", \"dtype\": \"float32\", \"samples\": 3, \"diffs\": [], \"errors\": [], \"verdict\": \"ok\"}\n"}
,{"stream_name":"stdout","time":1976.275256737,"data":"{\"op\": \"nn.functional.tanhshrink\", \"dtype\": \"float16\", \"samples\": 3, \"diffs\": [], \"errors\": [], \"verdict\": \"ok\"}\n"}
,{"stream_name":"stdout","time":1976.275260997,"data":"{\"op\": \"nn.functional.tanhshrink\", \"dtype\": \"bfloat16\", \"samples\": 3, \"diffs\": [], \"errors\": [], \"verdict\": \"ok\"}\n"}
,{"stream_name":"stdout","time":1976.275265265,"data":"{\"op\": \"nn.functional.tanhshrink\", \"dtype\": \"int8\", \"samples\": 3, \"diffs\": [], \"errors\": [], \"verdict\": \"ok\"}\n"}
,{"stream_name":"stdout","time":1976.275269513,"data":"{\"op\": \"nn.functional.tanhshrink\", \"dtype\": \"uint8\", \"samples\": 3, \"diffs\": [], \"errors\": [], \"verdict\": \"ok\"}\n"}
,{"stream_name":"stdout","time":1976.275274255,"data":"{\"op\": \"nn.functional.tanhshrink\", \"dtype\": \"int16\", \"samples\": 3, \"diffs\": [], \"errors\": [], \"verdict\": \"ok\"}\n"}
,{"stream_name":"stdout","time":1976.27528085,"data":"{\"op\": \"nn.functional.tanhshrink\", \"dtype\": \"int32\", \"samples\": 3, \"diffs\": [], \"errors\": [], \"verdict\": \"ok\"}\n"}
,{"stream_name":"stdout","time":1976.275304599,"data":"{\"op\": \"nn.functional.threshold\", \"dtype\": \"float32\", \"samples\": 3, \"diffs\": [], \"errors\": [], \"verdict\": \"ok\"}\n"}
,{"stream_name":"stdout","time":1976.275308956,"data":"{\"op\": \"nn.functional.threshold\", \"dtype\": \"float16\", \"samples\": 3, \"diffs\": [], \"errors\": [], \"verdict\": \"ok\"}\n"}
,{"stream_name":"stdout","time":1976.275312757,"data":"{\"op\": \"nn.functional.threshold\", \"dtype\": \"bfloat16\", \"samples\": 3, \"diffs\": [], \"errors\": [], \"verdict\": \"ok\"}\n"}
,{"stream_name":"stdout","time":1976.275317236,"data":"{\"op\": \"nn.functional.threshold\", \"dtype\": \"int8\", \"samples\": 3, \"diffs\": [], \"errors\": [], \"verdict\": \"ok\"}\n"}
,{"stream_name":"stdout","time":1976.275321109,"data":"{\"op\": \"nn.functional.threshold\", \"dtype\": \"uint8\", \"samples\": 3, \"diffs\": [], \"errors\": [], \"verdict\": \"ok\"}\n"}
,{"stream_name":"stdout","time":1976.275325437,"data":"{\"op\": \"nn.functional.threshold\", \"dtype\": \"int16\", \"samples\": 3, \"diffs\": [], \"errors\": [], \"verdict\": \"ok\"}\n"}
,{"stream_name":"stdout","time":1976.275330225,"data":"{\"op\": \"nn.functional.threshold\", \"dtype\": \"int32\", \"samples\": 3, \"diffs\": [], \"errors\": [], \"verdict\": \"ok\"}\n"}
,{"stream_name":"stdout","time":1976.275334315,"data":"{\"op\": \"nn.functional.triplet_margin_loss\", \"dtype\": \"float32\", \"samples\": 3, \"diffs\": [], \"errors\": [], \"verdict\": \"ok\"}\n"}
,{"stream_name":"stdout","time":1976.27533864,"data":"{\"op\": \"nn.functional.triplet_margin_loss\", \"dtype\": \"float16\", \"samples\": 3, \"diffs\": [], \"errors\": [], \"verdict\": \"ok\"}\n"}
,{"stream_name":"stdout","time":1976.275343697,"data":"{\"op\": \"nn.functional.triplet_margin_loss\", \"dtype\": \"bfloat16\", \"samples\": 3, \"diffs\": [], \"errors\": [], \"verdict\": \"ok\"}\n"}
,{"stream_name":"stdout","time":1976.27534791,"data":"{\"op\": \"nn.functional.triplet_margin_loss\", \"dtype\": \"int8\", \"samples\": 3, \"diffs\": [], \"errors\": [], \"verdict\": \"ok\"}\n"}
,{"stream_name":"stdout","time":1976.275352456,"data":"{\"op\": \"nn.functional.triplet_margin_loss\", \"dtype\": \"uint8\", \"samples\": 3, \"diffs\": [], \"errors\": [], \"verdict\": \"ok\"}\n"}
,{"stream_name":"stdout","time":1976.275356759,"data":"{\"op\": \"nn.functional.triplet_margin_loss\", \"dtype\": \"int16\", \"samples\": 3, \"diffs\": [], \"errors\": [], \"verdict\": \"ok\"}\n"}
,{"stream_name":"stdout","time":1976.275361668,"data":"{\"op\": \"nn.functional.triplet_margin_loss\", \"dtype\": \"int32\", \"samples\": 3, \"diffs\": [], \"errors\": [], \"verdict\": \"ok\"}\n"}
,{"stream_name":"stdout","time":1976.275366241,"data":"{\"op\": \"nn.functional.triplet_margin_with_distance_loss\", \"dtype\": \"float32\", \"samples\": 3, \"diffs\": [], \"errors\": [], \"verdict\": \"ok\"}\n"}
,{"stream_name":"stdout","time":1976.275370994,"data":"{\"op\": \"nn.functional.triplet_margin_with_distance_loss\", \"dtype\": \"float16\", \"samples\": 3, \"diffs\": [], \"errors\": [], \"verdict\": \"ok\"}\n"}
,{"stream_name":"stdout","time":1976.275375116,"data":"{\"op\": \"nn.functional.triplet_margin_with_distance_loss\", \"dtype\": \"bfloat16\", \"samples\": 3, \"diffs\": [], \"errors\": [], \"verdict\": \"ok\"}\n"}
,{"stream_name":"stdout","time":1976.275379565,"data":"{\"op\": \"nn.functional.triplet_margin_with_distance_loss\", \"dtype\": \"int8\", \"samples\": 3, \"diffs\": [], \"errors\": [], \"verdict\": \"ok\"}\n"}
,{"stream_name":"stdout","time":1976.275383829,"data":"{\"op\": \"nn.functional.triplet_margin_with_distance_loss\", \"dtype\": \"uint8\", \"samples\": 3, \"diffs\": [], \"errors\": [], \"verdict\": \"ok\"}\n"}
,{"stream_name":"stdout","time":1976.275388361,"data":"{\"op\": \"nn.functional.triplet_margin_with_distance_loss\", \"dtype\": \"int16\", \"samples\": 3, \"diffs\": [], \"errors\": [], \"verdict\": \"ok\"}\n"}
,{"stream_name":"stdout","time":1976.275396187,"data":"{\"op\": \"nn.functional.triplet_margin_with_distance_loss\", \"dtype\": \"int32\", \"samples\": 3, \"diffs\": [], \"errors\": [], \"verdict\": \"ok\"}\n"}
,{"stream_name":"stdout","time":1976.275400835,"data":"{\"op\": \"nextafter\", \"dtype\": \"float32\", \"samples\": 3, \"diffs\": [], \"errors\": [], \"verdict\": \"ok\"}\n"}
,{"stream_name":"stdout","time":1976.275405049,"data":"{\"op\": \"nextafter\", \"dtype\": \"float16\", \"samples\": 3, \"diffs\": [], \"errors\": [], \"verdict\": \"ok\"}\n"}
,{"stream_name":"stdout","time":1976.275409962,"data":"{\"op\": \"nextafter\", \"dtype\": \"bfloat16\", \"samples\": 3, \"diffs\": [], \"errors\": [], \"verdict\": \"ok\"}\n"}
,{"stream_name":"stdout","time":1976.275414352,"data":"{\"op\": \"to\", \"dtype\": \"float32\", \"samples\": 3, \"diffs\": [], \"errors\": [], \"verdict\": \"ok\"}\n"}
,{"stream_name":"stdout","time":1976.275418384,"data":"{\"op\": \"to\", \"dtype\": \"float16\", \"samples\": 3, \"diffs\": [], \"errors\": [], \"verdict\": \"ok\"}\n"}
,{"stream_name":"stdout","time":1976.275422949,"data":"{\"op\": \"to\", \"dtype\": \"bfloat16\", \"samples\": 3, \"diffs\": [], \"errors\": [], \"verdict\": \"ok\"}\n"}
,{"stream_name":"stdout","time":1976.275427175,"data":"{\"op\": \"to\", \"dtype\": \"int8\", \"samples\": 3, \"diffs\": [], \"errors\": [], \"verdict\": \"ok\"}\n"}
,{"stream_name":"stdout","time":1976.275431764,"data":"{\"op\": \"to\", \"dtype\": \"uint8\", \"samples\": 3, \"diffs\": [], \"errors\": [], \"verdict\": \"ok\"}\n"}
,{"stream_name":"stdout","time":1976.275435688,"data":"{\"op\": \"to\", \"dtype\": \"int16\", \"samples\": 3, \"diffs\": [], \"errors\": [], \"verdict\": \"ok\"}\n"}
,{"stream_name":"stdout","time":1976.275441249,"data":"{\"op\": \"to\", \"dtype\": \"int32\", \"samples\": 3, \"diffs\": [], \"errors\": [], \"verdict\": \"ok\"}\n"}
,{"stream_name":"stdout","time":1976.275445288,"data":"{\"op\": \"to\", \"dtype\": \"bool\", \"samples\": 3, \"diffs\": [], \"errors\": [], \"verdict\": \"ok\"}\n"}
,{"stream_name":"stdout","time":1976.275450371,"data":"{\"op\": \"nn.functional.batch_norm\", \"dtype\": \"float32\", \"samples\": 3, \"diffs\": [{\"i\": 1, \"class\": \"VALUE\", \"detail\": \"nan pattern at [1, 0, 3]: eager 0.0 compiled nan\", \"repr\": \"SampleInput(input=tensor([[[-7.5478, -8.4496,  7.9123,  6.4738],\\n         [-6.6951,  8.9031, -6.2514,  8.8990]],\\n\\n        [[-6.6426, -0.6195, -0.8092,  1.3512],\\n         [-8.9441, -5.7336, -2.6447,  6.3509]],\\n\\n        [[ 8.9449, -7.0080, -2.1597,  6.2549],\\n         [-7.1545, -0.9337, -8.2476, -3.329\"}], \"errors\": [], \"verdict\": \"DIFF:VALUE\"}\n"}
,{"stream_name":"stdout","time":1976.275457239,"data":"{\"op\": \"nn.functional.batch_norm\", \"dtype\": \"float16\", \"samples\": 3, \"diffs\": [], \"errors\": [], \"verdict\": \"ok\"}\n"}
,{"stream_name":"stdout","time":1976.275461559,"data":"{\"op\": \"nn.functional.batch_norm\", \"dtype\": \"bfloat16\", \"samples\": 3, \"diffs\": [], \"errors\": [], \"verdict\": \"ok\"}\n"}
,{"stream_name":"stdout","time":1976.275466479,"data":"{\"op\": \"nn.functional.batch_norm\", \"dtype\": \"float32\", \"samples\": 3, \"diffs\": [{\"i\": 1, \"class\": \"VALUE\", \"detail\": \"nan pattern at [1, 0, 3]: eager 0.0 compiled nan\", \"repr\": \"SampleInput(input=tensor([[[-7.5478, -8.4496,  7.9123,  6.4738],\\n         [-6.6951,  8.9031, -6.2514,  8.8990]],\\n\\n        [[-6.6426, -0.6195, -0.8092,  1.3512],\\n         [-8.9441, -5.7336, -2.6447,  6.3509]],\\n\\n        [[ 8.9449, -7.0080, -2.1597,  6.2549],\\n         [-7.1545, -0.9337, -8.2476, -3.329\"}], \"errors\": [], \"verdict\": \"DIFF:VALUE\"}\n"}
,{"stream_name":"stdout","time":1976.275472954,"data":"{\"op\": \"nn.functional.batch_norm\", \"dtype\": \"float16\", \"samples\": 3, \"diffs\": [], \"errors\": [], \"verdict\": \"ok\"}\n"}
,{"stream_name":"stdout","time":1976.27548084,"data":"{\"op\": \"nn.functional.batch_norm\", \"dtype\": \"bfloat16\", \"samples\": 3, \"diffs\": [], \"errors\": [], \"verdict\": \"ok\"}\n"}
,{"stream_name":"stdout","time":1976.27548516,"data":"{\"op\": \"nn.functional.binary_cross_entropy\", \"dtype\": \"float32\", \"samples\": 0, \"diffs\": [{\"i\": -1, \"class\": \"CRASH\", \"detail\": \"process died\"}], \"errors\": [], \"verdict\": \"DIFF:CRASH\"}\n"}
,{"stream_name":"stdout","time":1976.275490018,"data":"{\"op\": \"nn.functional.binary_cross_entropy\", \"dtype\": \"float16\", \"samples\": 0, \"diffs\": [{\"i\": -1, \"class\": \"CRASH\", \"detail\": \"process died\"}], \"errors\": [], \"verdict\": \"DIFF:CRASH\"}\n"}
,{"stream_name":"stdout","time":1976.275494566,"data":"{\"op\": \"nn.functional.binary_cross_entropy\", \"dtype\": \"bfloat16\", \"samples\": 0, \"diffs\": [{\"i\": -1, \"class\": \"CRASH\", \"detail\": \"process died\"}], \"errors\": [], \"verdict\": \"DIFF:CRASH\"}\n"}
,{"stream_name":"stdout","time":1976.275499518,"data":"{\"op\": \"igamma\", \"dtype\": \"float32\", \"samples\": 3, \"diffs\": [], \"errors\": [], \"verdict\": \"ok\"}\n"}
,{"stream_name":"stdout","time":1976.275503263,"data":"{\"op\": \"igammac\", \"dtype\": \"float32\", \"samples\": 3, \"diffs\": [], \"errors\": [], \"verdict\": \"ok\"}\n"}
,{"stream_name":"stdout","time":1976.275507945,"data":"{\"op\": \"nn.functional.softshrink\", \"dtype\": \"float32\", \"samples\": 3, \"diffs\": [{\"i\": 0, \"class\": \"SIGNZERO\", \"detail\": \"sign of zero\", \"repr\": \"SampleInput(input=tensor([[-6.7103,  5.7013,  0.7920,  2.8814, -4.1030],\\n        [ 8.5261, -1.9740, -2.8899,  0.8122,  4.1615],\\n        [-2.0441,  1.7259,  4.6410, -5.1733,  3.9563],\\n        [ 8.7209,  0.9328, -7.2351, -7.9526,  1.5101],\\n        [-7.0509,  8.0298, -3.2934,  5.9912,  3.0169]], device\"}, {\"i\": 1, \"class\": \"SIGNZERO\", \"detail\": \"sign of zero\", \"repr\": \"SampleInput(input=tensor([[-6.7103,  5.7013,  0.7920,  2.8814, -4.1030],\\n        [ 8.5261, -1.9740, -2.8899,  0.8122,  4.1615],\\n        [-2.0441,  1.7259,  4.6410, -5.1733,  3.9563],\\n        [ 8.7209,  0.9328, -7.2351, -7.9526,  1.5101],\\n        [-7.0509,  8.0298, -3.2934,  5.9912,  3.0169]], device\"}, {\"i\": 2, \"class\": \"SIGNZERO\", \"detail\": \"sign of zero\", \"repr\": \"SampleInput(input=tensor([-6.7103,  5.7013,  0.7920,  2.8814, -4.1030,  8.5261, -1.9740, -2.8899,\\n         0.8122,  4.1615, -2.0441,  1.7259,  4.6410, -5.1733,  3.9563,  8.7209,\\n         0.9328, -7.2351, -7.9526,  1.5101], device='cuda:0'), args=(), kwargs={}, broadcasts_input=False, name='')\"}], \"errors\": [], \"verdict\": \"DIFF:SIGNZERO\"}\n"}
,{"stream_name":"stdout","time":1976.27551788,"data":"{\"op\": \"nn.functional.softshrink\", \"dtype\": \"float16\", \"samples\": 3, \"diffs\": [{\"i\": 0, \"class\": \"SIGNZERO\", \"detail\": \"sign of zero\", \"repr\": \"SampleInput(input=tensor([[-6.7109,  5.7031,  0.7920,  2.8809, -4.1016],\\n        [ 8.5234, -1.9736, -2.8906,  0.8120,  4.1602],\\n        [-2.0449,  1.7256,  4.6406, -5.1719,  3.9570],\\n        [ 8.7188,  0.9326, -7.2344, -7.9531,  1.5098],\\n        [-7.0508,  8.0312, -3.2930,  5.9922,  3.0176]], device\"}, {\"i\": 1, \"class\": \"SIGNZERO\", \"detail\": \"sign of zero\", \"repr\": \"SampleInput(input=tensor([[-6.7109,  5.7031,  0.7920,  2.8809, -4.1016],\\n        [ 8.5234, -1.9736, -2.8906,  0.8120,  4.1602],\\n        [-2.0449,  1.7256,  4.6406, -5.1719,  3.9570],\\n        [ 8.7188,  0.9326, -7.2344, -7.9531,  1.5098],\\n        [-7.0508,  8.0312, -3.2930,  5.9922,  3.0176]], device\"}, {\"i\": 2, \"class\": \"SIGNZERO\", \"detail\": \"sign of zero\", \"repr\": \"SampleInput(input=tensor([-6.7109,  5.7031,  0.7920,  2.8809, -4.1016,  8.5234, -1.9736, -2.8906,\\n         0.8120,  4.1602, -2.0449,  1.7256,  4.6406, -5.1719,  3.9570,  8.7188,\\n         0.9326, -7.2344, -7.9531,  1.5098], device='cuda:0',\\n       dtype=torch.float16), args=(), kwargs={}, broadcasts_\"}], \"errors\": [], \"verdict\": \"DIFF:SIGNZERO\"}\n"}
,{"stream_name":"stdout","time":1976.275530661,"data":"{\"op\": \"nn.functional.softshrink\", \"dtype\": \"bfloat16\", \"samples\": 3, \"diffs\": [], \"errors\": [], \"verdict\": \"ok\"}\n"}
,{"stream_name":"stdout","time":1976.275535199,"data":"{\"op\": \"nn.functional.hardshrink\", \"dtype\": \"float32\", \"samples\": 3, \"diffs\": [], \"errors\": [], \"verdict\": \"ok\"}\n"}
,{"stream_name":"stdout","time":1976.275540033,"data":"{\"op\": \"nn.functional.hardshrink\", \"dtype\": \"float16\", \"samples\": 3, \"diffs\": [], \"errors\": [], \"verdict\": \"ok\"}\n"}
,{"stream_name":"stdout","time":1976.275544285,"data":"{\"op\": \"nn.functional.hardshrink\", \"dtype\": \"bfloat16\", \"samples\": 3, \"diffs\": [], \"errors\": [], \"verdict\": \"ok\"}\n"}
,{"stream_name":"stdout","time":1976.275549277,"data":"{\"op\": \"nn.functional.hardtanh\", \"dtype\": \"float32\", \"samples\": 3, \"diffs\": [{\"i\": 1, \"class\": \"SIGNZERO\", \"detail\": \"sign of zero\", \"repr\": \"SampleInput(input=tensor([[-6.7103,  5.7013,  0.7920,  2.8814, -4.1030],\\n        [ 8.5261, -1.9740, -2.8899,  0.8122,  4.1615],\\n        [-2.0441,  1.7259,  4.6410, -5.1733,  3.9563],\\n        [ 8.7209,  0.9328, -7.2351, -7.9526,  1.5101],\\n        [-7.0509,  8.0298, -3.2934,  5.9912,  3.0169]], device\"}], \"errors\": [], \"verdict\": \"DIFF:SIGNZERO\"}\n"}
,{"stream_name":"stdout","time":1976.275554905,"data":"{\"op\": \"nn.functional.hardtanh\", \"dtype\": \"float16\", \"samples\": 3, \"diffs\": [{\"i\": 1, \"class\": \"SIGNZERO\", \"detail\": \"sign of zero\", \"repr\": \"SampleInput(input=tensor([[-6.7109,  5.7031,  0.7920,  2.8809, -4.1016],\\n        [ 8.5234, -1.9736, -2.8906,  0.8120,  4.1602],\\n        [-2.0449,  1.7256,  4.6406, -5.1719,  3.9570],\\n        [ 8.7188,  0.9326, -7.2344, -7.9531,  1.5098],\\n        [-7.0508,  8.0312, -3.2930,  5.9922,  3.0176]], device\"}], \"errors\": [], \"verdict\": \"DIFF:SIGNZERO\"}\n"}
,{"stream_name":"stdout","time":1976.275561263,"data":"{\"op\": \"nn.functional.hardtanh\", \"dtype\": \"bfloat16\", \"samples\": 3, \"diffs\": [], \"errors\": [], \"verdict\": \"ok\"}\n"}
,{"stream_name":"stdout","time":1976.275565395,"data":"{\"op\": \"nn.functional.hardtanh\", \"dtype\": \"int8\", \"samples\": 3, \"diffs\": [], \"errors\": [], \"verdict\": \"ok\"}\n"}
,{"stream_name":"stdout","time":1976.275569502,"data":"{\"op\": \"nn.functional.hardtanh\", \"dtype\": \"int16\", \"samples\": 3, \"diffs\": [], \"errors\": [], \"verdict\": \"ok\"}\n"}
,{"stream_name":"stdout","time":1976.275574053,"data":"{\"op\": \"nn.functional.hardtanh\", \"dtype\": \"int32\", \"samples\": 3, \"diffs\": [], \"errors\": [], \"verdict\": \"ok\"}\n"}
,{"stream_name":"stdout","time":1976.275578463,"data":"{\"op\": \"mm\", \"dtype\": \"float32\", \"samples\": 3, \"diffs\": [], \"errors\": [], \"verdict\": \"ok\"}\n"}
,{"stream_name":"stdout","time":1976.275582493,"data":"{\"op\": \"mm\", \"dtype\": \"float16\", \"samples\": 3, \"diffs\": [], \"errors\": [], \"verdict\": \"ok\"}\n"}
,{"stream_name":"stdout","time":1976.275586727,"data":"{\"op\": \"mm\", \"dtype\": \"bfloat16\", \"samples\": 3, \"diffs\": [], \"errors\": [], \"verdict\": \"ok\"}\n"}
,{"stream_name":"stdout","time":1976.275592277,"data":"{\"op\": \"mvlgamma\", \"dtype\": \"float32\", \"samples\": 3, \"diffs\": [], \"errors\": [], \"verdict\": \"ok\"}\n"}
,{"stream_name":"stdout","time":1976.275597856,"data":"{\"op\": \"mvlgamma\", \"dtype\": \"float16\", \"samples\": 3, \"diffs\": [{\"i\": 2, \"class\": \"VALUE\", \"detail\": \"inf at [2, 3]: eager inf compiled 22.390625\", \"repr\": \"SampleInput(input=tensor([[2.0195, 7.5352, 5.3555, 6.2812, 3.1777],\\n        [8.7891, 4.1250, 3.7168, 5.3633, 6.8516],\\n        [4.0938, 5.7695, 7.0664, 2.7031, 6.7617],\\n        [8.8750, 5.4180, 1.7861, 1.4678, 5.6719],\\n        [1.8682, 8.5703, 3.5391, 7.6641, 6.3438]], device='cuda:0',\\n       dtype=t\"}], \"errors\": [], \"verdict\": \"DIFF:VALUE\"}\n"}
,{"stream_name":"stdout","time":1976.275606604,"data":"{\"op\": \"mvlgamma\", \"dtype\": \"bfloat16\", \"samples\": 3, \"diffs\": [], \"errors\": [], \"verdict\": \"ok\"}\n"}
,{"stream_name":"stdout","time":1976.275611216,"data":"{\"op\": \"mvlgamma\", \"dtype\": \"int8\", \"samples\": 3, \"diffs\": [], \"errors\": [], \"verdict\": \"ok\"}\n"}
,{"stream_name":"stdout","time":1976.275616167,"data":"{\"op\": \"mvlgamma\", \"dtype\": \"uint8\", \"samples\": 3, \"diffs\": [], \"errors\": [], \"verdict\": \"ok\"}\n"}
,{"stream_name":"stdout","time":1976.27562013,"data":"{\"op\": \"mvlgamma\", \"dtype\": \"int16\", \"samples\": 3, \"diffs\": [], \"errors\": [], \"verdict\": \"ok\"}\n"}
,{"stream_name":"stdout","time":1976.275624458,"data":"{\"op\": \"mvlgamma\", \"dtype\": \"int32\", \"samples\": 3, \"diffs\": [], \"errors\": [], \"verdict\": \"ok\"}\n"}
,{"stream_name":"stdout","time":1976.275628723,"data":"{\"op\": \"mvlgamma\", \"dtype\": \"float32\", \"samples\": 3, \"diffs\": [], \"errors\": [], \"verdict\": \"ok\"}\n"}
,{"stream_name":"stdout","time":1976.275633017,"data":"{\"op\": \"mvlgamma\", \"dtype\": \"float16\", \"samples\": 3, \"diffs\": [{\"i\": 2, \"class\": \"VALUE\", \"detail\": \"inf at [2, 3]: eager inf compiled 22.390625\", \"repr\": \"SampleInput(input=tensor([[2.0195, 7.5352, 5.3555, 6.2812, 3.1777],\\n        [8.7891, 4.1250, 3.7168, 5.3633, 6.8516],\\n        [4.0938, 5.7695, 7.0664, 2.7031, 6.7617],\\n        [8.8750, 5.4180, 1.7861, 1.4678, 5.6719],\\n        [1.8682, 8.5703, 3.5391, 7.6641, 6.3438]], device='cuda:0',\\n       dtype=t\"}], \"errors\": [], \"verdict\": \"DIFF:VALUE\"}\n"}
,{"stream_name":"stdout","time":1976.275638561,"data":"{\"op\": \"mvlgamma\", \"dtype\": \"bfloat16\", \"samples\": 3, \"diffs\": [], \"errors\": [], \"verdict\": \"ok\"}\n"}
,{"stream_name":"stdout","time":1976.275642856,"data":"{\"op\": \"mvlgamma\", \"dtype\": \"int8\", \"samples\": 3, \"diffs\": [], \"errors\": [], \"verdict\": \"ok\"}\n"}
,{"stream_name":"stdout","time":1976.275646872,"data":"{\"op\": \"mvlgamma\", \"dtype\": \"uint8\", \"samples\": 3, \"diffs\": [], \"errors\": [], \"verdict\": \"ok\"}\n"}
,{"stream_name":"stdout","time":1976.275650969,"data":"{\"op\": \"mvlgamma\", \"dtype\": \"int16\", \"samples\": 3, \"diffs\": [], \"errors\": [], \"verdict\": \"ok\"}\n"}
,{"stream_name":"stdout","time":1976.275655129,"data":"{\"op\": \"mvlgamma\", \"dtype\": \"int32\", \"samples\": 3, \"diffs\": [], \"errors\": [], \"verdict\": \"ok\"}\n"}
,{"stream_name":"stdout","time":1976.275659362,"data":"{\"op\": \"mvlgamma\", \"dtype\": \"float32\", \"samples\": 3, \"diffs\": [], \"errors\": [], \"verdict\": \"ok\"}\n"}
,{"stream_name":"stdout","time":1976.275664469,"data":"{\"op\": \"mvlgamma\", \"dtype\": \"float16\", \"samples\": 3, \"diffs\": [{\"i\": 2, \"class\": \"VALUE\", \"detail\": \"inf at [2, 3]: eager inf compiled 22.390625\", \"repr\": \"SampleInput(input=tensor([[2.0195, 7.5352, 5.3555, 6.2812, 3.1777],\\n        [8.7891, 4.1250, 3.7168, 5.3633, 6.8516],\\n        [4.0938, 5.7695, 7.0664, 2.7031, 6.7617],\\n        [8.8750, 5.4180, 1.7861, 1.4678, 5.6719],\\n        [1.8682, 8.5703, 3.5391, 7.6641, 6.3438]], device='cuda:0',\\n       dtype=t\"}], \"errors\": [], \"verdict\": \"DIFF:VALUE\"}\n"}
,{"stream_name":"stdout","time":1976.275670123,"data":"{\"op\": \"mvlgamma\", \"dtype\": \"bfloat16\", \"samples\": 3, \"diffs\": [], \"errors\": [], \"verdict\": \"ok\"}\n"}
,{"stream_name":"stdout","time":1976.275674209,"data":"{\"op\": \"mvlgamma\", \"dtype\": \"int8\", \"samples\": 3, \"diffs\": [], \"errors\": [], \"verdict\": \"ok\"}\n"}
,{"stream_name":"stdout","time":1976.275678213,"data":"{\"op\": \"mvlgamma\", \"dtype\": \"uint8\", \"samples\": 3, \"diffs\": [], \"errors\": [], \"verdict\": \"ok\"}\n"}
,{"stream_name":"stdout","time":1976.275684637,"data":"{\"op\": \"mvlgamma\", \"dtype\": \"int16\", \"samples\": 3, \"diffs\": [], \"errors\": [], \"verdict\": \"ok\"}\n"}
,{"stream_name":"stdout","time":1976.275688699,"data":"{\"op\": \"mvlgamma\", \"dtype\": \"int32\", \"samples\": 3, \"diffs\": [], \"errors\": [], \"verdict\": \"ok\"}\n"}
,{"stream_name":"stdout","time":1976.275692655,"data":"{\"op\": \"ne\", \"dtype\": \"float32\", \"samples\": 3, \"diffs\": [], \"errors\": [], \"verdict\": \"ok\"}\n"}
,{"stream_name":"stdout","time":1976.275696653,"data":"{\"op\": \"ne\", \"dtype\": \"float16\", \"samples\": 3, \"diffs\": [], \"errors\": [], \"verdict\": \"ok\"}\n"}
,{"stream_name":"stdout","time":1976.27570047,"data":"{\"op\": \"ne\", \"dtype\": \"bfloat16\", \"samples\": 3, \"diffs\": [], \"errors\": [], \"verdict\": \"ok\"}\n"}
,{"stream_name":"stdout","time":1976.275704973,"data":"{\"op\": \"ne\", \"dtype\": \"int8\", \"samples\": 3, \"diffs\": [], \"errors\": [], \"verdict\": \"ok\"}\n"}
,{"stream_name":"stdout","time":1976.275708897,"data":"{\"op\": \"ne\", \"dtype\": \"uint8\", \"samples\": 3, \"diffs\": [], \"errors\": [], \"verdict\": \"ok\"}\n"}
,{"stream_name":"stdout","time":1976.275712827,"data":"{\"op\": \"ne\", \"dtype\": \"int16\", \"samples\": 3, \"diffs\": [], \"errors\": [], \"verdict\": \"ok\"}\n"}
,{"stream_name":"stdout","time":1976.275716763,"data":"{\"op\": \"ne\", \"dtype\": \"int32\", \"samples\": 3, \"diffs\": [], \"errors\": [], \"verdict\": \"ok\"}\n"}
,{"stream_name":"stdout","time":1976.275720769,"data":"{\"op\": \"ne\", \"dtype\": \"bool\", \"samples\": 3, \"diffs\": [], \"errors\": [], \"verdict\": \"ok\"}\n"}
,{"stream_name":"stdout","time":1976.275724658,"data":"{\"op\": \"narrow\", \"dtype\": \"float32\", \"samples\": 3, \"diffs\": [], \"errors\": [], \"verdict\": \"ok\"}\n"}
,{"stream_name":"stdout","time":1976.275728724,"data":"{\"op\": \"narrow\", \"dtype\": \"float16\", \"samples\": 3, \"diffs\": [], \"errors\": [], \"verdict\": \"ok\"}\n"}
,{"stream_name":"stdout","time":1976.275732723,"data":"{\"op\": \"narrow\", \"dtype\": \"bfloat16\", \"samples\": 3, \"diffs\": [], \"errors\": [], \"verdict\": \"ok\"}\n"}
,{"stream_name":"stdout","time":1976.275736959,"data":"{\"op\": \"narrow\", \"dtype\": \"int8\", \"samples\": 3, \"diffs\": [], \"errors\": [], \"verdict\": \"ok\"}\n"}
,{"stream_name":"stdout","time":1976.275740701,"data":"{\"op\": \"narrow\", \"dtype\": \"uint8\", \"samples\": 3, \"diffs\": [], \"errors\": [], \"verdict\": \"ok\"}\n"}
,{"stream_name":"stdout","time":1976.275744727,"data":"{\"op\": \"narrow\", \"dtype\": \"int16\", \"samples\": 3, \"diffs\": [], \"errors\": [], \"verdict\": \"ok\"}\n"}
,{"stream_name":"stdout","time":1976.275749068,"data":"{\"op\": \"narrow\", \"dtype\": \"int32\", \"samples\": 3, \"diffs\": [], \"errors\": [], \"verdict\": \"ok\"}\n"}
,{"stream_name":"stdout","time":1976.275752905,"data":"{\"op\": \"narrow\", \"dtype\": \"bool\", \"samples\": 3, \"diffs\": [], \"errors\": [], \"verdict\": \"ok\"}\n"}
,{"stream_name":"stdout","time":1976.275756913,"data":"{\"op\": \"narrow_copy\", \"dtype\": \"float32\", \"samples\": 3, \"diffs\": [], \"errors\": [], \"verdict\": \"ok\"}\n"}
,{"stream_name":"stdout","time":1976.275761345,"data":"{\"op\": \"narrow_copy\", \"dtype\": \"float16\", \"samples\": 3, \"diffs\": [], \"errors\": [], \"verdict\": \"ok\"}\n"}
,{"stream_name":"stdout","time":1976.275765646,"data":"{\"op\": \"narrow_copy\", \"dtype\": \"bfloat16\", \"samples\": 3, \"diffs\": [], \"errors\": [], \"verdict\": \"ok\"}\n"}
,{"stream_name":"stdout","time":1976.275769617,"data":"{\"op\": \"narrow_copy\", \"dtype\": \"int8\", \"samples\": 3, \"diffs\": [], \"errors\": [], \"verdict\": \"ok\"}\n"}
,{"stream_name":"stdout","time":1976.275777095,"data":"{\"op\": \"narrow_copy\", \"dtype\": \"uint8\", \"samples\": 3, \"diffs\": [], \"errors\": [], \"verdict\": \"ok\"}\n"}
,{"stream_name":"stdout","time":1976.275781562,"data":"{\"op\": \"narrow_copy\", \"dtype\": \"int16\", \"samples\": 3, \"diffs\": [], \"errors\": [], \"verdict\": \"ok\"}\n"}
,{"stream_name":"stdout","time":1976.275785531,"data":"{\"op\": \"narrow_copy\", \"dtype\": \"int32\", \"samples\": 3, \"diffs\": [], \"errors\": [], \"verdict\": \"ok\"}\n"}
,{"stream_name":"stdout","time":1976.275789934,"data":"{\"op\": \"narrow_copy\", \"dtype\": \"bool\", \"samples\": 3, \"diffs\": [], \"errors\": [], \"verdict\": \"ok\"}\n"}
,{"stream_name":"stdout","time":1976.275794081,"data":"{\"op\": \"view_copy\", \"dtype\": \"float32\", \"samples\": 3, \"diffs\": [], \"errors\": [], \"verdict\": \"ok\"}\n"}
,{"stream_name":"stdout","time":1976.275798098,"data":"{\"op\": \"view_copy\", \"dtype\": \"float16\", \"samples\": 3, \"diffs\": [], \"errors\": [], \"verdict\": \"ok\"}\n"}
,{"stream_name":"stdout","time":1976.275802126,"data":"{\"op\": \"view_copy\", \"dtype\": \"bfloat16\", \"samples\": 3, \"diffs\": [], \"errors\": [], \"verdict\": \"ok\"}\n"}
,{"stream_name":"stdout","time":1976.275806595,"data":"{\"op\": \"view_copy\", \"dtype\": \"int8\", \"samples\": 3, \"diffs\": [], \"errors\": [], \"verdict\": \"ok\"}\n"}
,{"stream_name":"stdout","time":1976.275810952,"data":"{\"op\": \"view_copy\", \"dtype\": \"uint8\", \"samples\": 3, \"diffs\": [], \"errors\": [], \"verdict\": \"ok\"}\n"}
,{"stream_name":"stdout","time":1976.275814995,"data":"{\"op\": \"view_copy\", \"dtype\": \"int16\", \"samples\": 3, \"diffs\": [], \"errors\": [], \"verdict\": \"ok\"}\n"}
,{"stream_name":"stdout","time":1976.275818959,"data":"{\"op\": \"view_copy\", \"dtype\": \"int32\", \"samples\": 3, \"diffs\": [], \"errors\": [], \"verdict\": \"ok\"}\n"}
,{"stream_name":"stdout","time":1976.275822915,"data":"{\"op\": \"view_copy\", \"dtype\": \"bool\", \"samples\": 3, \"diffs\": [], \"errors\": [], \"verdict\": \"ok\"}\n"}
,{"stream_name":"stdout","time":1976.275836704,"data":"{\"op\": \"neg\", \"dtype\": \"float32\", \"samples\": 1, \"diffs\": [], \"errors\": [], \"verdict\": \"ok\"}\n"}
,{"stream_name":"stdout","time":1976.275841047,"data":"{\"op\": \"neg\", \"dtype\": \"float16\", \"samples\": 1, \"diffs\": [], \"errors\": [], \"verdict\": \"ok\"}\n"}
,{"stream_name":"stdout","time":1976.275845255,"data":"{\"op\": \"neg\", \"dtype\": \"bfloat16\", \"samples\": 1, \"diffs\": [], \"errors\": [], \"verdict\": \"ok\"}\n"}
,{"stream_name":"stdout","time":1976.275849508,"data":"{\"op\": \"neg\", \"dtype\": \"int8\", \"samples\": 1, \"diffs\": [], \"errors\": [], \"verdict\": \"ok\"}\n"}
,{"stream_name":"stdout","time":1976.275855127,"data":"{\"op\": \"neg\", \"dtype\": \"uint8\", \"samples\": 1, \"diffs\": [], \"errors\": [], \"verdict\": \"ok\"}\n"}
,{"stream_name":"stdout","time":1976.275859297,"data":"{\"op\": \"neg\", \"dtype\": \"int16\", \"samples\": 1, \"diffs\": [], \"errors\": [], \"verdict\": \"ok\"}\n"}
,{"stream_name":"stdout","time":1976.275863235,"data":"{\"op\": \"neg\", \"dtype\": \"int32\", \"samples\": 1, \"diffs\": [], \"errors\": [], \"verdict\": \"ok\"}\n"}
,{"stream_name":"stdout","time":1976.275869369,"data":"{\"op\": \"dist\", \"dtype\": \"float32\", \"samples\": 3, \"diffs\": [], \"errors\": [], \"verdict\": \"ok\"}\n"}
,{"stream_name":"stdout","time":1976.275873714,"data":"{\"op\": \"dist\", \"dtype\": \"float16\", \"samples\": 3, \"diffs\": [], \"errors\": [], \"verdict\": \"ok\"}\n"}
,{"stream_name":"stdout","time":1976.275877855,"data":"{\"op\": \"dist\", \"dtype\": \"bfloat16\", \"samples\": 3, \"diffs\": [], \"errors\": [], \"verdict\": \"ok\"}\n"}
,{"stream_name":"stdout","time":1976.275882067,"data":"{\"op\": \"outer\", \"dtype\": \"float32\", \"samples\": 1, \"diffs\": [], \"errors\": [], \"verdict\": \"ok\"}\n"}
,{"stream_name":"stdout","time":1976.275894309,"data":"{\"op\": \"outer\", \"dtype\": \"float16\", \"samples\": 1, \"diffs\": [], \"errors\": [], \"verdict\": \"ok\"}\n"}
,{"stream_name":"stdout","time":1976.275900045,"data":"{\"op\": \"outer\", \"dtype\": \"bfloat16\", \"samples\": 1, \"diffs\": [], \"errors\": [], \"verdict\": \"ok\"}\n"}
,{"stream_name":"stdout","time":1976.275904541,"data":"{\"op\": \"outer\", \"dtype\": \"int8\", \"samples\": 1, \"diffs\": [], \"errors\": [], \"verdict\": \"ok\"}\n"}
,{"stream_name":"stdout","time":1976.275909173,"data":"{\"op\": \"outer\", \"dtype\": \"uint8\", \"samples\": 1, \"diffs\": [], \"errors\": [], \"verdict\": \"ok\"}\n"}
,{"stream_name":"stdout","time":1976.275913791,"data":"{\"op\": \"outer\", \"dtype\": \"int16\", \"samples\": 1, \"diffs\": [], \"errors\": [], \"verdict\": \"ok\"}\n"}
,{"stream_name":"stdout","time":1976.27591803,"data":"{\"op\": \"outer\", \"dtype\": \"int32\", \"samples\": 1, \"diffs\": [], \"errors\": [], \"verdict\": \"ok\"}\n"}
,{"stream_name":"stdout","time":1976.27592207,"data":"{\"op\": \"outer\", \"dtype\": \"bool\", \"samples\": 1, \"diffs\": [], \"errors\": [], \"verdict\": \"ok\"}\n"}
,{"stream_name":"stdout","time":1976.275925857,"data":"{\"op\": \"permute\", \"dtype\": \"float32\", \"samples\": 3, \"diffs\": [], \"errors\": [], \"verdict\": \"ok\"}\n"}
,{"stream_name":"stdout","time":1976.275953437,"data":"{\"op\": \"permute\", \"dtype\": \"float16\", \"samples\": 3, \"diffs\": [], \"errors\": [], \"verdict\": \"ok\"}\n"}
,{"stream_name":"stdout","time":1976.27595793,"data":"{\"op\": \"permute\", \"dtype\": \"bfloat16\", \"samples\": 3, \"diffs\": [], \"errors\": [], \"verdict\": \"ok\"}\n"}
,{"stream_name":"stdout","time":1976.275962333,"data":"{\"op\": \"permute\", \"dtype\": \"int8\", \"samples\": 3, \"diffs\": [], \"errors\": [], \"verdict\": \"ok\"}\n"}
,{"stream_name":"stdout","time":1976.275966683,"data":"{\"op\": \"permute\", \"dtype\": \"uint8\", \"samples\": 3, \"diffs\": [], \"errors\": [], \"verdict\": \"ok\"}\n"}
,{"stream_name":"stdout","time":1976.275970887,"data":"{\"op\": \"permute\", \"dtype\": \"int16\", \"samples\": 3, \"diffs\": [], \"errors\": [], \"verdict\": \"ok\"}\n"}
,{"stream_name":"stdout","time":1976.275975081,"data":"{\"op\": \"permute\", \"dtype\": \"int32\", \"samples\": 3, \"diffs\": [], \"errors\": [], \"verdict\": \"ok\"}\n"}
,{"stream_name":"stdout","time":1976.275979513,"data":"{\"op\": \"permute\", \"dtype\": \"bool\", \"samples\": 3, \"diffs\": [], \"errors\": [], \"verdict\": \"ok\"}\n"}
,{"stream_name":"stdout","time":1976.27598453,"data":"{\"op\": \"permute_copy\", \"dtype\": \"float32\", \"samples\": 3, \"diffs\": [], \"errors\": [], \"verdict\": \"ok\"}\n"}
,{"stream_name":"stdout","time":1976.275988891,"data":"{\"op\": \"permute_copy\", \"dtype\": \"float16\", \"samples\": 3, \"diffs\": [], \"errors\": [], \"verdict\": \"ok\"}\n"}
,{"stream_name":"stdout","time":1976.275993146,"data":"{\"op\": \"permute_copy\", \"dtype\": \"bfloat16\", \"samples\": 3, \"diffs\": [], \"errors\": [], \"verdict\": \"ok\"}\n"}
,{"stream_name":"stdout","time":1976.275997264,"data":"{\"op\": \"permute_copy\", \"dtype\": \"int8\", \"samples\": 3, \"diffs\": [], \"errors\": [], \"verdict\": \"ok\"}\n"}
,{"stream_name":"stdout","time":1976.276001662,"data":"{\"op\": \"permute_copy\", \"dtype\": \"uint8\", \"samples\": 3, \"diffs\": [], \"errors\": [], \"verdict\": \"ok\"}\n"}
,{"stream_name":"stdout","time":1976.276005516,"data":"{\"op\": \"permute_copy\", \"dtype\": \"int16\", \"samples\": 3, \"diffs\": [], \"errors\": [], \"verdict\": \"ok\"}\n"}
,{"stream_name":"stdout","time":1976.276010485,"data":"{\"op\": \"permute_copy\", \"dtype\": \"int32\", \"samples\": 3, \"diffs\": [], \"errors\": [], \"verdict\": \"ok\"}\n"}
,{"stream_name":"stdout","time":1976.276018714,"data":"{\"op\": \"permute_copy\", \"dtype\": \"bool\", \"samples\": 3, \"diffs\": [], \"errors\": [], \"verdict\": \"ok\"}\n"}
,{"stream_name":"stdout","time":1976.276023356,"data":"{\"op\": \"pow\", \"dtype\": \"float32\", \"samples\": 3, \"diffs\": [], \"errors\": [], \"verdict\": \"ok\"}\n"}
,{"stream_name":"stdout","time":1976.276027323,"data":"{\"op\": \"pow\", \"dtype\": \"float16\", \"samples\": 3, \"diffs\": [], \"errors\": [], \"verdict\": \"ok\"}\n"}
,{"stream_name":"stdout","time":1976.276031272,"data":"{\"op\": \"pow\", \"dtype\": \"bfloat16\", \"samples\": 3, \"diffs\": [], \"errors\": [], \"verdict\": \"ok\"}\n"}
,{"stream_name":"stdout","time":1976.276035288,"data":"{\"op\": \"pow\", \"dtype\": \"int8\", \"samples\": 3, \"diffs\": [], \"errors\": [], \"verdict\": \"ok\"}\n"}
,{"stream_name":"stdout","time":1976.276039095,"data":"{\"op\": \"pow\", \"dtype\": \"uint8\", \"samples\": 3, \"diffs\": [], \"errors\": [], \"verdict\": \"ok\"}\n"}
,{"stream_name":"stdout","time":1976.276043492,"data":"{\"op\": \"pow\", \"dtype\": \"int16\", \"samples\": 3, \"diffs\": [], \"errors\": [], \"verdict\": \"ok\"}\n"}
,{"stream_name":"stdout","time":1976.27604806,"data":"{\"op\": \"pow\", \"dtype\": \"int32\", \"samples\": 3, \"diffs\": [], \"errors\": [], \"verdict\": \"ok\"}\n"}
,{"stream_name":"stdout","time":1976.276052454,"data":"{\"op\": \"float_power\", \"dtype\": \"float32\", \"samples\": 3, \"diffs\": [], \"errors\": [], \"verdict\": \"ok\"}\n"}
,{"stream_name":"stdout","time":1976.276056923,"data":"{\"op\": \"float_power\", \"dtype\": \"float16\", \"samples\": 3, \"diffs\": [], \"errors\": [], \"verdict\": \"ok\"}\n"}
,{"stream_name":"stdout","time":1976.276061146,"data":"{\"op\": \"float_power\", \"dtype\": \"bfloat16\", \"samples\": 3, \"diffs\": [], \"errors\": [], \"verdict\": \"ok\"}\n"}
,{"stream_name":"stdout","time":1976.276065758,"data":"{\"op\": \"float_power\", \"dtype\": \"int8\", \"samples\": 3, \"diffs\": [], \"errors\": [], \"verdict\": \"ok\"}\n"}
,{"stream_name":"stdout","time":1976.27606986,"data":"{\"op\": \"float_power\", \"dtype\": \"uint8\", \"samples\": 3, \"diffs\": [], \"errors\": [], \"verdict\": \"ok\"}\n"}
,{"stream_name":"stdout","time":1976.276074001,"data":"{\"op\": \"float_power\", \"dtype\": \"int16\", \"samples\": 3, \"diffs\": [], \"errors\": [], \"verdict\": \"ok\"}\n"}
,{"stream_name":"stdout","time":1976.276079683,"data":"{\"op\": \"float_power\", \"dtype\": \"int32\", \"samples\": 3, \"diffs\": [], \"errors\": [], \"verdict\": \"ok\"}\n"}
,{"stream_name":"stdout","time":1976.276084142,"data":"{\"op\": \"float_power\", \"dtype\": \"bool\", \"samples\": 3, \"diffs\": [], \"errors\": [], \"verdict\": \"ok\"}\n"}
,{"stream_name":"stdout","time":1976.276089203,"data":"{\"op\": \"rad2deg\", \"dtype\": \"float32\", \"samples\": 1, \"diffs\": [], \"errors\": [], \"verdict\": \"ok\"}\n"}
,{"stream_name":"stdout","time":1976.276093399,"data":"{\"op\": \"rad2deg\", \"dtype\": \"float16\", \"samples\": 1, \"diffs\": [], \"errors\": [], \"verdict\": \"ok\"}\n"}
,{"stream_name":"stdout","time":1976.276097854,"data":"{\"op\": \"rad2deg\", \"dtype\": \"bfloat16\", \"samples\": 1, \"diffs\": [], \"errors\": [], \"verdict\": \"ok\"}\n"}
,{"stream_name":"stdout","time":1976.276102329,"data":"{\"op\": \"rad2deg\", \"dtype\": \"int8\", \"samples\": 1, \"diffs\": [], \"errors\": [], \"verdict\": \"ok\"}\n"}
,{"stream_name":"stdout","time":1976.276106834,"data":"{\"op\": \"rad2deg\", \"dtype\": \"uint8\", \"samples\": 1, \"diffs\": [], \"errors\": [], \"verdict\": \"ok\"}\n"}
,{"stream_name":"stdout","time":1976.276110896,"data":"{\"op\": \"rad2deg\", \"dtype\": \"int16\", \"samples\": 1, \"diffs\": [], \"errors\": [], \"verdict\": \"ok\"}\n"}
,{"stream_name":"stdout","time":1976.276118564,"data":"{\"op\": \"rad2deg\", \"dtype\": \"int32\", \"samples\": 1, \"diffs\": [], \"errors\": [], \"verdict\": \"ok\"}\n"}
,{"stream_name":"stdout","time":1976.276122657,"data":"{\"op\": \"rad2deg\", \"dtype\": \"bool\", \"samples\": 1, \"diffs\": [], \"errors\": [], \"verdict\": \"ok\"}\n"}
,{"stream_name":"stdout","time":1976.276126478,"data":"{\"op\": \"real\", \"dtype\": \"float32\", \"samples\": 3, \"diffs\": [], \"errors\": [], \"verdict\": \"ok\"}\n"}
,{"stream_name":"stdout","time":1976.276130489,"data":"{\"op\": \"real\", \"dtype\": \"float16\", \"samples\": 3, \"diffs\": [], \"errors\": [], \"verdict\": \"ok\"}\n"}
,{"stream_name":"stdout","time":1976.276134661,"data":"{\"op\": \"real\", \"dtype\": \"bfloat16\", \"samples\": 3, \"diffs\": [], \"errors\": [], \"verdict\": \"ok\"}\n"}
,{"stream_name":"stdout","time":1976.276138834,"data":"{\"op\": \"real\", \"dtype\": \"int8\", \"samples\": 3, \"diffs\": [], \"errors\": [], \"verdict\": \"ok\"}\n"}
,{"stream_name":"stdout","time":1976.276143007,"data":"{\"op\": \"real\", \"dtype\": \"uint8\", \"samples\": 3, \"diffs\": [], \"errors\": [], \"verdict\": \"ok\"}\n"}
,{"stream_name":"stdout","time":1976.276147024,"data":"{\"op\": \"real\", \"dtype\": \"int16\", \"samples\": 3, \"diffs\": [], \"errors\": [], \"verdict\": \"ok\"}\n"}
,{"stream_name":"stdout","time":1976.276151381,"data":"{\"op\": \"real\", \"dtype\": \"int32\", \"samples\": 3, \"diffs\": [], \"errors\": [], \"verdict\": \"ok\"}\n"}
,{"stream_name":"stdout","time":1976.276156343,"data":"{\"op\": \"real\", \"dtype\": \"bool\", \"samples\": 3, \"diffs\": [], \"errors\": [], \"verdict\": \"ok\"}\n"}
,{"stream_name":"stdout","time":1976.276160472,"data":"{\"op\": \"roll\", \"dtype\": \"float32\", \"samples\": 3, \"diffs\": [], \"errors\": [], \"verdict\": \"ok\"}\n"}
,{"stream_name":"stdout","time":1976.276164675,"data":"{\"op\": \"roll\", \"dtype\": \"float16\", \"samples\": 3, \"diffs\": [], \"errors\": [], \"verdict\": \"ok\"}\n"}
,{"stream_name":"stdout","time":1976.276168605,"data":"{\"op\": \"roll\", \"dtype\": \"bfloat16\", \"samples\": 3, \"diffs\": [], \"errors\": [], \"verdict\": \"ok\"}\n"}
,{"stream_name":"stdout","time":1976.276172957,"data":"{\"op\": \"roll\", \"dtype\": \"int8\", \"samples\": 3, \"diffs\": [], \"errors\": [], \"verdict\": \"ok\"}\n"}
,{"stream_name":"stdout","time":1976.276177797,"data":"{\"op\": \"roll\", \"dtype\": \"uint8\", \"samples\": 3, \"diffs\": [], \"errors\": [], \"verdict\": \"ok\"}\n"}
,{"stream_name":"stdout","time":1976.276181543,"data":"{\"op\": \"roll\", \"dtype\": \"int16\", \"samples\": 3, \"diffs\": [], \"errors\": [], \"verdict\": \"ok\"}\n"}
,{"stream_name":"stdout","time":1976.276185557,"data":"{\"op\": \"roll\", \"dtype\": \"int32\", \"samples\": 3, \"diffs\": [], \"errors\": [], \"verdict\": \"ok\"}\n"}
,{"stream_name":"stdout","time":1976.276189923,"data":"{\"op\": \"roll\", \"dtype\": \"bool\", \"samples\": 3, \"diffs\": [], \"errors\": [], \"verdict\": \"ok\"}\n"}
,{"stream_name":"stdout","time":1976.276194153,"data":"{\"op\": \"rot90\", \"dtype\": \"float32\", \"samples\": 3, \"diffs\": [], \"errors\": [], \"verdict\": \"ok\"}\n"}
,{"stream_name":"stdout","time":1976.276217024,"data":"{\"op\": \"rot90\", \"dtype\": \"float16\", \"samples\": 3, \"diffs\": [], \"errors\": [], \"verdict\": \"ok\"}\n"}
,{"stream_name":"stdout","time":1976.276221248,"data":"{\"op\": \"rot90\", \"dtype\": \"bfloat16\", \"samples\": 3, \"diffs\": [], \"errors\": [], \"verdict\": \"ok\"}\n"}
,{"stream_name":"stdout","time":1976.276226002,"data":"{\"op\": \"rot90\", \"dtype\": \"int8\", \"samples\": 3, \"diffs\": [], \"errors\": [], \"verdict\": \"ok\"}\n"}
,{"stream_name":"stdout","time":1976.276229835,"data":"{\"op\": \"rot90\", \"dtype\": \"uint8\", \"samples\": 3, \"diffs\": [], \"errors\": [], \"verdict\": \"ok\"}\n"}
,{"stream_name":"stdout","time":1976.276243824,"data":"{\"op\": \"rot90\", \"dtype\": \"int16\", \"samples\": 3, \"diffs\": [], \"errors\": [], \"verdict\": \"ok\"}\n"}
,{"stream_name":"stdout","time":1976.276248702,"data":"{\"op\": \"rot90\", \"dtype\": \"int32\", \"samples\": 3, \"diffs\": [], \"errors\": [], \"verdict\": \"ok\"}\n"}
,{"stream_name":"stdout","time":1976.276252777,"data":"{\"op\": \"rot90\", \"dtype\": \"bool\", \"samples\": 3, \"diffs\": [], \"errors\": [], \"verdict\": \"ok\"}\n"}
,{"stream_name":"stdout","time":1976.276257098,"data":"{\"op\": \"round\", \"dtype\": \"float32\", \"samples\": 1, \"diffs\": [], \"errors\": [], \"verdict\": \"ok\"}\n"}
,{"stream_name":"stdout","time":1976.276261031,"data":"{\"op\": \"round\", \"dtype\": \"float16\", \"samples\": 1, \"diffs\": [], \"errors\": [], \"verdict\": \"ok\"}\n"}
,{"stream_name":"stdout","time":1976.27626527,"data":"{\"op\": \"round\", \"dtype\": \"bfloat16\", \"samples\": 1, \"diffs\": [], \"errors\": [], \"verdict\": \"ok\"}\n"}
,{"stream_name":"stdout","time":1976.276270246,"data":"{\"op\": \"round\", \"dtype\": \"int8\", \"samples\": 1, \"diffs\": [], \"errors\": [], \"verdict\": \"ok\"}\n"}
,{"stream_name":"stdout","time":1976.276274959,"data":"{\"op\": \"round\", \"dtype\": \"uint8\", \"samples\": 1, \"diffs\": [], \"errors\": [], \"verdict\": \"ok\"}\n"}
,{"stream_name":"stdout","time":1976.276278909,"data":"{\"op\": \"round\", \"dtype\": \"int16\", \"samples\": 1, \"diffs\": [], \"errors\": [], \"verdict\": \"ok\"}\n"}
,{"stream_name":"stdout","time":1976.276282826,"data":"{\"op\": \"round\", \"dtype\": \"int32\", \"samples\": 1, \"diffs\": [], \"errors\": [], \"verdict\": \"ok\"}\n"}
,{"stream_name":"stdout","time":1976.276286867,"data":"{\"op\": \"round\", \"dtype\": \"float32\", \"samples\": 3, \"diffs\": [], \"errors\": [], \"verdict\": \"ok\"}\n"}
,{"stream_name":"stdout","time":1976.276291118,"data":"{\"op\": \"round\", \"dtype\": \"float16\", \"samples\": 3, \"diffs\": [], \"errors\": [], \"verdict\": \"ok\"}\n"}
,{"stream_name":"stdout","time":1976.276294941,"data":"{\"op\": \"round\", \"dtype\": \"bfloat16\", \"samples\": 3, \"diffs\": [], \"errors\": [], \"verdict\": \"ok\"}\n"}
,{"stream_name":"stdout","time":1976.276299941,"data":"{\"op\": \"round\", \"dtype\": \"float32\", \"samples\": 3, \"diffs\": [], \"errors\": [], \"verdict\": \"ok\"}\n"}
,{"stream_name":"stdout","time":1976.276304402,"data":"{\"op\": \"round\", \"dtype\": \"float16\", \"samples\": 3, \"diffs\": [{\"i\": 0, \"class\": \"VALUE\", \"detail\": \"inf at [11]: eager inf compiled 65504.0\", \"repr\": \"SampleInput(input=tensor([-6.7109,  5.7031,  0.7920,  2.8809, -4.1016,  8.5234, -1.9736, -2.8906,\\n         0.8120,  4.1602, -2.0449,  1.7256,  4.6406, -5.1719,  3.9570,  8.7188,\\n         0.9326, -7.2344, -7.9531,  1.5098], device='cuda:0',\\n       dtype=torch.float16), args=(), kwargs={'decimals': 3}\"}], \"errors\": [], \"verdict\": \"DIFF:VALUE\"}\n"}
,{"stream_name":"stdout","time":1976.276310203,"data":"{\"op\": \"round\", \"dtype\": \"bfloat16\", \"samples\": 3, \"diffs\": [], \"errors\": [], \"verdict\": \"ok\"}\n"}
,{"stream_name":"stdout","time":1976.276314414,"data":"{\"op\": \"round\", \"dtype\": \"float32\", \"samples\": 3, \"diffs\": [], \"errors\": [], \"verdict\": \"ok\"}\n"}
,{"stream_name":"stdout","time":1976.276318701,"data":"{\"op\": \"round\", \"dtype\": \"float16\", \"samples\": 3, \"diffs\": [], \"errors\": [], \"verdict\": \"ok\"}\n"}
,{"stream_name":"stdout","time":1976.276322921,"data":"{\"op\": \"round\", \"dtype\": \"bfloat16\", \"samples\": 3, \"diffs\": [], \"errors\": [], \"verdict\": \"ok\"}\n"}
,{"stream_name":"stdout","time":1976.276327334,"data":"{\"op\": \"sin\", \"dtype\": \"float32\", \"samples\": 1, \"diffs\": [], \"errors\": [], \"verdict\": \"ok\"}\n"}
,{"stream_name":"stdout","time":1976.276331458,"data":"{\"op\": \"sin\", \"dtype\": \"float16\", \"samples\": 1, \"diffs\": [], \"errors\": [], \"verdict\": \"ok\"}\n"}
,{"stream_name":"stdout","time":1976.276338095,"data":"{\"op\": \"sin\", \"dtype\": \"bfloat16\", \"samples\": 1, \"diffs\": [], \"errors\": [], \"verdict\": \"ok\"}\n"}
,{"stream_name":"stdout","time":1976.276342666,"data":"{\"op\": \"sin\", \"dtype\": \"int8\", \"samples\": 1, \"diffs\": [], \"errors\": [], \"verdict\": \"ok\"}\n"}
,{"stream_name":"stdout","time":1976.276346718,"data":"{\"op\": \"sin\", \"dtype\": \"uint8\", \"samples\": 1, \"diffs\": [], \"errors\": [], \"verdict\": \"ok\"}\n"}
,{"stream_name":"stdout","time":1976.276351025,"data":"{\"op\": \"sin\", \"dtype\": \"int16\", \"samples\": 1, \"diffs\": [], \"errors\": [], \"verdict\": \"ok\"}\n"}
,{"stream_name":"stdout","time":1976.276354914,"data":"{\"op\": \"sin\", \"dtype\": \"int32\", \"samples\": 1, \"diffs\": [], \"errors\": [], \"verdict\": \"ok\"}\n"}
,{"stream_name":"stdout","time":1976.27635966,"data":"{\"op\": \"sin\", \"dtype\": \"bool\", \"samples\": 1, \"diffs\": [], \"errors\": [], \"verdict\": \"ok\"}\n"}
,{"stream_name":"stdout","time":1976.276363535,"data":"{\"op\": \"sinc\", \"dtype\": \"float32\", \"samples\": 3, \"diffs\": [], \"errors\": [], \"verdict\": \"ok\"}\n"}
,{"stream_name":"stdout","time":1976.276367603,"data":"{\"op\": \"sinc\", \"dtype\": \"float16\", \"samples\": 3, \"diffs\": [], \"errors\": [], \"verdict\": \"ok\"}\n"}
,{"stream_name":"stdout","time":1976.276371712,"data":"{\"op\": \"sinc\", \"dtype\": \"bfloat16\", \"samples\": 3, \"diffs\": [], \"errors\": [], \"verdict\": \"ok\"}\n"}
,{"stream_name":"stdout","time":1976.276376227,"data":"{\"op\": \"sinc\", \"dtype\": \"int8\", \"samples\": 3, \"diffs\": [], \"errors\": [], \"verdict\": \"ok\"}\n"}
,{"stream_name":"stdout","time":1976.276380581,"data":"{\"op\": \"sinc\", \"dtype\": \"uint8\", \"samples\": 3, \"diffs\": [], \"errors\": [], \"verdict\": \"ok\"}\n"}
,{"stream_name":"stdout","time":1976.276384955,"data":"{\"op\": \"sinc\", \"dtype\": \"int16\", \"samples\": 3, \"diffs\": [], \"errors\": [], \"verdict\": \"ok\"}\n"}
,{"stream_name":"stdout","time":1976.276389564,"data":"{\"op\": \"sinc\", \"dtype\": \"int32\", \"samples\": 3, \"diffs\": [], \"errors\": [], \"verdict\": \"ok\"}\n"}
,{"stream_name":"stdout","time":1976.276395531,"data":"{\"op\": \"sinc\", \"dtype\": \"bool\", \"samples\": 3, \"diffs\": [], \"errors\": [], \"verdict\": \"ok\"}\n"}
,{"stream_name":"stdout","time":1976.276400084,"data":"{\"op\": \"sinh\", \"dtype\": \"float32\", \"samples\": 1, \"diffs\": [], \"errors\": [], \"verdict\": \"ok\"}\n"}
,{"stream_name":"stdout","time":1976.276404552,"data":"{\"op\": \"sinh\", \"dtype\": \"float16\", \"samples\": 1, \"diffs\": [], \"errors\": [], \"verdict\": \"ok\"}\n"}
,{"stream_name":"stdout","time":1976.276408375,"data":"{\"op\": \"sinh\", \"dtype\": \"bfloat16\", \"samples\": 1, \"diffs\": [], \"errors\": [], \"verdict\": \"ok\"}\n"}
,{"stream_name":"stdout","time":1976.27641261,"data":"{\"op\": \"sinh\", \"dtype\": \"int8\", \"samples\": 1, \"diffs\": [], \"errors\": [], \"verdict\": \"ok\"}\n"}
,{"stream_name":"stdout","time":1976.276416521,"data":"{\"op\": \"sinh\", \"dtype\": \"uint8\", \"samples\": 1, \"diffs\": [], \"errors\": [], \"verdict\": \"ok\"}\n"}
,{"stream_name":"stdout","time":1976.276420843,"data":"{\"op\": \"sinh\", \"dtype\": \"int16\", \"samples\": 1, \"diffs\": [], \"errors\": [], \"verdict\": \"ok\"}\n"}
,{"stream_name":"stdout","time":1976.276424819,"data":"{\"op\": \"sinh\", \"dtype\": \"int32\", \"samples\": 1, \"diffs\": [], \"errors\": [], \"verdict\": \"ok\"}\n"}
,{"stream_name":"stdout","time":1976.276428889,"data":"{\"op\": \"sinh\", \"dtype\": \"bool\", \"samples\": 1, \"diffs\": [], \"errors\": [], \"verdict\": \"ok\"}\n"}
,{"stream_name":"stdout","time":1976.276436167,"data":"{\"op\": \"sign\", \"dtype\": \"float32\", \"samples\": 1, \"diffs\": [], \"errors\": [], \"verdict\": \"ok\"}\n"}
,{"stream_name":"stdout","time":1976.276440609,"data":"{\"op\": \"sign\", \"dtype\": \"float16\", \"samples\": 1, \"diffs\": [], \"errors\": [], \"verdict\": \"ok\"}\n"}
,{"stream_name":"stdout","time":1976.276444718,"data":"{\"op\": \"sign\", \"dtype\": \"bfloat16\", \"samples\": 1, \"diffs\": [], \"errors\": [], \"verdict\": \"ok\"}\n"}
,{"stream_name":"stdout","time":1976.276448901,"data":"{\"op\": \"sign\", \"dtype\": \"int8\", \"samples\": 1, \"diffs\": [], \"errors\": [], \"verdict\": \"ok\"}\n"}
,{"stream_name":"stdout","time":1976.276452977,"data":"{\"op\": \"sign\", \"dtype\": \"uint8\", \"samples\": 1, \"diffs\": [], \"errors\": [], \"verdict\": \"ok\"}\n"}
,{"stream_name":"stdout","time":1976.276457062,"data":"{\"op\": \"sign\", \"dtype\": \"int16\", \"samples\": 1, \"diffs\": [], \"errors\": [], \"verdict\": \"ok\"}\n"}
,{"stream_name":"stdout","time":1976.276464158,"data":"{\"op\": \"sign\", \"dtype\": \"int32\", \"samples\": 1, \"diffs\": [], \"errors\": [], \"verdict\": \"ok\"}\n"}
,{"stream_name":"stdout","time":1976.276474618,"data":"{\"op\": \"sign\", \"dtype\": \"bool\", \"samples\": 1, \"diffs\": [], \"errors\": [], \"verdict\": \"ok\"}\n"}
,{"stream_name":"stdout","time":1976.27647913,"data":"{\"op\": \"sgn\", \"dtype\": \"float32\", \"samples\": 1, \"diffs\": [], \"errors\": [], \"verdict\": \"ok\"}\n"}
,{"stream_name":"stdout","time":1976.27648313,"data":"{\"op\": \"sgn\", \"dtype\": \"float16\", \"samples\": 1, \"diffs\": [], \"errors\": [], \"verdict\": \"ok\"}\n"}
,{"stream_name":"stdout","time":1976.276487911,"data":"{\"op\": \"sgn\", \"dtype\": \"bfloat16\", \"samples\": 1, \"diffs\": [], \"errors\": [], \"verdict\": \"ok\"}\n"}
,{"stream_name":"stdout","time":1976.276491992,"data":"{\"op\": \"sgn\", \"dtype\": \"int8\", \"samples\": 1, \"diffs\": [], \"errors\": [], \"verdict\": \"ok\"}\n"}
,{"stream_name":"stdout","time":1976.276496555,"data":"{\"op\": \"sgn\", \"dtype\": \"uint8\", \"samples\": 1, \"diffs\": [], \"errors\": [], \"verdict\": \"ok\"}\n"}
,{"stream_name":"stdout","time":1976.276500677,"data":"{\"op\": \"sgn\", \"dtype\": \"int16\", \"samples\": 1, \"diffs\": [], \"errors\": [], \"verdict\": \"ok\"}\n"}
,{"stream_name":"stdout","time":1976.276504847,"data":"{\"op\": \"sgn\", \"dtype\": \"int32\", \"samples\": 1, \"diffs\": [], \"errors\": [], \"verdict\": \"ok\"}\n"}
,{"stream_name":"stdout","time":1976.276508829,"data":"{\"op\": \"sgn\", \"dtype\": \"bool\", \"samples\": 1, \"diffs\": [], \"errors\": [], \"verdict\": \"ok\"}\n"}
,{"stream_name":"stdout","time":1976.276512971,"data":"{\"op\": \"split\", \"dtype\": \"float32\", \"samples\": 2, \"diffs\": [], \"errors\": [], \"verdict\": \"ok\"}\n"}
,{"stream_name":"stdout","time":1976.276517005,"data":"{\"op\": \"split\", \"dtype\": \"float16\", \"samples\": 2, \"diffs\": [], \"errors\": [], \"verdict\": \"ok\"}\n"}
,{"stream_name":"stdout","time":1976.276520989,"data":"{\"op\": \"split\", \"dtype\": \"bfloat16\", \"samples\": 2, \"diffs\": [], \"errors\": [], \"verdict\": \"ok\"}\n"}
,{"stream_name":"stdout","time":1976.276524888,"data":"{\"op\": \"split\", \"dtype\": \"int8\", \"samples\": 2, \"diffs\": [], \"errors\": [], \"verdict\": \"ok\"}\n"}
,{"stream_name":"stdout","time":1976.276528871,"data":"{\"op\": \"split\", \"dtype\": \"uint8\", \"samples\": 2, \"diffs\": [], \"errors\": [], \"verdict\": \"ok\"}\n"}
,{"stream_name":"stdout","time":1976.27653303,"data":"{\"op\": \"split\", \"dtype\": \"int16\", \"samples\": 2, \"diffs\": [], \"errors\": [], \"verdict\": \"ok\"}\n"}
,{"stream_name":"stdout","time":1976.276537354,"data":"{\"op\": \"split\", \"dtype\": \"int32\", \"samples\": 2, \"diffs\": [], \"errors\": [], \"verdict\": \"ok\"}\n"}
,{"stream_name":"stdout","time":1976.276547111,"data":"{\"op\": \"split\", \"dtype\": \"bool\", \"samples\": 2, \"diffs\": [], \"errors\": [], \"verdict\": \"ok\"}\n"}
,{"stream_name":"stdout","time":1976.276551554,"data":"{\"op\": \"split\", \"dtype\": \"float32\", \"samples\": 3, \"diffs\": [], \"errors\": [], \"verdict\": \"ok\"}\n"}
,{"stream_name":"stdout","time":1976.276556423,"data":"{\"op\": \"split\", \"dtype\": \"float16\", \"samples\": 3, \"diffs\": [], \"errors\": [], \"verdict\": \"ok\"}\n"}
,{"stream_name":"stdout","time":1976.276560364,"data":"{\"op\": \"split\", \"dtype\": \"bfloat16\", \"samples\": 3, \"diffs\": [], \"errors\": [], \"verdict\": \"ok\"}\n"}
,{"stream_name":"stdout","time":1976.276564331,"data":"{\"op\": \"split\", \"dtype\": \"int8\", \"samples\": 3, \"diffs\": [], \"errors\": [], \"verdict\": \"ok\"}\n"}
,{"stream_name":"stdout","time":1976.276568397,"data":"{\"op\": \"split\", \"dtype\": \"uint8\", \"samples\": 3, \"diffs\": [], \"errors\": [], \"verdict\": \"ok\"}\n"}
,{"stream_name":"stdout","time":1976.276572584,"data":"{\"op\": \"split\", \"dtype\": \"int16\", \"samples\": 3, \"diffs\": [], \"errors\": [], \"verdict\": \"ok\"}\n"}
,{"stream_name":"stdout","time":1976.276577663,"data":"{\"op\": \"split\", \"dtype\": \"int32\", \"samples\": 3, \"diffs\": [], \"errors\": [], \"verdict\": \"ok\"}\n"}
,{"stream_name":"stdout","time":1976.276582156,"data":"{\"op\": \"split\", \"dtype\": \"bool\", \"samples\": 3, \"diffs\": [], \"errors\": [], \"verdict\": \"ok\"}\n"}
,{"stream_name":"stdout","time":1976.276587062,"data":"{\"op\": \"unsafe_split\", \"dtype\": \"float32\", \"samples\": 2, \"diffs\": [], \"errors\": [], \"verdict\": \"ok\"}\n"}
,{"stream_name":"stdout","time":1976.27659214,"data":"{\"op\": \"unsafe_split\", \"dtype\": \"float16\", \"samples\": 2, \"diffs\": [], \"errors\": [], \"verdict\": \"ok\"}\n"}
,{"stream_name":"stdout","time":1976.276596386,"data":"{\"op\": \"unsafe_split\", \"dtype\": \"bfloat16\", \"samples\": 2, \"diffs\": [], \"errors\": [], \"verdict\": \"ok\"}\n"}
,{"stream_name":"stdout","time":1976.276600746,"data":"{\"op\": \"unsafe_split\", \"dtype\": \"int8\", \"samples\": 2, \"diffs\": [], \"errors\": [], \"verdict\": \"ok\"}\n"}
,{"stream_name":"stdout","time":1976.27660497,"data":"{\"op\": \"unsafe_split\", \"dtype\": \"uint8\", \"samples\": 2, \"diffs\": [], \"errors\": [], \"verdict\": \"ok\"}\n"}
,{"stream_name":"stdout","time":1976.276608808,"data":"{\"op\": \"unsafe_split\", \"dtype\": \"int16\", \"samples\": 2, \"diffs\": [], \"errors\": [], \"verdict\": \"ok\"}\n"}
,{"stream_name":"stdout","time":1976.276612682,"data":"{\"op\": \"unsafe_split\", \"dtype\": \"int32\", \"samples\": 2, \"diffs\": [], \"errors\": [], \"verdict\": \"ok\"}\n"}
,{"stream_name":"stdout","time":1976.276617427,"data":"{\"op\": \"unsafe_split\", \"dtype\": \"bool\", \"samples\": 2, \"diffs\": [], \"errors\": [], \"verdict\": \"ok\"}\n"}
,{"stream_name":"stdout","time":1976.276621726,"data":"{\"op\": \"split_with_sizes\", \"dtype\": \"float32\", \"samples\": 3, \"diffs\": [], \"errors\": [], \"verdict\": \"ok\"}\n"}
,{"stream_name":"stdout","time":1976.276626099,"data":"{\"op\": \"split_with_sizes\", \"dtype\": \"float16\", \"samples\": 3, \"diffs\": [], \"errors\": [], \"verdict\": \"ok\"}\n"}
,{"stream_name":"stdout","time":1976.276630324,"data":"{\"op\": \"split_with_sizes\", \"dtype\": \"bfloat16\", \"samples\": 3, \"diffs\": [], \"errors\": [], \"verdict\": \"ok\"}\n"}
,{"stream_name":"stdout","time":1976.276634853,"data":"{\"op\": \"split_with_sizes\", \"dtype\": \"int8\", \"samples\": 3, \"diffs\": [], \"errors\": [], \"verdict\": \"ok\"}\n"}
,{"stream_name":"stdout","time":1976.276638958,"data":"{\"op\": \"split_with_sizes\", \"dtype\": \"uint8\", \"samples\": 3, \"diffs\": [], \"errors\": [], \"verdict\": \"ok\"}\n"}
,{"stream_name":"stdout","time":1976.276646675,"data":"{\"op\": \"split_with_sizes\", \"dtype\": \"int16\", \"samples\": 3, \"diffs\": [], \"errors\": [], \"verdict\": \"ok\"}\n"}
,{"stream_name":"stdout","time":1976.276650933,"data":"{\"op\": \"split_with_sizes\", \"dtype\": \"int32\", \"samples\": 3, \"diffs\": [], \"errors\": [], \"verdict\": \"ok\"}\n"}
,{"stream_name":"stdout","time":1976.276655232,"data":"{\"op\": \"split_with_sizes\", \"dtype\": \"bool\", \"samples\": 3, \"diffs\": [], \"errors\": [], \"verdict\": \"ok\"}\n"}
,{"stream_name":"stdout","time":1976.276659342,"data":"{\"op\": \"split_with_sizes_copy\", \"dtype\": \"float32\", \"samples\": 3, \"diffs\": [], \"errors\": [], \"verdict\": \"ok\"}\n"}
,{"stream_name":"stdout","time":1976.276664009,"data":"{\"op\": \"split_with_sizes_copy\", \"dtype\": \"float16\", \"samples\": 3, \"diffs\": [], \"errors\": [], \"verdict\": \"ok\"}\n"}
,{"stream_name":"stdout","time":1976.276668037,"data":"{\"op\": \"split_with_sizes_copy\", \"dtype\": \"bfloat16\", \"samples\": 3, \"diffs\": [], \"errors\": [], \"verdict\": \"ok\"}\n"}
,{"stream_name":"stdout","time":1976.276672403,"data":"{\"op\": \"split_with_sizes_copy\", \"dtype\": \"int8\", \"samples\": 3, \"diffs\": [], \"errors\": [], \"verdict\": \"ok\"}\n"}
,{"stream_name":"stdout","time":1976.276676954,"data":"{\"op\": \"split_with_sizes_copy\", \"dtype\": \"uint8\", \"samples\": 3, \"diffs\": [], \"errors\": [], \"verdict\": \"ok\"}\n"}
,{"stream_name":"stdout","time":1976.276681255,"data":"{\"op\": \"split_with_sizes_copy\", \"dtype\": \"int16\", \"samples\": 3, \"diffs\": [], \"errors\": [], \"verdict\": \"ok\"}\n"}
,{"stream_name":"stdout","time":1976.276685731,"data":"{\"op\": \"split_with_sizes_copy\", \"dtype\": \"int32\", \"samples\": 3, \"diffs\": [], \"errors\": [], \"verdict\": \"ok\"}\n"}
,{"stream_name":"stdout","time":1976.276689959,"data":"{\"op\": \"split_with_sizes_copy\", \"dtype\": \"bool\", \"samples\": 3, \"diffs\": [], \"errors\": [], \"verdict\": \"ok\"}\n"}
,{"stream_name":"stdout","time":1976.276694187,"data":"{\"op\": \"__radd__\", \"dtype\": \"float32\", \"samples\": 3, \"diffs\": [], \"errors\": [], \"verdict\": \"ok\"}\n"}
,{"stream_name":"stdout","time":1976.276698329,"data":"{\"op\": \"__radd__\", \"dtype\": \"float16\", \"samples\": 3, \"diffs\": [], \"errors\": [], \"verdict\": \"ok\"}\n"}
,{"stream_name":"stdout","time":1976.276702516,"data":"{\"op\": \"__radd__\", \"dtype\": \"bfloat16\", \"samples\": 3, \"diffs\": [], \"errors\": [], \"verdict\": \"ok\"}\n"}
,{"stream_name":"stdout","time":1976.276706503,"data":"{\"op\": \"__radd__\", \"dtype\": \"int8\", \"samples\": 3, \"diffs\": [], \"errors\": [], \"verdict\": \"ok\"}\n"}
,{"stream_name":"stdout","time":1976.276710926,"data":"{\"op\": \"__radd__\", \"dtype\": \"uint8\", \"samples\": 3, \"diffs\": [], \"errors\": [], \"verdict\": \"ok\"}\n"}
,{"stream_name":"stdout","time":1976.276715332,"data":"{\"op\": \"__radd__\", \"dtype\": \"int16\", \"samples\": 3, \"diffs\": [], \"errors\": [], \"verdict\": \"ok\"}\n"}
,{"stream_name":"stdout","time":1976.276719373,"data":"{\"op\": \"__radd__\", \"dtype\": \"int32\", \"samples\": 3, \"diffs\": [], \"errors\": [], \"verdict\": \"ok\"}\n"}
,{"stream_name":"stdout","time":1976.276723577,"data":"{\"op\": \"__radd__\", \"dtype\": \"bool\", \"samples\": 3, \"diffs\": [], \"errors\": [], \"verdict\": \"ok\"}\n"}
,{"stream_name":"stdout","time":1976.276727661,"data":"{\"op\": \"__rdiv__\", \"dtype\": \"float32\", \"samples\": 3, \"diffs\": [], \"errors\": [], \"verdict\": \"ok\"}\n"}
,{"stream_name":"stdout","time":1976.276732056,"data":"{\"op\": \"__rdiv__\", \"dtype\": \"float16\", \"samples\": 3, \"diffs\": [], \"errors\": [], \"verdict\": \"ok\"}\n"}
,{"stream_name":"stdout","time":1976.276736543,"data":"{\"op\": \"__rdiv__\", \"dtype\": \"bfloat16\", \"samples\": 3, \"diffs\": [], \"errors\": [], \"verdict\": \"ok\"}\n"}
,{"stream_name":"stdout","time":1976.276744032,"data":"{\"op\": \"__rdiv__\", \"dtype\": \"int8\", \"samples\": 3, \"diffs\": [], \"errors\": [], \"verdict\": \"ok\"}\n"}
,{"stream_name":"stdout","time":1976.276749163,"data":"{\"op\": \"__rdiv__\", \"dtype\": \"uint8\", \"samples\": 3, \"diffs\": [], \"errors\": [], \"verdict\": \"ok\"}\n"}
,{"stream_name":"stdout","time":1976.276753643,"data":"{\"op\": \"__rdiv__\", \"dtype\": \"int16\", \"samples\": 3, \"diffs\": [], \"errors\": [], \"verdict\": \"ok\"}\n"}
,{"stream_name":"stdout","time":1976.276758071,"data":"{\"op\": \"__rdiv__\", \"dtype\": \"int32\", \"samples\": 3, \"diffs\": [], \"errors\": [], \"verdict\": \"ok\"}\n"}
,{"stream_name":"stdout","time":1976.276762087,"data":"{\"op\": \"__rdiv__\", \"dtype\": \"bool\", \"samples\": 3, \"diffs\": [], \"errors\": [], \"verdict\": \"ok\"}\n"}
,{"stream_name":"stdout","time":1976.276766134,"data":"{\"op\": \"__rmul__\", \"dtype\": \"float32\", \"samples\": 3, \"diffs\": [], \"errors\": [], \"verdict\": \"ok\"}\n"}
,{"stream_name":"stdout","time":1976.276770969,"data":"{\"op\": \"__rmul__\", \"dtype\": \"float16\", \"samples\": 3, \"diffs\": [], \"errors\": [], \"verdict\": \"ok\"}\n"}
,{"stream_name":"stdout","time":1976.276774925,"data":"{\"op\": \"__rmul__\", \"dtype\": \"bfloat16\", \"samples\": 3, \"diffs\": [], \"errors\": [], \"verdict\": \"ok\"}\n"}
,{"stream_name":"stdout","time":1976.276778945,"data":"{\"op\": \"__rmul__\", \"dtype\": \"int8\", \"samples\": 3, \"diffs\": [], \"errors\": [], \"verdict\": \"ok\"}\n"}
,{"stream_name":"stdout","time":1976.276783005,"data":"{\"op\": \"__rmul__\", \"dtype\": \"uint8\", \"samples\": 3, \"diffs\": [], \"errors\": [], \"verdict\": \"ok\"}\n"}
,{"stream_name":"stdout","time":1976.276787077,"data":"{\"op\": \"__rmul__\", \"dtype\": \"int16\", \"samples\": 3, \"diffs\": [], \"errors\": [], \"verdict\": \"ok\"}\n"}
,{"stream_name":"stdout","time":1976.276791247,"data":"{\"op\": \"__rmul__\", \"dtype\": \"int32\", \"samples\": 3, \"diffs\": [], \"errors\": [], \"verdict\": \"ok\"}\n"}
,{"stream_name":"stdout","time":1976.276795231,"data":"{\"op\": \"__rmul__\", \"dtype\": \"bool\", \"samples\": 3, \"diffs\": [], \"errors\": [], \"verdict\": \"ok\"}\n"}
,{"stream_name":"stdout","time":1976.276799334,"data":"{\"op\": \"__ror__\", \"dtype\": \"int8\", \"samples\": 3, \"diffs\": [], \"errors\": [], \"verdict\": \"ok\"}\n"}
,{"stream_name":"stdout","time":1976.276805069,"data":"{\"op\": \"__ror__\", \"dtype\": \"uint8\", \"samples\": 3, \"diffs\": [], \"errors\": [], \"verdict\": \"ok\"}\n"}
,{"stream_name":"stdout","time":1976.27680894,"data":"{\"op\": \"__ror__\", \"dtype\": \"int16\", \"samples\": 3, \"diffs\": [], \"errors\": [], \"verdict\": \"ok\"}\n"}
,{"stream_name":"stdout","time":1976.276813402,"data":"{\"op\": \"__ror__\", \"dtype\": \"int32\", \"samples\": 3, \"diffs\": [], \"errors\": [], \"verdict\": \"ok\"}\n"}
,{"stream_name":"stdout","time":1976.276817654,"data":"{\"op\": \"__ror__\", \"dtype\": \"bool\", \"samples\": 3, \"diffs\": [], \"errors\": [], \"verdict\": \"ok\"}\n"}
,{"stream_name":"stdout","time":1976.276822305,"data":"{\"op\": \"__rxor__\", \"dtype\": \"int8\", \"samples\": 3, \"diffs\": [], \"errors\": [], \"verdict\": \"ok\"}\n"}
,{"stream_name":"stdout","time":1976.276826404,"data":"{\"op\": \"__rxor__\", \"dtype\": \"uint8\", \"samples\": 3, \"diffs\": [], \"errors\": [], \"verdict\": \"ok\"}\n"}
,{"stream_name":"stdout","time":1976.276830267,"data":"{\"op\": \"__rxor__\", \"dtype\": \"int16\", \"samples\": 3, \"diffs\": [], \"errors\": [], \"verdict\": \"ok\"}\n"}
,{"stream_name":"stdout","time":1976.276834373,"data":"{\"op\": \"__rxor__\", \"dtype\": \"int32\", \"samples\": 3, \"diffs\": [], \"errors\": [], \"verdict\": \"ok\"}\n"}
,{"stream_name":"stdout","time":1976.27684249,"data":"{\"op\": \"__rxor__\", \"dtype\": \"bool\", \"samples\": 3, \"diffs\": [], \"errors\": [], \"verdict\": \"ok\"}\n"}
,{"stream_name":"stdout","time":1976.276846477,"data":"{\"op\": \"__rmatmul__\", \"dtype\": \"float32\", \"samples\": 3, \"diffs\": [], \"errors\": [], \"verdict\": \"ok\"}\n"}
,{"stream_name":"stdout","time":1976.276850779,"data":"{\"op\": \"__rmatmul__\", \"dtype\": \"float16\", \"samples\": 3, \"diffs\": [], \"errors\": [], \"verdict\": \"ok\"}\n"}
,{"stream_name":"stdout","time":1976.276854771,"data":"{\"op\": \"__rmatmul__\", \"dtype\": \"bfloat16\", \"samples\": 3, \"diffs\": [], \"errors\": [], \"verdict\": \"ok\"}\n"}
,{"stream_name":"stdout","time":1976.276859853,"data":"{\"op\": \"__rmod__\", \"dtype\": \"float32\", \"samples\": 3, \"diffs\": [{\"i\": 2, \"class\": \"SIGNZERO\", \"detail\": \"sign of zero\", \"repr\": \"SampleInput(input=tensor([[-6.7103],\\n        [ 5.7013],\\n        [ 0.7920],\\n        [ 2.8814],\\n        [-4.1030]], device='cuda:0'), args=(tensor([ 2.1750, -8.5027, -3.1403, -6.9942,  3.2609], device='cuda:0'),), kwargs={}, broadcasts_input=True, name='')\"}], \"errors\": [], \"verdict\": \"DIFF:SIGNZERO\"}\n"}
,{"stream_name":"stdout","time":1976.2768661,"data":"{\"op\": \"__rmod__\", \"dtype\": \"float16\", \"samples\": 3, \"diffs\": [{\"i\": 2, \"class\": \"SIGNZERO\", \"detail\": \"sign of zero\", \"repr\": \"SampleInput(input=tensor([[-6.7109],\\n        [ 5.7031],\\n        [ 0.7920],\\n        [ 2.8809],\\n        [-4.1016]], device='cuda:0', dtype=torch.float16), args=(tensor([ 2.1758, -8.5000, -3.1406, -6.9961,  3.2617], device='cuda:0',\\n       dtype=torch.float16),), kwargs={}, broadcasts_input=True, name=\"}], \"errors\": [], \"verdict\": \"DIFF:SIGNZERO\"}\n"}
,{"stream_name":"stdout","time":1976.276872317,"data":"{\"op\": \"__rmod__\", \"dtype\": \"bfloat16\", \"samples\": 3, \"diffs\": [], \"errors\": [], \"verdict\": \"ok\"}\n"}
,{"stream_name":"stdout","time":1976.276876777,"data":"{\"op\": \"__rmod__\", \"dtype\": \"int8\", \"samples\": 3, \"diffs\": [], \"errors\": [], \"verdict\": \"ok\"}\n"}
,{"stream_name":"stdout","time":1976.276880929,"data":"{\"op\": \"__rmod__\", \"dtype\": \"uint8\", \"samples\": 3, \"diffs\": [], \"errors\": [], \"verdict\": \"ok\"}\n"}
,{"stream_name":"stdout","time":1976.276885147,"data":"{\"op\": \"__rmod__\", \"dtype\": \"int16\", \"samples\": 3, \"diffs\": [], \"errors\": [], \"verdict\": \"ok\"}\n"}
,{"stream_name":"stdout","time":1976.276889439,"data":"{\"op\": \"__rmod__\", \"dtype\": \"int32\", \"samples\": 3, \"diffs\": [], \"errors\": [], \"verdict\": \"ok\"}\n"}
,{"stream_name":"stdout","time":1976.276893726,"data":"{\"op\": \"__rpow__\", \"dtype\": \"float32\", \"samples\": 3, \"diffs\": [], \"errors\": [], \"verdict\": \"ok\"}\n"}
,{"stream_name":"stdout","time":1976.276898295,"data":"{\"op\": \"__rpow__\", \"dtype\": \"float16\", \"samples\": 3, \"diffs\": [], \"errors\": [], \"verdict\": \"ok\"}\n"}
,{"stream_name":"stdout","time":1976.276902508,"data":"{\"op\": \"__rpow__\", \"dtype\": \"bfloat16\", \"samples\": 3, \"diffs\": [], \"errors\": [], \"verdict\": \"ok\"}\n"}
,{"stream_name":"stdout","time":1976.276906901,"data":"{\"op\": \"__rpow__\", \"dtype\": \"int8\", \"samples\": 3, \"diffs\": [], \"errors\": [], \"verdict\": \"ok\"}\n"}
,{"stream_name":"stdout","time":1976.276910921,"data":"{\"op\": \"__rpow__\", \"dtype\": \"uint8\", \"samples\": 3, \"diffs\": [], \"errors\": [], \"verdict\": \"ok\"}\n"}
,{"stream_name":"stdout","time":1976.276915739,"data":"{\"op\": \"__rpow__\", \"dtype\": \"int16\", \"samples\": 3, \"diffs\": [], \"errors\": [], \"verdict\": \"ok\"}\n"}
,{"stream_name":"stdout","time":1976.276920242,"data":"{\"op\": \"__rpow__\", \"dtype\": \"int32\", \"samples\": 3, \"diffs\": [], \"errors\": [], \"verdict\": \"ok\"}\n"}
,{"stream_name":"stdout","time":1976.276944539,"data":"{\"op\": \"__rsub__\", \"dtype\": \"float32\", \"samples\": 3, \"diffs\": [], \"errors\": [], \"verdict\": \"ok\"}\n"}
,{"stream_name":"stdout","time":1976.276954534,"data":"{\"op\": \"__rsub__\", \"dtype\": \"float16\", \"samples\": 3, \"diffs\": [], \"errors\": [], \"verdict\": \"ok\"}\n"}
,{"stream_name":"stdout","time":1976.276959089,"data":"{\"op\": \"__rsub__\", \"dtype\": \"bfloat16\", \"samples\": 3, \"diffs\": [], \"errors\": [], \"verdict\": \"ok\"}\n"}
,{"stream_name":"stdout","time":1976.276963331,"data":"{\"op\": \"__rsub__\", \"dtype\": \"int8\", \"samples\": 3, \"diffs\": [], \"errors\": [], \"verdict\": \"ok\"}\n"}
,{"stream_name":"stdout","time":1976.276968087,"data":"{\"op\": \"__rsub__\", \"dtype\": \"uint8\", \"samples\": 3, \"diffs\": [], \"errors\": [], \"verdict\": \"ok\"}\n"}
,{"stream_name":"stdout","time":1976.276972016,"data":"{\"op\": \"__rsub__\", \"dtype\": \"int16\", \"samples\": 3, \"diffs\": [], \"errors\": [], \"verdict\": \"ok\"}\n"}
,{"stream_name":"stdout","time":1976.276977247,"data":"{\"op\": \"__rsub__\", \"dtype\": \"int32\", \"samples\": 3, \"diffs\": [], \"errors\": [], \"verdict\": \"ok\"}\n"}
,{"stream_name":"stdout","time":1976.276981351,"data":"{\"op\": \"rsub\", \"dtype\": \"float32\", \"samples\": 3, \"diffs\": [], \"errors\": [], \"verdict\": \"ok\"}\n"}
,{"stream_name":"stdout","time":1976.276985843,"data":"{\"op\": \"rsub\", \"dtype\": \"float16\", \"samples\": 3, \"diffs\": [], \"errors\": [], \"verdict\": \"ok\"}\n"}
,{"stream_name":"stdout","time":1976.276989989,"data":"{\"op\": \"rsub\", \"dtype\": \"bfloat16\", \"samples\": 3, \"diffs\": [], \"errors\": [], \"verdict\": \"ok\"}\n"}
,{"stream_name":"stdout","time":1976.276994206,"data":"{\"op\": \"rsub\", \"dtype\": \"int8\", \"samples\": 3, \"diffs\": [], \"errors\": [], \"verdict\": \"ok\"}\n"}
,{"stream_name":"stdout","time":1976.276998799,"data":"{\"op\": \"rsub\", \"dtype\": \"uint8\", \"samples\": 3, \"diffs\": [], \"errors\": [], \"verdict\": \"ok\"}\n"}
,{"stream_name":"stdout","time":1976.277004717,"data":"{\"op\": \"rsub\", \"dtype\": \"int16\", \"samples\": 3, \"diffs\": [], \"errors\": [], \"verdict\": \"ok\"}\n"}
,{"stream_name":"stdout","time":1976.277008989,"data":"{\"op\": \"rsub\", \"dtype\": \"int32\", \"samples\": 3, \"diffs\": [], \"errors\": [], \"verdict\": \"ok\"}\n"}
,{"stream_name":"stdout","time":1976.277013421,"data":"{\"op\": \"select\", \"dtype\": \"float32\", \"samples\": 3, \"diffs\": [], \"errors\": [], \"verdict\": \"ok\"}\n"}
,{"stream_name":"stdout","time":1976.277017677,"data":"{\"op\": \"select\", \"dtype\": \"float16\", \"samples\": 3, \"diffs\": [], \"errors\": [], \"verdict\": \"ok\"}\n"}
,{"stream_name":"stdout","time":1976.277025885,"data":"{\"op\": \"select\", \"dtype\": \"bfloat16\", \"samples\": 3, \"diffs\": [], \"errors\": [], \"verdict\": \"ok\"}\n"}
,{"stream_name":"stdout","time":1976.2770304,"data":"{\"op\": \"select\", \"dtype\": \"int8\", \"samples\": 3, \"diffs\": [], \"errors\": [], \"verdict\": \"ok\"}\n"}
,{"stream_name":"stdout","time":1976.277034523,"data":"{\"op\": \"select\", \"dtype\": \"uint8\", \"samples\": 3, \"diffs\": [], \"errors\": [], \"verdict\": \"ok\"}\n"}
,{"stream_name":"stdout","time":1976.277039053,"data":"{\"op\": \"select\", \"dtype\": \"int16\", \"samples\": 3, \"diffs\": [], \"errors\": [], \"verdict\": \"ok\"}\n"}
,{"stream_name":"stdout","time":1976.277043219,"data":"{\"op\": \"select\", \"dtype\": \"int32\", \"samples\": 3, \"diffs\": [], \"errors\": [], \"verdict\": \"ok\"}\n"}
,{"stream_name":"stdout","time":1976.277047899,"data":"{\"op\": \"select\", \"dtype\": \"bool\", \"samples\": 3, \"diffs\": [], \"errors\": [], \"verdict\": \"ok\"}\n"}
,{"stream_name":"stdout","time":1976.277052197,"data":"{\"op\": \"select_scatter\", \"dtype\": \"float32\", \"samples\": 3, \"diffs\": [], \"errors\": [], \"verdict\": \"ok\"}\n"}
,{"stream_name":"stdout","time":1976.277065024,"data":"{\"op\": \"select_scatter\", \"dtype\": \"float16\", \"samples\": 3, \"diffs\": [], \"errors\": [], \"verdict\": \"ok\"}\n"}
,{"stream_name":"stdout","time":1976.277069657,"data":"{\"op\": \"select_scatter\", \"dtype\": \"bfloat16\", \"samples\": 3, \"diffs\": [], \"errors\": [], \"verdict\": \"ok\"}\n"}
,{"stream_name":"stdout","time":1976.277073932,"data":"{\"op\": \"select_scatter\", \"dtype\": \"int8\", \"samples\": 3, \"diffs\": [], \"errors\": [], \"verdict\": \"ok\"}\n"}
,{"stream_name":"stdout","time":1976.27707825,"data":"{\"op\": \"select_scatter\", \"dtype\": \"uint8\", \"samples\": 3, \"diffs\": [], \"errors\": [], \"verdict\": \"ok\"}\n"}
,{"stream_name":"stdout","time":1976.277082524,"data":"{\"op\": \"select_scatter\", \"dtype\": \"int16\", \"samples\": 3, \"diffs\": [], \"errors\": [], \"verdict\": \"ok\"}\n"}
,{"stream_name":"stdout","time":1976.277086413,"data":"{\"op\": \"select_scatter\", \"dtype\": \"int32\", \"samples\": 3, \"diffs\": [], \"errors\": [], \"verdict\": \"ok\"}\n"}
,{"stream_name":"stdout","time":1976.277090389,"data":"{\"op\": \"select_scatter\", \"dtype\": \"bool\", \"samples\": 3, \"diffs\": [], \"errors\": [], \"verdict\": \"ok\"}\n"}
,{"stream_name":"stdout","time":1976.277094725,"data":"{\"op\": \"slice\", \"dtype\": \"float32\", \"samples\": 3, \"diffs\": [], \"errors\": [], \"verdict\": \"ok\"}\n"}
,{"stream_name":"stdout","time":1976.27709899,"data":"{\"op\": \"slice\", \"dtype\": \"float16\", \"samples\": 3, \"diffs\": [], \"errors\": [], \"verdict\": \"ok\"}\n"}
,{"stream_name":"stdout","time":1976.277102959,"data":"{\"op\": \"slice\", \"dtype\": \"bfloat16\", \"samples\": 3, \"diffs\": [], \"errors\": [], \"verdict\": \"ok\"}\n"}
,{"stream_name":"stdout","time":1976.277108247,"data":"{\"op\": \"slice\", \"dtype\": \"int8\", \"samples\": 3, \"diffs\": [], \"errors\": [], \"verdict\": \"ok\"}\n"}
,{"stream_name":"stdout","time":1976.27711267,"data":"{\"op\": \"slice\", \"dtype\": \"uint8\", \"samples\": 3, \"diffs\": [], \"errors\": [], \"verdict\": \"ok\"}\n"}
,{"stream_name":"stdout","time":1976.277116761,"data":"{\"op\": \"slice\", \"dtype\": \"int16\", \"samples\": 3, \"diffs\": [], \"errors\": [], \"verdict\": \"ok\"}\n"}
,{"stream_name":"stdout","time":1976.277121051,"data":"{\"op\": \"slice\", \"dtype\": \"int32\", \"samples\": 3, \"diffs\": [], \"errors\": [], \"verdict\": \"ok\"}\n"}
,{"stream_name":"stdout","time":1976.277125578,"data":"{\"op\": \"slice\", \"dtype\": \"bool\", \"samples\": 3, \"diffs\": [], \"errors\": [], \"verdict\": \"ok\"}\n"}
,{"stream_name":"stdout","time":1976.277130278,"data":"{\"op\": \"slice_scatter\", \"dtype\": \"float32\", \"samples\": 3, \"diffs\": [], \"errors\": [], \"verdict\": \"ok\"}\n"}
,{"stream_name":"stdout","time":1976.277134651,"data":"{\"op\": \"slice_scatter\", \"dtype\": \"float16\", \"samples\": 3, \"diffs\": [], \"errors\": [], \"verdict\": \"ok\"}\n"}
,{"stream_name":"stdout","time":1976.27713893,"data":"{\"op\": \"slice_scatter\", \"dtype\": \"bfloat16\", \"samples\": 3, \"diffs\": [], \"errors\": [], \"verdict\": \"ok\"}\n"}
,{"stream_name":"stdout","time":1976.277143182,"data":"{\"op\": \"slice_scatter\", \"dtype\": \"int8\", \"samples\": 3, \"diffs\": [], \"errors\": [], \"verdict\": \"ok\"}\n"}
,{"stream_name":"stdout","time":1976.277147501,"data":"{\"op\": \"slice_scatter\", \"dtype\": \"uint8\", \"samples\": 3, \"diffs\": [], \"errors\": [], \"verdict\": \"ok\"}\n"}
,{"stream_name":"stdout","time":1976.277151489,"data":"{\"op\": \"slice_scatter\", \"dtype\": \"int16\", \"samples\": 3, \"diffs\": [], \"errors\": [], \"verdict\": \"ok\"}\n"}
,{"stream_name":"stdout","time":1976.277156135,"data":"{\"op\": \"slice_scatter\", \"dtype\": \"int32\", \"samples\": 3, \"diffs\": [], \"errors\": [], \"verdict\": \"ok\"}\n"}
,{"stream_name":"stdout","time":1976.277163666,"data":"{\"op\": \"slice_scatter\", \"dtype\": \"bool\", \"samples\": 3, \"diffs\": [], \"errors\": [], \"verdict\": \"ok\"}\n"}
,{"stream_name":"stdout","time":1976.277167773,"data":"{\"op\": \"signbit\", \"dtype\": \"float32\", \"samples\": 1, \"diffs\": [], \"errors\": [], \"verdict\": \"ok\"}\n"}
,{"stream_name":"stdout","time":1976.277172106,"data":"{\"op\": \"signbit\", \"dtype\": \"float16\", \"samples\": 1, \"diffs\": [], \"errors\": [], \"verdict\": \"ok\"}\n"}
,{"stream_name":"stdout","time":1976.277176126,"data":"{\"op\": \"signbit\", \"dtype\": \"bfloat16\", \"samples\": 1, \"diffs\": [], \"errors\": [], \"verdict\": \"ok\"}\n"}
,{"stream_name":"stdout","time":1976.277180898,"data":"{\"op\": \"signbit\", \"dtype\": \"int8\", \"samples\": 1, \"diffs\": [], \"errors\": [], \"verdict\": \"ok\"}\n"}
,{"stream_name":"stdout","time":1976.277185126,"data":"{\"op\": \"signbit\", \"dtype\": \"uint8\", \"samples\": 1, \"diffs\": [], \"errors\": [], \"verdict\": \"ok\"}\n"}
,{"stream_name":"stdout","time":1976.27718916,"data":"{\"op\": \"signbit\", \"dtype\": \"int16\", \"samples\": 1, \"diffs\": [], \"errors\": [], \"verdict\": \"ok\"}\n"}
,{"stream_name":"stdout","time":1976.277193564,"data":"{\"op\": \"signbit\", \"dtype\": \"int32\", \"samples\": 1, \"diffs\": [], \"errors\": [], \"verdict\": \"ok\"}\n"}
,{"stream_name":"stdout","time":1976.277198967,"data":"{\"op\": \"signbit\", \"dtype\": \"bool\", \"samples\": 1, \"diffs\": [], \"errors\": [], \"verdict\": \"ok\"}\n"}
,{"stream_name":"stdout","time":1976.277202917,"data":"{\"op\": \"tan\", \"dtype\": \"float32\", \"samples\": 1, \"diffs\": [], \"errors\": [], \"verdict\": \"ok\"}\n"}
,{"stream_name":"stdout","time":1976.277207041,"data":"{\"op\": \"tan\", \"dtype\": \"float16\", \"samples\": 1, \"diffs\": [], \"errors\": [], \"verdict\": \"ok\"}\n"}
,{"stream_name":"stdout","time":1976.277211245,"data":"{\"op\": \"tan\", \"dtype\": \"bfloat16\", \"samples\": 1, \"diffs\": [], \"errors\": [], \"verdict\": \"ok\"}\n"}
,{"stream_name":"stdout","time":1976.277215341,"data":"{\"op\": \"tan\", \"dtype\": \"int8\", \"samples\": 1, \"diffs\": [], \"errors\": [], \"verdict\": \"ok\"}\n"}
,{"stream_name":"stdout","time":1976.277220038,"data":"{\"op\": \"tan\", \"dtype\": \"uint8\", \"samples\": 1, \"diffs\": [], \"errors\": [], \"verdict\": \"ok\"}\n"}
,{"stream_name":"stdout","time":1976.277224141,"data":"{\"op\": \"tan\", \"dtype\": \"int16\", \"samples\": 1, \"diffs\": [], \"errors\": [], \"verdict\": \"ok\"}\n"}
,{"stream_name":"stdout","time":1976.277228534,"data":"{\"op\": \"tan\", \"dtype\": \"int32\", \"samples\": 1, \"diffs\": [], \"errors\": [], \"verdict\": \"ok\"}\n"}
,{"stream_name":"stdout","time":1976.277232839,"data":"{\"op\": \"tan\", \"dtype\": \"bool\", \"samples\": 1, \"diffs\": [], \"errors\": [], \"verdict\": \"ok\"}\n"}
,{"stream_name":"stdout","time":1976.277236877,"data":"{\"op\": \"tanh\", \"dtype\": \"float32\", \"samples\": 1, \"diffs\": [], \"errors\": [], \"verdict\": \"ok\"}\n"}
,{"stream_name":"stdout","time":1976.277250112,"data":"{\"op\": \"tanh\", \"dtype\": \"float16\", \"samples\": 1, \"diffs\": [], \"errors\": [], \"verdict\": \"ok\"}\n"}
,{"stream_name":"stdout","time":1976.277254721,"data":"{\"op\": \"tanh\", \"dtype\": \"bfloat16\", \"samples\": 1, \"diffs\": [], \"errors\": [], \"verdict\": \"ok\"}\n"}
,{"stream_name":"stdout","time":1976.277259325,"data":"{\"op\": \"tanh\", \"dtype\": \"int8\", \"samples\": 1, \"diffs\": [], \"errors\": [], \"verdict\": \"ok\"}\n"}
,{"stream_name":"stdout","time":1976.277264371,"data":"{\"op\": \"tanh\", \"dtype\": \"uint8\", \"samples\": 1, \"diffs\": [], \"errors\": [], \"verdict\": \"ok\"}\n"}
,{"stream_name":"stdout","time":1976.277268679,"data":"{\"op\": \"tanh\", \"dtype\": \"int16\", \"samples\": 1, \"diffs\": [], \"errors\": [], \"verdict\": \"ok\"}\n"}
,{"stream_name":"stdout","time":1976.277276885,"data":"{\"op\": \"tanh\", \"dtype\": \"int32\", \"samples\": 1, \"diffs\": [], \"errors\": [], \"verdict\": \"ok\"}\n"}
,{"stream_name":"stdout","time":1976.277281441,"data":"{\"op\": \"tanh\", \"dtype\": \"bool\", \"samples\": 1, \"diffs\": [], \"errors\": [], \"verdict\": \"ok\"}\n"}
,{"stream_name":"stdout","time":1976.277285611,"data":"{\"op\": \"tensor_split\", \"dtype\": \"float32\", \"samples\": 3, \"diffs\": [], \"errors\": [], \"verdict\": \"ok\"}\n"}
,{"stream_name":"stdout","time":1976.277290278,"data":"{\"op\": \"tensor_split\", \"dtype\": \"float16\", \"samples\": 3, \"diffs\": [], \"errors\": [], \"verdict\": \"ok\"}\n"}
,{"stream_name":"stdout","time":1976.277294864,"data":"{\"op\": \"tensor_split\", \"dtype\": \"bfloat16\", \"samples\": 3, \"diffs\": [], \"errors\": [], \"verdict\": \"ok\"}\n"}
,{"stream_name":"stdout","time":1976.277299298,"data":"{\"op\": \"tensor_split\", \"dtype\": \"int8\", \"samples\": 3, \"diffs\": [], \"errors\": [], \"verdict\": \"ok\"}\n"}
,{"stream_name":"stdout","time":1976.277304597,"data":"{\"op\": \"tensor_split\", \"dtype\": \"uint8\", \"samples\": 3, \"diffs\": [], \"errors\": [], \"verdict\": \"ok\"}\n"}
,{"stream_name":"stdout","time":1976.277310037,"data":"{\"op\": \"tensor_split\", \"dtype\": \"int16\", \"samples\": 3, \"diffs\": [], \"errors\": [], \"verdict\": \"ok\"}\n"}
,{"stream_name":"stdout","time":1976.277314569,"data":"{\"op\": \"tensor_split\", \"dtype\": \"int32\", \"samples\": 3, \"diffs\": [], \"errors\": [], \"verdict\": \"ok\"}\n"}
,{"stream_name":"stdout","time":1976.277319373,"data":"{\"op\": \"tensor_split\", \"dtype\": \"bool\", \"samples\": 3, \"diffs\": [], \"errors\": [], \"verdict\": \"ok\"}\n"}
,{"stream_name":"stdout","time":1976.277323931,"data":"{\"op\": \"hsplit\", \"dtype\": \"float32\", \"samples\": 2, \"diffs\": [], \"errors\": [], \"verdict\": \"ok\"}\n"}
,{"stream_name":"stdout","time":1976.277328315,"data":"{\"op\": \"hsplit\", \"dtype\": \"float16\", \"samples\": 2, \"diffs\": [], \"errors\": [], \"verdict\": \"ok\"}\n"}
,{"stream_name":"stdout","time":1976.277332795,"data":"{\"op\": \"hsplit\", \"dtype\": \"bfloat16\", \"samples\": 2, \"diffs\": [], \"errors\": [], \"verdict\": \"ok\"}\n"}
,{"stream_name":"stdout","time":1976.277337267,"data":"{\"op\": \"hsplit\", \"dtype\": \"int8\", \"samples\": 2, \"diffs\": [], \"errors\": [], \"verdict\": \"ok\"}\n"}
,{"stream_name":"stdout","time":1976.277341696,"data":"{\"op\": \"hsplit\", \"dtype\": \"uint8\", \"samples\": 2, \"diffs\": [], \"errors\": [], \"verdict\": \"ok\"}\n"}
,{"stream_name":"stdout","time":1976.277346144,"data":"{\"op\": \"hsplit\", \"dtype\": \"int16\", \"samples\": 2, \"diffs\": [], \"errors\": [], \"verdict\": \"ok\"}\n"}
,{"stream_name":"stdout","time":1976.277350549,"data":"{\"op\": \"hsplit\", \"dtype\": \"int32\", \"samples\": 2, \"diffs\": [], \"errors\": [], \"verdict\": \"ok\"}\n"}
,{"stream_name":"stdout","time":1976.277354778,"data":"{\"op\": \"hsplit\", \"dtype\": \"bool\", \"samples\": 2, \"diffs\": [], \"errors\": [], \"verdict\": \"ok\"}\n"}
,{"stream_name":"stdout","time":1976.277359242,"data":"{\"op\": \"vsplit\", \"dtype\": \"float32\", \"samples\": 2, \"diffs\": [], \"errors\": [], \"verdict\": \"ok\"}\n"}
,{"stream_name":"stdout","time":1976.277363473,"data":"{\"op\": \"vsplit\", \"dtype\": \"float16\", \"samples\": 2, \"diffs\": [], \"errors\": [], \"verdict\": \"ok\"}\n"}
,{"stream_name":"stdout","time":1976.277368623,"data":"{\"op\": \"vsplit\", \"dtype\": \"bfloat16\", \"samples\": 2, \"diffs\": [], \"errors\": [], \"verdict\": \"ok\"}\n"}
,{"stream_name":"stdout","time":1976.277372955,"data":"{\"op\": \"vsplit\", \"dtype\": \"int8\", \"samples\": 2, \"diffs\": [], \"errors\": [], \"verdict\": \"ok\"}\n"}
,{"stream_name":"stdout","time":1976.277380629,"data":"{\"op\": \"vsplit\", \"dtype\": \"uint8\", \"samples\": 2, \"diffs\": [], \"errors\": [], \"verdict\": \"ok\"}\n"}
,{"stream_name":"stdout","time":1976.277384875,"data":"{\"op\": \"vsplit\", \"dtype\": \"int16\", \"samples\": 2, \"diffs\": [], \"errors\": [], \"verdict\": \"ok\"}\n"}
,{"stream_name":"stdout","time":1976.277388969,"data":"{\"op\": \"vsplit\", \"dtype\": \"int32\", \"samples\": 2, \"diffs\": [], \"errors\": [], \"verdict\": \"ok\"}\n"}
,{"stream_name":"stdout","time":1976.277393197,"data":"{\"op\": \"vsplit\", \"dtype\": \"bool\", \"samples\": 2, \"diffs\": [], \"errors\": [], \"verdict\": \"ok\"}\n"}
,{"stream_name":"stdout","time":1976.277397531,"data":"{\"op\": \"dsplit\", \"dtype\": \"float32\", \"samples\": 2, \"diffs\": [], \"errors\": [], \"verdict\": \"ok\"}\n"}
,{"stream_name":"stdout","time":1976.277401861,"data":"{\"op\": \"dsplit\", \"dtype\": \"float16\", \"samples\": 2, \"diffs\": [], \"errors\": [], \"verdict\": \"ok\"}\n"}
,{"stream_name":"stdout","time":1976.277406111,"data":"{\"op\": \"dsplit\", \"dtype\": \"bfloat16\", \"samples\": 2, \"diffs\": [], \"errors\": [], \"verdict\": \"ok\"}\n"}
,{"stream_name":"stdout","time":1976.277410169,"data":"{\"op\": \"dsplit\", \"dtype\": \"int8\", \"samples\": 2, \"diffs\": [], \"errors\": [], \"verdict\": \"ok\"}\n"}
,{"stream_name":"stdout","time":1976.277426086,"data":"{\"op\": \"dsplit\", \"dtype\": \"uint8\", \"samples\": 2, \"diffs\": [], \"errors\": [], \"verdict\": \"ok\"}\n"}
,{"stream_name":"stdout","time":1976.277429932,"data":"{\"op\": \"dsplit\", \"dtype\": \"int16\", \"samples\": 2, \"diffs\": [], \"errors\": [], \"verdict\": \"ok\"}\n"}
,{"stream_name":"stdout","time":1976.277434135,"data":"{\"op\": \"dsplit\", \"dtype\": \"int32\", \"samples\": 2, \"diffs\": [], \"errors\": [], \"verdict\": \"ok\"}\n"}
,{"stream_name":"stdout","time":1976.277438198,"data":"{\"op\": \"dsplit\", \"dtype\": \"bool\", \"samples\": 2, \"diffs\": [], \"errors\": [], \"verdict\": \"ok\"}\n"}
,{"stream_name":"stdout","time":1976.277442178,"data":"{\"op\": \"trunc\", \"dtype\": \"float32\", \"samples\": 1, \"diffs\": [], \"errors\": [], \"verdict\": \"ok\"}\n"}
,{"stream_name":"stdout","time":1976.277445962,"data":"{\"op\": \"trunc\", \"dtype\": \"float16\", \"samples\": 1, \"diffs\": [], \"errors\": [], \"verdict\": \"ok\"}\n"}
,{"stream_name":"stdout","time":1976.277449971,"data":"{\"op\": \"trunc\", \"dtype\": \"bfloat16\", \"samples\": 1, \"diffs\": [], \"errors\": [], \"verdict\": \"ok\"}\n"}
,{"stream_name":"stdout","time":1976.277454002,"data":"{\"op\": \"trunc\", \"dtype\": \"int8\", \"samples\": 1, \"diffs\": [], \"errors\": [], \"verdict\": \"ok\"}\n"}
,{"stream_name":"stdout","time":1976.277458107,"data":"{\"op\": \"trunc\", \"dtype\": \"uint8\", \"samples\": 1, \"diffs\": [], \"errors\": [], \"verdict\": \"ok\"}\n"}
,{"stream_name":"stdout","time":1976.27746199,"data":"{\"op\": \"trunc\", \"dtype\": \"int16\", \"samples\": 1, \"diffs\": [], \"errors\": [], \"verdict\": \"ok\"}\n"}
,{"stream_name":"stdout","time":1976.277466167,"data":"{\"op\": \"trunc\", \"dtype\": \"int32\", \"samples\": 1, \"diffs\": [], \"errors\": [], \"verdict\": \"ok\"}\n"}
,{"stream_name":"stdout","time":1976.277470144,"data":"{\"op\": \"exp2\", \"dtype\": \"float32\", \"samples\": 3, \"diffs\": [], \"errors\": [], \"verdict\": \"ok\"}\n"}
,{"stream_name":"stdout","time":1976.277474579,"data":"{\"op\": \"exp2\", \"dtype\": \"float16\", \"samples\": 3, \"diffs\": [], \"errors\": [], \"verdict\": \"ok\"}\n"}
,{"stream_name":"stdout","time":1976.277478565,"data":"{\"op\": \"exp2\", \"dtype\": \"bfloat16\", \"samples\": 3, \"diffs\": [], \"errors\": [], \"verdict\": \"ok\"}\n"}
,{"stream_name":"stdout","time":1976.277482497,"data":"{\"op\": \"exp2\", \"dtype\": \"int8\", \"samples\": 3, \"diffs\": [], \"errors\": [], \"verdict\": \"ok\"}\n"}
,{"stream_name":"stdout","time":1976.277490057,"data":"{\"op\": \"exp2\", \"dtype\": \"uint8\", \"samples\": 3, \"diffs\": [], \"errors\": [], \"verdict\": \"ok\"}\n"}
,{"stream_name":"stdout","time":1976.277493939,"data":"{\"op\": \"exp2\", \"dtype\": \"int16\", \"samples\": 3, \"diffs\": [], \"errors\": [], \"verdict\": \"ok\"}\n"}
,{"stream_name":"stdout","time":1976.277497966,"data":"{\"op\": \"exp2\", \"dtype\": \"int32\", \"samples\": 3, \"diffs\": [], \"errors\": [], \"verdict\": \"ok\"}\n"}
,{"stream_name":"stdout","time":1976.277501952,"data":"{\"op\": \"exp2\", \"dtype\": \"bool\", \"samples\": 3, \"diffs\": [], \"errors\": [], \"verdict\": \"ok\"}\n"}
,{"stream_name":"stdout","time":1976.277505891,"data":"{\"op\": \"expm1\", \"dtype\": \"float32\", \"samples\": 1, \"diffs\": [], \"errors\": [], \"verdict\": \"ok\"}\n"}
,{"stream_name":"stdout","time":1976.277509575,"data":"{\"op\": \"expm1\", \"dtype\": \"float16\", \"samples\": 1, \"diffs\": [], \"errors\": [], \"verdict\": \"ok\"}\n"}
,{"stream_name":"stdout","time":1976.277513432,"data":"{\"op\": \"expm1\", \"dtype\": \"bfloat16\", \"samples\": 1, \"diffs\": [], \"errors\": [], \"verdict\": \"ok\"}\n"}
,{"stream_name":"stdout","time":1976.277517357,"data":"{\"op\": \"expm1\", \"dtype\": \"int8\", \"samples\": 1, \"diffs\": [], \"errors\": [], \"verdict\": \"ok\"}\n"}
,{"stream_name":"stdout","time":1976.277521223,"data":"{\"op\": \"expm1\", \"dtype\": \"uint8\", \"samples\": 1, \"diffs\": [], \"errors\": [], \"verdict\": \"ok\"}\n"}
,{"stream_name":"stdout","time":1976.277525241,"data":"{\"op\": \"expm1\", \"dtype\": \"int16\", \"samples\": 1, \"diffs\": [], \"errors\": [], \"verdict\": \"ok\"}\n"}
,{"stream_name":"stdout","time":1976.277529132,"data":"{\"op\": \"expm1\", \"dtype\": \"int32\", \"samples\": 1, \"diffs\": [], \"errors\": [], \"verdict\": \"ok\"}\n"}
,{"stream_name":"stdout","time":1976.277533098,"data":"{\"op\": \"expm1\", \"dtype\": \"bool\", \"samples\": 1, \"diffs\": [], \"errors\": [], \"verdict\": \"ok\"}\n"}
,{"stream_name":"stdout","time":1976.277537113,"data":"{\"op\": \"nan_to_num\", \"dtype\": \"float32\", \"samples\": 3, \"diffs\": [], \"errors\": [], \"verdict\": \"ok\"}\n"}
,{"stream_name":"stdout","time":1976.277541177,"data":"{\"op\": \"nan_to_num\", \"dtype\": \"float16\", \"samples\": 3, \"diffs\": [], \"errors\": [], \"verdict\": \"ok\"}\n"}
,{"stream_name":"stdout","time":1976.277545204,"data":"{\"op\": \"nan_to_num\", \"dtype\": \"bfloat16\", \"samples\": 3, \"diffs\": [], \"errors\": [], \"verdict\": \"ok\"}\n"}
,{"stream_name":"stdout","time":1976.277549255,"data":"{\"op\": \"nan_to_num\", \"dtype\": \"int8\", \"samples\": 3, \"diffs\": [], \"errors\": [], \"verdict\": \"ok\"}\n"}
,{"stream_name":"stdout","time":1976.277553723,"data":"{\"op\": \"nan_to_num\", \"dtype\": \"uint8\", \"samples\": 3, \"diffs\": [], \"errors\": [], \"verdict\": \"ok\"}\n"}
,{"stream_name":"stdout","time":1976.277558093,"data":"{\"op\": \"nan_to_num\", \"dtype\": \"int16\", \"samples\": 3, \"diffs\": [], \"errors\": [], \"verdict\": \"ok\"}\n"}
,{"stream_name":"stdout","time":1976.277562708,"data":"{\"op\": \"nan_to_num\", \"dtype\": \"int32\", \"samples\": 3, \"diffs\": [], \"errors\": [], \"verdict\": \"ok\"}\n"}
,{"stream_name":"stdout","time":1976.2775668,"data":"{\"op\": \"nan_to_num\", \"dtype\": \"bool\", \"samples\": 3, \"diffs\": [], \"errors\": [], \"verdict\": \"ok\"}\n"}
,{"stream_name":"stdout","time":1976.277570763,"data":"{\"op\": \"reciprocal\", \"dtype\": \"float32\", \"samples\": 3, \"diffs\": [], \"errors\": [], \"verdict\": \"ok\"}\n"}
,{"stream_name":"stdout","time":1976.277574798,"data":"{\"op\": \"reciprocal\", \"dtype\": \"float16\", \"samples\": 3, \"diffs\": [], \"errors\": [], \"verdict\": \"ok\"}\n"}
,{"stream_name":"stdout","time":1976.277582341,"data":"{\"op\": \"reciprocal\", \"dtype\": \"bfloat16\", \"samples\": 3, \"diffs\": [], \"errors\": [], \"verdict\": \"ok\"}\n"}
,{"stream_name":"stdout","time":1976.277586513,"data":"{\"op\": \"reciprocal\", \"dtype\": \"int8\", \"samples\": 3, \"diffs\": [], \"errors\": [], \"verdict\": \"ok\"}\n"}
,{"stream_name":"stdout","time":1976.277590445,"data":"{\"op\": \"reciprocal\", \"dtype\": \"uint8\", \"samples\": 3, \"diffs\": [], \"errors\": [], \"verdict\": \"ok\"}\n"}
,{"stream_name":"stdout","time":1976.277594512,"data":"{\"op\": \"reciprocal\", \"dtype\": \"int16\", \"samples\": 3, \"diffs\": [], \"errors\": [], \"verdict\": \"ok\"}\n"}
,{"stream_name":"stdout","time":1976.277598726,"data":"{\"op\": \"reciprocal\", \"dtype\": \"int32\", \"samples\": 3, \"diffs\": [], \"errors\": [], \"verdict\": \"ok\"}\n"}
,{"stream_name":"stdout","time":1976.277602709,"data":"{\"op\": \"reciprocal\", \"dtype\": \"bool\", \"samples\": 3, \"diffs\": [], \"errors\": [], \"verdict\": \"ok\"}\n"}
,{"stream_name":"stdout","time":1976.277606603,"data":"{\"op\": \"square\", \"dtype\": \"float32\", \"samples\": 3, \"diffs\": [], \"errors\": [], \"verdict\": \"ok\"}\n"}
,{"stream_name":"stdout","time":1976.277610836,"data":"{\"op\": \"square\", \"dtype\": \"float16\", \"samples\": 3, \"diffs\": [], \"errors\": [], \"verdict\": \"ok\"}\n"}
,{"stream_name":"stdout","time":1976.277614719,"data":"{\"op\": \"square\", \"dtype\": \"bfloat16\", \"samples\": 3, \"diffs\": [], \"errors\": [], \"verdict\": \"ok\"}\n"}
,{"stream_name":"stdout","time":1976.277618673,"data":"{\"op\": \"square\", \"dtype\": \"int8\", \"samples\": 3, \"diffs\": [], \"errors\": [], \"verdict\": \"ok\"}\n"}
,{"stream_name":"stdout","time":1976.277622717,"data":"{\"op\": \"square\", \"dtype\": \"uint8\", \"samples\": 3, \"diffs\": [], \"errors\": [], \"verdict\": \"ok\"}\n"}
,{"stream_name":"stdout","time":1976.277626712,"data":"{\"op\": \"square\", \"dtype\": \"int16\", \"samples\": 3, \"diffs\": [], \"errors\": [], \"verdict\": \"ok\"}\n"}
,{"stream_name":"stdout","time":1976.277630599,"data":"{\"op\": \"square\", \"dtype\": \"int32\", \"samples\": 3, \"diffs\": [], \"errors\": [], \"verdict\": \"ok\"}\n"}
,{"stream_name":"stdout","time":1976.27763449,"data":"{\"op\": \"square\", \"dtype\": \"bool\", \"samples\": 3, \"diffs\": [], \"errors\": [], \"verdict\": \"ok\"}\n"}
,{"stream_name":"stdout","time":1976.277638474,"data":"{\"op\": \"lerp\", \"dtype\": \"float32\", \"samples\": 3, \"diffs\": [], \"errors\": [], \"verdict\": \"ok\"}\n"}
,{"stream_name":"stdout","time":1976.277642398,"data":"{\"op\": \"lerp\", \"dtype\": \"float16\", \"samples\": 3, \"diffs\": [], \"errors\": [], \"verdict\": \"ok\"}\n"}
,{"stream_name":"stdout","time":1976.277646282,"data":"{\"op\": \"lerp\", \"dtype\": \"bfloat16\", \"samples\": 3, \"diffs\": [], \"errors\": [], \"verdict\": \"ok\"}\n"}
,{"stream_name":"stdout","time":1976.277650182,"data":"{\"op\": \"angle\", \"dtype\": \"float32\", \"samples\": 1, \"diffs\": [], \"errors\": [], \"verdict\": \"ok\"}\n"}
,{"stream_name":"stdout","time":1976.277654867,"data":"{\"op\": \"angle\", \"dtype\": \"float16\", \"samples\": 1, \"diffs\": [], \"errors\": [], \"verdict\": \"ok\"}\n"}
,{"stream_name":"stdout","time":1976.277659191,"data":"{\"op\": \"angle\", \"dtype\": \"bfloat16\", \"samples\": 1, \"diffs\": [], \"errors\": [], \"verdict\": \"ok\"}\n"}
,{"stream_name":"stdout","time":1976.277663202,"data":"{\"op\": \"angle\", \"dtype\": \"int8\", \"samples\": 1, \"diffs\": [], \"errors\": [], \"verdict\": \"ok\"}\n"}
,{"stream_name":"stdout","time":1976.277667119,"data":"{\"op\": \"angle\", \"dtype\": \"uint8\", \"samples\": 1, \"diffs\": [], \"errors\": [], \"verdict\": \"ok\"}\n"}
,{"stream_name":"stdout","time":1976.277671194,"data":"{\"op\": \"angle\", \"dtype\": \"int16\", \"samples\": 1, \"diffs\": [], \"errors\": [], \"verdict\": \"ok\"}\n"}
,{"stream_name":"stdout","time":1976.27767911,"data":"{\"op\": \"angle\", \"dtype\": \"int32\", \"samples\": 1, \"diffs\": [], \"errors\": [], \"verdict\": \"ok\"}\n"}
,{"stream_name":"stdout","time":1976.277683297,"data":"{\"op\": \"angle\", \"dtype\": \"bool\", \"samples\": 1, \"diffs\": [], \"errors\": [], \"verdict\": \"ok\"}\n"}
,{"stream_name":"stdout","time":1976.277687344,"data":"{\"op\": \"isfinite\", \"dtype\": \"float32\", \"samples\": 3, \"diffs\": [], \"errors\": [], \"verdict\": \"ok\"}\n"}
,{"stream_name":"stdout","time":1976.277691293,"data":"{\"op\": \"isfinite\", \"dtype\": \"float16\", \"samples\": 3, \"diffs\": [], \"errors\": [], \"verdict\": \"ok\"}\n"}
,{"stream_name":"stdout","time":1976.277695198,"data":"{\"op\": \"isfinite\", \"dtype\": \"bfloat16\", \"samples\": 3, \"diffs\": [], \"errors\": [], \"verdict\": \"ok\"}\n"}
,{"stream_name":"stdout","time":1976.277699402,"data":"{\"op\": \"isfinite\", \"dtype\": \"int8\", \"samples\": 3, \"diffs\": [], \"errors\": [], \"verdict\": \"ok\"}\n"}
,{"stream_name":"stdout","time":1976.277703702,"data":"{\"op\": \"isfinite\", \"dtype\": \"uint8\", \"samples\": 3, \"diffs\": [], \"errors\": [], \"verdict\": \"ok\"}\n"}
,{"stream_name":"stdout","time":1976.277707737,"data":"{\"op\": \"isfinite\", \"dtype\": \"int16\", \"samples\": 3, \"diffs\": [], \"errors\": [], \"verdict\": \"ok\"}\n"}
,{"stream_name":"stdout","time":1976.277711657,"data":"{\"op\": \"isfinite\", \"dtype\": \"int32\", \"samples\": 3, \"diffs\": [], \"errors\": [], \"verdict\": \"ok\"}\n"}
,{"stream_name":"stdout","time":1976.277715754,"data":"{\"op\": \"isfinite\", \"dtype\": \"bool\", \"samples\": 3, \"diffs\": [], \"errors\": [], \"verdict\": \"ok\"}\n"}
,{"stream_name":"stdout","time":1976.277719471,"data":"{\"op\": \"isinf\", \"dtype\": \"float32\", \"samples\": 1, \"diffs\": [], \"errors\": [], \"verdict\": \"ok\"}\n"}
,{"stream_name":"stdout","time":1976.277723372,"data":"{\"op\": \"isinf\", \"dtype\": \"float16\", \"samples\": 1, \"diffs\": [], \"errors\": [], \"verdict\": \"ok\"}\n"}
,{"stream_name":"stdout","time":1976.2777272,"data":"{\"op\": \"isinf\", \"dtype\": \"bfloat16\", \"samples\": 1, \"diffs\": [], \"errors\": [], \"verdict\": \"ok\"}\n"}
,{"stream_name":"stdout","time":1976.277731197,"data":"{\"op\": \"isinf\", \"dtype\": \"int8\", \"samples\": 1, \"diffs\": [], \"errors\": [], \"verdict\": \"ok\"}\n"}
,{"stream_name":"stdout","time":1976.27773523,"data":"{\"op\": \"isinf\", \"dtype\": \"uint8\", \"samples\": 1, \"diffs\": [], \"errors\": [], \"verdict\": \"ok\"}\n"}
,{"stream_name":"stdout","time":1976.2777391,"data":"{\"op\": \"isinf\", \"dtype\": \"int16\", \"samples\": 1, \"diffs\": [], \"errors\": [], \"verdict\": \"ok\"}\n"}
,{"stream_name":"stdout","time":1976.277742949,"data":"{\"op\": \"isinf\", \"dtype\": \"int32\", \"samples\": 1, \"diffs\": [], \"errors\": [], \"verdict\": \"ok\"}\n"}
,{"stream_name":"stdout","time":1976.277747273,"data":"{\"op\": \"isinf\", \"dtype\": \"bool\", \"samples\": 1, \"diffs\": [], \"errors\": [], \"verdict\": \"ok\"}\n"}
,{"stream_name":"stdout","time":1976.277751198,"data":"{\"op\": \"isposinf\", \"dtype\": \"float32\", \"samples\": 1, \"diffs\": [], \"errors\": [], \"verdict\": \"ok\"}\n"}
,{"stream_name":"stdout","time":1976.277755324,"data":"{\"op\": \"isposinf\", \"dtype\": \"float16\", \"samples\": 1, \"diffs\": [], \"errors\": [], \"verdict\": \"ok\"}\n"}
,{"stream_name":"stdout","time":1976.277759283,"data":"{\"op\": \"isposinf\", \"dtype\": \"bfloat16\", \"samples\": 1, \"diffs\": [], \"errors\": [], \"verdict\": \"ok\"}\n"}
,{"stream_name":"stdout","time":1976.277763293,"data":"{\"op\": \"isposinf\", \"dtype\": \"int8\", \"samples\": 1, \"diffs\": [], \"errors\": [], \"verdict\": \"ok\"}\n"}
,{"stream_name":"stdout","time":1976.277771098,"data":"{\"op\": \"isposinf\", \"dtype\": \"uint8\", \"samples\": 1, \"diffs\": [], \"errors\": [], \"verdict\": \"ok\"}\n"}
,{"stream_name":"stdout","time":1976.277775297,"data":"{\"op\": \"isposinf\", \"dtype\": \"int16\", \"samples\": 1, \"diffs\": [], \"errors\": [], \"verdict\": \"ok\"}\n"}
,{"stream_name":"stdout","time":1976.277779082,"data":"{\"op\": \"isposinf\", \"dtype\": \"int32\", \"samples\": 1, \"diffs\": [], \"errors\": [], \"verdict\": \"ok\"}\n"}
,{"stream_name":"stdout","time":1976.27778308,"data":"{\"op\": \"isposinf\", \"dtype\": \"bool\", \"samples\": 1, \"diffs\": [], \"errors\": [], \"verdict\": \"ok\"}\n"}
,{"stream_name":"stdout","time":1976.2777869,"data":"{\"op\": \"isneginf\", \"dtype\": \"float32\", \"samples\": 1, \"diffs\": [], \"errors\": [], \"verdict\": \"ok\"}\n"}
,{"stream_name":"stdout","time":1976.277790833,"data":"{\"op\": \"isneginf\", \"dtype\": \"float16\", \"samples\": 1, \"diffs\": [], \"errors\": [], \"verdict\": \"ok\"}\n"}
,{"stream_name":"stdout","time":1976.277794885,"data":"{\"op\": \"isneginf\", \"dtype\": \"bfloat16\", \"samples\": 1, \"diffs\": [], \"errors\": [], \"verdict\": \"ok\"}\n"}
,{"stream_name":"stdout","time":1976.277798977,"data":"{\"op\": \"isneginf\", \"dtype\": \"int8\", \"samples\": 1, \"diffs\": [], \"errors\": [], \"verdict\": \"ok\"}\n"}
,{"stream_name":"stdout","time":1976.277803045,"data":"{\"op\": \"isneginf\", \"dtype\": \"uint8\", \"samples\": 1, \"diffs\": [], \"errors\": [], \"verdict\": \"ok\"}\n"}
,{"stream_name":"stdout","time":1976.277806792,"data":"{\"op\": \"isneginf\", \"dtype\": \"int16\", \"samples\": 1, \"diffs\": [], \"errors\": [], \"verdict\": \"ok\"}\n"}
,{"stream_name":"stdout","time":1976.277810673,"data":"{\"op\": \"isneginf\", \"dtype\": \"int32\", \"samples\": 1, \"diffs\": [], \"errors\": [], \"verdict\": \"ok\"}\n"}
,{"stream_name":"stdout","time":1976.277814485,"data":"{\"op\": \"isneginf\", \"dtype\": \"bool\", \"samples\": 1, \"diffs\": [], \"errors\": [], \"verdict\": \"ok\"}\n"}
,{"stream_name":"stdout","time":1976.277818767,"data":"{\"op\": \"isreal\", \"dtype\": \"float32\", \"samples\": 3, \"diffs\": [], \"errors\": [], \"verdict\": \"ok\"}\n"}
,{"stream_name":"stdout","time":1976.277823145,"data":"{\"op\": \"isreal\", \"dtype\": \"float16\", \"samples\": 3, \"diffs\": [], \"errors\": [], \"verdict\": \"ok\"}\n"}
,{"stream_name":"stdout","time":1976.27782712,"data":"{\"op\": \"isreal\", \"dtype\": \"bfloat16\", \"samples\": 3, \"diffs\": [], \"errors\": [], \"verdict\": \"ok\"}\n"}
,{"stream_name":"stdout","time":1976.277831158,"data":"{\"op\": \"isreal\", \"dtype\": \"int8\", \"samples\": 3, \"diffs\": [], \"errors\": [], \"verdict\": \"ok\"}\n"}
,{"stream_name":"stdout","time":1976.277835792,"data":"{\"op\": \"isreal\", \"dtype\": \"uint8\", \"samples\": 3, \"diffs\": [], \"errors\": [], \"verdict\": \"ok\"}\n"}
,{"stream_name":"stdout","time":1976.277839675,"data":"{\"op\": \"isreal\", \"dtype\": \"int16\", \"samples\": 3, \"diffs\": [], \"errors\": [], \"verdict\": \"ok\"}\n"}
,{"stream_name":"stdout","time":1976.277843585,"data":"{\"op\": \"isreal\", \"dtype\": \"int32\", \"samples\": 3, \"diffs\": [], \"errors\": [], \"verdict\": \"ok\"}\n"}
,{"stream_name":"stdout","time":1976.277847636,"data":"{\"op\": \"isreal\", \"dtype\": \"bool\", \"samples\": 3, \"diffs\": [], \"errors\": [], \"verdict\": \"ok\"}\n"}
,{"stream_name":"stdout","time":1976.277851862,"data":"{\"op\": \"isnan\", \"dtype\": \"float32\", \"samples\": 1, \"diffs\": [], \"errors\": [], \"verdict\": \"ok\"}\n"}
,{"stream_name":"stdout","time":1976.277856215,"data":"{\"op\": \"isnan\", \"dtype\": \"float16\", \"samples\": 1, \"diffs\": [], \"errors\": [], \"verdict\": \"ok\"}\n"}
,{"stream_name":"stdout","time":1976.277864289,"data":"{\"op\": \"isnan\", \"dtype\": \"bfloat16\", \"samples\": 1, \"diffs\": [], \"errors\": [], \"verdict\": \"ok\"}\n"}
,{"stream_name":"stdout","time":1976.277868566,"data":"{\"op\": \"isnan\", \"dtype\": \"int8\", \"samples\": 1, \"diffs\": [], \"errors\": [], \"verdict\": \"ok\"}\n"}
,{"stream_name":"stdout","time":1976.277872639,"data":"{\"op\": \"isnan\", \"dtype\": \"uint8\", \"samples\": 1, \"diffs\": [], \"errors\": [], \"verdict\": \"ok\"}\n"}
,{"stream_name":"stdout","time":1976.277876579,"data":"{\"op\": \"isnan\", \"dtype\": \"int16\", \"samples\": 1, \"diffs\": [], \"errors\": [], \"verdict\": \"ok\"}\n"}
,{"stream_name":"stdout","time":1976.277880484,"data":"{\"op\": \"isnan\", \"dtype\": \"int32\", \"samples\": 1, \"diffs\": [], \"errors\": [], \"verdict\": \"ok\"}\n"}
,{"stream_name":"stdout","time":1976.277884363,"data":"{\"op\": \"isnan\", \"dtype\": \"bool\", \"samples\": 1, \"diffs\": [], \"errors\": [], \"verdict\": \"ok\"}\n"}
,{"stream_name":"stdout","time":1976.277888323,"data":"{\"op\": \"einsum\", \"dtype\": \"float32\", \"samples\": 3, \"diffs\": [], \"errors\": [], \"verdict\": \"ok\"}\n"}
,{"stream_name":"stdout","time":1976.277892244,"data":"{\"op\": \"einsum\", \"dtype\": \"float16\", \"samples\": 3, \"diffs\": [], \"errors\": [], \"verdict\": \"ok\"}\n"}
,{"stream_name":"stdout","time":1976.277896207,"data":"{\"op\": \"einsum\", \"dtype\": \"bfloat16\", \"samples\": 3, \"diffs\": [], \"errors\": [], \"verdict\": \"ok\"}\n"}
,{"stream_name":"stdout","time":1976.277900157,"data":"{\"op\": \"pca_lowrank\", \"dtype\": \"float32\", \"samples\": 3, \"diffs\": [], \"errors\": [], \"verdict\": \"ok\"}\n"}
,{"stream_name":"stdout","time":1976.277904442,"data":"{\"op\": \"polar\", \"dtype\": \"float32\", \"samples\": 3, \"diffs\": [], \"errors\": [], \"verdict\": \"ok\"}\n"}
,{"stream_name":"stdout","time":1976.277908673,"data":"{\"op\": \"polar\", \"dtype\": \"float16\", \"samples\": 3, \"diffs\": [], \"errors\": [], \"verdict\": \"ok\"}\n"}
,{"stream_name":"stdout","time":1976.27791286,"data":"{\"op\": \"polygamma\", \"dtype\": \"float32\", \"samples\": 3, \"diffs\": [], \"errors\": [], \"verdict\": \"ok\"}\n"}
,{"stream_name":"stdout","time":1976.2779168,"data":"{\"op\": \"polygamma\", \"dtype\": \"float16\", \"samples\": 3, \"diffs\": [], \"errors\": [], \"verdict\": \"ok\"}\n"}
,{"stream_name":"stdout","time":1976.277921203,"data":"{\"op\": \"polygamma\", \"dtype\": \"bfloat16\", \"samples\": 3, \"diffs\": [], \"errors\": [], \"verdict\": \"ok\"}\n"}
,{"stream_name":"stdout","time":1976.277925113,"data":"{\"op\": \"polygamma\", \"dtype\": \"int8\", \"samples\": 3, \"diffs\": [], \"errors\": [], \"verdict\": \"ok\"}\n"}
,{"stream_name":"stdout","time":1976.277929768,"data":"{\"op\": \"polygamma\", \"dtype\": \"uint8\", \"samples\": 3, \"diffs\": [], \"errors\": [], \"verdict\": \"ok\"}\n"}
,{"stream_name":"stdout","time":1976.277934402,"data":"{\"op\": \"polygamma\", \"dtype\": \"int16\", \"samples\": 3, \"diffs\": [], \"errors\": [], \"verdict\": \"ok\"}\n"}
,{"stream_name":"stdout","time":1976.277938736,"data":"{\"op\": \"polygamma\", \"dtype\": \"int32\", \"samples\": 3, \"diffs\": [], \"errors\": [], \"verdict\": \"ok\"}\n"}
,{"stream_name":"stdout","time":1976.27796182,"data":"{\"op\": \"polygamma\", \"dtype\": \"bool\", \"samples\": 3, \"diffs\": [], \"errors\": [], \"verdict\": \"ok\"}\n"}
,{"stream_name":"stdout","time":1976.277965934,"data":"{\"op\": \"polygamma\", \"dtype\": \"float32\", \"samples\": 3, \"diffs\": [], \"errors\": [], \"verdict\": \"ok\"}\n"}
,{"stream_name":"stdout","time":1976.277970084,"data":"{\"op\": \"polygamma\", \"dtype\": \"float16\", \"samples\": 3, \"diffs\": [], \"errors\": [], \"verdict\": \"ok\"}\n"}
,{"stream_name":"stdout","time":1976.277974343,"data":"{\"op\": \"polygamma\", \"dtype\": \"bfloat16\", \"samples\": 3, \"diffs\": [], \"errors\": [], \"verdict\": \"ok\"}\n"}
,{"stream_name":"stdout","time":1976.277982439,"data":"{\"op\": \"polygamma\", \"dtype\": \"int8\", \"samples\": 3, \"diffs\": [], \"errors\": [], \"verdict\": \"ok\"}\n"}
,{"stream_name":"stdout","time":1976.277986458,"data":"{\"op\": \"polygamma\", \"dtype\": \"uint8\", \"samples\": 3, \"diffs\": [], \"errors\": [], \"verdict\": \"ok\"}\n"}
,{"stream_name":"stdout","time":1976.277990455,"data":"{\"op\": \"polygamma\", \"dtype\": \"int16\", \"samples\": 3, \"diffs\": [], \"errors\": [], \"verdict\": \"ok\"}\n"}
,{"stream_name":"stdout","time":1976.277994637,"data":"{\"op\": \"polygamma\", \"dtype\": \"int32\", \"samples\": 3, \"diffs\": [], \"errors\": [], \"verdict\": \"ok\"}\n"}
,{"stream_name":"stdout","time":1976.277998424,"data":"{\"op\": \"polygamma\", \"dtype\": \"bool\", \"samples\": 3, \"diffs\": [], \"errors\": [], \"verdict\": \"ok\"}\n"}
,{"stream_name":"stdout","time":1976.278002381,"data":"{\"op\": \"polygamma\", \"dtype\": \"float32\", \"samples\": 3, \"diffs\": [], \"errors\": [], \"verdict\": \"ok\"}\n"}
,{"stream_name":"stdout","time":1976.278006252,"data":"{\"op\": \"polygamma\", \"dtype\": \"float16\", \"samples\": 3, \"diffs\": [], \"errors\": [], \"verdict\": \"ok\"}\n"}
,{"stream_name":"stdout","time":1976.278010193,"data":"{\"op\": \"polygamma\", \"dtype\": \"bfloat16\", \"samples\": 3, \"diffs\": [], \"errors\": [], \"verdict\": \"ok\"}\n"}
,{"stream_name":"stdout","time":1976.27801405,"data":"{\"op\": \"polygamma\", \"dtype\": \"int8\", \"samples\": 3, \"diffs\": [], \"errors\": [], \"verdict\": \"ok\"}\n"}
,{"stream_name":"stdout","time":1976.278017885,"data":"{\"op\": \"polygamma\", \"dtype\": \"uint8\", \"samples\": 3, \"diffs\": [], \"errors\": [], \"verdict\": \"ok\"}\n"}
,{"stream_name":"stdout","time":1976.278021925,"data":"{\"op\": \"polygamma\", \"dtype\": \"int16\", \"samples\": 3, \"diffs\": [], \"errors\": [], \"verdict\": \"ok\"}\n"}
,{"stream_name":"stdout","time":1976.278025843,"data":"{\"op\": \"polygamma\", \"dtype\": \"int32\", \"samples\": 3, \"diffs\": [], \"errors\": [], \"verdict\": \"ok\"}\n"}
,{"stream_name":"stdout","time":1976.278029742,"data":"{\"op\": \"polygamma\", \"dtype\": \"bool\", \"samples\": 3, \"diffs\": [], \"errors\": [], \"verdict\": \"ok\"}\n"}
,{"stream_name":"stdout","time":1976.278033639,"data":"{\"op\": \"polygamma\", \"dtype\": \"float32\", \"samples\": 3, \"diffs\": [], \"errors\": [], \"verdict\": \"ok\"}\n"}
,{"stream_name":"stdout","time":1976.278038255,"data":"{\"op\": \"polygamma\", \"dtype\": \"float16\", \"samples\": 3, \"diffs\": [], \"errors\": [], \"verdict\": \"ok\"}\n"}
,{"stream_name":"stdout","time":1976.278042222,"data":"{\"op\": \"polygamma\", \"dtype\": \"bfloat16\", \"samples\": 3, \"diffs\": [], \"errors\": [], \"verdict\": \"ok\"}\n"}
,{"stream_name":"stdout","time":1976.278046044,"data":"{\"op\": \"polygamma\", \"dtype\": \"int8\", \"samples\": 3, \"diffs\": [], \"errors\": [], \"verdict\": \"ok\"}\n"}
,{"stream_name":"stdout","time":1976.278049858,"data":"{\"op\": \"polygamma\", \"dtype\": \"uint8\", \"samples\": 3, \"diffs\": [], \"errors\": [], \"verdict\": \"ok\"}\n"}
,{"stream_name":"stdout","time":1976.278053656,"data":"{\"op\": \"polygamma\", \"dtype\": \"int16\", \"samples\": 3, \"diffs\": [], \"errors\": [], \"verdict\": \"ok\"}\n"}
,{"stream_name":"stdout","time":1976.27805756,"data":"{\"op\": \"polygamma\", \"dtype\": \"int32\", \"samples\": 3, \"diffs\": [], \"errors\": [], \"verdict\": \"ok\"}\n"}
,{"stream_name":"stdout","time":1976.27806144,"data":"{\"op\": \"polygamma\", \"dtype\": \"bool\", \"samples\": 3, \"diffs\": [], \"errors\": [], \"verdict\": \"ok\"}\n"}
,{"stream_name":"stdout","time":1976.27806532,"data":"{\"op\": \"polygamma\", \"dtype\": \"float32\", \"samples\": 3, \"diffs\": [], \"errors\": [], \"verdict\": \"ok\"}\n"}
,{"stream_name":"stdout","time":1976.278072594,"data":"{\"op\": \"polygamma\", \"dtype\": \"float16\", \"samples\": 3, \"diffs\": [], \"errors\": [], \"verdict\": \"ok\"}\n"}
,{"stream_name":"stdout","time":1976.278076602,"data":"{\"op\": \"polygamma\", \"dtype\": \"bfloat16\", \"samples\": 3, \"diffs\": [], \"errors\": [], \"verdict\": \"ok\"}\n"}
,{"stream_name":"stdout","time":1976.278080424,"data":"{\"op\": \"polygamma\", \"dtype\": \"int8\", \"samples\": 3, \"diffs\": [], \"errors\": [], \"verdict\": \"ok\"}\n"}
,{"stream_name":"stdout","time":1976.278084241,"data":"{\"op\": \"polygamma\", \"dtype\": \"uint8\", \"samples\": 3, \"diffs\": [], \"errors\": [], \"verdict\": \"ok\"}\n"}
,{"stream_name":"stdout","time":1976.278088104,"data":"{\"op\": \"polygamma\", \"dtype\": \"int16\", \"samples\": 3, \"diffs\": [], \"errors\": [], \"verdict\": \"ok\"}\n"}
,{"stream_name":"stdout","time":1976.278092024,"data":"{\"op\": \"polygamma\", \"dtype\": \"int32\", \"samples\": 3, \"diffs\": [], \"errors\": [], \"verdict\": \"ok\"}\n"}
,{"stream_name":"stdout","time":1976.27809586,"data":"{\"op\": \"polygamma\", \"dtype\": \"bool\", \"samples\": 3, \"diffs\": [], \"errors\": [], \"verdict\": \"ok\"}\n"}
,{"stream_name":"stdout","time":1976.278099687,"data":"{\"op\": \"ravel\", \"dtype\": \"float32\", \"samples\": 3, \"diffs\": [], \"errors\": [], \"verdict\": \"ok\"}\n"}
,{"stream_name":"stdout","time":1976.278103558,"data":"{\"op\": \"ravel\", \"dtype\": \"float16\", \"samples\": 3, \"diffs\": [], \"errors\": [], \"verdict\": \"ok\"}\n"}
,{"stream_name":"stdout","time":1976.27810742,"data":"{\"op\": \"ravel\", \"dtype\": \"bfloat16\", \"samples\": 3, \"diffs\": [], \"errors\": [], \"verdict\": \"ok\"}\n"}
,{"stream_name":"stdout","time":1976.278111267,"data":"{\"op\": \"ravel\", \"dtype\": \"int8\", \"samples\": 3, \"diffs\": [], \"errors\": [], \"verdict\": \"ok\"}\n"}
,{"stream_name":"stdout","time":1976.278123628,"data":"{\"op\": \"ravel\", \"dtype\": \"uint8\", \"samples\": 3, \"diffs\": [], \"errors\": [], \"verdict\": \"ok\"}\n"}
,{"stream_name":"stdout","time":1976.278127484,"data":"{\"op\": \"ravel\", \"dtype\": \"int16\", \"samples\": 3, \"diffs\": [], \"errors\": [], \"verdict\": \"ok\"}\n"}
,{"stream_name":"stdout","time":1976.278131288,"data":"{\"op\": \"ravel\", \"dtype\": \"int32\", \"samples\": 3, \"diffs\": [], \"errors\": [], \"verdict\": \"ok\"}\n"}
,{"stream_name":"stdout","time":1976.278135732,"data":"{\"op\": \"ravel\", \"dtype\": \"bool\", \"samples\": 3, \"diffs\": [], \"errors\": [], \"verdict\": \"ok\"}\n"}
,{"stream_name":"stdout","time":1976.278139593,"data":"{\"op\": \"unravel_index\", \"dtype\": \"int8\", \"samples\": 3, \"diffs\": [], \"errors\": [], \"verdict\": \"ok\"}\n"}
,{"stream_name":"stdout","time":1976.278143594,"data":"{\"op\": \"unravel_index\", \"dtype\": \"uint8\", \"samples\": 3, \"diffs\": [], \"errors\": [], \"verdict\": \"ok\"}\n"}
,{"stream_name":"stdout","time":1976.278147438,"data":"{\"op\": \"unravel_index\", \"dtype\": \"int16\", \"samples\": 3, \"diffs\": [], \"errors\": [], \"verdict\": \"ok\"}\n"}
,{"stream_name":"stdout","time":1976.278151295,"data":"{\"op\": \"unravel_index\", \"dtype\": \"int32\", \"samples\": 3, \"diffs\": [], \"errors\": [], \"verdict\": \"ok\"}\n"}
,{"stream_name":"stdout","time":1976.278155258,"data":"{\"op\": \"reshape\", \"dtype\": \"float32\", \"samples\": 3, \"diffs\": [], \"errors\": [], \"verdict\": \"ok\"}\n"}
,{"stream_name":"stdout","time":1976.278159138,"data":"{\"op\": \"reshape\", \"dtype\": \"float16\", \"samples\": 3, \"diffs\": [], \"errors\": [], \"verdict\": \"ok\"}\n"}
,{"stream_name":"stdout","time":1976.278163075,"data":"{\"op\": \"reshape\", \"dtype\": \"bfloat16\", \"samples\": 3, \"diffs\": [], \"errors\": [], \"verdict\": \"ok\"}\n"}
,{"stream_name":"stdout","time":1976.278176968,"data":"{\"op\": \"reshape\", \"dtype\": \"int8\", \"samples\": 3, \"diffs\": [], \"errors\": [], \"verdict\": \"ok\"}\n"}
,{"stream_name":"stdout","time":1976.278181009,"data":"{\"op\": \"reshape\", \"dtype\": \"uint8\", \"samples\": 3, \"diffs\": [], \"errors\": [], \"verdict\": \"ok\"}\n"}
,{"stream_name":"stdout","time":1976.278201721,"data":"{\"op\": \"reshape\", \"dtype\": \"int16\", \"samples\": 3, \"diffs\": [], \"errors\": [], \"verdict\": \"ok\"}\n"}
,{"stream_name":"stdout","time":1976.278205859,"data":"{\"op\": \"reshape\", \"dtype\": \"int32\", \"samples\": 3, \"diffs\": [], \"errors\": [], \"verdict\": \"ok\"}\n"}
,{"stream_name":"stdout","time":1976.278209925,"data":"{\"op\": \"reshape\", \"dtype\": \"bool\", \"samples\": 3, \"diffs\": [], \"errors\": [], \"verdict\": \"ok\"}\n"}
,{"stream_name":"stdout","time":1976.278214179,"data":"{\"op\": \"reshape_as\", \"dtype\": \"float32\", \"samples\": 3, \"diffs\": [], \"errors\": [], \"verdict\": \"ok\"}\n"}
,{"stream_name":"stdout","time":1976.278218297,"data":"{\"op\": \"reshape_as\", \"dtype\": \"float16\", \"samples\": 3, \"diffs\": [], \"errors\": [], \"verdict\": \"ok\"}\n"}
,{"stream_name":"stdout","time":1976.278222482,"data":"{\"op\": \"reshape_as\", \"dtype\": \"bfloat16\", \"samples\": 3, \"diffs\": [], \"errors\": [], \"verdict\": \"ok\"}\n"}
,{"stream_name":"stdout","time":1976.278226569,"data":"{\"op\": \"reshape_as\", \"dtype\": \"int8\", \"samples\": 3, \"diffs\": [], \"errors\": [], \"verdict\": \"ok\"}\n"}
,{"stream_name":"stdout","time":1976.278230711,"data":"{\"op\": \"reshape_as\", \"dtype\": \"uint8\", \"samples\": 3, \"diffs\": [], \"errors\": [], \"verdict\": \"ok\"}\n"}
,{"stream_name":"stdout","time":1976.278234776,"data":"{\"op\": \"reshape_as\", \"dtype\": \"int16\", \"samples\": 3, \"diffs\": [], \"errors\": [], \"verdict\": \"ok\"}\n"}
,{"stream_name":"stdout","time":1976.27824795,"data":"{\"op\": \"reshape_as\", \"dtype\": \"int32\", \"samples\": 3, \"diffs\": [], \"errors\": [], \"verdict\": \"ok\"}\n"}
,{"stream_name":"stdout","time":1976.278252086,"data":"{\"op\": \"reshape_as\", \"dtype\": \"bool\", \"samples\": 3, \"diffs\": [], \"errors\": [], \"verdict\": \"ok\"}\n"}
,{"stream_name":"stdout","time":1976.278256713,"data":"{\"op\": \"view\", \"dtype\": \"float32\", \"samples\": 3, \"diffs\": [], \"errors\": [], \"verdict\": \"ok\"}\n"}
,{"stream_name":"stdout","time":1976.278260937,"data":"{\"op\": \"view\", \"dtype\": \"float16\", \"samples\": 3, \"diffs\": [], \"errors\": [], \"verdict\": \"ok\"}\n"}
,{"stream_name":"stdout","time":1976.278265049,"data":"{\"op\": \"view\", \"dtype\": \"bfloat16\", \"samples\": 3, \"diffs\": [], \"errors\": [], \"verdict\": \"ok\"}\n"}
,{"stream_name":"stdout","time":1976.278269141,"data":"{\"op\": \"view\", \"dtype\": \"int8\", \"samples\": 3, \"diffs\": [], \"errors\": [], \"verdict\": \"ok\"}\n"}
,{"stream_name":"stdout","time":1976.278273359,"data":"{\"op\": \"view\", \"dtype\": \"uint8\", \"samples\": 3, \"diffs\": [], \"errors\": [], \"verdict\": \"ok\"}\n"}
,{"stream_name":"stdout","time":1976.278277401,"data":"{\"op\": \"view\", \"dtype\": \"int16\", \"samples\": 3, \"diffs\": [], \"errors\": [], \"verdict\": \"ok\"}\n"}
,{"stream_name":"stdout","time":1976.278281478,"data":"{\"op\": \"view\", \"dtype\": \"int32\", \"samples\": 3, \"diffs\": [], \"errors\": [], \"verdict\": \"ok\"}\n"}
,{"stream_name":"stdout","time":1976.278285524,"data":"{\"op\": \"view\", \"dtype\": \"bool\", \"samples\": 3, \"diffs\": [], \"errors\": [], \"verdict\": \"ok\"}\n"}
,{"stream_name":"stdout","time":1976.278289609,"data":"{\"op\": \"view_as\", \"dtype\": \"float32\", \"samples\": 3, \"diffs\": [], \"errors\": [], \"verdict\": \"ok\"}\n"}
,{"stream_name":"stdout","time":1976.278294083,"data":"{\"op\": \"view_as\", \"dtype\": \"float16\", \"samples\": 3, \"diffs\": [], \"errors\": [], \"verdict\": \"ok\"}\n"}
,{"stream_name":"stdout","time":1976.278302185,"data":"{\"op\": \"view_as\", \"dtype\": \"bfloat16\", \"samples\": 3, \"diffs\": [], \"errors\": [], \"verdict\": \"ok\"}\n"}
,{"stream_name":"stdout","time":1976.278306347,"data":"{\"op\": \"view_as\", \"dtype\": \"int8\", \"samples\": 3, \"diffs\": [], \"errors\": [], \"verdict\": \"ok\"}\n"}
,{"stream_name":"stdout","time":1976.278310601,"data":"{\"op\": \"view_as\", \"dtype\": \"uint8\", \"samples\": 3, \"diffs\": [], \"errors\": [], \"verdict\": \"ok\"}\n"}
,{"stream_name":"stdout","time":1976.27831431,"data":"{\"op\": \"view_as\", \"dtype\": \"int16\", \"samples\": 3, \"diffs\": [], \"errors\": [], \"verdict\": \"ok\"}\n"}
,{"stream_name":"stdout","time":1976.278318321,"data":"{\"op\": \"view_as\", \"dtype\": \"int32\", \"samples\": 3, \"diffs\": [], \"errors\": [], \"verdict\": \"ok\"}\n"}
,{"stream_name":"stdout","time":1976.278322533,"data":"{\"op\": \"view_as\", \"dtype\": \"bool\", \"samples\": 3, \"diffs\": [], \"errors\": [], \"verdict\": \"ok\"}\n"}
,{"stream_name":"stdout","time":1976.278326823,"data":"{\"op\": \"atleast_1d\", \"dtype\": \"float32\", \"samples\": 3, \"diffs\": [], \"errors\": [], \"verdict\": \"ok\"}\n"}
,{"stream_name":"stdout","time":1976.27833074,"data":"{\"op\": \"atleast_1d\", \"dtype\": \"float16\", \"samples\": 3, \"diffs\": [], \"errors\": [], \"verdict\": \"ok\"}\n"}
,{"stream_name":"stdout","time":1976.278335296,"data":"{\"op\": \"atleast_1d\", \"dtype\": \"bfloat16\", \"samples\": 3, \"diffs\": [], \"errors\": [], \"verdict\": \"ok\"}\n"}
,{"stream_name":"stdout","time":1976.278339715,"data":"{\"op\": \"atleast_1d\", \"dtype\": \"int8\", \"samples\": 3, \"diffs\": [], \"errors\": [], \"verdict\": \"ok\"}\n"}
,{"stream_name":"stdout","time":1976.278343543,"data":"{\"op\": \"atleast_1d\", \"dtype\": \"uint8\", \"samples\": 3, \"diffs\": [], \"errors\": [], \"verdict\": \"ok\"}\n"}
,{"stream_name":"stdout","time":1976.278347275,"data":"{\"op\": \"atleast_1d\", \"dtype\": \"int16\", \"samples\": 3, \"diffs\": [], \"errors\": [], \"verdict\": \"ok\"}\n"}
,{"stream_name":"stdout","time":1976.278351735,"data":"{\"op\": \"atleast_1d\", \"dtype\": \"int32\", \"samples\": 3, \"diffs\": [], \"errors\": [], \"verdict\": \"ok\"}\n"}
,{"stream_name":"stdout","time":1976.278355637,"data":"{\"op\": \"atleast_1d\", \"dtype\": \"bool\", \"samples\": 3, \"diffs\": [], \"errors\": [], \"verdict\": \"ok\"}\n"}
,{"stream_name":"stdout","time":1976.27835942,"data":"{\"op\": \"atleast_2d\", \"dtype\": \"float32\", \"samples\": 3, \"diffs\": [], \"errors\": [], \"verdict\": \"ok\"}\n"}
,{"stream_name":"stdout","time":1976.278363903,"data":"{\"op\": \"atleast_2d\", \"dtype\": \"float16\", \"samples\": 3, \"diffs\": [], \"errors\": [], \"verdict\": \"ok\"}\n"}
,{"stream_name":"stdout","time":1976.278367893,"data":"{\"op\": \"atleast_2d\", \"dtype\": \"bfloat16\", \"samples\": 3, \"diffs\": [], \"errors\": [], \"verdict\": \"ok\"}\n"}
,{"stream_name":"stdout","time":1976.278372246,"data":"{\"op\": \"atleast_2d\", \"dtype\": \"int8\", \"samples\": 3, \"diffs\": [], \"errors\": [], \"verdict\": \"ok\"}\n"}
,{"stream_name":"stdout","time":1976.278376329,"data":"{\"op\": \"atleast_2d\", \"dtype\": \"uint8\", \"samples\": 3, \"diffs\": [], \"errors\": [], \"verdict\": \"ok\"}\n"}
,{"stream_name":"stdout","time":1976.278380487,"data":"{\"op\": \"atleast_2d\", \"dtype\": \"int16\", \"samples\": 3, \"diffs\": [], \"errors\": [], \"verdict\": \"ok\"}\n"}
,{"stream_name":"stdout","time":1976.278384592,"data":"{\"op\": \"atleast_2d\", \"dtype\": \"int32\", \"samples\": 3, \"diffs\": [], \"errors\": [], \"verdict\": \"ok\"}\n"}
,{"stream_name":"stdout","time":1976.278389074,"data":"{\"op\": \"atleast_2d\", \"dtype\": \"bool\", \"samples\": 3, \"diffs\": [], \"errors\": [], \"verdict\": \"ok\"}\n"}
,{"stream_name":"stdout","time":1976.278396505,"data":"{\"op\": \"atleast_3d\", \"dtype\": \"float32\", \"samples\": 3, \"diffs\": [], \"errors\": [], \"verdict\": \"ok\"}\n"}
,{"stream_name":"stdout","time":1976.278411897,"data":"{\"op\": \"atleast_3d\", \"dtype\": \"float16\", \"samples\": 3, \"diffs\": [], \"errors\": [], \"verdict\": \"ok\"}\n"}
,{"stream_name":"stdout","time":1976.278415738,"data":"{\"op\": \"atleast_3d\", \"dtype\": \"bfloat16\", \"samples\": 3, \"diffs\": [], \"errors\": [], \"verdict\": \"ok\"}\n"}
,{"stream_name":"stdout","time":1976.278419545,"data":"{\"op\": \"atleast_3d\", \"dtype\": \"int8\", \"samples\": 3, \"diffs\": [], \"errors\": [], \"verdict\": \"ok\"}\n"}
,{"stream_name":"stdout","time":1976.278423275,"data":"{\"op\": \"atleast_3d\", \"dtype\": \"uint8\", \"samples\": 3, \"diffs\": [], \"errors\": [], \"verdict\": \"ok\"}\n"}
,{"stream_name":"stdout","time":1976.27842755,"data":"{\"op\": \"atleast_3d\", \"dtype\": \"int16\", \"samples\": 3, \"diffs\": [], \"errors\": [], \"verdict\": \"ok\"}\n"}
,{"stream_name":"stdout","time":1976.278431353,"data":"{\"op\": \"atleast_3d\", \"dtype\": \"int32\", \"samples\": 3, \"diffs\": [], \"errors\": [], \"verdict\": \"ok\"}\n"}
,{"stream_name":"stdout","time":1976.278435453,"data":"{\"op\": \"atleast_3d\", \"dtype\": \"bool\", \"samples\": 3, \"diffs\": [], \"errors\": [], \"verdict\": \"ok\"}\n"}
,{"stream_name":"stdout","time":1976.278439253,"data":"{\"op\": \"flatten\", \"dtype\": \"float32\", \"samples\": 3, \"diffs\": [], \"errors\": [], \"verdict\": \"ok\"}\n"}
,{"stream_name":"stdout","time":1976.278443097,"data":"{\"op\": \"flatten\", \"dtype\": \"float16\", \"samples\": 3, \"diffs\": [], \"errors\": [], \"verdict\": \"ok\"}\n"}
,{"stream_name":"stdout","time":1976.278447015,"data":"{\"op\": \"flatten\", \"dtype\": \"bfloat16\", \"samples\": 3, \"diffs\": [], \"errors\": [], \"verdict\": \"ok\"}\n"}
,{"stream_name":"stdout","time":1976.27845156,"data":"{\"op\": \"flatten\", \"dtype\": \"int8\", \"samples\": 3, \"diffs\": [], \"errors\": [], \"verdict\": \"ok\"}\n"}
,{"stream_name":"stdout","time":1976.278455462,"data":"{\"op\": \"flatten\", \"dtype\": \"uint8\", \"samples\": 3, \"diffs\": [], \"errors\": [], \"verdict\": \"ok\"}\n"}
,{"stream_name":"stdout","time":1976.278459139,"data":"{\"op\": \"flatten\", \"dtype\": \"int16\", \"samples\": 3, \"diffs\": [], \"errors\": [], \"verdict\": \"ok\"}\n"}
,{"stream_name":"stdout","time":1976.27846278,"data":"{\"op\": \"flatten\", \"dtype\": \"int32\", \"samples\": 3, \"diffs\": [], \"errors\": [], \"verdict\": \"ok\"}\n"}
,{"stream_name":"stdout","time":1976.278466764,"data":"{\"op\": \"flatten\", \"dtype\": \"bool\", \"samples\": 3, \"diffs\": [], \"errors\": [], \"verdict\": \"ok\"}\n"}
,{"stream_name":"stdout","time":1976.278470763,"data":"{\"op\": \"unflatten\", \"dtype\": \"float32\", \"samples\": 3, \"diffs\": [], \"errors\": [], \"verdict\": \"ok\"}\n"}
,{"stream_name":"stdout","time":1976.278474704,"data":"{\"op\": \"unflatten\", \"dtype\": \"float16\", \"samples\": 3, \"diffs\": [], \"errors\": [], \"verdict\": \"ok\"}\n"}
,{"stream_name":"stdout","time":1976.278478847,"data":"{\"op\": \"unflatten\", \"dtype\": \"bfloat16\", \"samples\": 3, \"diffs\": [], \"errors\": [], \"verdict\": \"ok\"}\n"}
,{"stream_name":"stdout","time":1976.27848283,"data":"{\"op\": \"unflatten\", \"dtype\": \"int8\", \"samples\": 3, \"diffs\": [], \"errors\": [], \"verdict\": \"ok\"}\n"}
,{"stream_name":"stdout","time":1976.278486804,"data":"{\"op\": \"unflatten\", \"dtype\": \"uint8\", \"samples\": 3, \"diffs\": [], \"errors\": [], \"verdict\": \"ok\"}\n"}
,{"stream_name":"stdout","time":1976.278490487,"data":"{\"op\": \"unflatten\", \"dtype\": \"int16\", \"samples\": 3, \"diffs\": [], \"errors\": [], \"verdict\": \"ok\"}\n"}
,{"stream_name":"stdout","time":1976.278497653,"data":"{\"op\": \"unflatten\", \"dtype\": \"int32\", \"samples\": 3, \"diffs\": [], \"errors\": [], \"verdict\": \"ok\"}\n"}
,{"stream_name":"stdout","time":1976.278501684,"data":"{\"op\": \"unflatten\", \"dtype\": \"bool\", \"samples\": 3, \"diffs\": [], \"errors\": [], \"verdict\": \"ok\"}\n"}
,{"stream_name":"stdout","time":1976.278505572,"data":"{\"op\": \"gather\", \"dtype\": \"float32\", \"samples\": 3, \"diffs\": [], \"errors\": [], \"verdict\": \"ok\"}\n"}
,{"stream_name":"stdout","time":1976.278509913,"data":"{\"op\": \"gather\", \"dtype\": \"float16\", \"samples\": 3, \"diffs\": [], \"errors\": [], \"verdict\": \"ok\"}\n"}
,{"stream_name":"stdout","time":1976.278514122,"data":"{\"op\": \"gather\", \"dtype\": \"bfloat16\", \"samples\": 3, \"diffs\": [], \"errors\": [], \"verdict\": \"ok\"}\n"}
,{"stream_name":"stdout","time":1976.278518516,"data":"{\"op\": \"gather\", \"dtype\": \"int8\", \"samples\": 3, \"diffs\": [], \"errors\": [], \"verdict\": \"ok\"}\n"}
,{"stream_name":"stdout","time":1976.278522945,"data":"{\"op\": \"gather\", \"dtype\": \"uint8\", \"samples\": 3, \"diffs\": [], \"errors\": [], \"verdict\": \"ok\"}\n"}
,{"stream_name":"stdout","time":1976.27852718,"data":"{\"op\": \"gather\", \"dtype\": \"int16\", \"samples\": 3, \"diffs\": [], \"errors\": [], \"verdict\": \"ok\"}\n"}
,{"stream_name":"stdout","time":1976.278531724,"data":"{\"op\": \"gather\", \"dtype\": \"int32\", \"samples\": 0, \"diffs\": [{\"i\": -1, \"class\": \"CRASH\", \"detail\": \"process died\"}], \"errors\": [], \"verdict\": \"DIFF:CRASH\"}\n"}
,{"stream_name":"stdout","time":1976.278536379,"data":"{\"op\": \"gather\", \"dtype\": \"bool\", \"samples\": 3, \"diffs\": [], \"errors\": [], \"verdict\": \"ok\"}\n"}
,{"stream_name":"stdout","time":1976.278540897,"data":"{\"op\": \"index_fill\", \"dtype\": \"float32\", \"samples\": 3, \"diffs\": [], \"errors\": [], \"verdict\": \"ok\"}\n"}
,{"stream_name":"stdout","time":1976.278545068,"data":"{\"op\": \"index_fill\", \"dtype\": \"float16\", \"samples\": 3, \"diffs\": [], \"errors\": [], \"verdict\": \"ok\"}\n"}
,{"stream_name":"stdout","time":1976.278549613,"data":"{\"op\": \"index_fill\", \"dtype\": \"bfloat16\", \"samples\": 3, \"diffs\": [], \"errors\": [], \"verdict\": \"ok\"}\n"}
,{"stream_name":"stdout","time":1976.278554264,"data":"{\"op\": \"index_fill\", \"dtype\": \"int8\", \"samples\": 3, \"diffs\": [], \"errors\": [], \"verdict\": \"ok\"}\n"}
,{"stream_name":"stdout","time":1976.278575377,"data":"{\"op\": \"index_fill\", \"dtype\": \"uint8\", \"samples\": 3, \"diffs\": [], \"errors\": [], \"verdict\": \"ok\"}\n"}
,{"stream_name":"stdout","time":1976.27857949,"data":"{\"op\": \"index_fill\", \"dtype\": \"int16\", \"samples\": 3, \"diffs\": [], \"errors\": [], \"verdict\": \"ok\"}\n"}
,{"stream_name":"stdout","time":1976.278583713,"data":"{\"op\": \"index_fill\", \"dtype\": \"int32\", \"samples\": 3, \"diffs\": [], \"errors\": [], \"verdict\": \"ok\"}\n"}
,{"stream_name":"stdout","time":1976.278587731,"data":"{\"op\": \"index_fill\", \"dtype\": \"bool\", \"samples\": 3, \"diffs\": [], \"errors\": [], \"verdict\": \"ok\"}\n"}
,{"stream_name":"stdout","time":1976.278592014,"data":"{\"op\": \"index_copy\", \"dtype\": \"float32\", \"samples\": 3, \"diffs\": [], \"errors\": [], \"verdict\": \"ok\"}\n"}
,{"stream_name":"stdout","time":1976.278596077,"data":"{\"op\": \"index_copy\", \"dtype\": \"float16\", \"samples\": 3, \"diffs\": [], \"errors\": [], \"verdict\": \"ok\"}\n"}
,{"stream_name":"stdout","time":1976.278600008,"data":"{\"op\": \"index_copy\", \"dtype\": \"bfloat16\", \"samples\": 3, \"diffs\": [], \"errors\": [], \"verdict\": \"ok\"}\n"}
,{"stream_name":"stdout","time":1976.278604466,"data":"{\"op\": \"index_copy\", \"dtype\": \"int8\", \"samples\": 3, \"diffs\": [], \"errors\": [], \"verdict\": \"ok\"}\n"}
,{"stream_name":"stdout","time":1976.278613302,"data":"{\"op\": \"index_copy\", \"dtype\": \"uint8\", \"samples\": 3, \"diffs\": [], \"errors\": [], \"verdict\": \"ok\"}\n"}
,{"stream_name":"stdout","time":1976.278618017,"data":"{\"op\": \"index_copy\", \"dtype\": \"int16\", \"samples\": 3, \"diffs\": [], \"errors\": [], \"verdict\": \"ok\"}\n"}
,{"stream_name":"stdout","time":1976.278622711,"data":"{\"op\": \"index_copy\", \"dtype\": \"int32\", \"samples\": 3, \"diffs\": [], \"errors\": [], \"verdict\": \"ok\"}\n"}
,{"stream_name":"stdout","time":1976.278627424,"data":"{\"op\": \"index_copy\", \"dtype\": \"bool\", \"samples\": 3, \"diffs\": [], \"errors\": [], \"verdict\": \"ok\"}\n"}
,{"stream_name":"stdout","time":1976.278631999,"data":"{\"op\": \"index_select\", \"dtype\": \"float32\", \"samples\": 3, \"diffs\": [], \"errors\": [], \"verdict\": \"ok\"}\n"}
,{"stream_name":"stdout","time":1976.278636663,"data":"{\"op\": \"index_select\", \"dtype\": \"float16\", \"samples\": 3, \"diffs\": [], \"errors\": [], \"verdict\": \"ok\"}\n"}
,{"stream_name":"stdout","time":1976.27864124,"data":"{\"op\": \"index_select\", \"dtype\": \"bfloat16\", \"samples\": 3, \"diffs\": [], \"errors\": [], \"verdict\": \"ok\"}\n"}
,{"stream_name":"stdout","time":1976.278645524,"data":"{\"op\": \"index_select\", \"dtype\": \"int8\", \"samples\": 3, \"diffs\": [], \"errors\": [], \"verdict\": \"ok\"}\n"}
,{"stream_name":"stdout","time":1976.278650817,"data":"{\"op\": \"index_select\", \"dtype\": \"uint8\", \"samples\": 3, \"diffs\": [], \"errors\": [], \"verdict\": \"ok\"}\n"}
,{"stream_name":"stdout","time":1976.278655005,"data":"{\"op\": \"index_select\", \"dtype\": \"int16\", \"samples\": 3, \"diffs\": [], \"errors\": [], \"verdict\": \"ok\"}\n"}
,{"stream_name":"stdout","time":1976.278659629,"data":"{\"op\": \"index_select\", \"dtype\": \"int32\", \"samples\": 3, \"diffs\": [], \"errors\": [], \"verdict\": \"ok\"}\n"}
,{"stream_name":"stdout","time":1976.278664089,"data":"{\"op\": \"index_select\", \"dtype\": \"bool\", \"samples\": 3, \"diffs\": [], \"errors\": [], \"verdict\": \"ok\"}\n"}
,{"stream_name":"stdout","time":1976.278668042,"data":"{\"op\": \"index_add\", \"dtype\": \"float32\", \"samples\": 3, \"diffs\": [], \"errors\": [], \"verdict\": \"ok\"}\n"}
,{"stream_name":"stdout","time":1976.278672014,"data":"{\"op\": \"index_add\", \"dtype\": \"float16\", \"samples\": 3, \"diffs\": [], \"errors\": [], \"verdict\": \"ok\"}\n"}
,{"stream_name":"stdout","time":1976.278676286,"data":"{\"op\": \"index_add\", \"dtype\": \"bfloat16\", \"samples\": 3, \"diffs\": [], \"errors\": [], \"verdict\": \"ok\"}\n"}
,{"stream_name":"stdout","time":1976.278680499,"data":"{\"op\": \"index_add\", \"dtype\": \"int8\", \"samples\": 3, \"diffs\": [], \"errors\": [\"compile InductorError\", \"compile InductorError\", \"compile InductorError\"], \"verdict\": \"ok\"}\n"}
,{"stream_name":"stdout","time":1976.278685999,"data":"{\"op\": \"index_add\", \"dtype\": \"uint8\", \"samples\": 3, \"diffs\": [], \"errors\": [\"compile InductorError\", \"compile InductorError\", \"compile InductorError\"], \"verdict\": \"ok\"}\n"}
,{"stream_name":"stdout","time":1976.278691396,"data":"{\"op\": \"index_add\", \"dtype\": \"int16\", \"samples\": 3, \"diffs\": [], \"errors\": [\"compile InductorError\", \"compile InductorError\", \"compile InductorError\"], \"verdict\": \"ok\"}\n"}
,{"stream_name":"stdout","time":1976.278696675,"data":"{\"op\": \"index_add\", \"dtype\": \"int32\", \"samples\": 3, \"diffs\": [], \"errors\": [], \"verdict\": \"ok\"}\n"}
,{"stream_name":"stdout","time":1976.278701547,"data":"{\"op\": \"index_add\", \"dtype\": \"bool\", \"samples\": 3, \"diffs\": [], \"errors\": [], \"verdict\": \"ok\"}\n"}
,{"stream_name":"stdout","time":1976.278706571,"data":"{\"op\": \"__getitem__\", \"dtype\": \"float32\", \"samples\": 3, \"diffs\": [], \"errors\": [], \"verdict\": \"ok\"}\n"}
,{"stream_name":"stdout","time":1976.278714938,"data":"{\"op\": \"__getitem__\", \"dtype\": \"float16\", \"samples\": 3, \"diffs\": [], \"errors\": [], \"verdict\": \"ok\"}\n"}
,{"stream_name":"stdout","time":1976.278720043,"data":"{\"op\": \"__getitem__\", \"dtype\": \"bfloat16\", \"samples\": 3, \"diffs\": [], \"errors\": [], \"verdict\": \"ok\"}\n"}
,{"stream_name":"stdout","time":1976.278725061,"data":"{\"op\": \"__getitem__\", \"dtype\": \"int8\", \"samples\": 3, \"diffs\": [], \"errors\": [], \"verdict\": \"ok\"}\n"}
,{"stream_name":"stdout","time":1976.278729828,"data":"{\"op\": \"__getitem__\", \"dtype\": \"uint8\", \"samples\": 3, \"diffs\": [], \"errors\": [], \"verdict\": \"ok\"}\n"}
,{"stream_name":"stdout","time":1976.278734577,"data":"{\"op\": \"__getitem__\", \"dtype\": \"int16\", \"samples\": 3, \"diffs\": [], \"errors\": [], \"verdict\": \"ok\"}\n"}
,{"stream_name":"stdout","time":1976.278739252,"data":"{\"op\": \"__getitem__\", \"dtype\": \"int32\", \"samples\": 3, \"diffs\": [], \"errors\": [], \"verdict\": \"ok\"}\n"}
,{"stream_name":"stdout","time":1976.278745297,"data":"{\"op\": \"__getitem__\", \"dtype\": \"bool\", \"samples\": 3, \"diffs\": [], \"errors\": [], \"verdict\": \"ok\"}\n"}
,{"stream_name":"stdout","time":1976.278754999,"data":"{\"op\": \"index_put\", \"dtype\": \"float32\", \"samples\": 3, \"diffs\": [], \"errors\": [], \"verdict\": \"ok\"}\n"}
,{"stream_name":"stdout","time":1976.278760125,"data":"{\"op\": \"index_put\", \"dtype\": \"float16\", \"samples\": 3, \"diffs\": [], \"errors\": [], \"verdict\": \"ok\"}\n"}
,{"stream_name":"stdout","time":1976.27876494,"data":"{\"op\": \"index_put\", \"dtype\": \"bfloat16\", \"samples\": 3, \"diffs\": [], \"errors\": [], \"verdict\": \"ok\"}\n"}
,{"stream_name":"stdout","time":1976.278768883,"data":"{\"op\": \"index_put\", \"dtype\": \"int8\", \"samples\": 3, \"diffs\": [], \"errors\": [\"compile InductorError\"], \"verdict\": \"ok\"}\n"}
,{"stream_name":"stdout","time":1976.278773225,"data":"{\"op\": \"index_put\", \"dtype\": \"uint8\", \"samples\": 3, \"diffs\": [], \"errors\": [\"compile InductorError\"], \"verdict\": \"ok\"}\n"}
,{"stream_name":"stdout","time":1976.278777405,"data":"{\"op\": \"index_put\", \"dtype\": \"int16\", \"samples\": 3, \"diffs\": [], \"errors\": [\"compile InductorError\"], \"verdict\": \"ok\"}\n"}
,{"stream_name":"stdout","time":1976.278781621,"data":"{\"op\": \"index_put\", \"dtype\": \"int32\", \"samples\": 3, \"diffs\": [], \"errors\": [], \"verdict\": \"ok\"}\n"}
,{"stream_name":"stdout","time":1976.278785689,"data":"{\"op\": \"index_put\", \"dtype\": \"bool\", \"samples\": 3, \"diffs\": [], \"errors\": [], \"verdict\": \"ok\"}\n"}
,{"stream_name":"stdout","time":1976.27878965,"data":"{\"op\": \"put\", \"dtype\": \"float32\", \"samples\": 3, \"diffs\": [], \"errors\": [], \"verdict\": \"ok\"}\n"}
,{"stream_name":"stdout","time":1976.278793946,"data":"{\"op\": \"put\", \"dtype\": \"float16\", \"samples\": 3, \"diffs\": [{\"i\": 2, \"class\": \"SIGNZERO\", \"detail\": \"sign of zero\", \"repr\": \"SampleInput(input=tensor([[-6.7109,  5.7031,  0.7920],\\n        [ 2.8809, -4.1016,  8.5234],\\n        [-1.9736, -2.8906,  0.8120]], device='cuda:0', dtype=torch.float16), args=(tensor([-7, -9, -3], device='cuda:0'), tensor([ 2.1758, -8.5000, -3.1406], device='cuda:0', dtype=torch.float16), True), kwar\"}], \"errors\": [], \"verdict\": \"DIFF:SIGNZERO\"}\n"}
,{"stream_name":"stdout","time":1976.278800137,"data":"{\"op\": \"put\", \"dtype\": \"bfloat16\", \"samples\": 3, \"diffs\": [], \"errors\": [], \"verdict\": \"ok\"}\n"}
,{"stream_name":"stdout","time":1976.278804227,"data":"{\"op\": \"put\", \"dtype\": \"int8\", \"samples\": 3, \"diffs\": [], \"errors\": [\"compile InductorError\", \"compile InductorError\"], \"verdict\": \"ok\"}\n"}
,{"stream_name":"stdout","time":1976.278812872,"data":"{\"op\": \"put\", \"dtype\": \"uint8\", \"samples\": 3, \"diffs\": [], \"errors\": [\"compile InductorError\", \"compile InductorError\"], \"verdict\": \"ok\"}\n"}
,{"stream_name":"stdout","time":1976.278817401,"data":"{\"op\": \"put\", \"dtype\": \"int16\", \"samples\": 3, \"diffs\": [], \"errors\": [\"compile InductorError\", \"compile InductorError\"], \"verdict\": \"ok\"}\n"}
,{"stream_name":"stdout","time":1976.278821844,"data":"{\"op\": \"put\", \"dtype\": \"int32\", \"samples\": 3, \"diffs\": [], \"errors\": [], \"verdict\": \"ok\"}\n"}
,{"stream_name":"stdout","time":1976.278826217,"data":"{\"op\": \"put\", \"dtype\": \"bool\", \"samples\": 3, \"diffs\": [], \"errors\": [], \"verdict\": \"ok\"}\n"}
,{"stream_name":"stdout","time":1976.278830601,"data":"{\"op\": \"take\", \"dtype\": \"float32\", \"samples\": 3, \"diffs\": [], \"errors\": [], \"verdict\": \"ok\"}\n"}
,{"stream_name":"stdout","time":1976.278834808,"data":"{\"op\": \"take\", \"dtype\": \"float16\", \"samples\": 3, \"diffs\": [], \"errors\": [], \"verdict\": \"ok\"}\n"}
,{"stream_name":"stdout","time":1976.278839254,"data":"{\"op\": \"take\", \"dtype\": \"bfloat16\", \"samples\": 3, \"diffs\": [], \"errors\": [], \"verdict\": \"ok\"}\n"}
,{"stream_name":"stdout","time":1976.278843087,"data":"{\"op\": \"take\", \"dtype\": \"int8\", \"samples\": 3, \"diffs\": [], \"errors\": [], \"verdict\": \"ok\"}\n"}
,{"stream_name":"stdout","time":1976.278847615,"data":"{\"op\": \"take\", \"dtype\": \"uint8\", \"samples\": 3, \"diffs\": [], \"errors\": [], \"verdict\": \"ok\"}\n"}
,{"stream_name":"stdout","time":1976.278852021,"data":"{\"op\": \"take\", \"dtype\": \"int16\", \"samples\": 3, \"diffs\": [], \"errors\": [], \"verdict\": \"ok\"}\n"}
,{"stream_name":"stdout","time":1976.278856696,"data":"{\"op\": \"take\", \"dtype\": \"int32\", \"samples\": 3, \"diffs\": [], \"errors\": [], \"verdict\": \"ok\"}\n"}
,{"stream_name":"stdout","time":1976.278861049,"data":"{\"op\": \"take\", \"dtype\": \"bool\", \"samples\": 3, \"diffs\": [], \"errors\": [], \"verdict\": \"ok\"}\n"}
,{"stream_name":"stdout","time":1976.278865296,"data":"{\"op\": \"scatter\", \"dtype\": \"float32\", \"samples\": 3, \"diffs\": [], \"errors\": [], \"verdict\": \"ok\"}\n"}
,{"stream_name":"stdout","time":1976.278869711,"data":"{\"op\": \"scatter\", \"dtype\": \"float16\", \"samples\": 3, \"diffs\": [], \"errors\": [], \"verdict\": \"ok\"}\n"}
,{"stream_name":"stdout","time":1976.278874052,"data":"{\"op\": \"scatter\", \"dtype\": \"bfloat16\", \"samples\": 3, \"diffs\": [], \"errors\": [], \"verdict\": \"ok\"}\n"}
,{"stream_name":"stdout","time":1976.278878501,"data":"{\"op\": \"scatter\", \"dtype\": \"int8\", \"samples\": 3, \"diffs\": [], \"errors\": [\"compile InductorError\"], \"verdict\": \"ok\"}\n"}
,{"stream_name":"stdout","time":1976.278882928,"data":"{\"op\": \"scatter\", \"dtype\": \"uint8\", \"samples\": 3, \"diffs\": [], \"errors\": [\"compile InductorError\"], \"verdict\": \"ok\"}\n"}
,{"stream_name":"stdout","time":1976.278887647,"data":"{\"op\": \"scatter\", \"dtype\": \"int16\", \"samples\": 3, \"diffs\": [], \"errors\": [\"compile InductorError\"], \"verdict\": \"ok\"}\n"}
,{"stream_name":"stdout","time":1976.278892246,"data":"{\"op\": \"scatter\", \"dtype\": \"int32\", \"samples\": 0, \"diffs\": [{\"i\": -1, \"class\": \"CRASH\", \"detail\": \"process died\"}], \"errors\": [], \"verdict\": \"DIFF:CRASH\"}\n"}
,{"stream_name":"stdout","time":1976.278897296,"data":"{\"op\": \"scatter\", \"dtype\": \"bool\", \"samples\": 3, \"diffs\": [], \"errors\": [], \"verdict\": \"ok\"}\n"}
,{"stream_name":"stdout","time":1976.278901617,"data":"{\"op\": \"bfloat16\", \"dtype\": \"float32\", \"samples\": 3, \"diffs\": [], \"errors\": [], \"verdict\": \"ok\"}\n"}
,{"stream_name":"stdout","time":1976.278906049,"data":"{\"op\": \"bfloat16\", \"dtype\": \"float16\", \"samples\": 3, \"diffs\": [], \"errors\": [], \"verdict\": \"ok\"}\n"}
,{"stream_name":"stdout","time":1976.278914221,"data":"{\"op\": \"bfloat16\", \"dtype\": \"bfloat16\", \"samples\": 3, \"diffs\": [], \"errors\": [], \"verdict\": \"ok\"}\n"}
,{"stream_name":"stdout","time":1976.278919178,"data":"{\"op\": \"bfloat16\", \"dtype\": \"int8\", \"samples\": 3, \"diffs\": [], \"errors\": [], \"verdict\": \"ok\"}\n"}
,{"stream_name":"stdout","time":1976.278923591,"data":"{\"op\": \"bfloat16\", \"dtype\": \"uint8\", \"samples\": 3, \"diffs\": [], \"errors\": [], \"verdict\": \"ok\"}\n"}
,{"stream_name":"stdout","time":1976.278944245,"data":"{\"op\": \"bfloat16\", \"dtype\": \"int16\", \"samples\": 3, \"diffs\": [], \"errors\": [], \"verdict\": \"ok\"}\n"}
,{"stream_name":"stdout","time":1976.278954259,"data":"{\"op\": \"bfloat16\", \"dtype\": \"int32\", \"samples\": 3, \"diffs\": [], \"errors\": [], \"verdict\": \"ok\"}\n"}
,{"stream_name":"stdout","time":1976.278958743,"data":"{\"op\": \"bfloat16\", \"dtype\": \"bool\", \"samples\": 3, \"diffs\": [], \"errors\": [], \"verdict\": \"ok\"}\n"}
,{"stream_name":"stdout","time":1976.278963103,"data":"{\"op\": \"bool\", \"dtype\": \"float32\", \"samples\": 3, \"diffs\": [], \"errors\": [], \"verdict\": \"ok\"}\n"}
,{"stream_name":"stdout","time":1976.278967261,"data":"{\"op\": \"bool\", \"dtype\": \"float16\", \"samples\": 3, \"diffs\": [], \"errors\": [], \"verdict\": \"ok\"}\n"}
,{"stream_name":"stdout","time":1976.278971622,"data":"{\"op\": \"bool\", \"dtype\": \"bfloat16\", \"samples\": 3, \"diffs\": [], \"errors\": [], \"verdict\": \"ok\"}\n"}
,{"stream_name":"stdout","time":1976.27897601,"data":"{\"op\": \"bool\", \"dtype\": \"int8\", \"samples\": 3, \"diffs\": [], \"errors\": [], \"verdict\": \"ok\"}\n"}
,{"stream_name":"stdout","time":1976.278980382,"data":"{\"op\": \"bool\", \"dtype\": \"uint8\", \"samples\": 3, \"diffs\": [], \"errors\": [], \"verdict\": \"ok\"}\n"}
,{"stream_name":"stdout","time":1976.278984726,"data":"{\"op\": \"bool\", \"dtype\": \"int16\", \"samples\": 3, \"diffs\": [], \"errors\": [], \"verdict\": \"ok\"}\n"}
,{"stream_name":"stdout","time":1976.278989031,"data":"{\"op\": \"bool\", \"dtype\": \"int32\", \"samples\": 3, \"diffs\": [], \"errors\": [], \"verdict\": \"ok\"}\n"}
,{"stream_name":"stdout","time":1976.278993409,"data":"{\"op\": \"bool\", \"dtype\": \"bool\", \"samples\": 3, \"diffs\": [], \"errors\": [], \"verdict\": \"ok\"}\n"}
,{"stream_name":"stdout","time":1976.278997875,"data":"{\"op\": \"byte\", \"dtype\": \"float32\", \"samples\": 3, \"diffs\": [], \"errors\": [], \"verdict\": \"ok\"}\n"}
,{"stream_name":"stdout","time":1976.279002231,"data":"{\"op\": \"byte\", \"dtype\": \"float16\", \"samples\": 3, \"diffs\": [], \"errors\": [], \"verdict\": \"ok\"}\n"}
,{"stream_name":"stdout","time":1976.279006653,"data":"{\"op\": \"byte\", \"dtype\": \"bfloat16\", \"samples\": 3, \"diffs\": [], \"errors\": [], \"verdict\": \"ok\"}\n"}
,{"stream_name":"stdout","time":1976.279011099,"data":"{\"op\": \"byte\", \"dtype\": \"int8\", \"samples\": 3, \"diffs\": [], \"errors\": [], \"verdict\": \"ok\"}\n"}
,{"stream_name":"stdout","time":1976.279015519,"data":"{\"op\": \"byte\", \"dtype\": \"uint8\", \"samples\": 3, \"diffs\": [], \"errors\": [], \"verdict\": \"ok\"}\n"}
,{"stream_name":"stdout","time":1976.279020216,"data":"{\"op\": \"byte\", \"dtype\": \"int16\", \"samples\": 3, \"diffs\": [], \"errors\": [], \"verdict\": \"ok\"}\n"}
,{"stream_name":"stdout","time":1976.279024351,"data":"{\"op\": \"byte\", \"dtype\": \"int32\", \"samples\": 3, \"diffs\": [], \"errors\": [], \"verdict\": \"ok\"}\n"}
,{"stream_name":"stdout","time":1976.279028785,"data":"{\"op\": \"byte\", \"dtype\": \"bool\", \"samples\": 3, \"diffs\": [], \"errors\": [], \"verdict\": \"ok\"}\n"}
,{"stream_name":"stdout","time":1976.279037831,"data":"{\"op\": \"char\", \"dtype\": \"float32\", \"samples\": 3, \"diffs\": [], \"errors\": [], \"verdict\": \"ok\"}\n"}
,{"stream_name":"stdout","time":1976.279043169,"data":"{\"op\": \"char\", \"dtype\": \"float16\", \"samples\": 3, \"diffs\": [], \"errors\": [], \"verdict\": \"ok\"}\n"}
,{"stream_name":"stdout","time":1976.279047633,"data":"{\"op\": \"char\", \"dtype\": \"bfloat16\", \"samples\": 3, \"diffs\": [], \"errors\": [], \"verdict\": \"ok\"}\n"}
,{"stream_name":"stdout","time":1976.279051992,"data":"{\"op\": \"char\", \"dtype\": \"int8\", \"samples\": 3, \"diffs\": [], \"errors\": [], \"verdict\": \"ok\"}\n"}
,{"stream_name":"stdout","time":1976.279056319,"data":"{\"op\": \"char\", \"dtype\": \"uint8\", \"samples\": 3, \"diffs\": [], \"errors\": [], \"verdict\": \"ok\"}\n"}
,{"stream_name":"stdout","time":1976.279060744,"data":"{\"op\": \"char\", \"dtype\": \"int16\", \"samples\": 3, \"diffs\": [], \"errors\": [], \"verdict\": \"ok\"}\n"}
,{"stream_name":"stdout","time":1976.279065463,"data":"{\"op\": \"char\", \"dtype\": \"int32\", \"samples\": 3, \"diffs\": [], \"errors\": [], \"verdict\": \"ok\"}\n"}
,{"stream_name":"stdout","time":1976.279069813,"data":"{\"op\": \"char\", \"dtype\": \"bool\", \"samples\": 3, \"diffs\": [], \"errors\": [], \"verdict\": \"ok\"}\n"}
,{"stream_name":"stdout","time":1976.279074159,"data":"{\"op\": \"double\", \"dtype\": \"float32\", \"samples\": 3, \"diffs\": [], \"errors\": [], \"verdict\": \"ok\"}\n"}
,{"stream_name":"stdout","time":1976.279078372,"data":"{\"op\": \"double\", \"dtype\": \"float16\", \"samples\": 3, \"diffs\": [], \"errors\": [], \"verdict\": \"ok\"}\n"}
,{"stream_name":"stdout","time":1976.279082689,"data":"{\"op\": \"double\", \"dtype\": \"bfloat16\", \"samples\": 3, \"diffs\": [], \"errors\": [], \"verdict\": \"ok\"}\n"}
,{"stream_name":"stdout","time":1976.279087111,"data":"{\"op\": \"double\", \"dtype\": \"int8\", \"samples\": 3, \"diffs\": [], \"errors\": [], \"verdict\": \"ok\"}\n"}
,{"stream_name":"stdout","time":1976.279091493,"data":"{\"op\": \"double\", \"dtype\": \"uint8\", \"samples\": 3, \"diffs\": [], \"errors\": [], \"verdict\": \"ok\"}\n"}
,{"stream_name":"stdout","time":1976.279095926,"data":"{\"op\": \"double\", \"dtype\": \"int16\", \"samples\": 3, \"diffs\": [], \"errors\": [], \"verdict\": \"ok\"}\n"}
,{"stream_name":"stdout","time":1976.279100111,"data":"{\"op\": \"double\", \"dtype\": \"int32\", \"samples\": 3, \"diffs\": [], \"errors\": [], \"verdict\": \"ok\"}\n"}
,{"stream_name":"stdout","time":1976.279104602,"data":"{\"op\": \"double\", \"dtype\": \"bool\", \"samples\": 3, \"diffs\": [], \"errors\": [], \"verdict\": \"ok\"}\n"}
,{"stream_name":"stdout","time":1976.279108867,"data":"{\"op\": \"float\", \"dtype\": \"float32\", \"samples\": 3, \"diffs\": [], \"errors\": [], \"verdict\": \"ok\"}\n"}
,{"stream_name":"stdout","time":1976.279113449,"data":"{\"op\": \"float\", \"dtype\": \"float16\", \"samples\": 3, \"diffs\": [], \"errors\": [], \"verdict\": \"ok\"}\n"}
,{"stream_name":"stdout","time":1976.279117824,"data":"{\"op\": \"float\", \"dtype\": \"bfloat16\", \"samples\": 3, \"diffs\": [], \"errors\": [], \"verdict\": \"ok\"}\n"}
,{"stream_name":"stdout","time":1976.279122284,"data":"{\"op\": \"float\", \"dtype\": \"int8\", \"samples\": 3, \"diffs\": [], \"errors\": [], \"verdict\": \"ok\"}\n"}
,{"stream_name":"stdout","time":1976.279126553,"data":"{\"op\": \"float\", \"dtype\": \"uint8\", \"samples\": 3, \"diffs\": [], \"errors\": [], \"verdict\": \"ok\"}\n"}
,{"stream_name":"stdout","time":1976.279131083,"data":"{\"op\": \"float\", \"dtype\": \"int16\", \"samples\": 3, \"diffs\": [], \"errors\": [], \"verdict\": \"ok\"}\n"}
,{"stream_name":"stdout","time":1976.279135455,"data":"{\"op\": \"float\", \"dtype\": \"int32\", \"samples\": 3, \"diffs\": [], \"errors\": [], \"verdict\": \"ok\"}\n"}
,{"stream_name":"stdout","time":1976.279144217,"data":"{\"op\": \"float\", \"dtype\": \"bool\", \"samples\": 3, \"diffs\": [], \"errors\": [], \"verdict\": \"ok\"}\n"}
,{"stream_name":"stdout","time":1976.279148045,"data":"{\"op\": \"half\", \"dtype\": \"float32\", \"samples\": 3, \"diffs\": [], \"errors\": [], \"verdict\": \"ok\"}\n"}
,{"stream_name":"stdout","time":1976.279152191,"data":"{\"op\": \"half\", \"dtype\": \"float16\", \"samples\": 3, \"diffs\": [], \"errors\": [], \"verdict\": \"ok\"}\n"}
,{"stream_name":"stdout","time":1976.279156681,"data":"{\"op\": \"half\", \"dtype\": \"bfloat16\", \"samples\": 3, \"diffs\": [], \"errors\": [], \"verdict\": \"ok\"}\n"}
,{"stream_name":"stdout","time":1976.279161041,"data":"{\"op\": \"half\", \"dtype\": \"int8\", \"samples\": 3, \"diffs\": [], \"errors\": [], \"verdict\": \"ok\"}\n"}
,{"stream_name":"stdout","time":1976.279165263,"data":"{\"op\": \"half\", \"dtype\": \"uint8\", \"samples\": 3, \"diffs\": [], \"errors\": [], \"verdict\": \"ok\"}\n"}
,{"stream_name":"stdout","time":1976.279169588,"data":"{\"op\": \"half\", \"dtype\": \"int16\", \"samples\": 3, \"diffs\": [], \"errors\": [], \"verdict\": \"ok\"}\n"}
,{"stream_name":"stdout","time":1976.279174642,"data":"{\"op\": \"half\", \"dtype\": \"int32\", \"samples\": 3, \"diffs\": [], \"errors\": [], \"verdict\": \"ok\"}\n"}
,{"stream_name":"stdout","time":1976.279179117,"data":"{\"op\": \"half\", \"dtype\": \"bool\", \"samples\": 3, \"diffs\": [], \"errors\": [], \"verdict\": \"ok\"}\n"}
,{"stream_name":"stdout","time":1976.27918346,"data":"{\"op\": \"int\", \"dtype\": \"float32\", \"samples\": 3, \"diffs\": [], \"errors\": [], \"verdict\": \"ok\"}\n"}
,{"stream_name":"stdout","time":1976.279187511,"data":"{\"op\": \"int\", \"dtype\": \"float16\", \"samples\": 3, \"diffs\": [], \"errors\": [], \"verdict\": \"ok\"}\n"}
,{"stream_name":"stdout","time":1976.279191689,"data":"{\"op\": \"int\", \"dtype\": \"bfloat16\", \"samples\": 3, \"diffs\": [], \"errors\": [], \"verdict\": \"ok\"}\n"}
,{"stream_name":"stdout","time":1976.27919589,"data":"{\"op\": \"int\", \"dtype\": \"int8\", \"samples\": 3, \"diffs\": [], \"errors\": [], \"verdict\": \"ok\"}\n"}
,{"stream_name":"stdout","time":1976.279199855,"data":"{\"op\": \"int\", \"dtype\": \"uint8\", \"samples\": 3, \"diffs\": [], \"errors\": [], \"verdict\": \"ok\"}\n"}
,{"stream_name":"stdout","time":1976.279203805,"data":"{\"op\": \"int\", \"dtype\": \"int16\", \"samples\": 3, \"diffs\": [], \"errors\": [], \"verdict\": \"ok\"}\n"}
,{"stream_name":"stdout","time":1976.279208119,"data":"{\"op\": \"int\", \"dtype\": \"int32\", \"samples\": 3, \"diffs\": [], \"errors\": [], \"verdict\": \"ok\"}\n"}
,{"stream_name":"stdout","time":1976.279212504,"data":"{\"op\": \"int\", \"dtype\": \"bool\", \"samples\": 3, \"diffs\": [], \"errors\": [], \"verdict\": \"ok\"}\n"}
,{"stream_name":"stdout","time":1976.279216623,"data":"{\"op\": \"long\", \"dtype\": \"float32\", \"samples\": 3, \"diffs\": [], \"errors\": [], \"verdict\": \"ok\"}\n"}
,{"stream_name":"stdout","time":1976.279220677,"data":"{\"op\": \"long\", \"dtype\": \"float16\", \"samples\": 3, \"diffs\": [], \"errors\": [], \"verdict\": \"ok\"}\n"}
,{"stream_name":"stdout","time":1976.279224691,"data":"{\"op\": \"long\", \"dtype\": \"bfloat16\", \"samples\": 3, \"diffs\": [], \"errors\": [], \"verdict\": \"ok\"}\n"}
,{"stream_name":"stdout","time":1976.279228907,"data":"{\"op\": \"long\", \"dtype\": \"int8\", \"samples\": 3, \"diffs\": [], \"errors\": [], \"verdict\": \"ok\"}\n"}
,{"stream_name":"stdout","time":1976.279233155,"data":"{\"op\": \"long\", \"dtype\": \"uint8\", \"samples\": 3, \"diffs\": [], \"errors\": [], \"verdict\": \"ok\"}\n"}
,{"stream_name":"stdout","time":1976.279247673,"data":"{\"op\": \"long\", \"dtype\": \"int16\", \"samples\": 3, \"diffs\": [], \"errors\": [], \"verdict\": \"ok\"}\n"}
,{"stream_name":"stdout","time":1976.279257029,"data":"{\"op\": \"long\", \"dtype\": \"int32\", \"samples\": 3, \"diffs\": [], \"errors\": [], \"verdict\": \"ok\"}\n"}
,{"stream_name":"stdout","time":1976.279261324,"data":"{\"op\": \"long\", \"dtype\": \"bool\", \"samples\": 3, \"diffs\": [], \"errors\": [], \"verdict\": \"ok\"}\n"}
,{"stream_name":"stdout","time":1976.279265263,"data":"{\"op\": \"short\", \"dtype\": \"float32\", \"samples\": 3, \"diffs\": [], \"errors\": [], \"verdict\": \"ok\"}\n"}
,{"stream_name":"stdout","time":1976.279269849,"data":"{\"op\": \"short\", \"dtype\": \"float16\", \"samples\": 3, \"diffs\": [], \"errors\": [], \"verdict\": \"ok\"}\n"}
,{"stream_name":"stdout","time":1976.279273679,"data":"{\"op\": \"short\", \"dtype\": \"bfloat16\", \"samples\": 3, \"diffs\": [], \"errors\": [], \"verdict\": \"ok\"}\n"}
,{"stream_name":"stdout","time":1976.279278405,"data":"{\"op\": \"short\", \"dtype\": \"int8\", \"samples\": 3, \"diffs\": [], \"errors\": [], \"verdict\": \"ok\"}\n"}
,{"stream_name":"stdout","time":1976.279282429,"data":"{\"op\": \"short\", \"dtype\": \"uint8\", \"samples\": 3, \"diffs\": [], \"errors\": [], \"verdict\": \"ok\"}\n"}
,{"stream_name":"stdout","time":1976.279286425,"data":"{\"op\": \"short\", \"dtype\": \"int16\", \"samples\": 3, \"diffs\": [], \"errors\": [], \"verdict\": \"ok\"}\n"}
,{"stream_name":"stdout","time":1976.279290559,"data":"{\"op\": \"short\", \"dtype\": \"int32\", \"samples\": 3, \"diffs\": [], \"errors\": [], \"verdict\": \"ok\"}\n"}
,{"stream_name":"stdout","time":1976.279294842,"data":"{\"op\": \"short\", \"dtype\": \"bool\", \"samples\": 3, \"diffs\": [], \"errors\": [], \"verdict\": \"ok\"}\n"}
,{"stream_name":"stdout","time":1976.279298963,"data":"{\"op\": \"cdouble\", \"dtype\": \"float32\", \"samples\": 3, \"diffs\": [], \"errors\": [], \"verdict\": \"ok\"}\n"}
,{"stream_name":"stdout","time":1976.279303281,"data":"{\"op\": \"cdouble\", \"dtype\": \"float16\", \"samples\": 3, \"diffs\": [], \"errors\": [], \"verdict\": \"ok\"}\n"}
,{"stream_name":"stdout","time":1976.279307861,"data":"{\"op\": \"cdouble\", \"dtype\": \"bfloat16\", \"samples\": 3, \"diffs\": [], \"errors\": [], \"verdict\": \"ok\"}\n"}
,{"stream_name":"stdout","time":1976.279311771,"data":"{\"op\": \"cdouble\", \"dtype\": \"int8\", \"samples\": 3, \"diffs\": [], \"errors\": [], \"verdict\": \"ok\"}\n"}
,{"stream_name":"stdout","time":1976.279315773,"data":"{\"op\": \"cdouble\", \"dtype\": \"uint8\", \"samples\": 3, \"diffs\": [], \"errors\": [], \"verdict\": \"ok\"}\n"}
,{"stream_name":"stdout","time":1976.279319937,"data":"{\"op\": \"cdouble\", \"dtype\": \"int16\", \"samples\": 3, \"diffs\": [], \"errors\": [], \"verdict\": \"ok\"}\n"}
,{"stream_name":"stdout","time":1976.279323919,"data":"{\"op\": \"cdouble\", \"dtype\": \"int32\", \"samples\": 3, \"diffs\": [], \"errors\": [], \"verdict\": \"ok\"}\n"}
,{"stream_name":"stdout","time":1976.279327569,"data":"{\"op\": \"cdouble\", \"dtype\": \"bool\", \"samples\": 3, \"diffs\": [], \"errors\": [], \"verdict\": \"ok\"}\n"}
,{"stream_name":"stdout","time":1976.279331791,"data":"{\"op\": \"cfloat\", \"dtype\": \"float32\", \"samples\": 3, \"diffs\": [], \"errors\": [], \"verdict\": \"ok\"}\n"}
,{"stream_name":"stdout","time":1976.279336071,"data":"{\"op\": \"cfloat\", \"dtype\": \"float16\", \"samples\": 3, \"diffs\": [], \"errors\": [], \"verdict\": \"ok\"}\n"}
,{"stream_name":"stdout","time":1976.279339903,"data":"{\"op\": \"cfloat\", \"dtype\": \"bfloat16\", \"samples\": 3, \"diffs\": [], \"errors\": [], \"verdict\": \"ok\"}\n"}
,{"stream_name":"stdout","time":1976.279344057,"data":"{\"op\": \"cfloat\", \"dtype\": \"int8\", \"samples\": 3, \"diffs\": [], \"errors\": [], \"verdict\": \"ok\"}\n"}
,{"stream_name":"stdout","time":1976.279352105,"data":"{\"op\": \"cfloat\", \"dtype\": \"uint8\", \"samples\": 3, \"diffs\": [], \"errors\": [], \"verdict\": \"ok\"}\n"}
,{"stream_name":"stdout","time":1976.279356351,"data":"{\"op\": \"cfloat\", \"dtype\": \"int16\", \"samples\": 3, \"diffs\": [], \"errors\": [], \"verdict\": \"ok\"}\n"}
,{"stream_name":"stdout","time":1976.279361003,"data":"{\"op\": \"cfloat\", \"dtype\": \"int32\", \"samples\": 3, \"diffs\": [], \"errors\": [], \"verdict\": \"ok\"}\n"}
,{"stream_name":"stdout","time":1976.279369579,"data":"{\"op\": \"cfloat\", \"dtype\": \"bool\", \"samples\": 3, \"diffs\": [], \"errors\": [], \"verdict\": \"ok\"}\n"}
,{"stream_name":"stdout","time":1976.279373604,"data":"{\"op\": \"chalf\", \"dtype\": \"float32\", \"samples\": 3, \"diffs\": [], \"errors\": [], \"verdict\": \"ok\"}\n"}
,{"stream_name":"stdout","time":1976.279378679,"data":"{\"op\": \"chalf\", \"dtype\": \"float16\", \"samples\": 3, \"diffs\": [], \"errors\": [], \"verdict\": \"ok\"}\n"}
,{"stream_name":"stdout","time":1976.279382933,"data":"{\"op\": \"chalf\", \"dtype\": \"bfloat16\", \"samples\": 3, \"diffs\": [], \"errors\": [], \"verdict\": \"ok\"}\n"}
,{"stream_name":"stdout","time":1976.279387264,"data":"{\"op\": \"chalf\", \"dtype\": \"int8\", \"samples\": 3, \"diffs\": [], \"errors\": [], \"verdict\": \"ok\"}\n"}
,{"stream_name":"stdout","time":1976.279391413,"data":"{\"op\": \"chalf\", \"dtype\": \"uint8\", \"samples\": 3, \"diffs\": [], \"errors\": [], \"verdict\": \"ok\"}\n"}
,{"stream_name":"stdout","time":1976.279395941,"data":"{\"op\": \"chalf\", \"dtype\": \"int16\", \"samples\": 3, \"diffs\": [], \"errors\": [], \"verdict\": \"ok\"}\n"}
,{"stream_name":"stdout","time":1976.279400179,"data":"{\"op\": \"chalf\", \"dtype\": \"int32\", \"samples\": 3, \"diffs\": [], \"errors\": [], \"verdict\": \"ok\"}\n"}
,{"stream_name":"stdout","time":1976.279404318,"data":"{\"op\": \"chalf\", \"dtype\": \"bool\", \"samples\": 3, \"diffs\": [], \"errors\": [], \"verdict\": \"ok\"}\n"}
,{"stream_name":"stdout","time":1976.279408449,"data":"{\"op\": \"zeros_like\", \"dtype\": \"float32\", \"samples\": 3, \"diffs\": [], \"errors\": [], \"verdict\": \"ok\"}\n"}
,{"stream_name":"stdout","time":1976.279412641,"data":"{\"op\": \"zeros_like\", \"dtype\": \"float16\", \"samples\": 3, \"diffs\": [], \"errors\": [], \"verdict\": \"ok\"}\n"}
,{"stream_name":"stdout","time":1976.279416665,"data":"{\"op\": \"zeros_like\", \"dtype\": \"bfloat16\", \"samples\": 3, \"diffs\": [], \"errors\": [], \"verdict\": \"ok\"}\n"}
,{"stream_name":"stdout","time":1976.279420807,"data":"{\"op\": \"zeros_like\", \"dtype\": \"int8\", \"samples\": 3, \"diffs\": [], \"errors\": [], \"verdict\": \"ok\"}\n"}
,{"stream_name":"stdout","time":1976.2794247,"data":"{\"op\": \"zeros_like\", \"dtype\": \"uint8\", \"samples\": 3, \"diffs\": [], \"errors\": [], \"verdict\": \"ok\"}\n"}
,{"stream_name":"stdout","time":1976.279428903,"data":"{\"op\": \"zeros_like\", \"dtype\": \"int16\", \"samples\": 3, \"diffs\": [], \"errors\": [], \"verdict\": \"ok\"}\n"}
,{"stream_name":"stdout","time":1976.279432883,"data":"{\"op\": \"zeros_like\", \"dtype\": \"int32\", \"samples\": 3, \"diffs\": [], \"errors\": [], \"verdict\": \"ok\"}\n"}
,{"stream_name":"stdout","time":1976.279437166,"data":"{\"op\": \"zeros_like\", \"dtype\": \"bool\", \"samples\": 3, \"diffs\": [], \"errors\": [], \"verdict\": \"ok\"}\n"}
,{"stream_name":"stdout","time":1976.279441299,"data":"{\"op\": \"ones_like\", \"dtype\": \"float32\", \"samples\": 3, \"diffs\": [], \"errors\": [], \"verdict\": \"ok\"}\n"}
,{"stream_name":"stdout","time":1976.279446045,"data":"{\"op\": \"ones_like\", \"dtype\": \"float16\", \"samples\": 3, \"diffs\": [], \"errors\": [], \"verdict\": \"ok\"}\n"}
,{"stream_name":"stdout","time":1976.27945029,"data":"{\"op\": \"ones_like\", \"dtype\": \"bfloat16\", \"samples\": 3, \"diffs\": [], \"errors\": [], \"verdict\": \"ok\"}\n"}
,{"stream_name":"stdout","time":1976.279458879,"data":"{\"op\": \"ones_like\", \"dtype\": \"int8\", \"samples\": 3, \"diffs\": [], \"errors\": [], \"verdict\": \"ok\"}\n"}
,{"stream_name":"stdout","time":1976.279463059,"data":"{\"op\": \"ones_like\", \"dtype\": \"uint8\", \"samples\": 3, \"diffs\": [], \"errors\": [], \"verdict\": \"ok\"}\n"}
,{"stream_name":"stdout","time":1976.279467161,"data":"{\"op\": \"ones_like\", \"dtype\": \"int16\", \"samples\": 3, \"diffs\": [], \"errors\": [], \"verdict\": \"ok\"}\n"}
,{"stream_name":"stdout","time":1976.279471116,"data":"{\"op\": \"ones_like\", \"dtype\": \"int32\", \"samples\": 3, \"diffs\": [], \"errors\": [], \"verdict\": \"ok\"}\n"}
,{"stream_name":"stdout","time":1976.279475314,"data":"{\"op\": \"ones_like\", \"dtype\": \"bool\", \"samples\": 3, \"diffs\": [], \"errors\": [], \"verdict\": \"ok\"}\n"}
,{"stream_name":"stdout","time":1976.279479337,"data":"{\"op\": \"full_like\", \"dtype\": \"float32\", \"samples\": 3, \"diffs\": [], \"errors\": [], \"verdict\": \"ok\"}\n"}
,{"stream_name":"stdout","time":1976.27948342,"data":"{\"op\": \"full_like\", \"dtype\": \"float16\", \"samples\": 3, \"diffs\": [], \"errors\": [], \"verdict\": \"ok\"}\n"}
,{"stream_name":"stdout","time":1976.279487708,"data":"{\"op\": \"full_like\", \"dtype\": \"bfloat16\", \"samples\": 3, \"diffs\": [], \"errors\": [], \"verdict\": \"ok\"}\n"}
,{"stream_name":"stdout","time":1976.279491513,"data":"{\"op\": \"full_like\", \"dtype\": \"int8\", \"samples\": 3, \"diffs\": [], \"errors\": [], \"verdict\": \"ok\"}\n"}
,{"stream_name":"stdout","time":1976.279495566,"data":"{\"op\": \"full_like\", \"dtype\": \"uint8\", \"samples\": 3, \"diffs\": [], \"errors\": [], \"verdict\": \"ok\"}\n"}
,{"stream_name":"stdout","time":1976.279499999,"data":"{\"op\": \"full_like\", \"dtype\": \"int16\", \"samples\": 3, \"diffs\": [], \"errors\": [], \"verdict\": \"ok\"}\n"}
,{"stream_name":"stdout","time":1976.279503969,"data":"{\"op\": \"full_like\", \"dtype\": \"int32\", \"samples\": 3, \"diffs\": [], \"errors\": [], \"verdict\": \"ok\"}\n"}
,{"stream_name":"stdout","time":1976.279507831,"data":"{\"op\": \"full_like\", \"dtype\": \"bool\", \"samples\": 3, \"diffs\": [], \"errors\": [], \"verdict\": \"ok\"}\n"}
,{"stream_name":"stdout","time":1976.279512005,"data":"{\"op\": \"new_zeros\", \"dtype\": \"float32\", \"samples\": 3, \"diffs\": [], \"errors\": [], \"verdict\": \"ok\"}\n"}
,{"stream_name":"stdout","time":1976.279516142,"data":"{\"op\": \"new_zeros\", \"dtype\": \"float16\", \"samples\": 3, \"diffs\": [], \"errors\": [], \"verdict\": \"ok\"}\n"}
,{"stream_name":"stdout","time":1976.279520313,"data":"{\"op\": \"new_zeros\", \"dtype\": \"bfloat16\", \"samples\": 3, \"diffs\": [], \"errors\": [], \"verdict\": \"ok\"}\n"}
,{"stream_name":"stdout","time":1976.279524698,"data":"{\"op\": \"new_zeros\", \"dtype\": \"int8\", \"samples\": 3, \"diffs\": [], \"errors\": [], \"verdict\": \"ok\"}\n"}
,{"stream_name":"stdout","time":1976.279528921,"data":"{\"op\": \"new_zeros\", \"dtype\": \"uint8\", \"samples\": 3, \"diffs\": [], \"errors\": [], \"verdict\": \"ok\"}\n"}
,{"stream_name":"stdout","time":1976.279533098,"data":"{\"op\": \"new_zeros\", \"dtype\": \"int16\", \"samples\": 3, \"diffs\": [], \"errors\": [], \"verdict\": \"ok\"}\n"}
,{"stream_name":"stdout","time":1976.279537905,"data":"{\"op\": \"new_zeros\", \"dtype\": \"int32\", \"samples\": 3, \"diffs\": [], \"errors\": [], \"verdict\": \"ok\"}\n"}
,{"stream_name":"stdout","time":1976.279542151,"data":"{\"op\": \"new_zeros\", \"dtype\": \"bool\", \"samples\": 3, \"diffs\": [], \"errors\": [], \"verdict\": \"ok\"}\n"}
,{"stream_name":"stdout","time":1976.279546142,"data":"{\"op\": \"new_ones\", \"dtype\": \"float32\", \"samples\": 3, \"diffs\": [], \"errors\": [], \"verdict\": \"ok\"}\n"}
,{"stream_name":"stdout","time":1976.279554105,"data":"{\"op\": \"new_ones\", \"dtype\": \"float16\", \"samples\": 3, \"diffs\": [], \"errors\": [], \"verdict\": \"ok\"}\n"}
,{"stream_name":"stdout","time":1976.279558396,"data":"{\"op\": \"new_ones\", \"dtype\": \"bfloat16\", \"samples\": 3, \"diffs\": [], \"errors\": [], \"verdict\": \"ok\"}\n"}
,{"stream_name":"stdout","time":1976.279562731,"data":"{\"op\": \"new_ones\", \"dtype\": \"int8\", \"samples\": 3, \"diffs\": [], \"errors\": [], \"verdict\": \"ok\"}\n"}
,{"stream_name":"stdout","time":1976.279567577,"data":"{\"op\": \"new_ones\", \"dtype\": \"uint8\", \"samples\": 3, \"diffs\": [], \"errors\": [], \"verdict\": \"ok\"}\n"}
,{"stream_name":"stdout","time":1976.279571611,"data":"{\"op\": \"new_ones\", \"dtype\": \"int16\", \"samples\": 3, \"diffs\": [], \"errors\": [], \"verdict\": \"ok\"}\n"}
,{"stream_name":"stdout","time":1976.279575581,"data":"{\"op\": \"new_ones\", \"dtype\": \"int32\", \"samples\": 3, \"diffs\": [], \"errors\": [], \"verdict\": \"ok\"}\n"}
,{"stream_name":"stdout","time":1976.279579712,"data":"{\"op\": \"new_ones\", \"dtype\": \"bool\", \"samples\": 3, \"diffs\": [], \"errors\": [], \"verdict\": \"ok\"}\n"}
,{"stream_name":"stdout","time":1976.27958348,"data":"{\"op\": \"ones\", \"dtype\": \"float32\", \"samples\": 2, \"diffs\": [], \"errors\": [], \"verdict\": \"ok\"}\n"}
,{"stream_name":"stdout","time":1976.27958766,"data":"{\"op\": \"ones\", \"dtype\": \"float16\", \"samples\": 2, \"diffs\": [], \"errors\": [], \"verdict\": \"ok\"}\n"}
,{"stream_name":"stdout","time":1976.279591617,"data":"{\"op\": \"ones\", \"dtype\": \"bfloat16\", \"samples\": 2, \"diffs\": [], \"errors\": [], \"verdict\": \"ok\"}\n"}
,{"stream_name":"stdout","time":1976.279595878,"data":"{\"op\": \"ones\", \"dtype\": \"int8\", \"samples\": 2, \"diffs\": [], \"errors\": [], \"verdict\": \"ok\"}\n"}
,{"stream_name":"stdout","time":1976.279599854,"data":"{\"op\": \"ones\", \"dtype\": \"uint8\", \"samples\": 2, \"diffs\": [], \"errors\": [], \"verdict\": \"ok\"}\n"}
,{"stream_name":"stdout","time":1976.279604054,"data":"{\"op\": \"ones\", \"dtype\": \"int16\", \"samples\": 2, \"diffs\": [], \"errors\": [], \"verdict\": \"ok\"}\n"}
,{"stream_name":"stdout","time":1976.279608337,"data":"{\"op\": \"ones\", \"dtype\": \"int32\", \"samples\": 2, \"diffs\": [], \"errors\": [], \"verdict\": \"ok\"}\n"}
,{"stream_name":"stdout","time":1976.279612618,"data":"{\"op\": \"ones\", \"dtype\": \"bool\", \"samples\": 2, \"diffs\": [], \"errors\": [], \"verdict\": \"ok\"}\n"}
,{"stream_name":"stdout","time":1976.279616549,"data":"{\"op\": \"zeros\", \"dtype\": \"float32\", \"samples\": 2, \"diffs\": [], \"errors\": [], \"verdict\": \"ok\"}\n"}
,{"stream_name":"stdout","time":1976.279621051,"data":"{\"op\": \"zeros\", \"dtype\": \"float16\", \"samples\": 2, \"diffs\": [], \"errors\": [], \"verdict\": \"ok\"}\n"}
,{"stream_name":"stdout","time":1976.279625133,"data":"{\"op\": \"zeros\", \"dtype\": \"bfloat16\", \"samples\": 2, \"diffs\": [], \"errors\": [], \"verdict\": \"ok\"}\n"}
,{"stream_name":"stdout","time":1976.279629444,"data":"{\"op\": \"zeros\", \"dtype\": \"int8\", \"samples\": 2, \"diffs\": [], \"errors\": [], \"verdict\": \"ok\"}\n"}
,{"stream_name":"stdout","time":1976.279634445,"data":"{\"op\": \"zeros\", \"dtype\": \"uint8\", \"samples\": 2, \"diffs\": [], \"errors\": [], \"verdict\": \"ok\"}\n"}
,{"stream_name":"stdout","time":1976.279638859,"data":"{\"op\": \"zeros\", \"dtype\": \"int16\", \"samples\": 2, \"diffs\": [], \"errors\": [], \"verdict\": \"ok\"}\n"}
,{"stream_name":"stdout","time":1976.279643275,"data":"{\"op\": \"zeros\", \"dtype\": \"int32\", \"samples\": 2, \"diffs\": [], \"errors\": [], \"verdict\": \"ok\"}\n"}
,{"stream_name":"stdout","time":1976.279647445,"data":"{\"op\": \"zeros\", \"dtype\": \"bool\", \"samples\": 2, \"diffs\": [], \"errors\": [], \"verdict\": \"ok\"}\n"}
,{"stream_name":"stdout","time":1976.279655482,"data":"{\"op\": \"full\", \"dtype\": \"float32\", \"samples\": 3, \"diffs\": [], \"errors\": [], \"verdict\": \"ok\"}\n"}
,{"stream_name":"stdout","time":1976.279659827,"data":"{\"op\": \"full\", \"dtype\": \"float16\", \"samples\": 3, \"diffs\": [], \"errors\": [], \"verdict\": \"ok\"}\n"}
,{"stream_name":"stdout","time":1976.279664169,"data":"{\"op\": \"full\", \"dtype\": \"bfloat16\", \"samples\": 3, \"diffs\": [], \"errors\": [], \"verdict\": \"ok\"}\n"}
,{"stream_name":"stdout","time":1976.279668272,"data":"{\"op\": \"full\", \"dtype\": \"int8\", \"samples\": 3, \"diffs\": [], \"errors\": [], \"verdict\": \"ok\"}\n"}
,{"stream_name":"stdout","time":1976.279672551,"data":"{\"op\": \"full\", \"dtype\": \"uint8\", \"samples\": 3, \"diffs\": [], \"errors\": [], \"verdict\": \"ok\"}\n"}
,{"stream_name":"stdout","time":1976.279676647,"data":"{\"op\": \"full\", \"dtype\": \"int16\", \"samples\": 3, \"diffs\": [], \"errors\": [], \"verdict\": \"ok\"}\n"}
,{"stream_name":"stdout","time":1976.279680731,"data":"{\"op\": \"full\", \"dtype\": \"int32\", \"samples\": 3, \"diffs\": [], \"errors\": [], \"verdict\": \"ok\"}\n"}
,{"stream_name":"stdout","time":1976.279684892,"data":"{\"op\": \"full\", \"dtype\": \"bool\", \"samples\": 3, \"diffs\": [], \"errors\": [], \"verdict\": \"ok\"}\n"}
,{"stream_name":"stdout","time":1976.279689034,"data":"{\"op\": \"eye\", \"dtype\": \"float32\", \"samples\": 3, \"diffs\": [], \"errors\": [], \"verdict\": \"ok\"}\n"}
,{"stream_name":"stdout","time":1976.279693348,"data":"{\"op\": \"eye\", \"dtype\": \"float16\", \"samples\": 3, \"diffs\": [], \"errors\": [], \"verdict\": \"ok\"}\n"}
,{"stream_name":"stdout","time":1976.279697478,"data":"{\"op\": \"eye\", \"dtype\": \"bfloat16\", \"samples\": 3, \"diffs\": [], \"errors\": [], \"verdict\": \"ok\"}\n"}
,{"stream_name":"stdout","time":1976.279701369,"data":"{\"op\": \"eye\", \"dtype\": \"int8\", \"samples\": 3, \"diffs\": [], \"errors\": [], \"verdict\": \"ok\"}\n"}
,{"stream_name":"stdout","time":1976.279705339,"data":"{\"op\": \"eye\", \"dtype\": \"uint8\", \"samples\": 3, \"diffs\": [], \"errors\": [], \"verdict\": \"ok\"}\n"}
,{"stream_name":"stdout","time":1976.279709593,"data":"{\"op\": \"eye\", \"dtype\": \"int16\", \"samples\": 3, \"diffs\": [], \"errors\": [], \"verdict\": \"ok\"}\n"}
,{"stream_name":"stdout","time":1976.279713789,"data":"{\"op\": \"eye\", \"dtype\": \"int32\", \"samples\": 3, \"diffs\": [], \"errors\": [], \"verdict\": \"ok\"}\n"}
,{"stream_name":"stdout","time":1976.279717885,"data":"{\"op\": \"eye\", \"dtype\": \"bool\", \"samples\": 3, \"diffs\": [], \"errors\": [], \"verdict\": \"ok\"}\n"}
,{"stream_name":"stdout","time":1976.279722339,"data":"{\"op\": \"scalar_tensor\", \"dtype\": \"float32\", \"samples\": 3, \"diffs\": [], \"errors\": [], \"verdict\": \"ok\"}\n"}
,{"stream_name":"stdout","time":1976.279726401,"data":"{\"op\": \"scalar_tensor\", \"dtype\": \"float16\", \"samples\": 3, \"diffs\": [], \"errors\": [], \"verdict\": \"ok\"}\n"}
,{"stream_name":"stdout","time":1976.279731354,"data":"{\"op\": \"scalar_tensor\", \"dtype\": \"bfloat16\", \"samples\": 3, \"diffs\": [], \"errors\": [], \"verdict\": \"ok\"}\n"}
,{"stream_name":"stdout","time":1976.279735775,"data":"{\"op\": \"scalar_tensor\", \"dtype\": \"int8\", \"samples\": 3, \"diffs\": [], \"errors\": [], \"verdict\": \"ok\"}\n"}
,{"stream_name":"stdout","time":1976.279740546,"data":"{\"op\": \"scalar_tensor\", \"dtype\": \"uint8\", \"samples\": 3, \"diffs\": [], \"errors\": [], \"verdict\": \"ok\"}\n"}
,{"stream_name":"stdout","time":1976.279744857,"data":"{\"op\": \"scalar_tensor\", \"dtype\": \"int16\", \"samples\": 3, \"diffs\": [], \"errors\": [], \"verdict\": \"ok\"}\n"}
,{"stream_name":"stdout","time":1976.279752801,"data":"{\"op\": \"scalar_tensor\", \"dtype\": \"int32\", \"samples\": 3, \"diffs\": [], \"errors\": [], \"verdict\": \"ok\"}\n"}
,{"stream_name":"stdout","time":1976.279756896,"data":"{\"op\": \"scalar_tensor\", \"dtype\": \"bool\", \"samples\": 3, \"diffs\": [], \"errors\": [], \"verdict\": \"ok\"}\n"}
,{"stream_name":"stdout","time":1976.279761072,"data":"{\"op\": \"new_full\", \"dtype\": \"float32\", \"samples\": 3, \"diffs\": [], \"errors\": [], \"verdict\": \"ok\"}\n"}
,{"stream_name":"stdout","time":1976.279765299,"data":"{\"op\": \"new_full\", \"dtype\": \"float16\", \"samples\": 3, \"diffs\": [], \"errors\": [], \"verdict\": \"ok\"}\n"}
,{"stream_name":"stdout","time":1976.279769508,"data":"{\"op\": \"new_full\", \"dtype\": \"bfloat16\", \"samples\": 3, \"diffs\": [], \"errors\": [], \"verdict\": \"ok\"}\n"}
,{"stream_name":"stdout","time":1976.279773693,"data":"{\"op\": \"new_full\", \"dtype\": \"int8\", \"samples\": 3, \"diffs\": [], \"errors\": [], \"verdict\": \"ok\"}\n"}
,{"stream_name":"stdout","time":1976.279777745,"data":"{\"op\": \"new_full\", \"dtype\": \"uint8\", \"samples\": 3, \"diffs\": [], \"errors\": [], \"verdict\": \"ok\"}\n"}
,{"stream_name":"stdout","time":1976.279781851,"data":"{\"op\": \"new_full\", \"dtype\": \"int16\", \"samples\": 3, \"diffs\": [], \"errors\": [], \"verdict\": \"ok\"}\n"}
,{"stream_name":"stdout","time":1976.279785903,"data":"{\"op\": \"new_full\", \"dtype\": \"int32\", \"samples\": 3, \"diffs\": [], \"errors\": [], \"verdict\": \"ok\"}\n"}
,{"stream_name":"stdout","time":1976.279790134,"data":"{\"op\": \"new_full\", \"dtype\": \"bool\", \"samples\": 3, \"diffs\": [], \"errors\": [], \"verdict\": \"ok\"}\n"}
,{"stream_name":"stdout","time":1976.279794327,"data":"{\"op\": \"scatter_add\", \"dtype\": \"float32\", \"samples\": 3, \"diffs\": [], \"errors\": [], \"verdict\": \"ok\"}\n"}
,{"stream_name":"stdout","time":1976.279798594,"data":"{\"op\": \"scatter_add\", \"dtype\": \"float16\", \"samples\": 3, \"diffs\": [], \"errors\": [], \"verdict\": \"ok\"}\n"}
,{"stream_name":"stdout","time":1976.279802688,"data":"{\"op\": \"scatter_add\", \"dtype\": \"bfloat16\", \"samples\": 3, \"diffs\": [], \"errors\": [], \"verdict\": \"ok\"}\n"}
,{"stream_name":"stdout","time":1976.279807069,"data":"{\"op\": \"scatter_add\", \"dtype\": \"int8\", \"samples\": 3, \"diffs\": [], \"errors\": [\"compile InductorError\", \"compile InductorError\", \"compile InductorError\"], \"verdict\": \"ok\"}\n"}
,{"stream_name":"stdout","time":1976.279812005,"data":"{\"op\": \"scatter_add\", \"dtype\": \"uint8\", \"samples\": 3, \"diffs\": [], \"errors\": [\"compile InductorError\", \"compile InductorError\", \"compile InductorError\"], \"verdict\": \"ok\"}\n"}
,{"stream_name":"stdout","time":1976.279817175,"data":"{\"op\": \"scatter_add\", \"dtype\": \"int16\", \"samples\": 3, \"diffs\": [], \"errors\": [\"compile InductorError\", \"compile InductorError\", \"compile InductorError\"], \"verdict\": \"ok\"}\n"}
,{"stream_name":"stdout","time":1976.279822069,"data":"{\"op\": \"scatter_add\", \"dtype\": \"int32\", \"samples\": 3, \"diffs\": [], \"errors\": [], \"verdict\": \"ok\"}\n"}
,{"stream_name":"stdout","time":1976.279826528,"data":"{\"op\": \"scatter_add\", \"dtype\": \"bool\", \"samples\": 3, \"diffs\": [], \"errors\": [], \"verdict\": \"ok\"}\n"}
,{"stream_name":"stdout","time":1976.279831083,"data":"{\"op\": \"stack\", \"dtype\": \"float32\", \"samples\": 3, \"diffs\": [], \"errors\": [], \"verdict\": \"ok\"}\n"}
,{"stream_name":"stdout","time":1976.279835423,"data":"{\"op\": \"stack\", \"dtype\": \"float16\", \"samples\": 3, \"diffs\": [], \"errors\": [], \"verdict\": \"ok\"}\n"}
,{"stream_name":"stdout","time":1976.279839867,"data":"{\"op\": \"stack\", \"dtype\": \"bfloat16\", \"samples\": 3, \"diffs\": [], \"errors\": [], \"verdict\": \"ok\"}\n"}
,{"stream_name":"stdout","time":1976.279848239,"data":"{\"op\": \"stack\", \"dtype\": \"int8\", \"samples\": 3, \"diffs\": [], \"errors\": [], \"verdict\": \"ok\"}\n"}
,{"stream_name":"stdout","time":1976.279852421,"data":"{\"op\": \"stack\", \"dtype\": \"uint8\", \"samples\": 3, \"diffs\": [], \"errors\": [], \"verdict\": \"ok\"}\n"}
,{"stream_name":"stdout","time":1976.279856527,"data":"{\"op\": \"stack\", \"dtype\": \"int16\", \"samples\": 3, \"diffs\": [], \"errors\": [], \"verdict\": \"ok\"}\n"}
,{"stream_name":"stdout","time":1976.279860616,"data":"{\"op\": \"stack\", \"dtype\": \"int32\", \"samples\": 3, \"diffs\": [], \"errors\": [], \"verdict\": \"ok\"}\n"}
,{"stream_name":"stdout","time":1976.279864783,"data":"{\"op\": \"stack\", \"dtype\": \"bool\", \"samples\": 3, \"diffs\": [], \"errors\": [], \"verdict\": \"ok\"}\n"}
,{"stream_name":"stdout","time":1976.279868683,"data":"{\"op\": \"hstack\", \"dtype\": \"float32\", \"samples\": 2, \"diffs\": [], \"errors\": [], \"verdict\": \"ok\"}\n"}
,{"stream_name":"stdout","time":1976.279872578,"data":"{\"op\": \"hstack\", \"dtype\": \"float16\", \"samples\": 2, \"diffs\": [], \"errors\": [], \"verdict\": \"ok\"}\n"}
,{"stream_name":"stdout","time":1976.279876787,"data":"{\"op\": \"hstack\", \"dtype\": \"bfloat16\", \"samples\": 2, \"diffs\": [], \"errors\": [], \"verdict\": \"ok\"}\n"}
,{"stream_name":"stdout","time":1976.279880869,"data":"{\"op\": \"hstack\", \"dtype\": \"int8\", \"samples\": 2, \"diffs\": [], \"errors\": [], \"verdict\": \"ok\"}\n"}
,{"stream_name":"stdout","time":1976.279884939,"data":"{\"op\": \"hstack\", \"dtype\": \"uint8\", \"samples\": 2, \"diffs\": [], \"errors\": [], \"verdict\": \"ok\"}\n"}
,{"stream_name":"stdout","time":1976.279888973,"data":"{\"op\": \"hstack\", \"dtype\": \"int16\", \"samples\": 2, \"diffs\": [], \"errors\": [], \"verdict\": \"ok\"}\n"}
,{"stream_name":"stdout","time":1976.279893032,"data":"{\"op\": \"hstack\", \"dtype\": \"int32\", \"samples\": 2, \"diffs\": [], \"errors\": [], \"verdict\": \"ok\"}\n"}
,{"stream_name":"stdout","time":1976.279897011,"data":"{\"op\": \"hstack\", \"dtype\": \"bool\", \"samples\": 2, \"diffs\": [], \"errors\": [], \"verdict\": \"ok\"}\n"}
,{"stream_name":"stdout","time":1976.279901351,"data":"{\"op\": \"hypot\", \"dtype\": \"float32\", \"samples\": 3, \"diffs\": [], \"errors\": [], \"verdict\": \"ok\"}\n"}
,{"stream_name":"stdout","time":1976.279905402,"data":"{\"op\": \"hypot\", \"dtype\": \"float16\", \"samples\": 3, \"diffs\": [], \"errors\": [], \"verdict\": \"ok\"}\n"}
,{"stream_name":"stdout","time":1976.279909854,"data":"{\"op\": \"hypot\", \"dtype\": \"bfloat16\", \"samples\": 3, \"diffs\": [], \"errors\": [], \"verdict\": \"ok\"}\n"}
,{"stream_name":"stdout","time":1976.279914903,"data":"{\"op\": \"histc\", \"dtype\": \"float32\", \"samples\": 3, \"diffs\": [], \"errors\": [], \"verdict\": \"ok\"}\n"}
,{"stream_name":"stdout","time":1976.279919007,"data":"{\"op\": \"histc\", \"dtype\": \"int8\", \"samples\": 3, \"diffs\": [], \"errors\": [], \"verdict\": \"ok\"}\n"}
,{"stream_name":"stdout","time":1976.279923113,"data":"{\"op\": \"histc\", \"dtype\": \"uint8\", \"samples\": 3, \"diffs\": [], \"errors\": [], \"verdict\": \"ok\"}\n"}
,{"stream_name":"stdout","time":1976.279927606,"data":"{\"op\": \"histc\", \"dtype\": \"int16\", \"samples\": 3, \"diffs\": [], \"errors\": [], \"verdict\": \"ok\"}\n"}
,{"stream_name":"stdout","time":1976.279965029,"data":"{\"op\": \"histc\", \"dtype\": \"int32\", \"samples\": 3, \"diffs\": [], \"errors\": [], \"verdict\": \"ok\"}\n"}
,{"stream_name":"stdout","time":1976.279969307,"data":"{\"op\": \"bincount\", \"dtype\": \"int8\", \"samples\": 3, \"diffs\": [], \"errors\": [], \"verdict\": \"ok\"}\n"}
,{"stream_name":"stdout","time":1976.279973486,"data":"{\"op\": \"bincount\", \"dtype\": \"uint8\", \"samples\": 3, \"diffs\": [], \"errors\": [], \"verdict\": \"ok\"}\n"}
,{"stream_name":"stdout","time":1976.27998463,"data":"{\"op\": \"bincount\", \"dtype\": \"int16\", \"samples\": 3, \"diffs\": [], \"errors\": [], \"verdict\": \"ok\"}\n"}
,{"stream_name":"stdout","time":1976.279988713,"data":"{\"op\": \"bincount\", \"dtype\": \"int32\", \"samples\": 3, \"diffs\": [], \"errors\": [], \"verdict\": \"ok\"}\n"}
,{"stream_name":"stdout","time":1976.279992493,"data":"{\"op\": \"cat\", \"dtype\": \"float32\", \"samples\": 3, \"diffs\": [], \"errors\": [], \"verdict\": \"ok\"}\n"}
,{"stream_name":"stdout","time":1976.279996363,"data":"{\"op\": \"cat\", \"dtype\": \"float16\", \"samples\": 3, \"diffs\": [], \"errors\": [], \"verdict\": \"ok\"}\n"}
,{"stream_name":"stdout","time":1976.280000593,"data":"{\"op\": \"cat\", \"dtype\": \"bfloat16\", \"samples\": 3, \"diffs\": [], \"errors\": [], \"verdict\": \"ok\"}\n"}
,{"stream_name":"stdout","time":1976.28000441,"data":"{\"op\": \"cat\", \"dtype\": \"int8\", \"samples\": 3, \"diffs\": [], \"errors\": [], \"verdict\": \"ok\"}\n"}
,{"stream_name":"stdout","time":1976.28000822,"data":"{\"op\": \"cat\", \"dtype\": \"uint8\", \"samples\": 3, \"diffs\": [], \"errors\": [], \"verdict\": \"ok\"}\n"}
,{"stream_name":"stdout","time":1976.280011967,"data":"{\"op\": \"cat\", \"dtype\": \"int16\", \"samples\": 3, \"diffs\": [], \"errors\": [], \"verdict\": \"ok\"}\n"}
,{"stream_name":"stdout","time":1976.280015655,"data":"{\"op\": \"cat\", \"dtype\": \"int32\", \"samples\": 3, \"diffs\": [], \"errors\": [], \"verdict\": \"ok\"}\n"}
,{"stream_name":"stdout","time":1976.280019666,"data":"{\"op\": \"cat\", \"dtype\": \"bool\", \"samples\": 3, \"diffs\": [], \"errors\": [], \"verdict\": \"ok\"}\n"}
,{"stream_name":"stdout","time":1976.280023642,"data":"{\"op\": \"unbind\", \"dtype\": \"float32\", \"samples\": 3, \"diffs\": [], \"errors\": [], \"verdict\": \"ok\"}\n"}
,{"stream_name":"stdout","time":1976.28002757,"data":"{\"op\": \"unbind\", \"dtype\": \"float16\", \"samples\": 3, \"diffs\": [], \"errors\": [], \"verdict\": \"ok\"}\n"}
,{"stream_name":"stdout","time":1976.280031525,"data":"{\"op\": \"unbind\", \"dtype\": \"bfloat16\", \"samples\": 3, \"diffs\": [], \"errors\": [], \"verdict\": \"ok\"}\n"}
,{"stream_name":"stdout","time":1976.280035817,"data":"{\"op\": \"unbind\", \"dtype\": \"int8\", \"samples\": 3, \"diffs\": [], \"errors\": [], \"verdict\": \"ok\"}\n"}
,{"stream_name":"stdout","time":1976.28003993,"data":"{\"op\": \"unbind\", \"dtype\": \"uint8\", \"samples\": 3, \"diffs\": [], \"errors\": [], \"verdict\": \"ok\"}\n"}
,{"stream_name":"stdout","time":1976.280044395,"data":"{\"op\": \"unbind\", \"dtype\": \"int16\", \"samples\": 3, \"diffs\": [], \"errors\": [], \"verdict\": \"ok\"}\n"}
,{"stream_name":"stdout","time":1976.280048355,"data":"{\"op\": \"unbind\", \"dtype\": \"int32\", \"samples\": 3, \"diffs\": [], \"errors\": [], \"verdict\": \"ok\"}\n"}
,{"stream_name":"stdout","time":1976.280052308,"data":"{\"op\": \"unbind\", \"dtype\": \"bool\", \"samples\": 3, \"diffs\": [], \"errors\": [], \"verdict\": \"ok\"}\n"}
,{"stream_name":"stdout","time":1976.28005626,"data":"{\"op\": \"unbind_copy\", \"dtype\": \"float32\", \"samples\": 3, \"diffs\": [], \"errors\": [], \"verdict\": \"ok\"}\n"}
,{"stream_name":"stdout","time":1976.280060266,"data":"{\"op\": \"unbind_copy\", \"dtype\": \"float16\", \"samples\": 3, \"diffs\": [], \"errors\": [], \"verdict\": \"ok\"}\n"}
,{"stream_name":"stdout","time":1976.280064279,"data":"{\"op\": \"unbind_copy\", \"dtype\": \"bfloat16\", \"samples\": 3, \"diffs\": [], \"errors\": [], \"verdict\": \"ok\"}\n"}
,{"stream_name":"stdout","time":1976.280068333,"data":"{\"op\": \"unbind_copy\", \"dtype\": \"int8\", \"samples\": 3, \"diffs\": [], \"errors\": [], \"verdict\": \"ok\"}\n"}
,{"stream_name":"stdout","time":1976.280076075,"data":"{\"op\": \"unbind_copy\", \"dtype\": \"uint8\", \"samples\": 3, \"diffs\": [], \"errors\": [], \"verdict\": \"ok\"}\n"}
,{"stream_name":"stdout","time":1976.280080863,"data":"{\"op\": \"unbind_copy\", \"dtype\": \"int16\", \"samples\": 3, \"diffs\": [], \"errors\": [], \"verdict\": \"ok\"}\n"}
,{"stream_name":"stdout","time":1976.280084736,"data":"{\"op\": \"unbind_copy\", \"dtype\": \"int32\", \"samples\": 3, \"diffs\": [], \"errors\": [], \"verdict\": \"ok\"}\n"}
,{"stream_name":"stdout","time":1976.28008894,"data":"{\"op\": \"unbind_copy\", \"dtype\": \"bool\", \"samples\": 3, \"diffs\": [], \"errors\": [], \"verdict\": \"ok\"}\n"}
,{"stream_name":"stdout","time":1976.280092629,"data":"{\"op\": \"vstack\", \"dtype\": \"float32\", \"samples\": 2, \"diffs\": [], \"errors\": [], \"verdict\": \"ok\"}\n"}
,{"stream_name":"stdout","time":1976.280096558,"data":"{\"op\": \"vstack\", \"dtype\": \"float16\", \"samples\": 2, \"diffs\": [], \"errors\": [], \"verdict\": \"ok\"}\n"}
,{"stream_name":"stdout","time":1976.280100399,"data":"{\"op\": \"vstack\", \"dtype\": \"bfloat16\", \"samples\": 2, \"diffs\": [], \"errors\": [], \"verdict\": \"ok\"}\n"}
,{"stream_name":"stdout","time":1976.28010454,"data":"{\"op\": \"vstack\", \"dtype\": \"int8\", \"samples\": 2, \"diffs\": [], \"errors\": [], \"verdict\": \"ok\"}\n"}
,{"stream_name":"stdout","time":1976.280108445,"data":"{\"op\": \"vstack\", \"dtype\": \"uint8\", \"samples\": 2, \"diffs\": [], \"errors\": [], \"verdict\": \"ok\"}\n"}
,{"stream_name":"stdout","time":1976.280112417,"data":"{\"op\": \"vstack\", \"dtype\": \"int16\", \"samples\": 2, \"diffs\": [], \"errors\": [], \"verdict\": \"ok\"}\n"}
,{"stream_name":"stdout","time":1976.280116167,"data":"{\"op\": \"vstack\", \"dtype\": \"int32\", \"samples\": 2, \"diffs\": [], \"errors\": [], \"verdict\": \"ok\"}\n"}
,{"stream_name":"stdout","time":1976.280120429,"data":"{\"op\": \"vstack\", \"dtype\": \"bool\", \"samples\": 2, \"diffs\": [], \"errors\": [], \"verdict\": \"ok\"}\n"}
,{"stream_name":"stdout","time":1976.280124813,"data":"{\"op\": \"dstack\", \"dtype\": \"float32\", \"samples\": 2, \"diffs\": [], \"errors\": [], \"verdict\": \"ok\"}\n"}
,{"stream_name":"stdout","time":1976.280128598,"data":"{\"op\": \"dstack\", \"dtype\": \"float16\", \"samples\": 2, \"diffs\": [], \"errors\": [], \"verdict\": \"ok\"}\n"}
,{"stream_name":"stdout","time":1976.280132654,"data":"{\"op\": \"dstack\", \"dtype\": \"bfloat16\", \"samples\": 2, \"diffs\": [], \"errors\": [], \"verdict\": \"ok\"}\n"}
,{"stream_name":"stdout","time":1976.280137434,"data":"{\"op\": \"dstack\", \"dtype\": \"int8\", \"samples\": 2, \"diffs\": [], \"errors\": [], \"verdict\": \"ok\"}\n"}
,{"stream_name":"stdout","time":1976.280141332,"data":"{\"op\": \"dstack\", \"dtype\": \"uint8\", \"samples\": 2, \"diffs\": [], \"errors\": [], \"verdict\": \"ok\"}\n"}
,{"stream_name":"stdout","time":1976.280145595,"data":"{\"op\": \"dstack\", \"dtype\": \"int16\", \"samples\": 2, \"diffs\": [], \"errors\": [], \"verdict\": \"ok\"}\n"}
,{"stream_name":"stdout","time":1976.280149712,"data":"{\"op\": \"dstack\", \"dtype\": \"int32\", \"samples\": 2, \"diffs\": [], \"errors\": [], \"verdict\": \"ok\"}\n"}
,{"stream_name":"stdout","time":1976.280153344,"data":"{\"op\": \"dstack\", \"dtype\": \"bool\", \"samples\": 2, \"diffs\": [], \"errors\": [], \"verdict\": \"ok\"}\n"}
,{"stream_name":"stdout","time":1976.280157098,"data":"{\"op\": \"unfold\", \"dtype\": \"float32\", \"samples\": 3, \"diffs\": [], \"errors\": [], \"verdict\": \"ok\"}\n"}
,{"stream_name":"stdout","time":1976.280161073,"data":"{\"op\": \"unfold\", \"dtype\": \"float16\", \"samples\": 3, \"diffs\": [], \"errors\": [], \"verdict\": \"ok\"}\n"}
,{"stream_name":"stdout","time":1976.280165037,"data":"{\"op\": \"unfold\", \"dtype\": \"bfloat16\", \"samples\": 3, \"diffs\": [], \"errors\": [], \"verdict\": \"ok\"}\n"}
,{"stream_name":"stdout","time":1976.280172695,"data":"{\"op\": \"unfold\", \"dtype\": \"int8\", \"samples\": 3, \"diffs\": [], \"errors\": [], \"verdict\": \"ok\"}\n"}
,{"stream_name":"stdout","time":1976.280176435,"data":"{\"op\": \"unfold\", \"dtype\": \"uint8\", \"samples\": 3, \"diffs\": [], \"errors\": [], \"verdict\": \"ok\"}\n"}
,{"stream_name":"stdout","time":1976.280180108,"data":"{\"op\": \"unfold\", \"dtype\": \"int16\", \"samples\": 3, \"diffs\": [], \"errors\": [], \"verdict\": \"ok\"}\n"}
,{"stream_name":"stdout","time":1976.28018449,"data":"{\"op\": \"unfold\", \"dtype\": \"int32\", \"samples\": 3, \"diffs\": [], \"errors\": [], \"verdict\": \"ok\"}\n"}
,{"stream_name":"stdout","time":1976.280188484,"data":"{\"op\": \"unfold\", \"dtype\": \"bool\", \"samples\": 3, \"diffs\": [], \"errors\": [], \"verdict\": \"ok\"}\n"}
,{"stream_name":"stdout","time":1976.280192483,"data":"{\"op\": \"unfold_copy\", \"dtype\": \"float32\", \"samples\": 3, \"diffs\": [], \"errors\": [], \"verdict\": \"ok\"}\n"}
,{"stream_name":"stdout","time":1976.280198689,"data":"{\"op\": \"unfold_copy\", \"dtype\": \"float16\", \"samples\": 3, \"diffs\": [], \"errors\": [], \"verdict\": \"ok\"}\n"}
,{"stream_name":"stdout","time":1976.280206908,"data":"{\"op\": \"unfold_copy\", \"dtype\": \"bfloat16\", \"samples\": 3, \"diffs\": [], \"errors\": [], \"verdict\": \"ok\"}\n"}
,{"stream_name":"stdout","time":1976.280211145,"data":"{\"op\": \"unfold_copy\", \"dtype\": \"int8\", \"samples\": 3, \"diffs\": [], \"errors\": [], \"verdict\": \"ok\"}\n"}
,{"stream_name":"stdout","time":1976.280215603,"data":"{\"op\": \"unfold_copy\", \"dtype\": \"uint8\", \"samples\": 3, \"diffs\": [], \"errors\": [], \"verdict\": \"ok\"}\n"}
,{"stream_name":"stdout","time":1976.280219867,"data":"{\"op\": \"unfold_copy\", \"dtype\": \"int16\", \"samples\": 3, \"diffs\": [], \"errors\": [], \"verdict\": \"ok\"}\n"}
,{"stream_name":"stdout","time":1976.280224122,"data":"{\"op\": \"unfold_copy\", \"dtype\": \"int32\", \"samples\": 3, \"diffs\": [], \"errors\": [], \"verdict\": \"ok\"}\n"}
,{"stream_name":"stdout","time":1976.280228301,"data":"{\"op\": \"unfold_copy\", \"dtype\": \"bool\", \"samples\": 3, \"diffs\": [], \"errors\": [], \"verdict\": \"ok\"}\n"}
,{"stream_name":"stdout","time":1976.280232803,"data":"{\"op\": \"movedim\", \"dtype\": \"float32\", \"samples\": 2, \"diffs\": [], \"errors\": [], \"verdict\": \"ok\"}\n"}
,{"stream_name":"stdout","time":1976.280246693,"data":"{\"op\": \"movedim\", \"dtype\": \"float16\", \"samples\": 2, \"diffs\": [], \"errors\": [], \"verdict\": \"ok\"}\n"}
,{"stream_name":"stdout","time":1976.280251395,"data":"{\"op\": \"movedim\", \"dtype\": \"bfloat16\", \"samples\": 2, \"diffs\": [], \"errors\": [], \"verdict\": \"ok\"}\n"}
,{"stream_name":"stdout","time":1976.280255825,"data":"{\"op\": \"movedim\", \"dtype\": \"int8\", \"samples\": 2, \"diffs\": [], \"errors\": [], \"verdict\": \"ok\"}\n"}
,{"stream_name":"stdout","time":1976.280259892,"data":"{\"op\": \"movedim\", \"dtype\": \"uint8\", \"samples\": 2, \"diffs\": [], \"errors\": [], \"verdict\": \"ok\"}\n"}
,{"stream_name":"stdout","time":1976.28026401,"data":"{\"op\": \"movedim\", \"dtype\": \"int16\", \"samples\": 2, \"diffs\": [], \"errors\": [], \"verdict\": \"ok\"}\n"}
,{"stream_name":"stdout","time":1976.280268077,"data":"{\"op\": \"movedim\", \"dtype\": \"int32\", \"samples\": 2, \"diffs\": [], \"errors\": [], \"verdict\": \"ok\"}\n"}
,{"stream_name":"stdout","time":1976.280272228,"data":"{\"op\": \"movedim\", \"dtype\": \"bool\", \"samples\": 2, \"diffs\": [], \"errors\": [], \"verdict\": \"ok\"}\n"}
,{"stream_name":"stdout","time":1976.280276483,"data":"{\"op\": \"renorm\", \"dtype\": \"float32\", \"samples\": 3, \"diffs\": [], \"errors\": [], \"verdict\": \"ok\"}\n"}
,{"stream_name":"stdout","time":1976.280284378,"data":"{\"op\": \"renorm\", \"dtype\": \"float16\", \"samples\": 3, \"diffs\": [], \"errors\": [], \"verdict\": \"ok\"}\n"}
,{"stream_name":"stdout","time":1976.280288415,"data":"{\"op\": \"renorm\", \"dtype\": \"bfloat16\", \"samples\": 3, \"diffs\": [], \"errors\": [], \"verdict\": \"ok\"}\n"}
,{"stream_name":"stdout","time":1976.28029239,"data":"{\"op\": \"repeat\", \"dtype\": \"float32\", \"samples\": 3, \"diffs\": [], \"errors\": [], \"verdict\": \"ok\"}\n"}
,{"stream_name":"stdout","time":1976.28029654,"data":"{\"op\": \"repeat\", \"dtype\": \"float16\", \"samples\": 3, \"diffs\": [], \"errors\": [], \"verdict\": \"ok\"}\n"}
,{"stream_name":"stdout","time":1976.280300721,"data":"{\"op\": \"repeat\", \"dtype\": \"bfloat16\", \"samples\": 3, \"diffs\": [], \"errors\": [], \"verdict\": \"ok\"}\n"}
,{"stream_name":"stdout","time":1976.28030518,"data":"{\"op\": \"repeat\", \"dtype\": \"int8\", \"samples\": 3, \"diffs\": [], \"errors\": [], \"verdict\": \"ok\"}\n"}
,{"stream_name":"stdout","time":1976.280309312,"data":"{\"op\": \"repeat\", \"dtype\": \"uint8\", \"samples\": 3, \"diffs\": [], \"errors\": [], \"verdict\": \"ok\"}\n"}
,{"stream_name":"stdout","time":1976.280313296,"data":"{\"op\": \"repeat\", \"dtype\": \"int16\", \"samples\": 3, \"diffs\": [], \"errors\": [], \"verdict\": \"ok\"}\n"}
,{"stream_name":"stdout","time":1976.280317416,"data":"{\"op\": \"repeat\", \"dtype\": \"int32\", \"samples\": 3, \"diffs\": [], \"errors\": [], \"verdict\": \"ok\"}\n"}
,{"stream_name":"stdout","time":1976.280321393,"data":"{\"op\": \"repeat\", \"dtype\": \"bool\", \"samples\": 3, \"diffs\": [], \"errors\": [], \"verdict\": \"ok\"}\n"}
,{"stream_name":"stdout","time":1976.280325668,"data":"{\"op\": \"squeeze\", \"dtype\": \"float32\", \"samples\": 3, \"diffs\": [], \"errors\": [], \"verdict\": \"ok\"}\n"}
,{"stream_name":"stdout","time":1976.280329749,"data":"{\"op\": \"squeeze\", \"dtype\": \"float16\", \"samples\": 3, \"diffs\": [], \"errors\": [], \"verdict\": \"ok\"}\n"}
,{"stream_name":"stdout","time":1976.280333721,"data":"{\"op\": \"squeeze\", \"dtype\": \"bfloat16\", \"samples\": 3, \"diffs\": [], \"errors\": [], \"verdict\": \"ok\"}\n"}
,{"stream_name":"stdout","time":1976.280338299,"data":"{\"op\": \"squeeze\", \"dtype\": \"int8\", \"samples\": 3, \"diffs\": [], \"errors\": [], \"verdict\": \"ok\"}\n"}
,{"stream_name":"stdout","time":1976.280342523,"data":"{\"op\": \"squeeze\", \"dtype\": \"uint8\", \"samples\": 3, \"diffs\": [], \"errors\": [], \"verdict\": \"ok\"}\n"}
,{"stream_name":"stdout","time":1976.280346825,"data":"{\"op\": \"squeeze\", \"dtype\": \"int16\", \"samples\": 3, \"diffs\": [], \"errors\": [], \"verdict\": \"ok\"}\n"}
,{"stream_name":"stdout","time":1976.280350592,"data":"{\"op\": \"squeeze\", \"dtype\": \"int32\", \"samples\": 3, \"diffs\": [], \"errors\": [], \"verdict\": \"ok\"}\n"}
,{"stream_name":"stdout","time":1976.280354399,"data":"{\"op\": \"squeeze\", \"dtype\": \"bool\", \"samples\": 3, \"diffs\": [], \"errors\": [], \"verdict\": \"ok\"}\n"}
,{"stream_name":"stdout","time":1976.280358145,"data":"{\"op\": \"squeeze\", \"dtype\": \"float32\", \"samples\": 3, \"diffs\": [], \"errors\": [], \"verdict\": \"ok\"}\n"}
,{"stream_name":"stdout","time":1976.280361833,"data":"{\"op\": \"squeeze\", \"dtype\": \"float16\", \"samples\": 3, \"diffs\": [], \"errors\": [], \"verdict\": \"ok\"}\n"}
,{"stream_name":"stdout","time":1976.280365712,"data":"{\"op\": \"squeeze\", \"dtype\": \"bfloat16\", \"samples\": 3, \"diffs\": [], \"errors\": [], \"verdict\": \"ok\"}\n"}
,{"stream_name":"stdout","time":1976.28036974,"data":"{\"op\": \"squeeze\", \"dtype\": \"int8\", \"samples\": 3, \"diffs\": [], \"errors\": [], \"verdict\": \"ok\"}\n"}
,{"stream_name":"stdout","time":1976.280376748,"data":"{\"op\": \"squeeze\", \"dtype\": \"uint8\", \"samples\": 3, \"diffs\": [], \"errors\": [], \"verdict\": \"ok\"}\n"}
,{"stream_name":"stdout","time":1976.280381019,"data":"{\"op\": \"squeeze\", \"dtype\": \"int16\", \"samples\": 3, \"diffs\": [], \"errors\": [], \"verdict\": \"ok\"}\n"}
,{"stream_name":"stdout","time":1976.280384765,"data":"{\"op\": \"squeeze\", \"dtype\": \"int32\", \"samples\": 3, \"diffs\": [], \"errors\": [], \"verdict\": \"ok\"}\n"}
,{"stream_name":"stdout","time":1976.280406799,"data":"{\"op\": \"squeeze\", \"dtype\": \"bool\", \"samples\": 3, \"diffs\": [], \"errors\": [], \"verdict\": \"ok\"}\n"}
,{"stream_name":"stdout","time":1976.280410899,"data":"{\"op\": \"squeeze_copy\", \"dtype\": \"float32\", \"samples\": 3, \"diffs\": [], \"errors\": [], \"verdict\": \"ok\"}\n"}
,{"stream_name":"stdout","time":1976.280414805,"data":"{\"op\": \"squeeze_copy\", \"dtype\": \"float16\", \"samples\": 3, \"diffs\": [], \"errors\": [], \"verdict\": \"ok\"}\n"}
,{"stream_name":"stdout","time":1976.280418808,"data":"{\"op\": \"squeeze_copy\", \"dtype\": \"bfloat16\", \"samples\": 3, \"diffs\": [], \"errors\": [], \"verdict\": \"ok\"}\n"}
,{"stream_name":"stdout","time":1976.280422864,"data":"{\"op\": \"squeeze_copy\", \"dtype\": \"int8\", \"samples\": 3, \"diffs\": [], \"errors\": [], \"verdict\": \"ok\"}\n"}
,{"stream_name":"stdout","time":1976.280426741,"data":"{\"op\": \"squeeze_copy\", \"dtype\": \"uint8\", \"samples\": 3, \"diffs\": [], \"errors\": [], \"verdict\": \"ok\"}\n"}
,{"stream_name":"stdout","time":1976.280430621,"data":"{\"op\": \"squeeze_copy\", \"dtype\": \"int16\", \"samples\": 3, \"diffs\": [], \"errors\": [], \"verdict\": \"ok\"}\n"}
,{"stream_name":"stdout","time":1976.28043445,"data":"{\"op\": \"squeeze_copy\", \"dtype\": \"int32\", \"samples\": 3, \"diffs\": [], \"errors\": [], \"verdict\": \"ok\"}\n"}
,{"stream_name":"stdout","time":1976.28043892,"data":"{\"op\": \"squeeze_copy\", \"dtype\": \"bool\", \"samples\": 3, \"diffs\": [], \"errors\": [], \"verdict\": \"ok\"}\n"}
,{"stream_name":"stdout","time":1976.280443441,"data":"{\"op\": \"fill\", \"dtype\": \"float32\", \"samples\": 3, \"diffs\": [], \"errors\": [], \"verdict\": \"ok\"}\n"}
,{"stream_name":"stdout","time":1976.280447236,"data":"{\"op\": \"fill\", \"dtype\": \"float16\", \"samples\": 3, \"diffs\": [], \"errors\": [], \"verdict\": \"ok\"}\n"}
,{"stream_name":"stdout","time":1976.280451255,"data":"{\"op\": \"fill\", \"dtype\": \"bfloat16\", \"samples\": 3, \"diffs\": [], \"errors\": [], \"verdict\": \"ok\"}\n"}
,{"stream_name":"stdout","time":1976.280455132,"data":"{\"op\": \"fill\", \"dtype\": \"int8\", \"samples\": 3, \"diffs\": [], \"errors\": [], \"verdict\": \"ok\"}\n"}
,{"stream_name":"stdout","time":1976.280459009,"data":"{\"op\": \"fill\", \"dtype\": \"uint8\", \"samples\": 3, \"diffs\": [], \"errors\": [], \"verdict\": \"ok\"}\n"}
,{"stream_name":"stdout","time":1976.280462906,"data":"{\"op\": \"fill\", \"dtype\": \"int16\", \"samples\": 3, \"diffs\": [], \"errors\": [], \"verdict\": \"ok\"}\n"}
,{"stream_name":"stdout","time":1976.280466807,"data":"{\"op\": \"fill\", \"dtype\": \"int32\", \"samples\": 3, \"diffs\": [], \"errors\": [], \"verdict\": \"ok\"}\n"}
,{"stream_name":"stdout","time":1976.280470587,"data":"{\"op\": \"fill\", \"dtype\": \"bool\", \"samples\": 3, \"diffs\": [], \"errors\": [], \"verdict\": \"ok\"}\n"}
,{"stream_name":"stdout","time":1976.280474486,"data":"{\"op\": \"take_along_dim\", \"dtype\": \"float32\", \"samples\": 3, \"diffs\": [], \"errors\": [], \"verdict\": \"ok\"}\n"}
,{"stream_name":"stdout","time":1976.280478559,"data":"{\"op\": \"take_along_dim\", \"dtype\": \"float16\", \"samples\": 3, \"diffs\": [], \"errors\": [], \"verdict\": \"ok\"}\n"}
,{"stream_name":"stdout","time":1976.280482646,"data":"{\"op\": \"take_along_dim\", \"dtype\": \"bfloat16\", \"samples\": 3, \"diffs\": [], \"errors\": [], \"verdict\": \"ok\"}\n"}
,{"stream_name":"stdout","time":1976.280503048,"data":"{\"op\": \"take_along_dim\", \"dtype\": \"int8\", \"samples\": 3, \"diffs\": [], \"errors\": [], \"verdict\": \"ok\"}\n"}
,{"stream_name":"stdout","time":1976.280507693,"data":"{\"op\": \"take_along_dim\", \"dtype\": \"uint8\", \"samples\": 3, \"diffs\": [], \"errors\": [], \"verdict\": \"ok\"}\n"}
,{"stream_name":"stdout","time":1976.280511598,"data":"{\"op\": \"take_along_dim\", \"dtype\": \"int16\", \"samples\": 3, \"diffs\": [], \"errors\": [], \"verdict\": \"ok\"}\n"}
,{"stream_name":"stdout","time":1976.280515588,"data":"{\"op\": \"take_along_dim\", \"dtype\": \"int32\", \"samples\": 3, \"diffs\": [], \"errors\": [], \"verdict\": \"ok\"}\n"}
,{"stream_name":"stdout","time":1976.280519417,"data":"{\"op\": \"take_along_dim\", \"dtype\": \"bool\", \"samples\": 3, \"diffs\": [], \"errors\": [], \"verdict\": \"ok\"}\n"}
,{"stream_name":"stdout","time":1976.280523698,"data":"{\"op\": \"tile\", \"dtype\": \"float32\", \"samples\": 3, \"diffs\": [], \"errors\": [], \"verdict\": \"ok\"}\n"}
,{"stream_name":"stdout","time":1976.280527737,"data":"{\"op\": \"tile\", \"dtype\": \"float16\", \"samples\": 3, \"diffs\": [], \"errors\": [], \"verdict\": \"ok\"}\n"}
,{"stream_name":"stdout","time":1976.280531845,"data":"{\"op\": \"tile\", \"dtype\": \"bfloat16\", \"samples\": 3, \"diffs\": [], \"errors\": [], \"verdict\": \"ok\"}\n"}
,{"stream_name":"stdout","time":1976.28053595,"data":"{\"op\": \"tile\", \"dtype\": \"int8\", \"samples\": 3, \"diffs\": [], \"errors\": [], \"verdict\": \"ok\"}\n"}
,{"stream_name":"stdout","time":1976.280539993,"data":"{\"op\": \"tile\", \"dtype\": \"uint8\", \"samples\": 3, \"diffs\": [], \"errors\": [], \"verdict\": \"ok\"}\n"}
,{"stream_name":"stdout","time":1976.280544075,"data":"{\"op\": \"tile\", \"dtype\": \"int16\", \"samples\": 3, \"diffs\": [], \"errors\": [], \"verdict\": \"ok\"}\n"}
,{"stream_name":"stdout","time":1976.280547769,"data":"{\"op\": \"tile\", \"dtype\": \"int32\", \"samples\": 3, \"diffs\": [], \"errors\": [], \"verdict\": \"ok\"}\n"}
,{"stream_name":"stdout","time":1976.280551416,"data":"{\"op\": \"tile\", \"dtype\": \"bool\", \"samples\": 3, \"diffs\": [], \"errors\": [], \"verdict\": \"ok\"}\n"}
,{"stream_name":"stdout","time":1976.280558758,"data":"{\"op\": \"trapz\", \"dtype\": \"float32\", \"samples\": 3, \"diffs\": [], \"errors\": [], \"verdict\": \"ok\"}\n"}
,{"stream_name":"stdout","time":1976.28056268,"data":"{\"op\": \"trapz\", \"dtype\": \"float16\", \"samples\": 3, \"diffs\": [], \"errors\": [], \"verdict\": \"ok\"}\n"}
,{"stream_name":"stdout","time":1976.280566405,"data":"{\"op\": \"trapz\", \"dtype\": \"bfloat16\", \"samples\": 3, \"diffs\": [], \"errors\": [], \"verdict\": \"ok\"}\n"}
,{"stream_name":"stdout","time":1976.280570072,"data":"{\"op\": \"trapz\", \"dtype\": \"int8\", \"samples\": 3, \"diffs\": [], \"errors\": [], \"verdict\": \"ok\"}\n"}
,{"stream_name":"stdout","time":1976.280573908,"data":"{\"op\": \"trapz\", \"dtype\": \"uint8\", \"samples\": 3, \"diffs\": [], \"errors\": [], \"verdict\": \"ok\"}\n"}
,{"stream_name":"stdout","time":1976.280577489,"data":"{\"op\": \"trapz\", \"dtype\": \"int16\", \"samples\": 3, \"diffs\": [], \"errors\": [], \"verdict\": \"ok\"}\n"}
,{"stream_name":"stdout","time":1976.280581155,"data":"{\"op\": \"trapz\", \"dtype\": \"int32\", \"samples\": 3, \"diffs\": [], \"errors\": [], \"verdict\": \"ok\"}\n"}
,{"stream_name":"stdout","time":1976.28058487,"data":"{\"op\": \"trapezoid\", \"dtype\": \"float32\", \"samples\": 3, \"diffs\": [], \"errors\": [], \"verdict\": \"ok\"}\n"}
,{"stream_name":"stdout","time":1976.280588515,"data":"{\"op\": \"trapezoid\", \"dtype\": \"float16\", \"samples\": 3, \"diffs\": [], \"errors\": [], \"verdict\": \"ok\"}\n"}
,{"stream_name":"stdout","time":1976.280595377,"data":"{\"op\": \"trapezoid\", \"dtype\": \"bfloat16\", \"samples\": 3, \"diffs\": [], \"errors\": [], \"verdict\": \"ok\"}\n"}
,{"stream_name":"stdout","time":1976.280599151,"data":"{\"op\": \"trapezoid\", \"dtype\": \"int8\", \"samples\": 3, \"diffs\": [], \"errors\": [], \"verdict\": \"ok\"}\n"}
,{"stream_name":"stdout","time":1976.280602842,"data":"{\"op\": \"trapezoid\", \"dtype\": \"uint8\", \"samples\": 3, \"diffs\": [], \"errors\": [], \"verdict\": \"ok\"}\n"}
,{"stream_name":"stdout","time":1976.280606602,"data":"{\"op\": \"trapezoid\", \"dtype\": \"int16\", \"samples\": 3, \"diffs\": [], \"errors\": [], \"verdict\": \"ok\"}\n"}
,{"stream_name":"stdout","time":1976.280610293,"data":"{\"op\": \"trapezoid\", \"dtype\": \"int32\", \"samples\": 3, \"diffs\": [], \"errors\": [], \"verdict\": \"ok\"}\n"}
,{"stream_name":"stdout","time":1976.280616193,"data":"{\"op\": \"cumulative_trapezoid\", \"dtype\": \"float32\", \"samples\": 3, \"diffs\": [{\"i\": 0, \"class\": \"SIGNZERO\", \"detail\": \"sign of zero\", \"repr\": \"SampleInput(input=tensor([[-6.7103,  5.7013,  0.7920],\\n        [ 2.8814, -4.1030,  8.5261]], device='cuda:0'), args=(tensor([[ 2.1750, -8.5027, -3.1403],\\n        [-6.9942,  3.2609, -2.5057]], device='cuda:0'),), kwargs={}, broadcasts_input=False, name='')\"}, {\"i\": 1, \"class\": \"SIGNZERO\", \"detail\": \"sign of zero\", \"repr\": \"SampleInput(input=tensor([[-6.7103,  5.7013,  0.7920],\\n        [ 2.8814, -4.1030,  8.5261]], device='cuda:0'), args=(tensor([[ 2.1750, -8.5027, -3.1403],\\n        [-6.9942,  3.2609, -2.5057]], device='cuda:0'),), kwargs={'dim': 1}, broadcasts_input=False, name='')\"}], \"errors\": [], \"verdict\": \"DIFF:SIGNZERO\"}\n"}
,{"stream_name":"stdout","time":1976.28062383,"data":"{\"op\": \"cumulative_trapezoid\", \"dtype\": \"float16\", \"samples\": 3, \"diffs\": [{\"i\": 0, \"class\": \"SIGNZERO\", \"detail\": \"sign of zero\", \"repr\": \"SampleInput(input=tensor([[-6.7109,  5.7031,  0.7920],\\n        [ 2.8809, -4.1016,  8.5234]], device='cuda:0', dtype=torch.float16), args=(tensor([[ 2.1758, -8.5000, -3.1406],\\n        [-6.9961,  3.2617, -2.5059]], device='cuda:0', dtype=torch.float16),), kwargs={}, broadcasts_input=False, name='')\"}, {\"i\": 1, \"class\": \"SIGNZERO\", \"detail\": \"sign of zero\", \"repr\": \"SampleInput(input=tensor([[-6.7109,  5.7031,  0.7920],\\n        [ 2.8809, -4.1016,  8.5234]], device='cuda:0', dtype=torch.float16), args=(tensor([[ 2.1758, -8.5000, -3.1406],\\n        [-6.9961,  3.2617, -2.5059]], device='cuda:0', dtype=torch.float16),), kwargs={'dim': 1}, broadcasts_input=False, nam\"}], \"errors\": [], \"verdict\": \"DIFF:SIGNZERO\"}\n"}
,{"stream_name":"stdout","time":1976.28063083,"data":"{\"op\": \"cumulative_trapezoid\", \"dtype\": \"bfloat16\", \"samples\": 3, \"diffs\": [], \"errors\": [], \"verdict\": \"ok\"}\n"}
,{"stream_name":"stdout","time":1976.280634915,"data":"{\"op\": \"cumulative_trapezoid\", \"dtype\": \"int8\", \"samples\": 3, \"diffs\": [], \"errors\": [], \"verdict\": \"ok\"}\n"}
,{"stream_name":"stdout","time":1976.280638652,"data":"{\"op\": \"cumulative_trapezoid\", \"dtype\": \"uint8\", \"samples\": 3, \"diffs\": [], \"errors\": [], \"verdict\": \"ok\"}\n"}
,{"stream_name":"stdout","time":1976.280642313,"data":"{\"op\": \"cumulative_trapezoid\", \"dtype\": \"int16\", \"samples\": 3, \"diffs\": [], \"errors\": [], \"verdict\": \"ok\"}\n"}
,{"stream_name":"stdout","time":1976.28064642,"data":"{\"op\": \"cumulative_trapezoid\", \"dtype\": \"int32\", \"samples\": 3, \"diffs\": [], \"errors\": [], \"verdict\": \"ok\"}\n"}
,{"stream_name":"stdout","time":1976.280650103,"data":"{\"op\": \"unsqueeze\", \"dtype\": \"float32\", \"samples\": 3, \"diffs\": [], \"errors\": [], \"verdict\": \"ok\"}\n"}
,{"stream_name":"stdout","time":1976.280653789,"data":"{\"op\": \"unsqueeze\", \"dtype\": \"float16\", \"samples\": 3, \"diffs\": [], \"errors\": [], \"verdict\": \"ok\"}\n"}
,{"stream_name":"stdout","time":1976.280661384,"data":"{\"op\": \"unsqueeze\", \"dtype\": \"bfloat16\", \"samples\": 3, \"diffs\": [], \"errors\": [], \"verdict\": \"ok\"}\n"}
,{"stream_name":"stdout","time":1976.280665234,"data":"{\"op\": \"unsqueeze\", \"dtype\": \"int8\", \"samples\": 3, \"diffs\": [], \"errors\": [], \"verdict\": \"ok\"}\n"}
,{"stream_name":"stdout","time":1976.280669327,"data":"{\"op\": \"unsqueeze\", \"dtype\": \"uint8\", \"samples\": 3, \"diffs\": [], \"errors\": [], \"verdict\": \"ok\"}\n"}
,{"stream_name":"stdout","time":1976.280673077,"data":"{\"op\": \"unsqueeze\", \"dtype\": \"int16\", \"samples\": 3, \"diffs\": [], \"errors\": [], \"verdict\": \"ok\"}\n"}
,{"stream_name":"stdout","time":1976.280676935,"data":"{\"op\": \"unsqueeze\", \"dtype\": \"int32\", \"samples\": 3, \"diffs\": [], \"errors\": [], \"verdict\": \"ok\"}\n"}
,{"stream_name":"stdout","time":1976.280680644,"data":"{\"op\": \"unsqueeze\", \"dtype\": \"bool\", \"samples\": 3, \"diffs\": [], \"errors\": [], \"verdict\": \"ok\"}\n"}
,{"stream_name":"stdout","time":1976.280684545,"data":"{\"op\": \"unsqueeze_copy\", \"dtype\": \"float32\", \"samples\": 3, \"diffs\": [], \"errors\": [], \"verdict\": \"ok\"}\n"}
,{"stream_name":"stdout","time":1976.280688192,"data":"{\"op\": \"unsqueeze_copy\", \"dtype\": \"float16\", \"samples\": 3, \"diffs\": [], \"errors\": [], \"verdict\": \"ok\"}\n"}
,{"stream_name":"stdout","time":1976.280691722,"data":"{\"op\": \"unsqueeze_copy\", \"dtype\": \"bfloat16\", \"samples\": 3, \"diffs\": [], \"errors\": [], \"verdict\": \"ok\"}\n"}
,{"stream_name":"stdout","time":1976.280695382,"data":"{\"op\": \"unsqueeze_copy\", \"dtype\": \"int8\", \"samples\": 3, \"diffs\": [], \"errors\": [], \"verdict\": \"ok\"}\n"}
,{"stream_name":"stdout","time":1976.280699045,"data":"{\"op\": \"unsqueeze_copy\", \"dtype\": \"uint8\", \"samples\": 3, \"diffs\": [], \"errors\": [], \"verdict\": \"ok\"}\n"}
,{"stream_name":"stdout","time":1976.280702732,"data":"{\"op\": \"unsqueeze_copy\", \"dtype\": \"int16\", \"samples\": 3, \"diffs\": [], \"errors\": [], \"verdict\": \"ok\"}\n"}
,{"stream_name":"stdout","time":1976.280706343,"data":"{\"op\": \"unsqueeze_copy\", \"dtype\": \"int32\", \"samples\": 3, \"diffs\": [], \"errors\": [], \"verdict\": \"ok\"}\n"}
,{"stream_name":"stdout","time":1976.280710066,"data":"{\"op\": \"unsqueeze_copy\", \"dtype\": \"bool\", \"samples\": 3, \"diffs\": [], \"errors\": [], \"verdict\": \"ok\"}\n"}
,{"stream_name":"stdout","time":1976.280714579,"data":"{\"op\": \"xlogy\", \"dtype\": \"float32\", \"samples\": 3, \"diffs\": [], \"errors\": [], \"verdict\": \"ok\"}\n"}
,{"stream_name":"stdout","time":1976.280718887,"data":"{\"op\": \"xlogy\", \"dtype\": \"float16\", \"samples\": 3, \"diffs\": [], \"errors\": [], \"verdict\": \"ok\"}\n"}
,{"stream_name":"stdout","time":1976.280722862,"data":"{\"op\": \"xlogy\", \"dtype\": \"bfloat16\", \"samples\": 3, \"diffs\": [], \"errors\": [], \"verdict\": \"ok\"}\n"}
,{"stream_name":"stdout","time":1976.280726782,"data":"{\"op\": \"xlogy\", \"dtype\": \"int8\", \"samples\": 3, \"diffs\": [], \"errors\": [], \"verdict\": \"ok\"}\n"}
,{"stream_name":"stdout","time":1976.280730799,"data":"{\"op\": \"xlogy\", \"dtype\": \"uint8\", \"samples\": 3, \"diffs\": [], \"errors\": [], \"verdict\": \"ok\"}\n"}
,{"stream_name":"stdout","time":1976.28073488,"data":"{\"op\": \"xlogy\", \"dtype\": \"int16\", \"samples\": 3, \"diffs\": [], \"errors\": [], \"verdict\": \"ok\"}\n"}
,{"stream_name":"stdout","time":1976.280739167,"data":"{\"op\": \"xlogy\", \"dtype\": \"int32\", \"samples\": 3, \"diffs\": [], \"errors\": [], \"verdict\": \"ok\"}\n"}
,{"stream_name":"stdout","time":1976.280743665,"data":"{\"op\": \"xlogy\", \"dtype\": \"bool\", \"samples\": 3, \"diffs\": [], \"errors\": [], \"verdict\": \"ok\"}\n"}
,{"stream_name":"stdout","time":1976.280751855,"data":"{\"op\": \"zero_\", \"dtype\": \"float32\", \"samples\": 3, \"diffs\": [], \"errors\": [], \"verdict\": \"ok\"}\n"}
,{"stream_name":"stdout","time":1976.280756182,"data":"{\"op\": \"zero_\", \"dtype\": \"float16\", \"samples\": 3, \"diffs\": [], \"errors\": [], \"verdict\": \"ok\"}\n"}
,{"stream_name":"stdout","time":1976.280760237,"data":"{\"op\": \"zero_\", \"dtype\": \"bfloat16\", \"samples\": 3, \"diffs\": [], \"errors\": [], \"verdict\": \"ok\"}\n"}
,{"stream_name":"stdout","time":1976.2807644,"data":"{\"op\": \"zero_\", \"dtype\": \"int8\", \"samples\": 3, \"diffs\": [], \"errors\": [], \"verdict\": \"ok\"}\n"}
,{"stream_name":"stdout","time":1976.280768431,"data":"{\"op\": \"zero_\", \"dtype\": \"uint8\", \"samples\": 3, \"diffs\": [], \"errors\": [], \"verdict\": \"ok\"}\n"}
,{"stream_name":"stdout","time":1976.280772504,"data":"{\"op\": \"zero_\", \"dtype\": \"int16\", \"samples\": 3, \"diffs\": [], \"errors\": [], \"verdict\": \"ok\"}\n"}
,{"stream_name":"stdout","time":1976.280776865,"data":"{\"op\": \"zero_\", \"dtype\": \"int32\", \"samples\": 3, \"diffs\": [], \"errors\": [], \"verdict\": \"ok\"}\n"}
,{"stream_name":"stdout","time":1976.280782182,"data":"{\"op\": \"zero_\", \"dtype\": \"bool\", \"samples\": 3, \"diffs\": [], \"errors\": [], \"verdict\": \"ok\"}\n"}
,{"stream_name":"stdout","time":1976.28078662,"data":"{\"op\": \"logsumexp\", \"dtype\": \"float32\", \"samples\": 3, \"diffs\": [], \"errors\": [], \"verdict\": \"ok\"}\n"}
,{"stream_name":"stdout","time":1976.280790662,"data":"{\"op\": \"logsumexp\", \"dtype\": \"float16\", \"samples\": 3, \"diffs\": [], \"errors\": [], \"verdict\": \"ok\"}\n"}
,{"stream_name":"stdout","time":1976.280794589,"data":"{\"op\": \"logsumexp\", \"dtype\": \"bfloat16\", \"samples\": 3, \"diffs\": [], \"errors\": [], \"verdict\": \"ok\"}\n"}
,{"stream_name":"stdout","time":1976.280798752,"data":"{\"op\": \"logsumexp\", \"dtype\": \"int8\", \"samples\": 3, \"diffs\": [], \"errors\": [], \"verdict\": \"ok\"}\n"}
,{"stream_name":"stdout","time":1976.280802789,"data":"{\"op\": \"logsumexp\", \"dtype\": \"uint8\", \"samples\": 3, \"diffs\": [], \"errors\": [], \"verdict\": \"ok\"}\n"}
,{"stream_name":"stdout","time":1976.280807197,"data":"{\"op\": \"logsumexp\", \"dtype\": \"int16\", \"samples\": 3, \"diffs\": [], \"errors\": [], \"verdict\": \"ok\"}\n"}
,{"stream_name":"stdout","time":1976.280811194,"data":"{\"op\": \"logsumexp\", \"dtype\": \"int32\", \"samples\": 3, \"diffs\": [], \"errors\": [], \"verdict\": \"ok\"}\n"}
,{"stream_name":"stdout","time":1976.280815064,"data":"{\"op\": \"logsumexp\", \"dtype\": \"bool\", \"samples\": 3, \"diffs\": [], \"errors\": [], \"verdict\": \"ok\"}\n"}
,{"stream_name":"stdout","time":1976.280819072,"data":"{\"op\": \"trace\", \"dtype\": \"float32\", \"samples\": 3, \"diffs\": [], \"errors\": [], \"verdict\": \"ok\"}\n"}
,{"stream_name":"stdout","time":1976.2808232,"data":"{\"op\": \"trace\", \"dtype\": \"float16\", \"samples\": 3, \"diffs\": [], \"errors\": [], \"verdict\": \"ok\"}\n"}
,{"stream_name":"stdout","time":1976.280827468,"data":"{\"op\": \"trace\", \"dtype\": \"bfloat16\", \"samples\": 3, \"diffs\": [], \"errors\": [], \"verdict\": \"ok\"}\n"}
,{"stream_name":"stdout","time":1976.280831447,"data":"{\"op\": \"trace\", \"dtype\": \"int8\", \"samples\": 3, \"diffs\": [], \"errors\": [], \"verdict\": \"ok\"}\n"}
,{"stream_name":"stdout","time":1976.280838181,"data":"{\"op\": \"trace\", \"dtype\": \"uint8\", \"samples\": 3, \"diffs\": [], \"errors\": [], \"verdict\": \"ok\"}\n"}
,{"stream_name":"stdout","time":1976.2808428,"data":"{\"op\": \"trace\", \"dtype\": \"int16\", \"samples\": 3, \"diffs\": [], \"errors\": [], \"verdict\": \"ok\"}\n"}
,{"stream_name":"stdout","time":1976.280847225,"data":"{\"op\": \"trace\", \"dtype\": \"int32\", \"samples\": 3, \"diffs\": [], \"errors\": [], \"verdict\": \"ok\"}\n"}
,{"stream_name":"stdout","time":1976.280857002,"data":"{\"op\": \"trace\", \"dtype\": \"bool\", \"samples\": 3, \"diffs\": [], \"errors\": [], \"verdict\": \"ok\"}\n"}
,{"stream_name":"stdout","time":1976.280861314,"data":"{\"op\": \"transpose\", \"dtype\": \"float32\", \"samples\": 3, \"diffs\": [], \"errors\": [], \"verdict\": \"ok\"}\n"}
,{"stream_name":"stdout","time":1976.280865603,"data":"{\"op\": \"transpose\", \"dtype\": \"float16\", \"samples\": 3, \"diffs\": [], \"errors\": [], \"verdict\": \"ok\"}\n"}
,{"stream_name":"stdout","time":1976.280869652,"data":"{\"op\": \"transpose\", \"dtype\": \"bfloat16\", \"samples\": 3, \"diffs\": [], \"errors\": [], \"verdict\": \"ok\"}\n"}
,{"stream_name":"stdout","time":1976.280873687,"data":"{\"op\": \"transpose\", \"dtype\": \"int8\", \"samples\": 3, \"diffs\": [], \"errors\": [], \"verdict\": \"ok\"}\n"}
,{"stream_name":"stdout","time":1976.280877836,"data":"{\"op\": \"transpose\", \"dtype\": \"uint8\", \"samples\": 3, \"diffs\": [], \"errors\": [], \"verdict\": \"ok\"}\n"}
,{"stream_name":"stdout","time":1976.280882017,"data":"{\"op\": \"transpose\", \"dtype\": \"int16\", \"samples\": 3, \"diffs\": [], \"errors\": [], \"verdict\": \"ok\"}\n"}
,{"stream_name":"stdout","time":1976.280885915,"data":"{\"op\": \"transpose\", \"dtype\": \"int32\", \"samples\": 3, \"diffs\": [], \"errors\": [], \"verdict\": \"ok\"}\n"}
,{"stream_name":"stdout","time":1976.280890206,"data":"{\"op\": \"transpose\", \"dtype\": \"bool\", \"samples\": 3, \"diffs\": [], \"errors\": [], \"verdict\": \"ok\"}\n"}
,{"stream_name":"stdout","time":1976.280894114,"data":"{\"op\": \"transpose_copy\", \"dtype\": \"float32\", \"samples\": 3, \"diffs\": [], \"errors\": [], \"verdict\": \"ok\"}\n"}
,{"stream_name":"stdout","time":1976.28089847,"data":"{\"op\": \"transpose_copy\", \"dtype\": \"float16\", \"samples\": 3, \"diffs\": [], \"errors\": [], \"verdict\": \"ok\"}\n"}
,{"stream_name":"stdout","time":1976.280902542,"data":"{\"op\": \"transpose_copy\", \"dtype\": \"bfloat16\", \"samples\": 3, \"diffs\": [], \"errors\": [], \"verdict\": \"ok\"}\n"}
,{"stream_name":"stdout","time":1976.280906563,"data":"{\"op\": \"transpose_copy\", \"dtype\": \"int8\", \"samples\": 3, \"diffs\": [], \"errors\": [], \"verdict\": \"ok\"}\n"}
,{"stream_name":"stdout","time":1976.280910632,"data":"{\"op\": \"transpose_copy\", \"dtype\": \"uint8\", \"samples\": 3, \"diffs\": [], \"errors\": [], \"verdict\": \"ok\"}\n"}
,{"stream_name":"stdout","time":1976.280914668,"data":"{\"op\": \"transpose_copy\", \"dtype\": \"int16\", \"samples\": 3, \"diffs\": [], \"errors\": [], \"verdict\": \"ok\"}\n"}
,{"stream_name":"stdout","time":1976.280918636,"data":"{\"op\": \"transpose_copy\", \"dtype\": \"int32\", \"samples\": 3, \"diffs\": [], \"errors\": [], \"verdict\": \"ok\"}\n"}
,{"stream_name":"stdout","time":1976.28092292,"data":"{\"op\": \"transpose_copy\", \"dtype\": \"bool\", \"samples\": 3, \"diffs\": [], \"errors\": [], \"verdict\": \"ok\"}\n"}
,{"stream_name":"stdout","time":1976.280927062,"data":"{\"op\": \"T\", \"dtype\": \"float32\", \"samples\": 2, \"diffs\": [], \"errors\": [], \"verdict\": \"ok\"}\n"}
,{"stream_name":"stdout","time":1976.28093121,"data":"{\"op\": \"T\", \"dtype\": \"float16\", \"samples\": 2, \"diffs\": [], \"errors\": [], \"verdict\": \"ok\"}\n"}
,{"stream_name":"stdout","time":1976.280935329,"data":"{\"op\": \"T\", \"dtype\": \"bfloat16\", \"samples\": 2, \"diffs\": [], \"errors\": [], \"verdict\": \"ok\"}\n"}
,{"stream_name":"stdout","time":1976.280939539,"data":"{\"op\": \"T\", \"dtype\": \"int8\", \"samples\": 2, \"diffs\": [], \"errors\": [], \"verdict\": \"ok\"}\n"}
,{"stream_name":"stdout","time":1976.280944495,"data":"{\"op\": \"T\", \"dtype\": \"uint8\", \"samples\": 2, \"diffs\": [], \"errors\": [], \"verdict\": \"ok\"}\n"}
,{"stream_name":"stdout","time":1976.28095319,"data":"{\"op\": \"T\", \"dtype\": \"int16\", \"samples\": 2, \"diffs\": [], \"errors\": [], \"verdict\": \"ok\"}\n"}
,{"stream_name":"stdout","time":1976.2809573,"data":"{\"op\": \"T\", \"dtype\": \"int32\", \"samples\": 2, \"diffs\": [], \"errors\": [], \"verdict\": \"ok\"}\n"}
,{"stream_name":"stdout","time":1976.280965895,"data":"{\"op\": \"T\", \"dtype\": \"bool\", \"samples\": 2, \"diffs\": [], \"errors\": [], \"verdict\": \"ok\"}\n"}
,{"stream_name":"stdout","time":1976.280983353,"data":"{\"op\": \"H\", \"dtype\": \"float32\", \"samples\": 2, \"diffs\": [], \"errors\": [], \"verdict\": \"ok\"}\n"}
,{"stream_name":"stdout","time":1976.280987812,"data":"{\"op\": \"H\", \"dtype\": \"float16\", \"samples\": 2, \"diffs\": [], \"errors\": [], \"verdict\": \"ok\"}\n"}
,{"stream_name":"stdout","time":1976.280992144,"data":"{\"op\": \"H\", \"dtype\": \"bfloat16\", \"samples\": 2, \"diffs\": [], \"errors\": [], \"verdict\": \"ok\"}\n"}
,{"stream_name":"stdout","time":1976.280996269,"data":"{\"op\": \"H\", \"dtype\": \"int8\", \"samples\": 2, \"diffs\": [], \"errors\": [], \"verdict\": \"ok\"}\n"}
,{"stream_name":"stdout","time":1976.281000622,"data":"{\"op\": \"H\", \"dtype\": \"uint8\", \"samples\": 2, \"diffs\": [], \"errors\": [], \"verdict\": \"ok\"}\n"}
,{"stream_name":"stdout","time":1976.281004635,"data":"{\"op\": \"H\", \"dtype\": \"int16\", \"samples\": 2, \"diffs\": [], \"errors\": [], \"verdict\": \"ok\"}\n"}
,{"stream_name":"stdout","time":1976.281008702,"data":"{\"op\": \"H\", \"dtype\": \"int32\", \"samples\": 2, \"diffs\": [], \"errors\": [], \"verdict\": \"ok\"}\n"}
,{"stream_name":"stdout","time":1976.281012943,"data":"{\"op\": \"H\", \"dtype\": \"bool\", \"samples\": 2, \"diffs\": [], \"errors\": [], \"verdict\": \"ok\"}\n"}
,{"stream_name":"stdout","time":1976.281016819,"data":"{\"op\": \"mT\", \"dtype\": \"float32\", \"samples\": 3, \"diffs\": [], \"errors\": [], \"verdict\": \"ok\"}\n"}
,{"stream_name":"stdout","time":1976.281020707,"data":"{\"op\": \"mT\", \"dtype\": \"float16\", \"samples\": 3, \"diffs\": [], \"errors\": [], \"verdict\": \"ok\"}\n"}
,{"stream_name":"stdout","time":1976.281024595,"data":"{\"op\": \"mT\", \"dtype\": \"bfloat16\", \"samples\": 3, \"diffs\": [], \"errors\": [], \"verdict\": \"ok\"}\n"}
,{"stream_name":"stdout","time":1976.281028583,"data":"{\"op\": \"mT\", \"dtype\": \"int8\", \"samples\": 3, \"diffs\": [], \"errors\": [], \"verdict\": \"ok\"}\n"}
,{"stream_name":"stdout","time":1976.281032496,"data":"{\"op\": \"mT\", \"dtype\": \"uint8\", \"samples\": 3, \"diffs\": [], \"errors\": [], \"verdict\": \"ok\"}\n"}
,{"stream_name":"stdout","time":1976.28103762,"data":"{\"op\": \"mT\", \"dtype\": \"int16\", \"samples\": 3, \"diffs\": [], \"errors\": [], \"verdict\": \"ok\"}\n"}
,{"stream_name":"stdout","time":1976.281041469,"data":"{\"op\": \"mT\", \"dtype\": \"int32\", \"samples\": 3, \"diffs\": [], \"errors\": [], \"verdict\": \"ok\"}\n"}
,{"stream_name":"stdout","time":1976.281045579,"data":"{\"op\": \"mT\", \"dtype\": \"bool\", \"samples\": 3, \"diffs\": [], \"errors\": [], \"verdict\": \"ok\"}\n"}
,{"stream_name":"stdout","time":1976.281049644,"data":"{\"op\": \"mH\", \"dtype\": \"float32\", \"samples\": 3, \"diffs\": [], \"errors\": [], \"verdict\": \"ok\"}\n"}
,{"stream_name":"stdout","time":1976.281054096,"data":"{\"op\": \"mH\", \"dtype\": \"float16\", \"samples\": 3, \"diffs\": [], \"errors\": [], \"verdict\": \"ok\"}\n"}
,{"stream_name":"stdout","time":1976.281057995,"data":"{\"op\": \"mH\", \"dtype\": \"bfloat16\", \"samples\": 3, \"diffs\": [], \"errors\": [], \"verdict\": \"ok\"}\n"}
,{"stream_name":"stdout","time":1976.281062847,"data":"{\"op\": \"mH\", \"dtype\": \"int8\", \"samples\": 3, \"diffs\": [], \"errors\": [], \"verdict\": \"ok\"}\n"}
,{"stream_name":"stdout","time":1976.281071313,"data":"{\"op\": \"mH\", \"dtype\": \"uint8\", \"samples\": 3, \"diffs\": [], \"errors\": [], \"verdict\": \"ok\"}\n"}
,{"stream_name":"stdout","time":1976.281075396,"data":"{\"op\": \"mH\", \"dtype\": \"int16\", \"samples\": 3, \"diffs\": [], \"errors\": [], \"verdict\": \"ok\"}\n"}
,{"stream_name":"stdout","time":1976.281079389,"data":"{\"op\": \"mH\", \"dtype\": \"int32\", \"samples\": 3, \"diffs\": [], \"errors\": [], \"verdict\": \"ok\"}\n"}
,{"stream_name":"stdout","time":1976.281083862,"data":"{\"op\": \"mH\", \"dtype\": \"bool\", \"samples\": 3, \"diffs\": [], \"errors\": [], \"verdict\": \"ok\"}\n"}
,{"stream_name":"stdout","time":1976.281088172,"data":"{\"op\": \"tril\", \"dtype\": \"float32\", \"samples\": 3, \"diffs\": [], \"errors\": [], \"verdict\": \"ok\"}\n"}
,{"stream_name":"stdout","time":1976.28109255,"data":"{\"op\": \"tril\", \"dtype\": \"float16\", \"samples\": 3, \"diffs\": [], \"errors\": [], \"verdict\": \"ok\"}\n"}
,{"stream_name":"stdout","time":1976.281096418,"data":"{\"op\": \"tril\", \"dtype\": \"bfloat16\", \"samples\": 3, \"diffs\": [], \"errors\": [], \"verdict\": \"ok\"}\n"}
,{"stream_name":"stdout","time":1976.281100574,"data":"{\"op\": \"tril\", \"dtype\": \"int8\", \"samples\": 3, \"diffs\": [], \"errors\": [], \"verdict\": \"ok\"}\n"}
,{"stream_name":"stdout","time":1976.281104667,"data":"{\"op\": \"tril\", \"dtype\": \"uint8\", \"samples\": 3, \"diffs\": [], \"errors\": [], \"verdict\": \"ok\"}\n"}
,{"stream_name":"stdout","time":1976.281109155,"data":"{\"op\": \"tril\", \"dtype\": \"int16\", \"samples\": 3, \"diffs\": [], \"errors\": [], \"verdict\": \"ok\"}\n"}
,{"stream_name":"stdout","time":1976.281113323,"data":"{\"op\": \"tril\", \"dtype\": \"int32\", \"samples\": 3, \"diffs\": [], \"errors\": [], \"verdict\": \"ok\"}\n"}
,{"stream_name":"stdout","time":1976.28111759,"data":"{\"op\": \"tril\", \"dtype\": \"bool\", \"samples\": 3, \"diffs\": [], \"errors\": [], \"verdict\": \"ok\"}\n"}
,{"stream_name":"stdout","time":1976.281121595,"data":"{\"op\": \"triu\", \"dtype\": \"float32\", \"samples\": 3, \"diffs\": [], \"errors\": [], \"verdict\": \"ok\"}\n"}
,{"stream_name":"stdout","time":1976.281125705,"data":"{\"op\": \"triu\", \"dtype\": \"float16\", \"samples\": 3, \"diffs\": [], \"errors\": [], \"verdict\": \"ok\"}\n"}
,{"stream_name":"stdout","time":1976.281129921,"data":"{\"op\": \"triu\", \"dtype\": \"bfloat16\", \"samples\": 3, \"diffs\": [], \"errors\": [], \"verdict\": \"ok\"}\n"}
,{"stream_name":"stdout","time":1976.281134164,"data":"{\"op\": \"triu\", \"dtype\": \"int8\", \"samples\": 3, \"diffs\": [], \"errors\": [], \"verdict\": \"ok\"}\n"}
,{"stream_name":"stdout","time":1976.28113793,"data":"{\"op\": \"triu\", \"dtype\": \"uint8\", \"samples\": 3, \"diffs\": [], \"errors\": [], \"verdict\": \"ok\"}\n"}
,{"stream_name":"stdout","time":1976.281141937,"data":"{\"op\": \"triu\", \"dtype\": \"int16\", \"samples\": 3, \"diffs\": [], \"errors\": [], \"verdict\": \"ok\"}\n"}
,{"stream_name":"stdout","time":1976.281146085,"data":"{\"op\": \"triu\", \"dtype\": \"int32\", \"samples\": 3, \"diffs\": [], \"errors\": [], \"verdict\": \"ok\"}\n"}
,{"stream_name":"stdout","time":1976.28115029,"data":"{\"op\": \"triu\", \"dtype\": \"bool\", \"samples\": 3, \"diffs\": [], \"errors\": [], \"verdict\": \"ok\"}\n"}
,{"stream_name":"stdout","time":1976.281154224,"data":"{\"op\": \"triu_indices\", \"dtype\": \"int32\", \"samples\": 3, \"diffs\": [], \"errors\": [], \"verdict\": \"ok\"}\n"}
,{"stream_name":"stdout","time":1976.281159567,"data":"{\"op\": \"tril_indices\", \"dtype\": \"int32\", \"samples\": 3, \"diffs\": [], \"errors\": [], \"verdict\": \"ok\"}\n"}
,{"stream_name":"stdout","time":1976.281163879,"data":"{\"op\": \"kron\", \"dtype\": \"float32\", \"samples\": 1, \"diffs\": [], \"errors\": [], \"verdict\": \"ok\"}\n"}
,{"stream_name":"stdout","time":1976.281171459,"data":"{\"op\": \"kron\", \"dtype\": \"float16\", \"samples\": 1, \"diffs\": [], \"errors\": [], \"verdict\": \"ok\"}\n"}
,{"stream_name":"stdout","time":1976.281175176,"data":"{\"op\": \"kron\", \"dtype\": \"bfloat16\", \"samples\": 1, \"diffs\": [], \"errors\": [], \"verdict\": \"ok\"}\n"}
,{"stream_name":"stdout","time":1976.281180495,"data":"{\"op\": \"kron\", \"dtype\": \"int8\", \"samples\": 1, \"diffs\": [], \"errors\": [], \"verdict\": \"ok\"}\n"}
,{"stream_name":"stdout","time":1976.281184625,"data":"{\"op\": \"kron\", \"dtype\": \"uint8\", \"samples\": 1, \"diffs\": [], \"errors\": [], \"verdict\": \"ok\"}\n"}
,{"stream_name":"stdout","time":1976.281188344,"data":"{\"op\": \"kron\", \"dtype\": \"int16\", \"samples\": 1, \"diffs\": [], \"errors\": [], \"verdict\": \"ok\"}\n"}
,{"stream_name":"stdout","time":1976.281192648,"data":"{\"op\": \"kron\", \"dtype\": \"int32\", \"samples\": 1, \"diffs\": [], \"errors\": [], \"verdict\": \"ok\"}\n"}
,{"stream_name":"stdout","time":1976.281196746,"data":"{\"op\": \"kron\", \"dtype\": \"bool\", \"samples\": 1, \"diffs\": [], \"errors\": [], \"verdict\": \"ok\"}\n"}
,{"stream_name":"stdout","time":1976.281200851,"data":"{\"op\": \"inner\", \"dtype\": \"float32\", \"samples\": 2, \"diffs\": [], \"errors\": [], \"verdict\": \"ok\"}\n"}
,{"stream_name":"stdout","time":1976.281204858,"data":"{\"op\": \"inner\", \"dtype\": \"float16\", \"samples\": 2, \"diffs\": [], \"errors\": [], \"verdict\": \"ok\"}\n"}
,{"stream_name":"stdout","time":1976.28120895,"data":"{\"op\": \"inner\", \"dtype\": \"bfloat16\", \"samples\": 2, \"diffs\": [], \"errors\": [], \"verdict\": \"ok\"}\n"}
,{"stream_name":"stdout","time":1976.28121319,"data":"{\"op\": \"tensordot\", \"dtype\": \"float32\", \"samples\": 3, \"diffs\": [], \"errors\": [], \"verdict\": \"ok\"}\n"}
,{"stream_name":"stdout","time":1976.281217258,"data":"{\"op\": \"tensordot\", \"dtype\": \"float16\", \"samples\": 3, \"diffs\": [], \"errors\": [], \"verdict\": \"ok\"}\n"}
,{"stream_name":"stdout","time":1976.281221355,"data":"{\"op\": \"tensordot\", \"dtype\": \"bfloat16\", \"samples\": 3, \"diffs\": [], \"errors\": [], \"verdict\": \"ok\"}\n"}
,{"stream_name":"stdout","time":1976.281225526,"data":"{\"op\": \"to_sparse\", \"dtype\": \"float32\", \"verdict\": \"TOOL_ERROR\", \"diffs\": [], \"errors\": [\"aten/src/ATen/functorch/DynamicLayer.cpp:475 [backend fallback]\\nPreDispatch: registered at /__w/pytorch/pytorch/aten/src/ATen/core/PythonFallbackKernel.cpp:204 [backend fallback]\\nPythonDispatcher: registered at /__w/pytorch/pytorch/aten/src/ATen/core/PythonFallbackKernel.cpp:196 [backend fallback]\\n\\n\"]}\n"}
,{"stream_name":"stdout","time":1976.28125669,"data":"{\"op\": \"to_sparse\", \"dtype\": \"float16\", \"verdict\": \"TOOL_ERROR\", \"diffs\": [], \"errors\": [\"aten/src/ATen/functorch/DynamicLayer.cpp:475 [backend fallback]\\nPreDispatch: registered at /__w/pytorch/pytorch/aten/src/ATen/core/PythonFallbackKernel.cpp:204 [backend fallback]\\nPythonDispatcher: registered at /__w/pytorch/pytorch/aten/src/ATen/core/PythonFallbackKernel.cpp:196 [backend fallback]\\n\\n\"]}\n"}
,{"stream_name":"stdout","time":1976.281262233,"data":"{\"op\": \"to_sparse\", \"dtype\": \"bfloat16\", \"verdict\": \"TOOL_ERROR\", \"diffs\": [], \"errors\": [\"aten/src/ATen/functorch/DynamicLayer.cpp:475 [backend fallback]\\nPreDispatch: registered at /__w/pytorch/pytorch/aten/src/ATen/core/PythonFallbackKernel.cpp:204 [backend fallback]\\nPythonDispatcher: registered at /__w/pytorch/pytorch/aten/src/ATen/core/PythonFallbackKernel.cpp:196 [backend fallback]\\n\\n\"]}\n"}
,{"stream_name":"stdout","time":1976.281268119,"data":"{\"op\": \"to_sparse\", \"dtype\": \"int8\", \"verdict\": \"TOOL_ERROR\", \"diffs\": [], \"errors\": [\"aten/src/ATen/functorch/DynamicLayer.cpp:475 [backend fallback]\\nPreDispatch: registered at /__w/pytorch/pytorch/aten/src/ATen/core/PythonFallbackKernel.cpp:204 [backend fallback]\\nPythonDispatcher: registered at /__w/pytorch/pytorch/aten/src/ATen/core/PythonFallbackKernel.cpp:196 [backend fallback]\\n\\n\"]}\n"}
,{"stream_name":"stdout","time":1976.281277459,"data":"{\"op\": \"to_sparse\", \"dtype\": \"uint8\", \"verdict\": \"TOOL_ERROR\", \"diffs\": [], \"errors\": [\"aten/src/ATen/functorch/DynamicLayer.cpp:475 [backend fallback]\\nPreDispatch: registered at /__w/pytorch/pytorch/aten/src/ATen/core/PythonFallbackKernel.cpp:204 [backend fallback]\\nPythonDispatcher: registered at /__w/pytorch/pytorch/aten/src/ATen/core/PythonFallbackKernel.cpp:196 [backend fallback]\\n\\n\"]}\n"}
,{"stream_name":"stdout","time":1976.281283083,"data":"{\"op\": \"to_sparse\", \"dtype\": \"int16\", \"verdict\": \"TOOL_ERROR\", \"diffs\": [], \"errors\": [\"aten/src/ATen/functorch/DynamicLayer.cpp:475 [backend fallback]\\nPreDispatch: registered at /__w/pytorch/pytorch/aten/src/ATen/core/PythonFallbackKernel.cpp:204 [backend fallback]\\nPythonDispatcher: registered at /__w/pytorch/pytorch/aten/src/ATen/core/PythonFallbackKernel.cpp:196 [backend fallback]\\n\\n\"]}\n"}
,{"stream_name":"stdout","time":1976.281289132,"data":"{\"op\": \"to_sparse\", \"dtype\": \"int32\", \"verdict\": \"TOOL_ERROR\", \"diffs\": [], \"errors\": [\"aten/src/ATen/functorch/DynamicLayer.cpp:475 [backend fallback]\\nPreDispatch: registered at /__w/pytorch/pytorch/aten/src/ATen/core/PythonFallbackKernel.cpp:204 [backend fallback]\\nPythonDispatcher: registered at /__w/pytorch/pytorch/aten/src/ATen/core/PythonFallbackKernel.cpp:196 [backend fallback]\\n\\n\"]}\n"}
,{"stream_name":"stdout","time":1976.281294717,"data":"{\"op\": \"to_sparse\", \"dtype\": \"bool\", \"verdict\": \"TOOL_ERROR\", \"diffs\": [], \"errors\": [\"aten/src/ATen/functorch/DynamicLayer.cpp:475 [backend fallback]\\nPreDispatch: registered at /__w/pytorch/pytorch/aten/src/ATen/core/PythonFallbackKernel.cpp:204 [backend fallback]\\nPythonDispatcher: registered at /__w/pytorch/pytorch/aten/src/ATen/core/PythonFallbackKernel.cpp:196 [backend fallback]\\n\\n\"]}\n"}
,{"stream_name":"stdout","time":1976.28130024,"data":"{\"op\": \"logcumsumexp\", \"dtype\": \"float32\", \"samples\": 3, \"diffs\": [{\"i\": 0, \"class\": \"SIGNZERO\", \"detail\": \"sign of zero\", \"repr\": \"SampleInput(input=tensor([[[ 1.0000e+04,  1.0000e+04,  1.0000e+04,  1.0000e+04,  1.0000e+04],\\n         [ 1.0000e+04,  1.0000e+04,  1.0000e+04,  1.0000e+04,  1.0000e+04],\\n         [ 1.0000e+04,  1.0000e+04,  1.0000e+04,  1.0000e+04,  1.0000e+04],\\n         [ 1.0000e+04,  1.0000e+04,  1.0000e+04,  1.00\"}, {\"i\": 1, \"class\": \"SIGNZERO\", \"detail\": \"sign of zero\", \"repr\": \"SampleInput(input=tensor([[[ 1.0000e+04,  1.0000e+04,  1.0000e+04,  1.0000e+04,  1.0000e+04],\\n         [ 1.0000e+04,  1.0000e+04,  1.0000e+04,  1.0000e+04,  1.0000e+04],\\n         [ 1.0000e+04,  1.0000e+04,  1.0000e+04,  1.0000e+04,  1.0000e+04],\\n         [ 1.0000e+04,  1.0000e+04,  1.0000e+04,  1.00\"}], \"errors\": [], \"verdict\": \"DIFF:SIGNZERO\"}\n"}
,{"stream_name":"stdout","time":1976.281308938,"data":"{\"op\": \"logcumsumexp\", \"dtype\": \"float16\", \"samples\": 3, \"diffs\": [{\"i\": 0, \"class\": \"SIGNZERO\", \"detail\": \"sign of zero\", \"repr\": \"SampleInput(input=tensor([[[ 1.0000e+04,  1.0000e+04,  1.0000e+04,  1.0000e+04,  1.0000e+04],\\n         [ 1.0000e+04,  1.0000e+04,  1.0000e+04,  1.0000e+04,  1.0000e+04],\\n         [ 1.0000e+04,  1.0000e+04,  1.0000e+04,  1.0000e+04,  1.0000e+04],\\n         [ 1.0000e+04,  1.0000e+04,  1.0000e+04,  1.00\"}, {\"i\": 1, \"class\": \"SIGNZERO\", \"detail\": \"sign of zero\", \"repr\": \"SampleInput(input=tensor([[[ 1.0000e+04,  1.0000e+04,  1.0000e+04,  1.0000e+04,  1.0000e+04],\\n         [ 1.0000e+04,  1.0000e+04,  1.0000e+04,  1.0000e+04,  1.0000e+04],\\n         [ 1.0000e+04,  1.0000e+04,  1.0000e+04,  1.0000e+04,  1.0000e+04],\\n         [ 1.0000e+04,  1.0000e+04,  1.0000e+04,  1.00\"}], \"errors\": [], \"verdict\": \"DIFF:SIGNZERO\"}\n"}
,{"stream_name":"stdout","time":1976.281325895,"data":"{\"op\": \"logcumsumexp\", \"dtype\": \"bfloat16\", \"samples\": 3, \"diffs\": [], \"errors\": [], \"verdict\": \"ok\"}\n"}
,{"stream_name":"stdout","time":1976.281330692,"data":"{\"op\": \"sigmoid\", \"dtype\": \"float32\", \"samples\": 3, \"diffs\": [], \"errors\": [], \"verdict\": \"ok\"}\n"}
,{"stream_name":"stdout","time":1976.2813355,"data":"{\"op\": \"sigmoid\", \"dtype\": \"float16\", \"samples\": 3, \"diffs\": [], \"errors\": [], \"verdict\": \"ok\"}\n"}
,{"stream_name":"stdout","time":1976.28133957,"data":"{\"op\": \"sigmoid\", \"dtype\": \"bfloat16\", \"samples\": 3, \"diffs\": [], \"errors\": [], \"verdict\": \"ok\"}\n"}
,{"stream_name":"stdout","time":1976.281344062,"data":"{\"op\": \"sigmoid\", \"dtype\": \"int8\", \"samples\": 3, \"diffs\": [], \"errors\": [], \"verdict\": \"ok\"}\n"}
,{"stream_name":"stdout","time":1976.281348548,"data":"{\"op\": \"sigmoid\", \"dtype\": \"uint8\", \"samples\": 3, \"diffs\": [], \"errors\": [], \"verdict\": \"ok\"}\n"}
,{"stream_name":"stdout","time":1976.281352918,"data":"{\"op\": \"sigmoid\", \"dtype\": \"int16\", \"samples\": 3, \"diffs\": [], \"errors\": [], \"verdict\": \"ok\"}\n"}
,{"stream_name":"stdout","time":1976.281357148,"data":"{\"op\": \"sigmoid\", \"dtype\": \"int32\", \"samples\": 3, \"diffs\": [], \"errors\": [], \"verdict\": \"ok\"}\n"}
,{"stream_name":"stdout","time":1976.28136146,"data":"{\"op\": \"sigmoid\", \"dtype\": \"bool\", \"samples\": 3, \"diffs\": [], \"errors\": [], \"verdict\": \"ok\"}\n"}
,{"stream_name":"stdout","time":1976.281365876,"data":"{\"op\": \"digamma\", \"dtype\": \"float32\", \"samples\": 3, \"diffs\": [], \"errors\": [], \"verdict\": \"ok\"}\n"}
,{"stream_name":"stdout","time":1976.281370279,"data":"{\"op\": \"digamma\", \"dtype\": \"float16\", \"samples\": 3, \"diffs\": [], \"errors\": [], \"verdict\": \"ok\"}\n"}
,{"stream_name":"stdout","time":1976.281374693,"data":"{\"op\": \"digamma\", \"dtype\": \"bfloat16\", \"samples\": 3, \"diffs\": [], \"errors\": [], \"verdict\": \"ok\"}\n"}
,{"stream_name":"stdout","time":1976.28137911,"data":"{\"op\": \"digamma\", \"dtype\": \"int8\", \"samples\": 3, \"diffs\": [], \"errors\": [], \"verdict\": \"ok\"}\n"}
,{"stream_name":"stdout","time":1976.281384386,"data":"{\"op\": \"digamma\", \"dtype\": \"uint8\", \"samples\": 3, \"diffs\": [], \"errors\": [], \"verdict\": \"ok\"}\n"}
,{"stream_name":"stdout","time":1976.281388832,"data":"{\"op\": \"digamma\", \"dtype\": \"int16\", \"samples\": 3, \"diffs\": [], \"errors\": [], \"verdict\": \"ok\"}\n"}
,{"stream_name":"stdout","time":1976.281393211,"data":"{\"op\": \"digamma\", \"dtype\": \"int32\", \"samples\": 3, \"diffs\": [], \"errors\": [], \"verdict\": \"ok\"}\n"}
,{"stream_name":"stdout","time":1976.281397486,"data":"{\"op\": \"digamma\", \"dtype\": \"bool\", \"samples\": 3, \"diffs\": [], \"errors\": [], \"verdict\": \"ok\"}\n"}
,{"stream_name":"stdout","time":1976.28140192,"data":"{\"op\": \"erf\", \"dtype\": \"float32\", \"samples\": 1, \"diffs\": [], \"errors\": [], \"verdict\": \"ok\"}\n"}
,{"stream_name":"stdout","time":1976.281406565,"data":"{\"op\": \"erf\", \"dtype\": \"float16\", \"samples\": 1, \"diffs\": [], \"errors\": [], \"verdict\": \"ok\"}\n"}
,{"stream_name":"stdout","time":1976.28141099,"data":"{\"op\": \"erf\", \"dtype\": \"bfloat16\", \"samples\": 1, \"diffs\": [], \"errors\": [], \"verdict\": \"ok\"}\n"}
,{"stream_name":"stdout","time":1976.281416004,"data":"{\"op\": \"erf\", \"dtype\": \"int8\", \"samples\": 1, \"diffs\": [], \"errors\": [], \"verdict\": \"ok\"}\n"}
,{"stream_name":"stdout","time":1976.281420511,"data":"{\"op\": \"erf\", \"dtype\": \"uint8\", \"samples\": 1, \"diffs\": [], \"errors\": [], \"verdict\": \"ok\"}\n"}
,{"stream_name":"stdout","time":1976.281428094,"data":"{\"op\": \"erf\", \"dtype\": \"int16\", \"samples\": 1, \"diffs\": [], \"errors\": [], \"verdict\": \"ok\"}\n"}
,{"stream_name":"stdout","time":1976.281432566,"data":"{\"op\": \"erf\", \"dtype\": \"int32\", \"samples\": 1, \"diffs\": [], \"errors\": [], \"verdict\": \"ok\"}\n"}
,{"stream_name":"stdout","time":1976.281436881,"data":"{\"op\": \"erf\", \"dtype\": \"bool\", \"samples\": 1, \"diffs\": [], \"errors\": [], \"verdict\": \"ok\"}\n"}
,{"stream_name":"stdout","time":1976.281441361,"data":"{\"op\": \"erfc\", \"dtype\": \"float32\", \"samples\": 3, \"diffs\": [], \"errors\": [], \"verdict\": \"ok\"}\n"}
,{"stream_name":"stdout","time":1976.281445601,"data":"{\"op\": \"erfc\", \"dtype\": \"float16\", \"samples\": 3, \"diffs\": [], \"errors\": [], \"verdict\": \"ok\"}\n"}
,{"stream_name":"stdout","time":1976.281449648,"data":"{\"op\": \"erfc\", \"dtype\": \"bfloat16\", \"samples\": 3, \"diffs\": [], \"errors\": [], \"verdict\": \"ok\"}\n"}
,{"stream_name":"stdout","time":1976.281453797,"data":"{\"op\": \"erfc\", \"dtype\": \"int8\", \"samples\": 3, \"diffs\": [], \"errors\": [], \"verdict\": \"ok\"}\n"}
,{"stream_name":"stdout","time":1976.281458015,"data":"{\"op\": \"erfc\", \"dtype\": \"uint8\", \"samples\": 3, \"diffs\": [], \"errors\": [], \"verdict\": \"ok\"}\n"}
,{"stream_name":"stdout","time":1976.281462166,"data":"{\"op\": \"erfc\", \"dtype\": \"int16\", \"samples\": 3, \"diffs\": [], \"errors\": [], \"verdict\": \"ok\"}\n"}
,{"stream_name":"stdout","time":1976.281466432,"data":"{\"op\": \"erfc\", \"dtype\": \"int32\", \"samples\": 3, \"diffs\": [], \"errors\": [], \"verdict\": \"ok\"}\n"}
,{"stream_name":"stdout","time":1976.281470819,"data":"{\"op\": \"erfc\", \"dtype\": \"bool\", \"samples\": 3, \"diffs\": [], \"errors\": [], \"verdict\": \"ok\"}\n"}
,{"stream_name":"stdout","time":1976.281474716,"data":"{\"op\": \"erfinv\", \"dtype\": \"float32\", \"samples\": 1, \"diffs\": [], \"errors\": [], \"verdict\": \"ok\"}\n"}
,{"stream_name":"stdout","time":1976.281478914,"data":"{\"op\": \"erfinv\", \"dtype\": \"float16\", \"samples\": 1, \"diffs\": [], \"errors\": [], \"verdict\": \"ok\"}\n"}
,{"stream_name":"stdout","time":1976.2814832,"data":"{\"op\": \"erfinv\", \"dtype\": \"bfloat16\", \"samples\": 1, \"diffs\": [], \"errors\": [], \"verdict\": \"ok\"}\n"}
,{"stream_name":"stdout","time":1976.281487484,"data":"{\"op\": \"erfinv\", \"dtype\": \"int8\", \"samples\": 1, \"diffs\": [], \"errors\": [], \"verdict\": \"ok\"}\n"}
,{"stream_name":"stdout","time":1976.281491382,"data":"{\"op\": \"erfinv\", \"dtype\": \"uint8\", \"samples\": 1, \"diffs\": [], \"errors\": [], \"verdict\": \"ok\"}\n"}
,{"stream_name":"stdout","time":1976.281495584,"data":"{\"op\": \"erfinv\", \"dtype\": \"int16\", \"samples\": 1, \"diffs\": [], \"errors\": [], \"verdict\": \"ok\"}\n"}
,{"stream_name":"stdout","time":1976.281499985,"data":"{\"op\": \"erfinv\", \"dtype\": \"int32\", \"samples\": 1, \"diffs\": [], \"errors\": [], \"verdict\": \"ok\"}\n"}
,{"stream_name":"stdout","time":1976.281504349,"data":"{\"op\": \"erfinv\", \"dtype\": \"bool\", \"samples\": 1, \"diffs\": [], \"errors\": [], \"verdict\": \"ok\"}\n"}
,{"stream_name":"stdout","time":1976.281508583,"data":"{\"op\": \"nn.functional.smooth_l1_loss\", \"dtype\": \"float32\", \"samples\": 3, \"diffs\": [], \"errors\": [], \"verdict\": \"ok\"}\n"}
,{"stream_name":"stdout","time":1976.281513822,"data":"{\"op\": \"nn.functional.smooth_l1_loss\", \"dtype\": \"float16\", \"samples\": 3, \"diffs\": [], \"errors\": [], \"verdict\": \"ok\"}\n"}
,{"stream_name":"stdout","time":1976.28151876,"data":"{\"op\": \"nn.functional.smooth_l1_loss\", \"dtype\": \"bfloat16\", \"samples\": 3, \"diffs\": [], \"errors\": [], \"verdict\": \"ok\"}\n"}
,{"stream_name":"stdout","time":1976.281527369,"data":"{\"op\": \"nn.functional.l1_loss\", \"dtype\": \"float32\", \"samples\": 3, \"diffs\": [], \"errors\": [], \"verdict\": \"ok\"}\n"}
,{"stream_name":"stdout","time":1976.281531748,"data":"{\"op\": \"nn.functional.l1_loss\", \"dtype\": \"float16\", \"samples\": 3, \"diffs\": [], \"errors\": [], \"verdict\": \"ok\"}\n"}
,{"stream_name":"stdout","time":1976.281536105,"data":"{\"op\": \"nn.functional.l1_loss\", \"dtype\": \"bfloat16\", \"samples\": 3, \"diffs\": [], \"errors\": [], \"verdict\": \"ok\"}\n"}
,{"stream_name":"stdout","time":1976.281540382,"data":"{\"op\": \"lgamma\", \"dtype\": \"float32\", \"samples\": 3, \"diffs\": [], \"errors\": [], \"verdict\": \"ok\"}\n"}
,{"stream_name":"stdout","time":1976.281544545,"data":"{\"op\": \"lgamma\", \"dtype\": \"float16\", \"samples\": 3, \"diffs\": [], \"errors\": [], \"verdict\": \"ok\"}\n"}
,{"stream_name":"stdout","time":1976.281548814,"data":"{\"op\": \"lgamma\", \"dtype\": \"bfloat16\", \"samples\": 3, \"diffs\": [], \"errors\": [], \"verdict\": \"ok\"}\n"}
,{"stream_name":"stdout","time":1976.281552986,"data":"{\"op\": \"lgamma\", \"dtype\": \"int8\", \"samples\": 3, \"diffs\": [], \"errors\": [], \"verdict\": \"ok\"}\n"}
,{"stream_name":"stdout","time":1976.28155728,"data":"{\"op\": \"lgamma\", \"dtype\": \"uint8\", \"samples\": 3, \"diffs\": [], \"errors\": [], \"verdict\": \"ok\"}\n"}
,{"stream_name":"stdout","time":1976.281561539,"data":"{\"op\": \"lgamma\", \"dtype\": \"int16\", \"samples\": 3, \"diffs\": [], \"errors\": [], \"verdict\": \"ok\"}\n"}
,{"stream_name":"stdout","time":1976.28156567,"data":"{\"op\": \"lgamma\", \"dtype\": \"int32\", \"samples\": 3, \"diffs\": [], \"errors\": [], \"verdict\": \"ok\"}\n"}
,{"stream_name":"stdout","time":1976.281569843,"data":"{\"op\": \"lgamma\", \"dtype\": \"bool\", \"samples\": 3, \"diffs\": [], \"errors\": [], \"verdict\": \"ok\"}\n"}
,{"stream_name":"stdout","time":1976.281573988,"data":"{\"op\": \"log_softmax\", \"dtype\": \"float32\", \"samples\": 3, \"diffs\": [], \"errors\": [], \"verdict\": \"ok\"}\n"}
,{"stream_name":"stdout","time":1976.281578056,"data":"{\"op\": \"log_softmax\", \"dtype\": \"float16\", \"samples\": 3, \"diffs\": [], \"errors\": [], \"verdict\": \"ok\"}\n"}
,{"stream_name":"stdout","time":1976.281582232,"data":"{\"op\": \"log_softmax\", \"dtype\": \"bfloat16\", \"samples\": 3, \"diffs\": [], \"errors\": [], \"verdict\": \"ok\"}\n"}
,{"stream_name":"stdout","time":1976.281586806,"data":"{\"op\": \"log_softmax\", \"dtype\": \"float32\", \"samples\": 3, \"diffs\": [], \"errors\": [], \"verdict\": \"ok\"}\n"}
,{"stream_name":"stdout","time":1976.281602686,"data":"{\"op\": \"log_softmax\", \"dtype\": \"float16\", \"samples\": 3, \"diffs\": [], \"errors\": [], \"verdict\": \"ok\"}\n"}
,{"stream_name":"stdout","time":1976.281606722,"data":"{\"op\": \"log_softmax\", \"dtype\": \"bfloat16\", \"samples\": 3, \"diffs\": [], \"errors\": [], \"verdict\": \"ok\"}\n"}
,{"stream_name":"stdout","time":1976.281610906,"data":"{\"op\": \"log_softmax\", \"dtype\": \"int8\", \"samples\": 3, \"diffs\": [], \"errors\": [], \"verdict\": \"ok\"}\n"}
,{"stream_name":"stdout","time":1976.281614866,"data":"{\"op\": \"log_softmax\", \"dtype\": \"uint8\", \"samples\": 3, \"diffs\": [], \"errors\": [], \"verdict\": \"ok\"}\n"}
,{"stream_name":"stdout","time":1976.281619438,"data":"{\"op\": \"log_softmax\", \"dtype\": \"int16\", \"samples\": 3, \"diffs\": [], \"errors\": [], \"verdict\": \"ok\"}\n"}
,{"stream_name":"stdout","time":1976.281623358,"data":"{\"op\": \"log_softmax\", \"dtype\": \"int32\", \"samples\": 3, \"diffs\": [], \"errors\": [], \"verdict\": \"ok\"}\n"}
,{"stream_name":"stdout","time":1976.281627308,"data":"{\"op\": \"log_softmax\", \"dtype\": \"bool\", \"samples\": 3, \"diffs\": [], \"errors\": [], \"verdict\": \"ok\"}\n"}
,{"stream_name":"stdout","time":1976.281634998,"data":"{\"op\": \"logit\", \"dtype\": \"float32\", \"samples\": 3, \"diffs\": [], \"errors\": [], \"verdict\": \"ok\"}\n"}
,{"stream_name":"stdout","time":1976.281639167,"data":"{\"op\": \"logit\", \"dtype\": \"float16\", \"samples\": 3, \"diffs\": [], \"errors\": [], \"verdict\": \"ok\"}\n"}
,{"stream_name":"stdout","time":1976.281643155,"data":"{\"op\": \"logit\", \"dtype\": \"bfloat16\", \"samples\": 3, \"diffs\": [], \"errors\": [], \"verdict\": \"ok\"}\n"}
,{"stream_name":"stdout","time":1976.281647038,"data":"{\"op\": \"logit\", \"dtype\": \"int8\", \"samples\": 3, \"diffs\": [], \"errors\": [], \"verdict\": \"ok\"}\n"}
,{"stream_name":"stdout","time":1976.28165087,"data":"{\"op\": \"logit\", \"dtype\": \"uint8\", \"samples\": 3, \"diffs\": [], \"errors\": [], \"verdict\": \"ok\"}\n"}
,{"stream_name":"stdout","time":1976.28165497,"data":"{\"op\": \"logit\", \"dtype\": \"int16\", \"samples\": 3, \"diffs\": [], \"errors\": [], \"verdict\": \"ok\"}\n"}
,{"stream_name":"stdout","time":1976.281659119,"data":"{\"op\": \"logit\", \"dtype\": \"int32\", \"samples\": 3, \"diffs\": [], \"errors\": [], \"verdict\": \"ok\"}\n"}
,{"stream_name":"stdout","time":1976.281663043,"data":"{\"op\": \"logit\", \"dtype\": \"bool\", \"samples\": 3, \"diffs\": [], \"errors\": [], \"verdict\": \"ok\"}\n"}
,{"stream_name":"stdout","time":1976.281667017,"data":"{\"op\": \"where\", \"dtype\": \"float32\", \"samples\": 3, \"diffs\": [], \"errors\": [], \"verdict\": \"ok\"}\n"}
,{"stream_name":"stdout","time":1976.281671091,"data":"{\"op\": \"where\", \"dtype\": \"float16\", \"samples\": 3, \"diffs\": [], \"errors\": [], \"verdict\": \"ok\"}\n"}
,{"stream_name":"stdout","time":1976.281674956,"data":"{\"op\": \"where\", \"dtype\": \"bfloat16\", \"samples\": 3, \"diffs\": [], \"errors\": [], \"verdict\": \"ok\"}\n"}
,{"stream_name":"stdout","time":1976.281678864,"data":"{\"op\": \"where\", \"dtype\": \"int8\", \"samples\": 3, \"diffs\": [], \"errors\": [], \"verdict\": \"ok\"}\n"}
,{"stream_name":"stdout","time":1976.281682639,"data":"{\"op\": \"where\", \"dtype\": \"uint8\", \"samples\": 3, \"diffs\": [], \"errors\": [], \"verdict\": \"ok\"}\n"}
,{"stream_name":"stdout","time":1976.281686528,"data":"{\"op\": \"where\", \"dtype\": \"int16\", \"samples\": 3, \"diffs\": [], \"errors\": [], \"verdict\": \"ok\"}\n"}
,{"stream_name":"stdout","time":1976.281690449,"data":"{\"op\": \"where\", \"dtype\": \"int32\", \"samples\": 3, \"diffs\": [], \"errors\": [], \"verdict\": \"ok\"}\n"}
,{"stream_name":"stdout","time":1976.281694406,"data":"{\"op\": \"where\", \"dtype\": \"bool\", \"samples\": 3, \"diffs\": [], \"errors\": [], \"verdict\": \"ok\"}\n"}
,{"stream_name":"stdout","time":1976.281698414,"data":"{\"op\": \"jiterator_unary\", \"dtype\": \"float32\", \"samples\": 3, \"diffs\": [], \"errors\": [], \"verdict\": \"ok\"}\n"}
,{"stream_name":"stdout","time":1976.281702515,"data":"{\"op\": \"jiterator_unary\", \"dtype\": \"float16\", \"samples\": 3, \"diffs\": [], \"errors\": [], \"verdict\": \"ok\"}\n"}
,{"stream_name":"stdout","time":1976.281707014,"data":"{\"op\": \"jiterator_unary\", \"dtype\": \"bfloat16\", \"samples\": 3, \"diffs\": [], \"errors\": [], \"verdict\": \"ok\"}\n"}
,{"stream_name":"stdout","time":1976.281711117,"data":"{\"op\": \"jiterator_unary\", \"dtype\": \"int8\", \"samples\": 3, \"diffs\": [], \"errors\": [], \"verdict\": \"ok\"}\n"}
,{"stream_name":"stdout","time":1976.281715037,"data":"{\"op\": \"jiterator_unary\", \"dtype\": \"uint8\", \"samples\": 3, \"diffs\": [], \"errors\": [], \"verdict\": \"ok\"}\n"}
,{"stream_name":"stdout","time":1976.281719114,"data":"{\"op\": \"jiterator_unary\", \"dtype\": \"int16\", \"samples\": 3, \"diffs\": [], \"errors\": [], \"verdict\": \"ok\"}\n"}
,{"stream_name":"stdout","time":1976.281723266,"data":"{\"op\": \"jiterator_unary\", \"dtype\": \"int32\", \"samples\": 3, \"diffs\": [], \"errors\": [], \"verdict\": \"ok\"}\n"}
,{"stream_name":"stdout","time":1976.281731461,"data":"{\"op\": \"jiterator_unary\", \"dtype\": \"bool\", \"samples\": 3, \"diffs\": [], \"errors\": [], \"verdict\": \"ok\"}\n"}
,{"stream_name":"stdout","time":1976.281735618,"data":"{\"op\": \"jiterator_binary\", \"dtype\": \"float32\", \"samples\": 3, \"diffs\": [], \"errors\": [], \"verdict\": \"ok\"}\n"}
,{"stream_name":"stdout","time":1976.281739743,"data":"{\"op\": \"jiterator_binary\", \"dtype\": \"float16\", \"samples\": 3, \"diffs\": [], \"errors\": [], \"verdict\": \"ok\"}\n"}
,{"stream_name":"stdout","time":1976.281743819,"data":"{\"op\": \"jiterator_binary\", \"dtype\": \"bfloat16\", \"samples\": 3, \"diffs\": [], \"errors\": [], \"verdict\": \"ok\"}\n"}
,{"stream_name":"stdout","time":1976.281747859,"data":"{\"op\": \"jiterator_binary\", \"dtype\": \"int8\", \"samples\": 3, \"diffs\": [], \"errors\": [], \"verdict\": \"ok\"}\n"}
,{"stream_name":"stdout","time":1976.281751571,"data":"{\"op\": \"jiterator_binary\", \"dtype\": \"uint8\", \"samples\": 3, \"diffs\": [], \"errors\": [], \"verdict\": \"ok\"}\n"}
,{"stream_name":"stdout","time":1976.281755607,"data":"{\"op\": \"jiterator_binary\", \"dtype\": \"int16\", \"samples\": 3, \"diffs\": [], \"errors\": [], \"verdict\": \"ok\"}\n"}
,{"stream_name":"stdout","time":1976.28175962,"data":"{\"op\": \"jiterator_binary\", \"dtype\": \"int32\", \"samples\": 3, \"diffs\": [], \"errors\": [], \"verdict\": \"ok\"}\n"}
,{"stream_name":"stdout","time":1976.28176863,"data":"{\"op\": \"jiterator_binary\", \"dtype\": \"bool\", \"samples\": 3, \"diffs\": [], \"errors\": [], \"verdict\": \"ok\"}\n"}
,{"stream_name":"stdout","time":1976.281772666,"data":"{\"op\": \"jiterator_4inputs_with_extra_args\", \"dtype\": \"float32\", \"samples\": 3, \"diffs\": [], \"errors\": [], \"verdict\": \"ok\"}\n"}
,{"stream_name":"stdout","time":1976.281776736,"data":"{\"op\": \"jiterator_4inputs_with_extra_args\", \"dtype\": \"float16\", \"samples\": 3, \"diffs\": [], \"errors\": [], \"verdict\": \"ok\"}\n"}
,{"stream_name":"stdout","time":1976.281780695,"data":"{\"op\": \"jiterator_4inputs_with_extra_args\", \"dtype\": \"bfloat16\", \"samples\": 3, \"diffs\": [], \"errors\": [], \"verdict\": \"ok\"}\n"}
,{"stream_name":"stdout","time":1976.281784703,"data":"{\"op\": \"jiterator_4inputs_with_extra_args\", \"dtype\": \"int8\", \"samples\": 3, \"diffs\": [], \"errors\": [], \"verdict\": \"ok\"}\n"}
,{"stream_name":"stdout","time":1976.281788674,"data":"{\"op\": \"jiterator_4inputs_with_extra_args\", \"dtype\": \"uint8\", \"samples\": 3, \"diffs\": [], \"errors\": [], \"verdict\": \"ok\"}\n"}
,{"stream_name":"stdout","time":1976.281793316,"data":"{\"op\": \"jiterator_4inputs_with_extra_args\", \"dtype\": \"int16\", \"samples\": 3, \"diffs\": [], \"errors\": [], \"verdict\": \"ok\"}\n"}
,{"stream_name":"stdout","time":1976.281797338,"data":"{\"op\": \"jiterator_4inputs_with_extra_args\", \"dtype\": \"int32\", \"samples\": 3, \"diffs\": [], \"errors\": [], \"verdict\": \"ok\"}\n"}
,{"stream_name":"stdout","time":1976.281801297,"data":"{\"op\": \"jiterator_4inputs_with_extra_args\", \"dtype\": \"bool\", \"samples\": 3, \"diffs\": [], \"errors\": [], \"verdict\": \"ok\"}\n"}
,{"stream_name":"stdout","time":1976.281805259,"data":"{\"op\": \"jiterator_binary_return_by_ref\", \"dtype\": \"float32\", \"samples\": 3, \"diffs\": [], \"errors\": [], \"verdict\": \"ok\"}\n"}
,{"stream_name":"stdout","time":1976.28180948,"data":"{\"op\": \"jiterator_binary_return_by_ref\", \"dtype\": \"float16\", \"samples\": 3, \"diffs\": [], \"errors\": [], \"verdict\": \"ok\"}\n"}
,{"stream_name":"stdout","time":1976.281813575,"data":"{\"op\": \"jiterator_binary_return_by_ref\", \"dtype\": \"bfloat16\", \"samples\": 3, \"diffs\": [], \"errors\": [], \"verdict\": \"ok\"}\n"}
,{"stream_name":"stdout","time":1976.281821864,"data":"{\"op\": \"jiterator_binary_return_by_ref\", \"dtype\": \"int8\", \"samples\": 3, \"diffs\": [], \"errors\": [], \"verdict\": \"ok\"}\n"}
,{"stream_name":"stdout","time":1976.281825861,"data":"{\"op\": \"jiterator_binary_return_by_ref\", \"dtype\": \"uint8\", \"samples\": 3, \"diffs\": [], \"errors\": [], \"verdict\": \"ok\"}\n"}
,{"stream_name":"stdout","time":1976.281829746,"data":"{\"op\": \"jiterator_binary_return_by_ref\", \"dtype\": \"int16\", \"samples\": 3, \"diffs\": [], \"errors\": [], \"verdict\": \"ok\"}\n"}
,{"stream_name":"stdout","time":1976.281833833,"data":"{\"op\": \"jiterator_binary_return_by_ref\", \"dtype\": \"int32\", \"samples\": 3, \"diffs\": [], \"errors\": [], \"verdict\": \"ok\"}\n"}
,{"stream_name":"stdout","time":1976.281837746,"data":"{\"op\": \"jiterator_binary_return_by_ref\", \"dtype\": \"bool\", \"samples\": 3, \"diffs\": [], \"errors\": [], \"verdict\": \"ok\"}\n"}
,{"stream_name":"stdout","time":1976.2818417,"data":"{\"op\": \"jiterator_2inputs_2outputs\", \"dtype\": \"float32\", \"samples\": 3, \"diffs\": [], \"errors\": [], \"verdict\": \"ok\"}\n"}
,{"stream_name":"stdout","time":1976.281845793,"data":"{\"op\": \"jiterator_2inputs_2outputs\", \"dtype\": \"float16\", \"samples\": 3, \"diffs\": [], \"errors\": [], \"verdict\": \"ok\"}\n"}
,{"stream_name":"stdout","time":1976.281849733,"data":"{\"op\": \"jiterator_2inputs_2outputs\", \"dtype\": \"bfloat16\", \"samples\": 3, \"diffs\": [], \"errors\": [], \"verdict\": \"ok\"}\n"}
,{"stream_name":"stdout","time":1976.281853621,"data":"{\"op\": \"jiterator_2inputs_2outputs\", \"dtype\": \"int8\", \"samples\": 3, \"diffs\": [], \"errors\": [], \"verdict\": \"ok\"}\n"}
,{"stream_name":"stdout","time":1976.281857553,"data":"{\"op\": \"jiterator_2inputs_2outputs\", \"dtype\": \"uint8\", \"samples\": 3, \"diffs\": [], \"errors\": [], \"verdict\": \"ok\"}\n"}
,{"stream_name":"stdout","time":1976.281861507,"data":"{\"op\": \"jiterator_2inputs_2outputs\", \"dtype\": \"int16\", \"samples\": 3, \"diffs\": [], \"errors\": [], \"verdict\": \"ok\"}\n"}
,{"stream_name":"stdout","time":1976.281865321,"data":"{\"op\": \"jiterator_2inputs_2outputs\", \"dtype\": \"int32\", \"samples\": 3, \"diffs\": [], \"errors\": [], \"verdict\": \"ok\"}\n"}
,{"stream_name":"stdout","time":1976.281869791,"data":"{\"op\": \"jiterator_2inputs_2outputs\", \"dtype\": \"bool\", \"samples\": 3, \"diffs\": [], \"errors\": [], \"verdict\": \"ok\"}\n"}
,{"stream_name":"stdout","time":1976.281873788,"data":"{\"op\": \"norm\", \"dtype\": \"float32\", \"samples\": 3, \"diffs\": [], \"errors\": [], \"verdict\": \"ok\"}\n"}
,{"stream_name":"stdout","time":1976.281877876,"data":"{\"op\": \"norm\", \"dtype\": \"float16\", \"samples\": 3, \"diffs\": [], \"errors\": [], \"verdict\": \"ok\"}\n"}
,{"stream_name":"stdout","time":1976.281881891,"data":"{\"op\": \"norm\", \"dtype\": \"bfloat16\", \"samples\": 3, \"diffs\": [], \"errors\": [], \"verdict\": \"ok\"}\n"}
,{"stream_name":"stdout","time":1976.281885796,"data":"{\"op\": \"norm\", \"dtype\": \"float32\", \"samples\": 2, \"diffs\": [], \"errors\": [], \"verdict\": \"ok\"}\n"}
,{"stream_name":"stdout","time":1976.281889633,"data":"{\"op\": \"norm\", \"dtype\": \"float32\", \"samples\": 3, \"diffs\": [], \"errors\": [], \"verdict\": \"ok\"}\n"}
,{"stream_name":"stdout","time":1976.281893492,"data":"{\"op\": \"norm\", \"dtype\": \"float16\", \"samples\": 3, \"diffs\": [], \"errors\": [], \"verdict\": \"ok\"}\n"}
,{"stream_name":"stdout","time":1976.281897317,"data":"{\"op\": \"norm\", \"dtype\": \"bfloat16\", \"samples\": 3, \"diffs\": [], \"errors\": [], \"verdict\": \"ok\"}\n"}
,{"stream_name":"stdout","time":1976.281901109,"data":"{\"op\": \"norm\", \"dtype\": \"float32\", \"samples\": 3, \"diffs\": [], \"errors\": [], \"verdict\": \"ok\"}\n"}
,{"stream_name":"stdout","time":1976.281908259,"data":"{\"op\": \"norm\", \"dtype\": \"float16\", \"samples\": 3, \"diffs\": [], \"errors\": [], \"verdict\": \"ok\"}\n"}
,{"stream_name":"stdout","time":1976.281912098,"data":"{\"op\": \"norm\", \"dtype\": \"bfloat16\", \"samples\": 3, \"diffs\": [], \"errors\": [], \"verdict\": \"ok\"}\n"}
,{"stream_name":"stdout","time":1976.281915929,"data":"{\"op\": \"t\", \"dtype\": \"float32\", \"samples\": 3, \"diffs\": [], \"errors\": [], \"verdict\": \"ok\"}\n"}
,{"stream_name":"stdout","time":1976.281919846,"data":"{\"op\": \"t\", \"dtype\": \"float16\", \"samples\": 3, \"diffs\": [], \"errors\": [], \"verdict\": \"ok\"}\n"}
,{"stream_name":"stdout","time":1976.281923677,"data":"{\"op\": \"t\", \"dtype\": \"bfloat16\", \"samples\": 3, \"diffs\": [], \"errors\": [], \"verdict\": \"ok\"}\n"}
,{"stream_name":"stdout","time":1976.281927464,"data":"{\"op\": \"t\", \"dtype\": \"int8\", \"samples\": 3, \"diffs\": [], \"errors\": [], \"verdict\": \"ok\"}\n"}
,{"stream_name":"stdout","time":1976.281931291,"data":"{\"op\": \"t\", \"dtype\": \"uint8\", \"samples\": 3, \"diffs\": [], \"errors\": [], \"verdict\": \"ok\"}\n"}
,{"stream_name":"stdout","time":1976.281935196,"data":"{\"op\": \"t\", \"dtype\": \"int16\", \"samples\": 3, \"diffs\": [], \"errors\": [], \"verdict\": \"ok\"}\n"}
,{"stream_name":"stdout","time":1976.281955552,"data":"{\"op\": \"t\", \"dtype\": \"int32\", \"samples\": 3, \"diffs\": [], \"errors\": [], \"verdict\": \"ok\"}\n"}
,{"stream_name":"stdout","time":1976.281964488,"data":"{\"op\": \"t\", \"dtype\": \"bool\", \"samples\": 3, \"diffs\": [], \"errors\": [], \"verdict\": \"ok\"}\n"}
,{"stream_name":"stdout","time":1976.281968544,"data":"{\"op\": \"t_copy\", \"dtype\": \"float32\", \"samples\": 3, \"diffs\": [], \"errors\": [], \"verdict\": \"ok\"}\n"}
,{"stream_name":"stdout","time":1976.281972523,"data":"{\"op\": \"t_copy\", \"dtype\": \"float16\", \"samples\": 3, \"diffs\": [], \"errors\": [], \"verdict\": \"ok\"}\n"}
,{"stream_name":"stdout","time":1976.281976415,"data":"{\"op\": \"t_copy\", \"dtype\": \"bfloat16\", \"samples\": 3, \"diffs\": [], \"errors\": [], \"verdict\": \"ok\"}\n"}
,{"stream_name":"stdout","time":1976.281981089,"data":"{\"op\": \"t_copy\", \"dtype\": \"int8\", \"samples\": 3, \"diffs\": [], \"errors\": [], \"verdict\": \"ok\"}\n"}
,{"stream_name":"stdout","time":1976.281984978,"data":"{\"op\": \"t_copy\", \"dtype\": \"uint8\", \"samples\": 3, \"diffs\": [], \"errors\": [], \"verdict\": \"ok\"}\n"}
,{"stream_name":"stdout","time":1976.281988821,"data":"{\"op\": \"t_copy\", \"dtype\": \"int16\", \"samples\": 3, \"diffs\": [], \"errors\": [], \"verdict\": \"ok\"}\n"}
,{"stream_name":"stdout","time":1976.281992641,"data":"{\"op\": \"t_copy\", \"dtype\": \"int32\", \"samples\": 3, \"diffs\": [], \"errors\": [], \"verdict\": \"ok\"}\n"}
,{"stream_name":"stdout","time":1976.281996535,"data":"{\"op\": \"t_copy\", \"dtype\": \"bool\", \"samples\": 3, \"diffs\": [], \"errors\": [], \"verdict\": \"ok\"}\n"}
,{"stream_name":"stdout","time":1976.282000424,"data":"{\"op\": \"nn.functional.embedding\", \"dtype\": \"float32\", \"samples\": 3, \"diffs\": [], \"errors\": [], \"verdict\": \"ok\"}\n"}
,{"stream_name":"stdout","time":1976.282004461,"data":"{\"op\": \"nn.functional.embedding\", \"dtype\": \"float16\", \"samples\": 3, \"diffs\": [], \"errors\": [], \"verdict\": \"ok\"}\n"}
,{"stream_name":"stdout","time":1976.282008319,"data":"{\"op\": \"nn.functional.embedding\", \"dtype\": \"bfloat16\", \"samples\": 3, \"diffs\": [], \"errors\": [], \"verdict\": \"ok\"}\n"}
,{"stream_name":"stdout","time":1976.282012321,"data":"{\"op\": \"nn.functional.multi_head_attention_forward\", \"dtype\": \"float32\", \"samples\": 3, \"diffs\": [], \"errors\": [], \"verdict\": \"ok\"}\n"}
,{"stream_name":"stdout","time":1976.282019589,"data":"{\"op\": \"nn.functional.multi_head_attention_forward\", \"dtype\": \"float16\", \"samples\": 3, \"diffs\": [], \"errors\": [], \"verdict\": \"ok\"}\n"}
,{"stream_name":"stdout","time":1976.282023808,"data":"{\"op\": \"nn.functional.multi_head_attention_forward\", \"dtype\": \"bfloat16\", \"samples\": 3, \"diffs\": [], \"errors\": [], \"verdict\": \"ok\"}\n"}
,{"stream_name":"stdout","time":1976.282027568,"data":"{\"op\": \"nn.functional.mse_loss\", \"dtype\": \"float32\", \"samples\": 3, \"diffs\": [], \"errors\": [], \"verdict\": \"ok\"}\n"}
,{"stream_name":"stdout","time":1976.282031353,"data":"{\"op\": \"nn.functional.mse_loss\", \"dtype\": \"float16\", \"samples\": 3, \"diffs\": [], \"errors\": [], \"verdict\": \"ok\"}\n"}
,{"stream_name":"stdout","time":1976.282035099,"data":"{\"op\": \"nn.functional.mse_loss\", \"dtype\": \"bfloat16\", \"samples\": 3, \"diffs\": [], \"errors\": [], \"verdict\": \"ok\"}\n"}
,{"stream_name":"stdout","time":1976.282039622,"data":"{\"op\": \"grid_sampler_2d\", \"dtype\": \"float32\", \"samples\": 3, \"diffs\": [{\"i\": 0, \"class\": \"VALUE\", \"detail\": \"nan pattern at [1, 1, 0, 0]: eager 0.0 compiled nan\", \"repr\": \"SampleInput(input=tensor([[[[-1.4912,  1.2669,  0.1760,  0.6403, -0.9118,  1.8947, -0.4387,\\n           -0.6422,  0.1805,  0.9248, -0.4543,  0.3835,  1.0313, -1.1496,\\n            0.8792,  1.9380,  0.2073, -1.6078, -1.7673,  0.3356],\\n          [-1.5669,  1.7844, -0.7319,  1.3314,  0.6704, -0.8454,  1.\"}, {\"i\": 1, \"class\": \"VALUE\", \"detail\": \"nan pattern at [1, 1, 0, 0]: eager 0.0 compiled nan\", \"repr\": \"SampleInput(input=tensor([[[[-1.4912,  1.2669,  0.1760,  0.6403, -0.9118,  1.8947, -0.4387,\\n           -0.6422,  0.1805,  0.9248, -0.4543,  0.3835,  1.0313, -1.1496,\\n            0.8792,  1.9380,  0.2073, -1.6078, -1.7673,  0.3356],\\n          [-1.5669,  1.7844, -0.7319,  1.3314,  0.6704, -0.8454,  1.\"}, {\"i\": 2, \"class\": \"VALUE\", \"detail\": \"nan pattern at [1, 1, 0, 0]: eager 1.0000000150474662e+30 compiled nan\", \"repr\": \"SampleInput(input=tensor([[[[-1.4912,  1.2669,  0.1760,  0.6403, -0.9118,  1.8947, -0.4387,\\n           -0.6422,  0.1805,  0.9248, -0.4543,  0.3835,  1.0313, -1.1496,\\n            0.8792,  1.9380,  0.2073, -1.6078, -1.7673,  0.3356],\\n          [-1.5669,  1.7844, -0.7319,  1.3314,  0.6704, -0.8454,  1.\"}], \"errors\": [], \"verdict\": \"DIFF:VALUE\"}\n"}
,{"stream_name":"stdout","time":1976.282049122,"data":"{\"op\": \"grid_sampler_2d\", \"dtype\": \"float16\", \"samples\": 3, \"diffs\": [{\"i\": 0, \"class\": \"VALUE\", \"detail\": \"nan pattern at [1, 1, 0, 0]: eager 0.0 compiled nan\", \"repr\": \"SampleInput(input=tensor([[[[-1.4912,  1.2666,  0.1760,  0.6401, -0.9116,  1.8945, -0.4387,\\n           -0.6421,  0.1805,  0.9248, -0.4543,  0.3835,  1.0312, -1.1494,\\n            0.8794,  1.9375,  0.2073, -1.6074, -1.7676,  0.3354],\\n          [-1.5664,  1.7842, -0.7319,  1.3311,  0.6704, -0.8452,  1.\"}, {\"i\": 1, \"class\": \"VALUE\", \"detail\": \"nan pattern at [1, 1, 0, 0]: eager 0.0 compiled nan\", \"repr\": \"SampleInput(input=tensor([[[[-1.4912,  1.2666,  0.1760,  0.6401, -0.9116,  1.8945, -0.4387,\\n           -0.6421,  0.1805,  0.9248, -0.4543,  0.3835,  1.0312, -1.1494,\\n            0.8794,  1.9375,  0.2073, -1.6074, -1.7676,  0.3354],\\n          [-1.5664,  1.7842, -0.7319,  1.3311,  0.6704, -0.8452,  1.\"}, {\"i\": 2, \"class\": \"VALUE\", \"detail\": \"nan pattern at [1, 1, 0, 0]: eager 32752.0 compiled nan\", \"repr\": \"SampleInput(input=tensor([[[[-1.4912,  1.2666,  0.1760,  0.6401, -0.9116,  1.8945, -0.4387,\\n           -0.6421,  0.1805,  0.9248, -0.4543,  0.3835,  1.0312, -1.1494,\\n            0.8794,  1.9375,  0.2073, -1.6074, -1.7676,  0.3354],\\n          [-1.5664,  1.7842, -0.7319,  1.3311,  0.6704, -0.8452,  1.\"}], \"errors\": [], \"verdict\": \"DIFF:VALUE\"}\n"}
,{"stream_name":"stdout","time":1976.282057098,"data":"{\"op\": \"grid_sampler_2d\", \"dtype\": \"bfloat16\", \"samples\": 3, \"diffs\": [], \"errors\": [], \"verdict\": \"ok\"}\n"}
,{"stream_name":"stdout","time":1976.282063686,"data":"{\"op\": \"grid_sampler_3d\", \"dtype\": \"float32\", \"samples\": 3, \"diffs\": [], \"errors\": [], \"verdict\": \"ok\"}\n"}
,{"stream_name":"stdout","time":1976.282067493,"data":"{\"op\": \"grid_sampler_3d\", \"dtype\": \"float16\", \"samples\": 3, \"diffs\": [], \"errors\": [], \"verdict\": \"ok\"}\n"}
,{"stream_name":"stdout","time":1976.282071276,"data":"{\"op\": \"grid_sampler_3d\", \"dtype\": \"bfloat16\", \"samples\": 3, \"diffs\": [], \"errors\": [], \"verdict\": \"ok\"}\n"}
,{"stream_name":"stdout","time":1976.282074889,"data":"{\"op\": \"all\", \"dtype\": \"float32\", \"samples\": 3, \"diffs\": [], \"errors\": [], \"verdict\": \"ok\"}\n"}
,{"stream_name":"stdout","time":1976.282078607,"data":"{\"op\": \"all\", \"dtype\": \"float16\", \"samples\": 3, \"diffs\": [], \"errors\": [], \"verdict\": \"ok\"}\n"}
,{"stream_name":"stdout","time":1976.282082263,"data":"{\"op\": \"all\", \"dtype\": \"bfloat16\", \"samples\": 3, \"diffs\": [], \"errors\": [], \"verdict\": \"ok\"}\n"}
,{"stream_name":"stdout","time":1976.282085967,"data":"{\"op\": \"all\", \"dtype\": \"int8\", \"samples\": 3, \"diffs\": [], \"errors\": [], \"verdict\": \"ok\"}\n"}
,{"stream_name":"stdout","time":1976.282089611,"data":"{\"op\": \"all\", \"dtype\": \"uint8\", \"samples\": 3, \"diffs\": [], \"errors\": [], \"verdict\": \"ok\"}\n"}
,{"stream_name":"stdout","time":1976.282093206,"data":"{\"op\": \"all\", \"dtype\": \"int16\", \"samples\": 3, \"diffs\": [], \"errors\": [], \"verdict\": \"ok\"}\n"}
,{"stream_name":"stdout","time":1976.282096886,"data":"{\"op\": \"all\", \"dtype\": \"int32\", \"samples\": 3, \"diffs\": [], \"errors\": [], \"verdict\": \"ok\"}\n"}
,{"stream_name":"stdout","time":1976.282100924,"data":"{\"op\": \"all\", \"dtype\": \"bool\", \"samples\": 3, \"diffs\": [], \"errors\": [], \"verdict\": \"ok\"}\n"}
,{"stream_name":"stdout","time":1976.282104664,"data":"{\"op\": \"any\", \"dtype\": \"float32\", \"samples\": 3, \"diffs\": [], \"errors\": [], \"verdict\": \"ok\"}\n"}
,{"stream_name":"stdout","time":1976.282108299,"data":"{\"op\": \"any\", \"dtype\": \"float16\", \"samples\": 3, \"diffs\": [], \"errors\": [], \"verdict\": \"ok\"}\n"}
,{"stream_name":"stdout","time":1976.282111922,"data":"{\"op\": \"any\", \"dtype\": \"bfloat16\", \"samples\": 3, \"diffs\": [], \"errors\": [], \"verdict\": \"ok\"}\n"}
,{"stream_name":"stdout","time":1976.282115648,"data":"{\"op\": \"any\", \"dtype\": \"int8\", \"samples\": 3, \"diffs\": [], \"errors\": [], \"verdict\": \"ok\"}\n"}
,{"stream_name":"stdout","time":1976.282120101,"data":"{\"op\": \"any\", \"dtype\": \"uint8\", \"samples\": 3, \"diffs\": [{\"i\": 0, \"class\": \"VALUE\", \"detail\": \"shape/dtype () torch.uint8 vs () torch.bool\", \"repr\": \"SampleInput(input=2, args=(), kwargs={}, broadcasts_input=False, name='')\"}, {\"i\": 1, \"class\": \"VALUE\", \"detail\": \"shape/dtype () torch.uint8 vs () torch.bool\", \"repr\": \"SampleInput(input=2, args=(), kwargs={'dim': 0, 'keepdim': True}, broadcasts_input=False, name='')\"}, {\"i\": 2, \"class\": \"VALUE\", \"detail\": \"shape/dtype () torch.uint8 vs () torch.bool\", \"repr\": \"SampleInput(input=2, args=(), kwargs={'dim': -1, 'keepdim': False}, broadcasts_input=False, name='')\"}], \"errors\": [], \"verdict\": \"DIFF:VALUE\"}\n"}
,{"stream_name":"stdout","time":1976.282126687,"data":"{\"op\": \"any\", \"dtype\": \"int16\", \"samples\": 3, \"diffs\": [], \"errors\": [], \"verdict\": \"ok\"}\n"}
,{"stream_name":"stdout","time":1976.282130806,"data":"{\"op\": \"any\", \"dtype\": \"int32\", \"samples\": 3, \"diffs\": [], \"errors\": [], \"verdict\": \"ok\"}\n"}
,{"stream_name":"stdout","time":1976.282134858,"data":"{\"op\": \"any\", \"dtype\": \"bool\", \"samples\": 3, \"diffs\": [], \"errors\": [], \"verdict\": \"ok\"}\n"}
,{"stream_name":"stdout","time":1976.282141498,"data":"{\"op\": \"amax\", \"dtype\": \"float32\", \"samples\": 3, \"diffs\": [], \"errors\": [], \"verdict\": \"ok\"}\n"}
,{"stream_name":"stdout","time":1976.282145488,"data":"{\"op\": \"amax\", \"dtype\": \"float16\", \"samples\": 3, \"diffs\": [], \"errors\": [], \"verdict\": \"ok\"}\n"}
,{"stream_name":"stdout","time":1976.282149646,"data":"{\"op\": \"amax\", \"dtype\": \"bfloat16\", \"samples\": 3, \"diffs\": [], \"errors\": [], \"verdict\": \"ok\"}\n"}
,{"stream_name":"stdout","time":1976.282153543,"data":"{\"op\": \"amax\", \"dtype\": \"int8\", \"samples\": 3, \"diffs\": [], \"errors\": [], \"verdict\": \"ok\"}\n"}
,{"stream_name":"stdout","time":1976.28215746,"data":"{\"op\": \"amax\", \"dtype\": \"uint8\", \"samples\": 3, \"diffs\": [], \"errors\": [], \"verdict\": \"ok\"}\n"}
,{"stream_name":"stdout","time":1976.282161625,"data":"{\"op\": \"amax\", \"dtype\": \"int16\", \"samples\": 3, \"diffs\": [], \"errors\": [], \"verdict\": \"ok\"}\n"}
,{"stream_name":"stdout","time":1976.282165621,"data":"{\"op\": \"amax\", \"dtype\": \"int32\", \"samples\": 3, \"diffs\": [], \"errors\": [], \"verdict\": \"ok\"}\n"}
,{"stream_name":"stdout","time":1976.282169574,"data":"{\"op\": \"amax\", \"dtype\": \"bool\", \"samples\": 3, \"diffs\": [], \"errors\": [], \"verdict\": \"ok\"}\n"}
,{"stream_name":"stdout","time":1976.282173824,"data":"{\"op\": \"amin\", \"dtype\": \"float32\", \"samples\": 3, \"diffs\": [], \"errors\": [], \"verdict\": \"ok\"}\n"}
,{"stream_name":"stdout","time":1976.282177753,"data":"{\"op\": \"amin\", \"dtype\": \"float16\", \"samples\": 3, \"diffs\": [], \"errors\": [], \"verdict\": \"ok\"}\n"}
,{"stream_name":"stdout","time":1976.282181699,"data":"{\"op\": \"amin\", \"dtype\": \"bfloat16\", \"samples\": 3, \"diffs\": [], \"errors\": [], \"verdict\": \"ok\"}\n"}
,{"stream_name":"stdout","time":1976.282185766,"data":"{\"op\": \"amin\", \"dtype\": \"int8\", \"samples\": 3, \"diffs\": [], \"errors\": [], \"verdict\": \"ok\"}\n"}
,{"stream_name":"stdout","time":1976.282189771,"data":"{\"op\": \"amin\", \"dtype\": \"uint8\", \"samples\": 3, \"diffs\": [], \"errors\": [], \"verdict\": \"ok\"}\n"}
,{"stream_name":"stdout","time":1976.282193617,"data":"{\"op\": \"amin\", \"dtype\": \"int16\", \"samples\": 3, \"diffs\": [], \"errors\": [], \"verdict\": \"ok\"}\n"}
,{"stream_name":"stdout","time":1976.282197622,"data":"{\"op\": \"amin\", \"dtype\": \"int32\", \"samples\": 3, \"diffs\": [], \"errors\": [], \"verdict\": \"ok\"}\n"}
,{"stream_name":"stdout","time":1976.282201474,"data":"{\"op\": \"amin\", \"dtype\": \"bool\", \"samples\": 3, \"diffs\": [], \"errors\": [], \"verdict\": \"ok\"}\n"}
,{"stream_name":"stdout","time":1976.282205481,"data":"{\"op\": \"argmax\", \"dtype\": \"float32\", \"samples\": 3, \"diffs\": [], \"errors\": [], \"verdict\": \"ok\"}\n"}
,{"stream_name":"stdout","time":1976.282209903,"data":"{\"op\": \"argmax\", \"dtype\": \"float16\", \"samples\": 3, \"diffs\": [], \"errors\": [], \"verdict\": \"ok\"}\n"}
,{"stream_name":"stdout","time":1976.282213675,"data":"{\"op\": \"argmax\", \"dtype\": \"bfloat16\", \"samples\": 3, \"diffs\": [], \"errors\": [], \"verdict\": \"ok\"}\n"}
,{"stream_name":"stdout","time":1976.282217559,"data":"{\"op\": \"argmax\", \"dtype\": \"int8\", \"samples\": 3, \"diffs\": [], \"errors\": [], \"verdict\": \"ok\"}\n"}
,{"stream_name":"stdout","time":1976.282221454,"data":"{\"op\": \"argmax\", \"dtype\": \"uint8\", \"samples\": 3, \"diffs\": [], \"errors\": [], \"verdict\": \"ok\"}\n"}
,{"stream_name":"stdout","time":1976.28222525,"data":"{\"op\": \"argmax\", \"dtype\": \"int16\", \"samples\": 3, \"diffs\": [], \"errors\": [], \"verdict\": \"ok\"}\n"}
,{"stream_name":"stdout","time":1976.282229046,"data":"{\"op\": \"argmax\", \"dtype\": \"int32\", \"samples\": 3, \"diffs\": [], \"errors\": [], \"verdict\": \"ok\"}\n"}
,{"stream_name":"stdout","time":1976.282235626,"data":"{\"op\": \"argmin\", \"dtype\": \"float32\", \"samples\": 3, \"diffs\": [], \"errors\": [], \"verdict\": \"ok\"}\n"}
,{"stream_name":"stdout","time":1976.282247836,"data":"{\"op\": \"argmin\", \"dtype\": \"float16\", \"samples\": 3, \"diffs\": [], \"errors\": [], \"verdict\": \"ok\"}\n"}
,{"stream_name":"stdout","time":1976.282251688,"data":"{\"op\": \"argmin\", \"dtype\": \"bfloat16\", \"samples\": 3, \"diffs\": [], \"errors\": [], \"verdict\": \"ok\"}\n"}
,{"stream_name":"stdout","time":1976.282255272,"data":"{\"op\": \"argmin\", \"dtype\": \"int8\", \"samples\": 3, \"diffs\": [], \"errors\": [], \"verdict\": \"ok\"}\n"}
,{"stream_name":"stdout","time":1976.282258792,"data":"{\"op\": \"argmin\", \"dtype\": \"uint8\", \"samples\": 3, \"diffs\": [], \"errors\": [], \"verdict\": \"ok\"}\n"}
,{"stream_name":"stdout","time":1976.282262322,"data":"{\"op\": \"argmin\", \"dtype\": \"int16\", \"samples\": 3, \"diffs\": [], \"errors\": [], \"verdict\": \"ok\"}\n"}
,{"stream_name":"stdout","time":1976.282265826,"data":"{\"op\": \"argmin\", \"dtype\": \"int32\", \"samples\": 3, \"diffs\": [], \"errors\": [], \"verdict\": \"ok\"}\n"}
,{"stream_name":"stdout","time":1976.282269408,"data":"{\"op\": \"mean\", \"dtype\": \"float32\", \"samples\": 3, \"diffs\": [], \"errors\": [], \"verdict\": \"ok\"}\n"}
,{"stream_name":"stdout","time":1976.282272919,"data":"{\"op\": \"mean\", \"dtype\": \"float16\", \"samples\": 3, \"diffs\": [], \"errors\": [], \"verdict\": \"ok\"}\n"}
,{"stream_name":"stdout","time":1976.282276428,"data":"{\"op\": \"mean\", \"dtype\": \"bfloat16\", \"samples\": 3, \"diffs\": [], \"errors\": [], \"verdict\": \"ok\"}\n"}
,{"stream_name":"stdout","time":1976.282279969,"data":"{\"op\": \"nanmean\", \"dtype\": \"float32\", \"samples\": 3, \"diffs\": [], \"errors\": [], \"verdict\": \"ok\"}\n"}
,{"stream_name":"stdout","time":1976.282283905,"data":"{\"op\": \"nanmean\", \"dtype\": \"float16\", \"samples\": 3, \"diffs\": [], \"errors\": [], \"verdict\": \"ok\"}\n"}
,{"stream_name":"stdout","time":1976.282287879,"data":"{\"op\": \"nanmean\", \"dtype\": \"bfloat16\", \"samples\": 3, \"diffs\": [], \"errors\": [], \"verdict\": \"ok\"}\n"}
,{"stream_name":"stdout","time":1976.282291927,"data":"{\"op\": \"std\", \"dtype\": \"float32\", \"samples\": 3, \"diffs\": [], \"errors\": [], \"verdict\": \"ok\"}\n"}
,{"stream_name":"stdout","time":1976.282295859,"data":"{\"op\": \"std\", \"dtype\": \"float16\", \"samples\": 3, \"diffs\": [], \"errors\": [], \"verdict\": \"ok\"}\n"}
,{"stream_name":"stdout","time":1976.282300218,"data":"{\"op\": \"std\", \"dtype\": \"bfloat16\", \"samples\": 3, \"diffs\": [], \"errors\": [], \"verdict\": \"ok\"}\n"}
,{"stream_name":"stdout","time":1976.282304256,"data":"{\"op\": \"std\", \"dtype\": \"float32\", \"samples\": 3, \"diffs\": [], \"errors\": [], \"verdict\": \"ok\"}\n"}
,{"stream_name":"stdout","time":1976.282308346,"data":"{\"op\": \"std\", \"dtype\": \"float16\", \"samples\": 3, \"diffs\": [], \"errors\": [], \"verdict\": \"ok\"}\n"}
,{"stream_name":"stdout","time":1976.282312094,"data":"{\"op\": \"std\", \"dtype\": \"bfloat16\", \"samples\": 3, \"diffs\": [], \"errors\": [], \"verdict\": \"ok\"}\n"}
,{"stream_name":"stdout","time":1976.282316093,"data":"{\"op\": \"var\", \"dtype\": \"float32\", \"samples\": 3, \"diffs\": [], \"errors\": [], \"verdict\": \"ok\"}\n"}
,{"stream_name":"stdout","time":1976.282319904,"data":"{\"op\": \"var\", \"dtype\": \"float16\", \"samples\": 3, \"diffs\": [], \"errors\": [], \"verdict\": \"ok\"}\n"}
,{"stream_name":"stdout","time":1976.282323908,"data":"{\"op\": \"var\", \"dtype\": \"bfloat16\", \"samples\": 3, \"diffs\": [], \"errors\": [], \"verdict\": \"ok\"}\n"}
,{"stream_name":"stdout","time":1976.282331566,"data":"{\"op\": \"var\", \"dtype\": \"float32\", \"samples\": 3, \"diffs\": [], \"errors\": [], \"verdict\": \"ok\"}\n"}
,{"stream_name":"stdout","time":1976.282335664,"data":"{\"op\": \"var\", \"dtype\": \"float16\", \"samples\": 3, \"diffs\": [], \"errors\": [], \"verdict\": \"ok\"}\n"}
,{"stream_name":"stdout","time":1976.282339328,"data":"{\"op\": \"var\", \"dtype\": \"bfloat16\", \"samples\": 3, \"diffs\": [], \"errors\": [], \"verdict\": \"ok\"}\n"}
,{"stream_name":"stdout","time":1976.282343288,"data":"{\"op\": \"prod\", \"dtype\": \"float32\", \"samples\": 3, \"diffs\": [{\"i\": 1, \"class\": \"VALUE\", \"detail\": \"inf at [4, 3]: eager -inf compiled -26201.6015625\", \"repr\": \"SampleInput(input=tensor([[[-0.7456,  0.6335,  0.0880,  0.3202, -0.4559],\\n         [ 0.9473, -0.2193, -0.3211,  0.0902,  0.4624],\\n         [-0.2271,  0.1918,  0.5157, -0.5748,  0.4396],\\n         [ 0.9690,  0.1036, -0.8039, -0.8836,  0.1678],\\n         [-0.7834,  0.8922, -0.3659,  0.6657,  0.3352]],\\n\\n\"}], \"errors\": [], \"verdict\": \"DIFF:VALUE\"}\n"}
,{"stream_name":"stdout","time":1976.282349499,"data":"{\"op\": \"prod\", \"dtype\": \"float16\", \"samples\": 3, \"diffs\": [], \"errors\": [], \"verdict\": \"ok\"}\n"}
,{"stream_name":"stdout","time":1976.282353471,"data":"{\"op\": \"prod\", \"dtype\": \"bfloat16\", \"samples\": 3, \"diffs\": [], \"errors\": [], \"verdict\": \"ok\"}\n"}
,{"stream_name":"stdout","time":1976.282357256,"data":"{\"op\": \"prod\", \"dtype\": \"int8\", \"samples\": 3, \"diffs\": [], \"errors\": [], \"verdict\": \"ok\"}\n"}
,{"stream_name":"stdout","time":1976.282361054,"data":"{\"op\": \"prod\", \"dtype\": \"uint8\", \"samples\": 3, \"diffs\": [], \"errors\": [], \"verdict\": \"ok\"}\n"}
,{"stream_name":"stdout","time":1976.282364879,"data":"{\"op\": \"prod\", \"dtype\": \"int16\", \"samples\": 3, \"diffs\": [], \"errors\": [], \"verdict\": \"ok\"}\n"}
,{"stream_name":"stdout","time":1976.282368773,"data":"{\"op\": \"prod\", \"dtype\": \"int32\", \"samples\": 3, \"diffs\": [], \"errors\": [], \"verdict\": \"ok\"}\n"}
,{"stream_name":"stdout","time":1976.28237268,"data":"{\"op\": \"prod\", \"dtype\": \"bool\", \"samples\": 3, \"diffs\": [], \"errors\": [], \"verdict\": \"ok\"}\n"}
,{"stream_name":"stdout","time":1976.282377499,"data":"{\"op\": \"sum\", \"dtype\": \"float32\", \"samples\": 3, \"diffs\": [], \"errors\": [], \"verdict\": \"ok\"}\n"}
,{"stream_name":"stdout","time":1976.282381708,"data":"{\"op\": \"sum\", \"dtype\": \"float16\", \"samples\": 3, \"diffs\": [], \"errors\": [], \"verdict\": \"ok\"}\n"}
,{"stream_name":"stdout","time":1976.282385566,"data":"{\"op\": \"sum\", \"dtype\": \"bfloat16\", \"samples\": 3, \"diffs\": [], \"errors\": [], \"verdict\": \"ok\"}\n"}
,{"stream_name":"stdout","time":1976.282389603,"data":"{\"op\": \"sum\", \"dtype\": \"int8\", \"samples\": 3, \"diffs\": [], \"errors\": [], \"verdict\": \"ok\"}\n"}
,{"stream_name":"stdout","time":1976.282393501,"data":"{\"op\": \"sum\", \"dtype\": \"uint8\", \"samples\": 3, \"diffs\": [], \"errors\": [], \"verdict\": \"ok\"}\n"}
,{"stream_name":"stdout","time":1976.282397469,"data":"{\"op\": \"sum\", \"dtype\": \"int16\", \"samples\": 3, \"diffs\": [], \"errors\": [], \"verdict\": \"ok\"}\n"}
,{"stream_name":"stdout","time":1976.282401718,"data":"{\"op\": \"sum\", \"dtype\": \"int32\", \"samples\": 3, \"diffs\": [], \"errors\": [], \"verdict\": \"ok\"}\n"}
,{"stream_name":"stdout","time":1976.282405544,"data":"{\"op\": \"sum\", \"dtype\": \"bool\", \"samples\": 3, \"diffs\": [], \"errors\": [], \"verdict\": \"ok\"}\n"}
,{"stream_name":"stdout","time":1976.282409325,"data":"{\"op\": \"nansum\", \"dtype\": \"float32\", \"samples\": 3, \"diffs\": [], \"errors\": [], \"verdict\": \"ok\"}\n"}
,{"stream_name":"stdout","time":1976.282413285,"data":"{\"op\": \"nansum\", \"dtype\": \"float16\", \"samples\": 3, \"diffs\": [], \"errors\": [], \"verdict\": \"ok\"}\n"}
,{"stream_name":"stdout","time":1976.282420703,"data":"{\"op\": \"nansum\", \"dtype\": \"bfloat16\", \"samples\": 3, \"diffs\": [], \"errors\": [], \"verdict\": \"ok\"}\n"}
,{"stream_name":"stdout","time":1976.282424964,"data":"{\"op\": \"nansum\", \"dtype\": \"int8\", \"samples\": 3, \"diffs\": [], \"errors\": [], \"verdict\": \"ok\"}\n"}
,{"stream_name":"stdout","time":1976.282429015,"data":"{\"op\": \"nansum\", \"dtype\": \"uint8\", \"samples\": 3, \"diffs\": [], \"errors\": [], \"verdict\": \"ok\"}\n"}
,{"stream_name":"stdout","time":1976.282432814,"data":"{\"op\": \"nansum\", \"dtype\": \"int16\", \"samples\": 3, \"diffs\": [], \"errors\": [], \"verdict\": \"ok\"}\n"}
,{"stream_name":"stdout","time":1976.282437008,"data":"{\"op\": \"nansum\", \"dtype\": \"int32\", \"samples\": 3, \"diffs\": [], \"errors\": [], \"verdict\": \"ok\"}\n"}
,{"stream_name":"stdout","time":1976.282440941,"data":"{\"op\": \"nansum\", \"dtype\": \"bool\", \"samples\": 3, \"diffs\": [], \"errors\": [], \"verdict\": \"ok\"}\n"}
,{"stream_name":"stdout","time":1976.282445223,"data":"{\"op\": \"hash_tensor\", \"dtype\": \"float32\", \"samples\": 3, \"diffs\": [], \"errors\": [], \"verdict\": \"ok\"}\n"}
,{"stream_name":"stdout","time":1976.282449273,"data":"{\"op\": \"hash_tensor\", \"dtype\": \"float16\", \"samples\": 3, \"diffs\": [], \"errors\": [], \"verdict\": \"ok\"}\n"}
,{"stream_name":"stdout","time":1976.282453333,"data":"{\"op\": \"hash_tensor\", \"dtype\": \"bfloat16\", \"samples\": 3, \"diffs\": [], \"errors\": [], \"verdict\": \"ok\"}\n"}
,{"stream_name":"stdout","time":1976.282457043,"data":"{\"op\": \"hash_tensor\", \"dtype\": \"int8\", \"samples\": 3, \"diffs\": [], \"errors\": [], \"verdict\": \"ok\"}\n"}
,{"stream_name":"stdout","time":1976.282461042,"data":"{\"op\": \"hash_tensor\", \"dtype\": \"uint8\", \"samples\": 3, \"diffs\": [], \"errors\": [], \"verdict\": \"ok\"}\n"}
,{"stream_name":"stdout","time":1976.282464994,"data":"{\"op\": \"hash_tensor\", \"dtype\": \"int16\", \"samples\": 3, \"diffs\": [], \"errors\": [], \"verdict\": \"ok\"}\n"}
,{"stream_name":"stdout","time":1976.282469787,"data":"{\"op\": \"hash_tensor\", \"dtype\": \"int32\", \"samples\": 3, \"diffs\": [], \"errors\": [], \"verdict\": \"ok\"}\n"}
,{"stream_name":"stdout","time":1976.282473575,"data":"{\"op\": \"hash_tensor\", \"dtype\": \"bool\", \"samples\": 3, \"diffs\": [], \"errors\": [], \"verdict\": \"ok\"}\n"}
,{"stream_name":"stdout","time":1976.282477296,"data":"{\"op\": \"nn.functional.cosine_embedding_loss\", \"dtype\": \"float32\", \"samples\": 3, \"diffs\": [], \"errors\": [], \"verdict\": \"ok\"}\n"}
,{"stream_name":"stdout","time":1976.282481593,"data":"{\"op\": \"nn.functional.cosine_embedding_loss\", \"dtype\": \"float16\", \"samples\": 3, \"diffs\": [{\"i\": 0, \"class\": \"VALUE\", \"detail\": \"nan pattern at [3]: eager nan compiled 0.06707763671875\", \"repr\": \"SampleInput(input=tensor([[-6.7109,  5.7031,  0.7920,  2.8809, -4.1016],\\n        [ 8.5234, -1.9736, -2.8906,  0.8120,  4.1602],\\n        [-2.0449,  1.7256,  4.6406, -5.1719,  3.9570],\\n        [ 8.7188,  0.9326, -7.2344, -7.9531,  1.5098],\\n        [-7.0508,  8.0312, -3.2930,  5.9922,  3.0176]], device\"}], \"errors\": [], \"verdict\": \"DIFF:VALUE\"}\n"}
,{"stream_name":"stdout","time":1976.282487386,"data":"{\"op\": \"nn.functional.cosine_embedding_loss\", \"dtype\": \"bfloat16\", \"samples\": 3, \"diffs\": [], \"errors\": [], \"verdict\": \"ok\"}\n"}
,{"stream_name":"stdout","time":1976.282491143,"data":"{\"op\": \"nn.functional.cosine_embedding_loss\", \"dtype\": \"int8\", \"samples\": 3, \"diffs\": [{\"i\": 0, \"class\": \"SIGNZERO\", \"detail\": \"sign of zero\", \"repr\": \"SampleInput(input=tensor([[-4,  8, -3, -9,  7],\\n        [ 1,  5,  9, -6, -3],\\n        [-6, -3, -8, -8, -6],\\n        [-1, -3,  0,  6, -2],\\n        [-6, -3, -4, -8,  8]], device='cuda:0', dtype=torch.int8), args=(tensor([[ 6, -6, -2,  3,  5],\\n        [ 0,  4, -5, -9,  9],\\n        [ 2,  9, -7,  1,  1],\"}], \"errors\": [], \"verdict\": \"DIFF:SIGNZERO\"}\n"}
,{"stream_name":"stdout","time":1976.282501998,"data":"{\"op\": \"nn.functional.cosine_embedding_loss\", \"dtype\": \"uint8\", \"samples\": 3, \"diffs\": [{\"i\": 0, \"class\": \"SIGNZERO\", \"detail\": \"sign of zero\", \"repr\": \"SampleInput(input=tensor([[2, 6, 5, 2, 6],\\n        [4, 5, 4, 5, 9],\\n        [4, 6, 5, 9, 6],\\n        [9, 0, 9, 0, 0],\\n        [4, 0, 1, 9, 4]], device='cuda:0', dtype=torch.uint8), args=(tensor([[1, 3, 1, 3, 7],\\n        [4, 8, 2, 5, 8],\\n        [3, 4, 3, 0, 6],\\n        [3, 3, 3, 0, 0],\\n        [8, 8\"}, {\"i\": 1, \"class\": \"SIGNZERO\", \"detail\": \"sign of zero\", \"repr\": \"SampleInput(input=tensor([[2, 6, 5, 2, 6],\\n        [4, 5, 4, 5, 9],\\n        [4, 6, 5, 9, 6],\\n        [9, 0, 9, 0, 0],\\n        [4, 0, 1, 9, 4]], device='cuda:0', dtype=torch.uint8), args=(tensor([[1, 3, 1, 3, 7],\\n        [4, 8, 2, 5, 8],\\n        [3, 4, 3, 0, 6],\\n        [3, 3, 3, 0, 0],\\n        [8, 8\"}, {\"i\": 2, \"class\": \"SIGNZERO\", \"detail\": \"sign of zero\", \"repr\": \"SampleInput(input=tensor([[2, 6, 5, 2, 6],\\n        [4, 5, 4, 5, 9],\\n        [4, 6, 5, 9, 6],\\n        [9, 0, 9, 0, 0],\\n        [4, 0, 1, 9, 4]], device='cuda:0', dtype=torch.uint8), args=(tensor([[1, 3, 1, 3, 7],\\n        [4, 8, 2, 5, 8],\\n        [3, 4, 3, 0, 6],\\n        [3, 3, 3, 0, 0],\\n        [8, 8\"}], \"errors\": [], \"verdict\": \"DIFF:SIGNZERO\"}\n"}
,{"stream_name":"stdout","time":1976.282511184,"data":"{\"op\": \"nn.functional.cosine_embedding_loss\", \"dtype\": \"int16\", \"samples\": 3, \"diffs\": [{\"i\": 0, \"class\": \"SIGNZERO\", \"detail\": \"sign of zero\", \"repr\": \"SampleInput(input=tensor([[-4,  8, -3, -9,  7],\\n        [ 1,  5,  9, -6, -3],\\n        [-6, -3, -8, -8, -6],\\n        [-1, -3,  0,  6, -2],\\n        [-6, -3, -4, -8,  8]], device='cuda:0', dtype=torch.int16), args=(tensor([[ 6, -6, -2,  3,  5],\\n        [ 0,  4, -5, -9,  9],\\n        [ 2,  9, -7,  1,  1]\"}], \"errors\": [], \"verdict\": \"DIFF:SIGNZERO\"}\n"}
,{"stream_name":"stdout","time":1976.282517136,"data":"{\"op\": \"nn.functional.cosine_embedding_loss\", \"dtype\": \"int32\", \"samples\": 3, \"diffs\": [{\"i\": 0, \"class\": \"SIGNZERO\", \"detail\": \"sign of zero\", \"repr\": \"SampleInput(input=tensor([[-4,  8, -3, -9,  7],\\n        [ 1,  5,  9, -6, -3],\\n        [-6, -3, -8, -8, -6],\\n        [-1, -3,  0,  6, -2],\\n        [-6, -3, -4, -8,  8]], device='cuda:0', dtype=torch.int32), args=(tensor([[ 6, -6, -2,  3,  5],\\n        [ 0,  4, -5, -9,  9],\\n        [ 2,  9, -7,  1,  1]\"}], \"errors\": [], \"verdict\": \"DIFF:SIGNZERO\"}\n"}
,{"stream_name":"stdout","time":1976.282523589,"data":"{\"op\": \"nn.functional.cosine_embedding_loss\", \"dtype\": \"bool\", \"samples\": 3, \"diffs\": [{\"i\": 0, \"class\": \"SIGNZERO\", \"detail\": \"sign of zero\", \"repr\": \"SampleInput(input=tensor([[False, False,  True, False, False],\\n        [False,  True, False,  True,  True],\\n        [False, False,  True,  True, False],\\n        [ True, False,  True, False, False],\\n        [False, False,  True,  True, False]], device='cuda:0'), args=(tensor([[ True,  True,  True,  T\"}, {\"i\": 1, \"class\": \"SIGNZERO\", \"detail\": \"sign of zero\", \"repr\": \"SampleInput(input=tensor([[False, False,  True, False, False],\\n        [False,  True, False,  True,  True],\\n        [False, False,  True,  True, False],\\n        [ True, False,  True, False, False],\\n        [False, False,  True,  True, False]], device='cuda:0'), args=(tensor([[ True,  True,  True,  T\"}, {\"i\": 2, \"class\": \"SIGNZERO\", \"detail\": \"sign of zero\", \"repr\": \"SampleInput(input=tensor([[False, False,  True, False, False],\\n        [False,  True, False,  True,  True],\\n        [False, False,  True,  True, False],\\n        [ True, False,  True, False, False],\\n        [False, False,  True,  True, False]], device='cuda:0'), args=(tensor([[ True,  True,  True,  T\"}], \"errors\": [], \"verdict\": \"DIFF:SIGNZERO\"}\n"}
,{"stream_name":"stdout","time":1976.282535461,"data":"{\"op\": \"nn.functional.nll_loss\", \"dtype\": \"float32\", \"samples\": 3, \"diffs\": [], \"errors\": [], \"verdict\": \"ok\"}\n"}
,{"stream_name":"stdout","time":1976.282539618,"data":"{\"op\": \"nn.functional.nll_loss\", \"dtype\": \"float16\", \"samples\": 3, \"diffs\": [], \"errors\": [], \"verdict\": \"ok\"}\n"}
,{"stream_name":"stdout","time":1976.282543972,"data":"{\"op\": \"nn.functional.nll_loss\", \"dtype\": \"bfloat16\", \"samples\": 3, \"diffs\": [], \"errors\": [], \"verdict\": \"ok\"}\n"}
,{"stream_name":"stdout","time":1976.282547922,"data":"{\"op\": \"nn.functional.gaussian_nll_loss\", \"dtype\": \"float32\", \"samples\": 3, \"diffs\": [], \"errors\": [], \"verdict\": \"ok\"}\n"}
,{"stream_name":"stdout","time":1976.282551947,"data":"{\"op\": \"nn.functional.gaussian_nll_loss\", \"dtype\": \"float16\", \"samples\": 3, \"diffs\": [], \"errors\": [], \"verdict\": \"ok\"}\n"}
,{"stream_name":"stdout","time":1976.282555794,"data":"{\"op\": \"nn.functional.gaussian_nll_loss\", \"dtype\": \"bfloat16\", \"samples\": 3, \"diffs\": [], \"errors\": [], \"verdict\": \"ok\"}\n"}
,{"stream_name":"stdout","time":1976.28255961,"data":"{\"op\": \"nn.functional.hinge_embedding_loss\", \"dtype\": \"float32\", \"samples\": 3, \"diffs\": [], \"errors\": [], \"verdict\": \"ok\"}\n"}
,{"stream_name":"stdout","time":1976.282563469,"data":"{\"op\": \"nn.functional.hinge_embedding_loss\", \"dtype\": \"float16\", \"samples\": 3, \"diffs\": [], \"errors\": [], \"verdict\": \"ok\"}\n"}
,{"stream_name":"stdout","time":1976.282567603,"data":"{\"op\": \"nn.functional.hinge_embedding_loss\", \"dtype\": \"bfloat16\", \"samples\": 3, \"diffs\": [], \"errors\": [], \"verdict\": \"ok\"}\n"}
,{"stream_name":"stdout","time":1976.282572063,"data":"{\"op\": \"nn.functional.huber_loss\", \"dtype\": \"float32\", \"samples\": 3, \"diffs\": [], \"errors\": [], \"verdict\": \"ok\"}\n"}
,{"stream_name":"stdout","time":1976.282576201,"data":"{\"op\": \"nn.functional.huber_loss\", \"dtype\": \"float16\", \"samples\": 3, \"diffs\": [], \"errors\": [], \"verdict\": \"ok\"}\n"}
,{"stream_name":"stdout","time":1976.282580051,"data":"{\"op\": \"nn.functional.huber_loss\", \"dtype\": \"bfloat16\", \"samples\": 3, \"diffs\": [], \"errors\": [], \"verdict\": \"ok\"}\n"}
,{"stream_name":"stdout","time":1976.282583913,"data":"{\"op\": \"nn.functional.pdist\", \"dtype\": \"float32\", \"samples\": 3, \"diffs\": [], \"errors\": [], \"verdict\": \"ok\"}\n"}
,{"stream_name":"stdout","time":1976.282587665,"data":"{\"op\": \"repeat_interleave\", \"dtype\": \"float32\", \"samples\": 3, \"diffs\": [], \"errors\": [], \"verdict\": \"ok\"}\n"}
,{"stream_name":"stdout","time":1976.282592049,"data":"{\"op\": \"repeat_interleave\", \"dtype\": \"float16\", \"samples\": 3, \"diffs\": [], \"errors\": [], \"verdict\": \"ok\"}\n"}
,{"stream_name":"stdout","time":1976.282595982,"data":"{\"op\": \"repeat_interleave\", \"dtype\": \"bfloat16\", \"samples\": 3, \"diffs\": [], \"errors\": [], \"verdict\": \"ok\"}\n"}
,{"stream_name":"stdout","time":1976.282600137,"data":"{\"op\": \"repeat_interleave\", \"dtype\": \"int8\", \"samples\": 3, \"diffs\": [], \"errors\": [], \"verdict\": \"ok\"}\n"}
,{"stream_name":"stdout","time":1976.282604069,"data":"{\"op\": \"repeat_interleave\", \"dtype\": \"uint8\", \"samples\": 3, \"diffs\": [], \"errors\": [], \"verdict\": \"ok\"}\n"}
,{"stream_name":"stdout","time":1976.282608193,"data":"{\"op\": \"repeat_interleave\", \"dtype\": \"int16\", \"samples\": 3, \"diffs\": [], \"errors\": [], \"verdict\": \"ok\"}\n"}
,{"stream_name":"stdout","time":1976.282612119,"data":"{\"op\": \"repeat_interleave\", \"dtype\": \"int32\", \"samples\": 3, \"diffs\": [], \"errors\": [], \"verdict\": \"ok\"}\n"}
,{"stream_name":"stdout","time":1976.282618813,"data":"{\"op\": \"repeat_interleave\", \"dtype\": \"bool\", \"samples\": 3, \"diffs\": [], \"errors\": [], \"verdict\": \"ok\"}\n"}
,{"stream_name":"stdout","time":1976.282623124,"data":"{\"op\": \"nn.functional.pairwise_distance\", \"dtype\": \"float32\", \"samples\": 3, \"diffs\": [], \"errors\": [], \"verdict\": \"ok\"}\n"}
,{"stream_name":"stdout","time":1976.282627105,"data":"{\"op\": \"nn.functional.pairwise_distance\", \"dtype\": \"float16\", \"samples\": 3, \"diffs\": [], \"errors\": [], \"verdict\": \"ok\"}\n"}
,{"stream_name":"stdout","time":1976.282631027,"data":"{\"op\": \"nn.functional.pairwise_distance\", \"dtype\": \"bfloat16\", \"samples\": 3, \"diffs\": [], \"errors\": [], \"verdict\": \"ok\"}\n"}
,{"stream_name":"stdout","time":1976.282635031,"data":"{\"op\": \"nn.functional.pairwise_distance\", \"dtype\": \"int8\", \"samples\": 3, \"diffs\": [], \"errors\": [], \"verdict\": \"ok\"}\n"}
,{"stream_name":"stdout","time":1976.282639206,"data":"{\"op\": \"nn.functional.pairwise_distance\", \"dtype\": \"uint8\", \"samples\": 3, \"diffs\": [], \"errors\": [], \"verdict\": \"ok\"}\n"}
,{"stream_name":"stdout","time":1976.282643193,"data":"{\"op\": \"nn.functional.pairwise_distance\", \"dtype\": \"int16\", \"samples\": 3, \"diffs\": [], \"errors\": [], \"verdict\": \"ok\"}\n"}
,{"stream_name":"stdout","time":1976.282647236,"data":"{\"op\": \"nn.functional.pairwise_distance\", \"dtype\": \"int32\", \"samples\": 3, \"diffs\": [], \"errors\": [], \"verdict\": \"ok\"}\n"}
,{"stream_name":"stdout","time":1976.282651654,"data":"{\"op\": \"nn.functional.pixel_shuffle\", \"dtype\": \"float32\", \"samples\": 3, \"diffs\": [], \"errors\": [], \"verdict\": \"ok\"}\n"}
,{"stream_name":"stdout","time":1976.282655476,"data":"{\"op\": \"nn.functional.pixel_shuffle\", \"dtype\": \"float16\", \"samples\": 3, \"diffs\": [], \"errors\": [], \"verdict\": \"ok\"}\n"}
,{"stream_name":"stdout","time":1976.282659124,"data":"{\"op\": \"nn.functional.pixel_shuffle\", \"dtype\": \"bfloat16\", \"samples\": 3, \"diffs\": [], \"errors\": [], \"verdict\": \"ok\"}\n"}
,{"stream_name":"stdout","time":1976.282662783,"data":"{\"op\": \"nn.functional.pixel_shuffle\", \"dtype\": \"int8\", \"samples\": 3, \"diffs\": [], \"errors\": [], \"verdict\": \"ok\"}\n"}
,{"stream_name":"stdout","time":1976.282666476,"data":"{\"op\": \"nn.functional.pixel_shuffle\", \"dtype\": \"uint8\", \"samples\": 3, \"diffs\": [], \"errors\": [], \"verdict\": \"ok\"}\n"}
,{"stream_name":"stdout","time":1976.282670124,"data":"{\"op\": \"nn.functional.pixel_shuffle\", \"dtype\": \"int16\", \"samples\": 3, \"diffs\": [], \"errors\": [], \"verdict\": \"ok\"}\n"}
,{"stream_name":"stdout","time":1976.282673783,"data":"{\"op\": \"nn.functional.pixel_shuffle\", \"dtype\": \"int32\", \"samples\": 3, \"diffs\": [], \"errors\": [], \"verdict\": \"ok\"}\n"}
,{"stream_name":"stdout","time":1976.282677777,"data":"{\"op\": \"nn.functional.pixel_shuffle\", \"dtype\": \"bool\", \"samples\": 3, \"diffs\": [], \"errors\": [], \"verdict\": \"ok\"}\n"}
,{"stream_name":"stdout","time":1976.282681429,"data":"{\"op\": \"nn.functional.pixel_unshuffle\", \"dtype\": \"float32\", \"samples\": 3, \"diffs\": [], \"errors\": [], \"verdict\": \"ok\"}\n"}
,{"stream_name":"stdout","time":1976.282685134,"data":"{\"op\": \"nn.functional.pixel_unshuffle\", \"dtype\": \"float16\", \"samples\": 3, \"diffs\": [], \"errors\": [], \"verdict\": \"ok\"}\n"}
,{"stream_name":"stdout","time":1976.282688778,"data":"{\"op\": \"nn.functional.pixel_unshuffle\", \"dtype\": \"bfloat16\", \"samples\": 3, \"diffs\": [], \"errors\": [], \"verdict\": \"ok\"}\n"}
,{"stream_name":"stdout","time":1976.282692399,"data":"{\"op\": \"nn.functional.pixel_unshuffle\", \"dtype\": \"int8\", \"samples\": 3, \"diffs\": [], \"errors\": [], \"verdict\": \"ok\"}\n"}
,{"stream_name":"stdout","time":1976.282698862,"data":"{\"op\": \"nn.functional.pixel_unshuffle\", \"dtype\": \"uint8\", \"samples\": 3, \"diffs\": [], \"errors\": [], \"verdict\": \"ok\"}\n"}
,{"stream_name":"stdout","time":1976.282702787,"data":"{\"op\": \"nn.functional.pixel_unshuffle\", \"dtype\": \"int16\", \"samples\": 3, \"diffs\": [], \"errors\": [], \"verdict\": \"ok\"}\n"}
,{"stream_name":"stdout","time":1976.28270654,"data":"{\"op\": \"nn.functional.pixel_unshuffle\", \"dtype\": \"int32\", \"samples\": 3, \"diffs\": [], \"errors\": [], \"verdict\": \"ok\"}\n"}
,{"stream_name":"stdout","time":1976.282710163,"data":"{\"op\": \"nn.functional.pixel_unshuffle\", \"dtype\": \"bool\", \"samples\": 3, \"diffs\": [], \"errors\": [], \"verdict\": \"ok\"}\n"}
,{"stream_name":"stdout","time":1976.282713829,"data":"{\"op\": \"nn.functional.channel_shuffle\", \"dtype\": \"float32\", \"samples\": 3, \"diffs\": [], \"errors\": [], \"verdict\": \"ok\"}\n"}
,{"stream_name":"stdout","time":1976.282717874,"data":"{\"op\": \"nn.functional.channel_shuffle\", \"dtype\": \"float16\", \"samples\": 3, \"diffs\": [], \"errors\": [], \"verdict\": \"ok\"}\n"}
,{"stream_name":"stdout","time":1976.282721675,"data":"{\"op\": \"nn.functional.channel_shuffle\", \"dtype\": \"bfloat16\", \"samples\": 3, \"diffs\": [], \"errors\": [], \"verdict\": \"ok\"}\n"}
,{"stream_name":"stdout","time":1976.28272549,"data":"{\"op\": \"nn.functional.channel_shuffle\", \"dtype\": \"int8\", \"samples\": 3, \"diffs\": [], \"errors\": [], \"verdict\": \"ok\"}\n"}
,{"stream_name":"stdout","time":1976.282729397,"data":"{\"op\": \"nn.functional.channel_shuffle\", \"dtype\": \"uint8\", \"samples\": 3, \"diffs\": [], \"errors\": [], \"verdict\": \"ok\"}\n"}
,{"stream_name":"stdout","time":1976.282733338,"data":"{\"op\": \"nn.functional.channel_shuffle\", \"dtype\": \"int16\", \"samples\": 3, \"diffs\": [], \"errors\": [], \"verdict\": \"ok\"}\n"}
,{"stream_name":"stdout","time":1976.282737263,"data":"{\"op\": \"nn.functional.channel_shuffle\", \"dtype\": \"int32\", \"samples\": 3, \"diffs\": [], \"errors\": [], \"verdict\": \"ok\"}\n"}
,{"stream_name":"stdout","time":1976.282741083,"data":"{\"op\": \"nn.functional.channel_shuffle\", \"dtype\": \"bool\", \"samples\": 3, \"diffs\": [], \"errors\": [], \"verdict\": \"ok\"}\n"}
,{"stream_name":"stdout","time":1976.282745031,"data":"{\"op\": \"nn.functional.kl_div\", \"dtype\": \"float32\", \"samples\": 3, \"diffs\": [], \"errors\": [], \"verdict\": \"ok\"}\n"}
,{"stream_name":"stdout","time":1976.282748901,"data":"{\"op\": \"nn.functional.kl_div\", \"dtype\": \"float16\", \"samples\": 3, \"diffs\": [], \"errors\": [], \"verdict\": \"ok\"}\n"}
,{"stream_name":"stdout","time":1976.282752836,"data":"{\"op\": \"nn.functional.kl_div\", \"dtype\": \"bfloat16\", \"samples\": 3, \"diffs\": [], \"errors\": [], \"verdict\": \"ok\"}\n"}
,{"stream_name":"stdout","time":1976.282756653,"data":"{\"op\": \"diagflat\", \"dtype\": \"float32\", \"samples\": 3, \"diffs\": [], \"errors\": [], \"verdict\": \"ok\"}\n"}
,{"stream_name":"stdout","time":1976.282760467,"data":"{\"op\": \"diagflat\", \"dtype\": \"float16\", \"samples\": 3, \"diffs\": [], \"errors\": [], \"verdict\": \"ok\"}\n"}
,{"stream_name":"stdout","time":1976.282764269,"data":"{\"op\": \"diagflat\", \"dtype\": \"bfloat16\", \"samples\": 3, \"diffs\": [], \"errors\": [], \"verdict\": \"ok\"}\n"}
,{"stream_name":"stdout","time":1976.282768373,"data":"{\"op\": \"diagflat\", \"dtype\": \"int8\", \"samples\": 3, \"diffs\": [], \"errors\": [], \"verdict\": \"ok\"}\n"}
,{"stream_name":"stdout","time":1976.28277219,"data":"{\"op\": \"diagflat\", \"dtype\": \"uint8\", \"samples\": 3, \"diffs\": [], \"errors\": [], \"verdict\": \"ok\"}\n"}
,{"stream_name":"stdout","time":1976.282776061,"data":"{\"op\": \"diagflat\", \"dtype\": \"int16\", \"samples\": 3, \"diffs\": [], \"errors\": [], \"verdict\": \"ok\"}\n"}
,{"stream_name":"stdout","time":1976.282783081,"data":"{\"op\": \"diagflat\", \"dtype\": \"int32\", \"samples\": 3, \"diffs\": [], \"errors\": [], \"verdict\": \"ok\"}\n"}
,{"stream_name":"stdout","time":1976.282786766,"data":"{\"op\": \"diagflat\", \"dtype\": \"bool\", \"samples\": 3, \"diffs\": [], \"errors\": [], \"verdict\": \"ok\"}\n"}
,{"stream_name":"stdout","time":1976.282790539,"data":"{\"op\": \"scatter_reduce\", \"dtype\": \"float32\", \"samples\": 3, \"diffs\": [], \"errors\": [], \"verdict\": \"ok\"}\n"}
,{"stream_name":"stdout","time":1976.282794704,"data":"{\"op\": \"scatter_reduce\", \"dtype\": \"float16\", \"samples\": 3, \"diffs\": [], \"errors\": [], \"verdict\": \"ok\"}\n"}
,{"stream_name":"stdout","time":1976.282799283,"data":"{\"op\": \"scatter_reduce\", \"dtype\": \"bfloat16\", \"samples\": 3, \"diffs\": [], \"errors\": [], \"verdict\": \"ok\"}\n"}
,{"stream_name":"stdout","time":1976.282803108,"data":"{\"op\": \"scatter_reduce\", \"dtype\": \"int8\", \"samples\": 3, \"diffs\": [], \"errors\": [\"compile InductorError\", \"compile InductorError\", \"compile InductorError\"], \"verdict\": \"ok\"}\n"}
,{"stream_name":"stdout","time":1976.282807734,"data":"{\"op\": \"scatter_reduce\", \"dtype\": \"uint8\", \"samples\": 3, \"diffs\": [], \"errors\": [\"compile InductorError\", \"compile InductorError\", \"compile InductorError\"], \"verdict\": \"ok\"}\n"}
,{"stream_name":"stdout","time":1976.282812107,"data":"{\"op\": \"scatter_reduce\", \"dtype\": \"int16\", \"samples\": 3, \"diffs\": [], \"errors\": [\"compile InductorError\", \"compile InductorError\", \"compile InductorError\"], \"verdict\": \"ok\"}\n"}
,{"stream_name":"stdout","time":1976.282816367,"data":"{\"op\": \"scatter_reduce\", \"dtype\": \"int32\", \"samples\": 3, \"diffs\": [], \"errors\": [], \"verdict\": \"ok\"}\n"}
,{"stream_name":"stdout","time":1976.282820478,"data":"{\"op\": \"scatter_reduce\", \"dtype\": \"bool\", \"samples\": 3, \"diffs\": [], \"errors\": [], \"verdict\": \"ok\"}\n"}
,{"stream_name":"stdout","time":1976.282824789,"data":"{\"op\": \"scatter_reduce\", \"dtype\": \"float32\", \"samples\": 3, \"diffs\": [], \"errors\": [], \"verdict\": \"ok\"}\n"}
,{"stream_name":"stdout","time":1976.282828656,"data":"{\"op\": \"scatter_reduce\", \"dtype\": \"float16\", \"samples\": 3, \"diffs\": [], \"errors\": [], \"verdict\": \"ok\"}\n"}
,{"stream_name":"stdout","time":1976.282832564,"data":"{\"op\": \"scatter_reduce\", \"dtype\": \"bfloat16\", \"samples\": 3, \"diffs\": [], \"errors\": [], \"verdict\": \"ok\"}\n"}
,{"stream_name":"stdout","time":1976.282836328,"data":"{\"op\": \"scatter_reduce\", \"dtype\": \"int8\", \"samples\": 3, \"diffs\": [], \"errors\": [], \"verdict\": \"ok\"}\n"}
,{"stream_name":"stdout","time":1976.282840224,"data":"{\"op\": \"scatter_reduce\", \"dtype\": \"uint8\", \"samples\": 3, \"diffs\": [], \"errors\": [], \"verdict\": \"ok\"}\n"}
,{"stream_name":"stdout","time":1976.282844103,"data":"{\"op\": \"scatter_reduce\", \"dtype\": \"int16\", \"samples\": 3, \"diffs\": [], \"errors\": [], \"verdict\": \"ok\"}\n"}
,{"stream_name":"stdout","time":1976.282847793,"data":"{\"op\": \"scatter_reduce\", \"dtype\": \"int32\", \"samples\": 3, \"diffs\": [], \"errors\": [], \"verdict\": \"ok\"}\n"}
,{"stream_name":"stdout","time":1976.282851751,"data":"{\"op\": \"scatter_reduce\", \"dtype\": \"float32\", \"samples\": 3, \"diffs\": [], \"errors\": [], \"verdict\": \"ok\"}\n"}
,{"stream_name":"stdout","time":1976.282855678,"data":"{\"op\": \"scatter_reduce\", \"dtype\": \"float16\", \"samples\": 3, \"diffs\": [], \"errors\": [], \"verdict\": \"ok\"}\n"}
,{"stream_name":"stdout","time":1976.282859477,"data":"{\"op\": \"scatter_reduce\", \"dtype\": \"bfloat16\", \"samples\": 3, \"diffs\": [], \"errors\": [], \"verdict\": \"ok\"}\n"}
,{"stream_name":"stdout","time":1976.282867216,"data":"{\"op\": \"scatter_reduce\", \"dtype\": \"int8\", \"samples\": 3, \"diffs\": [], \"errors\": [], \"verdict\": \"ok\"}\n"}
,{"stream_name":"stdout","time":1976.282871409,"data":"{\"op\": \"scatter_reduce\", \"dtype\": \"uint8\", \"samples\": 3, \"diffs\": [], \"errors\": [], \"verdict\": \"ok\"}\n"}
,{"stream_name":"stdout","time":1976.282875338,"data":"{\"op\": \"scatter_reduce\", \"dtype\": \"int16\", \"samples\": 3, \"diffs\": [], \"errors\": [], \"verdict\": \"ok\"}\n"}
,{"stream_name":"stdout","time":1976.282879463,"data":"{\"op\": \"scatter_reduce\", \"dtype\": \"int32\", \"samples\": 3, \"diffs\": [], \"errors\": [], \"verdict\": \"ok\"}\n"}
,{"stream_name":"stdout","time":1976.282883271,"data":"{\"op\": \"scatter_reduce\", \"dtype\": \"float32\", \"samples\": 3, \"diffs\": [], \"errors\": [], \"verdict\": \"ok\"}\n"}
,{"stream_name":"stdout","time":1976.28289022,"data":"{\"op\": \"scatter_reduce\", \"dtype\": \"float16\", \"samples\": 3, \"diffs\": [], \"errors\": [], \"verdict\": \"ok\"}\n"}
,{"stream_name":"stdout","time":1976.282894224,"data":"{\"op\": \"scatter_reduce\", \"dtype\": \"bfloat16\", \"samples\": 3, \"diffs\": [], \"errors\": [], \"verdict\": \"ok\"}\n"}
,{"stream_name":"stdout","time":1976.282898106,"data":"{\"op\": \"scatter_reduce\", \"dtype\": \"int8\", \"samples\": 3, \"diffs\": [], \"errors\": [], \"verdict\": \"ok\"}\n"}
,{"stream_name":"stdout","time":1976.282901571,"data":"{\"op\": \"scatter_reduce\", \"dtype\": \"uint8\", \"samples\": 3, \"diffs\": [], \"errors\": [], \"verdict\": \"ok\"}\n"}
,{"stream_name":"stdout","time":1976.282905186,"data":"{\"op\": \"scatter_reduce\", \"dtype\": \"int16\", \"samples\": 3, \"diffs\": [], \"errors\": [], \"verdict\": \"ok\"}\n"}
,{"stream_name":"stdout","time":1976.282909229,"data":"{\"op\": \"scatter_reduce\", \"dtype\": \"int32\", \"samples\": 3, \"diffs\": [], \"errors\": [], \"verdict\": \"ok\"}\n"}
,{"stream_name":"stdout","time":1976.282913258,"data":"{\"op\": \"scatter_reduce\", \"dtype\": \"float32\", \"samples\": 3, \"diffs\": [], \"errors\": [], \"verdict\": \"ok\"}\n"}
,{"stream_name":"stdout","time":1976.282916958,"data":"{\"op\": \"scatter_reduce\", \"dtype\": \"float16\", \"samples\": 3, \"diffs\": [], \"errors\": [], \"verdict\": \"ok\"}\n"}
,{"stream_name":"stdout","time":1976.282920947,"data":"{\"op\": \"scatter_reduce\", \"dtype\": \"bfloat16\", \"samples\": 3, \"diffs\": [], \"errors\": [], \"verdict\": \"ok\"}\n"}
,{"stream_name":"stdout","time":1976.282924619,"data":"{\"op\": \"scatter_reduce\", \"dtype\": \"int8\", \"samples\": 3, \"diffs\": [], \"errors\": [], \"verdict\": \"ok\"}\n"}
,{"stream_name":"stdout","time":1976.282945362,"data":"{\"op\": \"scatter_reduce\", \"dtype\": \"uint8\", \"samples\": 3, \"diffs\": [], \"errors\": [], \"verdict\": \"ok\"}\n"}
,{"stream_name":"stdout","time":1976.282956118,"data":"{\"op\": \"scatter_reduce\", \"dtype\": \"int16\", \"samples\": 3, \"diffs\": [], \"errors\": [], \"verdict\": \"ok\"}\n"}
,{"stream_name":"stdout","time":1976.282960351,"data":"{\"op\": \"scatter_reduce\", \"dtype\": \"int32\", \"samples\": 3, \"diffs\": [], \"errors\": [], \"verdict\": \"ok\"}\n"}
,{"stream_name":"stdout","time":1976.282964167,"data":"{\"op\": \"_segment_reduce\", \"dtype\": \"float32\", \"samples\": 3, \"diffs\": [], \"errors\": [], \"verdict\": \"ok\"}\n"}
,{"stream_name":"stdout","time":1976.282968333,"data":"{\"op\": \"_segment_reduce\", \"dtype\": \"float16\", \"samples\": 3, \"diffs\": [], \"errors\": [], \"verdict\": \"ok\"}\n"}
,{"stream_name":"stdout","time":1976.282972033,"data":"{\"op\": \"_segment_reduce\", \"dtype\": \"bfloat16\", \"samples\": 3, \"diffs\": [], \"errors\": [], \"verdict\": \"ok\"}\n"}
,{"stream_name":"stdout","time":1976.282976166,"data":"{\"op\": \"_segment_reduce\", \"dtype\": \"float32\", \"samples\": 3, \"diffs\": [], \"errors\": [], \"verdict\": \"ok\"}\n"}
,{"stream_name":"stdout","time":1976.282985195,"data":"{\"op\": \"_segment_reduce\", \"dtype\": \"float16\", \"samples\": 3, \"diffs\": [], \"errors\": [], \"verdict\": \"ok\"}\n"}
,{"stream_name":"stdout","time":1976.282989174,"data":"{\"op\": \"_segment_reduce\", \"dtype\": \"bfloat16\", \"samples\": 3, \"diffs\": [], \"errors\": [], \"verdict\": \"ok\"}\n"}
,{"stream_name":"stdout","time":1976.282992743,"data":"{\"op\": \"linalg.cross\", \"dtype\": \"float32\", \"samples\": 3, \"diffs\": [], \"errors\": [], \"verdict\": \"ok\"}\n"}
,{"stream_name":"stdout","time":1976.282996845,"data":"{\"op\": \"linalg.cross\", \"dtype\": \"float16\", \"samples\": 3, \"diffs\": [{\"i\": 1, \"class\": \"VALUE\", \"detail\": \"nan pattern at [0, 0, 1]: eager nan compiled 0.0\", \"repr\": \"SampleInput(input=tensor([[[-6.7109,  5.7031,  0.7920,  2.8809, -4.1016],\\n         [ 8.5234, -1.9736, -2.8906,  0.8120,  4.1602],\\n         [-2.0449,  1.7256,  4.6406, -5.1719,  3.9570]],\\n\\n        [[ 8.7188,  0.9326, -7.2344, -7.9531,  1.5098],\\n         [-7.0508,  8.0312, -3.2930,  5.9922,  3.0176],\\n\"}], \"errors\": [], \"verdict\": \"DIFF:VALUE\"}\n"}
,{"stream_name":"stdout","time":1976.283002905,"data":"{\"op\": \"linalg.cross\", \"dtype\": \"bfloat16\", \"samples\": 3, \"diffs\": [], \"errors\": [], \"verdict\": \"ok\"}\n"}
,{"stream_name":"stdout","time":1976.283006862,"data":"{\"op\": \"linalg.cross\", \"dtype\": \"int8\", \"samples\": 3, \"diffs\": [], \"errors\": [], \"verdict\": \"ok\"}\n"}
,{"stream_name":"stdout","time":1976.283010832,"data":"{\"op\": \"linalg.cross\", \"dtype\": \"uint8\", \"samples\": 3, \"diffs\": [], \"errors\": [], \"verdict\": \"ok\"}\n"}
,{"stream_name":"stdout","time":1976.283014995,"data":"{\"op\": \"linalg.cross\", \"dtype\": \"int16\", \"samples\": 3, \"diffs\": [], \"errors\": [], \"verdict\": \"ok\"}\n"}
,{"stream_name":"stdout","time":1976.283018858,"data":"{\"op\": \"linalg.cross\", \"dtype\": \"int32\", \"samples\": 3, \"diffs\": [], \"errors\": [], \"verdict\": \"ok\"}\n"}
,{"stream_name":"stdout","time":1976.283022982,"data":"{\"op\": \"linalg.diagonal\", \"dtype\": \"float32\", \"samples\": 3, \"diffs\": [], \"errors\": [], \"verdict\": \"ok\"}\n"}
,{"stream_name":"stdout","time":1976.283026958,"data":"{\"op\": \"linalg.diagonal\", \"dtype\": \"float16\", \"samples\": 3, \"diffs\": [], \"errors\": [], \"verdict\": \"ok\"}\n"}
,{"stream_name":"stdout","time":1976.283030846,"data":"{\"op\": \"linalg.diagonal\", \"dtype\": \"bfloat16\", \"samples\": 3, \"diffs\": [], \"errors\": [], \"verdict\": \"ok\"}\n"}
,{"stream_name":"stdout","time":1976.283034567,"data":"{\"op\": \"linalg.diagonal\", \"dtype\": \"int8\", \"samples\": 3, \"diffs\": [], \"errors\": [], \"verdict\": \"ok\"}\n"}
,{"stream_name":"stdout","time":1976.283038906,"data":"{\"op\": \"linalg.diagonal\", \"dtype\": \"uint8\", \"samples\": 3, \"diffs\": [], \"errors\": [], \"verdict\": \"ok\"}\n"}
,{"stream_name":"stdout","time":1976.283042819,"data":"{\"op\": \"linalg.diagonal\", \"dtype\": \"int16\", \"samples\": 3, \"diffs\": [], \"errors\": [], \"verdict\": \"ok\"}\n"}
,{"stream_name":"stdout","time":1976.283046723,"data":"{\"op\": \"linalg.diagonal\", \"dtype\": \"int32\", \"samples\": 3, \"diffs\": [], \"errors\": [], \"verdict\": \"ok\"}\n"}
,{"stream_name":"stdout","time":1976.283051335,"data":"{\"op\": \"linalg.diagonal\", \"dtype\": \"bool\", \"samples\": 3, \"diffs\": [], \"errors\": [], \"verdict\": \"ok\"}\n"}
,{"stream_name":"stdout","time":1976.283055153,"data":"{\"op\": \"linalg.vecdot\", \"dtype\": \"float32\", \"samples\": 3, \"diffs\": [], \"errors\": [], \"verdict\": \"ok\"}\n"}
,{"stream_name":"stdout","time":1976.283059159,"data":"{\"op\": \"linalg.vecdot\", \"dtype\": \"float16\", \"samples\": 3, \"diffs\": [], \"errors\": [], \"verdict\": \"ok\"}\n"}
,{"stream_name":"stdout","time":1976.283066158,"data":"{\"op\": \"linalg.vecdot\", \"dtype\": \"bfloat16\", \"samples\": 3, \"diffs\": [], \"errors\": [], \"verdict\": \"ok\"}\n"}
,{"stream_name":"stdout","time":1976.283070298,"data":"{\"op\": \"linalg.cond\", \"dtype\": \"float32\", \"samples\": 3, \"diffs\": [], \"errors\": [], \"verdict\": \"ok\"}\n"}
,{"stream_name":"stdout","time":1976.283074463,"data":"{\"op\": \"linalg.householder_product\", \"dtype\": \"float32\", \"samples\": 3, \"diffs\": [], \"errors\": [], \"verdict\": \"ok\"}\n"}
,{"stream_name":"stdout","time":1976.283079043,"data":"{\"op\": \"linalg.ldl_factor\", \"dtype\": \"float32\", \"samples\": 3, \"diffs\": [], \"errors\": [], \"verdict\": \"ok\"}\n"}
,{"stream_name":"stdout","time":1976.283083037,"data":"{\"op\": \"linalg.ldl_factor_ex\", \"dtype\": \"float32\", \"samples\": 3, \"diffs\": [], \"errors\": [], \"verdict\": \"ok\"}\n"}
,{"stream_name":"stdout","time":1976.283087003,"data":"{\"op\": \"linalg.matrix_power\", \"dtype\": \"float32\", \"samples\": 3, \"diffs\": [], \"errors\": [], \"verdict\": \"ok\"}\n"}
,{"stream_name":"stdout","time":1976.283091339,"data":"{\"op\": \"linalg.multi_dot\", \"dtype\": \"float32\", \"samples\": 3, \"diffs\": [], \"errors\": [], \"verdict\": \"ok\"}\n"}
,{"stream_name":"stdout","time":1976.283095164,"data":"{\"op\": \"linalg.multi_dot\", \"dtype\": \"float16\", \"samples\": 3, \"diffs\": [], \"errors\": [], \"verdict\": \"ok\"}\n"}
,{"stream_name":"stdout","time":1976.283099579,"data":"{\"op\": \"linalg.multi_dot\", \"dtype\": \"bfloat16\", \"samples\": 3, \"diffs\": [], \"errors\": [], \"verdict\": \"ok\"}\n"}
,{"stream_name":"stdout","time":1976.283103625,"data":"{\"op\": \"linalg.norm\", \"dtype\": \"float32\", \"samples\": 3, \"diffs\": [], \"errors\": [], \"verdict\": \"ok\"}\n"}
,{"stream_name":"stdout","time":1976.283108164,"data":"{\"op\": \"linalg.norm\", \"dtype\": \"float16\", \"samples\": 3, \"diffs\": [], \"errors\": [], \"verdict\": \"ok\"}\n"}
,{"stream_name":"stdout","time":1976.283112478,"data":"{\"op\": \"linalg.norm\", \"dtype\": \"bfloat16\", \"samples\": 3, \"diffs\": [], \"errors\": [], \"verdict\": \"ok\"}\n"}
,{"stream_name":"stdout","time":1976.283116387,"data":"{\"op\": \"linalg.norm\", \"dtype\": \"float32\", \"samples\": 3, \"diffs\": [], \"errors\": [], \"verdict\": \"ok\"}\n"}
,{"stream_name":"stdout","time":1976.28312052,"data":"{\"op\": \"linalg.norm\", \"dtype\": \"float16\", \"samples\": 3, \"diffs\": [], \"errors\": [], \"verdict\": \"ok\"}\n"}
,{"stream_name":"stdout","time":1976.283125026,"data":"{\"op\": \"linalg.norm\", \"dtype\": \"bfloat16\", \"samples\": 3, \"diffs\": [], \"errors\": [], \"verdict\": \"ok\"}\n"}
,{"stream_name":"stdout","time":1976.283129154,"data":"{\"op\": \"linalg.matrix_norm\", \"dtype\": \"float32\", \"samples\": 3, \"diffs\": [], \"errors\": [], \"verdict\": \"ok\"}\n"}
,{"stream_name":"stdout","time":1976.283133087,"data":"{\"op\": \"linalg.matrix_norm\", \"dtype\": \"float16\", \"samples\": 3, \"diffs\": [], \"errors\": [], \"verdict\": \"ok\"}\n"}
,{"stream_name":"stdout","time":1976.283137256,"data":"{\"op\": \"linalg.matrix_norm\", \"dtype\": \"bfloat16\", \"samples\": 3, \"diffs\": [], \"errors\": [], \"verdict\": \"ok\"}\n"}
,{"stream_name":"stdout","time":1976.283140937,"data":"{\"op\": \"linalg.polar\", \"dtype\": \"float32\", \"samples\": 3, \"diffs\": [], \"errors\": [], \"verdict\": \"ok\"}\n"}
,{"stream_name":"stdout","time":1976.283144908,"data":"{\"op\": \"linalg.vander\", \"dtype\": \"float32\", \"samples\": 3, \"diffs\": [], \"errors\": [], \"verdict\": \"ok\"}\n"}
,{"stream_name":"stdout","time":1976.283148414,"data":"{\"op\": \"linalg.vander\", \"dtype\": \"int8\", \"samples\": 3, \"diffs\": [], \"errors\": [], \"verdict\": \"ok\"}\n"}
,{"stream_name":"stdout","time":1976.283155764,"data":"{\"op\": \"linalg.vander\", \"dtype\": \"uint8\", \"samples\": 3, \"diffs\": [], \"errors\": [], \"verdict\": \"ok\"}\n"}
,{"stream_name":"stdout","time":1976.283159769,"data":"{\"op\": \"linalg.vander\", \"dtype\": \"int16\", \"samples\": 3, \"diffs\": [], \"errors\": [], \"verdict\": \"ok\"}\n"}
,{"stream_name":"stdout","time":1976.283163531,"data":"{\"op\": \"linalg.vander\", \"dtype\": \"int32\", \"samples\": 3, \"diffs\": [], \"errors\": [], \"verdict\": \"ok\"}\n"}
,{"stream_name":"stdout","time":1976.283167993,"data":"{\"op\": \"linalg.vector_norm\", \"dtype\": \"float32\", \"samples\": 3, \"diffs\": [], \"errors\": [], \"verdict\": \"ok\"}\n"}
,{"stream_name":"stdout","time":1976.283171745,"data":"{\"op\": \"linalg.vector_norm\", \"dtype\": \"float16\", \"samples\": 3, \"diffs\": [], \"errors\": [], \"verdict\": \"ok\"}\n"}
,{"stream_name":"stdout","time":1976.283175619,"data":"{\"op\": \"linalg.vector_norm\", \"dtype\": \"bfloat16\", \"samples\": 3, \"diffs\": [], \"errors\": [], \"verdict\": \"ok\"}\n"}
,{"stream_name":"stdout","time":1976.283179754,"data":"{\"op\": \"linalg.inv\", \"dtype\": \"float32\", \"samples\": 3, \"diffs\": [], \"errors\": [], \"verdict\": \"ok\"}\n"}
,{"stream_name":"stdout","time":1976.283183745,"data":"{\"op\": \"linalg.inv_ex\", \"dtype\": \"float32\", \"samples\": 3, \"diffs\": [], \"errors\": [], \"verdict\": \"ok\"}\n"}
,{"stream_name":"stdout","time":1976.283187373,"data":"{\"op\": \"linalg.tensorinv\", \"dtype\": \"float32\", \"samples\": 2, \"diffs\": [], \"errors\": [], \"verdict\": \"ok\"}\n"}
,{"stream_name":"stdout","time":1976.283191119,"data":"{\"op\": \"special.i0e\", \"dtype\": \"float32\", \"samples\": 2, \"diffs\": [], \"errors\": [], \"verdict\": \"ok\"}\n"}
,{"stream_name":"stdout","time":1976.283194899,"data":"{\"op\": \"special.i0e\", \"dtype\": \"float16\", \"samples\": 2, \"diffs\": [], \"errors\": [], \"verdict\": \"ok\"}\n"}
,{"stream_name":"stdout","time":1976.283198545,"data":"{\"op\": \"special.i0e\", \"dtype\": \"bfloat16\", \"samples\": 2, \"diffs\": [], \"errors\": [], \"verdict\": \"ok\"}\n"}
,{"stream_name":"stdout","time":1976.283202192,"data":"{\"op\": \"special.i0e\", \"dtype\": \"int8\", \"samples\": 2, \"diffs\": [], \"errors\": [], \"verdict\": \"ok\"}\n"}
,{"stream_name":"stdout","time":1976.283206117,"data":"{\"op\": \"special.i0e\", \"dtype\": \"uint8\", \"samples\": 2, \"diffs\": [], \"errors\": [], \"verdict\": \"ok\"}\n"}
,{"stream_name":"stdout","time":1976.283209824,"data":"{\"op\": \"special.i0e\", \"dtype\": \"int16\", \"samples\": 2, \"diffs\": [], \"errors\": [], \"verdict\": \"ok\"}\n"}
,{"stream_name":"stdout","time":1976.283213663,"data":"{\"op\": \"special.i0e\", \"dtype\": \"int32\", \"samples\": 2, \"diffs\": [], \"errors\": [], \"verdict\": \"ok\"}\n"}
,{"stream_name":"stdout","time":1976.283217651,"data":"{\"op\": \"special.i0e\", \"dtype\": \"bool\", \"samples\": 2, \"diffs\": [], \"errors\": [], \"verdict\": \"ok\"}\n"}
,{"stream_name":"stdout","time":1976.283221851,"data":"{\"op\": \"special.i1\", \"dtype\": \"float32\", \"samples\": 2, \"diffs\": [{\"i\": 0, \"class\": \"SIGNZERO\", \"detail\": \"sign of zero\", \"repr\": \"SampleInput(input=tensor([-6.7103,  5.7013,  0.7920,  2.8814, -4.1030], device='cuda:0'), args=(), kwargs={}, broadcasts_input=False, name='')\"}], \"errors\": [], \"verdict\": \"DIFF:SIGNZERO\"}\n"}
,{"stream_name":"stdout","time":1976.283226762,"data":"{\"op\": \"special.i1\", \"dtype\": \"float16\", \"samples\": 2, \"diffs\": [{\"i\": 0, \"class\": \"SIGNZERO\", \"detail\": \"sign of zero\", \"repr\": \"SampleInput(input=tensor([-6.7109,  5.7031,  0.7920,  2.8809, -4.1016], device='cuda:0',\\n       dtype=torch.float16), args=(), kwargs={}, broadcasts_input=False, name='')\"}], \"errors\": [], \"verdict\": \"DIFF:SIGNZERO\"}\n"}
,{"stream_name":"stdout","time":1976.283235012,"data":"{\"op\": \"special.i1\", \"dtype\": \"bfloat16\", \"samples\": 2, \"diffs\": [], \"errors\": [], \"verdict\": \"ok\"}\n"}
,{"stream_name":"stdout","time":1976.283246836,"data":"{\"op\": \"special.i1\", \"dtype\": \"int8\", \"samples\": 2, \"diffs\": [], \"errors\": [], \"verdict\": \"ok\"}\n"}
,{"stream_name":"stdout","time":1976.283251064,"data":"{\"op\": \"special.i1\", \"dtype\": \"uint8\", \"samples\": 2, \"diffs\": [], \"errors\": [], \"verdict\": \"ok\"}\n"}
,{"stream_name":"stdout","time":1976.283255268,"data":"{\"op\": \"special.i1\", \"dtype\": \"int16\", \"samples\": 2, \"diffs\": [], \"errors\": [], \"verdict\": \"ok\"}\n"}
,{"stream_name":"stdout","time":1976.283259403,"data":"{\"op\": \"special.i1\", \"dtype\": \"int32\", \"samples\": 2, \"diffs\": [], \"errors\": [], \"verdict\": \"ok\"}\n"}
,{"stream_name":"stdout","time":1976.283263526,"data":"{\"op\": \"special.i1\", \"dtype\": \"bool\", \"samples\": 2, \"diffs\": [], \"errors\": [], \"verdict\": \"ok\"}\n"}
,{"stream_name":"stdout","time":1976.283267494,"data":"{\"op\": \"special.i1e\", \"dtype\": \"float32\", \"samples\": 2, \"diffs\": [], \"errors\": [], \"verdict\": \"ok\"}\n"}
,{"stream_name":"stdout","time":1976.283271662,"data":"{\"op\": \"special.i1e\", \"dtype\": \"float16\", \"samples\": 2, \"diffs\": [], \"errors\": [], \"verdict\": \"ok\"}\n"}
,{"stream_name":"stdout","time":1976.283275605,"data":"{\"op\": \"special.i1e\", \"dtype\": \"bfloat16\", \"samples\": 2, \"diffs\": [], \"errors\": [], \"verdict\": \"ok\"}\n"}
,{"stream_name":"stdout","time":1976.283279374,"data":"{\"op\": \"special.i1e\", \"dtype\": \"int8\", \"samples\": 2, \"diffs\": [], \"errors\": [], \"verdict\": \"ok\"}\n"}
,{"stream_name":"stdout","time":1976.283283379,"data":"{\"op\": \"special.i1e\", \"dtype\": \"uint8\", \"samples\": 2, \"diffs\": [], \"errors\": [], \"verdict\": \"ok\"}\n"}
,{"stream_name":"stdout","time":1976.28328741,"data":"{\"op\": \"special.i1e\", \"dtype\": \"int16\", \"samples\": 2, \"diffs\": [], \"errors\": [], \"verdict\": \"ok\"}\n"}
,{"stream_name":"stdout","time":1976.283291329,"data":"{\"op\": \"special.i1e\", \"dtype\": \"int32\", \"samples\": 2, \"diffs\": [], \"errors\": [], \"verdict\": \"ok\"}\n"}
,{"stream_name":"stdout","time":1976.283295873,"data":"{\"op\": \"special.i1e\", \"dtype\": \"bool\", \"samples\": 2, \"diffs\": [], \"errors\": [], \"verdict\": \"ok\"}\n"}
,{"stream_name":"stdout","time":1976.283299991,"data":"{\"op\": \"special.ndtr\", \"dtype\": \"float32\", \"samples\": 3, \"diffs\": [], \"errors\": [], \"verdict\": \"ok\"}\n"}
,{"stream_name":"stdout","time":1976.28330427,"data":"{\"op\": \"special.ndtr\", \"dtype\": \"float16\", \"samples\": 3, \"diffs\": [], \"errors\": [], \"verdict\": \"ok\"}\n"}
,{"stream_name":"stdout","time":1976.283308314,"data":"{\"op\": \"special.ndtr\", \"dtype\": \"bfloat16\", \"samples\": 3, \"diffs\": [], \"errors\": [], \"verdict\": \"ok\"}\n"}
,{"stream_name":"stdout","time":1976.283312093,"data":"{\"op\": \"special.ndtr\", \"dtype\": \"int8\", \"samples\": 3, \"diffs\": [], \"errors\": [], \"verdict\": \"ok\"}\n"}
,{"stream_name":"stdout","time":1976.283316166,"data":"{\"op\": \"special.ndtr\", \"dtype\": \"uint8\", \"samples\": 3, \"diffs\": [], \"errors\": [], \"verdict\": \"ok\"}\n"}
,{"stream_name":"stdout","time":1976.283319979,"data":"{\"op\": \"special.ndtr\", \"dtype\": \"int16\", \"samples\": 3, \"diffs\": [], \"errors\": [], \"verdict\": \"ok\"}\n"}
,{"stream_name":"stdout","time":1976.283324021,"data":"{\"op\": \"special.ndtr\", \"dtype\": \"int32\", \"samples\": 3, \"diffs\": [], \"errors\": [], \"verdict\": \"ok\"}\n"}
,{"stream_name":"stdout","time":1976.283328133,"data":"{\"op\": \"special.ndtr\", \"dtype\": \"bool\", \"samples\": 3, \"diffs\": [], \"errors\": [], \"verdict\": \"ok\"}\n"}
,{"stream_name":"stdout","time":1976.283335345,"data":"{\"op\": \"special.polygamma\", \"dtype\": \"float32\", \"samples\": 3, \"diffs\": [], \"errors\": [], \"verdict\": \"ok\"}\n"}
,{"stream_name":"stdout","time":1976.283339426,"data":"{\"op\": \"special.polygamma\", \"dtype\": \"float16\", \"samples\": 3, \"diffs\": [], \"errors\": [], \"verdict\": \"ok\"}\n"}
,{"stream_name":"stdout","time":1976.283343197,"data":"{\"op\": \"special.polygamma\", \"dtype\": \"bfloat16\", \"samples\": 3, \"diffs\": [], \"errors\": [], \"verdict\": \"ok\"}\n"}
,{"stream_name":"stdout","time":1976.283347249,"data":"{\"op\": \"special.polygamma\", \"dtype\": \"int8\", \"samples\": 3, \"diffs\": [], \"errors\": [], \"verdict\": \"ok\"}\n"}
,{"stream_name":"stdout","time":1976.283351036,"data":"{\"op\": \"special.polygamma\", \"dtype\": \"uint8\", \"samples\": 3, \"diffs\": [], \"errors\": [], \"verdict\": \"ok\"}\n"}
,{"stream_name":"stdout","time":1976.283354847,"data":"{\"op\": \"special.polygamma\", \"dtype\": \"int16\", \"samples\": 3, \"diffs\": [], \"errors\": [], \"verdict\": \"ok\"}\n"}
,{"stream_name":"stdout","time":1976.283358869,"data":"{\"op\": \"special.polygamma\", \"dtype\": \"int32\", \"samples\": 3, \"diffs\": [], \"errors\": [], \"verdict\": \"ok\"}\n"}
,{"stream_name":"stdout","time":1976.283363177,"data":"{\"op\": \"special.polygamma\", \"dtype\": \"bool\", \"samples\": 3, \"diffs\": [], \"errors\": [], \"verdict\": \"ok\"}\n"}
,{"stream_name":"stdout","time":1976.283366993,"data":"{\"op\": \"special.xlog1py\", \"dtype\": \"float32\", \"samples\": 3, \"diffs\": [], \"errors\": [], \"verdict\": \"ok\"}\n"}
,{"stream_name":"stdout","time":1976.28337105,"data":"{\"op\": \"special.xlog1py\", \"dtype\": \"float16\", \"samples\": 3, \"diffs\": [], \"errors\": [], \"verdict\": \"ok\"}\n"}
,{"stream_name":"stdout","time":1976.283374944,"data":"{\"op\": \"special.xlog1py\", \"dtype\": \"bfloat16\", \"samples\": 3, \"diffs\": [], \"errors\": [], \"verdict\": \"ok\"}\n"}
,{"stream_name":"stdout","time":1976.283379302,"data":"{\"op\": \"special.xlog1py\", \"dtype\": \"int8\", \"samples\": 3, \"diffs\": [], \"errors\": [], \"verdict\": \"ok\"}\n"}
,{"stream_name":"stdout","time":1976.283383259,"data":"{\"op\": \"special.xlog1py\", \"dtype\": \"uint8\", \"samples\": 3, \"diffs\": [], \"errors\": [], \"verdict\": \"ok\"}\n"}
,{"stream_name":"stdout","time":1976.283387044,"data":"{\"op\": \"special.xlog1py\", \"dtype\": \"int16\", \"samples\": 3, \"diffs\": [], \"errors\": [], \"verdict\": \"ok\"}\n"}
,{"stream_name":"stdout","time":1976.283391016,"data":"{\"op\": \"special.xlog1py\", \"dtype\": \"int32\", \"samples\": 3, \"diffs\": [], \"errors\": [], \"verdict\": \"ok\"}\n"}
,{"stream_name":"stdout","time":1976.283395141,"data":"{\"op\": \"special.xlog1py\", \"dtype\": \"bool\", \"samples\": 3, \"diffs\": [], \"errors\": [], \"verdict\": \"ok\"}\n"}
,{"stream_name":"stdout","time":1976.283399299,"data":"{\"op\": \"special.entr\", \"dtype\": \"float32\", \"samples\": 2, \"diffs\": [], \"errors\": [], \"verdict\": \"ok\"}\n"}
,{"stream_name":"stdout","time":1976.283403366,"data":"{\"op\": \"special.entr\", \"dtype\": \"float16\", \"samples\": 2, \"diffs\": [], \"errors\": [], \"verdict\": \"ok\"}\n"}
,{"stream_name":"stdout","time":1976.283407517,"data":"{\"op\": \"special.entr\", \"dtype\": \"bfloat16\", \"samples\": 2, \"diffs\": [], \"errors\": [], \"verdict\": \"ok\"}\n"}
,{"stream_name":"stdout","time":1976.283411609,"data":"{\"op\": \"special.entr\", \"dtype\": \"int8\", \"samples\": 2, \"diffs\": [], \"errors\": [], \"verdict\": \"ok\"}\n"}
,{"stream_name":"stdout","time":1976.283415609,"data":"{\"op\": \"special.entr\", \"dtype\": \"uint8\", \"samples\": 2, \"diffs\": [], \"errors\": [], \"verdict\": \"ok\"}\n"}
,{"stream_name":"stdout","time":1976.283419554,"data":"{\"op\": \"special.entr\", \"dtype\": \"int16\", \"samples\": 2, \"diffs\": [], \"errors\": [], \"verdict\": \"ok\"}\n"}
,{"stream_name":"stdout","time":1976.283426876,"data":"{\"op\": \"special.entr\", \"dtype\": \"int32\", \"samples\": 2, \"diffs\": [], \"errors\": [], \"verdict\": \"ok\"}\n"}
,{"stream_name":"stdout","time":1976.283430826,"data":"{\"op\": \"special.entr\", \"dtype\": \"bool\", \"samples\": 2, \"diffs\": [], \"errors\": [], \"verdict\": \"ok\"}\n"}
,{"stream_name":"stdout","time":1976.28343507,"data":"{\"op\": \"special.ndtri\", \"dtype\": \"float32\", \"samples\": 3, \"diffs\": [], \"errors\": [], \"verdict\": \"ok\"}\n"}
,{"stream_name":"stdout","time":1976.283439178,"data":"{\"op\": \"special.ndtri\", \"dtype\": \"int8\", \"samples\": 3, \"diffs\": [], \"errors\": [], \"verdict\": \"ok\"}\n"}
,{"stream_name":"stdout","time":1976.283443384,"data":"{\"op\": \"special.ndtri\", \"dtype\": \"uint8\", \"samples\": 3, \"diffs\": [], \"errors\": [], \"verdict\": \"ok\"}\n"}
,{"stream_name":"stdout","time":1976.283447399,"data":"{\"op\": \"special.ndtri\", \"dtype\": \"int16\", \"samples\": 3, \"diffs\": [], \"errors\": [], \"verdict\": \"ok\"}\n"}
,{"stream_name":"stdout","time":1976.283451353,"data":"{\"op\": \"special.ndtri\", \"dtype\": \"int32\", \"samples\": 3, \"diffs\": [], \"errors\": [], \"verdict\": \"ok\"}\n"}
,{"stream_name":"stdout","time":1976.28345554,"data":"{\"op\": \"special.ndtri\", \"dtype\": \"bool\", \"samples\": 3, \"diffs\": [], \"errors\": [], \"verdict\": \"ok\"}\n"}
,{"stream_name":"stdout","time":1976.283459878,"data":"{\"op\": \"special.log_ndtr\", \"dtype\": \"float32\", \"samples\": 3, \"diffs\": [], \"errors\": [], \"verdict\": \"ok\"}\n"}
,{"stream_name":"stdout","time":1976.283464458,"data":"{\"op\": \"special.log_ndtr\", \"dtype\": \"int8\", \"samples\": 3, \"diffs\": [], \"errors\": [], \"verdict\": \"ok\"}\n"}
,{"stream_name":"stdout","time":1976.283468825,"data":"{\"op\": \"special.log_ndtr\", \"dtype\": \"uint8\", \"samples\": 3, \"diffs\": [], \"errors\": [], \"verdict\": \"ok\"}\n"}
,{"stream_name":"stdout","time":1976.283472758,"data":"{\"op\": \"special.log_ndtr\", \"dtype\": \"int16\", \"samples\": 3, \"diffs\": [], \"errors\": [], \"verdict\": \"ok\"}\n"}
,{"stream_name":"stdout","time":1976.283476714,"data":"{\"op\": \"special.log_ndtr\", \"dtype\": \"int32\", \"samples\": 3, \"diffs\": [], \"errors\": [], \"verdict\": \"ok\"}\n"}
,{"stream_name":"stdout","time":1976.283480551,"data":"{\"op\": \"special.log_ndtr\", \"dtype\": \"bool\", \"samples\": 3, \"diffs\": [], \"errors\": [], \"verdict\": \"ok\"}\n"}
,{"stream_name":"stdout","time":1976.283484688,"data":"{\"op\": \"special.erfcx\", \"dtype\": \"float32\", \"samples\": 3, \"diffs\": [], \"errors\": [], \"verdict\": \"ok\"}\n"}
,{"stream_name":"stdout","time":1976.28348872,"data":"{\"op\": \"special.erfcx\", \"dtype\": \"int8\", \"samples\": 3, \"diffs\": [], \"errors\": [], \"verdict\": \"ok\"}\n"}
,{"stream_name":"stdout","time":1976.283492341,"data":"{\"op\": \"special.erfcx\", \"dtype\": \"uint8\", \"samples\": 3, \"diffs\": [], \"errors\": [], \"verdict\": \"ok\"}\n"}
,{"stream_name":"stdout","time":1976.283496488,"data":"{\"op\": \"special.erfcx\", \"dtype\": \"int16\", \"samples\": 3, \"diffs\": [], \"errors\": [], \"verdict\": \"ok\"}\n"}
,{"stream_name":"stdout","time":1976.283500581,"data":"{\"op\": \"special.erfcx\", \"dtype\": \"int32\", \"samples\": 3, \"diffs\": [], \"errors\": [], \"verdict\": \"ok\"}\n"}
,{"stream_name":"stdout","time":1976.283504321,"data":"{\"op\": \"special.erfcx\", \"dtype\": \"bool\", \"samples\": 3, \"diffs\": [], \"errors\": [], \"verdict\": \"ok\"}\n"}
,{"stream_name":"stdout","time":1976.283508149,"data":"{\"op\": \"special.airy_ai\", \"dtype\": \"float32\", \"samples\": 3, \"diffs\": [], \"errors\": [], \"verdict\": \"ok\"}\n"}
,{"stream_name":"stdout","time":1976.283518966,"data":"{\"op\": \"special.airy_ai\", \"dtype\": \"int8\", \"samples\": 3, \"diffs\": [], \"errors\": [], \"verdict\": \"ok\"}\n"}
,{"stream_name":"stdout","time":1976.283523219,"data":"{\"op\": \"special.airy_ai\", \"dtype\": \"uint8\", \"samples\": 3, \"diffs\": [], \"errors\": [], \"verdict\": \"ok\"}\n"}
,{"stream_name":"stdout","time":1976.283527167,"data":"{\"op\": \"special.airy_ai\", \"dtype\": \"int16\", \"samples\": 3, \"diffs\": [], \"errors\": [], \"verdict\": \"ok\"}\n"}
,{"stream_name":"stdout","time":1976.283530766,"data":"{\"op\": \"special.airy_ai\", \"dtype\": \"int32\", \"samples\": 3, \"diffs\": [], \"errors\": [], \"verdict\": \"ok\"}\n"}
,{"stream_name":"stdout","time":1976.283534948,"data":"{\"op\": \"special.airy_ai\", \"dtype\": \"bool\", \"samples\": 3, \"diffs\": [], \"errors\": [], \"verdict\": \"ok\"}\n"}
,{"stream_name":"stdout","time":1976.283538645,"data":"{\"op\": \"special.bessel_j0\", \"dtype\": \"float32\", \"samples\": 3, \"diffs\": [], \"errors\": [], \"verdict\": \"ok\"}\n"}
,{"stream_name":"stdout","time":1976.283542511,"data":"{\"op\": \"special.bessel_j0\", \"dtype\": \"int8\", \"samples\": 3, \"diffs\": [], \"errors\": [], \"verdict\": \"ok\"}\n"}
,{"stream_name":"stdout","time":1976.283546558,"data":"{\"op\": \"special.bessel_j0\", \"dtype\": \"uint8\", \"samples\": 3, \"diffs\": [], \"errors\": [], \"verdict\": \"ok\"}\n"}
,{"stream_name":"stdout","time":1976.283550801,"data":"{\"op\": \"special.bessel_j0\", \"dtype\": \"int16\", \"samples\": 3, \"diffs\": [], \"errors\": [], \"verdict\": \"ok\"}\n"}
,{"stream_name":"stdout","time":1976.283554772,"data":"{\"op\": \"special.bessel_j0\", \"dtype\": \"int32\", \"samples\": 3, \"diffs\": [], \"errors\": [], \"verdict\": \"ok\"}\n"}
,{"stream_name":"stdout","time":1976.283558731,"data":"{\"op\": \"special.bessel_j0\", \"dtype\": \"bool\", \"samples\": 3, \"diffs\": [], \"errors\": [], \"verdict\": \"ok\"}\n"}
,{"stream_name":"stdout","time":1976.283562413,"data":"{\"op\": \"special.bessel_j1\", \"dtype\": \"float32\", \"samples\": 3, \"diffs\": [], \"errors\": [], \"verdict\": \"ok\"}\n"}
,{"stream_name":"stdout","time":1976.283566242,"data":"{\"op\": \"special.bessel_j1\", \"dtype\": \"int8\", \"samples\": 3, \"diffs\": [], \"errors\": [], \"verdict\": \"ok\"}\n"}
,{"stream_name":"stdout","time":1976.283570159,"data":"{\"op\": \"special.bessel_j1\", \"dtype\": \"uint8\", \"samples\": 3, \"diffs\": [], \"errors\": [], \"verdict\": \"ok\"}\n"}
,{"stream_name":"stdout","time":1976.283574495,"data":"{\"op\": \"special.bessel_j1\", \"dtype\": \"int16\", \"samples\": 3, \"diffs\": [], \"errors\": [], \"verdict\": \"ok\"}\n"}
,{"stream_name":"stdout","time":1976.283578472,"data":"{\"op\": \"special.bessel_j1\", \"dtype\": \"int32\", \"samples\": 3, \"diffs\": [], \"errors\": [], \"verdict\": \"ok\"}\n"}
,{"stream_name":"stdout","time":1976.283582385,"data":"{\"op\": \"special.bessel_j1\", \"dtype\": \"bool\", \"samples\": 3, \"diffs\": [], \"errors\": [], \"verdict\": \"ok\"}\n"}
,{"stream_name":"stdout","time":1976.28358621,"data":"{\"op\": \"special.bessel_y0\", \"dtype\": \"float32\", \"samples\": 3, \"diffs\": [], \"errors\": [], \"verdict\": \"ok\"}\n"}
,{"stream_name":"stdout","time":1976.283590192,"data":"{\"op\": \"special.bessel_y0\", \"dtype\": \"int8\", \"samples\": 3, \"diffs\": [], \"errors\": [], \"verdict\": \"ok\"}\n"}
,{"stream_name":"stdout","time":1976.283594065,"data":"{\"op\": \"special.bessel_y0\", \"dtype\": \"uint8\", \"samples\": 3, \"diffs\": [], \"errors\": [], \"verdict\": \"ok\"}\n"}
,{"stream_name":"stdout","time":1976.283598056,"data":"{\"op\": \"special.bessel_y0\", \"dtype\": \"int16\", \"samples\": 3, \"diffs\": [], \"errors\": [], \"verdict\": \"ok\"}\n"}
,{"stream_name":"stdout","time":1976.283618832,"data":"{\"op\": \"special.bessel_y0\", \"dtype\": \"int32\", \"samples\": 3, \"diffs\": [], \"errors\": [], \"verdict\": \"ok\"}\n"}
,{"stream_name":"stdout","time":1976.283626263,"data":"{\"op\": \"special.bessel_y0\", \"dtype\": \"bool\", \"samples\": 3, \"diffs\": [], \"errors\": [], \"verdict\": \"ok\"}\n"}
,{"stream_name":"stdout","time":1976.283630232,"data":"{\"op\": \"special.bessel_y1\", \"dtype\": \"float32\", \"samples\": 3, \"diffs\": [], \"errors\": [], \"verdict\": \"ok\"}\n"}
,{"stream_name":"stdout","time":1976.2836342,"data":"{\"op\": \"special.bessel_y1\", \"dtype\": \"int8\", \"samples\": 3, \"diffs\": [], \"errors\": [], \"verdict\": \"ok\"}\n"}
,{"stream_name":"stdout","time":1976.283638113,"data":"{\"op\": \"special.bessel_y1\", \"dtype\": \"uint8\", \"samples\": 3, \"diffs\": [], \"errors\": [], \"verdict\": \"ok\"}\n"}
,{"stream_name":"stdout","time":1976.283642225,"data":"{\"op\": \"special.bessel_y1\", \"dtype\": \"int16\", \"samples\": 3, \"diffs\": [], \"errors\": [], \"verdict\": \"ok\"}\n"}
,{"stream_name":"stdout","time":1976.283646482,"data":"{\"op\": \"special.bessel_y1\", \"dtype\": \"int32\", \"samples\": 3, \"diffs\": [], \"errors\": [], \"verdict\": \"ok\"}\n"}
,{"stream_name":"stdout","time":1976.283651036,"data":"{\"op\": \"special.bessel_y1\", \"dtype\": \"bool\", \"samples\": 3, \"diffs\": [], \"errors\": [], \"verdict\": \"ok\"}\n"}
,{"stream_name":"stdout","time":1976.283655368,"data":"{\"op\": \"special.chebyshev_polynomial_t\", \"dtype\": \"float32\", \"samples\": 3, \"diffs\": [], \"errors\": [], \"verdict\": \"ok\"}\n"}
,{"stream_name":"stdout","time":1976.283659596,"data":"{\"op\": \"special.chebyshev_polynomial_t\", \"dtype\": \"int8\", \"samples\": 3, \"diffs\": [], \"errors\": [], \"verdict\": \"ok\"}\n"}
,{"stream_name":"stdout","time":1976.283664068,"data":"{\"op\": \"special.chebyshev_polynomial_t\", \"dtype\": \"uint8\", \"samples\": 3, \"diffs\": [], \"errors\": [], \"verdict\": \"ok\"}\n"}
,{"stream_name":"stdout","time":1976.283668928,"data":"{\"op\": \"special.chebyshev_polynomial_t\", \"dtype\": \"int16\", \"samples\": 3, \"diffs\": [], \"errors\": [], \"verdict\": \"ok\"}\n"}
,{"stream_name":"stdout","time":1976.283673398,"data":"{\"op\": \"special.chebyshev_polynomial_t\", \"dtype\": \"int32\", \"samples\": 3, \"diffs\": [], \"errors\": [], \"verdict\": \"ok\"}\n"}
,{"stream_name":"stdout","time":1976.283677972,"data":"{\"op\": \"special.chebyshev_polynomial_t\", \"dtype\": \"bool\", \"samples\": 3, \"diffs\": [], \"errors\": [], \"verdict\": \"ok\"}\n"}
,{"stream_name":"stdout","time":1976.283681949,"data":"{\"op\": \"special.chebyshev_polynomial_u\", \"dtype\": \"float32\", \"samples\": 3, \"diffs\": [], \"errors\": [], \"verdict\": \"ok\"}\n"}
,{"stream_name":"stdout","time":1976.283686268,"data":"{\"op\": \"special.chebyshev_polynomial_u\", \"dtype\": \"int8\", \"samples\": 3, \"diffs\": [], \"errors\": [], \"verdict\": \"ok\"}\n"}
,{"stream_name":"stdout","time":1976.283690942,"data":"{\"op\": \"special.chebyshev_polynomial_u\", \"dtype\": \"uint8\", \"samples\": 3, \"diffs\": [], \"errors\": [], \"verdict\": \"ok\"}\n"}
,{"stream_name":"stdout","time":1976.283695245,"data":"{\"op\": \"special.chebyshev_polynomial_u\", \"dtype\": \"int16\", \"samples\": 3, \"diffs\": [], \"errors\": [], \"verdict\": \"ok\"}\n"}
,{"stream_name":"stdout","time":1976.283699442,"data":"{\"op\": \"special.chebyshev_polynomial_u\", \"dtype\": \"int32\", \"samples\": 3, \"diffs\": [], \"errors\": [], \"verdict\": \"ok\"}\n"}
,{"stream_name":"stdout","time":1976.283703747,"data":"{\"op\": \"special.chebyshev_polynomial_u\", \"dtype\": \"bool\", \"samples\": 3, \"diffs\": [], \"errors\": [], \"verdict\": \"ok\"}\n"}
,{"stream_name":"stdout","time":1976.283708166,"data":"{\"op\": \"special.chebyshev_polynomial_v\", \"dtype\": \"float32\", \"samples\": 3, \"diffs\": [], \"errors\": [], \"verdict\": \"ok\"}\n"}
,{"stream_name":"stdout","time":1976.283715608,"data":"{\"op\": \"special.chebyshev_polynomial_v\", \"dtype\": \"int8\", \"samples\": 3, \"diffs\": [], \"errors\": [], \"verdict\": \"ok\"}\n"}
,{"stream_name":"stdout","time":1976.283719801,"data":"{\"op\": \"special.chebyshev_polynomial_v\", \"dtype\": \"uint8\", \"samples\": 3, \"diffs\": [], \"errors\": [], \"verdict\": \"ok\"}\n"}
,{"stream_name":"stdout","time":1976.283724139,"data":"{\"op\": \"special.chebyshev_polynomial_v\", \"dtype\": \"int16\", \"samples\": 3, \"diffs\": [], \"errors\": [], \"verdict\": \"ok\"}\n"}
,{"stream_name":"stdout","time":1976.283728205,"data":"{\"op\": \"special.chebyshev_polynomial_v\", \"dtype\": \"int32\", \"samples\": 3, \"diffs\": [], \"errors\": [], \"verdict\": \"ok\"}\n"}
,{"stream_name":"stdout","time":1976.283732651,"data":"{\"op\": \"special.chebyshev_polynomial_v\", \"dtype\": \"bool\", \"samples\": 3, \"diffs\": [], \"errors\": [], \"verdict\": \"ok\"}\n"}
,{"stream_name":"stdout","time":1976.283736712,"data":"{\"op\": \"special.chebyshev_polynomial_w\", \"dtype\": \"float32\", \"samples\": 3, \"diffs\": [], \"errors\": [], \"verdict\": \"ok\"}\n"}
,{"stream_name":"stdout","time":1976.28374109,"data":"{\"op\": \"special.chebyshev_polynomial_w\", \"dtype\": \"int8\", \"samples\": 3, \"diffs\": [], \"errors\": [], \"verdict\": \"ok\"}\n"}
,{"stream_name":"stdout","time":1976.283745201,"data":"{\"op\": \"special.chebyshev_polynomial_w\", \"dtype\": \"uint8\", \"samples\": 3, \"diffs\": [], \"errors\": [], \"verdict\": \"ok\"}\n"}
,{"stream_name":"stdout","time":1976.283749438,"data":"{\"op\": \"special.chebyshev_polynomial_w\", \"dtype\": \"int16\", \"samples\": 3, \"diffs\": [], \"errors\": [], \"verdict\": \"ok\"}\n"}
,{"stream_name":"stdout","time":1976.283753724,"data":"{\"op\": \"special.chebyshev_polynomial_w\", \"dtype\": \"int32\", \"samples\": 3, \"diffs\": [], \"errors\": [], \"verdict\": \"ok\"}\n"}
,{"stream_name":"stdout","time":1976.283757709,"data":"{\"op\": \"special.chebyshev_polynomial_w\", \"dtype\": \"bool\", \"samples\": 3, \"diffs\": [], \"errors\": [], \"verdict\": \"ok\"}\n"}
,{"stream_name":"stdout","time":1976.283761972,"data":"{\"op\": \"special.hermite_polynomial_h\", \"dtype\": \"float32\", \"samples\": 3, \"diffs\": [], \"errors\": [], \"verdict\": \"ok\"}\n"}
,{"stream_name":"stdout","time":1976.283766329,"data":"{\"op\": \"special.hermite_polynomial_h\", \"dtype\": \"int8\", \"samples\": 3, \"diffs\": [], \"errors\": [], \"verdict\": \"ok\"}\n"}
,{"stream_name":"stdout","time":1976.283770612,"data":"{\"op\": \"special.hermite_polynomial_h\", \"dtype\": \"uint8\", \"samples\": 3, \"diffs\": [], \"errors\": [], \"verdict\": \"ok\"}\n"}
,{"stream_name":"stdout","time":1976.283774749,"data":"{\"op\": \"special.hermite_polynomial_h\", \"dtype\": \"int16\", \"samples\": 3, \"diffs\": [], \"errors\": [], \"verdict\": \"ok\"}\n"}
,{"stream_name":"stdout","time":1976.283779231,"data":"{\"op\": \"special.hermite_polynomial_h\", \"dtype\": \"int32\", \"samples\": 3, \"diffs\": [], \"errors\": [], \"verdict\": \"ok\"}\n"}
,{"stream_name":"stdout","time":1976.283783534,"data":"{\"op\": \"special.hermite_polynomial_h\", \"dtype\": \"bool\", \"samples\": 3, \"diffs\": [], \"errors\": [], \"verdict\": \"ok\"}\n"}
,{"stream_name":"stdout","time":1976.283787738,"data":"{\"op\": \"special.hermite_polynomial_he\", \"dtype\": \"float32\", \"samples\": 3, \"diffs\": [], \"errors\": [], \"verdict\": \"ok\"}\n"}
,{"stream_name":"stdout","time":1976.283792052,"data":"{\"op\": \"special.hermite_polynomial_he\", \"dtype\": \"int8\", \"samples\": 3, \"diffs\": [], \"errors\": [], \"verdict\": \"ok\"}\n"}
,{"stream_name":"stdout","time":1976.283796645,"data":"{\"op\": \"special.hermite_polynomial_he\", \"dtype\": \"uint8\", \"samples\": 3, \"diffs\": [], \"errors\": [], \"verdict\": \"ok\"}\n"}
,{"stream_name":"stdout","time":1976.283804471,"data":"{\"op\": \"special.hermite_polynomial_he\", \"dtype\": \"int16\", \"samples\": 3, \"diffs\": [], \"errors\": [], \"verdict\": \"ok\"}\n"}
,{"stream_name":"stdout","time":1976.283809363,"data":"{\"op\": \"special.hermite_polynomial_he\", \"dtype\": \"int32\", \"samples\": 3, \"diffs\": [], \"errors\": [], \"verdict\": \"ok\"}\n"}
,{"stream_name":"stdout","time":1976.28381377,"data":"{\"op\": \"special.hermite_polynomial_he\", \"dtype\": \"bool\", \"samples\": 3, \"diffs\": [], \"errors\": [], \"verdict\": \"ok\"}\n"}
,{"stream_name":"stdout","time":1976.283818106,"data":"{\"op\": \"special.laguerre_polynomial_l\", \"dtype\": \"float32\", \"samples\": 3, \"diffs\": [], \"errors\": [], \"verdict\": \"ok\"}\n"}
,{"stream_name":"stdout","time":1976.283822328,"data":"{\"op\": \"special.laguerre_polynomial_l\", \"dtype\": \"int8\", \"samples\": 3, \"diffs\": [], \"errors\": [], \"verdict\": \"ok\"}\n"}
,{"stream_name":"stdout","time":1976.283826611,"data":"{\"op\": \"special.laguerre_polynomial_l\", \"dtype\": \"uint8\", \"samples\": 3, \"diffs\": [], \"errors\": [], \"verdict\": \"ok\"}\n"}
,{"stream_name":"stdout","time":1976.283831176,"data":"{\"op\": \"special.laguerre_polynomial_l\", \"dtype\": \"int16\", \"samples\": 3, \"diffs\": [], \"errors\": [], \"verdict\": \"ok\"}\n"}
,{"stream_name":"stdout","time":1976.283835249,"data":"{\"op\": \"special.laguerre_polynomial_l\", \"dtype\": \"int32\", \"samples\": 3, \"diffs\": [], \"errors\": [], \"verdict\": \"ok\"}\n"}
,{"stream_name":"stdout","time":1976.283839325,"data":"{\"op\": \"special.laguerre_polynomial_l\", \"dtype\": \"bool\", \"samples\": 3, \"diffs\": [], \"errors\": [], \"verdict\": \"ok\"}\n"}
,{"stream_name":"stdout","time":1976.283843666,"data":"{\"op\": \"special.legendre_polynomial_p\", \"dtype\": \"float32\", \"samples\": 3, \"diffs\": [], \"errors\": [], \"verdict\": \"ok\"}\n"}
,{"stream_name":"stdout","time":1976.283847778,"data":"{\"op\": \"special.legendre_polynomial_p\", \"dtype\": \"int8\", \"samples\": 3, \"diffs\": [], \"errors\": [], \"verdict\": \"ok\"}\n"}
,{"stream_name":"stdout","time":1976.283852116,"data":"{\"op\": \"special.legendre_polynomial_p\", \"dtype\": \"uint8\", \"samples\": 3, \"diffs\": [], \"errors\": [], \"verdict\": \"ok\"}\n"}
,{"stream_name":"stdout","time":1976.283856256,"data":"{\"op\": \"special.legendre_polynomial_p\", \"dtype\": \"int16\", \"samples\": 3, \"diffs\": [], \"errors\": [], \"verdict\": \"ok\"}\n"}
,{"stream_name":"stdout","time":1976.283860386,"data":"{\"op\": \"special.legendre_polynomial_p\", \"dtype\": \"int32\", \"samples\": 3, \"diffs\": [], \"errors\": [], \"verdict\": \"ok\"}\n"}
,{"stream_name":"stdout","time":1976.283864744,"data":"{\"op\": \"special.legendre_polynomial_p\", \"dtype\": \"bool\", \"samples\": 3, \"diffs\": [], \"errors\": [], \"verdict\": \"ok\"}\n"}
,{"stream_name":"stdout","time":1976.283869056,"data":"{\"op\": \"special.modified_bessel_i0\", \"dtype\": \"float32\", \"samples\": 3, \"diffs\": [], \"errors\": [], \"verdict\": \"ok\"}\n"}
,{"stream_name":"stdout","time":1976.283873332,"data":"{\"op\": \"special.modified_bessel_i0\", \"dtype\": \"int8\", \"samples\": 3, \"diffs\": [], \"errors\": [], \"verdict\": \"ok\"}\n"}
,{"stream_name":"stdout","time":1976.283877617,"data":"{\"op\": \"special.modified_bessel_i0\", \"dtype\": \"uint8\", \"samples\": 3, \"diffs\": [], \"errors\": [], \"verdict\": \"ok\"}\n"}
,{"stream_name":"stdout","time":1976.283881638,"data":"{\"op\": \"special.modified_bessel_i0\", \"dtype\": \"int16\", \"samples\": 3, \"diffs\": [], \"errors\": [], \"verdict\": \"ok\"}\n"}
,{"stream_name":"stdout","time":1976.283886342,"data":"{\"op\": \"special.modified_bessel_i0\", \"dtype\": \"int32\", \"samples\": 3, \"diffs\": [], \"errors\": [], \"verdict\": \"ok\"}\n"}
,{"stream_name":"stdout","time":1976.283890585,"data":"{\"op\": \"special.modified_bessel_i0\", \"dtype\": \"bool\", \"samples\": 3, \"diffs\": [], \"errors\": [], \"verdict\": \"ok\"}\n"}
,{"stream_name":"stdout","time":1976.283897992,"data":"{\"op\": \"special.modified_bessel_i1\", \"dtype\": \"float32\", \"samples\": 3, \"diffs\": [{\"i\": 0, \"class\": \"SIGNZERO\", \"detail\": \"sign of zero\", \"repr\": \"SampleInput(input=tensor([-6.7103,  5.7013,  0.7920,  2.8814, -4.1030,  8.5261, -1.9740, -2.8899,\\n         0.8122,  4.1615, -2.0441,  1.7259,  4.6410, -5.1733,  3.9563,  8.7209,\\n         0.9328, -7.2351, -7.9526,  1.5101], device='cuda:0'), args=(), kwargs={}, broadcasts_input=False, name='')\"}], \"errors\": [], \"verdict\": \"DIFF:SIGNZERO\"}\n"}
,{"stream_name":"stdout","time":1976.283904394,"data":"{\"op\": \"special.modified_bessel_i1\", \"dtype\": \"int8\", \"samples\": 3, \"diffs\": [], \"errors\": [], \"verdict\": \"ok\"}\n"}
,{"stream_name":"stdout","time":1976.283909203,"data":"{\"op\": \"special.modified_bessel_i1\", \"dtype\": \"uint8\", \"samples\": 3, \"diffs\": [], \"errors\": [], \"verdict\": \"ok\"}\n"}
,{"stream_name":"stdout","time":1976.283913672,"data":"{\"op\": \"special.modified_bessel_i1\", \"dtype\": \"int16\", \"samples\": 3, \"diffs\": [], \"errors\": [], \"verdict\": \"ok\"}\n"}
,{"stream_name":"stdout","time":1976.283917944,"data":"{\"op\": \"special.modified_bessel_i1\", \"dtype\": \"int32\", \"samples\": 3, \"diffs\": [], \"errors\": [], \"verdict\": \"ok\"}\n"}
,{"stream_name":"stdout","time":1976.283922239,"data":"{\"op\": \"special.modified_bessel_i1\", \"dtype\": \"bool\", \"samples\": 3, \"diffs\": [], \"errors\": [], \"verdict\": \"ok\"}\n"}
,{"stream_name":"stdout","time":1976.28392665,"data":"{\"op\": \"special.modified_bessel_k0\", \"dtype\": \"float32\", \"samples\": 3, \"diffs\": [], \"errors\": [], \"verdict\": \"ok\"}\n"}
,{"stream_name":"stdout","time":1976.283930716,"data":"{\"op\": \"special.modified_bessel_k0\", \"dtype\": \"int8\", \"samples\": 3, \"diffs\": [], \"errors\": [], \"verdict\": \"ok\"}\n"}
,{"stream_name":"stdout","time":1976.283935491,"data":"{\"op\": \"special.modified_bessel_k0\", \"dtype\": \"uint8\", \"samples\": 3, \"diffs\": [], \"errors\": [], \"verdict\": \"ok\"}\n"}
,{"stream_name":"stdout","time":1976.28393958,"data":"{\"op\": \"special.modified_bessel_k0\", \"dtype\": \"int16\", \"samples\": 3, \"diffs\": [], \"errors\": [], \"verdict\": \"ok\"}\n"}
,{"stream_name":"stdout","time":1976.283943731,"data":"{\"op\": \"special.modified_bessel_k0\", \"dtype\": \"int32\", \"samples\": 3, \"diffs\": [], \"errors\": [], \"verdict\": \"ok\"}\n"}
,{"stream_name":"stdout","time":1976.283971038,"data":"{\"op\": \"special.modified_bessel_k0\", \"dtype\": \"bool\", \"samples\": 3, \"diffs\": [], \"errors\": [], \"verdict\": \"ok\"}\n"}
,{"stream_name":"stdout","time":1976.28397583,"data":"{\"op\": \"special.modified_bessel_k1\", \"dtype\": \"float32\", \"samples\": 3, \"diffs\": [], \"errors\": [], \"verdict\": \"ok\"}\n"}
,{"stream_name":"stdout","time":1976.28398141,"data":"{\"op\": \"special.modified_bessel_k1\", \"dtype\": \"int8\", \"samples\": 3, \"diffs\": [], \"errors\": [], \"verdict\": \"ok\"}\n"}
,{"stream_name":"stdout","time":1976.283985785,"data":"{\"op\": \"special.modified_bessel_k1\", \"dtype\": \"uint8\", \"samples\": 3, \"diffs\": [], \"errors\": [], \"verdict\": \"ok\"}\n"}
,{"stream_name":"stdout","time":1976.283990076,"data":"{\"op\": \"special.modified_bessel_k1\", \"dtype\": \"int16\", \"samples\": 3, \"diffs\": [], \"errors\": [], \"verdict\": \"ok\"}\n"}
,{"stream_name":"stdout","time":1976.283994498,"data":"{\"op\": \"special.modified_bessel_k1\", \"dtype\": \"int32\", \"samples\": 3, \"diffs\": [], \"errors\": [], \"verdict\": \"ok\"}\n"}
,{"stream_name":"stdout","time":1976.283998877,"data":"{\"op\": \"special.modified_bessel_k1\", \"dtype\": \"bool\", \"samples\": 3, \"diffs\": [], \"errors\": [], \"verdict\": \"ok\"}\n"}
,{"stream_name":"stdout","time":1976.28400743,"data":"{\"op\": \"special.scaled_modified_bessel_k0\", \"dtype\": \"float32\", \"samples\": 3, \"diffs\": [], \"errors\": [], \"verdict\": \"ok\"}\n"}
,{"stream_name":"stdout","time":1976.284011928,"data":"{\"op\": \"special.scaled_modified_bessel_k0\", \"dtype\": \"int8\", \"samples\": 3, \"diffs\": [], \"errors\": [], \"verdict\": \"ok\"}\n"}
,{"stream_name":"stdout","time":1976.284016436,"data":"{\"op\": \"special.scaled_modified_bessel_k0\", \"dtype\": \"uint8\", \"samples\": 3, \"diffs\": [], \"errors\": [], \"verdict\": \"ok\"}\n"}
,{"stream_name":"stdout","time":1976.284020843,"data":"{\"op\": \"special.scaled_modified_bessel_k0\", \"dtype\": \"int16\", \"samples\": 3, \"diffs\": [], \"errors\": [], \"verdict\": \"ok\"}\n"}
,{"stream_name":"stdout","time":1976.284025193,"data":"{\"op\": \"special.scaled_modified_bessel_k0\", \"dtype\": \"int32\", \"samples\": 3, \"diffs\": [], \"errors\": [], \"verdict\": \"ok\"}\n"}
,{"stream_name":"stdout","time":1976.284029561,"data":"{\"op\": \"special.scaled_modified_bessel_k0\", \"dtype\": \"bool\", \"samples\": 3, \"diffs\": [], \"errors\": [], \"verdict\": \"ok\"}\n"}
,{"stream_name":"stdout","time":1976.284034,"data":"{\"op\": \"special.scaled_modified_bessel_k1\", \"dtype\": \"float32\", \"samples\": 3, \"diffs\": [], \"errors\": [], \"verdict\": \"ok\"}\n"}
,{"stream_name":"stdout","time":1976.284038456,"data":"{\"op\": \"special.scaled_modified_bessel_k1\", \"dtype\": \"int8\", \"samples\": 3, \"diffs\": [], \"errors\": [], \"verdict\": \"ok\"}\n"}
,{"stream_name":"stdout","time":1976.284042954,"data":"{\"op\": \"special.scaled_modified_bessel_k1\", \"dtype\": \"uint8\", \"samples\": 3, \"diffs\": [], \"errors\": [], \"verdict\": \"ok\"}\n"}
,{"stream_name":"stdout","time":1976.284047064,"data":"{\"op\": \"special.scaled_modified_bessel_k1\", \"dtype\": \"int16\", \"samples\": 3, \"diffs\": [], \"errors\": [], \"verdict\": \"ok\"}\n"}
,{"stream_name":"stdout","time":1976.284051292,"data":"{\"op\": \"special.scaled_modified_bessel_k1\", \"dtype\": \"int32\", \"samples\": 3, \"diffs\": [], \"errors\": [], \"verdict\": \"ok\"}\n"}
,{"stream_name":"stdout","time":1976.284055619,"data":"{\"op\": \"special.scaled_modified_bessel_k1\", \"dtype\": \"bool\", \"samples\": 3, \"diffs\": [], \"errors\": [], \"verdict\": \"ok\"}\n"}
,{"stream_name":"stdout","time":1976.284060103,"data":"{\"op\": \"special.shifted_chebyshev_polynomial_t\", \"dtype\": \"float32\", \"samples\": 3, \"diffs\": [], \"errors\": [], \"verdict\": \"ok\"}\n"}
,{"stream_name":"stdout","time":1976.284064778,"data":"{\"op\": \"special.shifted_chebyshev_polynomial_t\", \"dtype\": \"int8\", \"samples\": 3, \"diffs\": [], \"errors\": [], \"verdict\": \"ok\"}\n"}
,{"stream_name":"stdout","time":1976.28407281,"data":"{\"op\": \"special.shifted_chebyshev_polynomial_t\", \"dtype\": \"uint8\", \"samples\": 3, \"diffs\": [], \"errors\": [], \"verdict\": \"ok\"}\n"}
,{"stream_name":"stdout","time":1976.284076854,"data":"{\"op\": \"special.shifted_chebyshev_polynomial_t\", \"dtype\": \"int16\", \"samples\": 3, \"diffs\": [], \"errors\": [], \"verdict\": \"ok\"}\n"}
,{"stream_name":"stdout","time":1976.284081186,"data":"{\"op\": \"special.shifted_chebyshev_polynomial_t\", \"dtype\": \"int32\", \"samples\": 3, \"diffs\": [], \"errors\": [], \"verdict\": \"ok\"}\n"}
,{"stream_name":"stdout","time":1976.284085572,"data":"{\"op\": \"special.shifted_chebyshev_polynomial_t\", \"dtype\": \"bool\", \"samples\": 3, \"diffs\": [], \"errors\": [], \"verdict\": \"ok\"}\n"}
,{"stream_name":"stdout","time":1976.284089755,"data":"{\"op\": \"special.shifted_chebyshev_polynomial_u\", \"dtype\": \"float32\", \"samples\": 3, \"diffs\": [], \"errors\": [], \"verdict\": \"ok\"}\n"}
,{"stream_name":"stdout","time":1976.284093781,"data":"{\"op\": \"special.shifted_chebyshev_polynomial_u\", \"dtype\": \"int8\", \"samples\": 3, \"diffs\": [], \"errors\": [], \"verdict\": \"ok\"}\n"}
,{"stream_name":"stdout","time":1976.284108868,"data":"{\"op\": \"special.shifted_chebyshev_polynomial_u\", \"dtype\": \"uint8\", \"samples\": 3, \"diffs\": [], \"errors\": [], \"verdict\": \"ok\"}\n"}
,{"stream_name":"stdout","time":1976.28411329,"data":"{\"op\": \"special.shifted_chebyshev_polynomial_u\", \"dtype\": \"int16\", \"samples\": 3, \"diffs\": [], \"errors\": [], \"verdict\": \"ok\"}\n"}
,{"stream_name":"stdout","time":1976.284117588,"data":"{\"op\": \"special.shifted_chebyshev_polynomial_u\", \"dtype\": \"int32\", \"samples\": 3, \"diffs\": [], \"errors\": [], \"verdict\": \"ok\"}\n"}
,{"stream_name":"stdout","time":1976.284121615,"data":"{\"op\": \"special.shifted_chebyshev_polynomial_u\", \"dtype\": \"bool\", \"samples\": 3, \"diffs\": [], \"errors\": [], \"verdict\": \"ok\"}\n"}
,{"stream_name":"stdout","time":1976.284125696,"data":"{\"op\": \"special.shifted_chebyshev_polynomial_v\", \"dtype\": \"float32\", \"samples\": 3, \"diffs\": [], \"errors\": [], \"verdict\": \"ok\"}\n"}
,{"stream_name":"stdout","time":1976.284129762,"data":"{\"op\": \"special.shifted_chebyshev_polynomial_v\", \"dtype\": \"int8\", \"samples\": 3, \"diffs\": [], \"errors\": [], \"verdict\": \"ok\"}\n"}
,{"stream_name":"stdout","time":1976.284133846,"data":"{\"op\": \"special.shifted_chebyshev_polynomial_v\", \"dtype\": \"uint8\", \"samples\": 3, \"diffs\": [], \"errors\": [], \"verdict\": \"ok\"}\n"}
,{"stream_name":"stdout","time":1976.28413777,"data":"{\"op\": \"special.shifted_chebyshev_polynomial_v\", \"dtype\": \"int16\", \"samples\": 3, \"diffs\": [], \"errors\": [], \"verdict\": \"ok\"}\n"}
,{"stream_name":"stdout","time":1976.284141861,"data":"{\"op\": \"special.shifted_chebyshev_polynomial_v\", \"dtype\": \"int32\", \"samples\": 3, \"diffs\": [], \"errors\": [], \"verdict\": \"ok\"}\n"}
,{"stream_name":"stdout","time":1976.284146836,"data":"{\"op\": \"special.shifted_chebyshev_polynomial_v\", \"dtype\": \"bool\", \"samples\": 3, \"diffs\": [], \"errors\": [], \"verdict\": \"ok\"}\n"}
,{"stream_name":"stdout","time":1976.284151826,"data":"{\"op\": \"special.shifted_chebyshev_polynomial_w\", \"dtype\": \"float32\", \"samples\": 3, \"diffs\": [], \"errors\": [], \"verdict\": \"ok\"}\n"}
,{"stream_name":"stdout","time":1976.284156208,"data":"{\"op\": \"special.shifted_chebyshev_polynomial_w\", \"dtype\": \"int8\", \"samples\": 3, \"diffs\": [], \"errors\": [], \"verdict\": \"ok\"}\n"}
,{"stream_name":"stdout","time":1976.284161037,"data":"{\"op\": \"special.shifted_chebyshev_polynomial_w\", \"dtype\": \"uint8\", \"samples\": 3, \"diffs\": [], \"errors\": [], \"verdict\": \"ok\"}\n"}
,{"stream_name":"stdout","time":1976.284166319,"data":"{\"op\": \"special.shifted_chebyshev_polynomial_w\", \"dtype\": \"int16\", \"samples\": 3, \"diffs\": [], \"errors\": [], \"verdict\": \"ok\"}\n"}
,{"stream_name":"stdout","time":1976.284171287,"data":"{\"op\": \"special.shifted_chebyshev_polynomial_w\", \"dtype\": \"int32\", \"samples\": 3, \"diffs\": [], \"errors\": [], \"verdict\": \"ok\"}\n"}
,{"stream_name":"stdout","time":1976.284175938,"data":"{\"op\": \"special.shifted_chebyshev_polynomial_w\", \"dtype\": \"bool\", \"samples\": 3, \"diffs\": [], \"errors\": [], \"verdict\": \"ok\"}\n"}
,{"stream_name":"stdout","time":1976.284180507,"data":"{\"op\": \"special.spherical_bessel_j0\", \"dtype\": \"float32\", \"samples\": 3, \"diffs\": [], \"errors\": [], \"verdict\": \"ok\"}\n"}
,{"stream_name":"stdout","time":1976.284184753,"data":"{\"op\": \"special.spherical_bessel_j0\", \"dtype\": \"int8\", \"samples\": 3, \"diffs\": [], \"errors\": [], \"verdict\": \"ok\"}\n"}
,{"stream_name":"stdout","time":1976.284189636,"data":"{\"op\": \"special.spherical_bessel_j0\", \"dtype\": \"uint8\", \"samples\": 3, \"diffs\": [], \"errors\": [], \"verdict\": \"ok\"}\n"}
,{"stream_name":"stdout","time":1976.284197164,"data":"{\"op\": \"special.spherical_bessel_j0\", \"dtype\": \"int16\", \"samples\": 3, \"diffs\": [], \"errors\": [], \"verdict\": \"ok\"}\n"}
,{"stream_name":"stdout","time":1976.284201719,"data":"{\"op\": \"special.spherical_bessel_j0\", \"dtype\": \"int32\", \"samples\": 3, \"diffs\": [], \"errors\": [], \"verdict\": \"ok\"}\n"}
,{"stream_name":"stdout","time":1976.284206295,"data":"{\"op\": \"special.spherical_bessel_j0\", \"dtype\": \"bool\", \"samples\": 3, \"diffs\": [], \"errors\": [], \"verdict\": \"ok\"}\n"}
,{"stream_name":"stdout","time":1976.284210744,"data":"{\"op\": \"masked.sum\", \"dtype\": \"float32\", \"samples\": 3, \"diffs\": [], \"errors\": [], \"verdict\": \"ok\"}\n"}
,{"stream_name":"stdout","time":1976.284214844,"data":"{\"op\": \"masked.sum\", \"dtype\": \"float16\", \"samples\": 3, \"diffs\": [], \"errors\": [], \"verdict\": \"ok\"}\n"}
,{"stream_name":"stdout","time":1976.284219261,"data":"{\"op\": \"masked.sum\", \"dtype\": \"bfloat16\", \"samples\": 3, \"diffs\": [], \"errors\": [], \"verdict\": \"ok\"}\n"}
,{"stream_name":"stdout","time":1976.284223525,"data":"{\"op\": \"masked.sum\", \"dtype\": \"int8\", \"samples\": 3, \"diffs\": [], \"errors\": [], \"verdict\": \"ok\"}\n"}
,{"stream_name":"stdout","time":1976.284227738,"data":"{\"op\": \"masked.sum\", \"dtype\": \"uint8\", \"samples\": 3, \"diffs\": [], \"errors\": [], \"verdict\": \"ok\"}\n"}
,{"stream_name":"stdout","time":1976.284232015,"data":"{\"op\": \"masked.sum\", \"dtype\": \"int16\", \"samples\": 3, \"diffs\": [], \"errors\": [], \"verdict\": \"ok\"}\n"}
,{"stream_name":"stdout","time":1976.284236309,"data":"{\"op\": \"masked.sum\", \"dtype\": \"int32\", \"samples\": 3, \"diffs\": [], \"errors\": [], \"verdict\": \"ok\"}\n"}
,{"stream_name":"stdout","time":1976.284247896,"data":"{\"op\": \"masked.sum\", \"dtype\": \"bool\", \"samples\": 3, \"diffs\": [], \"errors\": [], \"verdict\": \"ok\"}\n"}
,{"stream_name":"stdout","time":1976.284252597,"data":"{\"op\": \"masked.prod\", \"dtype\": \"float32\", \"samples\": 3, \"diffs\": [], \"errors\": [], \"verdict\": \"ok\"}\n"}
,{"stream_name":"stdout","time":1976.284256758,"data":"{\"op\": \"masked.prod\", \"dtype\": \"float16\", \"samples\": 3, \"diffs\": [], \"errors\": [], \"verdict\": \"ok\"}\n"}
,{"stream_name":"stdout","time":1976.284261227,"data":"{\"op\": \"masked.prod\", \"dtype\": \"bfloat16\", \"samples\": 3, \"diffs\": [], \"errors\": [], \"verdict\": \"ok\"}\n"}
,{"stream_name":"stdout","time":1976.284265409,"data":"{\"op\": \"masked.prod\", \"dtype\": \"int8\", \"samples\": 3, \"diffs\": [], \"errors\": [], \"verdict\": \"ok\"}\n"}
,{"stream_name":"stdout","time":1976.284269801,"data":"{\"op\": \"masked.prod\", \"dtype\": \"uint8\", \"samples\": 3, \"diffs\": [], \"errors\": [], \"verdict\": \"ok\"}\n"}
,{"stream_name":"stdout","time":1976.284274154,"data":"{\"op\": \"masked.prod\", \"dtype\": \"int16\", \"samples\": 3, \"diffs\": [], \"errors\": [], \"verdict\": \"ok\"}\n"}
,{"stream_name":"stdout","time":1976.284278554,"data":"{\"op\": \"masked.prod\", \"dtype\": \"int32\", \"samples\": 3, \"diffs\": [], \"errors\": [], \"verdict\": \"ok\"}\n"}
,{"stream_name":"stdout","time":1976.284282636,"data":"{\"op\": \"masked.prod\", \"dtype\": \"bool\", \"samples\": 3, \"diffs\": [], \"errors\": [], \"verdict\": \"ok\"}\n"}
,{"stream_name":"stdout","time":1976.284286974,"data":"{\"op\": \"masked.cumsum\", \"dtype\": \"float32\", \"samples\": 3, \"diffs\": [{\"i\": 1, \"class\": \"SIGNZERO\", \"detail\": \"sign of zero\", \"repr\": \"SampleInput(input=tensor([[-6.7103,  5.7013,  0.7920,  2.8814, -4.1030],\\n        [ 8.5261, -1.9740, -2.8899,  0.8122,  4.1615],\\n        [-2.0441,  1.7259,  4.6410, -5.1733,  3.9563],\\n        [ 8.7209,  0.9328, -7.2351, -7.9526,  1.5101],\\n        [-7.0509,  8.0298, -3.2934,  5.9912,  3.0169]], device\"}], \"errors\": [], \"verdict\": \"DIFF:SIGNZERO\"}\n"}
,{"stream_name":"stdout","time":1976.284297385,"data":"{\"op\": \"masked.cumsum\", \"dtype\": \"float16\", \"samples\": 3, \"diffs\": [{\"i\": 1, \"class\": \"SIGNZERO\", \"detail\": \"sign of zero\", \"repr\": \"SampleInput(input=tensor([[-6.7109,  5.7031,  0.7920,  2.8809, -4.1016],\\n        [ 8.5234, -1.9736, -2.8906,  0.8120,  4.1602],\\n        [-2.0449,  1.7256,  4.6406, -5.1719,  3.9570],\\n        [ 8.7188,  0.9326, -7.2344, -7.9531,  1.5098],\\n        [-7.0508,  8.0312, -3.2930,  5.9922,  3.0176]], device\"}], \"errors\": [], \"verdict\": \"DIFF:SIGNZERO\"}\n"}
,{"stream_name":"stdout","time":1976.284303631,"data":"{\"op\": \"masked.cumsum\", \"dtype\": \"bfloat16\", \"samples\": 3, \"diffs\": [], \"errors\": [], \"verdict\": \"ok\"}\n"}
,{"stream_name":"stdout","time":1976.284307974,"data":"{\"op\": \"masked.cumsum\", \"dtype\": \"int8\", \"samples\": 3, \"diffs\": [], \"errors\": [], \"verdict\": \"ok\"}\n"}
,{"stream_name":"stdout","time":1976.28431205,"data":"{\"op\": \"masked.cumsum\", \"dtype\": \"uint8\", \"samples\": 3, \"diffs\": [], \"errors\": [], \"verdict\": \"ok\"}\n"}
,{"stream_name":"stdout","time":1976.284316333,"data":"{\"op\": \"masked.cumsum\", \"dtype\": \"int16\", \"samples\": 3, \"diffs\": [], \"errors\": [], \"verdict\": \"ok\"}\n"}
,{"stream_name":"stdout","time":1976.284320333,"data":"{\"op\": \"masked.cumsum\", \"dtype\": \"int32\", \"samples\": 3, \"diffs\": [], \"errors\": [], \"verdict\": \"ok\"}\n"}
,{"stream_name":"stdout","time":1976.284324503,"data":"{\"op\": \"masked.cumprod\", \"dtype\": \"float32\", \"samples\": 3, \"diffs\": [], \"errors\": [], \"verdict\": \"ok\"}\n"}
,{"stream_name":"stdout","time":1976.2843285,"data":"{\"op\": \"masked.cumprod\", \"dtype\": \"float16\", \"samples\": 3, \"diffs\": [], \"errors\": [], \"verdict\": \"ok\"}\n"}
,{"stream_name":"stdout","time":1976.284332869,"data":"{\"op\": \"masked.cumprod\", \"dtype\": \"bfloat16\", \"samples\": 3, \"diffs\": [], \"errors\": [], \"verdict\": \"ok\"}\n"}
,{"stream_name":"stdout","time":1976.284337666,"data":"{\"op\": \"masked.cumprod\", \"dtype\": \"int8\", \"samples\": 3, \"diffs\": [], \"errors\": [], \"verdict\": \"ok\"}\n"}
,{"stream_name":"stdout","time":1976.284341791,"data":"{\"op\": \"masked.cumprod\", \"dtype\": \"uint8\", \"samples\": 3, \"diffs\": [], \"errors\": [], \"verdict\": \"ok\"}\n"}
,{"stream_name":"stdout","time":1976.284346343,"data":"{\"op\": \"masked.cumprod\", \"dtype\": \"int16\", \"samples\": 3, \"diffs\": [], \"errors\": [], \"verdict\": \"ok\"}\n"}
,{"stream_name":"stdout","time":1976.284350668,"data":"{\"op\": \"masked.cumprod\", \"dtype\": \"int32\", \"samples\": 3, \"diffs\": [], \"errors\": [], \"verdict\": \"ok\"}\n"}
,{"stream_name":"stdout","time":1976.284355085,"data":"{\"op\": \"masked.amax\", \"dtype\": \"float32\", \"samples\": 3, \"diffs\": [], \"errors\": [], \"verdict\": \"ok\"}\n"}
,{"stream_name":"stdout","time":1976.284359612,"data":"{\"op\": \"masked.amax\", \"dtype\": \"float16\", \"samples\": 3, \"diffs\": [], \"errors\": [], \"verdict\": \"ok\"}\n"}
,{"stream_name":"stdout","time":1976.284363594,"data":"{\"op\": \"masked.amax\", \"dtype\": \"bfloat16\", \"samples\": 3, \"diffs\": [], \"errors\": [], \"verdict\": \"ok\"}\n"}
,{"stream_name":"stdout","time":1976.284367678,"data":"{\"op\": \"masked.amax\", \"dtype\": \"int8\", \"samples\": 3, \"diffs\": [], \"errors\": [], \"verdict\": \"ok\"}\n"}
,{"stream_name":"stdout","time":1976.284371904,"data":"{\"op\": \"masked.amax\", \"dtype\": \"uint8\", \"samples\": 3, \"diffs\": [], \"errors\": [], \"verdict\": \"ok\"}\n"}
,{"stream_name":"stdout","time":1976.284376706,"data":"{\"op\": \"masked.amax\", \"dtype\": \"int16\", \"samples\": 3, \"diffs\": [], \"errors\": [], \"verdict\": \"ok\"}\n"}
,{"stream_name":"stdout","time":1976.284383832,"data":"{\"op\": \"masked.amax\", \"dtype\": \"int32\", \"samples\": 3, \"diffs\": [], \"errors\": [], \"verdict\": \"ok\"}\n"}
,{"stream_name":"stdout","time":1976.284388116,"data":"{\"op\": \"masked.amin\", \"dtype\": \"float32\", \"samples\": 3, \"diffs\": [], \"errors\": [], \"verdict\": \"ok\"}\n"}
,{"stream_name":"stdout","time":1976.284392686,"data":"{\"op\": \"masked.amin\", \"dtype\": \"float16\", \"samples\": 3, \"diffs\": [], \"errors\": [], \"verdict\": \"ok\"}\n"}
,{"stream_name":"stdout","time":1976.284396898,"data":"{\"op\": \"masked.amin\", \"dtype\": \"bfloat16\", \"samples\": 3, \"diffs\": [], \"errors\": [], \"verdict\": \"ok\"}\n"}
,{"stream_name":"stdout","time":1976.28440094,"data":"{\"op\": \"masked.amin\", \"dtype\": \"int8\", \"samples\": 3, \"diffs\": [], \"errors\": [], \"verdict\": \"ok\"}\n"}
,{"stream_name":"stdout","time":1976.284404944,"data":"{\"op\": \"masked.amin\", \"dtype\": \"uint8\", \"samples\": 3, \"diffs\": [], \"errors\": [], \"verdict\": \"ok\"}\n"}
,{"stream_name":"stdout","time":1976.284409328,"data":"{\"op\": \"masked.amin\", \"dtype\": \"int16\", \"samples\": 3, \"diffs\": [], \"errors\": [], \"verdict\": \"ok\"}\n"}
,{"stream_name":"stdout","time":1976.284413168,"data":"{\"op\": \"masked.amin\", \"dtype\": \"int32\", \"samples\": 3, \"diffs\": [], \"errors\": [], \"verdict\": \"ok\"}\n"}
,{"stream_name":"stdout","time":1976.2844175,"data":"{\"op\": \"masked.argmax\", \"dtype\": \"float32\", \"samples\": 3, \"diffs\": [], \"errors\": [], \"verdict\": \"ok\"}\n"}
,{"stream_name":"stdout","time":1976.284421618,"data":"{\"op\": \"masked.argmax\", \"dtype\": \"float16\", \"samples\": 3, \"diffs\": [], \"errors\": [], \"verdict\": \"ok\"}\n"}
,{"stream_name":"stdout","time":1976.284425978,"data":"{\"op\": \"masked.argmax\", \"dtype\": \"bfloat16\", \"samples\": 3, \"diffs\": [], \"errors\": [], \"verdict\": \"ok\"}\n"}
,{"stream_name":"stdout","time":1976.284430464,"data":"{\"op\": \"masked.argmax\", \"dtype\": \"int8\", \"samples\": 3, \"diffs\": [], \"errors\": [], \"verdict\": \"ok\"}\n"}
,{"stream_name":"stdout","time":1976.284434446,"data":"{\"op\": \"masked.argmax\", \"dtype\": \"uint8\", \"samples\": 3, \"diffs\": [], \"errors\": [], \"verdict\": \"ok\"}\n"}
,{"stream_name":"stdout","time":1976.28443873,"data":"{\"op\": \"masked.argmax\", \"dtype\": \"int16\", \"samples\": 3, \"diffs\": [], \"errors\": [], \"verdict\": \"ok\"}\n"}
,{"stream_name":"stdout","time":1976.284442864,"data":"{\"op\": \"masked.argmax\", \"dtype\": \"int32\", \"samples\": 3, \"diffs\": [], \"errors\": [], \"verdict\": \"ok\"}\n"}
,{"stream_name":"stdout","time":1976.284447227,"data":"{\"op\": \"masked.argmin\", \"dtype\": \"float32\", \"samples\": 3, \"diffs\": [], \"errors\": [], \"verdict\": \"ok\"}\n"}
,{"stream_name":"stdout","time":1976.284451475,"data":"{\"op\": \"masked.argmin\", \"dtype\": \"float16\", \"samples\": 3, \"diffs\": [], \"errors\": [], \"verdict\": \"ok\"}\n"}
,{"stream_name":"stdout","time":1976.284455686,"data":"{\"op\": \"masked.argmin\", \"dtype\": \"bfloat16\", \"samples\": 3, \"diffs\": [], \"errors\": [], \"verdict\": \"ok\"}\n"}
,{"stream_name":"stdout","time":1976.284459791,"data":"{\"op\": \"masked.argmin\", \"dtype\": \"int8\", \"samples\": 3, \"diffs\": [], \"errors\": [], \"verdict\": \"ok\"}\n"}
,{"stream_name":"stdout","time":1976.284464139,"data":"{\"op\": \"masked.argmin\", \"dtype\": \"uint8\", \"samples\": 3, \"diffs\": [], \"errors\": [], \"verdict\": \"ok\"}\n"}
,{"stream_name":"stdout","time":1976.28446861,"data":"{\"op\": \"masked.argmin\", \"dtype\": \"int16\", \"samples\": 3, \"diffs\": [], \"errors\": [], \"verdict\": \"ok\"}\n"}
,{"stream_name":"stdout","time":1976.284472799,"data":"{\"op\": \"masked.argmin\", \"dtype\": \"int32\", \"samples\": 3, \"diffs\": [], \"errors\": [], \"verdict\": \"ok\"}\n"}
,{"stream_name":"stdout","time":1976.284480088,"data":"{\"op\": \"masked.mean\", \"dtype\": \"float32\", \"samples\": 3, \"diffs\": [], \"errors\": [], \"verdict\": \"ok\"}\n"}
,{"stream_name":"stdout","time":1976.284485024,"data":"{\"op\": \"masked.mean\", \"dtype\": \"float16\", \"samples\": 3, \"diffs\": [], \"errors\": [], \"verdict\": \"ok\"}\n"}
,{"stream_name":"stdout","time":1976.284489052,"data":"{\"op\": \"masked.mean\", \"dtype\": \"bfloat16\", \"samples\": 3, \"diffs\": [], \"errors\": [], \"verdict\": \"ok\"}\n"}
,{"stream_name":"stdout","time":1976.284493224,"data":"{\"op\": \"masked.norm\", \"dtype\": \"float32\", \"samples\": 3, \"diffs\": [], \"errors\": [], \"verdict\": \"ok\"}\n"}
,{"stream_name":"stdout","time":1976.284497654,"data":"{\"op\": \"masked.norm\", \"dtype\": \"float16\", \"samples\": 3, \"diffs\": [], \"errors\": [], \"verdict\": \"ok\"}\n"}
,{"stream_name":"stdout","time":1976.28450201,"data":"{\"op\": \"masked.norm\", \"dtype\": \"bfloat16\", \"samples\": 3, \"diffs\": [], \"errors\": [], \"verdict\": \"ok\"}\n"}
,{"stream_name":"stdout","time":1976.284506015,"data":"{\"op\": \"masked.var\", \"dtype\": \"float32\", \"samples\": 3, \"diffs\": [], \"errors\": [], \"verdict\": \"ok\"}\n"}
,{"stream_name":"stdout","time":1976.284510229,"data":"{\"op\": \"masked.var\", \"dtype\": \"float16\", \"samples\": 3, \"diffs\": [], \"errors\": [], \"verdict\": \"ok\"}\n"}
,{"stream_name":"stdout","time":1976.284514448,"data":"{\"op\": \"masked.var\", \"dtype\": \"bfloat16\", \"samples\": 3, \"diffs\": [], \"errors\": [], \"verdict\": \"ok\"}\n"}
,{"stream_name":"stdout","time":1976.284518653,"data":"{\"op\": \"masked.var\", \"dtype\": \"int8\", \"samples\": 3, \"diffs\": [], \"errors\": [], \"verdict\": \"ok\"}\n"}
,{"stream_name":"stdout","time":1976.28452271,"data":"{\"op\": \"masked.var\", \"dtype\": \"uint8\", \"samples\": 3, \"diffs\": [], \"errors\": [], \"verdict\": \"ok\"}\n"}
,{"stream_name":"stdout","time":1976.284527056,"data":"{\"op\": \"masked.var\", \"dtype\": \"int16\", \"samples\": 3, \"diffs\": [], \"errors\": [], \"verdict\": \"ok\"}\n"}
,{"stream_name":"stdout","time":1976.284531194,"data":"{\"op\": \"masked.var\", \"dtype\": \"int32\", \"samples\": 3, \"diffs\": [], \"errors\": [], \"verdict\": \"ok\"}\n"}
,{"stream_name":"stdout","time":1976.284535416,"data":"{\"op\": \"masked.std\", \"dtype\": \"float32\", \"samples\": 3, \"diffs\": [], \"errors\": [], \"verdict\": \"ok\"}\n"}
,{"stream_name":"stdout","time":1976.284539666,"data":"{\"op\": \"masked.std\", \"dtype\": \"float16\", \"samples\": 3, \"diffs\": [], \"errors\": [], \"verdict\": \"ok\"}\n"}
,{"stream_name":"stdout","time":1976.284543773,"data":"{\"op\": \"masked.std\", \"dtype\": \"bfloat16\", \"samples\": 3, \"diffs\": [], \"errors\": [], \"verdict\": \"ok\"}\n"}
,{"stream_name":"stdout","time":1976.284548024,"data":"{\"op\": \"masked.std\", \"dtype\": \"int8\", \"samples\": 3, \"diffs\": [], \"errors\": [], \"verdict\": \"ok\"}\n"}
,{"stream_name":"stdout","time":1976.284552214,"data":"{\"op\": \"masked.std\", \"dtype\": \"uint8\", \"samples\": 3, \"diffs\": [], \"errors\": [], \"verdict\": \"ok\"}\n"}
,{"stream_name":"stdout","time":1976.284556762,"data":"{\"op\": \"masked.std\", \"dtype\": \"int16\", \"samples\": 3, \"diffs\": [], \"errors\": [], \"verdict\": \"ok\"}\n"}
,{"stream_name":"stdout","time":1976.28456106,"data":"{\"op\": \"masked.std\", \"dtype\": \"int32\", \"samples\": 3, \"diffs\": [], \"errors\": [], \"verdict\": \"ok\"}\n"}
,{"stream_name":"stdout","time":1976.284565271,"data":"{\"op\": \"masked.softmax\", \"dtype\": \"float32\", \"samples\": 3, \"diffs\": [], \"errors\": [], \"verdict\": \"ok\"}\n"}
,{"stream_name":"stdout","time":1976.284571009,"data":"{\"op\": \"masked.softmax\", \"dtype\": \"float16\", \"samples\": 3, \"diffs\": [], \"errors\": [], \"verdict\": \"ok\"}\n"}
,{"stream_name":"stdout","time":1976.284578782,"data":"{\"op\": \"masked.softmax\", \"dtype\": \"bfloat16\", \"samples\": 3, \"diffs\": [], \"errors\": [], \"verdict\": \"ok\"}\n"}
,{"stream_name":"stdout","time":1976.284583532,"data":"{\"op\": \"masked.log_softmax\", \"dtype\": \"float32\", \"samples\": 3, \"diffs\": [], \"errors\": [], \"verdict\": \"ok\"}\n"}
,{"stream_name":"stdout","time":1976.284587772,"data":"{\"op\": \"masked.log_softmax\", \"dtype\": \"float16\", \"samples\": 3, \"diffs\": [], \"errors\": [], \"verdict\": \"ok\"}\n"}
,{"stream_name":"stdout","time":1976.284591846,"data":"{\"op\": \"masked.log_softmax\", \"dtype\": \"bfloat16\", \"samples\": 3, \"diffs\": [], \"errors\": [], \"verdict\": \"ok\"}\n"}
,{"stream_name":"stdout","time":1976.284596068,"data":"{\"op\": \"masked.softmin\", \"dtype\": \"float32\", \"samples\": 3, \"diffs\": [], \"errors\": [], \"verdict\": \"ok\"}\n"}
,{"stream_name":"stdout","time":1976.284600148,"data":"{\"op\": \"masked.softmin\", \"dtype\": \"float16\", \"samples\": 3, \"diffs\": [], \"errors\": [], \"verdict\": \"ok\"}\n"}
,{"stream_name":"stdout","time":1976.284604318,"data":"{\"op\": \"masked.softmin\", \"dtype\": \"bfloat16\", \"samples\": 3, \"diffs\": [], \"errors\": [], \"verdict\": \"ok\"}\n"}
,{"stream_name":"stdout","time":1976.284608444,"data":"{\"op\": \"masked.logaddexp\", \"dtype\": \"float32\", \"samples\": 3, \"diffs\": [], \"errors\": [], \"verdict\": \"ok\"}\n"}
,{"stream_name":"stdout","time":1976.284612658,"data":"{\"op\": \"masked.logaddexp\", \"dtype\": \"float16\", \"samples\": 3, \"diffs\": [], \"errors\": [], \"verdict\": \"ok\"}\n"}
,{"stream_name":"stdout","time":1976.284616918,"data":"{\"op\": \"masked.logaddexp\", \"dtype\": \"bfloat16\", \"samples\": 3, \"diffs\": [], \"errors\": [], \"verdict\": \"ok\"}\n"}
,{"stream_name":"stdout","time":1976.284621189,"data":"{\"op\": \"masked.logsumexp\", \"dtype\": \"float32\", \"samples\": 3, \"diffs\": [], \"errors\": [], \"verdict\": \"ok\"}\n"}
,{"stream_name":"stdout","time":1976.284625485,"data":"{\"op\": \"masked.logsumexp\", \"dtype\": \"float16\", \"samples\": 3, \"diffs\": [], \"errors\": [], \"verdict\": \"ok\"}\n"}
,{"stream_name":"stdout","time":1976.284629686,"data":"{\"op\": \"masked.logsumexp\", \"dtype\": \"bfloat16\", \"samples\": 3, \"diffs\": [], \"errors\": [], \"verdict\": \"ok\"}\n"}
,{"stream_name":"stdout","time":1976.28463398,"data":"{\"op\": \"masked.logsumexp\", \"dtype\": \"int8\", \"samples\": 3, \"diffs\": [], \"errors\": [], \"verdict\": \"ok\"}\n"}
,{"stream_name":"stdout","time":1976.284638177,"data":"{\"op\": \"masked.logsumexp\", \"dtype\": \"uint8\", \"samples\": 3, \"diffs\": [], \"errors\": [], \"verdict\": \"ok\"}\n"}
,{"stream_name":"stdout","time":1976.284642638,"data":"{\"op\": \"masked.logsumexp\", \"dtype\": \"int16\", \"samples\": 3, \"diffs\": [], \"errors\": [], \"verdict\": \"ok\"}\n"}
,{"stream_name":"stdout","time":1976.284646682,"data":"{\"op\": \"masked.logsumexp\", \"dtype\": \"int32\", \"samples\": 3, \"diffs\": [], \"errors\": [], \"verdict\": \"ok\"}\n"}
,{"stream_name":"stdout","time":1976.284650807,"data":"\n"}
,{"stream_name":"stdout","time":1976.284654332,"data":"=====JSONL END\n"}
,{"stream_name":"stdout","time":1976.284658312,"data":"JOB DONE\n"}
,{"stream_name":"stderr","time":1978.749903118,"data":"/usr/local/lib/python3.12/dist-packages/mistune.py:435: SyntaxWarning: invalid escape sequence '\\|'\n"}
,{"stream_name":"stderr","time":1978.7499497,"data":"  cells[i][c] = re.sub('\\\\\\\\\\|', '|', cell)\n"}
,{"stream_name":"stderr","time":1979.114400302,"data":"/usr/local/lib/python3.12/dist-packages/nbconvert/filters/filter_links.py:36: SyntaxWarning: invalid escape sequence '\\_'\n"}
,{"stream_name":"stderr","time":1979.114439796,"data":"  text = re.sub(r'_', '\\_', text) # Escape underscores in display text\n"}
,{"stream_name":"stderr","time":1979.898760214,"data":"[NbConvertApp] Converting notebook __script__.ipynb to html\n"}
,{"stream_name":"stderr","time":1981.486594825,"data":"[NbConvertApp] Writing 294905 bytes to __results__.html\n"}
]