[{"stream_name":"stdout","time":7.968996344,"data":"   ©¥©¥©¥©¥©¥©¥©¥©¥©¥©¥©¥©¥©¥©¥©¥©¥©¥©¥©¥©¥©¥©¥©¥©¥©¥©¥©¥©¥©¥©¥©¥©¥©¥©¥©¥©¥©¥©¥©¥©¥ 196.3/196.3 MB 8.8 MB/s eta 0:00:00\n"}
,{"stream_name":"stderr","time":47.956398814,"data":"ERROR: pip's dependency resolver does not currently take into account all the packages that are installed. This behaviour is the source of the following dependency conflicts.\n"}
,{"stream_name":"stderr","time":47.956473144,"data":"torchaudio 2.10.0+cpu requires torch==2.10.0, but you have torch 2.14.0+cpu which is incompatible.\n"}
,{"stream_name":"stderr","time":47.956481755,"data":"torchvision 0.25.0+cpu requires torch==2.10.0, but you have torch 2.14.0+cpu which is incompatible.\n"}
,{"stream_name":"stdout","time":51.240158564,"data":"   ©¥©¥©¥©¥©¥©¥©¥©¥©¥©¥©¥©¥©¥©¥©¥©¥©¥©¥©¥©¥©¥©¥©¥©¥©¥©¥©¥©¥©¥©¥©¥©¥©¥©¥©¥©¥©¥©¥©¥©¥ 1.2/1.2 MB 14.4 MB/s eta 0:00:00\n"}
,{"stream_name":"stdout","time":67.281639839,"data":"torch 2.14.0+cpu: 530 ops, 909 (op, dtype) in shard 0/1, 909 to do\n"}
,{"stream_name":"stdout","time":83.370871556,"data":"[1/909] ok           abs float16 (16s, total 16s)\n"}
,{"stream_name":"stdout","time":84.343286097,"data":"[2/909] ok           abs bfloat16 (1s, total 17s)\n"}
,{"stream_name":"stdout","time":86.696183794,"data":"[3/909] ok           acos float16 (2s, total 19s)\n"}
,{"stream_name":"stdout","time":89.065862005,"data":"[4/909] ok           acos bfloat16 (2s, total 22s)\n"}
,{"stream_name":"stdout","time":91.231354747,"data":"[5/909] ok           acosh float16 (2s, total 24s)\n"}
,{"stream_name":"stdout","time":93.375403963,"data":"[6/909] ok           acosh bfloat16 (2s, total 26s)\n"}
,{"stream_name":"stdout","time":96.595752605,"data":"[7/909] ok           add float16 (3s, total 29s)\n"}
,{"stream_name":"stdout","time":99.589799196,"data":"[8/909] ok           add bfloat16 (3s, total 32s)\n"}
,{"stream_name":"stdout","time":99.83347162,"data":"[9/909] ok           item float16 (0s, total 33s)\n"}
,{"stream_name":"stdout","time":100.050986008,"data":"[10/909] ok           item bfloat16 (0s, total 33s)\n"}
,{"stream_name":"stdout","time":102.234892641,"data":"[11/909] ok           arange float16 (2s, total 35s)\n"}
,{"stream_name":"stdout","time":104.31687595,"data":"[12/909] ok           arange bfloat16 (2s, total 37s)\n"}
,{"stream_name":"stdout","time":107.312353151,"data":"[13/909] DIFF:SIGNZERO clamp_max float16 (3s, total 40s)\n"}
,{"stream_name":"stdout","time":110.390917802,"data":"[14/909] DIFF:SIGNZERO clamp_max bfloat16 (3s, total 43s)\n"}
,{"stream_name":"stdout","time":113.460815144,"data":"[15/909] DIFF:SIGNZERO clamp_min float16 (3s, total 46s)\n"}
,{"stream_name":"stdout","time":116.427504724,"data":"[16/909] DIFF:SIGNZERO clamp_min bfloat16 (3s, total 49s)\n"}
,{"stream_name":"stdout","time":119.406789969,"data":"[17/909] ok           mul float16 (3s, total 52s)\n"}
,{"stream_name":"stdout","time":122.451793692,"data":"[18/909] ok           mul bfloat16 (3s, total 55s)\n"}
,{"stream_name":"stdout","time":125.44532431,"data":"[19/909] ok           sub float16 (3s, total 58s)\n"}
,{"stream_name":"stdout","time":128.445875405,"data":"[20/909] ok           sub bfloat16 (3s, total 61s)\n"}
,{"stream_name":"stdout","time":128.909401396,"data":"[21/909] ok           addmm float16 (0s, total 62s)\n"}
,{"stream_name":"stdout","time":129.357600096,"data":"[22/909] ok           addmm bfloat16 (0s, total 62s)\n"}
,{"stream_name":"stdout","time":129.807316753,"data":"[23/909] ok           addmm float16 (0s, total 63s)\n"}
,{"stream_name":"stdout","time":130.255069652,"data":"[24/909] ok           addmm bfloat16 (0s, total 63s)\n"}
,{"stream_name":"stdout","time":133.829387378,"data":"[25/909] ok           addmv float16 (4s, total 67s)\n"}
,{"stream_name":"stdout","time":137.630132546,"data":"[26/909] ok           addmv bfloat16 (4s, total 70s)\n"}
,{"stream_name":"stdout","time":138.045737388,"data":"[27/909] ok           addbmm float16 (0s, total 71s)\n"}
,{"stream_name":"stdout","time":138.465387448,"data":"[28/909] ok           addbmm bfloat16 (0s, total 71s)\n"}
,{"stream_name":"stdout","time":139.776050642,"data":"[29/909] ok           baddbmm float16 (1s, total 72s)\n"}
,{"stream_name":"stdout","time":141.064270551,"data":"[30/909] ok           baddbmm bfloat16 (1s, total 74s)\n"}
,{"stream_name":"stdout","time":142.138161971,"data":"[31/909] ok           dot float16 (1s, total 75s)\n"}
,{"stream_name":"stdout","time":143.186189443,"data":"[32/909] ok           dot bfloat16 (1s, total 76s)\n"}
,{"stream_name":"stdout","time":143.308206856,"data":"[33/909] ok           vdot float16 (0s, total 76s)\n"}
,{"stream_name":"stdout","time":143.429115791,"data":"[34/909] ok           vdot bfloat16 (0s, total 76s)\n"}
,{"stream_name":"stdout","time":143.566248401,"data":"[35/909] ok           bmm float16 (0s, total 76s)\n"}
,{"stream_name":"stdout","time":143.703431282,"data":"[36/909] ok           bmm bfloat16 (0s, total 76s)\n"}
,{"stream_name":"stdout","time":144.818938121,"data":"[37/909] ok           mv float16 (1s, total 78s)\n"}
,{"stream_name":"stdout","time":145.940317092,"data":"[38/909] ok           mv bfloat16 (1s, total 79s)\n"}
,{"stream_name":"stdout","time":149.237219345,"data":"[39/909] ok           addr float16 (3s, total 82s)\n"}
,{"stream_name":"stdout","time":152.58783907,"data":"[40/909] ok           addr bfloat16 (3s, total 85s)\n"}
,{"stream_name":"stdout","time":155.744480462,"data":"[41/909] ok           addcmul float16 (3s, total 88s)\n"}
,{"stream_name":"stdout","time":158.916813917,"data":"[42/909] ok           addcmul bfloat16 (3s, total 92s)\n"}
,{"stream_name":"stdout","time":162.142892726,"data":"[43/909] ok           addcdiv float16 (3s, total 95s)\n"}
,{"stream_name":"stdout","time":165.339632244,"data":"[44/909] DIFF:VALUE   addcdiv bfloat16 (3s, total 98s)\n"}
,{"stream_name":"stdout","time":166.602731505,"data":"[45/909] ok           asin float16 (1s, total 99s)\n"}
,{"stream_name":"stdout","time":167.8525985,"data":"[46/909] ok           asin bfloat16 (1s, total 101s)\n"}
,{"stream_name":"stdout","time":169.13941044,"data":"[47/909] ok           asinh float16 (1s, total 102s)\n"}
,{"stream_name":"stdout","time":170.455208577,"data":"[48/909] ok           asinh bfloat16 (1s, total 103s)\n"}
,{"stream_name":"stdout","time":171.766087497,"data":"[49/909] ok           atan float16 (1s, total 104s)\n"}
,{"stream_name":"stdout","time":173.038986526,"data":"[50/909] ok           atan bfloat16 (1s, total 106s)\n"}
,{"stream_name":"stdout","time":176.542367578,"data":"[51/909] ok           atan2 float16 (4s, total 109s)\n"}
,{"stream_name":"stdout","time":180.078258654,"data":"[52/909] ok           atan2 bfloat16 (4s, total 113s)\n"}
,{"stream_name":"stdout","time":181.406553051,"data":"[53/909] DIFF:SIGNZERO atanh float16 (1s, total 114s)\n"}
,{"stream_name":"stdout","time":182.709776888,"data":"[54/909] DIFF:SIGNZERO atanh bfloat16 (1s, total 115s)\n"}
,{"stream_name":"stdout","time":182.906811458,"data":"[55/909] ok           allclose float16 (0s, total 116s)\n"}
,{"stream_name":"stdout","time":183.105477652,"data":"[56/909] ok           allclose bfloat16 (0s, total 116s)\n"}
,{"stream_name":"stdout","time":183.453440643,"data":"[57/909] ok           broadcast_to float16 (0s, total 116s)\n"}
,{"stream_name":"stdout","time":183.800856751,"data":"[58/909] ok           broadcast_to bfloat16 (0s, total 117s)\n"}
,{"stream_name":"stdout","time":183.96618974,"data":"[59/909] ok           broadcast_tensors float16 (0s, total 117s)\n"}
,{"stream_name":"stdout","time":184.129367382,"data":"[60/909] ok           broadcast_tensors bfloat16 (0s, total 117s)\n"}
,{"stream_name":"stdout","time":187.871217226,"data":"[61/909] ok           block_diag float16 (4s, total 121s)\n"}
,{"stream_name":"stdout","time":191.503951691,"data":"[62/909] ok           block_diag bfloat16 (4s, total 124s)\n"}
,{"stream_name":"stdout","time":192.873166085,"data":"[63/909] ok           combinations float16 (1s, total 126s)\n"}
,{"stream_name":"stdout","time":194.188561812,"data":"[64/909] ok           combinations bfloat16 (1s, total 127s)\n"}
,{"stream_name":"stdout","time":196.54330458,"data":"[65/909] ok           cartesian_prod float16 (2s, total 129s)\n"}
,{"stream_name":"stdout","time":199.100988219,"data":"[66/909] ok           cartesian_prod bfloat16 (3s, total 132s)\n"}
,{"stream_name":"stdout","time":200.108517183,"data":"[67/909] ok           ceil float16 (1s, total 133s)\n"}
,{"stream_name":"stdout","time":201.160238823,"data":"[68/909] ok           ceil bfloat16 (1s, total 134s)\n"}
,{"stream_name":"stdout","time":201.582203664,"data":"[69/909] ok           chunk float16 (0s, total 134s)\n"}
,{"stream_name":"stdout","time":201.98368956,"data":"[70/909] ok           chunk bfloat16 (0s, total 135s)\n"}
,{"stream_name":"stdout","time":202.312019211,"data":"[71/909] ok           unsafe_chunk float16 (0s, total 135s)\n"}
,{"stream_name":"stdout","time":202.639549965,"data":"[72/909] ok           unsafe_chunk bfloat16 (0s, total 135s)\n"}
,{"stream_name":"stdout","time":204.584313278,"data":"[73/909] ok           clone float16 (2s, total 137s)\n"}
,{"stream_name":"stdout","time":206.525637464,"data":"[74/909] ok           clone bfloat16 (2s, total 139s)\n"}
,{"stream_name":"stdout","time":207.407436528,"data":"[75/909] ok           contiguous float16 (1s, total 140s)\n"}
,{"stream_name":"stdout","time":207.565787726,"data":"[76/909] ok           contiguous bfloat16 (0s, total 140s)\n"}
,{"stream_name":"stdout","time":208.792936964,"data":"[77/909] ok           sum_to_size float16 (1s, total 142s)\n"}
,{"stream_name":"stdout","time":210.047934812,"data":"[78/909] ok           sum_to_size bfloat16 (1s, total 143s)\n"}
,{"stream_name":"stdout","time":213.461834271,"data":"[79/909] ok           clamp float16 (3s, total 146s)\n"}
,{"stream_name":"stdout","time":216.756020061,"data":"[80/909] ok           clamp bfloat16 (3s, total 149s)\n"}
,{"stream_name":"stdout","time":216.836069691,"data":"[81/909] ok           positive float16 (0s, total 150s)\n"}
,{"stream_name":"stdout","time":216.915484911,"data":"[82/909] ok           positive bfloat16 (0s, total 150s)\n"}
,{"stream_name":"stdout","time":217.14516243,"data":"[83/909] ok           conj float16 (0s, total 150s)\n"}
,{"stream_name":"stdout","time":217.376139882,"data":"[84/909] ok           conj bfloat16 (0s, total 150s)\n"}
,{"stream_name":"stdout","time":217.45635686,"data":"[85/909] ok           conj_physical float16 (0s, total 150s)\n"}
,{"stream_name":"stdout","time":217.536247965,"data":"[86/909] ok           conj_physical bfloat16 (0s, total 150s)\n"}
,{"stream_name":"stderr","time":217.548079178,"data":"/usr/local/lib/python3.12/dist-packages/torch/_subclasses/fake_tensor.py:2364: UserWarning: ComplexHalf support is experimental and many operators don't support it yet. (Triggered internally at /__w/pytorch/pytorch/aten/src/ATen/EmptyTensor.cpp:54.)\n"}
,{"stream_name":"stderr","time":217.548121938,"data":"  empty = torch.empty_strided(\n"}
,{"stream_name":"stdout","time":217.657179327,"data":"[87/909] ok           view_as_complex float16 (0s, total 150s)\n"}
,{"stream_name":"stderr","time":217.721605528,"data":"/usr/local/lib/python3.12/dist-packages/torch/_inductor/lowering.py:2774: UserWarning: Torchinductor does not support code generation for complex operators. Performance may be worse than eager.\n"}
,{"stream_name":"stderr","time":217.721645335,"data":"  warnings.warn(\n"}
,{"stream_name":"stdout","time":218.035850782,"data":"[88/909] ok           complex float16 (0s, total 151s)\n"}
,{"stream_name":"stdout","time":221.560986052,"data":"[89/909] ok           copysign float16 (4s, total 154s)\n"}
,{"stream_name":"stdout","time":225.056970387,"data":"[90/909] ok           copysign bfloat16 (3s, total 158s)\n"}
,{"stream_name":"stdout","time":225.257831488,"data":"[91/909] ok           corrcoef float16 (0s, total 158s)\n"}
,{"stream_name":"stdout","time":225.453959735,"data":"[92/909] ok           corrcoef bfloat16 (0s, total 158s)\n"}
,{"stream_name":"stdout","time":227.784875898,"data":"[93/909] ok           cos float16 (2s, total 161s)\n"}
,{"stream_name":"stdout","time":230.140519864,"data":"[94/909] ok           cos bfloat16 (2s, total 163s)\n"}
,{"stream_name":"stdout","time":232.323146464,"data":"[95/909] ok           cosh float16 (2s, total 165s)\n"}
,{"stream_name":"stdout","time":234.486389321,"data":"[96/909] ok           cosh bfloat16 (2s, total 167s)\n"}
,{"stream_name":"stdout","time":234.691421578,"data":"[97/909] ok           cov float16 (0s, total 167s)\n"}
,{"stream_name":"stdout","time":234.893785749,"data":"[98/909] ok           cov bfloat16 (0s, total 168s)\n"}
,{"stream_name":"stderr","time":234.896563107,"data":"/kaggle/working/sweep.py:151: UserWarning: Using torch.cross without specifying the dim arg is deprecated.\n"}
,{"stream_name":"stderr","time":234.896593059,"data":"Please either pass the dim explicitly or simply use torch.linalg.cross.\n"}
,{"stream_name":"stderr","time":234.896599763,"data":"The default value of dim will change to agree with that of linalg.cross in a future release. (Triggered internally at /__w/pytorch/pytorch/aten/src/ATen/native/Cross.cpp:63.)\n"}
,{"stream_name":"stderr","time":234.896606292,"data":"  eager = fn(inp, *args, **kwargs)\n"}
,{"stream_name":"stdout","time":238.89490764,"data":"[99/909] DIFF:VALUE   cross float16 (4s, total 172s)\n"}
,{"stream_name":"stdout","time":242.333552824,"data":"[100/909] ok           cross bfloat16 (3s, total 175s)\n"}
,{"stream_name":"stdout","time":242.702316871,"data":"[101/909] ok           cumsum float16 (0s, total 175s)\n"}
,{"stream_name":"stdout","time":243.071909057,"data":"[102/909] ok           cumsum bfloat16 (0s, total 176s)\n"}
,{"stream_name":"stdout","time":243.438790788,"data":"[103/909] ok           cumprod float16 (0s, total 176s)\n"}
,{"stream_name":"stdout","time":243.805823065,"data":"[104/909] ok           cumprod bfloat16 (0s, total 177s)\n"}
,{"stream_name":"stdout","time":245.031549988,"data":"[105/909] ok           cummax float16 (1s, total 178s)\n"}
,{"stream_name":"stdout","time":246.24753719,"data":"[106/909] ok           cummax bfloat16 (1s, total 179s)\n"}
,{"stream_name":"stdout","time":246.642135168,"data":"[107/909] ok           cummin float16 (0s, total 179s)\n"}
,{"stream_name":"stdout","time":247.026857118,"data":"[108/909] ok           cummin bfloat16 (0s, total 180s)\n"}
,{"stream_name":"stdout","time":248.066956138,"data":"[109/909] ok           deg2rad float16 (1s, total 181s)\n"}
,{"stream_name":"stdout","time":249.115007923,"data":"[110/909] ok           deg2rad bfloat16 (1s, total 182s)\n"}
,{"stream_name":"stdout","time":251.279557321,"data":"[111/909] ok           diff float16 (2s, total 184s)\n"}
,{"stream_name":"stdout","time":253.417781063,"data":"[112/909] ok           diff bfloat16 (2s, total 186s)\n"}
,{"stream_name":"stdout","time":256.728022151,"data":"[113/909] ok           div float16 (3s, total 189s)\n"}
,{"stream_name":"stdout","time":259.756071283,"data":"[114/909] ok           div bfloat16 (3s, total 192s)\n"}
,{"stream_name":"stdout","time":262.811382924,"data":"[115/909] ok           div float16 (3s, total 196s)\n"}
,{"stream_name":"stdout","time":265.818531578,"data":"[116/909] ok           div bfloat16 (3s, total 199s)\n"}
,{"stream_name":"stdout","time":269.024235883,"data":"[117/909] ok           div float16 (3s, total 202s)\n"}
,{"stream_name":"stdout","time":272.293219823,"data":"[118/909] ok           div bfloat16 (3s, total 205s)\n"}
,{"stream_name":"stdout","time":272.621184481,"data":"[119/909] ok           true_divide float16 (0s, total 205s)\n"}
,{"stream_name":"stdout","time":272.95123718,"data":"[120/909] ok           true_divide bfloat16 (0s, total 206s)\n"}
,{"stream_name":"stdout","time":273.147078652,"data":"[121/909] ok           equal float16 (0s, total 206s)\n"}
,{"stream_name":"stdout","time":273.344863359,"data":"[122/909] ok           equal bfloat16 (0s, total 206s)\n"}
,{"stream_name":"stdout","time":275.717614075,"data":"[123/909] ok           exp float16 (2s, total 208s)\n"}
,{"stream_name":"stdout","time":278.079398328,"data":"[124/909] ok           exp bfloat16 (2s, total 211s)\n"}
,{"stream_name":"stdout","time":278.403136871,"data":"[125/909] ok           expand float16 (0s, total 211s)\n"}
,{"stream_name":"stdout","time":278.7299883,"data":"[126/909] ok           expand bfloat16 (0s, total 211s)\n"}
,{"stream_name":"stdout","time":279.100065773,"data":"[127/909] ok           expand_as float16 (0s, total 212s)\n"}
,{"stream_name":"stdout","time":279.470966442,"data":"[128/909] ok           expand_as bfloat16 (0s, total 212s)\n"}
,{"stream_name":"stdout","time":281.713045128,"data":"[129/909] ok           expand_copy float16 (2s, total 214s)\n"}
,{"stream_name":"stdout","time":283.846940741,"data":"[130/909] ok           expand_copy bfloat16 (2s, total 217s)\n"}
,{"stream_name":"stderr","time":285.007929185,"data":"/usr/local/lib/python3.12/dist-packages/torch/_inductor/lowering.py:2487: FutureWarning: `torch._prims_common.check` is deprecated and will be removed in the future. Please use `torch._check*` functions instead.\n"}
,{"stream_name":"stderr","time":285.007973688,"data":"  check(\n"}
,{"stream_name":"stderr","time":285.987723726,"data":"/usr/local/lib/python3.12/dist-packages/torch/_inductor/lowering.py:2487: FutureWarning: `torch._prims_common.check` is deprecated and will be removed in the future. Please use `torch._check*` functions instead.\n"}
,{"stream_name":"stderr","time":285.987769941,"data":"  check(\n"}
,{"stream_name":"stdout","time":286.920299864,"data":"[131/909] ok           diag float16 (3s, total 220s)\n"}
,{"stream_name":"stderr","time":288.072680853,"data":"/usr/local/lib/python3.12/dist-packages/torch/_inductor/lowering.py:2487: FutureWarning: `torch._prims_common.check` is deprecated and will be removed in the future. Please use `torch._check*` functions instead.\n"}
,{"stream_name":"stderr","time":288.072729728,"data":"  check(\n"}
,{"stream_name":"stderr","time":289.035173732,"data":"/usr/local/lib/python3.12/dist-packages/torch/_inductor/lowering.py:2487: FutureWarning: `torch._prims_common.check` is deprecated and will be removed in the future. Please use `torch._check*` functions instead.\n"}
,{"stream_name":"stderr","time":289.035215675,"data":"  check(\n"}
,{"stream_name":"stdout","time":289.938999295,"data":"[132/909] ok           diag bfloat16 (3s, total 223s)\n"}
,{"stream_name":"stdout","time":292.429343187,"data":"[133/909] ok           diag_embed float16 (2s, total 225s)\n"}
,{"stream_name":"stdout","time":294.751037478,"data":"[134/909] ok           diag_embed bfloat16 (2s, total 227s)\n"}
,{"stream_name":"stderr","time":294.807137993,"data":"/usr/local/lib/python3.12/dist-packages/torch/_inductor/lowering.py:2487: FutureWarning: `torch._prims_common.check` is deprecated and will be removed in the future. Please use `torch._check*` functions instead.\n"}
,{"stream_name":"stderr","time":294.80718162,"data":"  check(\n"}
,{"stream_name":"stderr","time":294.922196797,"data":"/usr/local/lib/python3.12/dist-packages/torch/_inductor/lowering.py:2487: FutureWarning: `torch._prims_common.check` is deprecated and will be removed in the future. Please use `torch._check*` functions instead.\n"}
,{"stream_name":"stderr","time":294.922242616,"data":"  check(\n"}
,{"stream_name":"stdout","time":295.044652252,"data":"[135/909] ok           diagonal float16 (0s, total 228s)\n"}
,{"stream_name":"stderr","time":295.098440288,"data":"/usr/local/lib/python3.12/dist-packages/torch/_inductor/lowering.py:2487: FutureWarning: `torch._prims_common.check` is deprecated and will be removed in the future. Please use `torch._check*` functions instead.\n"}
,{"stream_name":"stderr","time":295.098509268,"data":"  check(\n"}
,{"stream_name":"stderr","time":295.208931374,"data":"/usr/local/lib/python3.12/dist-packages/torch/_inductor/lowering.py:2487: FutureWarning: `torch._prims_common.check` is deprecated and will be removed in the future. Please use `torch._check*` functions instead.\n"}
,{"stream_name":"stderr","time":295.208970738,"data":"  check(\n"}
,{"stream_name":"stdout","time":295.329536477,"data":"[136/909] ok           diagonal bfloat16 (0s, total 228s)\n"}
,{"stream_name":"stderr","time":295.389069934,"data":"/usr/local/lib/python3.12/dist-packages/torch/_inductor/lowering.py:2487: FutureWarning: `torch._prims_common.check` is deprecated and will be removed in the future. Please use `torch._check*` functions instead.\n"}
,{"stream_name":"stderr","time":295.389111692,"data":"  check(\n"}
,{"stream_name":"stderr","time":296.366863875,"data":"/usr/local/lib/python3.12/dist-packages/torch/_inductor/lowering.py:2487: FutureWarning: `torch._prims_common.check` is deprecated and will be removed in the future. Please use `torch._check*` functions instead.\n"}
,{"stream_name":"stderr","time":296.366908953,"data":"  check(\n"}
,{"stream_name":"stdout","time":297.362535332,"data":"[137/909] ok           diagonal_copy float16 (2s, total 230s)\n"}
,{"stream_name":"stderr","time":297.420534505,"data":"/usr/local/lib/python3.12/dist-packages/torch/_inductor/lowering.py:2487: FutureWarning: `torch._prims_common.check` is deprecated and will be removed in the future. Please use `torch._check*` functions instead.\n"}
,{"stream_name":"stderr","time":297.420573094,"data":"  check(\n"}
,{"stream_name":"stderr","time":298.386836522,"data":"/usr/local/lib/python3.12/dist-packages/torch/_inductor/lowering.py:2487: FutureWarning: `torch._prims_common.check` is deprecated and will be removed in the future. Please use `torch._check*` functions instead.\n"}
,{"stream_name":"stderr","time":298.386878702,"data":"  check(\n"}
,{"stream_name":"stdout","time":299.353408163,"data":"[138/909] ok           diagonal_copy bfloat16 (2s, total 232s)\n"}
,{"stream_name":"stderr","time":299.425835608,"data":"/usr/local/lib/python3.12/dist-packages/torch/_inductor/lowering.py:2487: FutureWarning: `torch._prims_common.check` is deprecated and will be removed in the future. Please use `torch._check*` functions instead.\n"}
,{"stream_name":"stderr","time":299.425889066,"data":"  check(\n"}
,{"stream_name":"stderr","time":300.435643727,"data":"/usr/local/lib/python3.12/dist-packages/torch/_inductor/lowering.py:2487: FutureWarning: `torch._prims_common.check` is deprecated and will be removed in the future. Please use `torch._check*` functions instead.\n"}
,{"stream_name":"stderr","time":300.43571084,"data":"  check(\n"}
,{"stream_name":"stderr","time":301.483140415,"data":"/usr/local/lib/python3.12/dist-packages/torch/_inductor/lowering.py:2487: FutureWarning: `torch._prims_common.check` is deprecated and will be removed in the future. Please use `torch._check*` functions instead.\n"}
,{"stream_name":"stderr","time":301.483185588,"data":"  check(\n"}
,{"stream_name":"stdout","time":302.438733488,"data":"[139/909] ok           diagonal_scatter float16 (3s, total 235s)\n"}
,{"stream_name":"stderr","time":302.510407737,"data":"/usr/local/lib/python3.12/dist-packages/torch/_inductor/lowering.py:2487: FutureWarning: `torch._prims_common.check` is deprecated and will be removed in the future. Please use `torch._check*` functions instead.\n"}
,{"stream_name":"stderr","time":302.510481175,"data":"  check(\n"}
,{"stream_name":"stderr","time":303.509540949,"data":"/usr/local/lib/python3.12/dist-packages/torch/_inductor/lowering.py:2487: FutureWarning: `torch._prims_common.check` is deprecated and will be removed in the future. Please use `torch._check*` functions instead.\n"}
,{"stream_name":"stderr","time":303.509599536,"data":"  check(\n"}
,{"stream_name":"stderr","time":304.516154358,"data":"/usr/local/lib/python3.12/dist-packages/torch/_inductor/lowering.py:2487: FutureWarning: `torch._prims_common.check` is deprecated and will be removed in the future. Please use `torch._check*` functions instead.\n"}
,{"stream_name":"stderr","time":304.516208123,"data":"  check(\n"}
,{"stream_name":"stdout","time":305.445388433,"data":"[140/909] ok           diagonal_scatter bfloat16 (3s, total 238s)\n"}
,{"stream_name":"stdout","time":305.698785319,"data":"[141/909] ok           alias_copy float16 (0s, total 238s)\n"}
,{"stream_name":"stdout","time":305.957287694,"data":"[142/909] ok           alias_copy bfloat16 (0s, total 239s)\n"}
,{"stream_name":"stdout","time":309.024230734,"data":"[143/909] ok           eq float16 (3s, total 242s)\n"}
,{"stream_name":"stdout","time":312.131637462,"data":"[144/909] ok           eq bfloat16 (3s, total 245s)\n"}
,{"stream_name":"stdout","time":315.265490528,"data":"[145/909] DIFF:SIGNZERO fmax float16 (3s, total 248s)\n"}
,{"stream_name":"stdout","time":318.424929705,"data":"[146/909] ok           fmax bfloat16 (3s, total 251s)\n"}
,{"stream_name":"stdout","time":321.627803517,"data":"[147/909] DIFF:SIGNZERO fmin float16 (3s, total 254s)\n"}
,{"stream_name":"stdout","time":324.793723311,"data":"[148/909] ok           fmin bfloat16 (3s, total 258s)\n"}
,{"stream_name":"stdout","time":328.304635915,"data":"[149/909] ok           fmod float16 (4s, total 261s)\n"}
,{"stream_name":"stdout","time":331.901835476,"data":"[150/909] ok           fmod bfloat16 (4s, total 265s)\n"}
,{"stream_name":"stdout","time":335.457733782,"data":"[151/909] DIFF:SIGNZERO remainder float16 (4s, total 268s)\n"}
,{"stream_name":"stdout","time":339.030499878,"data":"[152/909] DIFF:SIGNZERO remainder bfloat16 (4s, total 272s)\n"}
,{"stream_name":"stdout","time":340.066193672,"data":"[153/909] ok           frac float16 (1s, total 273s)\n"}
,{"stream_name":"stdout","time":341.140373368,"data":"[154/909] ok           frac bfloat16 (1s, total 274s)\n"}
,{"stream_name":"stdout","time":342.163520543,"data":"[155/909] ok           floor float16 (1s, total 275s)\n"}
,{"stream_name":"stdout","time":343.198398348,"data":"[156/909] ok           floor bfloat16 (1s, total 276s)\n"}
,{"stream_name":"stdout","time":346.272292518,"data":"[157/909] ok           flip float16 (3s, total 279s)\n"}
,{"stream_name":"stdout","time":349.232665692,"data":"[158/909] ok           flip bfloat16 (3s, total 282s)\n"}
,{"stream_name":"stdout","time":350.407020852,"data":"[159/909] ok           fliplr float16 (1s, total 283s)\n"}
,{"stream_name":"stdout","time":351.555570235,"data":"[160/909] ok           fliplr bfloat16 (1s, total 284s)\n"}
,{"stream_name":"stdout","time":351.773232355,"data":"[161/909] ok           flipud float16 (0s, total 284s)\n"}
,{"stream_name":"stdout","time":352.333806657,"data":"[162/909] ok           flipud bfloat16 (1s, total 285s)\n"}
,{"stream_name":"stderr","time":352.335549202,"data":"/usr/local/lib/python3.12/dist-packages/torch/testing/_internal/common_methods_invocations.py:1267: UserWarning: Sparse CSR tensor support is in beta state. If you miss a functionality in the sparse tensor support, please submit a feature request to https://github.com/pytorch/pytorch/issues. (Triggered internally at /__w/pytorch/pytorch/aten/src/ATen/SparseCsrTensorImpl.cpp:49.)\n"}
,{"stream_name":"stderr","time":352.335576139,"data":"  .to_sparse_csr()\n"}
,{"stream_name":"stdout","time":352.337689648,"data":"[163/909] ok           sparse.mm float16 (0s, total 285s)\n"}
,{"stream_name":"stdout","time":352.34065679,"data":"[164/909] ok           sparse.mm bfloat16 (0s, total 285s)\n"}
,{"stream_name":"stdout","time":354.395862824,"data":"[165/909] ok           i0 float16 (2s, total 287s)\n"}
,{"stream_name":"stdout","time":356.441003772,"data":"[166/909] ok           i0 bfloat16 (2s, total 289s)\n"}
,{"stream_name":"stdout","time":356.80217231,"data":"[167/909] ok           floor_divide float16 (0s, total 290s)\n"}
,{"stream_name":"stdout","time":357.164999221,"data":"[168/909] ok           floor_divide bfloat16 (0s, total 290s)\n"}
,{"stream_name":"stdout","time":359.39258,"data":"[169/909] ok           frexp float16 (2s, total 292s)\n"}
,{"stream_name":"stdout","time":361.683280013,"data":"[170/909] ok           frexp bfloat16 (2s, total 294s)\n"}
,{"stream_name":"stdout","time":362.94611342,"data":"[171/909] ok           log1p float16 (1s, total 296s)\n"}
,{"stream_name":"stdout","time":364.222186639,"data":"[172/909] ok           log1p bfloat16 (1s, total 297s)\n"}
,{"stream_name":"stdout","time":367.325904188,"data":"[173/909] ok           ge float16 (3s, total 300s)\n"}
,{"stream_name":"stdout","time":370.449793605,"data":"[174/909] ok           ge bfloat16 (3s, total 303s)\n"}
,{"stream_name":"stdout","time":373.587577008,"data":"[175/909] ok           gt float16 (3s, total 306s)\n"}
,{"stream_name":"stdout","time":376.67456344,"data":"[176/909] ok           gt bfloat16 (3s, total 309s)\n"}
,{"stream_name":"stdout","time":380.625643064,"data":"[177/909] ok           gradient float16 (4s, total 313s)\n"}
,{"stream_name":"stdout","time":384.413433735,"data":"[178/909] ok           gradient bfloat16 (4s, total 317s)\n"}
,{"stream_name":"stdout","time":386.852553589,"data":"[179/909] ok           isin float16 (2s, total 320s)\n"}
,{"stream_name":"stdout","time":389.292194834,"data":"[180/909] ok           isin bfloat16 (2s, total 322s)\n"}
,{"stream_name":"stdout","time":392.394000136,"data":"[181/909] ok           le float16 (3s, total 325s)\n"}
,{"stream_name":"stdout","time":395.494787287,"data":"[182/909] ok           le bfloat16 (3s, total 328s)\n"}
,{"stream_name":"stdout","time":397.666606592,"data":"[183/909] ok           linspace float16 (2s, total 330s)\n"}
,{"stream_name":"stdout","time":399.824494064,"data":"[184/909] ok           linspace bfloat16 (2s, total 333s)\n"}
,{"stream_name":"stdout","time":400.185762349,"data":"[185/909] ok           linspace float16 (0s, total 333s)\n"}
,{"stream_name":"stdout","time":400.535710886,"data":"[186/909] ok           linspace bfloat16 (0s, total 333s)\n"}
,{"stream_name":"stdout","time":400.885994158,"data":"[187/909] ok           logspace float16 (0s, total 334s)\n"}
,{"stream_name":"stdout","time":401.252686532,"data":"[188/909] ok           logspace bfloat16 (0s, total 334s)\n"}
,{"stream_name":"stdout","time":401.614202196,"data":"[189/909] ok           logspace float16 (0s, total 334s)\n"}
,{"stream_name":"stdout","time":401.972794808,"data":"[190/909] ok           logspace bfloat16 (0s, total 335s)\n"}
,{"stream_name":"stdout","time":404.350933671,"data":"[191/909] ok           log float16 (2s, total 337s)\n"}
,{"stream_name":"stdout","time":406.72666803,"data":"[192/909] ok           log bfloat16 (2s, total 339s)\n"}
,{"stream_name":"stdout","time":409.060919183,"data":"[193/909] ok           log10 float16 (2s, total 342s)\n"}
,{"stream_name":"stdout","time":411.466286194,"data":"[194/909] ok           log10 bfloat16 (2s, total 344s)\n"}
,{"stream_name":"stdout","time":413.792463218,"data":"[195/909] ok           log2 float16 (2s, total 347s)\n"}
,{"stream_name":"stdout","time":416.139893076,"data":"[196/909] ok           log2 bfloat16 (2s, total 349s)\n"}
,{"stream_name":"stdout","time":419.452826765,"data":"[197/909] ok           ldexp float16 (3s, total 352s)\n"}
,{"stream_name":"stdout","time":422.804774442,"data":"[198/909] ok           ldexp bfloat16 (3s, total 356s)\n"}
,{"stream_name":"stdout","time":426.759991615,"data":"[199/909] ok           logaddexp float16 (4s, total 359s)\n"}
,{"stream_name":"stdout","time":430.68640794,"data":"[200/909] ok           logaddexp bfloat16 (4s, total 363s)\n"}
,{"stream_name":"stdout","time":432.25742827,"data":"[201/909] DIFF:SIGNZERO logaddexp2 float16 (2s, total 365s)\n"}
,{"stream_name":"stdout","time":433.795900375,"data":"[202/909] ok           logaddexp2 bfloat16 (2s, total 367s)\n"}
,{"stream_name":"stdout","time":435.985618502,"data":"[203/909] ok           logical_not float16 (2s, total 369s)\n"}
,{"stream_name":"stdout","time":438.137783851,"data":"[204/909] ok           logical_not bfloat16 (2s, total 371s)\n"}
,{"stream_name":"stdout","time":441.285047273,"data":"[205/909] ok           lt float16 (3s, total 374s)\n"}
,{"stream_name":"stdout","time":444.787052284,"data":"[206/909] ok           lt bfloat16 (4s, total 378s)\n"}
,{"stream_name":"stdout","time":447.972439619,"data":"[207/909] ok           masked_fill float16 (3s, total 381s)\n"}
,{"stream_name":"stdout","time":451.224577006,"data":"[208/909] ok           masked_fill bfloat16 (3s, total 384s)\n"}
,{"stream_name":"stdout","time":451.630437375,"data":"[209/909] ok           masked_scatter float16 (0s, total 384s)\n"}
,{"stream_name":"stdout","time":452.033848177,"data":"[210/909] ok           masked_scatter bfloat16 (0s, total 385s)\n"}
,{"stream_name":"stdout","time":452.272274396,"data":"[211/909] ok           matrix_exp float16 (0s, total 385s)\n"}
,{"stream_name":"stdout","time":452.51113083,"data":"[212/909] ok           matrix_exp bfloat16 (0s, total 385s)\n"}
,{"stream_name":"stdout","time":453.847603602,"data":"[213/909] ok           matmul float16 (1s, total 387s)\n"}
,{"stream_name":"stdout","time":455.192691377,"data":"[214/909] ok           matmul bfloat16 (1s, total 388s)\n"}
,{"stream_name":"stdout","time":457.833756399,"data":"[215/909] ok           max float16 (3s, total 391s)\n"}
,{"stream_name":"stdout","time":460.334615602,"data":"[216/909] ok           max bfloat16 (3s, total 393s)\n"}
,{"stream_name":"stdout","time":461.569202217,"data":"[217/909] ok           max float16 (1s, total 394s)\n"}
,{"stream_name":"stdout","time":462.73880694,"data":"[218/909] ok           max bfloat16 (1s, total 395s)\n"}
,{"stream_name":"stdout","time":466.565276591,"data":"[219/909] DIFF:VALUE   var_mean float16 (4s, total 399s)\n"}
,{"stream_name":"stdout","time":470.412056278,"data":"[220/909] DIFF:VALUE   var_mean bfloat16 (4s, total 403s)\n"}
,{"stream_name":"stderr","time":473.354718259,"data":"/kaggle/working/sweep.py:151: UserWarning: var_mean(): degrees of freedom is \u003c= 0. Correction should be strictly less than the reduction factor (input numel divided by output numel). (Triggered internally at /__w/pytorch/pytorch/aten/src/ATen/native/ReduceOps.cpp:1913.)\n"}
,{"stream_name":"stderr","time":473.354783093,"data":"  eager = fn(inp, *args, **kwargs)\n"}
,{"stream_name":"stdout","time":474.343645058,"data":"[221/909] DIFF:VALUE   var_mean float16 (4s, total 407s)\n"}
,{"stream_name":"stderr","time":477.251514195,"data":"/kaggle/working/sweep.py:151: UserWarning: var_mean(): degrees of freedom is \u003c= 0. Correction should be strictly less than the reduction factor (input numel divided by output numel). (Triggered internally at /__w/pytorch/pytorch/aten/src/ATen/native/ReduceOps.cpp:1913.)\n"}
,{"stream_name":"stderr","time":477.251560226,"data":"  eager = fn(inp, *args, **kwargs)\n"}
,{"stream_name":"stdout","time":478.228187278,"data":"[222/909] DIFF:VALUE   var_mean bfloat16 (4s, total 411s)\n"}
,{"stream_name":"stdout","time":482.135922081,"data":"[223/909] DIFF:VALUE   std_mean float16 (4s, total 415s)\n"}
,{"stream_name":"stdout","time":486.037592144,"data":"[224/909] DIFF:VALUE   std_mean bfloat16 (4s, total 419s)\n"}
,{"stream_name":"stderr","time":488.994878666,"data":"/kaggle/working/sweep.py:151: UserWarning: std_mean(): degrees of freedom is \u003c= 0. Correction should be strictly less than the reduction factor (input numel divided by output numel). (Triggered internally at /__w/pytorch/pytorch/aten/src/ATen/native/ReduceOps.cpp:1913.)\n"}
,{"stream_name":"stderr","time":488.994929188,"data":"  eager = fn(inp, *args, **kwargs)\n"}
,{"stream_name":"stdout","time":489.999010331,"data":"[225/909] DIFF:VALUE   std_mean float16 (4s, total 423s)\n"}
,{"stream_name":"stderr","time":493.024362564,"data":"/kaggle/working/sweep.py:151: UserWarning: std_mean(): degrees of freedom is \u003c= 0. Correction should be strictly less than the reduction factor (input numel divided by output numel). (Triggered internally at /__w/pytorch/pytorch/aten/src/ATen/native/ReduceOps.cpp:1913.)\n"}
,{"stream_name":"stderr","time":493.024409677,"data":"  eager = fn(inp, *args, **kwargs)\n"}
,{"stream_name":"stdout","time":494.020662035,"data":"[226/909] DIFF:VALUE   std_mean bfloat16 (4s, total 427s)\n"}
,{"stream_name":"stdout","time":494.364605482,"data":"[227/909] ok           meshgrid float16 (0s, total 427s)\n"}
,{"stream_name":"stdout","time":494.713957688,"data":"[228/909] ok           meshgrid bfloat16 (0s, total 427s)\n"}
,{"stream_name":"stdout","time":495.032670872,"data":"[229/909] ok           meshgrid float16 (0s, total 428s)\n"}
,{"stream_name":"stdout","time":495.341254952,"data":"[230/909] ok           meshgrid bfloat16 (0s, total 428s)\n"}
,{"stream_name":"stdout","time":497.010235618,"data":"[231/909] ok           min float16 (2s, total 430s)\n"}
,{"stream_name":"stdout","time":498.693483546,"data":"[232/909] ok           min bfloat16 (2s, total 431s)\n"}
,{"stream_name":"stdout","time":499.843977687,"data":"[233/909] ok           min float16 (1s, total 433s)\n"}
,{"stream_name":"stdout","time":501.002626827,"data":"[234/909] ok           min bfloat16 (1s, total 434s)\n"}
,{"stream_name":"stdout","time":501.461860168,"data":"[235/909] DIFF:SIGNZERO max float16 (0s, total 434s)\n"}
,{"stream_name":"stdout","time":501.907429205,"data":"[236/909] DIFF:SIGNZERO max bfloat16 (0s, total 435s)\n"}
,{"stream_name":"stdout","time":502.237848376,"data":"[237/909] DIFF:SIGNZERO maximum float16 (0s, total 435s)\n"}
,{"stream_name":"stdout","time":502.568421174,"data":"[238/909] DIFF:SIGNZERO maximum bfloat16 (0s, total 435s)\n"}
,{"stream_name":"stdout","time":503.006760945,"data":"[239/909] DIFF:SIGNZERO min float16 (0s, total 436s)\n"}
,{"stream_name":"stdout","time":503.444669138,"data":"[240/909] DIFF:SIGNZERO min bfloat16 (0s, total 436s)\n"}
,{"stream_name":"stdout","time":504.204531213,"data":"[241/909] DIFF:SIGNZERO minimum float16 (1s, total 437s)\n"}
,{"stream_name":"stdout","time":504.531073433,"data":"[242/909] DIFF:SIGNZERO minimum bfloat16 (0s, total 437s)\n"}
,{"stream_name":"stdout","time":507.764532414,"data":"[243/909] ok           logical_and float16 (3s, total 440s)\n"}
,{"stream_name":"stdout","time":510.917707639,"data":"[244/909] ok           logical_and bfloat16 (3s, total 444s)\n"}
,{"stream_name":"stdout","time":514.166558272,"data":"[245/909] ok           logical_or float16 (3s, total 447s)\n"}
,{"stream_name":"stdout","time":517.339940237,"data":"[246/909] ok           logical_or bfloat16 (3s, total 450s)\n"}
,{"stream_name":"stdout","time":520.540474082,"data":"[247/909] ok           logical_xor float16 (3s, total 453s)\n"}
,{"stream_name":"stdout","time":523.753540069,"data":"[248/909] ok           logical_xor bfloat16 (3s, total 456s)\n"}
,{"stream_name":"stdout","time":527.002081725,"data":"[249/909] ok           heaviside float16 (3s, total 460s)\n"}
,{"stream_name":"stdout","time":530.279959146,"data":"[250/909] ok           heaviside bfloat16 (3s, total 463s)\n"}
,{"stream_name":"stdout","time":533.787003945,"data":"[251/909] ok           isclose float16 (4s, total 467s)\n"}
,{"stream_name":"stdout","time":537.199262058,"data":"[252/909] ok           isclose bfloat16 (3s, total 470s)\n"}
,{"stream_name":"stdout","time":541.508232412,"data":"[253/909] ok           softmax float16 (4s, total 474s)\n"}
,{"stream_name":"stdout","time":545.681110188,"data":"[254/909] ok           softmax bfloat16 (4s, total 478s)\n"}
,{"stream_name":"stdout","time":550.074272776,"data":"[255/909] ok           softmax float16 (4s, total 483s)\n"}
,{"stream_name":"stdout","time":554.40991578,"data":"[256/909] ok           softmax bfloat16 (4s, total 487s)\n"}
,{"stream_name":"stdout","time":557.757430201,"data":"[257/909] DIFF:SIGNZERO _softmax_backward_data float16 (3s, total 490s)\n"}
,{"stream_name":"stdout","time":561.165995892,"data":"[258/909] DIFF:SIGNZERO+VALUE _softmax_backward_data bfloat16 (3s, total 494s)\n"}
,{"stream_name":"stdout","time":565.354163671,"data":"[259/909] ok           nn.functional.softmin float16 (4s, total 498s)\n"}
,{"stream_name":"stdout","time":569.565648213,"data":"[260/909] ok           nn.functional.softmin bfloat16 (4s, total 502s)\n"}
,{"stream_name":"stdout","time":573.979168787,"data":"[261/909] ok           nn.functional.softmin float16 (4s, total 507s)\n"}
,{"stream_name":"stdout","time":578.318688008,"data":"[262/909] ok           nn.functional.softmin bfloat16 (4s, total 511s)\n"}
,{"stream_name":"stdout","time":581.774327378,"data":"[263/909] ok           nn.functional.cross_entropy float16 (3s, total 514s)\n"}
,{"stream_name":"stdout","time":584.614979531,"data":"[264/909] ok           nn.functional.cross_entropy bfloat16 (3s, total 517s)\n"}
,{"stream_name":"stdout","time":589.671989607,"data":"[265/909] ok           nn.functional.linear_cross_entropy float16 (5s, total 522s)\n"}
,{"stream_name":"stdout","time":594.405660385,"data":"[266/909] ok           nn.functional.linear_cross_entropy bfloat16 (5s, total 527s)\n"}
,{"stream_name":"stderr","time":594.929104544,"data":"/kaggle/working/sweep.py:151: UserWarning: linear_cross_entropy: ``options`` ignored; chunked path needs reduction in {'mean','sum','none'}, label_smoothing == 0, target.dtype == int64 (or a probability target with reduction in {'mean','sum'}, dtype matching input, and requires_grad == False), out_features == (). Got reduction='mean', label_smoothing=0.0, target.dtype=torch.int64, out_features=(3,), tracing=False, target.requires_grad=False, linear_bias.shape=None.\n"}
,{"stream_name":"stderr","time":594.929172388,"data":"  eager = fn(inp, *args, **kwargs)\n"}
,{"stream_name":"stderr","time":595.013187217,"data":"/usr/local/lib/python3.12/dist-packages/torch/_dynamo/external_utils.py:69: UserWarning: linear_cross_entropy: ``options`` ignored; chunked path needs reduction in {'mean','sum','none'}, label_smoothing == 0, target.dtype == int64 (or a probability target with reduction in {'mean','sum'}, dtype matching input, and requires_grad == False), out_features == (). Got reduction='mean', label_smoothing=0.0, target.dtype=torch.int64, out_features=(3,), tracing=False, target.requires_grad=False, linear_bias.shape=None.\n"}
,{"stream_name":"stderr","time":595.013230458,"data":"  return fn(*args, **kwargs)\n"}
,{"stream_name":"stdout","time":595.014751413,"data":"[267/909] ok           nn.functional.linear_cross_entropy float16 (1s, total 528s)\n"}
,{"stream_name":"stderr","time":595.454560461,"data":"/kaggle/working/sweep.py:151: UserWarning: linear_cross_entropy: ``options`` ignored; chunked path needs reduction in {'mean','sum','none'}, label_smoothing == 0, target.dtype == int64 (or a probability target with reduction in {'mean','sum'}, dtype matching input, and requires_grad == False), out_features == (). Got reduction='mean', label_smoothing=0.0, target.dtype=torch.int64, out_features=(3,), tracing=False, target.requires_grad=False, linear_bias.shape=None.\n"}
,{"stream_name":"stderr","time":595.454606429,"data":"  eager = fn(inp, *args, **kwargs)\n"}
,{"stream_name":"stderr","time":595.538085493,"data":"/usr/local/lib/python3.12/dist-packages/torch/_dynamo/external_utils.py:69: UserWarning: linear_cross_entropy: ``options`` ignored; chunked path needs reduction in {'mean','sum','none'}, label_smoothing == 0, target.dtype == int64 (or a probability target with reduction in {'mean','sum'}, dtype matching input, and requires_grad == False), out_features == (). Got reduction='mean', label_smoothing=0.0, target.dtype=torch.int64, out_features=(3,), tracing=False, target.requires_grad=False, linear_bias.shape=None.\n"}
,{"stream_name":"stderr","time":595.538127783,"data":"  return fn(*args, **kwargs)\n"}
,{"stream_name":"stdout","time":595.539629996,"data":"[268/909] ok           nn.functional.linear_cross_entropy bfloat16 (1s, total 528s)\n"}
,{"stream_name":"stderr","time":595.952058502,"data":"/kaggle/working/sweep.py:151: UserWarning: linear_cross_entropy: ``options`` ignored; chunked path needs reduction in {'mean','sum','none'}, label_smoothing == 0, target.dtype == int64 (or a probability target with reduction in {'mean','sum'}, dtype matching input, and requires_grad == False), out_features == (). Got reduction='none', label_smoothing=0.0, target.dtype=torch.int64, out_features=(3,), tracing=False, target.requires_grad=False, linear_bias.shape=None.\n"}
,{"stream_name":"stderr","time":595.952099683,"data":"  eager = fn(inp, *args, **kwargs)\n"}
,{"stream_name":"stderr","time":596.036298534,"data":"/usr/local/lib/python3.12/dist-packages/torch/_dynamo/external_utils.py:69: UserWarning: linear_cross_entropy: ``options`` ignored; chunked path needs reduction in {'mean','sum','none'}, label_smoothing == 0, target.dtype == int64 (or a probability target with reduction in {'mean','sum'}, dtype matching input, and requires_grad == False), out_features == (). Got reduction='none', label_smoothing=0.0, target.dtype=torch.int64, out_features=(3,), tracing=False, target.requires_grad=False, linear_bias.shape=None.\n"}
,{"stream_name":"stderr","time":596.036364546,"data":"  return fn(*args, **kwargs)\n"}
,{"stream_name":"stdout","time":596.037255095,"data":"[269/909] ok           nn.functional.linear_cross_entropy float16 (0s, total 529s)\n"}
,{"stream_name":"stderr","time":596.446655328,"data":"/kaggle/working/sweep.py:151: UserWarning: linear_cross_entropy: ``options`` ignored; chunked path needs reduction in {'mean','sum','none'}, label_smoothing == 0, target.dtype == int64 (or a probability target with reduction in {'mean','sum'}, dtype matching input, and requires_grad == False), out_features == (). Got reduction='none', label_smoothing=0.0, target.dtype=torch.int64, out_features=(3,), tracing=False, target.requires_grad=False, linear_bias.shape=None.\n"}
,{"stream_name":"stderr","time":596.446695052,"data":"  eager = fn(inp, *args, **kwargs)\n"}
,{"stream_name":"stderr","time":596.530027023,"data":"/usr/local/lib/python3.12/dist-packages/torch/_dynamo/external_utils.py:69: UserWarning: linear_cross_entropy: ``options`` ignored; chunked path needs reduction in {'mean','sum','none'}, label_smoothing == 0, target.dtype == int64 (or a probability target with reduction in {'mean','sum'}, dtype matching input, and requires_grad == False), out_features == (). Got reduction='none', label_smoothing=0.0, target.dtype=torch.int64, out_features=(3,), tracing=False, target.requires_grad=False, linear_bias.shape=None.\n"}
,{"stream_name":"stderr","time":596.530069411,"data":"  return fn(*args, **kwargs)\n"}
,{"stream_name":"stdout","time":596.531753691,"data":"[270/909] ok           nn.functional.linear_cross_entropy bfloat16 (0s, total 529s)\n"}
,{"stream_name":"stdout","time":598.943373628,"data":"[271/909] ok           aminmax float16 (2s, total 532s)\n"}
,{"stream_name":"stdout","time":601.390968086,"data":"[272/909] ok           aminmax bfloat16 (2s, total 534s)\n"}
,{"stream_name":"stdout","time":601.743578643,"data":"[273/909] ok           as_strided float16 (0s, total 534s)\n"}
,{"stream_name":"stdout","time":602.105260826,"data":"[274/909] ok           as_strided bfloat16 (0s, total 535s)\n"}
,{"stream_name":"stdout","time":602.462366301,"data":"[275/909] ok           as_strided float16 (0s, total 535s)\n"}
,{"stream_name":"stdout","time":602.822232749,"data":"[276/909] ok           as_strided bfloat16 (0s, total 536s)\n"}
,{"stream_name":"stdout","time":605.056241306,"data":"[277/909] ok           as_strided_copy float16 (2s, total 538s)\n"}
,{"stream_name":"stdout","time":607.175625549,"data":"[278/909] ok           as_strided_copy bfloat16 (2s, total 540s)\n"}
,{"stream_name":"stdout","time":609.355169175,"data":"[279/909] ok           as_strided_scatter float16 (2s, total 542s)\n"}
,{"stream_name":"stdout","time":611.54606927,"data":"[280/909] ok           as_strided_scatter bfloat16 (2s, total 544s)\n"}
,{"stream_name":"stdout","time":613.250180776,"data":"[281/909] DIFF:VALUE   native_group_norm float16 (2s, total 546s)\n"}
,{"stream_name":"stdout","time":614.93092329,"data":"[282/909] DIFF:VALUE   native_group_norm bfloat16 (2s, total 548s)\n"}
,{"stream_name":"stdout","time":619.564529582,"data":"[283/909] ok           native_layer_norm float16 (5s, total 552s)\n"}
,{"stream_name":"stdout","time":624.205324116,"data":"[284/909] ok           native_layer_norm bfloat16 (5s, total 557s)\n"}
,{"stream_name":"stdout","time":629.324650104,"data":"[285/909] ok           native_batch_norm float16 (5s, total 562s)\n"}
,{"stream_name":"stdout","time":633.92437188,"data":"[286/909] DIFF:VALUE   native_batch_norm bfloat16 (5s, total 567s)\n"}
,{"stream_name":"stdout","time":635.639721622,"data":"[287/909] ok           _native_batch_norm_legit float16 (2s, total 568s)\n"}
,{"stream_name":"stdout","time":637.381609518,"data":"[288/909] DIFF:VALUE   _native_batch_norm_legit bfloat16 (2s, total 570s)\n"}
,{"stream_name":"stdout","time":640.084366962,"data":"[289/909] DIFF:SIGNZERO _batch_norm_with_update float16 (3s, total 573s)\n"}
,{"stream_name":"stdout","time":642.810039387,"data":"[290/909] DIFF:SIGNZERO _batch_norm_with_update bfloat16 (3s, total 576s)\n"}
,{"stream_name":"stdout","time":646.656491408,"data":"[291/909] DIFF:VALUE   nn.functional.cosine_similarity float16 (4s, total 579s)\n"}
,{"stream_name":"stdout","time":650.358551594,"data":"[292/909] ok           nn.functional.cosine_similarity bfloat16 (4s, total 583s)\n"}
,{"stream_name":"stdout","time":653.170715916,"data":"[293/909] ok           nn.functional.adaptive_avg_pool1d float16 (3s, total 586s)\n"}
,{"stream_name":"stdout","time":655.509852076,"data":"[294/909] ok           nn.functional.adaptive_avg_pool1d bfloat16 (2s, total 588s)\n"}
,{"stream_name":"stdout","time":659.659205351,"data":"[295/909] ok           nn.functional.adaptive_avg_pool2d float16 (4s, total 592s)\n"}
,{"stream_name":"stdout","time":662.503003461,"data":"[296/909] ok           nn.functional.adaptive_avg_pool2d bfloat16 (3s, total 595s)\n"}
,{"stream_name":"stdout","time":662.872529307,"data":"[297/909] ok           nn.functional.adaptive_avg_pool3d float16 (0s, total 596s)\n"}
,{"stream_name":"stdout","time":663.238303244,"data":"[298/909] ok           nn.functional.adaptive_avg_pool3d bfloat16 (0s, total 596s)\n"}
,{"stream_name":"stdout","time":667.38334887,"data":"[299/909] DIFF:VALUE   nn.functional.adaptive_max_pool1d float16 (4s, total 600s)\n"}
,{"stream_name":"stdout","time":670.660294252,"data":"[300/909] DIFF:VALUE   nn.functional.adaptive_max_pool1d bfloat16 (3s, total 603s)\n"}
,{"stream_name":"stdout","time":674.514943864,"data":"[301/909] DIFF:VALUE   nn.functional.adaptive_max_pool2d float16 (4s, total 607s)\n"}
,{"stream_name":"stdout","time":677.454184201,"data":"[302/909] DIFF:VALUE   nn.functional.adaptive_max_pool2d bfloat16 (3s, total 610s)\n"}
,{"stream_name":"stdout","time":679.967256899,"data":"[303/909] ok           nn.functional.adaptive_max_pool3d float16 (3s, total 613s)\n"}
,{"stream_name":"stdout","time":682.463529988,"data":"[304/909] ok           nn.functional.adaptive_max_pool3d bfloat16 (2s, total 615s)\n"}
,{"stream_name":"stdout","time":687.082242811,"data":"[305/909] ok           nn.functional.avg_pool1d float16 (5s, total 620s)\n"}
,{"stream_name":"stdout","time":690.988917302,"data":"[306/909] ok           nn.functional.avg_pool1d bfloat16 (4s, total 624s)\n"}
,{"stream_name":"stdout","time":693.644632317,"data":"[307/909] ok           nn.functional.binary_cross_entropy_with_logits float16 (3s, total 626s)\n"}
,{"stream_name":"stdout","time":696.262476204,"data":"[308/909] ok           nn.functional.binary_cross_entropy_with_logits bfloat16 (3s, total 629s)\n"}
,{"stream_name":"stdout","time":696.730534898,"data":"[309/909] ok           nn.functional.conv_transpose1d float16 (0s, total 629s)\n"}
,{"stream_name":"stdout","time":697.205902906,"data":"[310/909] ok           nn.functional.conv_transpose1d bfloat16 (0s, total 630s)\n"}
,{"stream_name":"stdout","time":700.412158602,"data":"[311/909] ok           nn.functional.conv_transpose2d float16 (3s, total 633s)\n"}
,{"stream_name":"stdout","time":703.130489714,"data":"[312/909] ok           nn.functional.conv_transpose2d bfloat16 (3s, total 636s)\n"}
,{"stream_name":"stdout","time":703.634525319,"data":"[313/909] ok           nn.functional.conv_transpose3d float16 (1s, total 636s)\n"}
,{"stream_name":"stdout","time":704.127844925,"data":"[314/909] ok           nn.functional.conv_transpose3d bfloat16 (0s, total 637s)\n"}
,{"stream_name":"stdout","time":704.592943626,"data":"[315/909] ok           nn.functional.conv1d float16 (0s, total 637s)\n"}
,{"stream_name":"stdout","time":705.061262178,"data":"[316/909] ok           nn.functional.conv1d bfloat16 (0s, total 638s)\n"}
,{"stream_name":"stdout","time":708.036848464,"data":"[317/909] ok           nn.functional.conv2d float16 (3s, total 641s)\n"}
,{"stream_name":"stdout","time":710.684074252,"data":"[318/909] ok           nn.functional.conv2d bfloat16 (3s, total 643s)\n"}
,{"stream_name":"stdout","time":711.155647616,"data":"[319/909] ok           nn.functional.conv3d float16 (0s, total 644s)\n"}
,{"stream_name":"stdout","time":711.639482158,"data":"[320/909] ok           nn.functional.conv3d bfloat16 (0s, total 644s)\n"}
,{"stream_name":"stdout","time":713.276174138,"data":"[321/909] ok           nn.functional.group_norm float16 (2s, total 646s)\n"}
,{"stream_name":"stdout","time":714.868542956,"data":"[322/909] ok           nn.functional.group_norm bfloat16 (2s, total 648s)\n"}
,{"stream_name":"stdout","time":719.337739909,"data":"[323/909] DIFF:SIGNZERO nn.functional.instance_norm float16 (4s, total 652s)\n"}
,{"stream_name":"stdout","time":722.927218874,"data":"[324/909] DIFF:SIGNZERO nn.functional.instance_norm bfloat16 (4s, total 656s)\n"}
,{"stream_name":"stdout","time":726.932533449,"data":"[325/909] ok           nn.functional.layer_norm float16 (4s, total 660s)\n"}
,{"stream_name":"stdout","time":730.776628776,"data":"[326/909] ok           nn.functional.layer_norm bfloat16 (4s, total 663s)\n"}
,{"stream_name":"stdout","time":734.107555887,"data":"[327/909] ok           nn.functional.rms_norm float16 (3s, total 667s)\n"}
,{"stream_name":"stdout","time":737.452438474,"data":"[328/909] ok           nn.functional.rms_norm bfloat16 (3s, total 670s)\n"}
,{"stream_name":"stdout","time":741.238190864,"data":"[329/909] ok           nn.functional.local_response_norm float16 (4s, total 674s)\n"}
,{"stream_name":"stdout","time":744.96087736,"data":"[330/909] ok           nn.functional.local_response_norm bfloat16 (4s, total 678s)\n"}
,{"stream_name":"stdout","time":748.30900925,"data":"[331/909] ok           constant_pad_nd float16 (3s, total 681s)\n"}
,{"stream_name":"stdout","time":751.584408475,"data":"[332/909] ok           constant_pad_nd bfloat16 (3s, total 684s)\n"}
,{"stream_name":"stdout","time":751.97488868,"data":"[333/909] ok           nn.functional.pad float16 (0s, total 685s)\n"}
,{"stream_name":"stdout","time":752.357629701,"data":"[334/909] ok           nn.functional.pad bfloat16 (0s, total 685s)\n"}
,{"stream_name":"stdout","time":754.846351289,"data":"[335/909] ok           nn.functional.pad float16 (2s, total 688s)\n"}
,{"stream_name":"stdout","time":757.032740443,"data":"[336/909] ok           nn.functional.pad bfloat16 (2s, total 690s)\n"}
,{"stream_name":"stdout","time":759.37182353,"data":"[337/909] ok           nn.functional.pad float16 (2s, total 692s)\n"}
,{"stream_name":"stdout","time":761.577724994,"data":"[338/909] ok           nn.functional.pad bfloat16 (2s, total 694s)\n"}
,{"stream_name":"stdout","time":765.661407387,"data":"[339/909] ok           nn.functional.pad float16 (4s, total 698s)\n"}
,{"stream_name":"stdout","time":768.946286879,"data":"[340/909] ok           nn.functional.pad bfloat16 (3s, total 702s)\n"}
,{"stream_name":"stdout","time":770.971322124,"data":"[341/909] ok           nn.functional.pad float16 (2s, total 704s)\n"}
,{"stream_name":"stdout","time":772.846801002,"data":"[342/909] ok           nn.functional.pad bfloat16 (2s, total 706s)\n"}
,{"stream_name":"stdout","time":774.121899958,"data":"[343/909] ok           nn.functional.hardswish float16 (1s, total 707s)\n"}
,{"stream_name":"stdout","time":775.374361426,"data":"[344/909] ok           nn.functional.hardswish bfloat16 (1s, total 708s)\n"}
,{"stream_name":"stdout","time":775.962239879,"data":"[345/909] ok           nn.functional.unfold float16 (1s, total 709s)\n"}
,{"stream_name":"stdout","time":776.540935565,"data":"[346/909] ok           nn.functional.unfold bfloat16 (1s, total 709s)\n"}
,{"stream_name":"stdout","time":780.197249016,"data":"[347/909] ok           nn.functional.soft_margin_loss float16 (4s, total 713s)\n"}
,{"stream_name":"stdout","time":783.863112599,"data":"[348/909] ok           nn.functional.soft_margin_loss bfloat16 (4s, total 717s)\n"}
,{"stream_name":"stdout","time":786.102765004,"data":"[349/909] ok           nn.functional.margin_ranking_loss float16 (2s, total 719s)\n"}
,{"stream_name":"stdout","time":788.341279141,"data":"[350/909] ok           nn.functional.margin_ranking_loss bfloat16 (2s, total 721s)\n"}
,{"stream_name":"stdout","time":793.241714793,"data":"[351/909] ok           nn.functional.multilabel_soft_margin_loss float16 (5s, total 726s)\n"}
,{"stream_name":"stdout","time":797.511390354,"data":"[352/909] ok           nn.functional.multilabel_soft_margin_loss bfloat16 (4s, total 730s)\n"}
,{"stream_name":"stdout","time":803.609608763,"data":"[353/909] ok           nn.functional.avg_pool2d float16 (6s, total 736s)\n"}
,{"stream_name":"stdout","time":809.430613914,"data":"[354/909] ok           nn.functional.avg_pool2d bfloat16 (6s, total 742s)\n"}
,{"stream_name":"stdout","time":811.844695633,"data":"[355/909] ok           nn.functional.max_pool1d float16 (2s, total 745s)\n"}
,{"stream_name":"stdout","time":814.195336001,"data":"[356/909] ok           nn.functional.max_pool1d bfloat16 (2s, total 747s)\n"}
,{"stream_name":"stdout","time":821.679339691,"data":"[357/909] ok           nn.functional.max_pool2d float16 (7s, total 754s)\n"}
,{"stream_name":"stdout","time":828.429762381,"data":"[358/909] ok           nn.functional.max_pool2d bfloat16 (7s, total 761s)\n"}
,{"stream_name":"stdout","time":833.060857321,"data":"[359/909] ok           max_pool2d_with_indices_backward float16 (5s, total 766s)\n"}
,{"stream_name":"stdout","time":837.627139509,"data":"[360/909] ok           max_pool2d_with_indices_backward bfloat16 (5s, total 770s)\n"}
,{"stream_name":"stdout","time":842.936816486,"data":"[361/909] DIFF:VALUE   nn.functional.max_pool3d float16 (5s, total 776s)\n"}
,{"stream_name":"stdout","time":848.252416462,"data":"[362/909] DIFF:VALUE   nn.functional.max_pool3d bfloat16 (5s, total 781s)\n"}
,{"stream_name":"stdout","time":849.697531417,"data":"[363/909] ok           nn.functional.linear float16 (1s, total 782s)\n"}
,{"stream_name":"stdout","time":851.113667674,"data":"[364/909] ok           nn.functional.linear bfloat16 (1s, total 784s)\n"}
,{"stream_name":"stdout","time":853.510534477,"data":"[365/909] ok           nn.functional.bilinear float16 (2s, total 786s)\n"}
,{"stream_name":"stdout","time":855.85571766,"data":"[366/909] ok           nn.functional.bilinear bfloat16 (2s, total 789s)\n"}
,{"stream_name":"stdout","time":860.830542908,"data":"[367/909] ok           torch.ops.aten._safe_softmax.default float16 (5s, total 794s)\n"}
,{"stream_name":"stdout","time":861.044239035,"data":"[368/909] ok           torch.ops.aten._safe_softmax.default bfloat16 (0s, total 794s)\n"}
,{"stream_name":"stdout","time":861.32890242,"data":"[369/909] ok           nn.functional.scaled_dot_product_attention float16 (0s, total 794s)\n"}
,{"stream_name":"stdout","time":861.595537622,"data":"[370/909] ok           nn.functional.scaled_dot_product_attention bfloat16 (0s, total 794s)\n"}
,{"stream_name":"stdout","time":862.082930205,"data":"[371/909] ok           torch.ops.aten._scaled_dot_product_flash_attention_for_cpu float16 (0s, total 795s)\n"}
,{"stream_name":"stdout","time":862.57049415,"data":"[372/909] ok           torch.ops.aten._scaled_dot_product_flash_attention_for_cpu bfloat16 (0s, total 795s)\n"}
,{"stream_name":"stdout","time":864.851916128,"data":"[373/909] ok           nn.functional.hardsigmoid float16 (2s, total 798s)\n"}
,{"stream_name":"stdout","time":867.088064598,"data":"[374/909] ok           nn.functional.hardsigmoid bfloat16 (2s, total 800s)\n"}
,{"stream_name":"stdout","time":869.625712792,"data":"[375/909] ok           nn.functional.logsigmoid float16 (3s, total 802s)\n"}
,{"stream_name":"stdout","time":872.17355696,"data":"[376/909] ok           nn.functional.logsigmoid bfloat16 (3s, total 805s)\n"}
,{"stream_name":"stdout","time":874.692561051,"data":"[377/909] ok           nn.functional.mish float16 (3s, total 807s)\n"}
,{"stream_name":"stdout","time":877.216427461,"data":"[378/909] ok           nn.functional.mish bfloat16 (3s, total 810s)\n"}
,{"stream_name":"stdout","time":879.397374498,"data":"[379/909] ok           nn.functional.softsign float16 (2s, total 812s)\n"}
,{"stream_name":"stdout","time":881.60496134,"data":"[380/909] ok           nn.functional.softsign bfloat16 (2s, total 814s)\n"}
,{"stream_name":"stdout","time":883.979828588,"data":"[381/909] ok           nn.functional.tanhshrink float16 (2s, total 817s)\n"}
,{"stream_name":"stdout","time":886.380223553,"data":"[382/909] ok           nn.functional.tanhshrink bfloat16 (2s, total 819s)\n"}
,{"stream_name":"stdout","time":889.491804796,"data":"[383/909] ok           nn.functional.threshold float16 (3s, total 822s)\n"}
,{"stream_name":"stdout","time":892.622053042,"data":"[384/909] ok           nn.functional.threshold bfloat16 (3s, total 825s)\n"}
,{"stream_name":"stdout","time":896.339343462,"data":"[385/909] ok           nn.functional.triplet_margin_loss float16 (4s, total 829s)\n"}
,{"stream_name":"stdout","time":900.024468767,"data":"[386/909] ok           nn.functional.triplet_margin_loss bfloat16 (4s, total 833s)\n"}
,{"stream_name":"stdout","time":901.091154852,"data":"[387/909] ok           nn.functional.triplet_margin_with_distance_loss float16 (1s, total 834s)\n"}
,{"stream_name":"stdout","time":902.17328078,"data":"[388/909] ok           nn.functional.triplet_margin_with_distance_loss bfloat16 (1s, total 835s)\n"}
,{"stream_name":"stdout","time":905.681422746,"data":"[389/909] ok           nextafter float16 (4s, total 838s)\n"}
,{"stream_name":"stdout","time":909.216578636,"data":"[390/909] ok           nextafter bfloat16 (4s, total 842s)\n"}
,{"stream_name":"stdout","time":911.640849779,"data":"[391/909] ok           to float16 (2s, total 844s)\n"}
,{"stream_name":"stdout","time":913.896691486,"data":"[392/909] ok           to bfloat16 (2s, total 847s)\n"}
,{"stream_name":"stdout","time":917.568234665,"data":"[393/909] ok           nn.functional.batch_norm float16 (4s, total 850s)\n"}
,{"stream_name":"stdout","time":921.134422334,"data":"[394/909] DIFF:VALUE   nn.functional.batch_norm bfloat16 (4s, total 854s)\n"}
,{"stream_name":"stdout","time":923.76139943,"data":"[395/909] DIFF:SILENT  nn.functional.binary_cross_entropy float16 (3s, total 856s)\n"}
,{"stream_name":"stdout","time":926.39227517,"data":"[396/909] DIFF:SILENT  nn.functional.binary_cross_entropy bfloat16 (3s, total 859s)\n"}
,{"stream_name":"stdout","time":929.791523993,"data":"[397/909] ok           igamma float16 (3s, total 863s)\n"}
,{"stream_name":"stdout","time":933.88564398,"data":"[398/909] ok           igamma bfloat16 (4s, total 867s)\n"}
,{"stream_name":"stdout","time":937.270566343,"data":"[399/909] ok           igammac float16 (3s, total 870s)\n"}
,{"stream_name":"stdout","time":940.665612158,"data":"[400/909] ok           igammac bfloat16 (3s, total 873s)\n"}
,{"stream_name":"stdout","time":944.105689832,"data":"[401/909] ok           nn.functional.softshrink float16 (3s, total 877s)\n"}
,{"stream_name":"stdout","time":947.536864102,"data":"[402/909] ok           nn.functional.softshrink bfloat16 (3s, total 880s)\n"}
,{"stream_name":"stdout","time":950.735392443,"data":"[403/909] ok           nn.functional.hardshrink float16 (3s, total 883s)\n"}
,{"stream_name":"stdout","time":953.978493779,"data":"[404/909] ok           nn.functional.hardshrink bfloat16 (3s, total 887s)\n"}
,{"stream_name":"stdout","time":957.183770917,"data":"[405/909] DIFF:SIGNZERO nn.functional.hardtanh float16 (3s, total 890s)\n"}
,{"stream_name":"stdout","time":960.40916773,"data":"[406/909] DIFF:SIGNZERO nn.functional.hardtanh bfloat16 (3s, total 893s)\n"}
,{"stream_name":"stdout","time":960.810523407,"data":"[407/909] ok           mm float16 (0s, total 894s)\n"}
,{"stream_name":"stdout","time":961.226866652,"data":"[408/909] ok           mm bfloat16 (0s, total 894s)\n"}
,{"stream_name":"stdout","time":965.300788075,"data":"[409/909] DIFF:VALUE   mvlgamma float16 (4s, total 898s)\n"}
,{"stream_name":"stdout","time":969.407762104,"data":"[410/909] DIFF:VALUE   mvlgamma bfloat16 (4s, total 902s)\n"}
,{"stream_name":"stdout","time":969.612987925,"data":"[411/909] DIFF:VALUE   mvlgamma float16 (0s, total 902s)\n"}
,{"stream_name":"stdout","time":969.816883462,"data":"[412/909] DIFF:VALUE   mvlgamma bfloat16 (0s, total 903s)\n"}
,{"stream_name":"stdout","time":970.024238805,"data":"[413/909] DIFF:VALUE   mvlgamma float16 (0s, total 903s)\n"}
,{"stream_name":"stdout","time":970.232220087,"data":"[414/909] DIFF:VALUE   mvlgamma bfloat16 (0s, total 903s)\n"}
,{"stream_name":"stdout","time":973.35361953,"data":"[415/909] ok           ne float16 (3s, total 906s)\n"}
,{"stream_name":"stdout","time":976.439044776,"data":"[416/909] ok           ne bfloat16 (3s, total 909s)\n"}
,{"stream_name":"stdout","time":977.252085875,"data":"[417/909] ok           narrow float16 (1s, total 910s)\n"}
,{"stream_name":"stdout","time":977.786110786,"data":"[418/909] ok           narrow bfloat16 (1s, total 911s)\n"}
,{"stream_name":"stdout","time":979.988584211,"data":"[419/909] ok           narrow_copy float16 (2s, total 913s)\n"}
,{"stream_name":"stdout","time":982.112791243,"data":"[420/909] ok           narrow_copy bfloat16 (2s, total 915s)\n"}
,{"stream_name":"stdout","time":983.390001558,"data":"[421/909] ok           view_copy float16 (1s, total 916s)\n"}
,{"stream_name":"stdout","time":984.673508199,"data":"[422/909] ok           view_copy bfloat16 (1s, total 917s)\n"}
,{"stream_name":"stdout","time":985.643879777,"data":"[423/909] ok           neg float16 (1s, total 918s)\n"}
,{"stream_name":"stdout","time":986.626234666,"data":"[424/909] ok           neg bfloat16 (1s, total 919s)\n"}
,{"stream_name":"stdout","time":989.955334867,"data":"[425/909] ok           dist float16 (3s, total 923s)\n"}
,{"stream_name":"stdout","time":993.344238832,"data":"[426/909] ok           dist bfloat16 (3s, total 926s)\n"}
,{"stream_name":"stdout","time":994.396755922,"data":"[427/909] ok           outer float16 (1s, total 927s)\n"}
,{"stream_name":"stdout","time":995.468429042,"data":"[428/909] ok           outer bfloat16 (1s, total 928s)\n"}
,{"stream_name":"stdout","time":995.817997479,"data":"[429/909] ok           permute float16 (0s, total 929s)\n"}
,{"stream_name":"stdout","time":996.172874977,"data":"[430/909] ok           permute bfloat16 (0s, total 929s)\n"}
,{"stream_name":"stdout","time":997.54750211,"data":"[431/909] ok           permute_copy float16 (1s, total 930s)\n"}
,{"stream_name":"stdout","time":998.854678363,"data":"[432/909] ok           permute_copy bfloat16 (1s, total 932s)\n"}
,{"stream_name":"stdout","time":1002.390979388,"data":"[433/909] ok           pow float16 (4s, total 935s)\n"}
,{"stream_name":"stdout","time":1005.917574235,"data":"[434/909] ok           pow bfloat16 (4s, total 939s)\n"}
,{"stream_name":"stdout","time":1009.49722729,"data":"[435/909] ok           float_power float16 (4s, total 942s)\n"}
,{"stream_name":"stdout","time":1013.119574324,"data":"[436/909] ok           float_power bfloat16 (4s, total 946s)\n"}
,{"stream_name":"stdout","time":1014.160410917,"data":"[437/909] ok           rad2deg float16 (1s, total 947s)\n"}
,{"stream_name":"stdout","time":1015.199614673,"data":"[438/909] ok           rad2deg bfloat16 (1s, total 948s)\n"}
,{"stream_name":"stdout","time":1015.441432216,"data":"[439/909] ok           real float16 (0s, total 948s)\n"}
,{"stream_name":"stdout","time":1015.678173469,"data":"[440/909] ok           real bfloat16 (0s, total 948s)\n"}
,{"stream_name":"stdout","time":1016.946823105,"data":"[441/909] ok           roll float16 (1s, total 950s)\n"}
,{"stream_name":"stdout","time":1018.168752096,"data":"[442/909] ok           roll bfloat16 (1s, total 951s)\n"}
,{"stream_name":"stdout","time":1020.44277507,"data":"[443/909] ok           rot90 float16 (2s, total 953s)\n"}
,{"stream_name":"stdout","time":1022.630194545,"data":"[444/909] ok           rot90 bfloat16 (2s, total 955s)\n"}
,{"stream_name":"stdout","time":1023.650177124,"data":"[445/909] ok           round float16 (1s, total 956s)\n"}
,{"stream_name":"stdout","time":1024.657801329,"data":"[446/909] ok           round bfloat16 (1s, total 957s)\n"}
,{"stream_name":"stdout","time":1026.781725006,"data":"[447/909] ok           round float16 (2s, total 960s)\n"}
,{"stream_name":"stdout","time":1028.892308815,"data":"[448/909] ok           round bfloat16 (2s, total 962s)\n"}
,{"stream_name":"stdout","time":1031.030009241,"data":"[449/909] ok           round bfloat16 (2s, total 964s)\n"}
,{"stream_name":"stdout","time":1033.168282324,"data":"[450/909] ok           round bfloat16 (2s, total 966s)\n"}
,{"stream_name":"stdout","time":1034.405339702,"data":"[451/909] ok           sin float16 (1s, total 967s)\n"}
,{"stream_name":"stdout","time":1035.655680993,"data":"[452/909] ok           sin bfloat16 (1s, total 968s)\n"}
,{"stream_name":"stdout","time":1038.201392738,"data":"[453/909] ok           sinc float16 (3s, total 971s)\n"}
,{"stream_name":"stdout","time":1040.755749257,"data":"[454/909] ok           sinc bfloat16 (3s, total 973s)\n"}
,{"stream_name":"stdout","time":1041.81823665,"data":"[455/909] ok           sinh float16 (1s, total 975s)\n"}
,{"stream_name":"stdout","time":1042.860131309,"data":"[456/909] ok           sinh bfloat16 (1s, total 976s)\n"}
,{"stream_name":"stdout","time":1043.894868681,"data":"[457/909] ok           sign float16 (1s, total 977s)\n"}
,{"stream_name":"stdout","time":1044.923765182,"data":"[458/909] ok           sign bfloat16 (1s, total 978s)\n"}
,{"stream_name":"stdout","time":1045.077440502,"data":"[459/909] ok           sgn float16 (0s, total 978s)\n"}
,{"stream_name":"stdout","time":1045.231835368,"data":"[460/909] ok           sgn bfloat16 (0s, total 978s)\n"}
,{"stream_name":"stdout","time":1045.48661888,"data":"[461/909] ok           split float16 (0s, total 978s)\n"}
,{"stream_name":"stdout","time":1045.739030539,"data":"[462/909] ok           split bfloat16 (0s, total 978s)\n"}
,{"stream_name":"stdout","time":1046.133480604,"data":"[463/909] ok           split float16 (0s, total 979s)\n"}
,{"stream_name":"stdout","time":1046.535327124,"data":"[464/909] ok           split bfloat16 (0s, total 979s)\n"}
,{"stream_name":"stdout","time":1046.748368497,"data":"[465/909] ok           unsafe_split float16 (0s, total 979s)\n"}
,{"stream_name":"stdout","time":1046.960656731,"data":"[466/909] ok           unsafe_split bfloat16 (0s, total 980s)\n"}
,{"stream_name":"stdout","time":1047.329031604,"data":"[467/909] ok           split_with_sizes float16 (0s, total 980s)\n"}
,{"stream_name":"stdout","time":1047.694539061,"data":"[468/909] ok           split_with_sizes bfloat16 (0s, total 980s)\n"}
,{"stream_name":"stdout","time":1050.920841419,"data":"[469/909] ok           split_with_sizes_copy float16 (3s, total 984s)\n"}
,{"stream_name":"stdout","time":1054.074501064,"data":"[470/909] ok           split_with_sizes_copy bfloat16 (3s, total 987s)\n"}
,{"stream_name":"stdout","time":1054.987948065,"data":"[471/909] ok           __radd__ float16 (1s, total 988s)\n"}
,{"stream_name":"stdout","time":1055.325094822,"data":"[472/909] ok           __radd__ bfloat16 (0s, total 988s)\n"}
,{"stream_name":"stdout","time":1058.418881456,"data":"[473/909] ok           __rdiv__ float16 (3s, total 991s)\n"}
,{"stream_name":"stdout","time":1061.539128833,"data":"[474/909] ok           __rdiv__ bfloat16 (3s, total 994s)\n"}
,{"stream_name":"stdout","time":1061.872855086,"data":"[475/909] ok           __rmul__ float16 (0s, total 995s)\n"}
,{"stream_name":"stdout","time":1062.20961309,"data":"[476/909] ok           __rmul__ bfloat16 (0s, total 995s)\n"}
,{"stream_name":"stdout","time":1062.797857933,"data":"[477/909] ok           __rmatmul__ float16 (1s, total 996s)\n"}
,{"stream_name":"stdout","time":1063.37414166,"data":"[478/909] ok           __rmatmul__ bfloat16 (1s, total 996s)\n"}
,{"stream_name":"stdout","time":1066.117012178,"data":"[479/909] DIFF:SIGNZERO __rmod__ float16 (3s, total 999s)\n"}
,{"stream_name":"stdout","time":1068.875133147,"data":"[480/909] DIFF:SIGNZERO __rmod__ bfloat16 (3s, total 1002s)\n"}
,{"stream_name":"stdout","time":1071.593551731,"data":"[481/909] ok           __rpow__ float16 (3s, total 1004s)\n"}
,{"stream_name":"stdout","time":1074.294412438,"data":"[482/909] ok           __rpow__ bfloat16 (3s, total 1007s)\n"}
,{"stream_name":"stdout","time":1076.511434131,"data":"[483/909] ok           __rsub__ float16 (2s, total 1009s)\n"}
,{"stream_name":"stdout","time":1078.712083855,"data":"[484/909] ok           __rsub__ bfloat16 (2s, total 1011s)\n"}
,{"stream_name":"stdout","time":1078.923332633,"data":"[485/909] ok           rsub float16 (0s, total 1012s)\n"}
,{"stream_name":"stdout","time":1079.135514336,"data":"[486/909] ok           rsub bfloat16 (0s, total 1012s)\n"}
,{"stream_name":"stdout","time":1079.50171749,"data":"[487/909] ok           select float16 (0s, total 1012s)\n"}
,{"stream_name":"stdout","time":1079.864763616,"data":"[488/909] ok           select bfloat16 (0s, total 1013s)\n"}
,{"stream_name":"stdout","time":1083.105183917,"data":"[489/909] ok           select_scatter float16 (3s, total 1016s)\n"}
,{"stream_name":"stdout","time":1086.308694288,"data":"[490/909] ok           select_scatter bfloat16 (3s, total 1019s)\n"}
,{"stream_name":"stdout","time":1086.687517857,"data":"[491/909] ok           slice float16 (0s, total 1019s)\n"}
,{"stream_name":"stdout","time":1087.062310214,"data":"[492/909] ok           slice bfloat16 (0s, total 1020s)\n"}
,{"stream_name":"stdout","time":1090.430054328,"data":"[493/909] ok           slice_scatter float16 (3s, total 1023s)\n"}
,{"stream_name":"stdout","time":1093.704002307,"data":"[494/909] ok           slice_scatter bfloat16 (3s, total 1026s)\n"}
,{"stream_name":"stdout","time":1094.78440468,"data":"[495/909] ok           signbit float16 (1s, total 1028s)\n"}
,{"stream_name":"stdout","time":1095.863750104,"data":"[496/909] ok           signbit bfloat16 (1s, total 1029s)\n"}
,{"stream_name":"stdout","time":1097.115177897,"data":"[497/909] ok           tan float16 (1s, total 1030s)\n"}
,{"stream_name":"stdout","time":1098.380083373,"data":"[498/909] ok           tan bfloat16 (1s, total 1031s)\n"}
,{"stream_name":"stdout","time":1099.636945431,"data":"[499/909] ok           tanh float16 (1s, total 1032s)\n"}
,{"stream_name":"stdout","time":1100.90302233,"data":"[500/909] ok           tanh bfloat16 (1s, total 1034s)\n"}
,{"stream_name":"stdout","time":1102.437983461,"data":"[501/909] ok           tensor_split float16 (2s, total 1035s)\n"}
,{"stream_name":"stdout","time":1103.624251479,"data":"[502/909] ok           tensor_split bfloat16 (1s, total 1036s)\n"}
,{"stream_name":"stdout","time":1103.901872577,"data":"[503/909] ok           hsplit float16 (0s, total 1037s)\n"}
,{"stream_name":"stdout","time":1104.186195863,"data":"[504/909] ok           hsplit bfloat16 (0s, total 1037s)\n"}
,{"stream_name":"stdout","time":1104.47148292,"data":"[505/909] ok           vsplit float16 (0s, total 1037s)\n"}
,{"stream_name":"stdout","time":1104.754543756,"data":"[506/909] ok           vsplit bfloat16 (0s, total 1037s)\n"}
,{"stream_name":"stdout","time":1105.03953373,"data":"[507/909] ok           dsplit float16 (0s, total 1038s)\n"}
,{"stream_name":"stdout","time":1105.320361181,"data":"[508/909] ok           dsplit bfloat16 (0s, total 1038s)\n"}
,{"stream_name":"stdout","time":1106.333334898,"data":"[509/909] ok           trunc float16 (1s, total 1039s)\n"}
,{"stream_name":"stdout","time":1107.349545766,"data":"[510/909] ok           trunc bfloat16 (1s, total 1040s)\n"}
,{"stream_name":"stdout","time":1109.713584863,"data":"[511/909] ok           exp2 float16 (2s, total 1042s)\n"}
,{"stream_name":"stdout","time":1112.09209495,"data":"[512/909] ok           exp2 bfloat16 (2s, total 1045s)\n"}
,{"stream_name":"stdout","time":1113.361547085,"data":"[513/909] ok           expm1 float16 (1s, total 1046s)\n"}
,{"stream_name":"stdout","time":1114.636609437,"data":"[514/909] ok           expm1 bfloat16 (1s, total 1047s)\n"}
,{"stream_name":"stdout","time":1116.932475141,"data":"[515/909] ok           nan_to_num float16 (2s, total 1050s)\n"}
,{"stream_name":"stdout","time":1119.232985394,"data":"[516/909] ok           nan_to_num bfloat16 (2s, total 1052s)\n"}
,{"stream_name":"stdout","time":1121.335408117,"data":"[517/909] ok           reciprocal float16 (2s, total 1054s)\n"}
,{"stream_name":"stdout","time":1123.448770605,"data":"[518/909] ok           reciprocal bfloat16 (2s, total 1056s)\n"}
,{"stream_name":"stdout","time":1125.547155076,"data":"[519/909] ok           square float16 (2s, total 1058s)\n"}
,{"stream_name":"stdout","time":1127.649173578,"data":"[520/909] ok           square bfloat16 (2s, total 1060s)\n"}
,{"stream_name":"stdout","time":1130.765602726,"data":"[521/909] ok           lerp float16 (3s, total 1063s)\n"}
,{"stream_name":"stdout","time":1133.880002057,"data":"[522/909] ok           lerp bfloat16 (3s, total 1067s)\n"}
,{"stream_name":"stdout","time":1134.973146868,"data":"[523/909] ok           angle float16 (1s, total 1068s)\n"}
,{"stream_name":"stdout","time":1136.069407125,"data":"[524/909] ok           angle bfloat16 (1s, total 1069s)\n"}
,{"stream_name":"stdout","time":1138.318101126,"data":"[525/909] ok           isfinite float16 (2s, total 1071s)\n"}
,{"stream_name":"stdout","time":1140.575301682,"data":"[526/909] ok           isfinite bfloat16 (2s, total 1073s)\n"}
,{"stream_name":"stdout","time":1141.701050393,"data":"[527/909] ok           isinf float16 (1s, total 1074s)\n"}
,{"stream_name":"stdout","time":1142.79915779,"data":"[528/909] ok           isinf bfloat16 (1s, total 1076s)\n"}
,{"stream_name":"stdout","time":1143.875337586,"data":"[529/909] ok           isposinf float16 (1s, total 1077s)\n"}
,{"stream_name":"stdout","time":1144.945170224,"data":"[530/909] ok           isposinf bfloat16 (1s, total 1078s)\n"}
,{"stream_name":"stdout","time":1146.011592344,"data":"[531/909] ok           isneginf float16 (1s, total 1079s)\n"}
,{"stream_name":"stdout","time":1147.071003771,"data":"[532/909] ok           isneginf bfloat16 (1s, total 1080s)\n"}
,{"stream_name":"stdout","time":1148.36813507,"data":"[533/909] ok           isreal float16 (1s, total 1081s)\n"}
,{"stream_name":"stdout","time":1148.740591423,"data":"[534/909] ok           isreal bfloat16 (0s, total 1081s)\n"}
,{"stream_name":"stdout","time":1149.82303773,"data":"[535/909] ok           isnan float16 (1s, total 1083s)\n"}
,{"stream_name":"stdout","time":1150.916211912,"data":"[536/909] ok           isnan bfloat16 (1s, total 1084s)\n"}
,{"stream_name":"stdout","time":1154.063008703,"data":"[537/909] ok           einsum float16 (3s, total 1087s)\n"}
,{"stream_name":"stdout","time":1157.11860833,"data":"[538/909] ok           einsum bfloat16 (3s, total 1090s)\n"}
,{"stream_name":"stdout","time":1158.112933336,"data":"[539/909] ok           polar float16 (1s, total 1091s)\n"}
,{"stream_name":"stdout","time":1161.774534243,"data":"[540/909] ok           polygamma float16 (4s, total 1094s)\n"}
,{"stream_name":"stdout","time":1165.494195338,"data":"[541/909] ok           polygamma bfloat16 (4s, total 1098s)\n"}
,{"stream_name":"stdout","time":1165.699633508,"data":"[542/909] ok           polygamma bfloat16 (0s, total 1098s)\n"}
,{"stream_name":"stdout","time":1165.904849324,"data":"[543/909] ok           polygamma bfloat16 (0s, total 1099s)\n"}
,{"stream_name":"stdout","time":1166.112157112,"data":"[544/909] ok           polygamma bfloat16 (0s, total 1099s)\n"}
,{"stream_name":"stdout","time":1166.320724965,"data":"[545/909] ok           polygamma bfloat16 (0s, total 1099s)\n"}
,{"stream_name":"stdout","time":1166.629811076,"data":"[546/909] ok           ravel float16 (0s, total 1099s)\n"}
,{"stream_name":"stdout","time":1166.933676253,"data":"[547/909] ok           ravel bfloat16 (0s, total 1100s)\n"}
,{"stream_name":"stdout","time":1167.311226674,"data":"[548/909] ok           reshape float16 (0s, total 1100s)\n"}
,{"stream_name":"stdout","time":1167.690371796,"data":"[549/909] ok           reshape bfloat16 (0s, total 1100s)\n"}
,{"stream_name":"stdout","time":1168.054872358,"data":"[550/909] ok           reshape_as float16 (0s, total 1101s)\n"}
,{"stream_name":"stdout","time":1168.421685817,"data":"[551/909] ok           reshape_as bfloat16 (0s, total 1101s)\n"}
,{"stream_name":"stdout","time":1168.751620237,"data":"[552/909] ok           view float16 (0s, total 1101s)\n"}
,{"stream_name":"stdout","time":1169.080783451,"data":"[553/909] ok           view bfloat16 (0s, total 1102s)\n"}
,{"stream_name":"stdout","time":1169.411089113,"data":"[554/909] ok           view_as float16 (0s, total 1102s)\n"}
,{"stream_name":"stdout","time":1169.740060537,"data":"[555/909] ok           view_as bfloat16 (0s, total 1102s)\n"}
,{"stream_name":"stdout","time":1169.984847934,"data":"[556/909] ok           atleast_1d float16 (0s, total 1103s)\n"}
,{"stream_name":"stdout","time":1170.234747274,"data":"[557/909] ok           atleast_1d bfloat16 (0s, total 1103s)\n"}
,{"stream_name":"stdout","time":1170.486440058,"data":"[558/909] ok           atleast_2d float16 (0s, total 1103s)\n"}
,{"stream_name":"stdout","time":1170.73184015,"data":"[559/909] ok           atleast_2d bfloat16 (0s, total 1103s)\n"}
,{"stream_name":"stdout","time":1171.023809628,"data":"[560/909] ok           atleast_3d float16 (0s, total 1104s)\n"}
,{"stream_name":"stdout","time":1171.327871678,"data":"[561/909] ok           atleast_3d bfloat16 (0s, total 1104s)\n"}
,{"stream_name":"stdout","time":1171.69377121,"data":"[562/909] ok           flatten float16 (0s, total 1104s)\n"}
,{"stream_name":"stdout","time":1172.056964124,"data":"[563/909] ok           flatten bfloat16 (0s, total 1105s)\n"}
,{"stream_name":"stdout","time":1172.396544728,"data":"[564/909] ok           unflatten float16 (0s, total 1105s)\n"}
,{"stream_name":"stdout","time":1172.733387113,"data":"[565/909] ok           unflatten bfloat16 (0s, total 1105s)\n"}
,{"stream_name":"stdout","time":1175.995297663,"data":"[566/909] ok           gather float16 (3s, total 1109s)\n"}
,{"stream_name":"stdout","time":1179.215159678,"data":"[567/909] ok           gather bfloat16 (3s, total 1112s)\n"}
,{"stream_name":"stdout","time":1181.431402237,"data":"[568/909] ok           index_fill float16 (2s, total 1114s)\n"}
,{"stream_name":"stdout","time":1183.611259246,"data":"[569/909] ok           index_fill bfloat16 (2s, total 1116s)\n"}
,{"stream_name":"stdout","time":1185.090769725,"data":"[570/909] ok           index_copy float16 (1s, total 1118s)\n"}
,{"stream_name":"stdout","time":1186.565596172,"data":"[571/909] ok           index_copy bfloat16 (1s, total 1119s)\n"}
,{"stream_name":"stdout","time":1188.869897239,"data":"[572/909] ok           index_select float16 (2s, total 1122s)\n"}
,{"stream_name":"stdout","time":1191.194558763,"data":"[573/909] ok           index_select bfloat16 (2s, total 1124s)\n"}
,{"stream_name":"stdout","time":1194.317040823,"data":"[574/909] ok           index_add float16 (3s, total 1127s)\n"}
,{"stream_name":"stdout","time":1194.738644592,"data":"[575/909] ok           index_add bfloat16 (0s, total 1127s)\n"}
,{"stream_name":"stdout","time":1196.054115299,"data":"[576/909] ok           __getitem__ float16 (1s, total 1129s)\n"}
,{"stream_name":"stdout","time":1197.318903261,"data":"[577/909] ok           __getitem__ bfloat16 (1s, total 1130s)\n"}
,{"stream_name":"stdout","time":1200.454461947,"data":"[578/909] ok           index_put float16 (3s, total 1133s)\n"}
,{"stream_name":"stdout","time":1203.612701933,"data":"[579/909] ok           index_put bfloat16 (3s, total 1136s)\n"}
,{"stream_name":"stdout","time":1205.791515946,"data":"[580/909] ok           put float16 (2s, total 1139s)\n"}
,{"stream_name":"stdout","time":1207.977328623,"data":"[581/909] ok           put bfloat16 (2s, total 1141s)\n"}
,{"stream_name":"stdout","time":1209.216352326,"data":"[582/909] ok           take float16 (1s, total 1142s)\n"}
,{"stream_name":"stdout","time":1210.430258902,"data":"[583/909] ok           take bfloat16 (1s, total 1143s)\n"}
,{"stream_name":"stderr","time":1211.603417578,"data":"/kaggle/working/sweep.py:151: UserWarning: The reduce argument of torch.scatter with Tensor src is deprecated and will be removed in a future PyTorch release. Use torch.scatter_reduce instead for more reduction options. (Triggered internally at /__w/pytorch/pytorch/aten/src/ATen/native/TensorAdvancedIndexing.cpp:225.)\n"}
,{"stream_name":"stderr","time":1211.603482445,"data":"  eager = fn(inp, *args, **kwargs)\n"}
,{"stream_name":"stdout","time":1212.750827229,"data":"[584/909] ok           scatter float16 (2s, total 1145s)\n"}
,{"stream_name":"stdout","time":1215.053026148,"data":"[585/909] ok           scatter bfloat16 (2s, total 1148s)\n"}
,{"stream_name":"stderr","time":1215.126783867,"data":"/usr/local/lib/python3.12/dist-packages/torch/_inductor/codegen/cpp.py:4116: UserWarning: bf16 and fp16 are mixed in the scheduler node.\n"}
,{"stream_name":"stderr","time":1215.126828317,"data":"  warnings.warn(\"bf16 and fp16 are mixed in the scheduler node.\")\n"}
,{"stream_name":"stderr","time":1216.227145883,"data":"/usr/local/lib/python3.12/dist-packages/torch/_inductor/codegen/cpp.py:4116: UserWarning: bf16 and fp16 are mixed in the scheduler node.\n"}
,{"stream_name":"stderr","time":1216.22720947,"data":"  warnings.warn(\"bf16 and fp16 are mixed in the scheduler node.\")\n"}
,{"stream_name":"stdout","time":1217.190388805,"data":"[586/909] ok           bfloat16 float16 (2s, total 1150s)\n"}
,{"stream_name":"stdout","time":1217.436422936,"data":"[587/909] ok           bfloat16 bfloat16 (0s, total 1150s)\n"}
,{"stream_name":"stdout","time":1219.589483537,"data":"[588/909] ok           bool float16 (2s, total 1152s)\n"}
,{"stream_name":"stdout","time":1221.746618051,"data":"[589/909] ok           bool bfloat16 (2s, total 1154s)\n"}
,{"stream_name":"stdout","time":1223.830001969,"data":"[590/909] ok           byte float16 (2s, total 1157s)\n"}
,{"stream_name":"stdout","time":1225.913960933,"data":"[591/909] ok           byte bfloat16 (2s, total 1159s)\n"}
,{"stream_name":"stdout","time":1227.984095701,"data":"[592/909] ok           char float16 (2s, total 1161s)\n"}
,{"stream_name":"stdout","time":1230.067720538,"data":"[593/909] ok           char bfloat16 (2s, total 1163s)\n"}
,{"stream_name":"stdout","time":1232.167834818,"data":"[594/909] ok           double float16 (2s, total 1165s)\n"}
,{"stream_name":"stdout","time":1234.25739427,"data":"[595/909] ok           double bfloat16 (2s, total 1167s)\n"}
,{"stream_name":"stdout","time":1236.301837631,"data":"[596/909] ok           float float16 (2s, total 1169s)\n"}
,{"stream_name":"stdout","time":1238.361275225,"data":"[597/909] ok           float bfloat16 (2s, total 1171s)\n"}
,{"stream_name":"stdout","time":1238.607541531,"data":"[598/909] ok           half float16 (0s, total 1171s)\n"}
,{"stream_name":"stderr","time":1238.677306867,"data":"/usr/local/lib/python3.12/dist-packages/torch/_inductor/codegen/cpp.py:4116: UserWarning: bf16 and fp16 are mixed in the scheduler node.\n"}
,{"stream_name":"stderr","time":1238.677350711,"data":"  warnings.warn(\"bf16 and fp16 are mixed in the scheduler node.\")\n"}
,{"stream_name":"stderr","time":1239.751496478,"data":"/usr/local/lib/python3.12/dist-packages/torch/_inductor/codegen/cpp.py:4116: UserWarning: bf16 and fp16 are mixed in the scheduler node.\n"}
,{"stream_name":"stderr","time":1239.751542297,"data":"  warnings.warn(\"bf16 and fp16 are mixed in the scheduler node.\")\n"}
,{"stream_name":"stdout","time":1240.704170815,"data":"[599/909] ok           half bfloat16 (2s, total 1173s)\n"}
,{"stream_name":"stdout","time":1242.806540111,"data":"[600/909] ok           int float16 (2s, total 1176s)\n"}
,{"stream_name":"stdout","time":1244.883253325,"data":"[601/909] ok           int bfloat16 (2s, total 1178s)\n"}
,{"stream_name":"stdout","time":1246.99877209,"data":"[602/909] ok           long float16 (2s, total 1180s)\n"}
,{"stream_name":"stdout","time":1249.072092669,"data":"[603/909] ok           long bfloat16 (2s, total 1182s)\n"}
,{"stream_name":"stdout","time":1251.104327436,"data":"[604/909] ok           short float16 (2s, total 1184s)\n"}
,{"stream_name":"stdout","time":1253.137787539,"data":"[605/909] ok           short bfloat16 (2s, total 1186s)\n"}
,{"stream_name":"stdout","time":1253.481403639,"data":"[606/909] ok           cdouble float16 (0s, total 1186s)\n"}
,{"stream_name":"stdout","time":1253.827531427,"data":"[607/909] ok           cdouble bfloat16 (0s, total 1187s)\n"}
,{"stream_name":"stdout","time":1254.174721757,"data":"[608/909] ok           cfloat float16 (0s, total 1187s)\n"}
,{"stream_name":"stdout","time":1254.523613322,"data":"[609/909] ok           cfloat bfloat16 (0s, total 1187s)\n"}
,{"stream_name":"stdout","time":1254.881564667,"data":"[610/909] ok           chalf float16 (0s, total 1188s)\n"}
,{"stream_name":"stdout","time":1255.228501579,"data":"[611/909] ok           chalf bfloat16 (0s, total 1188s)\n"}
,{"stream_name":"stdout","time":1257.92415609,"data":"[612/909] ok           zeros_like float16 (3s, total 1191s)\n"}
,{"stream_name":"stdout","time":1259.966608451,"data":"[613/909] ok           zeros_like bfloat16 (2s, total 1193s)\n"}
,{"stream_name":"stdout","time":1262.0430226,"data":"[614/909] ok           ones_like float16 (2s, total 1195s)\n"}
,{"stream_name":"stdout","time":1264.10149764,"data":"[615/909] ok           ones_like bfloat16 (2s, total 1197s)\n"}
,{"stream_name":"stdout","time":1266.160478114,"data":"[616/909] ok           full_like float16 (2s, total 1199s)\n"}
,{"stream_name":"stdout","time":1268.215678542,"data":"[617/909] ok           full_like bfloat16 (2s, total 1201s)\n"}
,{"stream_name":"stdout","time":1269.421577118,"data":"[618/909] ok           new_zeros float16 (1s, total 1202s)\n"}
,{"stream_name":"stdout","time":1270.63627342,"data":"[619/909] ok           new_zeros bfloat16 (1s, total 1203s)\n"}
,{"stream_name":"stdout","time":1271.867301921,"data":"[620/909] ok           new_ones float16 (1s, total 1205s)\n"}
,{"stream_name":"stdout","time":1273.097124839,"data":"[621/909] ok           new_ones bfloat16 (1s, total 1206s)\n"}
,{"stream_name":"stdout","time":1274.20061327,"data":"[622/909] ok           ones float16 (1s, total 1207s)\n"}
,{"stream_name":"stdout","time":1275.299219205,"data":"[623/909] ok           ones bfloat16 (1s, total 1208s)\n"}
,{"stream_name":"stdout","time":1276.411514718,"data":"[624/909] ok           zeros float16 (1s, total 1209s)\n"}
,{"stream_name":"stdout","time":1277.521954645,"data":"[625/909] ok           zeros bfloat16 (1s, total 1210s)\n"}
,{"stream_name":"stdout","time":1280.434798801,"data":"[626/909] ok           full float16 (3s, total 1213s)\n"}
,{"stream_name":"stdout","time":1283.367293649,"data":"[627/909] ok           full bfloat16 (3s, total 1216s)\n"}
,{"stream_name":"stdout","time":1283.7391421,"data":"[628/909] ok           eye float16 (0s, total 1216s)\n"}
,{"stream_name":"stdout","time":1284.110848077,"data":"[629/909] ok           eye bfloat16 (0s, total 1217s)\n"}
,{"stream_name":"stdout","time":1285.304039149,"data":"[630/909] ok           scalar_tensor float16 (1s, total 1218s)\n"}
,{"stream_name":"stdout","time":1286.489813256,"data":"[631/909] ok           scalar_tensor bfloat16 (1s, total 1219s)\n"}
,{"stream_name":"stdout","time":1288.583857863,"data":"[632/909] ok           new_full float16 (2s, total 1221s)\n"}
,{"stream_name":"stdout","time":1290.654966401,"data":"[633/909] ok           new_full bfloat16 (2s, total 1223s)\n"}
,{"stream_name":"stdout","time":1291.120481039,"data":"[634/909] ok           scatter_add float16 (0s, total 1224s)\n"}
,{"stream_name":"stdout","time":1291.609727472,"data":"[635/909] ok           scatter_add bfloat16 (0s, total 1224s)\n"}
,{"stream_name":"stdout","time":1293.753731328,"data":"[636/909] ok           stack float16 (2s, total 1226s)\n"}
,{"stream_name":"stdout","time":1295.922998996,"data":"[637/909] ok           stack bfloat16 (2s, total 1229s)\n"}
,{"stream_name":"stdout","time":1298.034980323,"data":"[638/909] ok           hstack float16 (2s, total 1231s)\n"}
,{"stream_name":"stdout","time":1300.118752569,"data":"[639/909] ok           hstack bfloat16 (2s, total 1233s)\n"}
,{"stream_name":"stdout","time":1303.679296562,"data":"[640/909] ok           hypot float16 (4s, total 1236s)\n"}
,{"stream_name":"stdout","time":1307.232265276,"data":"[641/909] ok           hypot bfloat16 (4s, total 1240s)\n"}
,{"stream_name":"stdout","time":1307.605660962,"data":"[642/909] ok           histc float16 (0s, total 1240s)\n"}
,{"stream_name":"stdout","time":1307.979752753,"data":"[643/909] ok           histc bfloat16 (0s, total 1241s)\n"}
,{"stream_name":"stdout","time":1310.183945542,"data":"[644/909] ok           cat float16 (2s, total 1243s)\n"}
,{"stream_name":"stdout","time":1312.408316177,"data":"[645/909] ok           cat bfloat16 (2s, total 1245s)\n"}
,{"stream_name":"stdout","time":1312.823872232,"data":"[646/909] ok           unbind float16 (0s, total 1246s)\n"}
,{"stream_name":"stdout","time":1313.242224743,"data":"[647/909] ok           unbind bfloat16 (0s, total 1246s)\n"}
,{"stream_name":"stdout","time":1316.563198853,"data":"[648/909] ok           unbind_copy float16 (3s, total 1249s)\n"}
,{"stream_name":"stdout","time":1319.751517733,"data":"[649/909] ok           unbind_copy bfloat16 (3s, total 1252s)\n"}
,{"stream_name":"stdout","time":1320.97097252,"data":"[650/909] ok           vstack float16 (1s, total 1254s)\n"}
,{"stream_name":"stdout","time":1322.217208358,"data":"[651/909] ok           vstack bfloat16 (1s, total 1255s)\n"}
,{"stream_name":"stdout","time":1324.298344103,"data":"[652/909] ok           dstack float16 (2s, total 1257s)\n"}
,{"stream_name":"stdout","time":1326.389644753,"data":"[653/909] ok           dstack bfloat16 (2s, total 1259s)\n"}
,{"stream_name":"stdout","time":1326.777086912,"data":"[654/909] ok           unfold float16 (0s, total 1259s)\n"}
,{"stream_name":"stdout","time":1327.157016627,"data":"[655/909] ok           unfold bfloat16 (0s, total 1260s)\n"}
,{"stream_name":"stdout","time":1329.612410875,"data":"[656/909] ok           unfold_copy float16 (2s, total 1262s)\n"}
,{"stream_name":"stdout","time":1331.862532627,"data":"[657/909] ok           unfold_copy bfloat16 (2s, total 1265s)\n"}
,{"stream_name":"stdout","time":1332.111497696,"data":"[658/909] ok           movedim float16 (0s, total 1265s)\n"}
,{"stream_name":"stdout","time":1332.357958597,"data":"[659/909] ok           movedim bfloat16 (0s, total 1265s)\n"}
,{"stream_name":"stdout","time":1335.874519343,"data":"[660/909] ok           renorm float16 (4s, total 1269s)\n"}
,{"stream_name":"stdout","time":1339.327781182,"data":"[661/909] ok           renorm bfloat16 (3s, total 1272s)\n"}
,{"stream_name":"stdout","time":1339.693321806,"data":"[662/909] ok           repeat float16 (0s, total 1272s)\n"}
,{"stream_name":"stdout","time":1340.05206002,"data":"[663/909] ok           repeat bfloat16 (0s, total 1273s)\n"}
,{"stream_name":"stdout","time":1340.410745681,"data":"[664/909] ok           squeeze float16 (0s, total 1273s)\n"}
,{"stream_name":"stdout","time":1340.761537025,"data":"[665/909] ok           squeeze bfloat16 (0s, total 1273s)\n"}
,{"stream_name":"stdout","time":1341.1179921,"data":"[666/909] ok           squeeze float16 (0s, total 1274s)\n"}
,{"stream_name":"stdout","time":1341.493118888,"data":"[667/909] ok           squeeze bfloat16 (0s, total 1274s)\n"}
,{"stream_name":"stdout","time":1341.907564684,"data":"[668/909] ok           squeeze_copy float16 (0s, total 1275s)\n"}
,{"stream_name":"stdout","time":1342.31909732,"data":"[669/909] ok           squeeze_copy bfloat16 (0s, total 1275s)\n"}
,{"stream_name":"stdout","time":1343.544146207,"data":"[670/909] ok           fill float16 (1s, total 1276s)\n"}
,{"stream_name":"stdout","time":1344.770798253,"data":"[671/909] ok           fill bfloat16 (1s, total 1277s)\n"}
,{"stream_name":"stdout","time":1348.180615389,"data":"[672/909] ok           take_along_dim float16 (3s, total 1281s)\n"}
,{"stream_name":"stdout","time":1351.600701356,"data":"[673/909] ok           take_along_dim bfloat16 (3s, total 1284s)\n"}
,{"stream_name":"stdout","time":1352.77399499,"data":"[674/909] ok           tile float16 (1s, total 1285s)\n"}
,{"stream_name":"stdout","time":1353.953826329,"data":"[675/909] ok           tile bfloat16 (1s, total 1287s)\n"}
,{"stream_name":"stdout","time":1356.257787605,"data":"[676/909] ok           trapz float16 (2s, total 1289s)\n"}
,{"stream_name":"stdout","time":1358.560062543,"data":"[677/909] ok           trapz bfloat16 (2s, total 1291s)\n"}
,{"stream_name":"stdout","time":1358.969835741,"data":"[678/909] ok           trapezoid float16 (0s, total 1292s)\n"}
,{"stream_name":"stdout","time":1359.386506932,"data":"[679/909] ok           trapezoid bfloat16 (0s, total 1292s)\n"}
,{"stream_name":"stdout","time":1361.892494185,"data":"[680/909] ok           cumulative_trapezoid float16 (3s, total 1295s)\n"}
,{"stream_name":"stdout","time":1364.342254867,"data":"[681/909] ok           cumulative_trapezoid bfloat16 (2s, total 1297s)\n"}
,{"stream_name":"stdout","time":1365.414745879,"data":"[682/909] ok           unsqueeze float16 (1s, total 1298s)\n"}
,{"stream_name":"stdout","time":1365.774189243,"data":"[683/909] ok           unsqueeze bfloat16 (0s, total 1298s)\n"}
,{"stream_name":"stdout","time":1367.068279909,"data":"[684/909] ok           unsqueeze_copy float16 (1s, total 1300s)\n"}
,{"stream_name":"stdout","time":1368.361886781,"data":"[685/909] ok           unsqueeze_copy bfloat16 (1s, total 1301s)\n"}
,{"stream_name":"stdout","time":1371.938364782,"data":"[686/909] ok           xlogy float16 (4s, total 1305s)\n"}
,{"stream_name":"stdout","time":1375.497249876,"data":"[687/909] ok           xlogy bfloat16 (4s, total 1308s)\n"}
,{"stream_name":"stdout","time":1377.577516777,"data":"[688/909] ok           zero_ float16 (2s, total 1310s)\n"}
,{"stream_name":"stdout","time":1379.648774499,"data":"[689/909] ok           zero_ bfloat16 (2s, total 1312s)\n"}
,{"stream_name":"stdout","time":1382.13549093,"data":"[690/909] ok           logsumexp float16 (2s, total 1315s)\n"}
,{"stream_name":"stdout","time":1384.587136823,"data":"[691/909] ok           logsumexp bfloat16 (2s, total 1317s)\n"}
,{"stream_name":"stderr","time":1384.654551318,"data":"/usr/local/lib/python3.12/dist-packages/torch/_inductor/lowering.py:2487: FutureWarning: `torch._prims_common.check` is deprecated and will be removed in the future. Please use `torch._check*` functions instead.\n"}
,{"stream_name":"stderr","time":1384.654601325,"data":"  check(\n"}
,{"stream_name":"stderr","time":1385.629644559,"data":"/usr/local/lib/python3.12/dist-packages/torch/_inductor/lowering.py:2487: FutureWarning: `torch._prims_common.check` is deprecated and will be removed in the future. Please use `torch._check*` functions instead.\n"}
,{"stream_name":"stderr","time":1385.629692091,"data":"  check(\n"}
,{"stream_name":"stderr","time":1385.772318526,"data":"/usr/local/lib/python3.12/dist-packages/torch/_inductor/lowering.py:2487: FutureWarning: `torch._prims_common.check` is deprecated and will be removed in the future. Please use `torch._check*` functions instead.\n"}
,{"stream_name":"stderr","time":1385.772361772,"data":"  check(\n"}
,{"stream_name":"stdout","time":1386.692853853,"data":"[692/909] ok           trace float16 (2s, total 1319s)\n"}
,{"stream_name":"stderr","time":1386.760754578,"data":"/usr/local/lib/python3.12/dist-packages/torch/_inductor/lowering.py:2487: FutureWarning: `torch._prims_common.check` is deprecated and will be removed in the future. Please use `torch._check*` functions instead.\n"}
,{"stream_name":"stderr","time":1386.760797671,"data":"  check(\n"}
,{"stream_name":"stderr","time":1387.735535067,"data":"/usr/local/lib/python3.12/dist-packages/torch/_inductor/lowering.py:2487: FutureWarning: `torch._prims_common.check` is deprecated and will be removed in the future. Please use `torch._check*` functions instead.\n"}
,{"stream_name":"stderr","time":1387.735574212,"data":"  check(\n"}
,{"stream_name":"stderr","time":1387.878504977,"data":"/usr/local/lib/python3.12/dist-packages/torch/_inductor/lowering.py:2487: FutureWarning: `torch._prims_common.check` is deprecated and will be removed in the future. Please use `torch._check*` functions instead.\n"}
,{"stream_name":"stderr","time":1387.878568296,"data":"  check(\n"}
,{"stream_name":"stdout","time":1388.796936015,"data":"[693/909] ok           trace bfloat16 (2s, total 1322s)\n"}
,{"stream_name":"stdout","time":1389.145887802,"data":"[694/909] ok           transpose float16 (0s, total 1322s)\n"}
,{"stream_name":"stdout","time":1389.502879929,"data":"[695/909] ok           transpose bfloat16 (0s, total 1322s)\n"}
,{"stream_name":"stdout","time":1391.678901644,"data":"[696/909] ok           transpose_copy float16 (2s, total 1324s)\n"}
,{"stream_name":"stdout","time":1393.782238421,"data":"[697/909] ok           transpose_copy bfloat16 (2s, total 1327s)\n"}
,{"stream_name":"stdout","time":1394.026139443,"data":"[698/909] ok           T float16 (0s, total 1327s)\n"}
,{"stream_name":"stdout","time":1394.27116909,"data":"[699/909] ok           T bfloat16 (0s, total 1327s)\n"}
,{"stream_name":"stdout","time":1394.48587672,"data":"[700/909] ok           H float16 (0s, total 1327s)\n"}
,{"stream_name":"stdout","time":1394.704110347,"data":"[701/909] ok           H bfloat16 (0s, total 1327s)\n"}
,{"stream_name":"stdout","time":1395.038847549,"data":"[702/909] ok           mT float16 (0s, total 1328s)\n"}
,{"stream_name":"stdout","time":1395.369540799,"data":"[703/909] ok           mT bfloat16 (0s, total 1328s)\n"}
,{"stream_name":"stdout","time":1395.688471212,"data":"[704/909] ok           mH float16 (0s, total 1328s)\n"}
,{"stream_name":"stdout","time":1396.008047623,"data":"[705/909] ok           mH bfloat16 (0s, total 1329s)\n"}
,{"stream_name":"stdout","time":1399.292490837,"data":"[706/909] ok           tril float16 (3s, total 1332s)\n"}
,{"stream_name":"stdout","time":1402.612376226,"data":"[707/909] ok           tril bfloat16 (3s, total 1335s)\n"}
,{"stream_name":"stdout","time":1405.86706541,"data":"[708/909] ok           triu float16 (3s, total 1339s)\n"}
,{"stream_name":"stdout","time":1409.132388525,"data":"[709/909] ok           triu bfloat16 (3s, total 1342s)\n"}
,{"stream_name":"stdout","time":1410.425211896,"data":"[710/909] ok           kron float16 (1s, total 1343s)\n"}
,{"stream_name":"stdout","time":1411.602864456,"data":"[711/909] ok           kron bfloat16 (1s, total 1344s)\n"}
,{"stream_name":"stdout","time":1412.843658263,"data":"[712/909] ok           inner float16 (1s, total 1346s)\n"}
,{"stream_name":"stdout","time":1414.102894617,"data":"[713/909] ok           inner bfloat16 (1s, total 1347s)\n"}
,{"stream_name":"stdout","time":1416.497631042,"data":"[714/909] ok           tensordot float16 (2s, total 1349s)\n"}
,{"stream_name":"stdout","time":1418.824128811,"data":"[715/909] ok           tensordot bfloat16 (2s, total 1352s)\n"}
,{"stream_name":"stdout","time":1418.893294022,"data":"[716/909] TOOL_ERROR   to_sparse float16 (0s, total 1352s)\n"}
,{"stream_name":"stdout","time":1418.960428231,"data":"[717/909] TOOL_ERROR   to_sparse bfloat16 (0s, total 1352s)\n"}
,{"stream_name":"stdout","time":1419.342956894,"data":"[718/909] ok           logcumsumexp float16 (0s, total 1352s)\n"}
,{"stream_name":"stdout","time":1419.717476104,"data":"[719/909] ok           logcumsumexp bfloat16 (0s, total 1352s)\n"}
,{"stream_name":"stdout","time":1422.127929298,"data":"[720/909] ok           sigmoid float16 (2s, total 1355s)\n"}
,{"stream_name":"stdout","time":1424.538546733,"data":"[721/909] ok           sigmoid bfloat16 (2s, total 1357s)\n"}
,{"stream_name":"stdout","time":1426.818282467,"data":"[722/909] ok           digamma float16 (2s, total 1360s)\n"}
,{"stream_name":"stdout","time":1429.115010899,"data":"[723/909] ok           digamma bfloat16 (2s, total 1362s)\n"}
,{"stream_name":"stdout","time":1430.392186036,"data":"[724/909] ok           erf float16 (1s, total 1363s)\n"}
,{"stream_name":"stdout","time":1431.698403937,"data":"[725/909] ok           erf bfloat16 (1s, total 1364s)\n"}
,{"stream_name":"stdout","time":1434.062478995,"data":"[726/909] ok           erfc float16 (2s, total 1367s)\n"}
,{"stream_name":"stdout","time":1436.431257649,"data":"[727/909] ok           erfc bfloat16 (2s, total 1369s)\n"}
,{"stream_name":"stdout","time":1437.489587316,"data":"[728/909] ok           erfinv float16 (1s, total 1370s)\n"}
,{"stream_name":"stdout","time":1438.536377275,"data":"[729/909] ok           erfinv bfloat16 (1s, total 1371s)\n"}
,{"stream_name":"stdout","time":1441.806579254,"data":"[730/909] ok           nn.functional.smooth_l1_loss float16 (3s, total 1375s)\n"}
,{"stream_name":"stdout","time":1445.07679044,"data":"[731/909] ok           nn.functional.smooth_l1_loss bfloat16 (3s, total 1378s)\n"}
,{"stream_name":"stdout","time":1448.150748096,"data":"[732/909] ok           nn.functional.l1_loss float16 (3s, total 1381s)\n"}
,{"stream_name":"stdout","time":1451.215677028,"data":"[733/909] ok           nn.functional.l1_loss bfloat16 (3s, total 1384s)\n"}
,{"stream_name":"stdout","time":1453.582580122,"data":"[734/909] ok           lgamma float16 (2s, total 1386s)\n"}
,{"stream_name":"stdout","time":1455.933960885,"data":"[735/909] ok           lgamma bfloat16 (2s, total 1389s)\n"}
,{"stream_name":"stdout","time":1460.169050968,"data":"[736/909] ok           log_softmax float16 (4s, total 1393s)\n"}
,{"stream_name":"stdout","time":1464.24489906,"data":"[737/909] ok           log_softmax bfloat16 (4s, total 1397s)\n"}
,{"stream_name":"stdout","time":1468.412639115,"data":"[738/909] ok           log_softmax float16 (4s, total 1401s)\n"}
,{"stream_name":"stdout","time":1472.601842578,"data":"[739/909] ok           log_softmax bfloat16 (4s, total 1405s)\n"}
,{"stream_name":"stdout","time":1476.499949273,"data":"[740/909] ok           logit float16 (4s, total 1409s)\n"}
,{"stream_name":"stdout","time":1480.363130346,"data":"[741/909] ok           logit bfloat16 (4s, total 1413s)\n"}
,{"stream_name":"stdout","time":1483.662364432,"data":"[742/909] ok           where float16 (3s, total 1416s)\n"}
,{"stream_name":"stdout","time":1486.832533447,"data":"[743/909] ok           where bfloat16 (3s, total 1420s)\n"}
,{"stream_name":"stdout","time":1486.997396509,"data":"[744/909] ok           jiterator_unary float16 (0s, total 1420s)\n"}
,{"stream_name":"stdout","time":1487.167228472,"data":"[745/909] ok           jiterator_unary bfloat16 (0s, total 1420s)\n"}
,{"stream_name":"stdout","time":1487.348368868,"data":"[746/909] ok           jiterator_binary float16 (0s, total 1420s)\n"}
,{"stream_name":"stdout","time":1487.526025521,"data":"[747/909] ok           jiterator_binary bfloat16 (0s, total 1420s)\n"}
,{"stream_name":"stdout","time":1487.720895315,"data":"[748/909] ok           jiterator_4inputs_with_extra_args float16 (0s, total 1420s)\n"}
,{"stream_name":"stdout","time":1487.916003479,"data":"[749/909] ok           jiterator_4inputs_with_extra_args bfloat16 (0s, total 1421s)\n"}
,{"stream_name":"stdout","time":1488.094629563,"data":"[750/909] ok           jiterator_binary_return_by_ref float16 (0s, total 1421s)\n"}
,{"stream_name":"stdout","time":1488.274632508,"data":"[751/909] ok           jiterator_binary_return_by_ref bfloat16 (0s, total 1421s)\n"}
,{"stream_name":"stdout","time":1488.451056153,"data":"[752/909] ok           jiterator_2inputs_2outputs float16 (0s, total 1421s)\n"}
,{"stream_name":"stdout","time":1488.627983893,"data":"[753/909] ok           jiterator_2inputs_2outputs bfloat16 (0s, total 1421s)\n"}
,{"stream_name":"stdout","time":1492.649628393,"data":"[754/909] ok           norm float16 (4s, total 1425s)\n"}
,{"stream_name":"stdout","time":1495.899300107,"data":"[755/909] ok           norm bfloat16 (3s, total 1429s)\n"}
,{"stream_name":"stdout","time":1496.307401309,"data":"[756/909] ok           norm float16 (0s, total 1429s)\n"}
,{"stream_name":"stdout","time":1496.71282273,"data":"[757/909] ok           norm bfloat16 (0s, total 1429s)\n"}
,{"stream_name":"stdout","time":1499.818407112,"data":"[758/909] ok           norm float16 (3s, total 1433s)\n"}
,{"stream_name":"stdout","time":1502.953968709,"data":"[759/909] ok           norm bfloat16 (3s, total 1436s)\n"}
,{"stream_name":"stdout","time":1503.240345433,"data":"[760/909] ok           t float16 (0s, total 1436s)\n"}
,{"stream_name":"stdout","time":1503.532327079,"data":"[761/909] ok           t bfloat16 (0s, total 1436s)\n"}
,{"stream_name":"stdout","time":1503.905979381,"data":"[762/909] ok           t_copy float16 (0s, total 1437s)\n"}
,{"stream_name":"stdout","time":1504.280058316,"data":"[763/909] ok           t_copy bfloat16 (0s, total 1437s)\n"}
,{"stream_name":"stdout","time":1507.341056276,"data":"[764/909] ok           nn.functional.embedding float16 (3s, total 1440s)\n"}
,{"stream_name":"stdout","time":1510.389475315,"data":"[765/909] ok           nn.functional.embedding bfloat16 (3s, total 1443s)\n"}
,{"stream_name":"stdout","time":1510.727927554,"data":"[766/909] ok           nn.functional.multi_head_attention_forward float16 (0s, total 1443s)\n"}
,{"stream_name":"stdout","time":1511.065369725,"data":"[767/909] ok           nn.functional.multi_head_attention_forward bfloat16 (0s, total 1444s)\n"}
,{"stream_name":"stdout","time":1514.210167136,"data":"[768/909] ok           nn.functional.mse_loss float16 (3s, total 1447s)\n"}
,{"stream_name":"stdout","time":1517.344474038,"data":"[769/909] ok           nn.functional.mse_loss bfloat16 (3s, total 1450s)\n"}
,{"stream_name":"stdout","time":1525.112881536,"data":"[770/909] DIFF:VALUE   grid_sampler_2d float16 (8s, total 1458s)\n"}
,{"stream_name":"stdout","time":1532.456246146,"data":"[771/909] DIFF:VALUE   grid_sampler_2d bfloat16 (7s, total 1465s)\n"}
,{"stream_name":"stdout","time":1533.586930654,"data":"[772/909] ok           grid_sampler_3d float16 (1s, total 1466s)\n"}
,{"stream_name":"stdout","time":1534.686531509,"data":"[773/909] ok           grid_sampler_3d bfloat16 (1s, total 1467s)\n"}
,{"stream_name":"stdout","time":1536.690827436,"data":"[774/909] ok           all float16 (2s, total 1469s)\n"}
,{"stream_name":"stdout","time":1538.723531862,"data":"[775/909] ok           all bfloat16 (2s, total 1471s)\n"}
,{"stream_name":"stdout","time":1539.030515123,"data":"[776/909] ok           any float16 (0s, total 1472s)\n"}
,{"stream_name":"stdout","time":1539.333868707,"data":"[777/909] ok           any bfloat16 (0s, total 1472s)\n"}
,{"stream_name":"stdout","time":1539.63726871,"data":"[778/909] ok           amax float16 (0s, total 1472s)\n"}
,{"stream_name":"stdout","time":1539.935838485,"data":"[779/909] ok           amax bfloat16 (0s, total 1473s)\n"}
,{"stream_name":"stdout","time":1540.241830083,"data":"[780/909] ok           amin float16 (0s, total 1473s)\n"}
,{"stream_name":"stdout","time":1540.544243641,"data":"[781/909] ok           amin bfloat16 (0s, total 1473s)\n"}
,{"stream_name":"stdout","time":1541.693042615,"data":"[782/909] ok           argmax float16 (1s, total 1474s)\n"}
,{"stream_name":"stdout","time":1541.991285909,"data":"[783/909] ok           argmax bfloat16 (0s, total 1475s)\n"}
,{"stream_name":"stdout","time":1542.287901421,"data":"[784/909] ok           argmin float16 (0s, total 1475s)\n"}
,{"stream_name":"stdout","time":1542.584818277,"data":"[785/909] ok           argmin bfloat16 (0s, total 1475s)\n"}
,{"stream_name":"stdout","time":1543.731250666,"data":"[786/909] ok           mean float16 (1s, total 1476s)\n"}
,{"stream_name":"stdout","time":1544.893532933,"data":"[787/909] ok           mean bfloat16 (1s, total 1478s)\n"}
,{"stream_name":"stdout","time":1546.07921054,"data":"[788/909] ok           nanmean float16 (1s, total 1479s)\n"}
,{"stream_name":"stdout","time":1547.258550474,"data":"[789/909] ok           nanmean bfloat16 (1s, total 1480s)\n"}
,{"stream_name":"stdout","time":1550.384998104,"data":"[790/909] ok           std float16 (3s, total 1483s)\n"}
,{"stream_name":"stdout","time":1553.399847345,"data":"[791/909] DIFF:VALUE   std bfloat16 (3s, total 1486s)\n"}
,{"stream_name":"stderr","time":1556.268179988,"data":"/kaggle/working/sweep.py:151: UserWarning: std(): degrees of freedom is \u003c= 0. Correction should be strictly less than the reduction factor (input numel divided by output numel). (Triggered internally at /__w/pytorch/pytorch/aten/src/ATen/native/ReduceOps.cpp:1913.)\n"}
,{"stream_name":"stderr","time":1556.268229399,"data":"  eager = fn(inp, *args, **kwargs)\n"}
,{"stream_name":"stdout","time":1557.237746264,"data":"[792/909] ok           std float16 (4s, total 1490s)\n"}
,{"stream_name":"stderr","time":1560.119172384,"data":"/kaggle/working/sweep.py:151: UserWarning: std(): degrees of freedom is \u003c= 0. Correction should be strictly less than the reduction factor (input numel divided by output numel). (Triggered internally at /__w/pytorch/pytorch/aten/src/ATen/native/ReduceOps.cpp:1913.)\n"}
,{"stream_name":"stderr","time":1560.119217517,"data":"  eager = fn(inp, *args, **kwargs)\n"}
,{"stream_name":"stdout","time":1561.09416478,"data":"[793/909] ok           std bfloat16 (4s, total 1494s)\n"}
,{"stream_name":"stdout","time":1563.979280281,"data":"[794/909] ok           var float16 (3s, total 1497s)\n"}
,{"stream_name":"stdout","time":1566.849335565,"data":"[795/909] ok           var bfloat16 (3s, total 1500s)\n"}
,{"stream_name":"stderr","time":1569.640720264,"data":"/kaggle/working/sweep.py:151: UserWarning: var(): degrees of freedom is \u003c= 0. Correction should be strictly less than the reduction factor (input numel divided by output numel). (Triggered internally at /__w/pytorch/pytorch/aten/src/ATen/native/ReduceOps.cpp:1913.)\n"}
,{"stream_name":"stderr","time":1569.640772884,"data":"  eager = fn(inp, *args, **kwargs)\n"}
,{"stream_name":"stdout","time":1570.575160638,"data":"[796/909] ok           var float16 (4s, total 1503s)\n"}
,{"stream_name":"stderr","time":1573.385395817,"data":"/kaggle/working/sweep.py:151: UserWarning: var(): degrees of freedom is \u003c= 0. Correction should be strictly less than the reduction factor (input numel divided by output numel). (Triggered internally at /__w/pytorch/pytorch/aten/src/ATen/native/ReduceOps.cpp:1913.)\n"}
,{"stream_name":"stderr","time":1573.385439254,"data":"  eager = fn(inp, *args, **kwargs)\n"}
,{"stream_name":"stdout","time":1575.136231572,"data":"[797/909] ok           var bfloat16 (5s, total 1508s)\n"}
,{"stream_name":"stdout","time":1577.313034754,"data":"[798/909] ok           prod float16 (2s, total 1510s)\n"}
,{"stream_name":"stdout","time":1579.460259747,"data":"[799/909] ok           prod bfloat16 (2s, total 1512s)\n"}
,{"stream_name":"stdout","time":1579.74564455,"data":"[800/909] ok           sum float16 (0s, total 1512s)\n"}
,{"stream_name":"stdout","time":1580.030548701,"data":"[801/909] ok           sum bfloat16 (0s, total 1513s)\n"}
,{"stream_name":"stdout","time":1581.1604388,"data":"[802/909] ok           nansum float16 (1s, total 1514s)\n"}
,{"stream_name":"stdout","time":1582.298211816,"data":"[803/909] ok           nansum bfloat16 (1s, total 1515s)\n"}
,{"stream_name":"stdout","time":1582.588687482,"data":"[804/909] ok           hash_tensor float16 (0s, total 1515s)\n"}
,{"stream_name":"stdout","time":1582.879685998,"data":"[805/909] ok           hash_tensor bfloat16 (0s, total 1516s)\n"}
,{"stream_name":"stdout","time":1586.646971769,"data":"[806/909] DIFF:VALUE   nn.functional.cosine_embedding_loss float16 (4s, total 1519s)\n"}
,{"stream_name":"stdout","time":1590.447191728,"data":"[807/909] ok           nn.functional.cosine_embedding_loss bfloat16 (4s, total 1523s)\n"}
,{"stream_name":"stdout","time":1592.650692692,"data":"[808/909] ok           nn.functional.nll_loss float16 (2s, total 1525s)\n"}
,{"stream_name":"stdout","time":1594.821141608,"data":"[809/909] ok           nn.functional.nll_loss bfloat16 (2s, total 1528s)\n"}
,{"stream_name":"stdout","time":1594.978140365,"data":"[810/909] ok           nn.functional.gaussian_nll_loss float16 (0s, total 1528s)\n"}
,{"stream_name":"stdout","time":1595.130710139,"data":"[811/909] ok           nn.functional.gaussian_nll_loss bfloat16 (0s, total 1528s)\n"}
,{"stream_name":"stdout","time":1598.384770991,"data":"[812/909] ok           nn.functional.hinge_embedding_loss float16 (3s, total 1531s)\n"}
,{"stream_name":"stdout","time":1601.63808218,"data":"[813/909] ok           nn.functional.hinge_embedding_loss bfloat16 (3s, total 1534s)\n"}
,{"stream_name":"stdout","time":1604.883239394,"data":"[814/909] ok           nn.functional.huber_loss float16 (3s, total 1538s)\n"}
,{"stream_name":"stdout","time":1608.149636155,"data":"[815/909] ok           nn.functional.huber_loss bfloat16 (3s, total 1541s)\n"}
,{"stream_name":"stdout","time":1611.25618821,"data":"[816/909] ok           repeat_interleave float16 (3s, total 1544s)\n"}
,{"stream_name":"stdout","time":1614.205640958,"data":"[817/909] ok           repeat_interleave bfloat16 (3s, total 1547s)\n"}
,{"stream_name":"stdout","time":1616.503121103,"data":"[818/909] ok           nn.functional.pairwise_distance float16 (2s, total 1549s)\n"}
,{"stream_name":"stdout","time":1618.79000077,"data":"[819/909] ok           nn.functional.pairwise_distance bfloat16 (2s, total 1552s)\n"}
,{"stream_name":"stdout","time":1621.124372862,"data":"[820/909] ok           nn.functional.pixel_shuffle float16 (2s, total 1554s)\n"}
,{"stream_name":"stdout","time":1623.28553581,"data":"[821/909] ok           nn.functional.pixel_shuffle bfloat16 (2s, total 1556s)\n"}
,{"stream_name":"stdout","time":1624.77627095,"data":"[822/909] ok           nn.functional.pixel_unshuffle float16 (1s, total 1557s)\n"}
,{"stream_name":"stdout","time":1626.075737983,"data":"[823/909] ok           nn.functional.pixel_unshuffle bfloat16 (1s, total 1559s)\n"}
,{"stream_name":"stdout","time":1629.533910457,"data":"[824/909] ok           nn.functional.channel_shuffle float16 (3s, total 1562s)\n"}
,{"stream_name":"stdout","time":1632.635281184,"data":"[825/909] ok           nn.functional.channel_shuffle bfloat16 (3s, total 1565s)\n"}
,{"stream_name":"stderr","time":1635.207535918,"data":"/kaggle/working/sweep.py:151: UserWarning: reduction: 'mean' divides the total loss by both the batch size and the support size.'batchmean' divides only by the batch size, and aligns with the KL div math definition.'mean' will be changed to behave the same as 'batchmean' in the next major release.\n"}
,{"stream_name":"stderr","time":1635.20758438,"data":"  eager = fn(inp, *args, **kwargs)\n"}
,{"stream_name":"stderr","time":1635.219626957,"data":"/usr/local/lib/python3.12/dist-packages/torch/_dynamo/utils.py:4415: UserWarning: reduction: 'mean' divides the total loss by both the batch size and the support size.'batchmean' divides only by the batch size, and aligns with the KL div math definition.'mean' will be changed to behave the same as 'batchmean' in the next major release.\n"}
,{"stream_name":"stderr","time":1635.21971117,"data":"  return node.target(*args, **kwargs)  # type: ignore[operator]\n"}
,{"stream_name":"stderr","time":1635.240174169,"data":"/usr/local/lib/python3.12/dist-packages/torch/fx/interpreter.py:377: UserWarning: reduction: 'mean' divides the total loss by both the batch size and the support size.'batchmean' divides only by the batch size, and aligns with the KL div math definition.'mean' will be changed to behave the same as 'batchmean' in the next major release.\n"}
,{"stream_name":"stderr","time":1635.240219365,"data":"  return target(*args, **kwargs)\n"}
,{"stream_name":"stderr","time":1635.253406603,"data":"/usr/local/lib/python3.12/dist-packages/torch/fx/experimental/proxy_tensor.py:2014: UserWarning: reduction: 'mean' divides the total loss by both the batch size and the support size.'batchmean' divides only by the batch size, and aligns with the KL div math definition.'mean' will be changed to behave the same as 'batchmean' in the next major release.\n"}
,{"stream_name":"stderr","time":1635.253467775,"data":"  return func(*args, **kwargs)\n"}
,{"stream_name":"stdout","time":1636.495512958,"data":"[826/909] ok           nn.functional.kl_div float16 (4s, total 1569s)\n"}
,{"stream_name":"stderr","time":1639.101940043,"data":"/kaggle/working/sweep.py:151: UserWarning: reduction: 'mean' divides the total loss by both the batch size and the support size.'batchmean' divides only by the batch size, and aligns with the KL div math definition.'mean' will be changed to behave the same as 'batchmean' in the next major release.\n"}
,{"stream_name":"stderr","time":1639.101997543,"data":"  eager = fn(inp, *args, **kwargs)\n"}
,{"stream_name":"stderr","time":1639.114130313,"data":"/usr/local/lib/python3.12/dist-packages/torch/_dynamo/utils.py:4415: UserWarning: reduction: 'mean' divides the total loss by both the batch size and the support size.'batchmean' divides only by the batch size, and aligns with the KL div math definition.'mean' will be changed to behave the same as 'batchmean' in the next major release.\n"}
,{"stream_name":"stderr","time":1639.11417205,"data":"  return node.target(*args, **kwargs)  # type: ignore[operator]\n"}
,{"stream_name":"stderr","time":1639.134118206,"data":"/usr/local/lib/python3.12/dist-packages/torch/fx/interpreter.py:377: UserWarning: reduction: 'mean' divides the total loss by both the batch size and the support size.'batchmean' divides only by the batch size, and aligns with the KL div math definition.'mean' will be changed to behave the same as 'batchmean' in the next major release.\n"}
,{"stream_name":"stderr","time":1639.134160771,"data":"  return target(*args, **kwargs)\n"}
,{"stream_name":"stderr","time":1639.146058866,"data":"/usr/local/lib/python3.12/dist-packages/torch/fx/experimental/proxy_tensor.py:2014: UserWarning: reduction: 'mean' divides the total loss by both the batch size and the support size.'batchmean' divides only by the batch size, and aligns with the KL div math definition.'mean' will be changed to behave the same as 'batchmean' in the next major release.\n"}
,{"stream_name":"stderr","time":1639.14610309,"data":"  return func(*args, **kwargs)\n"}
,{"stream_name":"stdout","time":1640.394376054,"data":"[827/909] ok           nn.functional.kl_div bfloat16 (4s, total 1573s)\n"}
,{"stream_name":"stdout","time":1643.503363218,"data":"[828/909] ok           diagflat float16 (3s, total 1576s)\n"}
,{"stream_name":"stdout","time":1646.534355074,"data":"[829/909] ok           diagflat bfloat16 (3s, total 1579s)\n"}
,{"stream_name":"stdout","time":1646.849564791,"data":"[830/909] ok           scatter_reduce float16 (0s, total 1580s)\n"}
,{"stream_name":"stdout","time":1647.159575571,"data":"[831/909] ok           scatter_reduce bfloat16 (0s, total 1580s)\n"}
,{"stream_name":"stdout","time":1647.478340409,"data":"[832/909] ok           scatter_reduce float16 (0s, total 1580s)\n"}
,{"stream_name":"stdout","time":1647.790145281,"data":"[833/909] ok           scatter_reduce bfloat16 (0s, total 1581s)\n"}
,{"stream_name":"stdout","time":1648.104672355,"data":"[834/909] ok           scatter_reduce float16 (0s, total 1581s)\n"}
,{"stream_name":"stdout","time":1648.418526243,"data":"[835/909] ok           scatter_reduce bfloat16 (0s, total 1581s)\n"}
,{"stream_name":"stdout","time":1648.730915735,"data":"[836/909] ok           scatter_reduce float16 (0s, total 1581s)\n"}
,{"stream_name":"stdout","time":1649.046405468,"data":"[837/909] ok           scatter_reduce bfloat16 (0s, total 1582s)\n"}
,{"stream_name":"stdout","time":1649.36201082,"data":"[838/909] ok           scatter_reduce float16 (0s, total 1582s)\n"}
,{"stream_name":"stdout","time":1649.670701026,"data":"[839/909] ok           scatter_reduce bfloat16 (0s, total 1582s)\n"}
,{"stream_name":"stdout","time":1650.016066113,"data":"[840/909] ok           _segment_reduce float16 (0s, total 1583s)\n"}
,{"stream_name":"stdout","time":1650.345028695,"data":"[841/909] ok           _segment_reduce bfloat16 (0s, total 1583s)\n"}
,{"stream_name":"stdout","time":1650.667864892,"data":"[842/909] ok           _segment_reduce float16 (0s, total 1583s)\n"}
,{"stream_name":"stdout","time":1650.991635444,"data":"[843/909] ok           _segment_reduce bfloat16 (0s, total 1584s)\n"}
,{"stream_name":"stdout","time":1651.393506857,"data":"[844/909] DIFF:VALUE   linalg.cross float16 (0s, total 1584s)\n"}
,{"stream_name":"stdout","time":1651.765548134,"data":"[845/909] ok           linalg.cross bfloat16 (0s, total 1584s)\n"}
,{"stream_name":"stderr","time":1651.827265514,"data":"/usr/local/lib/python3.12/dist-packages/torch/_inductor/lowering.py:2487: FutureWarning: `torch._prims_common.check` is deprecated and will be removed in the future. Please use `torch._check*` functions instead.\n"}
,{"stream_name":"stderr","time":1651.827302016,"data":"  check(\n"}
,{"stream_name":"stderr","time":1651.922729652,"data":"/usr/local/lib/python3.12/dist-packages/torch/_inductor/lowering.py:2487: FutureWarning: `torch._prims_common.check` is deprecated and will be removed in the future. Please use `torch._check*` functions instead.\n"}
,{"stream_name":"stderr","time":1651.922768397,"data":"  check(\n"}
,{"stream_name":"stdout","time":1651.998649251,"data":"[846/909] ok           linalg.diagonal float16 (0s, total 1585s)\n"}
,{"stream_name":"stderr","time":1652.061150156,"data":"/usr/local/lib/python3.12/dist-packages/torch/_inductor/lowering.py:2487: FutureWarning: `torch._prims_common.check` is deprecated and will be removed in the future. Please use `torch._check*` functions instead.\n"}
,{"stream_name":"stderr","time":1652.061186983,"data":"  check(\n"}
,{"stream_name":"stderr","time":1652.154752172,"data":"/usr/local/lib/python3.12/dist-packages/torch/_inductor/lowering.py:2487: FutureWarning: `torch._prims_common.check` is deprecated and will be removed in the future. Please use `torch._check*` functions instead.\n"}
,{"stream_name":"stderr","time":1652.154795942,"data":"  check(\n"}
,{"stream_name":"stdout","time":1652.227907177,"data":"[847/909] ok           linalg.diagonal bfloat16 (0s, total 1585s)\n"}
,{"stream_name":"stdout","time":1652.58027951,"data":"[848/909] ok           linalg.vecdot float16 (0s, total 1585s)\n"}
,{"stream_name":"stdout","time":1652.926039603,"data":"[849/909] ok           linalg.vecdot bfloat16 (0s, total 1586s)\n"}
,{"stream_name":"stdout","time":1654.201303975,"data":"[850/909] ok           linalg.multi_dot float16 (1s, total 1587s)\n"}
,{"stream_name":"stdout","time":1655.468505075,"data":"[851/909] ok           linalg.multi_dot bfloat16 (1s, total 1588s)\n"}
,{"stream_name":"stdout","time":1657.582396994,"data":"[852/909] ok           linalg.norm float16 (2s, total 1590s)\n"}
,{"stream_name":"stdout","time":1659.734227358,"data":"[853/909] ok           linalg.norm bfloat16 (2s, total 1592s)\n"}
,{"stream_name":"stdout","time":1660.83186896,"data":"[854/909] ok           linalg.norm float16 (1s, total 1594s)\n"}
,{"stream_name":"stdout","time":1661.953085989,"data":"[855/909] ok           linalg.norm bfloat16 (1s, total 1595s)\n"}
,{"stream_name":"stdout","time":1663.284218354,"data":"[856/909] ok           linalg.matrix_norm float16 (1s, total 1596s)\n"}
,{"stream_name":"stdout","time":1664.616808851,"data":"[857/909] ok           linalg.matrix_norm bfloat16 (1s, total 1597s)\n"}
,{"stream_name":"stdout","time":1665.739938008,"data":"[858/909] ok           linalg.vector_norm float16 (1s, total 1598s)\n"}
,{"stream_name":"stdout","time":1666.865203902,"data":"[859/909] ok           linalg.vector_norm bfloat16 (1s, total 1600s)\n"}
,{"stream_name":"stdout","time":1668.818275093,"data":"[860/909] ok           special.i0e float16 (2s, total 1602s)\n"}
,{"stream_name":"stdout","time":1670.772869607,"data":"[861/909] ok           special.i0e bfloat16 (2s, total 1603s)\n"}
,{"stream_name":"stdout","time":1672.802464926,"data":"[862/909] ok           special.i1 float16 (2s, total 1606s)\n"}
,{"stream_name":"stdout","time":1674.79970251,"data":"[863/909] ok           special.i1 bfloat16 (2s, total 1608s)\n"}
,{"stream_name":"stdout","time":1676.786351985,"data":"[864/909] ok           special.i1e float16 (2s, total 1610s)\n"}
,{"stream_name":"stdout","time":1678.774577786,"data":"[865/909] ok           special.i1e bfloat16 (2s, total 1611s)\n"}
,{"stream_name":"stdout","time":1681.156186623,"data":"[866/909] ok           special.ndtr float16 (2s, total 1614s)\n"}
,{"stream_name":"stdout","time":1683.58405183,"data":"[867/909] ok           special.ndtr bfloat16 (2s, total 1616s)\n"}
,{"stream_name":"stdout","time":1684.671493243,"data":"[868/909] ok           special.polygamma float16 (1s, total 1617s)\n"}
,{"stream_name":"stdout","time":1684.934475573,"data":"[869/909] ok           special.polygamma bfloat16 (0s, total 1618s)\n"}
,{"stream_name":"stdout","time":1688.423223268,"data":"[870/909] ok           special.xlog1py float16 (3s, total 1621s)\n"}
,{"stream_name":"stdout","time":1691.939546957,"data":"[871/909] ok           special.xlog1py bfloat16 (4s, total 1625s)\n"}
,{"stream_name":"stdout","time":1694.382608493,"data":"[872/909] ok           special.entr float16 (2s, total 1627s)\n"}
,{"stream_name":"stdout","time":1696.840429052,"data":"[873/909] ok           special.entr bfloat16 (2s, total 1630s)\n"}
,{"stream_name":"stdout","time":1698.01722911,"data":"[874/909] ok           masked.sum float16 (1s, total 1631s)\n"}
,{"stream_name":"stdout","time":1699.201588416,"data":"[875/909] ok           masked.sum bfloat16 (1s, total 1632s)\n"}
,{"stream_name":"stdout","time":1700.347908157,"data":"[876/909] ok           masked.prod float16 (1s, total 1633s)\n"}
,{"stream_name":"stdout","time":1701.508806952,"data":"[877/909] ok           masked.prod bfloat16 (1s, total 1634s)\n"}
,{"stream_name":"stdout","time":1703.785009558,"data":"[878/909] ok           masked.cumsum float16 (2s, total 1637s)\n"}
,{"stream_name":"stdout","time":1706.04864941,"data":"[879/909] ok           masked.cumsum bfloat16 (2s, total 1639s)\n"}
,{"stream_name":"stdout","time":1708.288046082,"data":"[880/909] ok           masked.cumprod float16 (2s, total 1641s)\n"}
,{"stream_name":"stdout","time":1710.552933318,"data":"[881/909] ok           masked.cumprod bfloat16 (2s, total 1643s)\n"}
,{"stream_name":"stdout","time":1711.71575201,"data":"[882/909] ok           masked.amax float16 (1s, total 1644s)\n"}
,{"stream_name":"stdout","time":1712.850392607,"data":"[883/909] ok           masked.amax bfloat16 (1s, total 1646s)\n"}
,{"stream_name":"stdout","time":1713.993873337,"data":"[884/909] ok           masked.amin float16 (1s, total 1647s)\n"}
,{"stream_name":"stdout","time":1715.142131631,"data":"[885/909] ok           masked.amin bfloat16 (1s, total 1648s)\n"}
,{"stream_name":"stdout","time":1715.498313093,"data":"[886/909] ok           masked.argmax float16 (0s, total 1648s)\n"}
,{"stream_name":"stdout","time":1715.857524758,"data":"[887/909] ok           masked.argmax bfloat16 (0s, total 1649s)\n"}
,{"stream_name":"stdout","time":1716.222275142,"data":"[888/909] ok           masked.argmin float16 (0s, total 1649s)\n"}
,{"stream_name":"stdout","time":1716.576078593,"data":"[889/909] ok           masked.argmin bfloat16 (0s, total 1649s)\n"}
,{"stream_name":"stdout","time":1717.812151741,"data":"[890/909] ok           masked.mean float16 (1s, total 1651s)\n"}
,{"stream_name":"stdout","time":1719.050354783,"data":"[891/909] ok           masked.mean bfloat16 (1s, total 1652s)\n"}
,{"stream_name":"stdout","time":1721.126052551,"data":"[892/909] ok           masked.norm float16 (2s, total 1654s)\n"}
,{"stream_name":"stdout","time":1723.198747267,"data":"[893/909] ok           masked.norm bfloat16 (2s, total 1656s)\n"}
,{"stream_name":"stdout","time":1727.146253987,"data":"[894/909] ok           masked.var float16 (4s, total 1660s)\n"}
,{"stream_name":"stdout","time":1731.086907523,"data":"[895/909] ok           masked.var bfloat16 (4s, total 1664s)\n"}
,{"stream_name":"stdout","time":1735.131891189,"data":"[896/909] ok           masked.std float16 (4s, total 1668s)\n"}
,{"stream_name":"stdout","time":1739.119059884,"data":"[897/909] ok           masked.std bfloat16 (4s, total 1672s)\n"}
,{"stream_name":"stdout","time":1740.710799686,"data":"[898/909] ok           masked.softmax float16 (2s, total 1673s)\n"}
,{"stream_name":"stdout","time":1742.338228004,"data":"[899/909] ok           masked.softmax bfloat16 (2s, total 1675s)\n"}
,{"stream_name":"stdout","time":1743.994239613,"data":"[900/909] ok           masked.log_softmax float16 (2s, total 1677s)\n"}
,{"stream_name":"stdout","time":1745.661515665,"data":"[901/909] ok           masked.log_softmax bfloat16 (2s, total 1678s)\n"}
,{"stream_name":"stdout","time":1747.27523742,"data":"[902/909] ok           masked.softmin float16 (2s, total 1680s)\n"}
,{"stream_name":"stdout","time":1748.886550366,"data":"[903/909] ok           masked.softmin bfloat16 (2s, total 1682s)\n"}
,{"stream_name":"stdout","time":1753.305686059,"data":"[904/909] ok           masked.logaddexp float16 (4s, total 1686s)\n"}
,{"stream_name":"stdout","time":1757.75008942,"data":"[905/909] ok           masked.logaddexp bfloat16 (4s, total 1690s)\n"}
,{"stream_name":"stdout","time":1759.095865331,"data":"[906/909] ok           masked.logsumexp float16 (1s, total 1692s)\n"}
,{"stream_name":"stdout","time":1760.44621119,"data":"[907/909] ok           masked.logsumexp bfloat16 (1s, total 1693s)\n"}
,{"stream_name":"stdout","time":1761.717293842,"data":"[908/909] DIFF:SIGNZERO bmm float16 (1s, total 1694s)\n"}
,{"stream_name":"stdout","time":1762.906240522,"data":"[909/909] DIFF:SIGNZERO bmm bfloat16 (1s, total 1696s)\n"}
,{"stream_name":"stdout","time":1762.906276059,"data":"SWEEP DONE\n"}
,{"stream_name":"stdout","time":1766.685529309,"data":"=====JSONL BEGIN\n"}
,{"stream_name":"stdout","time":1766.685969081,"data":"{\"op\": \"abs\", \"dtype\": \"float16\", \"samples\": 1, \"diffs\": [], \"errors\": [], \"verdict\": \"ok\"}\n"}
,{"stream_name":"stdout","time":1766.685999237,"data":"{\"op\": \"abs\", \"dtype\": \"bfloat16\", \"samples\": 1, \"diffs\": [], \"errors\": [], \"verdict\": \"ok\"}\n"}
,{"stream_name":"stdout","time":1766.686020757,"data":"{\"op\": \"acos\", \"dtype\": \"float16\", \"samples\": 3, \"diffs\": [], \"errors\": [], \"verdict\": \"ok\"}\n"}
,{"stream_name":"stdout","time":1766.686026917,"data":"{\"op\": \"acos\", \"dtype\": \"bfloat16\", \"samples\": 3, \"diffs\": [], \"errors\": [], \"verdict\": \"ok\"}\n"}
,{"stream_name":"stdout","time":1766.686032808,"data":"{\"op\": \"acosh\", \"dtype\": \"float16\", \"samples\": 3, \"diffs\": [], \"errors\": [], \"verdict\": \"ok\"}\n"}
,{"stream_name":"stdout","time":1766.686042457,"data":"{\"op\": \"acosh\", \"dtype\": \"bfloat16\", \"samples\": 3, \"diffs\": [], \"errors\": [], \"verdict\": \"ok\"}\n"}
,{"stream_name":"stdout","time":1766.686047984,"data":"{\"op\": \"add\", \"dtype\": \"float16\", \"samples\": 3, \"diffs\": [], \"errors\": [], \"verdict\": \"ok\"}\n"}
,{"stream_name":"stdout","time":1766.686060322,"data":"{\"op\": \"add\", \"dtype\": \"bfloat16\", \"samples\": 3, \"diffs\": [], \"errors\": [], \"verdict\": \"ok\"}\n"}
,{"stream_name":"stdout","time":1766.686066099,"data":"{\"op\": \"item\", \"dtype\": \"float16\", \"samples\": 3, \"diffs\": [], \"errors\": [], \"verdict\": \"ok\"}\n"}
,{"stream_name":"stdout","time":1766.686071527,"data":"{\"op\": \"item\", \"dtype\": \"bfloat16\", \"samples\": 3, \"diffs\": [], \"errors\": [], \"verdict\": \"ok\"}\n"}
,{"stream_name":"stdout","time":1766.68607697,"data":"{\"op\": \"arange\", \"dtype\": \"float16\", \"samples\": 3, \"diffs\": [], \"errors\": [], \"verdict\": \"ok\"}\n"}
,{"stream_name":"stdout","time":1766.686082282,"data":"{\"op\": \"arange\", \"dtype\": \"bfloat16\", \"samples\": 3, \"diffs\": [], \"errors\": [], \"verdict\": \"ok\"}\n"}
,{"stream_name":"stdout","time":1766.68608778,"data":"{\"op\": \"clamp_max\", \"dtype\": \"float16\", \"samples\": 3, \"diffs\": [{\"i\": 1, \"class\": \"SIGNZERO\", \"detail\": \"sign of zero\", \"repr\": \"SampleInput(input=tensor([-8.4766, -1.7656, -4.3242, -2.4004, -7.9492], dtype=torch.float16), args=(tensor(3.6113, dtype=torch.float16),), kwargs={}, broadcasts_input=False, name='')\"}, {\"i\": 2, \"class\": \"SIGNZERO\", \"detail\": \"sign of zero\", \"repr\": \"SampleInput(input=tensor([[-8.4766],\\n        [-1.7656],\\n        [-4.3242],\\n        [-2.4004],\\n        [-7.9492]], dtype=torch.float16), args=(tensor([ 3.6113, -8.0703, -0.5737,  3.1289, -3.0332], dtype=torch.float16),), kwargs={}, broadcasts_input=True, name='')\"}], \"errors\": [], \"verdict\": \"DIFF:SIGNZERO\"}\n"}
,{"stream_name":"stdout","time":1766.686100519,"data":"{\"op\": \"clamp_max\", \"dtype\": \"bfloat16\", \"samples\": 3, \"diffs\": [{\"i\": 1, \"class\": \"SIGNZERO\", \"detail\": \"sign of zero\", \"repr\": \"SampleInput(input=tensor([-8.5000, -1.7656, -4.3125, -2.4062, -7.9375], dtype=torch.bfloat16), args=(tensor(3.6094, dtype=torch.bfloat16),), kwargs={}, broadcasts_input=False, name='')\"}, {\"i\": 2, \"class\": \"SIGNZERO\", \"detail\": \"sign of zero\", \"repr\": \"SampleInput(input=tensor([[-8.5000],\\n        [-1.7656],\\n        [-4.3125],\\n        [-2.4062],\\n        [-7.9375]], dtype=torch.bfloat16), args=(tensor([ 3.6094, -8.0625, -0.5742,  3.1250, -3.0312], dtype=torch.bfloat16),), kwargs={}, broadcasts_input=True, name='')\"}], \"errors\": [], \"verdict\": \"DIFF:SIGNZERO\"}\n"}
,{"stream_name":"stdout","time":1766.686110497,"data":"{\"op\": \"clamp_min\", \"dtype\": \"float16\", \"samples\": 3, \"diffs\": [{\"i\": 1, \"class\": \"SIGNZERO\", \"detail\": \"sign of zero\", \"repr\": \"SampleInput(input=tensor([-8.4766, -1.7656, -4.3242, -2.4004, -7.9492], dtype=torch.float16), args=(tensor(3.6113, dtype=torch.float16),), kwargs={}, broadcasts_input=False, name='')\"}, {\"i\": 2, \"class\": \"SIGNZERO\", \"detail\": \"sign of zero\", \"repr\": \"SampleInput(input=tensor([[-8.4766],\\n        [-1.7656],\\n        [-4.3242],\\n        [-2.4004],\\n        [-7.9492]], dtype=torch.float16), args=(tensor([ 3.6113, -8.0703, -0.5737,  3.1289, -3.0332], dtype=torch.float16),), kwargs={}, broadcasts_input=True, name='')\"}], \"errors\": [], \"verdict\": \"DIFF:SIGNZERO\"}\n"}
,{"stream_name":"stdout","time":1766.686124987,"data":"{\"op\": \"clamp_min\", \"dtype\": \"bfloat16\", \"samples\": 3, \"diffs\": [{\"i\": 1, \"class\": \"SIGNZERO\", \"detail\": \"sign of zero\", \"repr\": \"SampleInput(input=tensor([-8.5000, -1.7656, -4.3125, -2.4062, -7.9375], dtype=torch.bfloat16), args=(tensor(3.6094, dtype=torch.bfloat16),), kwargs={}, broadcasts_input=False, name='')\"}, {\"i\": 2, \"class\": \"SIGNZERO\", \"detail\": \"sign of zero\", \"repr\": \"SampleInput(input=tensor([[-8.5000],\\n        [-1.7656],\\n        [-4.3125],\\n        [-2.4062],\\n        [-7.9375]], dtype=torch.bfloat16), args=(tensor([ 3.6094, -8.0625, -0.5742,  3.1250, -3.0312], dtype=torch.bfloat16),), kwargs={}, broadcasts_input=True, name='')\"}], \"errors\": [], \"verdict\": \"DIFF:SIGNZERO\"}\n"}
,{"stream_name":"stdout","time":1766.686134789,"data":"{\"op\": \"mul\", \"dtype\": \"float16\", \"samples\": 3, \"diffs\": [], \"errors\": [], \"verdict\": \"ok\"}\n"}
,{"stream_name":"stdout","time":1766.686140404,"data":"{\"op\": \"mul\", \"dtype\": \"bfloat16\", \"samples\": 3, \"diffs\": [], \"errors\": [], \"verdict\": \"ok\"}\n"}
,{"stream_name":"stdout","time":1766.686146589,"data":"{\"op\": \"sub\", \"dtype\": \"float16\", \"samples\": 3, \"diffs\": [], \"errors\": [], \"verdict\": \"ok\"}\n"}
,{"stream_name":"stdout","time":1766.686152067,"data":"{\"op\": \"sub\", \"dtype\": \"bfloat16\", \"samples\": 3, \"diffs\": [], \"errors\": [], \"verdict\": \"ok\"}\n"}
,{"stream_name":"stdout","time":1766.686157614,"data":"{\"op\": \"addmm\", \"dtype\": \"float16\", \"samples\": 3, \"diffs\": [], \"errors\": [], \"verdict\": \"ok\"}\n"}
,{"stream_name":"stdout","time":1766.686163461,"data":"{\"op\": \"addmm\", \"dtype\": \"bfloat16\", \"samples\": 3, \"diffs\": [], \"errors\": [], \"verdict\": \"ok\"}\n"}
,{"stream_name":"stdout","time":1766.686168579,"data":"{\"op\": \"addmm\", \"dtype\": \"float16\", \"samples\": 3, \"diffs\": [], \"errors\": [], \"verdict\": \"ok\"}\n"}
,{"stream_name":"stdout","time":1766.68617388,"data":"{\"op\": \"addmm\", \"dtype\": \"bfloat16\", \"samples\": 3, \"diffs\": [], \"errors\": [], \"verdict\": \"ok\"}\n"}
,{"stream_name":"stdout","time":1766.686179185,"data":"{\"op\": \"addmv\", \"dtype\": \"float16\", \"samples\": 3, \"diffs\": [], \"errors\": [], \"verdict\": \"ok\"}\n"}
,{"stream_name":"stdout","time":1766.686184504,"data":"{\"op\": \"addmv\", \"dtype\": \"bfloat16\", \"samples\": 3, \"diffs\": [], \"errors\": [], \"verdict\": \"ok\"}\n"}
,{"stream_name":"stdout","time":1766.686189834,"data":"{\"op\": \"addbmm\", \"dtype\": \"float16\", \"samples\": 3, \"diffs\": [], \"errors\": [], \"verdict\": \"ok\"}\n"}
,{"stream_name":"stdout","time":1766.686195345,"data":"{\"op\": \"addbmm\", \"dtype\": \"bfloat16\", \"samples\": 3, \"diffs\": [], \"errors\": [], \"verdict\": \"ok\"}\n"}
,{"stream_name":"stdout","time":1766.686201571,"data":"{\"op\": \"baddbmm\", \"dtype\": \"float16\", \"samples\": 3, \"diffs\": [], \"errors\": [], \"verdict\": \"ok\"}\n"}
,{"stream_name":"stdout","time":1766.686207453,"data":"{\"op\": \"baddbmm\", \"dtype\": \"bfloat16\", \"samples\": 3, \"diffs\": [], \"errors\": [], \"verdict\": \"ok\"}\n"}
,{"stream_name":"stdout","time":1766.686213006,"data":"{\"op\": \"dot\", \"dtype\": \"float16\", \"samples\": 1, \"diffs\": [], \"errors\": [], \"verdict\": \"ok\"}\n"}
,{"stream_name":"stdout","time":1766.686218537,"data":"{\"op\": \"dot\", \"dtype\": \"bfloat16\", \"samples\": 1, \"diffs\": [], \"errors\": [], \"verdict\": \"ok\"}\n"}
,{"stream_name":"stdout","time":1766.686223974,"data":"{\"op\": \"vdot\", \"dtype\": \"float16\", \"samples\": 1, \"diffs\": [], \"errors\": [], \"verdict\": \"ok\"}\n"}
,{"stream_name":"stdout","time":1766.686233749,"data":"{\"op\": \"vdot\", \"dtype\": \"bfloat16\", \"samples\": 1, \"diffs\": [], \"errors\": [], \"verdict\": \"ok\"}\n"}
,{"stream_name":"stdout","time":1766.686239389,"data":"{\"op\": \"bmm\", \"dtype\": \"float16\", \"samples\": 1, \"diffs\": [], \"errors\": [], \"verdict\": \"ok\"}\n"}
,{"stream_name":"stdout","time":1766.686244821,"data":"{\"op\": \"bmm\", \"dtype\": \"bfloat16\", \"samples\": 1, \"diffs\": [], \"errors\": [], \"verdict\": \"ok\"}\n"}
,{"stream_name":"stdout","time":1766.686250251,"data":"{\"op\": \"mv\", \"dtype\": \"float16\", \"samples\": 1, \"diffs\": [], \"errors\": [], \"verdict\": \"ok\"}\n"}
,{"stream_name":"stdout","time":1766.686255796,"data":"{\"op\": \"mv\", \"dtype\": \"bfloat16\", \"samples\": 1, \"diffs\": [], \"errors\": [], \"verdict\": \"ok\"}\n"}
,{"stream_name":"stdout","time":1766.686261531,"data":"{\"op\": \"addr\", \"dtype\": \"float16\", \"samples\": 3, \"diffs\": [], \"errors\": [], \"verdict\": \"ok\"}\n"}
,{"stream_name":"stdout","time":1766.68627803,"data":"{\"op\": \"addr\", \"dtype\": \"bfloat16\", \"samples\": 3, \"diffs\": [], \"errors\": [], \"verdict\": \"ok\"}\n"}
,{"stream_name":"stdout","time":1766.686283265,"data":"{\"op\": \"addcmul\", \"dtype\": \"float16\", \"samples\": 3, \"diffs\": [], \"errors\": [], \"verdict\": \"ok\"}\n"}
,{"stream_name":"stdout","time":1766.686288932,"data":"{\"op\": \"addcmul\", \"dtype\": \"bfloat16\", \"samples\": 3, \"diffs\": [], \"errors\": [], \"verdict\": \"ok\"}\n"}
,{"stream_name":"stdout","time":1766.686294351,"data":"{\"op\": \"addcdiv\", \"dtype\": \"float16\", \"samples\": 3, \"diffs\": [], \"errors\": [], \"verdict\": \"ok\"}\n"}
,{"stream_name":"stdout","time":1766.686300164,"data":"{\"op\": \"addcdiv\", \"dtype\": \"bfloat16\", \"samples\": 3, \"diffs\": [{\"i\": 1, \"class\": \"VALUE\", \"detail\": \"inf at [2, 1]: eager inf compiled 3.3895313892515355e+38\", \"repr\": \"SampleInput(input=tensor([[-8.5000, -1.7656, -4.3125, -2.4062, -7.9375],\\n        [ 3.6094, -8.0625, -0.5742,  3.1250, -3.0312],\\n        [ 5.0938,  1.1328,  4.9375,  5.7812, -3.9688],\\n        [ 3.2656, -3.8906,  2.8281, -4.6875,  4.1562],\\n        [ 1.8203, -3.5156, -4.4062,  2.3281,  8.3750]], dtype=\"}], \"errors\": [], \"verdict\": \"DIFF:VALUE\"}\n"}
,{"stream_name":"stdout","time":1766.686308814,"data":"{\"op\": \"asin\", \"dtype\": \"float16\", \"samples\": 1, \"diffs\": [], \"errors\": [], \"verdict\": \"ok\"}\n"}
,{"stream_name":"stdout","time":1766.686314619,"data":"{\"op\": \"asin\", \"dtype\": \"bfloat16\", \"samples\": 1, \"diffs\": [], \"errors\": [], \"verdict\": \"ok\"}\n"}
,{"stream_name":"stdout","time":1766.686320078,"data":"{\"op\": \"asinh\", \"dtype\": \"float16\", \"samples\": 1, \"diffs\": [], \"errors\": [], \"verdict\": \"ok\"}\n"}
,{"stream_name":"stdout","time":1766.686325627,"data":"{\"op\": \"asinh\", \"dtype\": \"bfloat16\", \"samples\": 1, \"diffs\": [], \"errors\": [], \"verdict\": \"ok\"}\n"}
,{"stream_name":"stdout","time":1766.686331179,"data":"{\"op\": \"atan\", \"dtype\": \"float16\", \"samples\": 1, \"diffs\": [], \"errors\": [], \"verdict\": \"ok\"}\n"}
,{"stream_name":"stdout","time":1766.68633679,"data":"{\"op\": \"atan\", \"dtype\": \"bfloat16\", \"samples\": 1, \"diffs\": [], \"errors\": [], \"verdict\": \"ok\"}\n"}
,{"stream_name":"stdout","time":1766.686342274,"data":"{\"op\": \"atan2\", \"dtype\": \"float16\", \"samples\": 3, \"diffs\": [], \"errors\": [], \"verdict\": \"ok\"}\n"}
,{"stream_name":"stdout","time":1766.686347839,"data":"{\"op\": \"atan2\", \"dtype\": \"bfloat16\", \"samples\": 3, \"diffs\": [], \"errors\": [], \"verdict\": \"ok\"}\n"}
,{"stream_name":"stdout","time":1766.686353469,"data":"{\"op\": \"atanh\", \"dtype\": \"float16\", \"samples\": 1, \"diffs\": [{\"i\": 0, \"class\": \"SIGNZERO\", \"detail\": \"sign of zero\", \"repr\": \"SampleInput(input=tensor([[-9.4189e-01, -1.9617e-01, -4.8022e-01, -2.6660e-01, -8.8330e-01,\\n          4.0137e-01, -8.9648e-01, -6.3721e-02,  3.4766e-01, -3.3716e-01,\\n          5.6738e-01,  1.2610e-01,  5.4980e-01,  6.4160e-01, -4.4141e-01,\\n          3.6353e-01, -4.3262e-01,  3.1348e-01, -5.2246e-01,\"}], \"errors\": [], \"verdict\": \"DIFF:SIGNZERO\"}\n"}
,{"stream_name":"stdout","time":1766.686367533,"data":"{\"op\": \"atanh\", \"dtype\": \"bfloat16\", \"samples\": 1, \"diffs\": [{\"i\": 0, \"class\": \"SIGNZERO\", \"detail\": \"sign of zero\", \"repr\": \"SampleInput(input=tensor([[-9.4141e-01, -1.9629e-01, -4.8047e-01, -2.6758e-01, -8.8281e-01,\\n          4.0039e-01, -8.9453e-01, -6.3965e-02,  3.4766e-01, -3.3789e-01,\\n          5.6641e-01,  1.2598e-01,  5.5078e-01,  6.4062e-01, -4.4141e-01,\\n          3.6328e-01, -4.3359e-01,  3.1250e-01, -5.2344e-01,\"}], \"errors\": [], \"verdict\": \"DIFF:SIGNZERO\"}\n"}
,{"stream_name":"stdout","time":1766.686375577,"data":"{\"op\": \"allclose\", \"dtype\": \"float16\", \"samples\": 3, \"diffs\": [], \"errors\": [], \"verdict\": \"ok\"}\n"}
,{"stream_name":"stdout","time":1766.686381094,"data":"{\"op\": \"allclose\", \"dtype\": \"bfloat16\", \"samples\": 3, \"diffs\": [], \"errors\": [], \"verdict\": \"ok\"}\n"}
,{"stream_name":"stdout","time":1766.686386526,"data":"{\"op\": \"broadcast_to\", \"dtype\": \"float16\", \"samples\": 3, \"diffs\": [], \"errors\": [], \"verdict\": \"ok\"}\n"}
,{"stream_name":"stdout","time":1766.686392476,"data":"{\"op\": \"broadcast_to\", \"dtype\": \"bfloat16\", \"samples\": 3, \"diffs\": [], \"errors\": [], \"verdict\": \"ok\"}\n"}
,{"stream_name":"stdout","time":1766.686397697,"data":"{\"op\": \"broadcast_tensors\", \"dtype\": \"float16\", \"samples\": 1, \"diffs\": [], \"errors\": [], \"verdict\": \"ok\"}\n"}
,{"stream_name":"stdout","time":1766.686403252,"data":"{\"op\": \"broadcast_tensors\", \"dtype\": \"bfloat16\", \"samples\": 1, \"diffs\": [], \"errors\": [], \"verdict\": \"ok\"}\n"}
,{"stream_name":"stdout","time":1766.686409157,"data":"{\"op\": \"block_diag\", \"dtype\": \"float16\", \"samples\": 3, \"diffs\": [], \"errors\": [], \"verdict\": \"ok\"}\n"}
,{"stream_name":"stdout","time":1766.686414719,"data":"{\"op\": \"block_diag\", \"dtype\": \"bfloat16\", \"samples\": 3, \"diffs\": [], \"errors\": [], \"verdict\": \"ok\"}\n"}
,{"stream_name":"stdout","time":1766.68642014,"data":"{\"op\": \"combinations\", \"dtype\": \"float16\", \"samples\": 3, \"diffs\": [], \"errors\": [], \"verdict\": \"ok\"}\n"}
,{"stream_name":"stdout","time":1766.686425519,"data":"{\"op\": \"combinations\", \"dtype\": \"bfloat16\", \"samples\": 3, \"diffs\": [], \"errors\": [], \"verdict\": \"ok\"}\n"}
,{"stream_name":"stdout","time":1766.686430851,"data":"{\"op\": \"cartesian_prod\", \"dtype\": \"float16\", \"samples\": 3, \"diffs\": [], \"errors\": [], \"verdict\": \"ok\"}\n"}
,{"stream_name":"stdout","time":1766.686436289,"data":"{\"op\": \"cartesian_prod\", \"dtype\": \"bfloat16\", \"samples\": 3, \"diffs\": [], \"errors\": [], \"verdict\": \"ok\"}\n"}
,{"stream_name":"stdout","time":1766.686441829,"data":"{\"op\": \"ceil\", \"dtype\": \"float16\", \"samples\": 1, \"diffs\": [], \"errors\": [], \"verdict\": \"ok\"}\n"}
,{"stream_name":"stdout","time":1766.686472185,"data":"{\"op\": \"ceil\", \"dtype\": \"bfloat16\", \"samples\": 1, \"diffs\": [], \"errors\": [], \"verdict\": \"ok\"}\n"}
,{"stream_name":"stdout","time":1766.686477889,"data":"{\"op\": \"chunk\", \"dtype\": \"float16\", \"samples\": 3, \"diffs\": [], \"errors\": [], \"verdict\": \"ok\"}\n"}
,{"stream_name":"stdout","time":1766.686483992,"data":"{\"op\": \"chunk\", \"dtype\": \"bfloat16\", \"samples\": 3, \"diffs\": [], \"errors\": [], \"verdict\": \"ok\"}\n"}
,{"stream_name":"stdout","time":1766.686489729,"data":"{\"op\": \"unsafe_chunk\", \"dtype\": \"float16\", \"samples\": 3, \"diffs\": [], \"errors\": [], \"verdict\": \"ok\"}\n"}
,{"stream_name":"stdout","time":1766.686499623,"data":"{\"op\": \"unsafe_chunk\", \"dtype\": \"bfloat16\", \"samples\": 3, \"diffs\": [], \"errors\": [], \"verdict\": \"ok\"}\n"}
,{"stream_name":"stdout","time":1766.686505359,"data":"{\"op\": \"clone\", \"dtype\": \"float16\", \"samples\": 2, \"diffs\": [], \"errors\": [], \"verdict\": \"ok\"}\n"}
,{"stream_name":"stdout","time":1766.686510947,"data":"{\"op\": \"clone\", \"dtype\": \"bfloat16\", \"samples\": 2, \"diffs\": [], \"errors\": [], \"verdict\": \"ok\"}\n"}
,{"stream_name":"stdout","time":1766.686516441,"data":"{\"op\": \"contiguous\", \"dtype\": \"float16\", \"samples\": 2, \"diffs\": [], \"errors\": [], \"verdict\": \"ok\"}\n"}
,{"stream_name":"stdout","time":1766.686521886,"data":"{\"op\": \"contiguous\", \"dtype\": \"bfloat16\", \"samples\": 2, \"diffs\": [], \"errors\": [], \"verdict\": \"ok\"}\n"}
,{"stream_name":"stdout","time":1766.686527509,"data":"{\"op\": \"sum_to_size\", \"dtype\": \"float16\", \"samples\": 3, \"diffs\": [], \"errors\": [], \"verdict\": \"ok\"}\n"}
,{"stream_name":"stdout","time":1766.686533662,"data":"{\"op\": \"sum_to_size\", \"dtype\": \"bfloat16\", \"samples\": 3, \"diffs\": [], \"errors\": [], \"verdict\": \"ok\"}\n"}
,{"stream_name":"stdout","time":1766.686538821,"data":"{\"op\": \"clamp\", \"dtype\": \"float16\", \"samples\": 3, \"diffs\": [], \"errors\": [], \"verdict\": \"ok\"}\n"}
,{"stream_name":"stdout","time":1766.686544486,"data":"{\"op\": \"clamp\", \"dtype\": \"bfloat16\", \"samples\": 3, \"diffs\": [], \"errors\": [], \"verdict\": \"ok\"}\n"}
,{"stream_name":"stdout","time":1766.686549621,"data":"{\"op\": \"positive\", \"dtype\": \"float16\", \"samples\": 1, \"diffs\": [], \"errors\": [], \"verdict\": \"ok\"}\n"}
,{"stream_name":"stdout","time":1766.686555063,"data":"{\"op\": \"positive\", \"dtype\": \"bfloat16\", \"samples\": 1, \"diffs\": [], \"errors\": [], \"verdict\": \"ok\"}\n"}
,{"stream_name":"stdout","time":1766.686560243,"data":"{\"op\": \"conj\", \"dtype\": \"float16\", \"samples\": 3, \"diffs\": [], \"errors\": [], \"verdict\": \"ok\"}\n"}
,{"stream_name":"stdout","time":1766.686565309,"data":"{\"op\": \"conj\", \"dtype\": \"bfloat16\", \"samples\": 3, \"diffs\": [], \"errors\": [], \"verdict\": \"ok\"}\n"}
,{"stream_name":"stdout","time":1766.686570829,"data":"{\"op\": \"conj_physical\", \"dtype\": \"float16\", \"samples\": 1, \"diffs\": [], \"errors\": [], \"verdict\": \"ok\"}\n"}
,{"stream_name":"stdout","time":1766.686576557,"data":"{\"op\": \"conj_physical\", \"dtype\": \"bfloat16\", \"samples\": 1, \"diffs\": [], \"errors\": [], \"verdict\": \"ok\"}\n"}
,{"stream_name":"stdout","time":1766.686581966,"data":"{\"op\": \"view_as_complex\", \"dtype\": \"float16\", \"samples\": 1, \"diffs\": [], \"errors\": [], \"verdict\": \"ok\"}\n"}
,{"stream_name":"stdout","time":1766.686587534,"data":"{\"op\": \"complex\", \"dtype\": \"float16\", \"samples\": 3, \"diffs\": [], \"errors\": [], \"verdict\": \"ok\"}\n"}
,{"stream_name":"stdout","time":1766.686592949,"data":"{\"op\": \"copysign\", \"dtype\": \"float16\", \"samples\": 3, \"diffs\": [], \"errors\": [], \"verdict\": \"ok\"}\n"}
,{"stream_name":"stdout","time":1766.686598367,"data":"{\"op\": \"copysign\", \"dtype\": \"bfloat16\", \"samples\": 3, \"diffs\": [], \"errors\": [], \"verdict\": \"ok\"}\n"}
,{"stream_name":"stdout","time":1766.686604429,"data":"{\"op\": \"corrcoef\", \"dtype\": \"float16\", \"samples\": 3, \"diffs\": [], \"errors\": [], \"verdict\": \"ok\"}\n"}
,{"stream_name":"stdout","time":1766.68660984,"data":"{\"op\": \"corrcoef\", \"dtype\": \"bfloat16\", \"samples\": 3, \"diffs\": [], \"errors\": [], \"verdict\": \"ok\"}\n"}
,{"stream_name":"stdout","time":1766.686615199,"data":"{\"op\": \"cos\", \"dtype\": \"float16\", \"samples\": 3, \"diffs\": [], \"errors\": [], \"verdict\": \"ok\"}\n"}
,{"stream_name":"stdout","time":1766.686626719,"data":"{\"op\": \"cos\", \"dtype\": \"bfloat16\", \"samples\": 3, \"diffs\": [], \"errors\": [], \"verdict\": \"ok\"}\n"}
,{"stream_name":"stdout","time":1766.686632742,"data":"{\"op\": \"cosh\", \"dtype\": \"float16\", \"samples\": 3, \"diffs\": [], \"errors\": [], \"verdict\": \"ok\"}\n"}
,{"stream_name":"stdout","time":1766.686638505,"data":"{\"op\": \"cosh\", \"dtype\": \"bfloat16\", \"samples\": 3, \"diffs\": [], \"errors\": [], \"verdict\": \"ok\"}\n"}
,{"stream_name":"stdout","time":1766.686644665,"data":"{\"op\": \"cov\", \"dtype\": \"float16\", \"samples\": 3, \"diffs\": [], \"errors\": [], \"verdict\": \"ok\"}\n"}
,{"stream_name":"stdout","time":1766.686649844,"data":"{\"op\": \"cov\", \"dtype\": \"bfloat16\", \"samples\": 3, \"diffs\": [], \"errors\": [], \"verdict\": \"ok\"}\n"}
,{"stream_name":"stdout","time":1766.686655364,"data":"{\"op\": \"cross\", \"dtype\": \"float16\", \"samples\": 3, \"diffs\": [{\"i\": 1, \"class\": \"VALUE\", \"detail\": \"nan pattern at [0, 0, 1]: eager nan compiled 0.0\", \"repr\": \"SampleInput(input=tensor([[[-8.4766, -1.7656, -4.3242, -2.4004, -7.9492],\\n         [ 3.6113, -8.0703, -0.5737,  3.1289, -3.0332],\\n         [ 5.1055,  1.1348,  4.9492,  5.7734, -3.9727]],\\n\\n        [[ 3.2715, -3.8945,  2.8203, -4.7031,  4.1641],\\n         [ 1.8223, -3.5215, -4.4141,  2.3281,  8.3984],\\n\"}], \"errors\": [], \"verdict\": \"DIFF:VALUE\"}\n"}
,{"stream_name":"stdout","time":1766.686663409,"data":"{\"op\": \"cross\", \"dtype\": \"bfloat16\", \"samples\": 3, \"diffs\": [], \"errors\": [], \"verdict\": \"ok\"}\n"}
,{"stream_name":"stdout","time":1766.686669039,"data":"{\"op\": \"cumsum\", \"dtype\": \"float16\", \"samples\": 3, \"diffs\": [], \"errors\": [], \"verdict\": \"ok\"}\n"}
,{"stream_name":"stdout","time":1766.686674676,"data":"{\"op\": \"cumsum\", \"dtype\": \"bfloat16\", \"samples\": 3, \"diffs\": [], \"errors\": [], \"verdict\": \"ok\"}\n"}
,{"stream_name":"stdout","time":1766.686680142,"data":"{\"op\": \"cumprod\", \"dtype\": \"float16\", \"samples\": 3, \"diffs\": [], \"errors\": [], \"verdict\": \"ok\"}\n"}
,{"stream_name":"stdout","time":1766.686685549,"data":"{\"op\": \"cumprod\", \"dtype\": \"bfloat16\", \"samples\": 3, \"diffs\": [], \"errors\": [], \"verdict\": \"ok\"}\n"}
,{"stream_name":"stdout","time":1766.686690983,"data":"{\"op\": \"cummax\", \"dtype\": \"float16\", \"samples\": 3, \"diffs\": [], \"errors\": [], \"verdict\": \"ok\"}\n"}
,{"stream_name":"stdout","time":1766.686696314,"data":"{\"op\": \"cummax\", \"dtype\": \"bfloat16\", \"samples\": 3, \"diffs\": [], \"errors\": [], \"verdict\": \"ok\"}\n"}
,{"stream_name":"stdout","time":1766.686701769,"data":"{\"op\": \"cummin\", \"dtype\": \"float16\", \"samples\": 3, \"diffs\": [], \"errors\": [], \"verdict\": \"ok\"}\n"}
,{"stream_name":"stdout","time":1766.686708269,"data":"{\"op\": \"cummin\", \"dtype\": \"bfloat16\", \"samples\": 3, \"diffs\": [], \"errors\": [], \"verdict\": \"ok\"}\n"}
,{"stream_name":"stdout","time":1766.686713809,"data":"{\"op\": \"deg2rad\", \"dtype\": \"float16\", \"samples\": 1, \"diffs\": [], \"errors\": [], \"verdict\": \"ok\"}\n"}
,{"stream_name":"stdout","time":1766.686719329,"data":"{\"op\": \"deg2rad\", \"dtype\": \"bfloat16\", \"samples\": 1, \"diffs\": [], \"errors\": [], \"verdict\": \"ok\"}\n"}
,{"stream_name":"stdout","time":1766.686725046,"data":"{\"op\": \"diff\", \"dtype\": \"float16\", \"samples\": 3, \"diffs\": [], \"errors\": [], \"verdict\": \"ok\"}\n"}
,{"stream_name":"stdout","time":1766.686729392,"data":"{\"op\": \"diff\", \"dtype\": \"bfloat16\", \"samples\": 3, \"diffs\": [], \"errors\": [], \"verdict\": \"ok\"}\n"}
,{"stream_name":"stdout","time":1766.686734536,"data":"{\"op\": \"div\", \"dtype\": \"float16\", \"samples\": 3, \"diffs\": [], \"errors\": [], \"verdict\": \"ok\"}\n"}
,{"stream_name":"stdout","time":1766.68674429,"data":"{\"op\": \"div\", \"dtype\": \"bfloat16\", \"samples\": 3, \"diffs\": [], \"errors\": [], \"verdict\": \"ok\"}\n"}
,{"stream_name":"stdout","time":1766.686749862,"data":"{\"op\": \"div\", \"dtype\": \"float16\", \"samples\": 3, \"diffs\": [], \"errors\": [], \"verdict\": \"ok\"}\n"}
,{"stream_name":"stdout","time":1766.686755107,"data":"{\"op\": \"div\", \"dtype\": \"bfloat16\", \"samples\": 3, \"diffs\": [], \"errors\": [], \"verdict\": \"ok\"}\n"}
,{"stream_name":"stdout","time":1766.686760472,"data":"{\"op\": \"div\", \"dtype\": \"float16\", \"samples\": 3, \"diffs\": [], \"errors\": [], \"verdict\": \"ok\"}\n"}
,{"stream_name":"stdout","time":1766.68676591,"data":"{\"op\": \"div\", \"dtype\": \"bfloat16\", \"samples\": 3, \"diffs\": [], \"errors\": [], \"verdict\": \"ok\"}\n"}
,{"stream_name":"stdout","time":1766.686771351,"data":"{\"op\": \"true_divide\", \"dtype\": \"float16\", \"samples\": 3, \"diffs\": [], \"errors\": [], \"verdict\": \"ok\"}\n"}
,{"stream_name":"stdout","time":1766.686778501,"data":"{\"op\": \"true_divide\", \"dtype\": \"bfloat16\", \"samples\": 3, \"diffs\": [], \"errors\": [], \"verdict\": \"ok\"}\n"}
,{"stream_name":"stdout","time":1766.686783971,"data":"{\"op\": \"equal\", \"dtype\": \"float16\", \"samples\": 3, \"diffs\": [], \"errors\": [], \"verdict\": \"ok\"}\n"}
,{"stream_name":"stdout","time":1766.686789439,"data":"{\"op\": \"equal\", \"dtype\": \"bfloat16\", \"samples\": 3, \"diffs\": [], \"errors\": [], \"verdict\": \"ok\"}\n"}
,{"stream_name":"stdout","time":1766.686795176,"data":"{\"op\": \"exp\", \"dtype\": \"float16\", \"samples\": 3, \"diffs\": [], \"errors\": [], \"verdict\": \"ok\"}\n"}
,{"stream_name":"stdout","time":1766.68680054,"data":"{\"op\": \"exp\", \"dtype\": \"bfloat16\", \"samples\": 3, \"diffs\": [], \"errors\": [], \"verdict\": \"ok\"}\n"}
,{"stream_name":"stdout","time":1766.68680598,"data":"{\"op\": \"expand\", \"dtype\": \"float16\", \"samples\": 3, \"diffs\": [], \"errors\": [], \"verdict\": \"ok\"}\n"}
,{"stream_name":"stdout","time":1766.686811465,"data":"{\"op\": \"expand\", \"dtype\": \"bfloat16\", \"samples\": 3, \"diffs\": [], \"errors\": [], \"verdict\": \"ok\"}\n"}
,{"stream_name":"stdout","time":1766.686816874,"data":"{\"op\": \"expand_as\", \"dtype\": \"float16\", \"samples\": 3, \"diffs\": [], \"errors\": [], \"verdict\": \"ok\"}\n"}
,{"stream_name":"stdout","time":1766.686822305,"data":"{\"op\": \"expand_as\", \"dtype\": \"bfloat16\", \"samples\": 3, \"diffs\": [], \"errors\": [], \"verdict\": \"ok\"}\n"}
,{"stream_name":"stdout","time":1766.686828377,"data":"{\"op\": \"expand_copy\", \"dtype\": \"float16\", \"samples\": 3, \"diffs\": [], \"errors\": [], \"verdict\": \"ok\"}\n"}
,{"stream_name":"stdout","time":1766.686834936,"data":"{\"op\": \"expand_copy\", \"dtype\": \"bfloat16\", \"samples\": 3, \"diffs\": [], \"errors\": [], \"verdict\": \"ok\"}\n"}
,{"stream_name":"stdout","time":1766.686840582,"data":"{\"op\": \"diag\", \"dtype\": \"float16\", \"samples\": 3, \"diffs\": [], \"errors\": [], \"verdict\": \"ok\"}\n"}
,{"stream_name":"stdout","time":1766.686845997,"data":"{\"op\": \"diag\", \"dtype\": \"bfloat16\", \"samples\": 3, \"diffs\": [], \"errors\": [], \"verdict\": \"ok\"}\n"}
,{"stream_name":"stdout","time":1766.686851289,"data":"{\"op\": \"diag_embed\", \"dtype\": \"float16\", \"samples\": 3, \"diffs\": [], \"errors\": [], \"verdict\": \"ok\"}\n"}
,{"stream_name":"stdout","time":1766.686856811,"data":"{\"op\": \"diag_embed\", \"dtype\": \"bfloat16\", \"samples\": 3, \"diffs\": [], \"errors\": [], \"verdict\": \"ok\"}\n"}
,{"stream_name":"stdout","time":1766.686862129,"data":"{\"op\": \"diagonal\", \"dtype\": \"float16\", \"samples\": 3, \"diffs\": [], \"errors\": [], \"verdict\": \"ok\"}\n"}
,{"stream_name":"stdout","time":1766.686871697,"data":"{\"op\": \"diagonal\", \"dtype\": \"bfloat16\", \"samples\": 3, \"diffs\": [], \"errors\": [], \"verdict\": \"ok\"}\n"}
,{"stream_name":"stdout","time":1766.686877303,"data":"{\"op\": \"diagonal_copy\", \"dtype\": \"float16\", \"samples\": 3, \"diffs\": [], \"errors\": [], \"verdict\": \"ok\"}\n"}
,{"stream_name":"stdout","time":1766.686882812,"data":"{\"op\": \"diagonal_copy\", \"dtype\": \"bfloat16\", \"samples\": 3, \"diffs\": [], \"errors\": [], \"verdict\": \"ok\"}\n"}
,{"stream_name":"stdout","time":1766.686888396,"data":"{\"op\": \"diagonal_scatter\", \"dtype\": \"float16\", \"samples\": 3, \"diffs\": [], \"errors\": [], \"verdict\": \"ok\"}\n"}
,{"stream_name":"stdout","time":1766.686893799,"data":"{\"op\": \"diagonal_scatter\", \"dtype\": \"bfloat16\", \"samples\": 3, \"diffs\": [], \"errors\": [], \"verdict\": \"ok\"}\n"}
,{"stream_name":"stdout","time":1766.686899182,"data":"{\"op\": \"alias_copy\", \"dtype\": \"float16\", \"samples\": 2, \"diffs\": [], \"errors\": [], \"verdict\": \"ok\"}\n"}
,{"stream_name":"stdout","time":1766.686904771,"data":"{\"op\": \"alias_copy\", \"dtype\": \"bfloat16\", \"samples\": 2, \"diffs\": [], \"errors\": [], \"verdict\": \"ok\"}\n"}
,{"stream_name":"stdout","time":1766.686910222,"data":"{\"op\": \"eq\", \"dtype\": \"float16\", \"samples\": 3, \"diffs\": [], \"errors\": [], \"verdict\": \"ok\"}\n"}
,{"stream_name":"stdout","time":1766.686915691,"data":"{\"op\": \"eq\", \"dtype\": \"bfloat16\", \"samples\": 3, \"diffs\": [], \"errors\": [], \"verdict\": \"ok\"}\n"}
,{"stream_name":"stdout","time":1766.686921537,"data":"{\"op\": \"fmax\", \"dtype\": \"float16\", \"samples\": 3, \"diffs\": [{\"i\": 1, \"class\": \"SIGNZERO\", \"detail\": \"sign of zero\", \"repr\": \"SampleInput(input=tensor([-8.4766, -1.7656, -4.3242, -2.4004, -7.9492], dtype=torch.float16), args=(tensor(3.6113, dtype=torch.float16),), kwargs={}, broadcasts_input=False, name='')\"}, {\"i\": 2, \"class\": \"SIGNZERO\", \"detail\": \"sign of zero\", \"repr\": \"SampleInput(input=tensor([[-8.4766],\\n        [-1.7656],\\n        [-4.3242],\\n        [-2.4004],\\n        [-7.9492]], dtype=torch.float16), args=(tensor([ 3.6113, -8.0703, -0.5737,  3.1289, -3.0332], dtype=torch.float16),), kwargs={}, broadcasts_input=True, name='')\"}], \"errors\": [], \"verdict\": \"DIFF:SIGNZERO\"}\n"}
,{"stream_name":"stdout","time":1766.686930625,"data":"{\"op\": \"fmax\", \"dtype\": \"bfloat16\", \"samples\": 3, \"diffs\": [], \"errors\": [], \"verdict\": \"ok\"}\n"}
,{"stream_name":"stdout","time":1766.686936162,"data":"{\"op\": \"fmin\", \"dtype\": \"float16\", \"samples\": 3, \"diffs\": [{\"i\": 1, \"class\": \"SIGNZERO\", \"detail\": \"sign of zero\", \"repr\": \"SampleInput(input=tensor([-8.4766, -1.7656, -4.3242, -2.4004, -7.9492], dtype=torch.float16), args=(tensor(3.6113, dtype=torch.float16),), kwargs={}, broadcasts_input=False, name='')\"}, {\"i\": 2, \"class\": \"SIGNZERO\", \"detail\": \"sign of zero\", \"repr\": \"SampleInput(input=tensor([[-8.4766],\\n        [-1.7656],\\n        [-4.3242],\\n        [-2.4004],\\n        [-7.9492]], dtype=torch.float16), args=(tensor([ 3.6113, -8.0703, -0.5737,  3.1289, -3.0332], dtype=torch.float16),), kwargs={}, broadcasts_input=True, name='')\"}], \"errors\": [], \"verdict\": \"DIFF:SIGNZERO\"}\n"}
,{"stream_name":"stdout","time":1766.686945047,"data":"{\"op\": \"fmin\", \"dtype\": \"bfloat16\", \"samples\": 3, \"diffs\": [], \"errors\": [], \"verdict\": \"ok\"}\n"}
,{"stream_name":"stdout","time":1766.686950342,"data":"{\"op\": \"fmod\", \"dtype\": \"float16\", \"samples\": 3, \"diffs\": [], \"errors\": [], \"verdict\": \"ok\"}\n"}
,{"stream_name":"stdout","time":1766.686955882,"data":"{\"op\": \"fmod\", \"dtype\": \"bfloat16\", \"samples\": 3, \"diffs\": [], \"errors\": [], \"verdict\": \"ok\"}\n"}
,{"stream_name":"stdout","time":1766.686964779,"data":"{\"op\": \"remainder\", \"dtype\": \"float16\", \"samples\": 3, \"diffs\": [{\"i\": 2, \"class\": \"SIGNZERO\", \"detail\": \"sign of zero\", \"repr\": \"SampleInput(input=tensor([[-8.4766],\\n        [-1.7656],\\n        [-4.3242],\\n        [-2.4004],\\n        [-7.9492]], dtype=torch.float16), args=(tensor([ 3.6113, -8.0703, -0.5737,  3.1289, -3.0332], dtype=torch.float16),), kwargs={}, broadcasts_input=True, name='')\"}], \"errors\": [], \"verdict\": \"DIFF:SIGNZERO\"}\n"}
,{"stream_name":"stdout","time":1766.686972899,"data":"{\"op\": \"remainder\", \"dtype\": \"bfloat16\", \"samples\": 3, \"diffs\": [{\"i\": 2, \"class\": \"SIGNZERO\", \"detail\": \"sign of zero\", \"repr\": \"SampleInput(input=tensor([[-8.5000],\\n        [-1.7656],\\n        [-4.3125],\\n        [-2.4062],\\n        [-7.9375]], dtype=torch.bfloat16), args=(tensor([ 3.6094, -8.0625, -0.5742,  3.1250, -3.0312], dtype=torch.bfloat16),), kwargs={}, broadcasts_input=True, name='')\"}], \"errors\": [], \"verdict\": \"DIFF:SIGNZERO\"}\n"}
,{"stream_name":"stdout","time":1766.68698107,"data":"{\"op\": \"frac\", \"dtype\": \"float16\", \"samples\": 1, \"diffs\": [], \"errors\": [], \"verdict\": \"ok\"}\n"}
,{"stream_name":"stdout","time":1766.686986469,"data":"{\"op\": \"frac\", \"dtype\": \"bfloat16\", \"samples\": 1, \"diffs\": [], \"errors\": [], \"verdict\": \"ok\"}\n"}
,{"stream_name":"stdout","time":1766.686991774,"data":"{\"op\": \"floor\", \"dtype\": \"float16\", \"samples\": 1, \"diffs\": [], \"errors\": [], \"verdict\": \"ok\"}\n"}
,{"stream_name":"stdout","time":1766.686997107,"data":"{\"op\": \"floor\", \"dtype\": \"bfloat16\", \"samples\": 1, \"diffs\": [], \"errors\": [], \"verdict\": \"ok\"}\n"}
,{"stream_name":"stdout","time":1766.687002602,"data":"{\"op\": \"flip\", \"dtype\": \"float16\", \"samples\": 3, \"diffs\": [], \"errors\": [], \"verdict\": \"ok\"}\n"}
,{"stream_name":"stdout","time":1766.687007991,"data":"{\"op\": \"flip\", \"dtype\": \"bfloat16\", \"samples\": 3, \"diffs\": [], \"errors\": [], \"verdict\": \"ok\"}\n"}
,{"stream_name":"stdout","time":1766.687013397,"data":"{\"op\": \"fliplr\", \"dtype\": \"float16\", \"samples\": 2, \"diffs\": [], \"errors\": [], \"verdict\": \"ok\"}\n"}
,{"stream_name":"stdout","time":1766.687018697,"data":"{\"op\": \"fliplr\", \"dtype\": \"bfloat16\", \"samples\": 2, \"diffs\": [], \"errors\": [], \"verdict\": \"ok\"}\n"}
,{"stream_name":"stdout","time":1766.687023637,"data":"{\"op\": \"flipud\", \"dtype\": \"float16\", \"samples\": 2, \"diffs\": [], \"errors\": [], \"verdict\": \"ok\"}\n"}
,{"stream_name":"stdout","time":1766.687029353,"data":"{\"op\": \"flipud\", \"dtype\": \"bfloat16\", \"samples\": 2, \"diffs\": [], \"errors\": [], \"verdict\": \"ok\"}\n"}
,{"stream_name":"stdout","time":1766.687034717,"data":"{\"op\": \"sparse.mm\", \"dtype\": \"float16\", \"samples\": 0, \"diffs\": [], \"errors\": [\"prep RuntimeError\", \"prep RuntimeError\", \"prep RuntimeError\"], \"verdict\": \"ok\"}\n"}
,{"stream_name":"stdout","time":1766.687040774,"data":"{\"op\": \"sparse.mm\", \"dtype\": \"bfloat16\", \"samples\": 0, \"diffs\": [], \"errors\": [\"prep RuntimeError\", \"prep RuntimeError\", \"prep RuntimeError\"], \"verdict\": \"ok\"}\n"}
,{"stream_name":"stdout","time":1766.68704641,"data":"{\"op\": \"i0\", \"dtype\": \"float16\", \"samples\": 2, \"diffs\": [], \"errors\": [], \"verdict\": \"ok\"}\n"}
,{"stream_name":"stdout","time":1766.687051871,"data":"{\"op\": \"i0\", \"dtype\": \"bfloat16\", \"samples\": 2, \"diffs\": [], \"errors\": [], \"verdict\": \"ok\"}\n"}
,{"stream_name":"stdout","time":1766.687057221,"data":"{\"op\": \"floor_divide\", \"dtype\": \"float16\", \"samples\": 3, \"diffs\": [], \"errors\": [], \"verdict\": \"ok\"}\n"}
,{"stream_name":"stdout","time":1766.687062924,"data":"{\"op\": \"floor_divide\", \"dtype\": \"bfloat16\", \"samples\": 3, \"diffs\": [], \"errors\": [], \"verdict\": \"ok\"}\n"}
,{"stream_name":"stdout","time":1766.687071929,"data":"{\"op\": \"frexp\", \"dtype\": \"float16\", \"samples\": 3, \"diffs\": [], \"errors\": [], \"verdict\": \"ok\"}\n"}
,{"stream_name":"stdout","time":1766.687077387,"data":"{\"op\": \"frexp\", \"dtype\": \"bfloat16\", \"samples\": 3, \"diffs\": [], \"errors\": [], \"verdict\": \"ok\"}\n"}
,{"stream_name":"stdout","time":1766.687082837,"data":"{\"op\": \"log1p\", \"dtype\": \"float16\", \"samples\": 1, \"diffs\": [], \"errors\": [], \"verdict\": \"ok\"}\n"}
,{"stream_name":"stdout","time":1766.68708821,"data":"{\"op\": \"log1p\", \"dtype\": \"bfloat16\", \"samples\": 1, \"diffs\": [], \"errors\": [], \"verdict\": \"ok\"}\n"}
,{"stream_name":"stdout","time":1766.687094286,"data":"{\"op\": \"ge\", \"dtype\": \"float16\", \"samples\": 3, \"diffs\": [], \"errors\": [], \"verdict\": \"ok\"}\n"}
,{"stream_name":"stdout","time":1766.687099816,"data":"{\"op\": \"ge\", \"dtype\": \"bfloat16\", \"samples\": 3, \"diffs\": [], \"errors\": [], \"verdict\": \"ok\"}\n"}
,{"stream_name":"stdout","time":1766.687105162,"data":"{\"op\": \"gt\", \"dtype\": \"float16\", \"samples\": 3, \"diffs\": [], \"errors\": [], \"verdict\": \"ok\"}\n"}
,{"stream_name":"stdout","time":1766.687110434,"data":"{\"op\": \"gt\", \"dtype\": \"bfloat16\", \"samples\": 3, \"diffs\": [], \"errors\": [], \"verdict\": \"ok\"}\n"}
,{"stream_name":"stdout","time":1766.687115689,"data":"{\"op\": \"gradient\", \"dtype\": \"float16\", \"samples\": 3, \"diffs\": [], \"errors\": [], \"verdict\": \"ok\"}\n"}
,{"stream_name":"stdout","time":1766.687121123,"data":"{\"op\": \"gradient\", \"dtype\": \"bfloat16\", \"samples\": 3, \"diffs\": [], \"errors\": [], \"verdict\": \"ok\"}\n"}
,{"stream_name":"stdout","time":1766.687126646,"data":"{\"op\": \"isin\", \"dtype\": \"float16\", \"samples\": 2, \"diffs\": [], \"errors\": [], \"verdict\": \"ok\"}\n"}
,{"stream_name":"stdout","time":1766.687132019,"data":"{\"op\": \"isin\", \"dtype\": \"bfloat16\", \"samples\": 2, \"diffs\": [], \"errors\": [], \"verdict\": \"ok\"}\n"}
,{"stream_name":"stdout","time":1766.687137267,"data":"{\"op\": \"le\", \"dtype\": \"float16\", \"samples\": 3, \"diffs\": [], \"errors\": [], \"verdict\": \"ok\"}\n"}
,{"stream_name":"stdout","time":1766.687142749,"data":"{\"op\": \"le\", \"dtype\": \"bfloat16\", \"samples\": 3, \"diffs\": [], \"errors\": [], \"verdict\": \"ok\"}\n"}
,{"stream_name":"stdout","time":1766.687147871,"data":"{\"op\": \"linspace\", \"dtype\": \"float16\", \"samples\": 3, \"diffs\": [], \"errors\": [], \"verdict\": \"ok\"}\n"}
,{"stream_name":"stdout","time":1766.687153244,"data":"{\"op\": \"linspace\", \"dtype\": \"bfloat16\", \"samples\": 3, \"diffs\": [], \"errors\": [], \"verdict\": \"ok\"}\n"}
,{"stream_name":"stdout","time":1766.687158821,"data":"{\"op\": \"linspace\", \"dtype\": \"float16\", \"samples\": 3, \"diffs\": [], \"errors\": [], \"verdict\": \"ok\"}\n"}
,{"stream_name":"stdout","time":1766.687164242,"data":"{\"op\": \"linspace\", \"dtype\": \"bfloat16\", \"samples\": 3, \"diffs\": [], \"errors\": [], \"verdict\": \"ok\"}\n"}
,{"stream_name":"stdout","time":1766.687169677,"data":"{\"op\": \"logspace\", \"dtype\": \"float16\", \"samples\": 3, \"diffs\": [], \"errors\": [], \"verdict\": \"ok\"}\n"}
,{"stream_name":"stdout","time":1766.687175039,"data":"{\"op\": \"logspace\", \"dtype\": \"bfloat16\", \"samples\": 3, \"diffs\": [], \"errors\": [], \"verdict\": \"ok\"}\n"}
,{"stream_name":"stdout","time":1766.687180519,"data":"{\"op\": \"logspace\", \"dtype\": \"float16\", \"samples\": 3, \"diffs\": [], \"errors\": [], \"verdict\": \"ok\"}\n"}
,{"stream_name":"stdout","time":1766.687186039,"data":"{\"op\": \"logspace\", \"dtype\": \"bfloat16\", \"samples\": 3, \"diffs\": [], \"errors\": [], \"verdict\": \"ok\"}\n"}
,{"stream_name":"stdout","time":1766.687196149,"data":"{\"op\": \"log\", \"dtype\": \"float16\", \"samples\": 3, \"diffs\": [], \"errors\": [], \"verdict\": \"ok\"}\n"}
,{"stream_name":"stdout","time":1766.687201596,"data":"{\"op\": \"log\", \"dtype\": \"bfloat16\", \"samples\": 3, \"diffs\": [], \"errors\": [], \"verdict\": \"ok\"}\n"}
,{"stream_name":"stdout","time":1766.687206999,"data":"{\"op\": \"log10\", \"dtype\": \"float16\", \"samples\": 3, \"diffs\": [], \"errors\": [], \"verdict\": \"ok\"}\n"}
,{"stream_name":"stdout","time":1766.687213056,"data":"{\"op\": \"log10\", \"dtype\": \"bfloat16\", \"samples\": 3, \"diffs\": [], \"errors\": [], \"verdict\": \"ok\"}\n"}
,{"stream_name":"stdout","time":1766.68721847,"data":"{\"op\": \"log2\", \"dtype\": \"float16\", \"samples\": 3, \"diffs\": [], \"errors\": [], \"verdict\": \"ok\"}\n"}
,{"stream_name":"stdout","time":1766.687224094,"data":"{\"op\": \"log2\", \"dtype\": \"bfloat16\", \"samples\": 3, \"diffs\": [], \"errors\": [], \"verdict\": \"ok\"}\n"}
,{"stream_name":"stdout","time":1766.687229642,"data":"{\"op\": \"ldexp\", \"dtype\": \"float16\", \"samples\": 3, \"diffs\": [], \"errors\": [], \"verdict\": \"ok\"}\n"}
,{"stream_name":"stdout","time":1766.687234974,"data":"{\"op\": \"ldexp\", \"dtype\": \"bfloat16\", \"samples\": 3, \"diffs\": [], \"errors\": [], \"verdict\": \"ok\"}\n"}
,{"stream_name":"stdout","time":1766.687240225,"data":"{\"op\": \"logaddexp\", \"dtype\": \"float16\", \"samples\": 3, \"diffs\": [], \"errors\": [], \"verdict\": \"ok\"}\n"}
,{"stream_name":"stdout","time":1766.687245472,"data":"{\"op\": \"logaddexp\", \"dtype\": \"bfloat16\", \"samples\": 3, \"diffs\": [], \"errors\": [], \"verdict\": \"ok\"}\n"}
,{"stream_name":"stdout","time":1766.687250919,"data":"{\"op\": \"logaddexp2\", \"dtype\": \"float16\", \"samples\": 1, \"diffs\": [{\"i\": 0, \"class\": \"SIGNZERO\", \"detail\": \"sign of zero\", \"repr\": \"SampleInput(input=tensor([[-8.4766, -1.7656, -4.3242, -2.4004, -7.9492],\\n        [ 3.6113, -8.0703, -0.5737,  3.1289, -3.0332],\\n        [ 5.1055,  1.1348,  4.9492,  5.7734, -3.9727],\\n        [ 3.2715, -3.8945,  2.8203, -4.7031,  4.1641],\\n        [ 1.8223, -3.5215, -4.4141,  2.3281,  8.3984]], dtype=\"}], \"errors\": [], \"verdict\": \"DIFF:SIGNZERO\"}\n"}
,{"stream_name":"stdout","time":1766.687259089,"data":"{\"op\": \"logaddexp2\", \"dtype\": \"bfloat16\", \"samples\": 1, \"diffs\": [], \"errors\": [], \"verdict\": \"ok\"}\n"}
,{"stream_name":"stdout","time":1766.687285421,"data":"{\"op\": \"logical_not\", \"dtype\": \"float16\", \"samples\": 3, \"diffs\": [], \"errors\": [], \"verdict\": \"ok\"}\n"}
,{"stream_name":"stdout","time":1766.687291494,"data":"{\"op\": \"logical_not\", \"dtype\": \"bfloat16\", \"samples\": 3, \"diffs\": [], \"errors\": [], \"verdict\": \"ok\"}\n"}
,{"stream_name":"stdout","time":1766.687297171,"data":"{\"op\": \"lt\", \"dtype\": \"float16\", \"samples\": 3, \"diffs\": [], \"errors\": [], \"verdict\": \"ok\"}\n"}
,{"stream_name":"stdout","time":1766.687302907,"data":"{\"op\": \"lt\", \"dtype\": \"bfloat16\", \"samples\": 3, \"diffs\": [], \"errors\": [], \"verdict\": \"ok\"}\n"}
,{"stream_name":"stdout","time":1766.687309449,"data":"{\"op\": \"masked_fill\", \"dtype\": \"float16\", \"samples\": 3, \"diffs\": [], \"errors\": [], \"verdict\": \"ok\"}\n"}
,{"stream_name":"stdout","time":1766.687314617,"data":"{\"op\": \"masked_fill\", \"dtype\": \"bfloat16\", \"samples\": 3, \"diffs\": [], \"errors\": [], \"verdict\": \"ok\"}\n"}
,{"stream_name":"stdout","time":1766.687320239,"data":"{\"op\": \"masked_scatter\", \"dtype\": \"float16\", \"samples\": 3, \"diffs\": [], \"errors\": [], \"verdict\": \"ok\"}\n"}
,{"stream_name":"stdout","time":1766.687326201,"data":"{\"op\": \"masked_scatter\", \"dtype\": \"bfloat16\", \"samples\": 3, \"diffs\": [], \"errors\": [], \"verdict\": \"ok\"}\n"}
,{"stream_name":"stdout","time":1766.687336117,"data":"{\"op\": \"matrix_exp\", \"dtype\": \"float16\", \"samples\": 2, \"diffs\": [], \"errors\": [], \"verdict\": \"ok\"}\n"}
,{"stream_name":"stdout","time":1766.687342292,"data":"{\"op\": \"matrix_exp\", \"dtype\": \"bfloat16\", \"samples\": 2, \"diffs\": [], \"errors\": [], \"verdict\": \"ok\"}\n"}
,{"stream_name":"stdout","time":1766.687347711,"data":"{\"op\": \"matmul\", \"dtype\": \"float16\", \"samples\": 3, \"diffs\": [], \"errors\": [], \"verdict\": \"ok\"}\n"}
,{"stream_name":"stdout","time":1766.68735336,"data":"{\"op\": \"matmul\", \"dtype\": \"bfloat16\", \"samples\": 3, \"diffs\": [], \"errors\": [], \"verdict\": \"ok\"}\n"}
,{"stream_name":"stdout","time":1766.687358776,"data":"{\"op\": \"max\", \"dtype\": \"float16\", \"samples\": 3, \"diffs\": [], \"errors\": [], \"verdict\": \"ok\"}\n"}
,{"stream_name":"stdout","time":1766.687364371,"data":"{\"op\": \"max\", \"dtype\": \"bfloat16\", \"samples\": 3, \"diffs\": [], \"errors\": [], \"verdict\": \"ok\"}\n"}
,{"stream_name":"stdout","time":1766.687369926,"data":"{\"op\": \"max\", \"dtype\": \"float16\", \"samples\": 2, \"diffs\": [], \"errors\": [], \"verdict\": \"ok\"}\n"}
,{"stream_name":"stdout","time":1766.687375299,"data":"{\"op\": \"max\", \"dtype\": \"bfloat16\", \"samples\": 2, \"diffs\": [], \"errors\": [], \"verdict\": \"ok\"}\n"}
,{"stream_name":"stdout","time":1766.687384181,"data":"{\"op\": \"var_mean\", \"dtype\": \"float16\", \"samples\": 3, \"diffs\": [{\"i\": 1, \"class\": \"VALUE\", \"detail\": \"nan pattern at [0, 3]: eager nan compiled inf\", \"repr\": \"SampleInput(input=tensor([[[-8.4766, -1.7656, -4.3242, -2.4004, -7.9492],\\n         [ 3.6113, -8.0703, -0.5737,  3.1289, -3.0332],\\n         [ 5.1055,  1.1348,  4.9492,  5.7734, -3.9727],\\n         [ 3.2715, -3.8945,  2.8203, -4.7031,  4.1641],\\n         [ 1.8223, -3.5215, -4.4141,  2.3281,  8.3984]],\\n\\n\"}, {\"i\": 2, \"class\": \"VALUE\", \"detail\": \"nan pattern at [0, 0, 3]: eager nan compiled inf\", \"repr\": \"SampleInput(input=tensor([[[-8.4766, -1.7656, -4.3242, -2.4004, -7.9492],\\n         [ 3.6113, -8.0703, -0.5737,  3.1289, -3.0332],\\n         [ 5.1055,  1.1348,  4.9492,  5.7734, -3.9727],\\n         [ 3.2715, -3.8945,  2.8203, -4.7031,  4.1641],\\n         [ 1.8223, -3.5215, -4.4141,  2.3281,  8.3984]],\\n\\n\"}], \"errors\": [], \"verdict\": \"DIFF:VALUE\"}\n"}
,{"stream_name":"stdout","time":1766.687405985,"data":"{\"op\": \"var_mean\", \"dtype\": \"bfloat16\", \"samples\": 3, \"diffs\": [{\"i\": 1, \"class\": \"VALUE\", \"detail\": \"nan pattern at [0, 3]: eager nan compiled inf\", \"repr\": \"SampleInput(input=tensor([[[-8.5000, -1.7656, -4.3125, -2.4062, -7.9375],\\n         [ 3.6094, -8.0625, -0.5742,  3.1250, -3.0312],\\n         [ 5.0938,  1.1328,  4.9375,  5.7812, -3.9688],\\n         [ 3.2656, -3.8906,  2.8281, -4.6875,  4.1562],\\n         [ 1.8203, -3.5156, -4.4062,  2.3281,  8.3750]],\\n\\n\"}, {\"i\": 2, \"class\": \"VALUE\", \"detail\": \"nan pattern at [0, 0, 3]: eager nan compiled inf\", \"repr\": \"SampleInput(input=tensor([[[-8.5000, -1.7656, -4.3125, -2.4062, -7.9375],\\n         [ 3.6094, -8.0625, -0.5742,  3.1250, -3.0312],\\n         [ 5.0938,  1.1328,  4.9375,  5.7812, -3.9688],\\n         [ 3.2656, -3.8906,  2.8281, -4.6875,  4.1562],\\n         [ 1.8203, -3.5156, -4.4062,  2.3281,  8.3750]],\\n\\n\"}], \"errors\": [], \"verdict\": \"DIFF:VALUE\"}\n"}
,{"stream_name":"stdout","time":1766.687414502,"data":"{\"op\": \"var_mean\", \"dtype\": \"float16\", \"samples\": 3, \"diffs\": [{\"i\": 2, \"class\": \"VALUE\", \"detail\": \"nan pattern at []: eager nan compiled 0.0\", \"repr\": \"SampleInput(input=tensor([], dtype=torch.float16), args=(False,), kwargs={}, broadcasts_input=False, name='')\"}], \"errors\": [], \"verdict\": \"DIFF:VALUE\"}\n"}
,{"stream_name":"stdout","time":1766.687421825,"data":"{\"op\": \"var_mean\", \"dtype\": \"bfloat16\", \"samples\": 3, \"diffs\": [{\"i\": 2, \"class\": \"VALUE\", \"detail\": \"nan pattern at []: eager nan compiled 0.0\", \"repr\": \"SampleInput(input=tensor([], dtype=torch.bfloat16), args=(False,), kwargs={}, broadcasts_input=False, name='')\"}], \"errors\": [], \"verdict\": \"DIFF:VALUE\"}\n"}
,{"stream_name":"stdout","time":1766.687433341,"data":"{\"op\": \"std_mean\", \"dtype\": \"float16\", \"samples\": 3, \"diffs\": [{\"i\": 1, \"class\": \"VALUE\", \"detail\": \"nan pattern at [0, 3]: eager nan compiled inf\", \"repr\": \"SampleInput(input=tensor([[[-8.4766, -1.7656, -4.3242, -2.4004, -7.9492],\\n         [ 3.6113, -8.0703, -0.5737,  3.1289, -3.0332],\\n         [ 5.1055,  1.1348,  4.9492,  5.7734, -3.9727],\\n         [ 3.2715, -3.8945,  2.8203, -4.7031,  4.1641],\\n         [ 1.8223, -3.5215, -4.4141,  2.3281,  8.3984]],\\n\\n\"}, {\"i\": 2, \"class\": \"VALUE\", \"detail\": \"nan pattern at [0, 0, 3]: eager nan compiled inf\", \"repr\": \"SampleInput(input=tensor([[[-8.4766, -1.7656, -4.3242, -2.4004, -7.9492],\\n         [ 3.6113, -8.0703, -0.5737,  3.1289, -3.0332],\\n         [ 5.1055,  1.1348,  4.9492,  5.7734, -3.9727],\\n         [ 3.2715, -3.8945,  2.8203, -4.7031,  4.1641],\\n         [ 1.8223, -3.5215, -4.4141,  2.3281,  8.3984]],\\n\\n\"}], \"errors\": [], \"verdict\": \"DIFF:VALUE\"}\n"}
,{"stream_name":"stdout","time":1766.687457727,"data":"{\"op\": \"std_mean\", \"dtype\": \"bfloat16\", \"samples\": 3, \"diffs\": [{\"i\": 1, \"class\": \"VALUE\", \"detail\": \"inf at [0, 1]: eager 1.5153199151948041e+38 compiled inf\", \"repr\": \"SampleInput(input=tensor([[[-8.5000, -1.7656, -4.3125, -2.4062, -7.9375],\\n         [ 3.6094, -8.0625, -0.5742,  3.1250, -3.0312],\\n         [ 5.0938,  1.1328,  4.9375,  5.7812, -3.9688],\\n         [ 3.2656, -3.8906,  2.8281, -4.6875,  4.1562],\\n         [ 1.8203, -3.5156, -4.4062,  2.3281,  8.3750]],\\n\\n\"}, {\"i\": 2, \"class\": \"VALUE\", \"detail\": \"inf at [0, 0, 1]: eager 1.5153199151948041e+38 compiled inf\", \"repr\": \"SampleInput(input=tensor([[[-8.5000, -1.7656, -4.3125, -2.4062, -7.9375],\\n         [ 3.6094, -8.0625, -0.5742,  3.1250, -3.0312],\\n         [ 5.0938,  1.1328,  4.9375,  5.7812, -3.9688],\\n         [ 3.2656, -3.8906,  2.8281, -4.6875,  4.1562],\\n         [ 1.8203, -3.5156, -4.4062,  2.3281,  8.3750]],\\n\\n\"}], \"errors\": [], \"verdict\": \"DIFF:VALUE\"}\n"}
,{"stream_name":"stdout","time":1766.687472385,"data":"{\"op\": \"std_mean\", \"dtype\": \"float16\", \"samples\": 3, \"diffs\": [{\"i\": 2, \"class\": \"VALUE\", \"detail\": \"nan pattern at []: eager nan compiled 0.0\", \"repr\": \"SampleInput(input=tensor([], dtype=torch.float16), args=(False,), kwargs={}, broadcasts_input=False, name='')\"}], \"errors\": [], \"verdict\": \"DIFF:VALUE\"}\n"}
,{"stream_name":"stdout","time":1766.687479585,"data":"{\"op\": \"std_mean\", \"dtype\": \"bfloat16\", \"samples\": 3, \"diffs\": [{\"i\": 2, \"class\": \"VALUE\", \"detail\": \"nan pattern at []: eager nan compiled 0.0\", \"repr\": \"SampleInput(input=tensor([], dtype=torch.bfloat16), args=(False,), kwargs={}, broadcasts_input=False, name='')\"}], \"errors\": [], \"verdict\": \"DIFF:VALUE\"}\n"}
,{"stream_name":"stdout","time":1766.687486566,"data":"{\"op\": \"meshgrid\", \"dtype\": \"float16\", \"samples\": 3, \"diffs\": [], \"errors\": [], \"verdict\": \"ok\"}\n"}
,{"stream_name":"stdout","time":1766.687492247,"data":"{\"op\": \"meshgrid\", \"dtype\": \"bfloat16\", \"samples\": 3, \"diffs\": [], \"errors\": [], \"verdict\": \"ok\"}\n"}
,{"stream_name":"stdout","time":1766.687497751,"data":"{\"op\": \"meshgrid\", \"dtype\": \"float16\", \"samples\": 3, \"diffs\": [], \"errors\": [], \"verdict\": \"ok\"}\n"}
,{"stream_name":"stdout","time":1766.687503517,"data":"{\"op\": \"meshgrid\", \"dtype\": \"bfloat16\", \"samples\": 3, \"diffs\": [], \"errors\": [], \"verdict\": \"ok\"}\n"}
,{"stream_name":"stdout","time":1766.687508985,"data":"{\"op\": \"min\", \"dtype\": \"float16\", \"samples\": 3, \"diffs\": [], \"errors\": [], \"verdict\": \"ok\"}\n"}
,{"stream_name":"stdout","time":1766.687518989,"data":"{\"op\": \"min\", \"dtype\": \"bfloat16\", \"samples\": 3, \"diffs\": [], \"errors\": [], \"verdict\": \"ok\"}\n"}
,{"stream_name":"stdout","time":1766.687524334,"data":"{\"op\": \"min\", \"dtype\": \"float16\", \"samples\": 2, \"diffs\": [], \"errors\": [], \"verdict\": \"ok\"}\n"}
,{"stream_name":"stdout","time":1766.687529816,"data":"{\"op\": \"min\", \"dtype\": \"bfloat16\", \"samples\": 2, \"diffs\": [], \"errors\": [], \"verdict\": \"ok\"}\n"}
,{"stream_name":"stdout","time":1766.687535309,"data":"{\"op\": \"max\", \"dtype\": \"float16\", \"samples\": 3, \"diffs\": [{\"i\": 1, \"class\": \"SIGNZERO\", \"detail\": \"sign of zero\", \"repr\": \"SampleInput(input=tensor([-8.4766, -1.7656, -4.3242, -2.4004, -7.9492], dtype=torch.float16), args=(tensor(3.6113, dtype=torch.float16),), kwargs={}, broadcasts_input=False, name='')\"}, {\"i\": 2, \"class\": \"SIGNZERO\", \"detail\": \"sign of zero\", \"repr\": \"SampleInput(input=tensor([[-8.4766],\\n        [-1.7656],\\n        [-4.3242],\\n        [-2.4004],\\n        [-7.9492]], dtype=torch.float16), args=(tensor([ 3.6113, -8.0703, -0.5737,  3.1289, -3.0332], dtype=torch.float16),), kwargs={}, broadcasts_input=True, name='')\"}], \"errors\": [], \"verdict\": \"DIFF:SIGNZERO\"}\n"}
,{"stream_name":"stdout","time":1766.6875451,"data":"{\"op\": \"max\", \"dtype\": \"bfloat16\", \"samples\": 3, \"diffs\": [{\"i\": 1, \"class\": \"SIGNZERO\", \"detail\": \"sign of zero\", \"repr\": \"SampleInput(input=tensor([-8.5000, -1.7656, -4.3125, -2.4062, -7.9375], dtype=torch.bfloat16), args=(tensor(3.6094, dtype=torch.bfloat16),), kwargs={}, broadcasts_input=False, name='')\"}, {\"i\": 2, \"class\": \"SIGNZERO\", \"detail\": \"sign of zero\", \"repr\": \"SampleInput(input=tensor([[-8.5000],\\n        [-1.7656],\\n        [-4.3125],\\n        [-2.4062],\\n        [-7.9375]], dtype=torch.bfloat16), args=(tensor([ 3.6094, -8.0625, -0.5742,  3.1250, -3.0312], dtype=torch.bfloat16),), kwargs={}, broadcasts_input=True, name='')\"}], \"errors\": [], \"verdict\": \"DIFF:SIGNZERO\"}\n"}
,{"stream_name":"stdout","time":1766.687555779,"data":"{\"op\": \"maximum\", \"dtype\": \"float16\", \"samples\": 3, \"diffs\": [{\"i\": 1, \"class\": \"SIGNZERO\", \"detail\": \"sign of zero\", \"repr\": \"SampleInput(input=tensor([-8.4766, -1.7656, -4.3242, -2.4004, -7.9492], dtype=torch.float16), args=(tensor(3.6113, dtype=torch.float16),), kwargs={}, broadcasts_input=False, name='')\"}, {\"i\": 2, \"class\": \"SIGNZERO\", \"detail\": \"sign of zero\", \"repr\": \"SampleInput(input=tensor([[-8.4766],\\n        [-1.7656],\\n        [-4.3242],\\n        [-2.4004],\\n        [-7.9492]], dtype=torch.float16), args=(tensor([ 3.6113, -8.0703, -0.5737,  3.1289, -3.0332], dtype=torch.float16),), kwargs={}, broadcasts_input=True, name='')\"}], \"errors\": [], \"verdict\": \"DIFF:SIGNZERO\"}\n"}
,{"stream_name":"stdout","time":1766.68756542,"data":"{\"op\": \"maximum\", \"dtype\": \"bfloat16\", \"samples\": 3, \"diffs\": [{\"i\": 1, \"class\": \"SIGNZERO\", \"detail\": \"sign of zero\", \"repr\": \"SampleInput(input=tensor([-8.5000, -1.7656, -4.3125, -2.4062, -7.9375], dtype=torch.bfloat16), args=(tensor(3.6094, dtype=torch.bfloat16),), kwargs={}, broadcasts_input=False, name='')\"}, {\"i\": 2, \"class\": \"SIGNZERO\", \"detail\": \"sign of zero\", \"repr\": \"SampleInput(input=tensor([[-8.5000],\\n        [-1.7656],\\n        [-4.3125],\\n        [-2.4062],\\n        [-7.9375]], dtype=torch.bfloat16), args=(tensor([ 3.6094, -8.0625, -0.5742,  3.1250, -3.0312], dtype=torch.bfloat16),), kwargs={}, broadcasts_input=True, name='')\"}], \"errors\": [], \"verdict\": \"DIFF:SIGNZERO\"}\n"}
,{"stream_name":"stdout","time":1766.687574862,"data":"{\"op\": \"min\", \"dtype\": \"float16\", \"samples\": 3, \"diffs\": [{\"i\": 1, \"class\": \"SIGNZERO\", \"detail\": \"sign of zero\", \"repr\": \"SampleInput(input=tensor([-8.4766, -1.7656, -4.3242, -2.4004, -7.9492], dtype=torch.float16), args=(tensor(3.6113, dtype=torch.float16),), kwargs={}, broadcasts_input=False, name='')\"}, {\"i\": 2, \"class\": \"SIGNZERO\", \"detail\": \"sign of zero\", \"repr\": \"SampleInput(input=tensor([[-8.4766],\\n        [-1.7656],\\n        [-4.3242],\\n        [-2.4004],\\n        [-7.9492]], dtype=torch.float16), args=(tensor([ 3.6113, -8.0703, -0.5737,  3.1289, -3.0332], dtype=torch.float16),), kwargs={}, broadcasts_input=True, name='')\"}], \"errors\": [], \"verdict\": \"DIFF:SIGNZERO\"}\n"}
,{"stream_name":"stdout","time":1766.687589167,"data":"{\"op\": \"min\", \"dtype\": \"bfloat16\", \"samples\": 3, \"diffs\": [{\"i\": 1, \"class\": \"SIGNZERO\", \"detail\": \"sign of zero\", \"repr\": \"SampleInput(input=tensor([-8.5000, -1.7656, -4.3125, -2.4062, -7.9375], dtype=torch.bfloat16), args=(tensor(3.6094, dtype=torch.bfloat16),), kwargs={}, broadcasts_input=False, name='')\"}, {\"i\": 2, \"class\": \"SIGNZERO\", \"detail\": \"sign of zero\", \"repr\": \"SampleInput(input=tensor([[-8.5000],\\n        [-1.7656],\\n        [-4.3125],\\n        [-2.4062],\\n        [-7.9375]], dtype=torch.bfloat16), args=(tensor([ 3.6094, -8.0625, -0.5742,  3.1250, -3.0312], dtype=torch.bfloat16),), kwargs={}, broadcasts_input=True, name='')\"}], \"errors\": [], \"verdict\": \"DIFF:SIGNZERO\"}\n"}
,{"stream_name":"stdout","time":1766.687597126,"data":"{\"op\": \"minimum\", \"dtype\": \"float16\", \"samples\": 3, \"diffs\": [{\"i\": 1, \"class\": \"SIGNZERO\", \"detail\": \"sign of zero\", \"repr\": \"SampleInput(input=tensor([-8.4766, -1.7656, -4.3242, -2.4004, -7.9492], dtype=torch.float16), args=(tensor(3.6113, dtype=torch.float16),), kwargs={}, broadcasts_input=False, name='')\"}, {\"i\": 2, \"class\": \"SIGNZERO\", \"detail\": \"sign of zero\", \"repr\": \"SampleInput(input=tensor([[-8.4766],\\n        [-1.7656],\\n        [-4.3242],\\n        [-2.4004],\\n        [-7.9492]], dtype=torch.float16), args=(tensor([ 3.6113, -8.0703, -0.5737,  3.1289, -3.0332], dtype=torch.float16),), kwargs={}, broadcasts_input=True, name='')\"}], \"errors\": [], \"verdict\": \"DIFF:SIGNZERO\"}\n"}
,{"stream_name":"stdout","time":1766.687606367,"data":"{\"op\": \"minimum\", \"dtype\": \"bfloat16\", \"samples\": 3, \"diffs\": [{\"i\": 1, \"class\": \"SIGNZERO\", \"detail\": \"sign of zero\", \"repr\": \"SampleInput(input=tensor([-8.5000, -1.7656, -4.3125, -2.4062, -7.9375], dtype=torch.bfloat16), args=(tensor(3.6094, dtype=torch.bfloat16),), kwargs={}, broadcasts_input=False, name='')\"}, {\"i\": 2, \"class\": \"SIGNZERO\", \"detail\": \"sign of zero\", \"repr\": \"SampleInput(input=tensor([[-8.5000],\\n        [-1.7656],\\n        [-4.3125],\\n        [-2.4062],\\n        [-7.9375]], dtype=torch.bfloat16), args=(tensor([ 3.6094, -8.0625, -0.5742,  3.1250, -3.0312], dtype=torch.bfloat16),), kwargs={}, broadcasts_input=True, name='')\"}], \"errors\": [], \"verdict\": \"DIFF:SIGNZERO\"}\n"}
,{"stream_name":"stdout","time":1766.687615051,"data":"{\"op\": \"logical_and\", \"dtype\": \"float16\", \"samples\": 3, \"diffs\": [], \"errors\": [], \"verdict\": \"ok\"}\n"}
,{"stream_name":"stdout","time":1766.687620331,"data":"{\"op\": \"logical_and\", \"dtype\": \"bfloat16\", \"samples\": 3, \"diffs\": [], \"errors\": [], \"verdict\": \"ok\"}\n"}
,{"stream_name":"stdout","time":1766.687625489,"data":"{\"op\": \"logical_or\", \"dtype\": \"float16\", \"samples\": 3, \"diffs\": [], \"errors\": [], \"verdict\": \"ok\"}\n"}
,{"stream_name":"stdout","time":1766.687630947,"data":"{\"op\": \"logical_or\", \"dtype\": \"bfloat16\", \"samples\": 3, \"diffs\": [], \"errors\": [], \"verdict\": \"ok\"}\n"}
,{"stream_name":"stdout","time":1766.68763714,"data":"{\"op\": \"logical_xor\", \"dtype\": \"float16\", \"samples\": 3, \"diffs\": [], \"errors\": [], \"verdict\": \"ok\"}\n"}
,{"stream_name":"stdout","time":1766.687642604,"data":"{\"op\": \"logical_xor\", \"dtype\": \"bfloat16\", \"samples\": 3, \"diffs\": [], \"errors\": [], \"verdict\": \"ok\"}\n"}
,{"stream_name":"stdout","time":1766.687652427,"data":"{\"op\": \"heaviside\", \"dtype\": \"float16\", \"samples\": 3, \"diffs\": [], \"errors\": [], \"verdict\": \"ok\"}\n"}
,{"stream_name":"stdout","time":1766.687658054,"data":"{\"op\": \"heaviside\", \"dtype\": \"bfloat16\", \"samples\": 3, \"diffs\": [], \"errors\": [], \"verdict\": \"ok\"}\n"}
,{"stream_name":"stdout","time":1766.687663617,"data":"{\"op\": \"isclose\", \"dtype\": \"float16\", \"samples\": 3, \"diffs\": [], \"errors\": [], \"verdict\": \"ok\"}\n"}
,{"stream_name":"stdout","time":1766.687669106,"data":"{\"op\": \"isclose\", \"dtype\": \"bfloat16\", \"samples\": 3, \"diffs\": [], \"errors\": [], \"verdict\": \"ok\"}\n"}
,{"stream_name":"stdout","time":1766.687674541,"data":"{\"op\": \"softmax\", \"dtype\": \"float16\", \"samples\": 3, \"diffs\": [], \"errors\": [], \"verdict\": \"ok\"}\n"}
,{"stream_name":"stdout","time":1766.687680111,"data":"{\"op\": \"softmax\", \"dtype\": \"bfloat16\", \"samples\": 3, \"diffs\": [], \"errors\": [], \"verdict\": \"ok\"}\n"}
,{"stream_name":"stdout","time":1766.687685865,"data":"{\"op\": \"softmax\", \"dtype\": \"float16\", \"samples\": 3, \"diffs\": [], \"errors\": [], \"verdict\": \"ok\"}\n"}
,{"stream_name":"stdout","time":1766.687690478,"data":"{\"op\": \"softmax\", \"dtype\": \"bfloat16\", \"samples\": 3, \"diffs\": [], \"errors\": [], \"verdict\": \"ok\"}\n"}
,{"stream_name":"stdout","time":1766.687695757,"data":"{\"op\": \"_softmax_backward_data\", \"dtype\": \"float16\", \"samples\": 3, \"diffs\": [{\"i\": 0, \"class\": \"SIGNZERO\", \"detail\": \"sign of zero\", \"repr\": \"SampleInput(input=tensor([ 3.6113, -8.0703, -0.5737,  3.1289, -3.0332], dtype=torch.float16), args=(tensor([0.0008, 0.6206, 0.0481, 0.3291, 0.0013], dtype=torch.float16), 0, torch.float16), kwargs={}, broadcasts_input=False, name='')\"}, {\"i\": 2, \"class\": \"SIGNZERO\", \"detail\": \"sign of zero\", \"repr\": \"SampleInput(input=tensor([[[ 4.6289, -5.5156,  5.4844,  8.2500, -3.0020],\\n         [ 1.0098,  4.9609, -0.7129, -7.5312,  4.0430],\\n         [ 4.2812, -4.9297, -6.0586, -1.5703,  1.7646],\\n         [-4.5508, -0.2163, -3.8887, -3.5059, -1.2314],\\n         [-3.4297,  6.9141,  2.3652,  8.0547,  8.1250],\\n  \"}], \"errors\": [], \"verdict\": \"DIFF:SIGNZERO\"}\n"}
,{"stream_name":"stdout","time":1766.687706569,"data":"{\"op\": \"_softmax_backward_data\", \"dtype\": \"bfloat16\", \"samples\": 3, \"diffs\": [{\"i\": 0, \"class\": \"SIGNZERO\", \"detail\": \"sign of zero\", \"repr\": \"SampleInput(input=tensor([ 3.6094, -8.0625, -0.5742,  3.1250, -3.0312], dtype=torch.bfloat16), args=(tensor([0.0007, 0.6211, 0.0486, 0.3281, 0.0013], dtype=torch.bfloat16), 0, torch.bfloat16), kwargs={}, broadcasts_input=False, name='')\"}, {\"i\": 1, \"class\": \"VALUE\", \"detail\": \"nan pattern at [2, 1]: eager -inf compiled nan\", \"repr\": \"SampleInput(input=tensor([[ 4.3125, -0.8672, -0.4375,  5.1250, -6.2500],\\n        [ 2.9844, -2.9844,  5.2188, -3.2031,  0.4453],\\n        [ 3.0469,  6.1875, -1.3203,  8.1875, -7.6250],\\n        [-1.6016, -9.0000,  0.7461,  2.5469, -3.6406],\\n        [ 3.7344, -1.4609, -7.8125,  6.9062,  5.5625]], dtype=\"}, {\"i\": 2, \"class\": \"VALUE\", \"detail\": \"nan pattern at [0, 5, 2]: eager -inf compiled nan\", \"repr\": \"SampleInput(input=tensor([[[ 4.6250, -5.5312,  5.5000,  8.2500, -3.0000],\\n         [ 1.0078,  4.9688, -0.7148, -7.5312,  4.0312],\\n         [ 4.2812, -4.9375, -6.0625, -1.5703,  1.7656],\\n         [-4.5625, -0.2168, -3.8906, -3.5000, -1.2344],\\n         [-3.4375,  6.9062,  2.3594,  8.0625,  8.1250],\\n  \"}], \"errors\": [], \"verdict\": \"DIFF:SIGNZERO+VALUE\"}\n"}
,{"stream_name":"stdout","time":1766.687718657,"data":"{\"op\": \"nn.functional.softmin\", \"dtype\": \"float16\", \"samples\": 3, \"diffs\": [], \"errors\": [], \"verdict\": \"ok\"}\n"}
,{"stream_name":"stdout","time":1766.687724087,"data":"{\"op\": \"nn.functional.softmin\", \"dtype\": \"bfloat16\", \"samples\": 3, \"diffs\": [], \"errors\": [], \"verdict\": \"ok\"}\n"}
,{"stream_name":"stdout","time":1766.687733947,"data":"{\"op\": \"nn.functional.softmin\", \"dtype\": \"float16\", \"samples\": 3, \"diffs\": [], \"errors\": [], \"verdict\": \"ok\"}\n"}
,{"stream_name":"stdout","time":1766.687739789,"data":"{\"op\": \"nn.functional.softmin\", \"dtype\": \"bfloat16\", \"samples\": 3, \"diffs\": [], \"errors\": [], \"verdict\": \"ok\"}\n"}
,{"stream_name":"stdout","time":1766.687745484,"data":"{\"op\": \"nn.functional.cross_entropy\", \"dtype\": \"float16\", \"samples\": 3, \"diffs\": [], \"errors\": [], \"verdict\": \"ok\"}\n"}
,{"stream_name":"stdout","time":1766.68775109,"data":"{\"op\": \"nn.functional.cross_entropy\", \"dtype\": \"bfloat16\", \"samples\": 3, \"diffs\": [], \"errors\": [], \"verdict\": \"ok\"}\n"}
,{"stream_name":"stdout","time":1766.687756784,"data":"{\"op\": \"nn.functional.linear_cross_entropy\", \"dtype\": \"float16\", \"samples\": 3, \"diffs\": [], \"errors\": [], \"verdict\": \"ok\"}\n"}
,{"stream_name":"stdout","time":1766.687762265,"data":"{\"op\": \"nn.functional.linear_cross_entropy\", \"dtype\": \"bfloat16\", \"samples\": 3, \"diffs\": [], \"errors\": [], \"verdict\": \"ok\"}\n"}
,{"stream_name":"stdout","time":1766.687767634,"data":"{\"op\": \"nn.functional.linear_cross_entropy\", \"dtype\": \"float16\", \"samples\": 3, \"diffs\": [], \"errors\": [], \"verdict\": \"ok\"}\n"}
,{"stream_name":"stdout","time":1766.687773799,"data":"{\"op\": \"nn.functional.linear_cross_entropy\", \"dtype\": \"bfloat16\", \"samples\": 3, \"diffs\": [], \"errors\": [], \"verdict\": \"ok\"}\n"}
,{"stream_name":"stdout","time":1766.687779349,"data":"{\"op\": \"nn.functional.linear_cross_entropy\", \"dtype\": \"float16\", \"samples\": 3, \"diffs\": [], \"errors\": [], \"verdict\": \"ok\"}\n"}
,{"stream_name":"stdout","time":1766.687785239,"data":"{\"op\": \"nn.functional.linear_cross_entropy\", \"dtype\": \"bfloat16\", \"samples\": 3, \"diffs\": [], \"errors\": [], \"verdict\": \"ok\"}\n"}
,{"stream_name":"stdout","time":1766.687789344,"data":"{\"op\": \"aminmax\", \"dtype\": \"float16\", \"samples\": 3, \"diffs\": [], \"errors\": [], \"verdict\": \"ok\"}\n"}
,{"stream_name":"stdout","time":1766.687794732,"data":"{\"op\": \"aminmax\", \"dtype\": \"bfloat16\", \"samples\": 3, \"diffs\": [], \"errors\": [], \"verdict\": \"ok\"}\n"}
,{"stream_name":"stdout","time":1766.687800274,"data":"{\"op\": \"as_strided\", \"dtype\": \"float16\", \"samples\": 3, \"diffs\": [], \"errors\": [], \"verdict\": \"ok\"}\n"}
,{"stream_name":"stdout","time":1766.687805709,"data":"{\"op\": \"as_strided\", \"dtype\": \"bfloat16\", \"samples\": 3, \"diffs\": [], \"errors\": [], \"verdict\": \"ok\"}\n"}
,{"stream_name":"stdout","time":1766.687812692,"data":"{\"op\": \"as_strided\", \"dtype\": \"float16\", \"samples\": 3, \"diffs\": [], \"errors\": [], \"verdict\": \"ok\"}\n"}
,{"stream_name":"stdout","time":1766.687818073,"data":"{\"op\": \"as_strided\", \"dtype\": \"bfloat16\", \"samples\": 3, \"diffs\": [], \"errors\": [], \"verdict\": \"ok\"}\n"}
,{"stream_name":"stdout","time":1766.687823349,"data":"{\"op\": \"as_strided_copy\", \"dtype\": \"float16\", \"samples\": 3, \"diffs\": [], \"errors\": [], \"verdict\": \"ok\"}\n"}
,{"stream_name":"stdout","time":1766.687828757,"data":"{\"op\": \"as_strided_copy\", \"dtype\": \"bfloat16\", \"samples\": 3, \"diffs\": [], \"errors\": [], \"verdict\": \"ok\"}\n"}
,{"stream_name":"stdout","time":1766.687834437,"data":"{\"op\": \"as_strided_scatter\", \"dtype\": \"float16\", \"samples\": 3, \"diffs\": [], \"errors\": [], \"verdict\": \"ok\"}\n"}
,{"stream_name":"stdout","time":1766.687839832,"data":"{\"op\": \"as_strided_scatter\", \"dtype\": \"bfloat16\", \"samples\": 3, \"diffs\": [], \"errors\": [], \"verdict\": \"ok\"}\n"}
,{"stream_name":"stdout","time":1766.68784628,"data":"{\"op\": \"native_group_norm\", \"dtype\": \"float16\", \"samples\": 3, \"diffs\": [{\"i\": 0, \"class\": \"VALUE\", \"detail\": \"nan pattern at [0, 0]: eager nan compiled inf\", \"repr\": \"SampleInput(input=tensor([[[ 4.9492,  5.7734, -3.9727],\\n         [ 3.2715, -3.8945,  2.8203],\\n         [-4.7031,  4.1641,  1.8223],\\n         [-3.5215, -4.4141,  2.3281],\\n         [ 8.3984,  4.3203, -0.8691],\\n         [-0.4368,  5.1172, -6.2539]]], dtype=torch.float16), args=(tensor([-8.4766, -1.7656\"}, {\"i\": 1, \"class\": \"VALUE\", \"detail\": \"nan pattern at [0, 0]: eager nan compiled inf\", \"repr\": \"SampleInput(input=tensor([[[-8.4766, -1.7656, -4.3242],\\n         [-2.4004, -7.9492,  3.6113],\\n         [-8.0703, -0.5737,  3.1289],\\n         [-3.0332,  5.1055,  1.1348],\\n         [ 4.9492,  5.7734, -3.9727],\\n         [ 3.2715, -3.8945,  2.8203]]], dtype=torch.float16), args=(tensor([-8.4766, -1.7656\"}, {\"i\": 2, \"class\": \"VALUE\", \"detail\": \"nan pattern at [0, 0]: eager nan compiled inf\", \"repr\": \"SampleInput(input=tensor([[[-8.4766, -1.7656, -4.3242],\\n         [-2.4004, -7.9492,  3.6113],\\n         [-8.0703, -0.5737,  3.1289],\\n         [-3.0332,  5.1055,  1.1348],\\n         [ 4.9492,  5.7734, -3.9727],\\n         [ 3.2715, -3.8945,  2.8203]]], dtype=torch.float16), args=(tensor([-8.4766, -1.7656\"}], \"errors\": [], \"verdict\": \"DIFF:VALUE\"}\n"}
,{"stream_name":"stdout","time":1766.687864006,"data":"{\"op\": \"native_group_norm\", \"dtype\": \"bfloat16\", \"samples\": 3, \"diffs\": [{\"i\": 0, \"class\": \"VALUE\", \"detail\": \"nan pattern at [0, 0]: eager nan compiled inf\", \"repr\": \"SampleInput(input=tensor([[[ 4.9375,  5.7812, -3.9688],\\n         [ 3.2656, -3.8906,  2.8281],\\n         [-4.6875,  4.1562,  1.8203],\\n         [-3.5156, -4.4062,  2.3281],\\n         [ 8.3750,  4.3125, -0.8672],\\n         [-0.4375,  5.1250, -6.2500]]], dtype=torch.bfloat16), args=(tensor([-8.5000, -1.765\"}, {\"i\": 1, \"class\": \"VALUE\", \"detail\": \"nan pattern at [0, 0]: eager nan compiled inf\", \"repr\": \"SampleInput(input=tensor([[[-8.5000, -1.7656, -4.3125],\\n         [-2.4062, -7.9375,  3.6094],\\n         [-8.0625, -0.5742,  3.1250],\\n         [-3.0312,  5.0938,  1.1328],\\n         [ 4.9375,  5.7812, -3.9688],\\n         [ 3.2656, -3.8906,  2.8281]]], dtype=torch.bfloat16), args=(tensor([-8.5000, -1.765\"}, {\"i\": 2, \"class\": \"VALUE\", \"detail\": \"nan pattern at [0, 0]: eager nan compiled inf\", \"repr\": \"SampleInput(input=tensor([[[-8.5000, -1.7656, -4.3125],\\n         [-2.4062, -7.9375,  3.6094],\\n         [-8.0625, -0.5742,  3.1250],\\n         [-3.0312,  5.0938,  1.1328],\\n         [ 4.9375,  5.7812, -3.9688],\\n         [ 3.2656, -3.8906,  2.8281]]], dtype=torch.bfloat16), args=(tensor([-8.5000, -1.765\"}], \"errors\": [], \"verdict\": \"DIFF:VALUE\"}\n"}
,{"stream_name":"stdout","time":1766.687877287,"data":"{\"op\": \"native_layer_norm\", \"dtype\": \"float16\", \"samples\": 3, \"diffs\": [], \"errors\": [], \"verdict\": \"ok\"}\n"}
,{"stream_name":"stdout","time":1766.687883392,"data":"{\"op\": \"native_layer_norm\", \"dtype\": \"bfloat16\", \"samples\": 3, \"diffs\": [], \"errors\": [], \"verdict\": \"ok\"}\n"}
,{"stream_name":"stdout","time":1766.687888399,"data":"{\"op\": \"native_batch_norm\", \"dtype\": \"float16\", \"samples\": 3, \"diffs\": [], \"errors\": [], \"verdict\": \"ok\"}\n"}
,{"stream_name":"stdout","time":1766.687894227,"data":"{\"op\": \"native_batch_norm\", \"dtype\": \"bfloat16\", \"samples\": 3, \"diffs\": [{\"i\": 1, \"class\": \"VALUE\", \"detail\": \"nan pattern at [1, 0, 3]: eager 0.0 compiled nan\", \"repr\": \"SampleInput(input=tensor([[[ 3.1250, -3.0312,  5.0938,  1.1328],\\n         [ 4.9375,  5.7812, -3.9688,  3.2656]],\\n\\n        [[-3.8906,  2.8281, -4.6875,  4.1562],\\n         [ 1.8203, -3.5156, -4.4062,  2.3281]],\\n\\n        [[ 8.3750,  4.3125, -0.8672, -0.4375],\\n         [ 5.1250, -6.2500,  2.9844, -2.984\"}], \"errors\": [], \"verdict\": \"DIFF:VALUE\"}\n"}
,{"stream_name":"stdout","time":1766.687906307,"data":"{\"op\": \"_native_batch_norm_legit\", \"dtype\": \"float16\", \"samples\": 3, \"diffs\": [], \"errors\": [], \"verdict\": \"ok\"}\n"}
,{"stream_name":"stdout","time":1766.687911921,"data":"{\"op\": \"_native_batch_norm_legit\", \"dtype\": \"bfloat16\", \"samples\": 3, \"diffs\": [{\"i\": 1, \"class\": \"VALUE\", \"detail\": \"nan pattern at [1, 0, 3]: eager 0.0 compiled nan\", \"repr\": \"SampleInput(input=tensor([[[ 3.1250, -3.0312,  5.0938,  1.1328],\\n         [ 4.9375,  5.7812, -3.9688,  3.2656]],\\n\\n        [[-3.8906,  2.8281, -4.6875,  4.1562],\\n         [ 1.8203, -3.5156, -4.4062,  2.3281]],\\n\\n        [[ 8.3750,  4.3125, -0.8672, -0.4375],\\n         [ 5.1250, -6.2500,  2.9844, -2.984\"}], \"errors\": [], \"verdict\": \"DIFF:VALUE\"}\n"}
,{"stream_name":"stdout","time":1766.687920404,"data":"{\"op\": \"_batch_norm_with_update\", \"dtype\": \"float16\", \"samples\": 3, \"diffs\": [{\"i\": 1, \"class\": \"SIGNZERO\", \"detail\": \"sign of zero\", \"repr\": \"SampleInput(input=tensor([[[ 3.1289, -3.0332,  5.1055,  1.1348],\\n         [ 4.9492,  5.7734, -3.9727,  3.2715]],\\n\\n        [[-3.8945,  2.8203, -4.7031,  4.1641],\\n         [ 1.8223, -3.5215, -4.4141,  2.3281]],\\n\\n        [[ 8.3984,  4.3203, -0.8691, -0.4368],\\n         [ 5.1172, -6.2539,  2.9922, -2.982\"}], \"errors\": [], \"verdict\": \"DIFF:SIGNZERO\"}\n"}
,{"stream_name":"stdout","time":1766.687929406,"data":"{\"op\": \"_batch_norm_with_update\", \"dtype\": \"bfloat16\", \"samples\": 3, \"diffs\": [{\"i\": 1, \"class\": \"SIGNZERO\", \"detail\": \"sign of zero\", \"repr\": \"SampleInput(input=tensor([[[ 3.1250, -3.0312,  5.0938,  1.1328],\\n         [ 4.9375,  5.7812, -3.9688,  3.2656]],\\n\\n        [[-3.8906,  2.8281, -4.6875,  4.1562],\\n         [ 1.8203, -3.5156, -4.4062,  2.3281]],\\n\\n        [[ 8.3750,  4.3125, -0.8672, -0.4375],\\n         [ 5.1250, -6.2500,  2.9844, -2.984\"}], \"errors\": [], \"verdict\": \"DIFF:SIGNZERO\"}\n"}
,{"stream_name":"stdout","time":1766.687937642,"data":"{\"op\": \"nn.functional.cosine_similarity\", \"dtype\": \"float16\", \"samples\": 3, \"diffs\": [{\"i\": 0, \"class\": \"VALUE\", \"detail\": \"value rel 1: eager 0.0 compiled 1.0\", \"repr\": \"SampleInput(input=tensor([[-8.4766, -1.7656, -4.3242, -2.4004, -7.9492],\\n        [ 3.6113, -8.0703, -0.5737,  3.1289, -3.0332],\\n        [ 5.1055,  1.1348,  4.9492,  5.7734, -3.9727],\\n        [ 3.2715, -3.8945,  2.8203, -4.7031,  4.1641],\\n        [ 1.8223, -3.5215, -4.4141,  2.3281,  8.3984]], dtype=\"}, {\"i\": 1, \"class\": \"VALUE\", \"detail\": \"nan pattern at [0]: eager nan compiled 0.0\", \"repr\": \"SampleInput(input=tensor([[-8.4766, -1.7656],\\n        [-4.3242, -2.4004],\\n        [-7.9492,  3.6113],\\n        [-8.0703, -0.5737],\\n        [ 3.1289, -3.0332]], dtype=torch.float16), args=(tensor([[ 5.1055,  1.1348],\\n        [ 4.9492,  5.7734],\\n        [-3.9727,  3.2715],\\n        [-3.8945,  2.8203],\\n \"}], \"errors\": [], \"verdict\": \"DIFF:VALUE\"}\n"}
,{"stream_name":"stdout","time":1766.687949169,"data":"{\"op\": \"nn.functional.cosine_similarity\", \"dtype\": \"bfloat16\", \"samples\": 3, \"diffs\": [], \"errors\": [], \"verdict\": \"ok\"}\n"}
,{"stream_name":"stdout","time":1766.687954766,"data":"{\"op\": \"nn.functional.adaptive_avg_pool1d\", \"dtype\": \"float16\", \"samples\": 3, \"diffs\": [], \"errors\": [], \"verdict\": \"ok\"}\n"}
,{"stream_name":"stdout","time":1766.687960591,"data":"{\"op\": \"nn.functional.adaptive_avg_pool1d\", \"dtype\": \"bfloat16\", \"samples\": 3, \"diffs\": [], \"errors\": [], \"verdict\": \"ok\"}\n"}
,{"stream_name":"stdout","time":1766.687966044,"data":"{\"op\": \"nn.functional.adaptive_avg_pool2d\", \"dtype\": \"float16\", \"samples\": 3, \"diffs\": [], \"errors\": [], \"verdict\": \"ok\"}\n"}
,{"stream_name":"stdout","time":1766.687971509,"data":"{\"op\": \"nn.functional.adaptive_avg_pool2d\", \"dtype\": \"bfloat16\", \"samples\": 3, \"diffs\": [], \"errors\": [], \"verdict\": \"ok\"}\n"}
,{"stream_name":"stdout","time":1766.687981046,"data":"{\"op\": \"nn.functional.adaptive_avg_pool3d\", \"dtype\": \"float16\", \"samples\": 3, \"diffs\": [], \"errors\": [], \"verdict\": \"ok\"}\n"}
,{"stream_name":"stdout","time":1766.687986952,"data":"{\"op\": \"nn.functional.adaptive_avg_pool3d\", \"dtype\": \"bfloat16\", \"samples\": 3, \"diffs\": [], \"errors\": [], \"verdict\": \"ok\"}\n"}
,{"stream_name":"stdout","time":1766.687992687,"data":"{\"op\": \"nn.functional.adaptive_max_pool1d\", \"dtype\": \"float16\", \"samples\": 3, \"diffs\": [{\"i\": 0, \"class\": \"VALUE\", \"detail\": \"value at [0, 2, 1]: eager 2 compiled 1\", \"repr\": \"SampleInput(input=tensor([[[-8.4766, -1.7656, -4.3242, -2.4004],\\n         [-7.9492,  3.6113, -8.0703, -0.5737],\\n         [ 3.1289, -3.0332,  5.1055,  1.1348],\\n         [ 4.9492,  5.7734, -3.9727,  3.2715]],\\n\\n        [[-3.8945,  2.8203, -4.7031,  4.1641],\\n         [ 1.8223, -3.5215, -4.4141,  2.3281]\"}, {\"i\": 1, \"class\": \"VALUE\", \"detail\": \"value at [2, 1]: eager 2 compiled 1\", \"repr\": \"SampleInput(input=tensor([[-8.4766, -1.7656, -4.3242, -2.4004],\\n        [-7.9492,  3.6113, -8.0703, -0.5737],\\n        [ 3.1289, -3.0332,  5.1055,  1.1348],\\n        [ 4.9492,  5.7734, -3.9727,  3.2715]], dtype=torch.float16), args=(3, True), kwargs={}, broadcasts_input=False, name='')\"}], \"errors\": [], \"verdict\": \"DIFF:VALUE\"}\n"}
,{"stream_name":"stdout","time":1766.688003252,"data":"{\"op\": \"nn.functional.adaptive_max_pool1d\", \"dtype\": \"bfloat16\", \"samples\": 3, \"diffs\": [{\"i\": 0, \"class\": \"VALUE\", \"detail\": \"value at [0, 2, 1]: eager 2 compiled 1\", \"repr\": \"SampleInput(input=tensor([[[-8.5000, -1.7656, -4.3125, -2.4062],\\n         [-7.9375,  3.6094, -8.0625, -0.5742],\\n         [ 3.1250, -3.0312,  5.0938,  1.1328],\\n         [ 4.9375,  5.7812, -3.9688,  3.2656]],\\n\\n        [[-3.8906,  2.8281, -4.6875,  4.1562],\\n         [ 1.8203, -3.5156, -4.4062,  2.3281]\"}, {\"i\": 1, \"class\": \"VALUE\", \"detail\": \"value at [2, 1]: eager 2 compiled 1\", \"repr\": \"SampleInput(input=tensor([[-8.5000, -1.7656, -4.3125, -2.4062],\\n        [-7.9375,  3.6094, -8.0625, -0.5742],\\n        [ 3.1250, -3.0312,  5.0938,  1.1328],\\n        [ 4.9375,  5.7812, -3.9688,  3.2656]], dtype=torch.bfloat16), args=(3, True), kwargs={}, broadcasts_input=False, name='')\"}], \"errors\": [], \"verdict\": \"DIFF:VALUE\"}\n"}
,{"stream_name":"stdout","time":1766.688013844,"data":"{\"op\": \"nn.functional.adaptive_max_pool2d\", \"dtype\": \"float16\", \"samples\": 3, \"diffs\": [{\"i\": 0, \"class\": \"VALUE\", \"detail\": \"value at [0, 0, 1, 1]: eager 10 compiled 9\", \"repr\": \"SampleInput(input=tensor([[[[-8.4766, -1.7656, -4.3242, -2.4004],\\n          [-7.9492,  3.6113, -8.0703, -0.5737],\\n          [ 3.1289, -3.0332,  5.1055,  1.1348],\\n          [ 4.9492,  5.7734, -3.9727,  3.2715]],\\n\\n         [[-3.8945,  2.8203, -4.7031,  4.1641],\\n          [ 1.8223, -3.5215, -4.4141,  2\"}, {\"i\": 1, \"class\": \"VALUE\", \"detail\": \"value at [0, 1, 1]: eager 10 compiled 9\", \"repr\": \"SampleInput(input=tensor([[[-8.4766, -1.7656, -4.3242, -2.4004],\\n         [-7.9492,  3.6113, -8.0703, -0.5737],\\n         [ 3.1289, -3.0332,  5.1055,  1.1348],\\n         [ 4.9492,  5.7734, -3.9727,  3.2715]],\\n\\n        [[-3.8945,  2.8203, -4.7031,  4.1641],\\n         [ 1.8223, -3.5215, -4.4141,  2.3281]\"}], \"errors\": [], \"verdict\": \"DIFF:VALUE\"}\n"}
,{"stream_name":"stdout","time":1766.688024962,"data":"{\"op\": \"nn.functional.adaptive_max_pool2d\", \"dtype\": \"bfloat16\", \"samples\": 3, \"diffs\": [{\"i\": 0, \"class\": \"VALUE\", \"detail\": \"value at [0, 0, 1, 1]: eager 10 compiled 9\", \"repr\": \"SampleInput(input=tensor([[[[-8.5000, -1.7656, -4.3125, -2.4062],\\n          [-7.9375,  3.6094, -8.0625, -0.5742],\\n          [ 3.1250, -3.0312,  5.0938,  1.1328],\\n          [ 4.9375,  5.7812, -3.9688,  3.2656]],\\n\\n         [[-3.8906,  2.8281, -4.6875,  4.1562],\\n          [ 1.8203, -3.5156, -4.4062,  2\"}, {\"i\": 1, \"class\": \"VALUE\", \"detail\": \"value at [0, 1, 1]: eager 10 compiled 9\", \"repr\": \"SampleInput(input=tensor([[[-8.5000, -1.7656, -4.3125, -2.4062],\\n         [-7.9375,  3.6094, -8.0625, -0.5742],\\n         [ 3.1250, -3.0312,  5.0938,  1.1328],\\n         [ 4.9375,  5.7812, -3.9688,  3.2656]],\\n\\n        [[-3.8906,  2.8281, -4.6875,  4.1562],\\n         [ 1.8203, -3.5156, -4.4062,  2.3281]\"}], \"errors\": [], \"verdict\": \"DIFF:VALUE\"}\n"}
,{"stream_name":"stdout","time":1766.688039585,"data":"{\"op\": \"nn.functional.adaptive_max_pool3d\", \"dtype\": \"float16\", \"samples\": 3, \"diffs\": [], \"errors\": [], \"verdict\": \"ok\"}\n"}
,{"stream_name":"stdout","time":1766.688045187,"data":"{\"op\": \"nn.functional.adaptive_max_pool3d\", \"dtype\": \"bfloat16\", \"samples\": 3, \"diffs\": [], \"errors\": [], \"verdict\": \"ok\"}\n"}
,{"stream_name":"stdout","time":1766.688050642,"data":"{\"op\": \"nn.functional.avg_pool1d\", \"dtype\": \"float16\", \"samples\": 3, \"diffs\": [], \"errors\": [], \"verdict\": \"ok\"}\n"}
,{"stream_name":"stdout","time":1766.688056501,"data":"{\"op\": \"nn.functional.avg_pool1d\", \"dtype\": \"bfloat16\", \"samples\": 3, \"diffs\": [], \"errors\": [], \"verdict\": \"ok\"}\n"}
,{"stream_name":"stdout","time":1766.688062029,"data":"{\"op\": \"nn.functional.binary_cross_entropy_with_logits\", \"dtype\": \"float16\", \"samples\": 3, \"diffs\": [], \"errors\": [], \"verdict\": \"ok\"}\n"}
,{"stream_name":"stdout","time":1766.688067732,"data":"{\"op\": \"nn.functional.binary_cross_entropy_with_logits\", \"dtype\": \"bfloat16\", \"samples\": 3, \"diffs\": [], \"errors\": [], \"verdict\": \"ok\"}\n"}
,{"stream_name":"stdout","time":1766.688073439,"data":"{\"op\": \"nn.functional.conv_transpose1d\", \"dtype\": \"float16\", \"samples\": 3, \"diffs\": [], \"errors\": [], \"verdict\": \"ok\"}\n"}
,{"stream_name":"stdout","time":1766.688078971,"data":"{\"op\": \"nn.functional.conv_transpose1d\", \"dtype\": \"bfloat16\", \"samples\": 3, \"diffs\": [], \"errors\": [], \"verdict\": \"ok\"}\n"}
,{"stream_name":"stdout","time":1766.688084162,"data":"{\"op\": \"nn.functional.conv_transpose2d\", \"dtype\": \"float16\", \"samples\": 3, \"diffs\": [], \"errors\": [], \"verdict\": \"ok\"}\n"}
,{"stream_name":"stdout","time":1766.688089427,"data":"{\"op\": \"nn.functional.conv_transpose2d\", \"dtype\": \"bfloat16\", \"samples\": 3, \"diffs\": [], \"errors\": [], \"verdict\": \"ok\"}\n"}
,{"stream_name":"stdout","time":1766.688094865,"data":"{\"op\": \"nn.functional.conv_transpose3d\", \"dtype\": \"float16\", \"samples\": 3, \"diffs\": [], \"errors\": [], \"verdict\": \"ok\"}\n"}
,{"stream_name":"stdout","time":1766.688100385,"data":"{\"op\": \"nn.functional.conv_transpose3d\", \"dtype\": \"bfloat16\", \"samples\": 3, \"diffs\": [], \"errors\": [], \"verdict\": \"ok\"}\n"}
,{"stream_name":"stdout","time":1766.688105754,"data":"{\"op\": \"nn.functional.conv1d\", \"dtype\": \"float16\", \"samples\": 3, \"diffs\": [], \"errors\": [], \"verdict\": \"ok\"}\n"}
,{"stream_name":"stdout","time":1766.688110936,"data":"{\"op\": \"nn.functional.conv1d\", \"dtype\": \"bfloat16\", \"samples\": 3, \"diffs\": [], \"errors\": [], \"verdict\": \"ok\"}\n"}
,{"stream_name":"stdout","time":1766.688116178,"data":"{\"op\": \"nn.functional.conv2d\", \"dtype\": \"float16\", \"samples\": 3, \"diffs\": [], \"errors\": [], \"verdict\": \"ok\"}\n"}
,{"stream_name":"stdout","time":1766.688121856,"data":"{\"op\": \"nn.functional.conv2d\", \"dtype\": \"bfloat16\", \"samples\": 3, \"diffs\": [], \"errors\": [], \"verdict\": \"ok\"}\n"}
,{"stream_name":"stdout","time":1766.688127519,"data":"{\"op\": \"nn.functional.conv3d\", \"dtype\": \"float16\", \"samples\": 3, \"diffs\": [], \"errors\": [], \"verdict\": \"ok\"}\n"}
,{"stream_name":"stdout","time":1766.688132922,"data":"{\"op\": \"nn.functional.conv3d\", \"dtype\": \"bfloat16\", \"samples\": 3, \"diffs\": [], \"errors\": [], \"verdict\": \"ok\"}\n"}
,{"stream_name":"stdout","time":1766.688142379,"data":"{\"op\": \"nn.functional.group_norm\", \"dtype\": \"float16\", \"samples\": 3, \"diffs\": [], \"errors\": [], \"verdict\": \"ok\"}\n"}
,{"stream_name":"stdout","time":1766.688148151,"data":"{\"op\": \"nn.functional.group_norm\", \"dtype\": \"bfloat16\", \"samples\": 3, \"diffs\": [], \"errors\": [], \"verdict\": \"ok\"}\n"}
,{"stream_name":"stdout","time":1766.688154282,"data":"{\"op\": \"nn.functional.instance_norm\", \"dtype\": \"float16\", \"samples\": 3, \"diffs\": [{\"i\": 0, \"class\": \"SIGNZERO\", \"detail\": \"sign of zero\", \"repr\": \"SampleInput(input=tensor([[[ 1.8223, -3.5215, -4.4141,  2.3281,  8.3984],\\n         [ 4.3203, -0.8691, -0.4368,  5.1172, -6.2539],\\n         [ 2.9922, -2.9824,  5.2070, -3.2109,  0.4451],\\n         [ 3.0391,  6.1836, -1.3232,  8.2109, -7.6133],\\n         [-1.6055, -8.9766,  0.7456,  2.5547, -3.6426]],\\n\\n\"}, {\"i\": 1, \"class\": \"SIGNZERO\", \"detail\": \"sign of zero\", \"repr\": \"SampleInput(input=tensor([[[ 1.8223, -3.5215, -4.4141,  2.3281,  8.3984],\\n         [ 4.3203, -0.8691, -0.4368,  5.1172, -6.2539],\\n         [ 2.9922, -2.9824,  5.2070, -3.2109,  0.4451],\\n         [ 3.0391,  6.1836, -1.3232,  8.2109, -7.6133],\\n         [-1.6055, -8.9766,  0.7456,  2.5547, -3.6426]],\\n\\n\"}, {\"i\": 2, \"class\": \"SIGNZERO\", \"detail\": \"sign of zero\", \"repr\": \"SampleInput(input=tensor([[[ 3.1289, -3.0332,  5.1055,  1.1348],\\n         [ 4.9492,  5.7734, -3.9727,  3.2715]],\\n\\n        [[-3.8945,  2.8203, -4.7031,  4.1641],\\n         [ 1.8223, -3.5215, -4.4141,  2.3281]],\\n\\n        [[ 8.3984,  4.3203, -0.8691, -0.4368],\\n         [ 5.1172, -6.2539,  2.9922, -2.982\"}], \"errors\": [], \"verdict\": \"DIFF:SIGNZERO\"}\n"}
,{"stream_name":"stdout","time":1766.688168449,"data":"{\"op\": \"nn.functional.instance_norm\", \"dtype\": \"bfloat16\", \"samples\": 3, \"diffs\": [{\"i\": 0, \"class\": \"SIGNZERO\", \"detail\": \"sign of zero\", \"repr\": \"SampleInput(input=tensor([[[ 1.8203, -3.5156, -4.4062,  2.3281,  8.3750],\\n         [ 4.3125, -0.8672, -0.4375,  5.1250, -6.2500],\\n         [ 2.9844, -2.9844,  5.2188, -3.2031,  0.4453],\\n         [ 3.0469,  6.1875, -1.3203,  8.1875, -7.6250],\\n         [-1.6016, -9.0000,  0.7461,  2.5469, -3.6406]],\\n\\n\"}, {\"i\": 1, \"class\": \"SIGNZERO\", \"detail\": \"sign of zero\", \"repr\": \"SampleInput(input=tensor([[[ 1.8203, -3.5156, -4.4062,  2.3281,  8.3750],\\n         [ 4.3125, -0.8672, -0.4375,  5.1250, -6.2500],\\n         [ 2.9844, -2.9844,  5.2188, -3.2031,  0.4453],\\n         [ 3.0469,  6.1875, -1.3203,  8.1875, -7.6250],\\n         [-1.6016, -9.0000,  0.7461,  2.5469, -3.6406]],\\n\\n\"}, {\"i\": 2, \"class\": \"SIGNZERO\", \"detail\": \"sign of zero\", \"repr\": \"SampleInput(input=tensor([[[ 3.1250, -3.0312,  5.0938,  1.1328],\\n         [ 4.9375,  5.7812, -3.9688,  3.2656]],\\n\\n        [[-3.8906,  2.8281, -4.6875,  4.1562],\\n         [ 1.8203, -3.5156, -4.4062,  2.3281]],\\n\\n        [[ 8.3750,  4.3125, -0.8672, -0.4375],\\n         [ 5.1250, -6.2500,  2.9844, -2.984\"}], \"errors\": [], \"verdict\": \"DIFF:SIGNZERO\"}\n"}
,{"stream_name":"stdout","time":1766.688179701,"data":"{\"op\": \"nn.functional.layer_norm\", \"dtype\": \"float16\", \"samples\": 3, \"diffs\": [], \"errors\": [], \"verdict\": \"ok\"}\n"}
,{"stream_name":"stdout","time":1766.688185566,"data":"{\"op\": \"nn.functional.layer_norm\", \"dtype\": \"bfloat16\", \"samples\": 3, \"diffs\": [], \"errors\": [], \"verdict\": \"ok\"}\n"}
,{"stream_name":"stdout","time":1766.688191227,"data":"{\"op\": \"nn.functional.rms_norm\", \"dtype\": \"float16\", \"samples\": 3, \"diffs\": [], \"errors\": [], \"verdict\": \"ok\"}\n"}
,{"stream_name":"stdout","time":1766.688196303,"data":"{\"op\": \"nn.functional.rms_norm\", \"dtype\": \"bfloat16\", \"samples\": 3, \"diffs\": [], \"errors\": [], \"verdict\": \"ok\"}\n"}
,{"stream_name":"stdout","time":1766.68820589,"data":"{\"op\": \"nn.functional.local_response_norm\", \"dtype\": \"float16\", \"samples\": 3, \"diffs\": [], \"errors\": [], \"verdict\": \"ok\"}\n"}
,{"stream_name":"stdout","time":1766.688211361,"data":"{\"op\": \"nn.functional.local_response_norm\", \"dtype\": \"bfloat16\", \"samples\": 3, \"diffs\": [], \"errors\": [], \"verdict\": \"ok\"}\n"}
,{"stream_name":"stdout","time":1766.688216955,"data":"{\"op\": \"constant_pad_nd\", \"dtype\": \"float16\", \"samples\": 3, \"diffs\": [], \"errors\": [], \"verdict\": \"ok\"}\n"}
,{"stream_name":"stdout","time":1766.68822254,"data":"{\"op\": \"constant_pad_nd\", \"dtype\": \"bfloat16\", \"samples\": 3, \"diffs\": [], \"errors\": [], \"verdict\": \"ok\"}\n"}
,{"stream_name":"stdout","time":1766.688227851,"data":"{\"op\": \"nn.functional.pad\", \"dtype\": \"float16\", \"samples\": 3, \"diffs\": [], \"errors\": [], \"verdict\": \"ok\"}\n"}
,{"stream_name":"stdout","time":1766.688233342,"data":"{\"op\": \"nn.functional.pad\", \"dtype\": \"bfloat16\", \"samples\": 3, \"diffs\": [], \"errors\": [], \"verdict\": \"ok\"}\n"}
,{"stream_name":"stdout","time":1766.688239041,"data":"{\"op\": \"nn.functional.pad\", \"dtype\": \"float16\", \"samples\": 3, \"diffs\": [], \"errors\": [], \"verdict\": \"ok\"}\n"}
,{"stream_name":"stdout","time":1766.688244551,"data":"{\"op\": \"nn.functional.pad\", \"dtype\": \"bfloat16\", \"samples\": 3, \"diffs\": [], \"errors\": [], \"verdict\": \"ok\"}\n"}
,{"stream_name":"stdout","time":1766.688250065,"data":"{\"op\": \"nn.functional.pad\", \"dtype\": \"float16\", \"samples\": 3, \"diffs\": [], \"errors\": [], \"verdict\": \"ok\"}\n"}
,{"stream_name":"stdout","time":1766.688255448,"data":"{\"op\": \"nn.functional.pad\", \"dtype\": \"bfloat16\", \"samples\": 3, \"diffs\": [], \"errors\": [], \"verdict\": \"ok\"}\n"}
,{"stream_name":"stdout","time":1766.688261034,"data":"{\"op\": \"nn.functional.pad\", \"dtype\": \"float16\", \"samples\": 3, \"diffs\": [], \"errors\": [], \"verdict\": \"ok\"}\n"}
,{"stream_name":"stdout","time":1766.688275425,"data":"{\"op\": \"nn.functional.pad\", \"dtype\": \"bfloat16\", \"samples\": 3, \"diffs\": [], \"errors\": [], \"verdict\": \"ok\"}\n"}
,{"stream_name":"stdout","time":1766.688281286,"data":"{\"op\": \"nn.functional.pad\", \"dtype\": \"float16\", \"samples\": 3, \"diffs\": [], \"errors\": [], \"verdict\": \"ok\"}\n"}
,{"stream_name":"stdout","time":1766.688286814,"data":"{\"op\": \"nn.functional.pad\", \"dtype\": \"bfloat16\", \"samples\": 3, \"diffs\": [], \"errors\": [], \"verdict\": \"ok\"}\n"}
,{"stream_name":"stdout","time":1766.688292042,"data":"{\"op\": \"nn.functional.hardswish\", \"dtype\": \"float16\", \"samples\": 3, \"diffs\": [], \"errors\": [], \"verdict\": \"ok\"}\n"}
,{"stream_name":"stdout","time":1766.688297847,"data":"{\"op\": \"nn.functional.hardswish\", \"dtype\": \"bfloat16\", \"samples\": 3, \"diffs\": [], \"errors\": [], \"verdict\": \"ok\"}\n"}
,{"stream_name":"stdout","time":1766.688303167,"data":"{\"op\": \"nn.functional.unfold\", \"dtype\": \"float16\", \"samples\": 3, \"diffs\": [], \"errors\": [], \"verdict\": \"ok\"}\n"}
,{"stream_name":"stdout","time":1766.688308644,"data":"{\"op\": \"nn.functional.unfold\", \"dtype\": \"bfloat16\", \"samples\": 3, \"diffs\": [], \"errors\": [], \"verdict\": \"ok\"}\n"}
,{"stream_name":"stdout","time":1766.688314199,"data":"{\"op\": \"nn.functional.soft_margin_loss\", \"dtype\": \"float16\", \"samples\": 3, \"diffs\": [], \"errors\": [], \"verdict\": \"ok\"}\n"}
,{"stream_name":"stdout","time":1766.688319657,"data":"{\"op\": \"nn.functional.soft_margin_loss\", \"dtype\": \"bfloat16\", \"samples\": 3, \"diffs\": [], \"errors\": [], \"verdict\": \"ok\"}\n"}
,{"stream_name":"stdout","time":1766.688325196,"data":"{\"op\": \"nn.functional.margin_ranking_loss\", \"dtype\": \"float16\", \"samples\": 3, \"diffs\": [], \"errors\": [], \"verdict\": \"ok\"}\n"}
,{"stream_name":"stdout","time":1766.688347962,"data":"{\"op\": \"nn.functional.margin_ranking_loss\", \"dtype\": \"bfloat16\", \"samples\": 3, \"diffs\": [], \"errors\": [], \"verdict\": \"ok\"}\n"}
,{"stream_name":"stdout","time":1766.688353911,"data":"{\"op\": \"nn.functional.multilabel_soft_margin_loss\", \"dtype\": \"float16\", \"samples\": 3, \"diffs\": [], \"errors\": [], \"verdict\": \"ok\"}\n"}
,{"stream_name":"stdout","time":1766.688359734,"data":"{\"op\": \"nn.functional.multilabel_soft_margin_loss\", \"dtype\": \"bfloat16\", \"samples\": 3, \"diffs\": [], \"errors\": [], \"verdict\": \"ok\"}\n"}
,{"stream_name":"stdout","time":1766.688365591,"data":"{\"op\": \"nn.functional.avg_pool2d\", \"dtype\": \"float16\", \"samples\": 3, \"diffs\": [], \"errors\": [], \"verdict\": \"ok\"}\n"}
,{"stream_name":"stdout","time":1766.688369954,"data":"{\"op\": \"nn.functional.avg_pool2d\", \"dtype\": \"bfloat16\", \"samples\": 3, \"diffs\": [], \"errors\": [], \"verdict\": \"ok\"}\n"}
,{"stream_name":"stdout","time":1766.688374874,"data":"{\"op\": \"nn.functional.max_pool1d\", \"dtype\": \"float16\", \"samples\": 3, \"diffs\": [], \"errors\": [], \"verdict\": \"ok\"}\n"}
,{"stream_name":"stdout","time":1766.688380442,"data":"{\"op\": \"nn.functional.max_pool1d\", \"dtype\": \"bfloat16\", \"samples\": 3, \"diffs\": [], \"errors\": [], \"verdict\": \"ok\"}\n"}
,{"stream_name":"stdout","time":1766.688385963,"data":"{\"op\": \"nn.functional.max_pool2d\", \"dtype\": \"float16\", \"samples\": 3, \"diffs\": [], \"errors\": [], \"verdict\": \"ok\"}\n"}
,{"stream_name":"stdout","time":1766.688392976,"data":"{\"op\": \"nn.functional.max_pool2d\", \"dtype\": \"bfloat16\", \"samples\": 3, \"diffs\": [], \"errors\": [], \"verdict\": \"ok\"}\n"}
,{"stream_name":"stdout","time":1766.688398551,"data":"{\"op\": \"max_pool2d_with_indices_backward\", \"dtype\": \"float16\", \"samples\": 3, \"diffs\": [], \"errors\": [], \"verdict\": \"ok\"}\n"}
,{"stream_name":"stdout","time":1766.68840434,"data":"{\"op\": \"max_pool2d_with_indices_backward\", \"dtype\": \"bfloat16\", \"samples\": 3, \"diffs\": [], \"errors\": [], \"verdict\": \"ok\"}\n"}
,{"stream_name":"stdout","time":1766.688410039,"data":"{\"op\": \"nn.functional.max_pool3d\", \"dtype\": \"float16\", \"samples\": 3, \"diffs\": [{\"i\": 0, \"class\": \"VALUE\", \"detail\": \"value at [0, 0, 0, 0, 0]: eager 66 compiled 10\", \"repr\": \"SampleInput(input=tensor([[[[[-8.4766, -1.7656, -4.3242, -2.4004, -7.9492],\\n           [ 3.6113, -8.0703, -0.5737,  3.1289, -3.0332],\\n           [ 5.1055,  1.1348,  4.9492,  5.7734, -3.9727],\\n           [ 3.2715, -3.8945,  2.8203, -4.7031,  4.1641],\\n           [ 1.8223, -3.5215, -4.4141,  2.3281,  8\"}, {\"i\": 2, \"class\": \"VALUE\", \"detail\": \"value at [0, 1, 0, 0, 0]: eager 60 compiled 32\", \"repr\": \"SampleInput(input=tensor([[[[[-8.4766, -1.7656, -4.3242, -2.4004, -7.9492],\\n           [ 3.6113, -8.0703, -0.5737,  3.1289, -3.0332],\\n           [ 5.1055,  1.1348,  4.9492,  5.7734, -3.9727],\\n           [ 3.2715, -3.8945,  2.8203, -4.7031,  4.1641],\\n           [ 1.8223, -3.5215, -4.4141,  2.3281,  8\"}], \"errors\": [], \"verdict\": \"DIFF:VALUE\"}\n"}
,{"stream_name":"stdout","time":1766.688421581,"data":"{\"op\": \"nn.functional.max_pool3d\", \"dtype\": \"bfloat16\", \"samples\": 3, \"diffs\": [{\"i\": 0, \"class\": \"VALUE\", \"detail\": \"value at [0, 0, 0, 0, 0]: eager 66 compiled 10\", \"repr\": \"SampleInput(input=tensor([[[[[-8.5000, -1.7656, -4.3125, -2.4062, -7.9375],\\n           [ 3.6094, -8.0625, -0.5742,  3.1250, -3.0312],\\n           [ 5.0938,  1.1328,  4.9375,  5.7812, -3.9688],\\n           [ 3.2656, -3.8906,  2.8281, -4.6875,  4.1562],\\n           [ 1.8203, -3.5156, -4.4062,  2.3281,  8\"}, {\"i\": 2, \"class\": \"VALUE\", \"detail\": \"value at [0, 1, 0, 0, 0]: eager 60 compiled 32\", \"repr\": \"SampleInput(input=tensor([[[[[-8.5000, -1.7656, -4.3125, -2.4062, -7.9375],\\n           [ 3.6094, -8.0625, -0.5742,  3.1250, -3.0312],\\n           [ 5.0938,  1.1328,  4.9375,  5.7812, -3.9688],\\n           [ 3.2656, -3.8906,  2.8281, -4.6875,  4.1562],\\n           [ 1.8203, -3.5156, -4.4062,  2.3281,  8\"}], \"errors\": [], \"verdict\": \"DIFF:VALUE\"}\n"}
,{"stream_name":"stdout","time":1766.688436373,"data":"{\"op\": \"nn.functional.linear\", \"dtype\": \"float16\", \"samples\": 3, \"diffs\": [], \"errors\": [], \"verdict\": \"ok\"}\n"}
,{"stream_name":"stdout","time":1766.688441964,"data":"{\"op\": \"nn.functional.linear\", \"dtype\": \"bfloat16\", \"samples\": 3, \"diffs\": [], \"errors\": [], \"verdict\": \"ok\"}\n"}
,{"stream_name":"stdout","time":1766.688487729,"data":"{\"op\": \"nn.functional.bilinear\", \"dtype\": \"float16\", \"samples\": 3, \"diffs\": [], \"errors\": [], \"verdict\": \"ok\"}\n"}
,{"stream_name":"stdout","time":1766.688493492,"data":"{\"op\": \"nn.functional.bilinear\", \"dtype\": \"bfloat16\", \"samples\": 3, \"diffs\": [], \"errors\": [], \"verdict\": \"ok\"}\n"}
,{"stream_name":"stdout","time":1766.688499087,"data":"{\"op\": \"torch.ops.aten._safe_softmax.default\", \"dtype\": \"float16\", \"samples\": 3, \"diffs\": [], \"errors\": [], \"verdict\": \"ok\"}\n"}
,{"stream_name":"stdout","time":1766.688504887,"data":"{\"op\": \"torch.ops.aten._safe_softmax.default\", \"dtype\": \"bfloat16\", \"samples\": 3, \"diffs\": [], \"errors\": [], \"verdict\": \"ok\"}\n"}
,{"stream_name":"stdout","time":1766.688510681,"data":"{\"op\": \"nn.functional.scaled_dot_product_attention\", \"dtype\": \"float16\", \"samples\": 3, \"diffs\": [], \"errors\": [], \"verdict\": \"ok\"}\n"}
,{"stream_name":"stdout","time":1766.688516886,"data":"{\"op\": \"nn.functional.scaled_dot_product_attention\", \"dtype\": \"bfloat16\", \"samples\": 3, \"diffs\": [], \"errors\": [], \"verdict\": \"ok\"}\n"}
,{"stream_name":"stdout","time":1766.688523309,"data":"{\"op\": \"torch.ops.aten._scaled_dot_product_flash_attention_for_cpu\", \"dtype\": \"float16\", \"samples\": 3, \"diffs\": [], \"errors\": [], \"verdict\": \"ok\"}\n"}
,{"stream_name":"stdout","time":1766.688529158,"data":"{\"op\": \"torch.ops.aten._scaled_dot_product_flash_attention_for_cpu\", \"dtype\": \"bfloat16\", \"samples\": 3, \"diffs\": [], \"errors\": [], \"verdict\": \"ok\"}\n"}
,{"stream_name":"stdout","time":1766.688535276,"data":"{\"op\": \"nn.functional.hardsigmoid\", \"dtype\": \"float16\", \"samples\": 3, \"diffs\": [], \"errors\": [], \"verdict\": \"ok\"}\n"}
,{"stream_name":"stdout","time":1766.688539614,"data":"{\"op\": \"nn.functional.hardsigmoid\", \"dtype\": \"bfloat16\", \"samples\": 3, \"diffs\": [], \"errors\": [], \"verdict\": \"ok\"}\n"}
,{"stream_name":"stdout","time":1766.688546904,"data":"{\"op\": \"nn.functional.logsigmoid\", \"dtype\": \"float16\", \"samples\": 3, \"diffs\": [], \"errors\": [], \"verdict\": \"ok\"}\n"}
,{"stream_name":"stdout","time":1766.688552247,"data":"{\"op\": \"nn.functional.logsigmoid\", \"dtype\": \"bfloat16\", \"samples\": 3, \"diffs\": [], \"errors\": [], \"verdict\": \"ok\"}\n"}
,{"stream_name":"stdout","time":1766.688557696,"data":"{\"op\": \"nn.functional.mish\", \"dtype\": \"float16\", \"samples\": 3, \"diffs\": [], \"errors\": [], \"verdict\": \"ok\"}\n"}
,{"stream_name":"stdout","time":1766.688563477,"data":"{\"op\": \"nn.functional.mish\", \"dtype\": \"bfloat16\", \"samples\": 3, \"diffs\": [], \"errors\": [], \"verdict\": \"ok\"}\n"}
,{"stream_name":"stdout","time":1766.688569151,"data":"{\"op\": \"nn.functional.softsign\", \"dtype\": \"float16\", \"samples\": 3, \"diffs\": [], \"errors\": [], \"verdict\": \"ok\"}\n"}
,{"stream_name":"stdout","time":1766.688574713,"data":"{\"op\": \"nn.functional.softsign\", \"dtype\": \"bfloat16\", \"samples\": 3, \"diffs\": [], \"errors\": [], \"verdict\": \"ok\"}\n"}
,{"stream_name":"stdout","time":1766.688585185,"data":"{\"op\": \"nn.functional.tanhshrink\", \"dtype\": \"float16\", \"samples\": 3, \"diffs\": [], \"errors\": [], \"verdict\": \"ok\"}\n"}
,{"stream_name":"stdout","time":1766.688590761,"data":"{\"op\": \"nn.functional.tanhshrink\", \"dtype\": \"bfloat16\", \"samples\": 3, \"diffs\": [], \"errors\": [], \"verdict\": \"ok\"}\n"}
,{"stream_name":"stdout","time":1766.688596307,"data":"{\"op\": \"nn.functional.threshold\", \"dtype\": \"float16\", \"samples\": 3, \"diffs\": [], \"errors\": [], \"verdict\": \"ok\"}\n"}
,{"stream_name":"stdout","time":1766.68860175,"data":"{\"op\": \"nn.functional.threshold\", \"dtype\": \"bfloat16\", \"samples\": 3, \"diffs\": [], \"errors\": [], \"verdict\": \"ok\"}\n"}
,{"stream_name":"stdout","time":1766.688607262,"data":"{\"op\": \"nn.functional.triplet_margin_loss\", \"dtype\": \"float16\", \"samples\": 3, \"diffs\": [], \"errors\": [], \"verdict\": \"ok\"}\n"}
,{"stream_name":"stdout","time":1766.688612794,"data":"{\"op\": \"nn.functional.triplet_margin_loss\", \"dtype\": \"bfloat16\", \"samples\": 3, \"diffs\": [], \"errors\": [], \"verdict\": \"ok\"}\n"}
,{"stream_name":"stdout","time":1766.688618427,"data":"{\"op\": \"nn.functional.triplet_margin_with_distance_loss\", \"dtype\": \"float16\", \"samples\": 3, \"diffs\": [], \"errors\": [], \"verdict\": \"ok\"}\n"}
,{"stream_name":"stdout","time":1766.688624119,"data":"{\"op\": \"nn.functional.triplet_margin_with_distance_loss\", \"dtype\": \"bfloat16\", \"samples\": 3, \"diffs\": [], \"errors\": [], \"verdict\": \"ok\"}\n"}
,{"stream_name":"stdout","time":1766.68862961,"data":"{\"op\": \"nextafter\", \"dtype\": \"float16\", \"samples\": 3, \"diffs\": [], \"errors\": [], \"verdict\": \"ok\"}\n"}
,{"stream_name":"stdout","time":1766.688635019,"data":"{\"op\": \"nextafter\", \"dtype\": \"bfloat16\", \"samples\": 3, \"diffs\": [], \"errors\": [], \"verdict\": \"ok\"}\n"}
,{"stream_name":"stdout","time":1766.688639894,"data":"{\"op\": \"to\", \"dtype\": \"float16\", \"samples\": 3, \"diffs\": [], \"errors\": [], \"verdict\": \"ok\"}\n"}
,{"stream_name":"stdout","time":1766.68864545,"data":"{\"op\": \"to\", \"dtype\": \"bfloat16\", \"samples\": 3, \"diffs\": [], \"errors\": [], \"verdict\": \"ok\"}\n"}
,{"stream_name":"stdout","time":1766.688650542,"data":"{\"op\": \"nn.functional.batch_norm\", \"dtype\": \"float16\", \"samples\": 3, \"diffs\": [], \"errors\": [], \"verdict\": \"ok\"}\n"}
,{"stream_name":"stdout","time":1766.688656771,"data":"{\"op\": \"nn.functional.batch_norm\", \"dtype\": \"bfloat16\", \"samples\": 3, \"diffs\": [{\"i\": 1, \"class\": \"VALUE\", \"detail\": \"nan pattern at [1, 0, 3]: eager 0.0 compiled nan\", \"repr\": \"SampleInput(input=tensor([[[ 3.1250, -3.0312,  5.0938,  1.1328],\\n         [ 4.9375,  5.7812, -3.9688,  3.2656]],\\n\\n        [[-3.8906,  2.8281, -4.6875,  4.1562],\\n         [ 1.8203, -3.5156, -4.4062,  2.3281]],\\n\\n        [[ 8.3750,  4.3125, -0.8672, -0.4375],\\n         [ 5.1250, -6.2500,  2.9844, -2.984\"}], \"errors\": [], \"verdict\": \"DIFF:VALUE\"}\n"}
,{"stream_name":"stdout","time":1766.688664767,"data":"{\"op\": \"nn.functional.binary_cross_entropy\", \"dtype\": \"float16\", \"samples\": 3, \"diffs\": [{\"i\": 2, \"class\": \"SILENT\", \"detail\": \"eager raises RuntimeError, compiled returns\"}], \"errors\": [], \"verdict\": \"DIFF:SILENT\"}\n"}
,{"stream_name":"stdout","time":1766.688671398,"data":"{\"op\": \"nn.functional.binary_cross_entropy\", \"dtype\": \"bfloat16\", \"samples\": 3, \"diffs\": [{\"i\": 2, \"class\": \"SILENT\", \"detail\": \"eager raises RuntimeError, compiled returns\"}], \"errors\": [], \"verdict\": \"DIFF:SILENT\"}\n"}
,{"stream_name":"stdout","time":1766.688678012,"data":"{\"op\": \"igamma\", \"dtype\": \"float16\", \"samples\": 3, \"diffs\": [], \"errors\": [], \"verdict\": \"ok\"}\n"}
,{"stream_name":"stdout","time":1766.688687479,"data":"{\"op\": \"igamma\", \"dtype\": \"bfloat16\", \"samples\": 3, \"diffs\": [], \"errors\": [], \"verdict\": \"ok\"}\n"}
,{"stream_name":"stdout","time":1766.68869296,"data":"{\"op\": \"igammac\", \"dtype\": \"float16\", \"samples\": 3, \"diffs\": [], \"errors\": [], \"verdict\": \"ok\"}\n"}
,{"stream_name":"stdout","time":1766.68869836,"data":"{\"op\": \"igammac\", \"dtype\": \"bfloat16\", \"samples\": 3, \"diffs\": [], \"errors\": [], \"verdict\": \"ok\"}\n"}
,{"stream_name":"stdout","time":1766.688703989,"data":"{\"op\": \"nn.functional.softshrink\", \"dtype\": \"float16\", \"samples\": 3, \"diffs\": [], \"errors\": [], \"verdict\": \"ok\"}\n"}
,{"stream_name":"stdout","time":1766.688709467,"data":"{\"op\": \"nn.functional.softshrink\", \"dtype\": \"bfloat16\", \"samples\": 3, \"diffs\": [], \"errors\": [], \"verdict\": \"ok\"}\n"}
,{"stream_name":"stdout","time":1766.688715099,"data":"{\"op\": \"nn.functional.hardshrink\", \"dtype\": \"float16\", \"samples\": 3, \"diffs\": [], \"errors\": [], \"verdict\": \"ok\"}\n"}
,{"stream_name":"stdout","time":1766.688720481,"data":"{\"op\": \"nn.functional.hardshrink\", \"dtype\": \"bfloat16\", \"samples\": 3, \"diffs\": [], \"errors\": [], \"verdict\": \"ok\"}\n"}
,{"stream_name":"stdout","time":1766.68872695,"data":"{\"op\": \"nn.functional.hardtanh\", \"dtype\": \"float16\", \"samples\": 3, \"diffs\": [{\"i\": 1, \"class\": \"SIGNZERO\", \"detail\": \"sign of zero\", \"repr\": \"SampleInput(input=tensor([[-8.4766, -1.7656, -4.3242, -2.4004, -7.9492],\\n        [ 3.6113, -8.0703, -0.5737,  3.1289, -3.0332],\\n        [ 5.1055,  1.1348,  4.9492,  5.7734, -3.9727],\\n        [ 3.2715, -3.8945,  2.8203, -4.7031,  4.1641],\\n        [ 1.8223, -3.5215, -4.4141,  2.3281,  8.3984]], dtype=\"}], \"errors\": [], \"verdict\": \"DIFF:SIGNZERO\"}\n"}
,{"stream_name":"stdout","time":1766.688734176,"data":"{\"op\": \"nn.functional.hardtanh\", \"dtype\": \"bfloat16\", \"samples\": 3, \"diffs\": [{\"i\": 1, \"class\": \"SIGNZERO\", \"detail\": \"sign of zero\", \"repr\": \"SampleInput(input=tensor([[-8.5000, -1.7656, -4.3125, -2.4062, -7.9375],\\n        [ 3.6094, -8.0625, -0.5742,  3.1250, -3.0312],\\n        [ 5.0938,  1.1328,  4.9375,  5.7812, -3.9688],\\n        [ 3.2656, -3.8906,  2.8281, -4.6875,  4.1562],\\n        [ 1.8203, -3.5156, -4.4062,  2.3281,  8.3750]], dtype=\"}], \"errors\": [], \"verdict\": \"DIFF:SIGNZERO\"}\n"}
,{"stream_name":"stdout","time":1766.688742282,"data":"{\"op\": \"mm\", \"dtype\": \"float16\", \"samples\": 3, \"diffs\": [], \"errors\": [], \"verdict\": \"ok\"}\n"}
,{"stream_name":"stdout","time":1766.688747489,"data":"{\"op\": \"mm\", \"dtype\": \"bfloat16\", \"samples\": 3, \"diffs\": [], \"errors\": [], \"verdict\": \"ok\"}\n"}
,{"stream_name":"stdout","time":1766.688753034,"data":"{\"op\": \"mvlgamma\", \"dtype\": \"float16\", \"samples\": 3, \"diffs\": [{\"i\": 2, \"class\": \"VALUE\", \"detail\": \"inf at [2, 3]: eager inf compiled 22.390625\", \"repr\": \"SampleInput(input=tensor([[1.2334, 4.2148, 3.0801, 3.9336, 1.4678],\\n        [6.6055, 1.4160, 4.7461, 6.3906, 3.6523],\\n        [7.2695, 5.5039, 7.1992, 7.5664, 3.2363],\\n        [6.4531, 3.2715, 6.2539, 2.9121, 6.8516],\\n        [5.8125, 3.4355, 3.0391, 6.0352, 8.7344]], dtype=torch.float16), args=(3,)\"}], \"errors\": [], \"verdict\": \"DIFF:VALUE\"}\n"}
,{"stream_name":"stdout","time":1766.688760883,"data":"{\"op\": \"mvlgamma\", \"dtype\": \"bfloat16\", \"samples\": 3, \"diffs\": [{\"i\": 2, \"class\": \"VALUE\", \"detail\": \"inf at [4, 4]: eager inf compiled 16.75\", \"repr\": \"SampleInput(input=tensor([[1.2500, 4.2188, 3.0938, 3.9375, 1.4844],\\n        [6.6250, 1.4297, 4.7500, 6.4062, 3.6562],\\n        [7.2812, 5.5000, 7.1875, 7.5625, 3.2500],\\n        [6.4688, 3.2812, 6.2500, 2.9219, 6.8438],\\n        [5.8125, 3.4531, 3.0469, 6.0312, 8.7500]], dtype=torch.bfloat16), args=(3,\"}], \"errors\": [], \"verdict\": \"DIFF:VALUE\"}\n"}
,{"stream_name":"stdout","time":1766.688773119,"data":"{\"op\": \"mvlgamma\", \"dtype\": \"float16\", \"samples\": 3, \"diffs\": [{\"i\": 2, \"class\": \"VALUE\", \"detail\": \"inf at [2, 3]: eager inf compiled 22.390625\", \"repr\": \"SampleInput(input=tensor([[1.2334, 4.2148, 3.0801, 3.9336, 1.4678],\\n        [6.6055, 1.4160, 4.7461, 6.3906, 3.6523],\\n        [7.2695, 5.5039, 7.1992, 7.5664, 3.2363],\\n        [6.4531, 3.2715, 6.2539, 2.9121, 6.8516],\\n        [5.8125, 3.4355, 3.0391, 6.0352, 8.7344]], dtype=torch.float16), args=(3,)\"}], \"errors\": [], \"verdict\": \"DIFF:VALUE\"}\n"}
,{"stream_name":"stdout","time":1766.688781517,"data":"{\"op\": \"mvlgamma\", \"dtype\": \"bfloat16\", \"samples\": 3, \"diffs\": [{\"i\": 2, \"class\": \"VALUE\", \"detail\": \"inf at [4, 4]: eager inf compiled 16.75\", \"repr\": \"SampleInput(input=tensor([[1.2500, 4.2188, 3.0938, 3.9375, 1.4844],\\n        [6.6250, 1.4297, 4.7500, 6.4062, 3.6562],\\n        [7.2812, 5.5000, 7.1875, 7.5625, 3.2500],\\n        [6.4688, 3.2812, 6.2500, 2.9219, 6.8438],\\n        [5.8125, 3.4531, 3.0469, 6.0312, 8.7500]], dtype=torch.bfloat16), args=(3,\"}], \"errors\": [], \"verdict\": \"DIFF:VALUE\"}\n"}
,{"stream_name":"stdout","time":1766.688789549,"data":"{\"op\": \"mvlgamma\", \"dtype\": \"float16\", \"samples\": 3, \"diffs\": [{\"i\": 2, \"class\": \"VALUE\", \"detail\": \"inf at [2, 3]: eager inf compiled 22.390625\", \"repr\": \"SampleInput(input=tensor([[1.2334, 4.2148, 3.0801, 3.9336, 1.4678],\\n        [6.6055, 1.4160, 4.7461, 6.3906, 3.6523],\\n        [7.2695, 5.5039, 7.1992, 7.5664, 3.2363],\\n        [6.4531, 3.2715, 6.2539, 2.9121, 6.8516],\\n        [5.8125, 3.4355, 3.0391, 6.0352, 8.7344]], dtype=torch.float16), args=(3,)\"}], \"errors\": [], \"verdict\": \"DIFF:VALUE\"}\n"}
,{"stream_name":"stdout","time":1766.688797665,"data":"{\"op\": \"mvlgamma\", \"dtype\": \"bfloat16\", \"samples\": 3, \"diffs\": [{\"i\": 2, \"class\": \"VALUE\", \"detail\": \"inf at [4, 4]: eager inf compiled 16.75\", \"repr\": \"SampleInput(input=tensor([[1.2500, 4.2188, 3.0938, 3.9375, 1.4844],\\n        [6.6250, 1.4297, 4.7500, 6.4062, 3.6562],\\n        [7.2812, 5.5000, 7.1875, 7.5625, 3.2500],\\n        [6.4688, 3.2812, 6.2500, 2.9219, 6.8438],\\n        [5.8125, 3.4531, 3.0469, 6.0312, 8.7500]], dtype=torch.bfloat16), args=(3,\"}], \"errors\": [], \"verdict\": \"DIFF:VALUE\"}\n"}
,{"stream_name":"stdout","time":1766.688805547,"data":"{\"op\": \"ne\", \"dtype\": \"float16\", \"samples\": 3, \"diffs\": [], \"errors\": [], \"verdict\": \"ok\"}\n"}
,{"stream_name":"stdout","time":1766.688810993,"data":"{\"op\": \"ne\", \"dtype\": \"bfloat16\", \"samples\": 3, \"diffs\": [], \"errors\": [], \"verdict\": \"ok\"}\n"}
,{"stream_name":"stdout","time":1766.688816292,"data":"{\"op\": \"narrow\", \"dtype\": \"float16\", \"samples\": 3, \"diffs\": [], \"errors\": [], \"verdict\": \"ok\"}\n"}
,{"stream_name":"stdout","time":1766.688821747,"data":"{\"op\": \"narrow\", \"dtype\": \"bfloat16\", \"samples\": 3, \"diffs\": [], \"errors\": [], \"verdict\": \"ok\"}\n"}
,{"stream_name":"stdout","time":1766.688827161,"data":"{\"op\": \"narrow_copy\", \"dtype\": \"float16\", \"samples\": 3, \"diffs\": [], \"errors\": [], \"verdict\": \"ok\"}\n"}
,{"stream_name":"stdout","time":1766.688833122,"data":"{\"op\": \"narrow_copy\", \"dtype\": \"bfloat16\", \"samples\": 3, \"diffs\": [], \"errors\": [], \"verdict\": \"ok\"}\n"}
,{"stream_name":"stdout","time":1766.688838629,"data":"{\"op\": \"view_copy\", \"dtype\": \"float16\", \"samples\": 3, \"diffs\": [], \"errors\": [], \"verdict\": \"ok\"}\n"}
,{"stream_name":"stdout","time":1766.688843859,"data":"{\"op\": \"view_copy\", \"dtype\": \"bfloat16\", \"samples\": 3, \"diffs\": [], \"errors\": [], \"verdict\": \"ok\"}\n"}
,{"stream_name":"stdout","time":1766.688849209,"data":"{\"op\": \"neg\", \"dtype\": \"float16\", \"samples\": 1, \"diffs\": [], \"errors\": [], \"verdict\": \"ok\"}\n"}
,{"stream_name":"stdout","time":1766.688860861,"data":"{\"op\": \"neg\", \"dtype\": \"bfloat16\", \"samples\": 1, \"diffs\": [], \"errors\": [], \"verdict\": \"ok\"}\n"}
,{"stream_name":"stdout","time":1766.688866447,"data":"{\"op\": \"dist\", \"dtype\": \"float16\", \"samples\": 3, \"diffs\": [], \"errors\": [], \"verdict\": \"ok\"}\n"}
,{"stream_name":"stdout","time":1766.688871817,"data":"{\"op\": \"dist\", \"dtype\": \"bfloat16\", \"samples\": 3, \"diffs\": [], \"errors\": [], \"verdict\": \"ok\"}\n"}
,{"stream_name":"stdout","time":1766.688877211,"data":"{\"op\": \"outer\", \"dtype\": \"float16\", \"samples\": 1, \"diffs\": [], \"errors\": [], \"verdict\": \"ok\"}\n"}
,{"stream_name":"stdout","time":1766.688882597,"data":"{\"op\": \"outer\", \"dtype\": \"bfloat16\", \"samples\": 1, \"diffs\": [], \"errors\": [], \"verdict\": \"ok\"}\n"}
,{"stream_name":"stdout","time":1766.688887977,"data":"{\"op\": \"permute\", \"dtype\": \"float16\", \"samples\": 3, \"diffs\": [], \"errors\": [], \"verdict\": \"ok\"}\n"}
,{"stream_name":"stdout","time":1766.688893399,"data":"{\"op\": \"permute\", \"dtype\": \"bfloat16\", \"samples\": 3, \"diffs\": [], \"errors\": [], \"verdict\": \"ok\"}\n"}
,{"stream_name":"stdout","time":1766.688899069,"data":"{\"op\": \"permute_copy\", \"dtype\": \"float16\", \"samples\": 3, \"diffs\": [], \"errors\": [], \"verdict\": \"ok\"}\n"}
,{"stream_name":"stdout","time":1766.688904533,"data":"{\"op\": \"permute_copy\", \"dtype\": \"bfloat16\", \"samples\": 3, \"diffs\": [], \"errors\": [], \"verdict\": \"ok\"}\n"}
,{"stream_name":"stdout","time":1766.688909892,"data":"{\"op\": \"pow\", \"dtype\": \"float16\", \"samples\": 3, \"diffs\": [], \"errors\": [], \"verdict\": \"ok\"}\n"}
,{"stream_name":"stdout","time":1766.688915258,"data":"{\"op\": \"pow\", \"dtype\": \"bfloat16\", \"samples\": 3, \"diffs\": [], \"errors\": [], \"verdict\": \"ok\"}\n"}
,{"stream_name":"stdout","time":1766.688920817,"data":"{\"op\": \"float_power\", \"dtype\": \"float16\", \"samples\": 3, \"diffs\": [], \"errors\": [], \"verdict\": \"ok\"}\n"}
,{"stream_name":"stdout","time":1766.688925627,"data":"{\"op\": \"float_power\", \"dtype\": \"bfloat16\", \"samples\": 3, \"diffs\": [], \"errors\": [], \"verdict\": \"ok\"}\n"}
,{"stream_name":"stdout","time":1766.688930625,"data":"{\"op\": \"rad2deg\", \"dtype\": \"float16\", \"samples\": 1, \"diffs\": [], \"errors\": [], \"verdict\": \"ok\"}\n"}
,{"stream_name":"stdout","time":1766.688935714,"data":"{\"op\": \"rad2deg\", \"dtype\": \"bfloat16\", \"samples\": 1, \"diffs\": [], \"errors\": [], \"verdict\": \"ok\"}\n"}
,{"stream_name":"stdout","time":1766.688940449,"data":"{\"op\": \"real\", \"dtype\": \"float16\", \"samples\": 3, \"diffs\": [], \"errors\": [], \"verdict\": \"ok\"}\n"}
,{"stream_name":"stdout","time":1766.688945749,"data":"{\"op\": \"real\", \"dtype\": \"bfloat16\", \"samples\": 3, \"diffs\": [], \"errors\": [], \"verdict\": \"ok\"}\n"}
,{"stream_name":"stdout","time":1766.688951856,"data":"{\"op\": \"roll\", \"dtype\": \"float16\", \"samples\": 3, \"diffs\": [], \"errors\": [], \"verdict\": \"ok\"}\n"}
,{"stream_name":"stdout","time":1766.688956867,"data":"{\"op\": \"roll\", \"dtype\": \"bfloat16\", \"samples\": 3, \"diffs\": [], \"errors\": [], \"verdict\": \"ok\"}\n"}
,{"stream_name":"stdout","time":1766.688962249,"data":"{\"op\": \"rot90\", \"dtype\": \"float16\", \"samples\": 3, \"diffs\": [], \"errors\": [], \"verdict\": \"ok\"}\n"}
,{"stream_name":"stdout","time":1766.688967759,"data":"{\"op\": \"rot90\", \"dtype\": \"bfloat16\", \"samples\": 3, \"diffs\": [], \"errors\": [], \"verdict\": \"ok\"}\n"}
,{"stream_name":"stdout","time":1766.688973207,"data":"{\"op\": \"round\", \"dtype\": \"float16\", \"samples\": 1, \"diffs\": [], \"errors\": [], \"verdict\": \"ok\"}\n"}
,{"stream_name":"stdout","time":1766.688982911,"data":"{\"op\": \"round\", \"dtype\": \"bfloat16\", \"samples\": 1, \"diffs\": [], \"errors\": [], \"verdict\": \"ok\"}\n"}
,{"stream_name":"stdout","time":1766.688988349,"data":"{\"op\": \"round\", \"dtype\": \"float16\", \"samples\": 3, \"diffs\": [], \"errors\": [], \"verdict\": \"ok\"}\n"}
,{"stream_name":"stdout","time":1766.688993681,"data":"{\"op\": \"round\", \"dtype\": \"bfloat16\", \"samples\": 3, \"diffs\": [], \"errors\": [], \"verdict\": \"ok\"}\n"}
,{"stream_name":"stdout","time":1766.688999249,"data":"{\"op\": \"round\", \"dtype\": \"bfloat16\", \"samples\": 3, \"diffs\": [], \"errors\": [], \"verdict\": \"ok\"}\n"}
,{"stream_name":"stdout","time":1766.689004559,"data":"{\"op\": \"round\", \"dtype\": \"bfloat16\", \"samples\": 3, \"diffs\": [], \"errors\": [], \"verdict\": \"ok\"}\n"}
,{"stream_name":"stdout","time":1766.689009956,"data":"{\"op\": \"sin\", \"dtype\": \"float16\", \"samples\": 1, \"diffs\": [], \"errors\": [], \"verdict\": \"ok\"}\n"}
,{"stream_name":"stdout","time":1766.689015439,"data":"{\"op\": \"sin\", \"dtype\": \"bfloat16\", \"samples\": 1, \"diffs\": [], \"errors\": [], \"verdict\": \"ok\"}\n"}
,{"stream_name":"stdout","time":1766.689021239,"data":"{\"op\": \"sinc\", \"dtype\": \"float16\", \"samples\": 3, \"diffs\": [], \"errors\": [], \"verdict\": \"ok\"}\n"}
,{"stream_name":"stdout","time":1766.689025365,"data":"{\"op\": \"sinc\", \"dtype\": \"bfloat16\", \"samples\": 3, \"diffs\": [], \"errors\": [], \"verdict\": \"ok\"}\n"}
,{"stream_name":"stdout","time":1766.689031324,"data":"{\"op\": \"sinh\", \"dtype\": \"float16\", \"samples\": 1, \"diffs\": [], \"errors\": [], \"verdict\": \"ok\"}\n"}
,{"stream_name":"stdout","time":1766.689036701,"data":"{\"op\": \"sinh\", \"dtype\": \"bfloat16\", \"samples\": 1, \"diffs\": [], \"errors\": [], \"verdict\": \"ok\"}\n"}
,{"stream_name":"stdout","time":1766.689042071,"data":"{\"op\": \"sign\", \"dtype\": \"float16\", \"samples\": 1, \"diffs\": [], \"errors\": [], \"verdict\": \"ok\"}\n"}
,{"stream_name":"stdout","time":1766.689047254,"data":"{\"op\": \"sign\", \"dtype\": \"bfloat16\", \"samples\": 1, \"diffs\": [], \"errors\": [], \"verdict\": \"ok\"}\n"}
,{"stream_name":"stdout","time":1766.689052162,"data":"{\"op\": \"sgn\", \"dtype\": \"float16\", \"samples\": 1, \"diffs\": [], \"errors\": [], \"verdict\": \"ok\"}\n"}
,{"stream_name":"stdout","time":1766.689057479,"data":"{\"op\": \"sgn\", \"dtype\": \"bfloat16\", \"samples\": 1, \"diffs\": [], \"errors\": [], \"verdict\": \"ok\"}\n"}
,{"stream_name":"stdout","time":1766.689062844,"data":"{\"op\": \"split\", \"dtype\": \"float16\", \"samples\": 2, \"diffs\": [], \"errors\": [], \"verdict\": \"ok\"}\n"}
,{"stream_name":"stdout","time":1766.689068352,"data":"{\"op\": \"split\", \"dtype\": \"bfloat16\", \"samples\": 2, \"diffs\": [], \"errors\": [], \"verdict\": \"ok\"}\n"}
,{"stream_name":"stdout","time":1766.689074329,"data":"{\"op\": \"split\", \"dtype\": \"float16\", \"samples\": 3, \"diffs\": [], \"errors\": [], \"verdict\": \"ok\"}\n"}
,{"stream_name":"stdout","time":1766.689079719,"data":"{\"op\": \"split\", \"dtype\": \"bfloat16\", \"samples\": 3, \"diffs\": [], \"errors\": [], \"verdict\": \"ok\"}\n"}
,{"stream_name":"stdout","time":1766.689085114,"data":"{\"op\": \"unsafe_split\", \"dtype\": \"float16\", \"samples\": 2, \"diffs\": [], \"errors\": [], \"verdict\": \"ok\"}\n"}
,{"stream_name":"stdout","time":1766.689090596,"data":"{\"op\": \"unsafe_split\", \"dtype\": \"bfloat16\", \"samples\": 2, \"diffs\": [], \"errors\": [], \"verdict\": \"ok\"}\n"}
,{"stream_name":"stdout","time":1766.689096021,"data":"{\"op\": \"split_with_sizes\", \"dtype\": \"float16\", \"samples\": 3, \"diffs\": [], \"errors\": [], \"verdict\": \"ok\"}\n"}
,{"stream_name":"stdout","time":1766.689101421,"data":"{\"op\": \"split_with_sizes\", \"dtype\": \"bfloat16\", \"samples\": 3, \"diffs\": [], \"errors\": [], \"verdict\": \"ok\"}\n"}
,{"stream_name":"stdout","time":1766.689111262,"data":"{\"op\": \"split_with_sizes_copy\", \"dtype\": \"float16\", \"samples\": 3, \"diffs\": [], \"errors\": [], \"verdict\": \"ok\"}\n"}
,{"stream_name":"stdout","time":1766.689117337,"data":"{\"op\": \"split_with_sizes_copy\", \"dtype\": \"bfloat16\", \"samples\": 3, \"diffs\": [], \"errors\": [], \"verdict\": \"ok\"}\n"}
,{"stream_name":"stdout","time":1766.689121867,"data":"{\"op\": \"__radd__\", \"dtype\": \"float16\", \"samples\": 3, \"diffs\": [], \"errors\": [], \"verdict\": \"ok\"}\n"}
,{"stream_name":"stdout","time":1766.689127159,"data":"{\"op\": \"__radd__\", \"dtype\": \"bfloat16\", \"samples\": 3, \"diffs\": [], \"errors\": [], \"verdict\": \"ok\"}\n"}
,{"stream_name":"stdout","time":1766.689132665,"data":"{\"op\": \"__rdiv__\", \"dtype\": \"float16\", \"samples\": 3, \"diffs\": [], \"errors\": [], \"verdict\": \"ok\"}\n"}
,{"stream_name":"stdout","time":1766.689137634,"data":"{\"op\": \"__rdiv__\", \"dtype\": \"bfloat16\", \"samples\": 3, \"diffs\": [], \"errors\": [], \"verdict\": \"ok\"}\n"}
,{"stream_name":"stdout","time":1766.689142766,"data":"{\"op\": \"__rmul__\", \"dtype\": \"float16\", \"samples\": 3, \"diffs\": [], \"errors\": [], \"verdict\": \"ok\"}\n"}
,{"stream_name":"stdout","time":1766.689147803,"data":"{\"op\": \"__rmul__\", \"dtype\": \"bfloat16\", \"samples\": 3, \"diffs\": [], \"errors\": [], \"verdict\": \"ok\"}\n"}
,{"stream_name":"stdout","time":1766.689153154,"data":"{\"op\": \"__rmatmul__\", \"dtype\": \"float16\", \"samples\": 3, \"diffs\": [], \"errors\": [], \"verdict\": \"ok\"}\n"}
,{"stream_name":"stdout","time":1766.689158534,"data":"{\"op\": \"__rmatmul__\", \"dtype\": \"bfloat16\", \"samples\": 3, \"diffs\": [], \"errors\": [], \"verdict\": \"ok\"}\n"}
,{"stream_name":"stdout","time":1766.689164041,"data":"{\"op\": \"__rmod__\", \"dtype\": \"float16\", \"samples\": 3, \"diffs\": [{\"i\": 2, \"class\": \"SIGNZERO\", \"detail\": \"sign of zero\", \"repr\": \"SampleInput(input=tensor([[-8.4766],\\n        [-1.7656],\\n        [-4.3242],\\n        [-2.4004],\\n        [-7.9492]], dtype=torch.float16), args=(tensor([ 3.6113, -8.0703, -0.5737,  3.1289, -3.0332], dtype=torch.float16),), kwargs={}, broadcasts_input=True, name='')\"}], \"errors\": [], \"verdict\": \"DIFF:SIGNZERO\"}\n"}
,{"stream_name":"stdout","time":1766.689172494,"data":"{\"op\": \"__rmod__\", \"dtype\": \"bfloat16\", \"samples\": 3, \"diffs\": [{\"i\": 2, \"class\": \"SIGNZERO\", \"detail\": \"sign of zero\", \"repr\": \"SampleInput(input=tensor([[-8.5000],\\n        [-1.7656],\\n        [-4.3125],\\n        [-2.4062],\\n        [-7.9375]], dtype=torch.bfloat16), args=(tensor([ 3.6094, -8.0625, -0.5742,  3.1250, -3.0312], dtype=torch.bfloat16),), kwargs={}, broadcasts_input=True, name='')\"}], \"errors\": [], \"verdict\": \"DIFF:SIGNZERO\"}\n"}
,{"stream_name":"stdout","time":1766.689180305,"data":"{\"op\": \"__rpow__\", \"dtype\": \"float16\", \"samples\": 3, \"diffs\": [], \"errors\": [], \"verdict\": \"ok\"}\n"}
,{"stream_name":"stdout","time":1766.689185677,"data":"{\"op\": \"__rpow__\", \"dtype\": \"bfloat16\", \"samples\": 3, \"diffs\": [], \"errors\": [], \"verdict\": \"ok\"}\n"}
,{"stream_name":"stdout","time":1766.689191032,"data":"{\"op\": \"__rsub__\", \"dtype\": \"float16\", \"samples\": 3, \"diffs\": [], \"errors\": [], \"verdict\": \"ok\"}\n"}
,{"stream_name":"stdout","time":1766.689196361,"data":"{\"op\": \"__rsub__\", \"dtype\": \"bfloat16\", \"samples\": 3, \"diffs\": [], \"errors\": [], \"verdict\": \"ok\"}\n"}
,{"stream_name":"stdout","time":1766.689202127,"data":"{\"op\": \"rsub\", \"dtype\": \"float16\", \"samples\": 3, \"diffs\": [], \"errors\": [], \"verdict\": \"ok\"}\n"}
,{"stream_name":"stdout","time":1766.689207949,"data":"{\"op\": \"rsub\", \"dtype\": \"bfloat16\", \"samples\": 3, \"diffs\": [], \"errors\": [], \"verdict\": \"ok\"}\n"}
,{"stream_name":"stdout","time":1766.689216957,"data":"{\"op\": \"select\", \"dtype\": \"float16\", \"samples\": 3, \"diffs\": [], \"errors\": [], \"verdict\": \"ok\"}\n"}
,{"stream_name":"stdout","time":1766.689222389,"data":"{\"op\": \"select\", \"dtype\": \"bfloat16\", \"samples\": 3, \"diffs\": [], \"errors\": [], \"verdict\": \"ok\"}\n"}
,{"stream_name":"stdout","time":1766.689227812,"data":"{\"op\": \"select_scatter\", \"dtype\": \"float16\", \"samples\": 3, \"diffs\": [], \"errors\": [], \"verdict\": \"ok\"}\n"}
,{"stream_name":"stdout","time":1766.689233162,"data":"{\"op\": \"select_scatter\", \"dtype\": \"bfloat16\", \"samples\": 3, \"diffs\": [], \"errors\": [], \"verdict\": \"ok\"}\n"}
,{"stream_name":"stdout","time":1766.689238313,"data":"{\"op\": \"slice\", \"dtype\": \"float16\", \"samples\": 3, \"diffs\": [], \"errors\": [], \"verdict\": \"ok\"}\n"}
,{"stream_name":"stdout","time":1766.689243461,"data":"{\"op\": \"slice\", \"dtype\": \"bfloat16\", \"samples\": 3, \"diffs\": [], \"errors\": [], \"verdict\": \"ok\"}\n"}
,{"stream_name":"stdout","time":1766.689248359,"data":"{\"op\": \"slice_scatter\", \"dtype\": \"float16\", \"samples\": 3, \"diffs\": [], \"errors\": [], \"verdict\": \"ok\"}\n"}
,{"stream_name":"stdout","time":1766.689253968,"data":"{\"op\": \"slice_scatter\", \"dtype\": \"bfloat16\", \"samples\": 3, \"diffs\": [], \"errors\": [], \"verdict\": \"ok\"}\n"}
,{"stream_name":"stdout","time":1766.68925956,"data":"{\"op\": \"signbit\", \"dtype\": \"float16\", \"samples\": 1, \"diffs\": [], \"errors\": [], \"verdict\": \"ok\"}\n"}
,{"stream_name":"stdout","time":1766.689273392,"data":"{\"op\": \"signbit\", \"dtype\": \"bfloat16\", \"samples\": 1, \"diffs\": [], \"errors\": [], \"verdict\": \"ok\"}\n"}
,{"stream_name":"stdout","time":1766.689279624,"data":"{\"op\": \"tan\", \"dtype\": \"float16\", \"samples\": 1, \"diffs\": [], \"errors\": [], \"verdict\": \"ok\"}\n"}
,{"stream_name":"stdout","time":1766.689285227,"data":"{\"op\": \"tan\", \"dtype\": \"bfloat16\", \"samples\": 1, \"diffs\": [], \"errors\": [], \"verdict\": \"ok\"}\n"}
,{"stream_name":"stdout","time":1766.689290807,"data":"{\"op\": \"tanh\", \"dtype\": \"float16\", \"samples\": 1, \"diffs\": [], \"errors\": [], \"verdict\": \"ok\"}\n"}
,{"stream_name":"stdout","time":1766.689296387,"data":"{\"op\": \"tanh\", \"dtype\": \"bfloat16\", \"samples\": 1, \"diffs\": [], \"errors\": [], \"verdict\": \"ok\"}\n"}
,{"stream_name":"stdout","time":1766.689302074,"data":"{\"op\": \"tensor_split\", \"dtype\": \"float16\", \"samples\": 3, \"diffs\": [], \"errors\": [], \"verdict\": \"ok\"}\n"}
,{"stream_name":"stdout","time":1766.689307761,"data":"{\"op\": \"tensor_split\", \"dtype\": \"bfloat16\", \"samples\": 3, \"diffs\": [], \"errors\": [], \"verdict\": \"ok\"}\n"}
,{"stream_name":"stdout","time":1766.689313526,"data":"{\"op\": \"hsplit\", \"dtype\": \"float16\", \"samples\": 2, \"diffs\": [], \"errors\": [], \"verdict\": \"ok\"}\n"}
,{"stream_name":"stdout","time":1766.68931829,"data":"{\"op\": \"hsplit\", \"dtype\": \"bfloat16\", \"samples\": 2, \"diffs\": [], \"errors\": [], \"verdict\": \"ok\"}\n"}
,{"stream_name":"stdout","time":1766.689324011,"data":"{\"op\": \"vsplit\", \"dtype\": \"float16\", \"samples\": 2, \"diffs\": [], \"errors\": [], \"verdict\": \"ok\"}\n"}
,{"stream_name":"stdout","time":1766.689329317,"data":"{\"op\": \"vsplit\", \"dtype\": \"bfloat16\", \"samples\": 2, \"diffs\": [], \"errors\": [], \"verdict\": \"ok\"}\n"}
,{"stream_name":"stdout","time":1766.689334437,"data":"{\"op\": \"dsplit\", \"dtype\": \"float16\", \"samples\": 2, \"diffs\": [], \"errors\": [], \"verdict\": \"ok\"}\n"}
,{"stream_name":"stdout","time":1766.689339513,"data":"{\"op\": \"dsplit\", \"dtype\": \"bfloat16\", \"samples\": 2, \"diffs\": [], \"errors\": [], \"verdict\": \"ok\"}\n"}
,{"stream_name":"stdout","time":1766.689349131,"data":"{\"op\": \"trunc\", \"dtype\": \"float16\", \"samples\": 1, \"diffs\": [], \"errors\": [], \"verdict\": \"ok\"}\n"}
,{"stream_name":"stdout","time":1766.689354749,"data":"{\"op\": \"trunc\", \"dtype\": \"bfloat16\", \"samples\": 1, \"diffs\": [], \"errors\": [], \"verdict\": \"ok\"}\n"}
,{"stream_name":"stdout","time":1766.689360431,"data":"{\"op\": \"exp2\", \"dtype\": \"float16\", \"samples\": 3, \"diffs\": [], \"errors\": [], \"verdict\": \"ok\"}\n"}
,{"stream_name":"stdout","time":1766.689365717,"data":"{\"op\": \"exp2\", \"dtype\": \"bfloat16\", \"samples\": 3, \"diffs\": [], \"errors\": [], \"verdict\": \"ok\"}\n"}
,{"stream_name":"stdout","time":1766.689371301,"data":"{\"op\": \"expm1\", \"dtype\": \"float16\", \"samples\": 1, \"diffs\": [], \"errors\": [], \"verdict\": \"ok\"}\n"}
,{"stream_name":"stdout","time":1766.689376716,"data":"{\"op\": \"expm1\", \"dtype\": \"bfloat16\", \"samples\": 1, \"diffs\": [], \"errors\": [], \"verdict\": \"ok\"}\n"}
,{"stream_name":"stdout","time":1766.689382077,"data":"{\"op\": \"nan_to_num\", \"dtype\": \"float16\", \"samples\": 3, \"diffs\": [], \"errors\": [], \"verdict\": \"ok\"}\n"}
,{"stream_name":"stdout","time":1766.689388025,"data":"{\"op\": \"nan_to_num\", \"dtype\": \"bfloat16\", \"samples\": 3, \"diffs\": [], \"errors\": [], \"verdict\": \"ok\"}\n"}
,{"stream_name":"stdout","time":1766.68939348,"data":"{\"op\": \"reciprocal\", \"dtype\": \"float16\", \"samples\": 3, \"diffs\": [], \"errors\": [], \"verdict\": \"ok\"}\n"}
,{"stream_name":"stdout","time":1766.689399079,"data":"{\"op\": \"reciprocal\", \"dtype\": \"bfloat16\", \"samples\": 3, \"diffs\": [], \"errors\": [], \"verdict\": \"ok\"}\n"}
,{"stream_name":"stdout","time":1766.689405437,"data":"{\"op\": \"square\", \"dtype\": \"float16\", \"samples\": 3, \"diffs\": [], \"errors\": [], \"verdict\": \"ok\"}\n"}
,{"stream_name":"stdout","time":1766.689411029,"data":"{\"op\": \"square\", \"dtype\": \"bfloat16\", \"samples\": 3, \"diffs\": [], \"errors\": [], \"verdict\": \"ok\"}\n"}
,{"stream_name":"stdout","time":1766.689416099,"data":"{\"op\": \"lerp\", \"dtype\": \"float16\", \"samples\": 3, \"diffs\": [], \"errors\": [], \"verdict\": \"ok\"}\n"}
,{"stream_name":"stdout","time":1766.689421724,"data":"{\"op\": \"lerp\", \"dtype\": \"bfloat16\", \"samples\": 3, \"diffs\": [], \"errors\": [], \"verdict\": \"ok\"}\n"}
,{"stream_name":"stdout","time":1766.689426909,"data":"{\"op\": \"angle\", \"dtype\": \"float16\", \"samples\": 1, \"diffs\": [], \"errors\": [], \"verdict\": \"ok\"}\n"}
,{"stream_name":"stdout","time":1766.689432137,"data":"{\"op\": \"angle\", \"dtype\": \"bfloat16\", \"samples\": 1, \"diffs\": [], \"errors\": [], \"verdict\": \"ok\"}\n"}
,{"stream_name":"stdout","time":1766.689437771,"data":"{\"op\": \"isfinite\", \"dtype\": \"float16\", \"samples\": 3, \"diffs\": [], \"errors\": [], \"verdict\": \"ok\"}\n"}
,{"stream_name":"stdout","time":1766.689455129,"data":"{\"op\": \"isfinite\", \"dtype\": \"bfloat16\", \"samples\": 3, \"diffs\": [], \"errors\": [], \"verdict\": \"ok\"}\n"}
,{"stream_name":"stdout","time":1766.689464646,"data":"{\"op\": \"isinf\", \"dtype\": \"float16\", \"samples\": 1, \"diffs\": [], \"errors\": [], \"verdict\": \"ok\"}\n"}
,{"stream_name":"stdout","time":1766.689470166,"data":"{\"op\": \"isinf\", \"dtype\": \"bfloat16\", \"samples\": 1, \"diffs\": [], \"errors\": [], \"verdict\": \"ok\"}\n"}
,{"stream_name":"stdout","time":1766.689475831,"data":"{\"op\": \"isposinf\", \"dtype\": \"float16\", \"samples\": 1, \"diffs\": [], \"errors\": [], \"verdict\": \"ok\"}\n"}
,{"stream_name":"stdout","time":1766.689481258,"data":"{\"op\": \"isposinf\", \"dtype\": \"bfloat16\", \"samples\": 1, \"diffs\": [], \"errors\": [], \"verdict\": \"ok\"}\n"}
,{"stream_name":"stdout","time":1766.689490574,"data":"{\"op\": \"isneginf\", \"dtype\": \"float16\", \"samples\": 1, \"diffs\": [], \"errors\": [], \"verdict\": \"ok\"}\n"}
,{"stream_name":"stdout","time":1766.689496097,"data":"{\"op\": \"isneginf\", \"dtype\": \"bfloat16\", \"samples\": 1, \"diffs\": [], \"errors\": [], \"verdict\": \"ok\"}\n"}
,{"stream_name":"stdout","time":1766.689501594,"data":"{\"op\": \"isreal\", \"dtype\": \"float16\", \"samples\": 3, \"diffs\": [], \"errors\": [], \"verdict\": \"ok\"}\n"}
,{"stream_name":"stdout","time":1766.689507104,"data":"{\"op\": \"isreal\", \"dtype\": \"bfloat16\", \"samples\": 3, \"diffs\": [], \"errors\": [], \"verdict\": \"ok\"}\n"}
,{"stream_name":"stdout","time":1766.689512519,"data":"{\"op\": \"isnan\", \"dtype\": \"float16\", \"samples\": 1, \"diffs\": [], \"errors\": [], \"verdict\": \"ok\"}\n"}
,{"stream_name":"stdout","time":1766.689517711,"data":"{\"op\": \"isnan\", \"dtype\": \"bfloat16\", \"samples\": 1, \"diffs\": [], \"errors\": [], \"verdict\": \"ok\"}\n"}
,{"stream_name":"stdout","time":1766.689522994,"data":"{\"op\": \"einsum\", \"dtype\": \"float16\", \"samples\": 3, \"diffs\": [], \"errors\": [], \"verdict\": \"ok\"}\n"}
,{"stream_name":"stdout","time":1766.68952799,"data":"{\"op\": \"einsum\", \"dtype\": \"bfloat16\", \"samples\": 3, \"diffs\": [], \"errors\": [], \"verdict\": \"ok\"}\n"}
,{"stream_name":"stdout","time":1766.689533138,"data":"{\"op\": \"polar\", \"dtype\": \"float16\", \"samples\": 3, \"diffs\": [], \"errors\": [], \"verdict\": \"ok\"}\n"}
,{"stream_name":"stdout","time":1766.689539647,"data":"{\"op\": \"polygamma\", \"dtype\": \"float16\", \"samples\": 3, \"diffs\": [], \"errors\": [], \"verdict\": \"ok\"}\n"}
,{"stream_name":"stdout","time":1766.689545232,"data":"{\"op\": \"polygamma\", \"dtype\": \"bfloat16\", \"samples\": 3, \"diffs\": [], \"errors\": [], \"verdict\": \"ok\"}\n"}
,{"stream_name":"stdout","time":1766.689551057,"data":"{\"op\": \"polygamma\", \"dtype\": \"bfloat16\", \"samples\": 3, \"diffs\": [], \"errors\": [], \"verdict\": \"ok\"}\n"}
,{"stream_name":"stdout","time":1766.689556562,"data":"{\"op\": \"polygamma\", \"dtype\": \"bfloat16\", \"samples\": 3, \"diffs\": [], \"errors\": [], \"verdict\": \"ok\"}\n"}
,{"stream_name":"stdout","time":1766.689562117,"data":"{\"op\": \"polygamma\", \"dtype\": \"bfloat16\", \"samples\": 3, \"diffs\": [], \"errors\": [], \"verdict\": \"ok\"}\n"}
,{"stream_name":"stdout","time":1766.689567687,"data":"{\"op\": \"polygamma\", \"dtype\": \"bfloat16\", \"samples\": 3, \"diffs\": [], \"errors\": [], \"verdict\": \"ok\"}\n"}
,{"stream_name":"stdout","time":1766.689573133,"data":"{\"op\": \"ravel\", \"dtype\": \"float16\", \"samples\": 3, \"diffs\": [], \"errors\": [], \"verdict\": \"ok\"}\n"}
,{"stream_name":"stdout","time":1766.689578582,"data":"{\"op\": \"ravel\", \"dtype\": \"bfloat16\", \"samples\": 3, \"diffs\": [], \"errors\": [], \"verdict\": \"ok\"}\n"}
,{"stream_name":"stdout","time":1766.689585797,"data":"{\"op\": \"reshape\", \"dtype\": \"float16\", \"samples\": 3, \"diffs\": [], \"errors\": [], \"verdict\": \"ok\"}\n"}
,{"stream_name":"stdout","time":1766.689591199,"data":"{\"op\": \"reshape\", \"dtype\": \"bfloat16\", \"samples\": 3, \"diffs\": [], \"errors\": [], \"verdict\": \"ok\"}\n"}
,{"stream_name":"stdout","time":1766.689597071,"data":"{\"op\": \"reshape_as\", \"dtype\": \"float16\", \"samples\": 3, \"diffs\": [], \"errors\": [], \"verdict\": \"ok\"}\n"}
,{"stream_name":"stdout","time":1766.689602664,"data":"{\"op\": \"reshape_as\", \"dtype\": \"bfloat16\", \"samples\": 3, \"diffs\": [], \"errors\": [], \"verdict\": \"ok\"}\n"}
,{"stream_name":"stdout","time":1766.689608282,"data":"{\"op\": \"view\", \"dtype\": \"float16\", \"samples\": 3, \"diffs\": [], \"errors\": [], \"verdict\": \"ok\"}\n"}
,{"stream_name":"stdout","time":1766.689613447,"data":"{\"op\": \"view\", \"dtype\": \"bfloat16\", \"samples\": 3, \"diffs\": [], \"errors\": [], \"verdict\": \"ok\"}\n"}
,{"stream_name":"stdout","time":1766.689622621,"data":"{\"op\": \"view_as\", \"dtype\": \"float16\", \"samples\": 3, \"diffs\": [], \"errors\": [], \"verdict\": \"ok\"}\n"}
,{"stream_name":"stdout","time":1766.68962825,"data":"{\"op\": \"view_as\", \"dtype\": \"bfloat16\", \"samples\": 3, \"diffs\": [], \"errors\": [], \"verdict\": \"ok\"}\n"}
,{"stream_name":"stdout","time":1766.689633524,"data":"{\"op\": \"atleast_1d\", \"dtype\": \"float16\", \"samples\": 3, \"diffs\": [], \"errors\": [], \"verdict\": \"ok\"}\n"}
,{"stream_name":"stdout","time":1766.689639112,"data":"{\"op\": \"atleast_1d\", \"dtype\": \"bfloat16\", \"samples\": 3, \"diffs\": [], \"errors\": [], \"verdict\": \"ok\"}\n"}
,{"stream_name":"stdout","time":1766.689644672,"data":"{\"op\": \"atleast_2d\", \"dtype\": \"float16\", \"samples\": 3, \"diffs\": [], \"errors\": [], \"verdict\": \"ok\"}\n"}
,{"stream_name":"stdout","time":1766.689650309,"data":"{\"op\": \"atleast_2d\", \"dtype\": \"bfloat16\", \"samples\": 3, \"diffs\": [], \"errors\": [], \"verdict\": \"ok\"}\n"}
,{"stream_name":"stdout","time":1766.689655862,"data":"{\"op\": \"atleast_3d\", \"dtype\": \"float16\", \"samples\": 3, \"diffs\": [], \"errors\": [], \"verdict\": \"ok\"}\n"}
,{"stream_name":"stdout","time":1766.689661782,"data":"{\"op\": \"atleast_3d\", \"dtype\": \"bfloat16\", \"samples\": 3, \"diffs\": [], \"errors\": [], \"verdict\": \"ok\"}\n"}
,{"stream_name":"stdout","time":1766.689667302,"data":"{\"op\": \"flatten\", \"dtype\": \"float16\", \"samples\": 3, \"diffs\": [], \"errors\": [], \"verdict\": \"ok\"}\n"}
,{"stream_name":"stdout","time":1766.689672773,"data":"{\"op\": \"flatten\", \"dtype\": \"bfloat16\", \"samples\": 3, \"diffs\": [], \"errors\": [], \"verdict\": \"ok\"}\n"}
,{"stream_name":"stdout","time":1766.689678289,"data":"{\"op\": \"unflatten\", \"dtype\": \"float16\", \"samples\": 3, \"diffs\": [], \"errors\": [], \"verdict\": \"ok\"}\n"}
,{"stream_name":"stdout","time":1766.689683959,"data":"{\"op\": \"unflatten\", \"dtype\": \"bfloat16\", \"samples\": 3, \"diffs\": [], \"errors\": [], \"verdict\": \"ok\"}\n"}
,{"stream_name":"stdout","time":1766.689689834,"data":"{\"op\": \"gather\", \"dtype\": \"float16\", \"samples\": 3, \"diffs\": [], \"errors\": [], \"verdict\": \"ok\"}\n"}
,{"stream_name":"stdout","time":1766.689693745,"data":"{\"op\": \"gather\", \"dtype\": \"bfloat16\", \"samples\": 3, \"diffs\": [], \"errors\": [], \"verdict\": \"ok\"}\n"}
,{"stream_name":"stdout","time":1766.689699261,"data":"{\"op\": \"index_fill\", \"dtype\": \"float16\", \"samples\": 3, \"diffs\": [], \"errors\": [], \"verdict\": \"ok\"}\n"}
,{"stream_name":"stdout","time":1766.689704889,"data":"{\"op\": \"index_fill\", \"dtype\": \"bfloat16\", \"samples\": 3, \"diffs\": [], \"errors\": [], \"verdict\": \"ok\"}\n"}
,{"stream_name":"stdout","time":1766.689710141,"data":"{\"op\": \"index_copy\", \"dtype\": \"float16\", \"samples\": 3, \"diffs\": [], \"errors\": [], \"verdict\": \"ok\"}\n"}
,{"stream_name":"stdout","time":1766.689715372,"data":"{\"op\": \"index_copy\", \"dtype\": \"bfloat16\", \"samples\": 3, \"diffs\": [], \"errors\": [], \"verdict\": \"ok\"}\n"}
,{"stream_name":"stdout","time":1766.689720578,"data":"{\"op\": \"index_select\", \"dtype\": \"float16\", \"samples\": 3, \"diffs\": [], \"errors\": [], \"verdict\": \"ok\"}\n"}
,{"stream_name":"stdout","time":1766.689725851,"data":"{\"op\": \"index_select\", \"dtype\": \"bfloat16\", \"samples\": 3, \"diffs\": [], \"errors\": [], \"verdict\": \"ok\"}\n"}
,{"stream_name":"stdout","time":1766.689731294,"data":"{\"op\": \"index_add\", \"dtype\": \"float16\", \"samples\": 3, \"diffs\": [], \"errors\": [], \"verdict\": \"ok\"}\n"}
,{"stream_name":"stdout","time":1766.689736736,"data":"{\"op\": \"index_add\", \"dtype\": \"bfloat16\", \"samples\": 3, \"diffs\": [], \"errors\": [], \"verdict\": \"ok\"}\n"}
,{"stream_name":"stdout","time":1766.689746071,"data":"{\"op\": \"__getitem__\", \"dtype\": \"float16\", \"samples\": 3, \"diffs\": [], \"errors\": [], \"verdict\": \"ok\"}\n"}
,{"stream_name":"stdout","time":1766.689751606,"data":"{\"op\": \"__getitem__\", \"dtype\": \"bfloat16\", \"samples\": 3, \"diffs\": [], \"errors\": [], \"verdict\": \"ok\"}\n"}
,{"stream_name":"stdout","time":1766.689757585,"data":"{\"op\": \"index_put\", \"dtype\": \"float16\", \"samples\": 3, \"diffs\": [], \"errors\": [], \"verdict\": \"ok\"}\n"}
,{"stream_name":"stdout","time":1766.689763109,"data":"{\"op\": \"index_put\", \"dtype\": \"bfloat16\", \"samples\": 3, \"diffs\": [], \"errors\": [], \"verdict\": \"ok\"}\n"}
,{"stream_name":"stdout","time":1766.689768502,"data":"{\"op\": \"put\", \"dtype\": \"float16\", \"samples\": 3, \"diffs\": [], \"errors\": [], \"verdict\": \"ok\"}\n"}
,{"stream_name":"stdout","time":1766.689773959,"data":"{\"op\": \"put\", \"dtype\": \"bfloat16\", \"samples\": 3, \"diffs\": [], \"errors\": [], \"verdict\": \"ok\"}\n"}
,{"stream_name":"stdout","time":1766.689780099,"data":"{\"op\": \"take\", \"dtype\": \"float16\", \"samples\": 3, \"diffs\": [], \"errors\": [], \"verdict\": \"ok\"}\n"}
,{"stream_name":"stdout","time":1766.689786247,"data":"{\"op\": \"take\", \"dtype\": \"bfloat16\", \"samples\": 3, \"diffs\": [], \"errors\": [], \"verdict\": \"ok\"}\n"}
,{"stream_name":"stdout","time":1766.689790181,"data":"{\"op\": \"scatter\", \"dtype\": \"float16\", \"samples\": 3, \"diffs\": [], \"errors\": [], \"verdict\": \"ok\"}\n"}
,{"stream_name":"stdout","time":1766.689795634,"data":"{\"op\": \"scatter\", \"dtype\": \"bfloat16\", \"samples\": 3, \"diffs\": [], \"errors\": [], \"verdict\": \"ok\"}\n"}
,{"stream_name":"stdout","time":1766.689801477,"data":"{\"op\": \"bfloat16\", \"dtype\": \"float16\", \"samples\": 3, \"diffs\": [], \"errors\": [], \"verdict\": \"ok\"}\n"}
,{"stream_name":"stdout","time":1766.689806649,"data":"{\"op\": \"bfloat16\", \"dtype\": \"bfloat16\", \"samples\": 3, \"diffs\": [], \"errors\": [], \"verdict\": \"ok\"}\n"}
,{"stream_name":"stdout","time":1766.689811569,"data":"{\"op\": \"bool\", \"dtype\": \"float16\", \"samples\": 3, \"diffs\": [], \"errors\": [], \"verdict\": \"ok\"}\n"}
,{"stream_name":"stdout","time":1766.689816858,"data":"{\"op\": \"bool\", \"dtype\": \"bfloat16\", \"samples\": 3, \"diffs\": [], \"errors\": [], \"verdict\": \"ok\"}\n"}
,{"stream_name":"stdout","time":1766.689822137,"data":"{\"op\": \"byte\", \"dtype\": \"float16\", \"samples\": 3, \"diffs\": [], \"errors\": [], \"verdict\": \"ok\"}\n"}
,{"stream_name":"stdout","time":1766.689827369,"data":"{\"op\": \"byte\", \"dtype\": \"bfloat16\", \"samples\": 3, \"diffs\": [], \"errors\": [], \"verdict\": \"ok\"}\n"}
,{"stream_name":"stdout","time":1766.68983284,"data":"{\"op\": \"char\", \"dtype\": \"float16\", \"samples\": 3, \"diffs\": [], \"errors\": [], \"verdict\": \"ok\"}\n"}
,{"stream_name":"stdout","time":1766.689838311,"data":"{\"op\": \"char\", \"dtype\": \"bfloat16\", \"samples\": 3, \"diffs\": [], \"errors\": [], \"verdict\": \"ok\"}\n"}
,{"stream_name":"stdout","time":1766.689843947,"data":"{\"op\": \"double\", \"dtype\": \"float16\", \"samples\": 3, \"diffs\": [], \"errors\": [], \"verdict\": \"ok\"}\n"}
,{"stream_name":"stdout","time":1766.689849421,"data":"{\"op\": \"double\", \"dtype\": \"bfloat16\", \"samples\": 3, \"diffs\": [], \"errors\": [], \"verdict\": \"ok\"}\n"}
,{"stream_name":"stdout","time":1766.689854782,"data":"{\"op\": \"float\", \"dtype\": \"float16\", \"samples\": 3, \"diffs\": [], \"errors\": [], \"verdict\": \"ok\"}\n"}
,{"stream_name":"stdout","time":1766.689860181,"data":"{\"op\": \"float\", \"dtype\": \"bfloat16\", \"samples\": 3, \"diffs\": [], \"errors\": [], \"verdict\": \"ok\"}\n"}
,{"stream_name":"stdout","time":1766.68986938,"data":"{\"op\": \"half\", \"dtype\": \"float16\", \"samples\": 3, \"diffs\": [], \"errors\": [], \"verdict\": \"ok\"}\n"}
,{"stream_name":"stdout","time":1766.689874809,"data":"{\"op\": \"half\", \"dtype\": \"bfloat16\", \"samples\": 3, \"diffs\": [], \"errors\": [], \"verdict\": \"ok\"}\n"}
,{"stream_name":"stdout","time":1766.68988013,"data":"{\"op\": \"int\", \"dtype\": \"float16\", \"samples\": 3, \"diffs\": [], \"errors\": [], \"verdict\": \"ok\"}\n"}
,{"stream_name":"stdout","time":1766.689885404,"data":"{\"op\": \"int\", \"dtype\": \"bfloat16\", \"samples\": 3, \"diffs\": [], \"errors\": [], \"verdict\": \"ok\"}\n"}
,{"stream_name":"stdout","time":1766.689889667,"data":"{\"op\": \"long\", \"dtype\": \"float16\", \"samples\": 3, \"diffs\": [], \"errors\": [], \"verdict\": \"ok\"}\n"}
,{"stream_name":"stdout","time":1766.689895134,"data":"{\"op\": \"long\", \"dtype\": \"bfloat16\", \"samples\": 3, \"diffs\": [], \"errors\": [], \"verdict\": \"ok\"}\n"}
,{"stream_name":"stdout","time":1766.689901227,"data":"{\"op\": \"short\", \"dtype\": \"float16\", \"samples\": 3, \"diffs\": [], \"errors\": [], \"verdict\": \"ok\"}\n"}
,{"stream_name":"stdout","time":1766.689906682,"data":"{\"op\": \"short\", \"dtype\": \"bfloat16\", \"samples\": 3, \"diffs\": [], \"errors\": [], \"verdict\": \"ok\"}\n"}
,{"stream_name":"stdout","time":1766.689911874,"data":"{\"op\": \"cdouble\", \"dtype\": \"float16\", \"samples\": 3, \"diffs\": [], \"errors\": [], \"verdict\": \"ok\"}\n"}
,{"stream_name":"stdout","time":1766.689916967,"data":"{\"op\": \"cdouble\", \"dtype\": \"bfloat16\", \"samples\": 3, \"diffs\": [], \"errors\": [], \"verdict\": \"ok\"}\n"}
,{"stream_name":"stdout","time":1766.689922421,"data":"{\"op\": \"cfloat\", \"dtype\": \"float16\", \"samples\": 3, \"diffs\": [], \"errors\": [], \"verdict\": \"ok\"}\n"}
,{"stream_name":"stdout","time":1766.689927919,"data":"{\"op\": \"cfloat\", \"dtype\": \"bfloat16\", \"samples\": 3, \"diffs\": [], \"errors\": [], \"verdict\": \"ok\"}\n"}
,{"stream_name":"stdout","time":1766.689933279,"data":"{\"op\": \"chalf\", \"dtype\": \"float16\", \"samples\": 3, \"diffs\": [], \"errors\": [], \"verdict\": \"ok\"}\n"}
,{"stream_name":"stdout","time":1766.689938556,"data":"{\"op\": \"chalf\", \"dtype\": \"bfloat16\", \"samples\": 3, \"diffs\": [], \"errors\": [], \"verdict\": \"ok\"}\n"}
,{"stream_name":"stdout","time":1766.689943776,"data":"{\"op\": \"zeros_like\", \"dtype\": \"float16\", \"samples\": 3, \"diffs\": [], \"errors\": [], \"verdict\": \"ok\"}\n"}
,{"stream_name":"stdout","time":1766.689948971,"data":"{\"op\": \"zeros_like\", \"dtype\": \"bfloat16\", \"samples\": 3, \"diffs\": [], \"errors\": [], \"verdict\": \"ok\"}\n"}
,{"stream_name":"stdout","time":1766.689954449,"data":"{\"op\": \"ones_like\", \"dtype\": \"float16\", \"samples\": 3, \"diffs\": [], \"errors\": [], \"verdict\": \"ok\"}\n"}
,{"stream_name":"stdout","time":1766.689959994,"data":"{\"op\": \"ones_like\", \"dtype\": \"bfloat16\", \"samples\": 3, \"diffs\": [], \"errors\": [], \"verdict\": \"ok\"}\n"}
,{"stream_name":"stdout","time":1766.68996535,"data":"{\"op\": \"full_like\", \"dtype\": \"float16\", \"samples\": 3, \"diffs\": [], \"errors\": [], \"verdict\": \"ok\"}\n"}
,{"stream_name":"stdout","time":1766.689970789,"data":"{\"op\": \"full_like\", \"dtype\": \"bfloat16\", \"samples\": 3, \"diffs\": [], \"errors\": [], \"verdict\": \"ok\"}\n"}
,{"stream_name":"stdout","time":1766.689976194,"data":"{\"op\": \"new_zeros\", \"dtype\": \"float16\", \"samples\": 3, \"diffs\": [], \"errors\": [], \"verdict\": \"ok\"}\n"}
,{"stream_name":"stdout","time":1766.689981381,"data":"{\"op\": \"new_zeros\", \"dtype\": \"bfloat16\", \"samples\": 3, \"diffs\": [], \"errors\": [], \"verdict\": \"ok\"}\n"}
,{"stream_name":"stdout","time":1766.689989449,"data":"{\"op\": \"new_ones\", \"dtype\": \"float16\", \"samples\": 3, \"diffs\": [], \"errors\": [], \"verdict\": \"ok\"}\n"}
,{"stream_name":"stdout","time":1766.689995225,"data":"{\"op\": \"new_ones\", \"dtype\": \"bfloat16\", \"samples\": 3, \"diffs\": [], \"errors\": [], \"verdict\": \"ok\"}\n"}
,{"stream_name":"stdout","time":1766.690000709,"data":"{\"op\": \"ones\", \"dtype\": \"float16\", \"samples\": 2, \"diffs\": [], \"errors\": [], \"verdict\": \"ok\"}\n"}
,{"stream_name":"stdout","time":1766.690005943,"data":"{\"op\": \"ones\", \"dtype\": \"bfloat16\", \"samples\": 2, \"diffs\": [], \"errors\": [], \"verdict\": \"ok\"}\n"}
,{"stream_name":"stdout","time":1766.690012219,"data":"{\"op\": \"zeros\", \"dtype\": \"float16\", \"samples\": 2, \"diffs\": [], \"errors\": [], \"verdict\": \"ok\"}\n"}
,{"stream_name":"stdout","time":1766.6900184,"data":"{\"op\": \"zeros\", \"dtype\": \"bfloat16\", \"samples\": 2, \"diffs\": [], \"errors\": [], \"verdict\": \"ok\"}\n"}
,{"stream_name":"stdout","time":1766.690023947,"data":"{\"op\": \"full\", \"dtype\": \"float16\", \"samples\": 3, \"diffs\": [], \"errors\": [], \"verdict\": \"ok\"}\n"}
,{"stream_name":"stdout","time":1766.690029294,"data":"{\"op\": \"full\", \"dtype\": \"bfloat16\", \"samples\": 3, \"diffs\": [], \"errors\": [], \"verdict\": \"ok\"}\n"}
,{"stream_name":"stdout","time":1766.690034654,"data":"{\"op\": \"eye\", \"dtype\": \"float16\", \"samples\": 3, \"diffs\": [], \"errors\": [], \"verdict\": \"ok\"}\n"}
,{"stream_name":"stdout","time":1766.690040087,"data":"{\"op\": \"eye\", \"dtype\": \"bfloat16\", \"samples\": 3, \"diffs\": [], \"errors\": [], \"verdict\": \"ok\"}\n"}
,{"stream_name":"stdout","time":1766.690045688,"data":"{\"op\": \"scalar_tensor\", \"dtype\": \"float16\", \"samples\": 3, \"diffs\": [], \"errors\": [], \"verdict\": \"ok\"}\n"}
,{"stream_name":"stdout","time":1766.690051659,"data":"{\"op\": \"scalar_tensor\", \"dtype\": \"bfloat16\", \"samples\": 3, \"diffs\": [], \"errors\": [], \"verdict\": \"ok\"}\n"}
,{"stream_name":"stdout","time":1766.690057056,"data":"{\"op\": \"new_full\", \"dtype\": \"float16\", \"samples\": 3, \"diffs\": [], \"errors\": [], \"verdict\": \"ok\"}\n"}
,{"stream_name":"stdout","time":1766.690062411,"data":"{\"op\": \"new_full\", \"dtype\": \"bfloat16\", \"samples\": 3, \"diffs\": [], \"errors\": [], \"verdict\": \"ok\"}\n"}
,{"stream_name":"stdout","time":1766.690067806,"data":"{\"op\": \"scatter_add\", \"dtype\": \"float16\", \"samples\": 3, \"diffs\": [], \"errors\": [], \"verdict\": \"ok\"}\n"}
,{"stream_name":"stdout","time":1766.690073361,"data":"{\"op\": \"scatter_add\", \"dtype\": \"bfloat16\", \"samples\": 3, \"diffs\": [], \"errors\": [], \"verdict\": \"ok\"}\n"}
,{"stream_name":"stdout","time":1766.690078785,"data":"{\"op\": \"stack\", \"dtype\": \"float16\", \"samples\": 3, \"diffs\": [], \"errors\": [], \"verdict\": \"ok\"}\n"}
,{"stream_name":"stdout","time":1766.690083634,"data":"{\"op\": \"stack\", \"dtype\": \"bfloat16\", \"samples\": 3, \"diffs\": [], \"errors\": [], \"verdict\": \"ok\"}\n"}
,{"stream_name":"stdout","time":1766.690089503,"data":"{\"op\": \"hstack\", \"dtype\": \"float16\", \"samples\": 2, \"diffs\": [], \"errors\": [], \"verdict\": \"ok\"}\n"}
,{"stream_name":"stdout","time":1766.690094825,"data":"{\"op\": \"hstack\", \"dtype\": \"bfloat16\", \"samples\": 2, \"diffs\": [], \"errors\": [], \"verdict\": \"ok\"}\n"}
,{"stream_name":"stdout","time":1766.690100562,"data":"{\"op\": \"hypot\", \"dtype\": \"float16\", \"samples\": 3, \"diffs\": [], \"errors\": [], \"verdict\": \"ok\"}\n"}
,{"stream_name":"stdout","time":1766.69010602,"data":"{\"op\": \"hypot\", \"dtype\": \"bfloat16\", \"samples\": 3, \"diffs\": [], \"errors\": [], \"verdict\": \"ok\"}\n"}
,{"stream_name":"stdout","time":1766.690115707,"data":"{\"op\": \"histc\", \"dtype\": \"float16\", \"samples\": 3, \"diffs\": [], \"errors\": [], \"verdict\": \"ok\"}\n"}
,{"stream_name":"stdout","time":1766.690121277,"data":"{\"op\": \"histc\", \"dtype\": \"bfloat16\", \"samples\": 3, \"diffs\": [], \"errors\": [], \"verdict\": \"ok\"}\n"}
,{"stream_name":"stdout","time":1766.690126701,"data":"{\"op\": \"cat\", \"dtype\": \"float16\", \"samples\": 3, \"diffs\": [], \"errors\": [], \"verdict\": \"ok\"}\n"}
,{"stream_name":"stdout","time":1766.690131987,"data":"{\"op\": \"cat\", \"dtype\": \"bfloat16\", \"samples\": 3, \"diffs\": [], \"errors\": [], \"verdict\": \"ok\"}\n"}
,{"stream_name":"stdout","time":1766.690138209,"data":"{\"op\": \"unbind\", \"dtype\": \"float16\", \"samples\": 3, \"diffs\": [], \"errors\": [], \"verdict\": \"ok\"}\n"}
,{"stream_name":"stdout","time":1766.690143598,"data":"{\"op\": \"unbind\", \"dtype\": \"bfloat16\", \"samples\": 3, \"diffs\": [], \"errors\": [], \"verdict\": \"ok\"}\n"}
,{"stream_name":"stdout","time":1766.690148985,"data":"{\"op\": \"unbind_copy\", \"dtype\": \"float16\", \"samples\": 3, \"diffs\": [], \"errors\": [], \"verdict\": \"ok\"}\n"}
,{"stream_name":"stdout","time":1766.69015446,"data":"{\"op\": \"unbind_copy\", \"dtype\": \"bfloat16\", \"samples\": 3, \"diffs\": [], \"errors\": [], \"verdict\": \"ok\"}\n"}
,{"stream_name":"stdout","time":1766.690159876,"data":"{\"op\": \"vstack\", \"dtype\": \"float16\", \"samples\": 2, \"diffs\": [], \"errors\": [], \"verdict\": \"ok\"}\n"}
,{"stream_name":"stdout","time":1766.690165159,"data":"{\"op\": \"vstack\", \"dtype\": \"bfloat16\", \"samples\": 2, \"diffs\": [], \"errors\": [], \"verdict\": \"ok\"}\n"}
,{"stream_name":"stdout","time":1766.690170861,"data":"{\"op\": \"dstack\", \"dtype\": \"float16\", \"samples\": 2, \"diffs\": [], \"errors\": [], \"verdict\": \"ok\"}\n"}
,{"stream_name":"stdout","time":1766.690175354,"data":"{\"op\": \"dstack\", \"dtype\": \"bfloat16\", \"samples\": 2, \"diffs\": [], \"errors\": [], \"verdict\": \"ok\"}\n"}
,{"stream_name":"stdout","time":1766.690180427,"data":"{\"op\": \"unfold\", \"dtype\": \"float16\", \"samples\": 3, \"diffs\": [], \"errors\": [], \"verdict\": \"ok\"}\n"}
,{"stream_name":"stdout","time":1766.690185387,"data":"{\"op\": \"unfold\", \"dtype\": \"bfloat16\", \"samples\": 3, \"diffs\": [], \"errors\": [], \"verdict\": \"ok\"}\n"}
,{"stream_name":"stdout","time":1766.690190785,"data":"{\"op\": \"unfold_copy\", \"dtype\": \"float16\", \"samples\": 3, \"diffs\": [], \"errors\": [], \"verdict\": \"ok\"}\n"}
,{"stream_name":"stdout","time":1766.690196134,"data":"{\"op\": \"unfold_copy\", \"dtype\": \"bfloat16\", \"samples\": 3, \"diffs\": [], \"errors\": [], \"verdict\": \"ok\"}\n"}
,{"stream_name":"stdout","time":1766.690201349,"data":"{\"op\": \"movedim\", \"dtype\": \"float16\", \"samples\": 2, \"diffs\": [], \"errors\": [], \"verdict\": \"ok\"}\n"}
,{"stream_name":"stdout","time":1766.690206614,"data":"{\"op\": \"movedim\", \"dtype\": \"bfloat16\", \"samples\": 2, \"diffs\": [], \"errors\": [], \"verdict\": \"ok\"}\n"}
,{"stream_name":"stdout","time":1766.69021201,"data":"{\"op\": \"renorm\", \"dtype\": \"float16\", \"samples\": 3, \"diffs\": [], \"errors\": [], \"verdict\": \"ok\"}\n"}
,{"stream_name":"stdout","time":1766.690217764,"data":"{\"op\": \"renorm\", \"dtype\": \"bfloat16\", \"samples\": 3, \"diffs\": [], \"errors\": [], \"verdict\": \"ok\"}\n"}
,{"stream_name":"stdout","time":1766.690223199,"data":"{\"op\": \"repeat\", \"dtype\": \"float16\", \"samples\": 3, \"diffs\": [], \"errors\": [], \"verdict\": \"ok\"}\n"}
,{"stream_name":"stdout","time":1766.690228709,"data":"{\"op\": \"repeat\", \"dtype\": \"bfloat16\", \"samples\": 3, \"diffs\": [], \"errors\": [], \"verdict\": \"ok\"}\n"}
,{"stream_name":"stdout","time":1766.690234177,"data":"{\"op\": \"squeeze\", \"dtype\": \"float16\", \"samples\": 3, \"diffs\": [], \"errors\": [], \"verdict\": \"ok\"}\n"}
,{"stream_name":"stdout","time":1766.69024308,"data":"{\"op\": \"squeeze\", \"dtype\": \"bfloat16\", \"samples\": 3, \"diffs\": [], \"errors\": [], \"verdict\": \"ok\"}\n"}
,{"stream_name":"stdout","time":1766.690248412,"data":"{\"op\": \"squeeze\", \"dtype\": \"float16\", \"samples\": 3, \"diffs\": [], \"errors\": [], \"verdict\": \"ok\"}\n"}
,{"stream_name":"stdout","time":1766.690254251,"data":"{\"op\": \"squeeze\", \"dtype\": \"bfloat16\", \"samples\": 3, \"diffs\": [], \"errors\": [], \"verdict\": \"ok\"}\n"}
,{"stream_name":"stdout","time":1766.690259639,"data":"{\"op\": \"squeeze_copy\", \"dtype\": \"float16\", \"samples\": 3, \"diffs\": [], \"errors\": [], \"verdict\": \"ok\"}\n"}
,{"stream_name":"stdout","time":1766.690273491,"data":"{\"op\": \"squeeze_copy\", \"dtype\": \"bfloat16\", \"samples\": 3, \"diffs\": [], \"errors\": [], \"verdict\": \"ok\"}\n"}
,{"stream_name":"stdout","time":1766.690279267,"data":"{\"op\": \"fill\", \"dtype\": \"float16\", \"samples\": 3, \"diffs\": [], \"errors\": [], \"verdict\": \"ok\"}\n"}
,{"stream_name":"stdout","time":1766.690284769,"data":"{\"op\": \"fill\", \"dtype\": \"bfloat16\", \"samples\": 3, \"diffs\": [], \"errors\": [], \"verdict\": \"ok\"}\n"}
,{"stream_name":"stdout","time":1766.690290522,"data":"{\"op\": \"take_along_dim\", \"dtype\": \"float16\", \"samples\": 3, \"diffs\": [], \"errors\": [], \"verdict\": \"ok\"}\n"}
,{"stream_name":"stdout","time":1766.690296047,"data":"{\"op\": \"take_along_dim\", \"dtype\": \"bfloat16\", \"samples\": 3, \"diffs\": [], \"errors\": [], \"verdict\": \"ok\"}\n"}
,{"stream_name":"stdout","time":1766.690301236,"data":"{\"op\": \"tile\", \"dtype\": \"float16\", \"samples\": 3, \"diffs\": [], \"errors\": [], \"verdict\": \"ok\"}\n"}
,{"stream_name":"stdout","time":1766.690306834,"data":"{\"op\": \"tile\", \"dtype\": \"bfloat16\", \"samples\": 3, \"diffs\": [], \"errors\": [], \"verdict\": \"ok\"}\n"}
,{"stream_name":"stdout","time":1766.690312416,"data":"{\"op\": \"trapz\", \"dtype\": \"float16\", \"samples\": 3, \"diffs\": [], \"errors\": [], \"verdict\": \"ok\"}\n"}
,{"stream_name":"stdout","time":1766.690317871,"data":"{\"op\": \"trapz\", \"dtype\": \"bfloat16\", \"samples\": 3, \"diffs\": [], \"errors\": [], \"verdict\": \"ok\"}\n"}
,{"stream_name":"stdout","time":1766.690323327,"data":"{\"op\": \"trapezoid\", \"dtype\": \"float16\", \"samples\": 3, \"diffs\": [], \"errors\": [], \"verdict\": \"ok\"}\n"}
,{"stream_name":"stdout","time":1766.690328945,"data":"{\"op\": \"trapezoid\", \"dtype\": \"bfloat16\", \"samples\": 3, \"diffs\": [], \"errors\": [], \"verdict\": \"ok\"}\n"}
,{"stream_name":"stdout","time":1766.690334429,"data":"{\"op\": \"cumulative_trapezoid\", \"dtype\": \"float16\", \"samples\": 3, \"diffs\": [], \"errors\": [], \"verdict\": \"ok\"}\n"}
,{"stream_name":"stdout","time":1766.690340056,"data":"{\"op\": \"cumulative_trapezoid\", \"dtype\": \"bfloat16\", \"samples\": 3, \"diffs\": [], \"errors\": [], \"verdict\": \"ok\"}\n"}
,{"stream_name":"stdout","time":1766.690345641,"data":"{\"op\": \"unsqueeze\", \"dtype\": \"float16\", \"samples\": 3, \"diffs\": [], \"errors\": [], \"verdict\": \"ok\"}\n"}
,{"stream_name":"stdout","time":1766.690351065,"data":"{\"op\": \"unsqueeze\", \"dtype\": \"bfloat16\", \"samples\": 3, \"diffs\": [], \"errors\": [], \"verdict\": \"ok\"}\n"}
,{"stream_name":"stdout","time":1766.690356534,"data":"{\"op\": \"unsqueeze_copy\", \"dtype\": \"float16\", \"samples\": 3, \"diffs\": [], \"errors\": [], \"verdict\": \"ok\"}\n"}
,{"stream_name":"stdout","time":1766.690362102,"data":"{\"op\": \"unsqueeze_copy\", \"dtype\": \"bfloat16\", \"samples\": 3, \"diffs\": [], \"errors\": [], \"verdict\": \"ok\"}\n"}
,{"stream_name":"stdout","time":1766.690367477,"data":"{\"op\": \"xlogy\", \"dtype\": \"float16\", \"samples\": 3, \"diffs\": [], \"errors\": [], \"verdict\": \"ok\"}\n"}
,{"stream_name":"stdout","time":1766.690376326,"data":"{\"op\": \"xlogy\", \"dtype\": \"bfloat16\", \"samples\": 3, \"diffs\": [], \"errors\": [], \"verdict\": \"ok\"}\n"}
,{"stream_name":"stdout","time":1766.690383048,"data":"{\"op\": \"zero_\", \"dtype\": \"float16\", \"samples\": 3, \"diffs\": [], \"errors\": [], \"verdict\": \"ok\"}\n"}
,{"stream_name":"stdout","time":1766.690388481,"data":"{\"op\": \"zero_\", \"dtype\": \"bfloat16\", \"samples\": 3, \"diffs\": [], \"errors\": [], \"verdict\": \"ok\"}\n"}
,{"stream_name":"stdout","time":1766.690393637,"data":"{\"op\": \"logsumexp\", \"dtype\": \"float16\", \"samples\": 3, \"diffs\": [], \"errors\": [], \"verdict\": \"ok\"}\n"}
,{"stream_name":"stdout","time":1766.690399269,"data":"{\"op\": \"logsumexp\", \"dtype\": \"bfloat16\", \"samples\": 3, \"diffs\": [], \"errors\": [], \"verdict\": \"ok\"}\n"}
,{"stream_name":"stdout","time":1766.690404837,"data":"{\"op\": \"trace\", \"dtype\": \"float16\", \"samples\": 3, \"diffs\": [], \"errors\": [], \"verdict\": \"ok\"}\n"}
,{"stream_name":"stdout","time":1766.690410276,"data":"{\"op\": \"trace\", \"dtype\": \"bfloat16\", \"samples\": 3, \"diffs\": [], \"errors\": [], \"verdict\": \"ok\"}\n"}
,{"stream_name":"stdout","time":1766.690415699,"data":"{\"op\": \"transpose\", \"dtype\": \"float16\", \"samples\": 3, \"diffs\": [], \"errors\": [], \"verdict\": \"ok\"}\n"}
,{"stream_name":"stdout","time":1766.690421102,"data":"{\"op\": \"transpose\", \"dtype\": \"bfloat16\", \"samples\": 3, \"diffs\": [], \"errors\": [], \"verdict\": \"ok\"}\n"}
,{"stream_name":"stdout","time":1766.690426457,"data":"{\"op\": \"transpose_copy\", \"dtype\": \"float16\", \"samples\": 3, \"diffs\": [], \"errors\": [], \"verdict\": \"ok\"}\n"}
,{"stream_name":"stdout","time":1766.690431969,"data":"{\"op\": \"transpose_copy\", \"dtype\": \"bfloat16\", \"samples\": 3, \"diffs\": [], \"errors\": [], \"verdict\": \"ok\"}\n"}
,{"stream_name":"stdout","time":1766.690437305,"data":"{\"op\": \"T\", \"dtype\": \"float16\", \"samples\": 2, \"diffs\": [], \"errors\": [], \"verdict\": \"ok\"}\n"}
,{"stream_name":"stdout","time":1766.690467665,"data":"{\"op\": \"T\", \"dtype\": \"bfloat16\", \"samples\": 2, \"diffs\": [], \"errors\": [], \"verdict\": \"ok\"}\n"}
,{"stream_name":"stdout","time":1766.690478726,"data":"{\"op\": \"H\", \"dtype\": \"float16\", \"samples\": 2, \"diffs\": [], \"errors\": [], \"verdict\": \"ok\"}\n"}
,{"stream_name":"stdout","time":1766.690484387,"data":"{\"op\": \"H\", \"dtype\": \"bfloat16\", \"samples\": 2, \"diffs\": [], \"errors\": [], \"verdict\": \"ok\"}\n"}
,{"stream_name":"stdout","time":1766.690489835,"data":"{\"op\": \"mT\", \"dtype\": \"float16\", \"samples\": 3, \"diffs\": [], \"errors\": [], \"verdict\": \"ok\"}\n"}
,{"stream_name":"stdout","time":1766.690495299,"data":"{\"op\": \"mT\", \"dtype\": \"bfloat16\", \"samples\": 3, \"diffs\": [], \"errors\": [], \"verdict\": \"ok\"}\n"}
,{"stream_name":"stdout","time":1766.690500705,"data":"{\"op\": \"mH\", \"dtype\": \"float16\", \"samples\": 3, \"diffs\": [], \"errors\": [], \"verdict\": \"ok\"}\n"}
,{"stream_name":"stdout","time":1766.690506002,"data":"{\"op\": \"mH\", \"dtype\": \"bfloat16\", \"samples\": 3, \"diffs\": [], \"errors\": [], \"verdict\": \"ok\"}\n"}
,{"stream_name":"stdout","time":1766.690511444,"data":"{\"op\": \"tril\", \"dtype\": \"float16\", \"samples\": 3, \"diffs\": [], \"errors\": [], \"verdict\": \"ok\"}\n"}
,{"stream_name":"stdout","time":1766.690517073,"data":"{\"op\": \"tril\", \"dtype\": \"bfloat16\", \"samples\": 3, \"diffs\": [], \"errors\": [], \"verdict\": \"ok\"}\n"}
,{"stream_name":"stdout","time":1766.690522422,"data":"{\"op\": \"triu\", \"dtype\": \"float16\", \"samples\": 3, \"diffs\": [], \"errors\": [], \"verdict\": \"ok\"}\n"}
,{"stream_name":"stdout","time":1766.690531686,"data":"{\"op\": \"triu\", \"dtype\": \"bfloat16\", \"samples\": 3, \"diffs\": [], \"errors\": [], \"verdict\": \"ok\"}\n"}
,{"stream_name":"stdout","time":1766.690537132,"data":"{\"op\": \"kron\", \"dtype\": \"float16\", \"samples\": 1, \"diffs\": [], \"errors\": [], \"verdict\": \"ok\"}\n"}
,{"stream_name":"stdout","time":1766.690542704,"data":"{\"op\": \"kron\", \"dtype\": \"bfloat16\", \"samples\": 1, \"diffs\": [], \"errors\": [], \"verdict\": \"ok\"}\n"}
,{"stream_name":"stdout","time":1766.690548116,"data":"{\"op\": \"inner\", \"dtype\": \"float16\", \"samples\": 2, \"diffs\": [], \"errors\": [], \"verdict\": \"ok\"}\n"}
,{"stream_name":"stdout","time":1766.690553337,"data":"{\"op\": \"inner\", \"dtype\": \"bfloat16\", \"samples\": 2, \"diffs\": [], \"errors\": [], \"verdict\": \"ok\"}\n"}
,{"stream_name":"stdout","time":1766.690558743,"data":"{\"op\": \"tensordot\", \"dtype\": \"float16\", \"samples\": 3, \"diffs\": [], \"errors\": [], \"verdict\": \"ok\"}\n"}
,{"stream_name":"stdout","time":1766.690564187,"data":"{\"op\": \"tensordot\", \"dtype\": \"bfloat16\", \"samples\": 3, \"diffs\": [], \"errors\": [], \"verdict\": \"ok\"}\n"}
,{"stream_name":"stdout","time":1766.690569865,"data":"{\"op\": \"to_sparse\", \"dtype\": \"float16\", \"verdict\": \"TOOL_ERROR\", \"diffs\": [], \"errors\": [\"aten/src/ATen/functorch/DynamicLayer.cpp:475 [backend fallback]\\nPreDispatch: registered at /__w/pytorch/pytorch/aten/src/ATen/core/PythonFallbackKernel.cpp:204 [backend fallback]\\nPythonDispatcher: registered at /__w/pytorch/pytorch/aten/src/ATen/core/PythonFallbackKernel.cpp:196 [backend fallback]\\n\\n\"]}\n"}
,{"stream_name":"stdout","time":1766.690577509,"data":"{\"op\": \"to_sparse\", \"dtype\": \"bfloat16\", \"verdict\": \"TOOL_ERROR\", \"diffs\": [], \"errors\": [\"aten/src/ATen/functorch/DynamicLayer.cpp:475 [backend fallback]\\nPreDispatch: registered at /__w/pytorch/pytorch/aten/src/ATen/core/PythonFallbackKernel.cpp:204 [backend fallback]\\nPythonDispatcher: registered at /__w/pytorch/pytorch/aten/src/ATen/core/PythonFallbackKernel.cpp:196 [backend fallback]\\n\\n\"]}\n"}
,{"stream_name":"stdout","time":1766.690584919,"data":"{\"op\": \"logcumsumexp\", \"dtype\": \"float16\", \"samples\": 3, \"diffs\": [], \"errors\": [], \"verdict\": \"ok\"}\n"}
,{"stream_name":"stdout","time":1766.690590396,"data":"{\"op\": \"logcumsumexp\", \"dtype\": \"bfloat16\", \"samples\": 3, \"diffs\": [], \"errors\": [], \"verdict\": \"ok\"}\n"}
,{"stream_name":"stdout","time":1766.690595936,"data":"{\"op\": \"sigmoid\", \"dtype\": \"float16\", \"samples\": 3, \"diffs\": [], \"errors\": [], \"verdict\": \"ok\"}\n"}
,{"stream_name":"stdout","time":1766.690601324,"data":"{\"op\": \"sigmoid\", \"dtype\": \"bfloat16\", \"samples\": 3, \"diffs\": [], \"errors\": [], \"verdict\": \"ok\"}\n"}
,{"stream_name":"stdout","time":1766.690606712,"data":"{\"op\": \"digamma\", \"dtype\": \"float16\", \"samples\": 3, \"diffs\": [], \"errors\": [], \"verdict\": \"ok\"}\n"}
,{"stream_name":"stdout","time":1766.690612109,"data":"{\"op\": \"digamma\", \"dtype\": \"bfloat16\", \"samples\": 3, \"diffs\": [], \"errors\": [], \"verdict\": \"ok\"}\n"}
,{"stream_name":"stdout","time":1766.690617493,"data":"{\"op\": \"erf\", \"dtype\": \"float16\", \"samples\": 1, \"diffs\": [], \"errors\": [], \"verdict\": \"ok\"}\n"}
,{"stream_name":"stdout","time":1766.6906236,"data":"{\"op\": \"erf\", \"dtype\": \"bfloat16\", \"samples\": 1, \"diffs\": [], \"errors\": [], \"verdict\": \"ok\"}\n"}
,{"stream_name":"stdout","time":1766.690629429,"data":"{\"op\": \"erfc\", \"dtype\": \"float16\", \"samples\": 3, \"diffs\": [], \"errors\": [], \"verdict\": \"ok\"}\n"}
,{"stream_name":"stdout","time":1766.690633857,"data":"{\"op\": \"erfc\", \"dtype\": \"bfloat16\", \"samples\": 3, \"diffs\": [], \"errors\": [], \"verdict\": \"ok\"}\n"}
,{"stream_name":"stdout","time":1766.690642314,"data":"{\"op\": \"erfinv\", \"dtype\": \"float16\", \"samples\": 1, \"diffs\": [], \"errors\": [], \"verdict\": \"ok\"}\n"}
,{"stream_name":"stdout","time":1766.690648071,"data":"{\"op\": \"erfinv\", \"dtype\": \"bfloat16\", \"samples\": 1, \"diffs\": [], \"errors\": [], \"verdict\": \"ok\"}\n"}
,{"stream_name":"stdout","time":1766.690653649,"data":"{\"op\": \"nn.functional.smooth_l1_loss\", \"dtype\": \"float16\", \"samples\": 3, \"diffs\": [], \"errors\": [], \"verdict\": \"ok\"}\n"}
,{"stream_name":"stdout","time":1766.690659204,"data":"{\"op\": \"nn.functional.smooth_l1_loss\", \"dtype\": \"bfloat16\", \"samples\": 3, \"diffs\": [], \"errors\": [], \"verdict\": \"ok\"}\n"}
,{"stream_name":"stdout","time":1766.690664433,"data":"{\"op\": \"nn.functional.l1_loss\", \"dtype\": \"float16\", \"samples\": 3, \"diffs\": [], \"errors\": [], \"verdict\": \"ok\"}\n"}
,{"stream_name":"stdout","time":1766.690670151,"data":"{\"op\": \"nn.functional.l1_loss\", \"dtype\": \"bfloat16\", \"samples\": 3, \"diffs\": [], \"errors\": [], \"verdict\": \"ok\"}\n"}
,{"stream_name":"stdout","time":1766.69067576,"data":"{\"op\": \"lgamma\", \"dtype\": \"float16\", \"samples\": 3, \"diffs\": [], \"errors\": [], \"verdict\": \"ok\"}\n"}
,{"stream_name":"stdout","time":1766.690681161,"data":"{\"op\": \"lgamma\", \"dtype\": \"bfloat16\", \"samples\": 3, \"diffs\": [], \"errors\": [], \"verdict\": \"ok\"}\n"}
,{"stream_name":"stdout","time":1766.690686457,"data":"{\"op\": \"log_softmax\", \"dtype\": \"float16\", \"samples\": 3, \"diffs\": [], \"errors\": [], \"verdict\": \"ok\"}\n"}
,{"stream_name":"stdout","time":1766.690691834,"data":"{\"op\": \"log_softmax\", \"dtype\": \"bfloat16\", \"samples\": 3, \"diffs\": [], \"errors\": [], \"verdict\": \"ok\"}\n"}
,{"stream_name":"stdout","time":1766.690697232,"data":"{\"op\": \"log_softmax\", \"dtype\": \"float16\", \"samples\": 3, \"diffs\": [], \"errors\": [], \"verdict\": \"ok\"}\n"}
,{"stream_name":"stdout","time":1766.690702628,"data":"{\"op\": \"log_softmax\", \"dtype\": \"bfloat16\", \"samples\": 3, \"diffs\": [], \"errors\": [], \"verdict\": \"ok\"}\n"}
,{"stream_name":"stdout","time":1766.690708036,"data":"{\"op\": \"logit\", \"dtype\": \"float16\", \"samples\": 3, \"diffs\": [], \"errors\": [], \"verdict\": \"ok\"}\n"}
,{"stream_name":"stdout","time":1766.690713422,"data":"{\"op\": \"logit\", \"dtype\": \"bfloat16\", \"samples\": 3, \"diffs\": [], \"errors\": [], \"verdict\": \"ok\"}\n"}
,{"stream_name":"stdout","time":1766.690718898,"data":"{\"op\": \"where\", \"dtype\": \"float16\", \"samples\": 3, \"diffs\": [], \"errors\": [], \"verdict\": \"ok\"}\n"}
,{"stream_name":"stdout","time":1766.690724287,"data":"{\"op\": \"where\", \"dtype\": \"bfloat16\", \"samples\": 3, \"diffs\": [], \"errors\": [], \"verdict\": \"ok\"}\n"}
,{"stream_name":"stdout","time":1766.690729699,"data":"{\"op\": \"jiterator_unary\", \"dtype\": \"float16\", \"samples\": 3, \"diffs\": [], \"errors\": [], \"verdict\": \"ok\"}\n"}
,{"stream_name":"stdout","time":1766.690733679,"data":"{\"op\": \"jiterator_unary\", \"dtype\": \"bfloat16\", \"samples\": 3, \"diffs\": [], \"errors\": [], \"verdict\": \"ok\"}\n"}
,{"stream_name":"stdout","time":1766.690737116,"data":"{\"op\": \"jiterator_binary\", \"dtype\": \"float16\", \"samples\": 3, \"diffs\": [], \"errors\": [], \"verdict\": \"ok\"}\n"}
,{"stream_name":"stdout","time":1766.690740604,"data":"{\"op\": \"jiterator_binary\", \"dtype\": \"bfloat16\", \"samples\": 3, \"diffs\": [], \"errors\": [], \"verdict\": \"ok\"}\n"}
,{"stream_name":"stdout","time":1766.690744121,"data":"{\"op\": \"jiterator_4inputs_with_extra_args\", \"dtype\": \"float16\", \"samples\": 3, \"diffs\": [], \"errors\": [], \"verdict\": \"ok\"}\n"}
,{"stream_name":"stdout","time":1766.690750207,"data":"{\"op\": \"jiterator_4inputs_with_extra_args\", \"dtype\": \"bfloat16\", \"samples\": 3, \"diffs\": [], \"errors\": [], \"verdict\": \"ok\"}\n"}
,{"stream_name":"stdout","time":1766.690755357,"data":"{\"op\": \"jiterator_binary_return_by_ref\", \"dtype\": \"float16\", \"samples\": 3, \"diffs\": [], \"errors\": [], \"verdict\": \"ok\"}\n"}
,{"stream_name":"stdout","time":1766.690760585,"data":"{\"op\": \"jiterator_binary_return_by_ref\", \"dtype\": \"bfloat16\", \"samples\": 3, \"diffs\": [], \"errors\": [], \"verdict\": \"ok\"}\n"}
,{"stream_name":"stdout","time":1766.690765934,"data":"{\"op\": \"jiterator_2inputs_2outputs\", \"dtype\": \"float16\", \"samples\": 3, \"diffs\": [], \"errors\": [], \"verdict\": \"ok\"}\n"}
,{"stream_name":"stdout","time":1766.690771347,"data":"{\"op\": \"jiterator_2inputs_2outputs\", \"dtype\": \"bfloat16\", \"samples\": 3, \"diffs\": [], \"errors\": [], \"verdict\": \"ok\"}\n"}
,{"stream_name":"stdout","time":1766.690776472,"data":"{\"op\": \"norm\", \"dtype\": \"float16\", \"samples\": 3, \"diffs\": [], \"errors\": [], \"verdict\": \"ok\"}\n"}
,{"stream_name":"stdout","time":1766.690781496,"data":"{\"op\": \"norm\", \"dtype\": \"bfloat16\", \"samples\": 3, \"diffs\": [], \"errors\": [], \"verdict\": \"ok\"}\n"}
,{"stream_name":"stdout","time":1766.690786806,"data":"{\"op\": \"norm\", \"dtype\": \"float16\", \"samples\": 3, \"diffs\": [], \"errors\": [], \"verdict\": \"ok\"}\n"}
,{"stream_name":"stdout","time":1766.690792112,"data":"{\"op\": \"norm\", \"dtype\": \"bfloat16\", \"samples\": 3, \"diffs\": [], \"errors\": [], \"verdict\": \"ok\"}\n"}
,{"stream_name":"stdout","time":1766.690797705,"data":"{\"op\": \"norm\", \"dtype\": \"float16\", \"samples\": 3, \"diffs\": [], \"errors\": [], \"verdict\": \"ok\"}\n"}
,{"stream_name":"stdout","time":1766.690803054,"data":"{\"op\": \"norm\", \"dtype\": \"bfloat16\", \"samples\": 3, \"diffs\": [], \"errors\": [], \"verdict\": \"ok\"}\n"}
,{"stream_name":"stdout","time":1766.690808404,"data":"{\"op\": \"t\", \"dtype\": \"float16\", \"samples\": 3, \"diffs\": [], \"errors\": [], \"verdict\": \"ok\"}\n"}
,{"stream_name":"stdout","time":1766.690813747,"data":"{\"op\": \"t\", \"dtype\": \"bfloat16\", \"samples\": 3, \"diffs\": [], \"errors\": [], \"verdict\": \"ok\"}\n"}
,{"stream_name":"stdout","time":1766.690819069,"data":"{\"op\": \"t_copy\", \"dtype\": \"float16\", \"samples\": 3, \"diffs\": [], \"errors\": [], \"verdict\": \"ok\"}\n"}
,{"stream_name":"stdout","time":1766.690824379,"data":"{\"op\": \"t_copy\", \"dtype\": \"bfloat16\", \"samples\": 3, \"diffs\": [], \"errors\": [], \"verdict\": \"ok\"}\n"}
,{"stream_name":"stdout","time":1766.690829716,"data":"{\"op\": \"nn.functional.embedding\", \"dtype\": \"float16\", \"samples\": 3, \"diffs\": [], \"errors\": [], \"verdict\": \"ok\"}\n"}
,{"stream_name":"stdout","time":1766.690836129,"data":"{\"op\": \"nn.functional.embedding\", \"dtype\": \"bfloat16\", \"samples\": 3, \"diffs\": [], \"errors\": [], \"verdict\": \"ok\"}\n"}
,{"stream_name":"stdout","time":1766.690841754,"data":"{\"op\": \"nn.functional.multi_head_attention_forward\", \"dtype\": \"float16\", \"samples\": 3, \"diffs\": [], \"errors\": [], \"verdict\": \"ok\"}\n"}
,{"stream_name":"stdout","time":1766.690847748,"data":"{\"op\": \"nn.functional.multi_head_attention_forward\", \"dtype\": \"bfloat16\", \"samples\": 3, \"diffs\": [], \"errors\": [], \"verdict\": \"ok\"}\n"}
,{"stream_name":"stdout","time":1766.690852322,"data":"{\"op\": \"nn.functional.mse_loss\", \"dtype\": \"float16\", \"samples\": 3, \"diffs\": [], \"errors\": [], \"verdict\": \"ok\"}\n"}
,{"stream_name":"stdout","time":1766.690855839,"data":"{\"op\": \"nn.functional.mse_loss\", \"dtype\": \"bfloat16\", \"samples\": 3, \"diffs\": [], \"errors\": [], \"verdict\": \"ok\"}\n"}
,{"stream_name":"stdout","time":1766.690859486,"data":"{\"op\": \"grid_sampler_2d\", \"dtype\": \"float16\", \"samples\": 3, \"diffs\": [{\"i\": 0, \"class\": \"VALUE\", \"detail\": \"nan pattern at [0, 0, 0, 4]: eager nan compiled 0.0\", \"repr\": \"SampleInput(input=tensor([[[[-1.8838e+00, -3.9233e-01, -9.6045e-01, -5.3320e-01, -1.7666e+00,\\n            8.0273e-01, -1.7930e+00, -1.2744e-01,  6.9531e-01, -6.7432e-01,\\n            1.1348e+00,  2.5220e-01,  1.0996e+00,  1.2832e+00, -8.8281e-01,\\n            7.2705e-01, -8.6523e-01,  6.2695e-01, -1.0\"}, {\"i\": 1, \"class\": \"VALUE\", \"detail\": \"nan pattern at [0, 0, 0, 4]: eager nan compiled 0.0\", \"repr\": \"SampleInput(input=tensor([[[[-1.8838e+00, -3.9233e-01, -9.6045e-01, -5.3320e-01, -1.7666e+00,\\n            8.0273e-01, -1.7930e+00, -1.2744e-01,  6.9531e-01, -6.7432e-01,\\n            1.1348e+00,  2.5220e-01,  1.0996e+00,  1.2832e+00, -8.8281e-01,\\n            7.2705e-01, -8.6523e-01,  6.2695e-01, -1.0\"}, {\"i\": 2, \"class\": \"VALUE\", \"detail\": \"nan pattern at [1, 1, 0, 0]: eager 32752.0 compiled nan\", \"repr\": \"SampleInput(input=tensor([[[[-1.8838e+00, -3.9233e-01, -9.6045e-01, -5.3320e-01, -1.7666e+00,\\n            8.0273e-01, -1.7930e+00, -1.2744e-01,  6.9531e-01, -6.7432e-01,\\n            1.1348e+00,  2.5220e-01,  1.0996e+00,  1.2832e+00, -8.8281e-01,\\n            7.2705e-01, -8.6523e-01,  6.2695e-01, -1.0\"}], \"errors\": [], \"verdict\": \"DIFF:VALUE\"}\n"}
,{"stream_name":"stdout","time":1766.690871529,"data":"{\"op\": \"grid_sampler_2d\", \"dtype\": \"bfloat16\", \"samples\": 3, \"diffs\": [{\"i\": 0, \"class\": \"VALUE\", \"detail\": \"nan pattern at [0, 0, 0, 4]: eager nan compiled 0.0\", \"repr\": \"SampleInput(input=tensor([[[[-1.8828e+00, -3.9258e-01, -9.6094e-01, -5.3516e-01, -1.7656e+00,\\n            8.0078e-01, -1.7891e+00, -1.2793e-01,  6.9531e-01, -6.7578e-01,\\n            1.1328e+00,  2.5195e-01,  1.1016e+00,  1.2812e+00, -8.8281e-01,\\n            7.2656e-01, -8.6719e-01,  6.2500e-01, -1.0\"}, {\"i\": 1, \"class\": \"VALUE\", \"detail\": \"nan pattern at [0, 0, 0, 4]: eager nan compiled 0.0\", \"repr\": \"SampleInput(input=tensor([[[[-1.8828e+00, -3.9258e-01, -9.6094e-01, -5.3516e-01, -1.7656e+00,\\n            8.0078e-01, -1.7891e+00, -1.2793e-01,  6.9531e-01, -6.7578e-01,\\n            1.1328e+00,  2.5195e-01,  1.1016e+00,  1.2812e+00, -8.8281e-01,\\n            7.2656e-01, -8.6719e-01,  6.2500e-01, -1.0\"}, {\"i\": 2, \"class\": \"VALUE\", \"detail\": \"nan pattern at [1, 1, 0, 0]: eager 1.0002555517425873e+30 compiled nan\", \"repr\": \"SampleInput(input=tensor([[[[-1.8828e+00, -3.9258e-01, -9.6094e-01, -5.3516e-01, -1.7656e+00,\\n            8.0078e-01, -1.7891e+00, -1.2793e-01,  6.9531e-01, -6.7578e-01,\\n            1.1328e+00,  2.5195e-01,  1.1016e+00,  1.2812e+00, -8.8281e-01,\\n            7.2656e-01, -8.6719e-01,  6.2500e-01, -1.0\"}], \"errors\": [], \"verdict\": \"DIFF:VALUE\"}\n"}
,{"stream_name":"stdout","time":1766.690879319,"data":"{\"op\": \"grid_sampler_3d\", \"dtype\": \"float16\", \"samples\": 3, \"diffs\": [], \"errors\": [], \"verdict\": \"ok\"}\n"}
,{"stream_name":"stdout","time":1766.690882859,"data":"{\"op\": \"grid_sampler_3d\", \"dtype\": \"bfloat16\", \"samples\": 3, \"diffs\": [], \"errors\": [], \"verdict\": \"ok\"}\n"}
,{"stream_name":"stdout","time":1766.690886419,"data":"{\"op\": \"all\", \"dtype\": \"float16\", \"samples\": 3, \"diffs\": [], \"errors\": [], \"verdict\": \"ok\"}\n"}
,{"stream_name":"stdout","time":1766.690889819,"data":"{\"op\": \"all\", \"dtype\": \"bfloat16\", \"samples\": 3, \"diffs\": [], \"errors\": [], \"verdict\": \"ok\"}\n"}
,{"stream_name":"stdout","time":1766.690893208,"data":"{\"op\": \"any\", \"dtype\": \"float16\", \"samples\": 3, \"diffs\": [], \"errors\": [], \"verdict\": \"ok\"}\n"}
,{"stream_name":"stdout","time":1766.690896579,"data":"{\"op\": \"any\", \"dtype\": \"bfloat16\", \"samples\": 3, \"diffs\": [], \"errors\": [], \"verdict\": \"ok\"}\n"}
,{"stream_name":"stdout","time":1766.690899948,"data":"{\"op\": \"amax\", \"dtype\": \"float16\", \"samples\": 3, \"diffs\": [], \"errors\": [], \"verdict\": \"ok\"}\n"}
,{"stream_name":"stdout","time":1766.690906046,"data":"{\"op\": \"amax\", \"dtype\": \"bfloat16\", \"samples\": 3, \"diffs\": [], \"errors\": [], \"verdict\": \"ok\"}\n"}
,{"stream_name":"stdout","time":1766.690910324,"data":"{\"op\": \"amin\", \"dtype\": \"float16\", \"samples\": 3, \"diffs\": [], \"errors\": [], \"verdict\": \"ok\"}\n"}
,{"stream_name":"stdout","time":1766.690915099,"data":"{\"op\": \"amin\", \"dtype\": \"bfloat16\", \"samples\": 3, \"diffs\": [], \"errors\": [], \"verdict\": \"ok\"}\n"}
,{"stream_name":"stdout","time":1766.690920911,"data":"{\"op\": \"argmax\", \"dtype\": \"float16\", \"samples\": 3, \"diffs\": [], \"errors\": [], \"verdict\": \"ok\"}\n"}
,{"stream_name":"stdout","time":1766.690926116,"data":"{\"op\": \"argmax\", \"dtype\": \"bfloat16\", \"samples\": 3, \"diffs\": [], \"errors\": [], \"verdict\": \"ok\"}\n"}
,{"stream_name":"stdout","time":1766.690931269,"data":"{\"op\": \"argmin\", \"dtype\": \"float16\", \"samples\": 3, \"diffs\": [], \"errors\": [], \"verdict\": \"ok\"}\n"}
,{"stream_name":"stdout","time":1766.690936191,"data":"{\"op\": \"argmin\", \"dtype\": \"bfloat16\", \"samples\": 3, \"diffs\": [], \"errors\": [], \"verdict\": \"ok\"}\n"}
,{"stream_name":"stdout","time":1766.690941223,"data":"{\"op\": \"mean\", \"dtype\": \"float16\", \"samples\": 3, \"diffs\": [], \"errors\": [], \"verdict\": \"ok\"}\n"}
,{"stream_name":"stdout","time":1766.690946269,"data":"{\"op\": \"mean\", \"dtype\": \"bfloat16\", \"samples\": 3, \"diffs\": [], \"errors\": [], \"verdict\": \"ok\"}\n"}
,{"stream_name":"stdout","time":1766.690951408,"data":"{\"op\": \"nanmean\", \"dtype\": \"float16\", \"samples\": 3, \"diffs\": [], \"errors\": [], \"verdict\": \"ok\"}\n"}
,{"stream_name":"stdout","time":1766.690956486,"data":"{\"op\": \"nanmean\", \"dtype\": \"bfloat16\", \"samples\": 3, \"diffs\": [], \"errors\": [], \"verdict\": \"ok\"}\n"}
,{"stream_name":"stdout","time":1766.69096288,"data":"{\"op\": \"std\", \"dtype\": \"float16\", \"samples\": 3, \"diffs\": [], \"errors\": [], \"verdict\": \"ok\"}\n"}
,{"stream_name":"stdout","time":1766.690968399,"data":"{\"op\": \"std\", \"dtype\": \"bfloat16\", \"samples\": 3, \"diffs\": [{\"i\": 1, \"class\": \"VALUE\", \"detail\": \"inf at [0, 1]: eager 1.5153199151948041e+38 compiled inf\", \"repr\": \"SampleInput(input=tensor([[[-8.5000, -1.7656, -4.3125, -2.4062, -7.9375],\\n         [ 3.6094, -8.0625, -0.5742,  3.1250, -3.0312],\\n         [ 5.0938,  1.1328,  4.9375,  5.7812, -3.9688],\\n         [ 3.2656, -3.8906,  2.8281, -4.6875,  4.1562],\\n         [ 1.8203, -3.5156, -4.4062,  2.3281,  8.3750]],\\n\\n\"}, {\"i\": 2, \"class\": \"VALUE\", \"detail\": \"inf at [0, 0, 1]: eager 1.5153199151948041e+38 compiled inf\", \"repr\": \"SampleInput(input=tensor([[[-8.5000, -1.7656, -4.3125, -2.4062, -7.9375],\\n         [ 3.6094, -8.0625, -0.5742,  3.1250, -3.0312],\\n         [ 5.0938,  1.1328,  4.9375,  5.7812, -3.9688],\\n         [ 3.2656, -3.8906,  2.8281, -4.6875,  4.1562],\\n         [ 1.8203, -3.5156, -4.4062,  2.3281,  8.3750]],\\n\\n\"}], \"errors\": [], \"verdict\": \"DIFF:VALUE\"}\n"}
,{"stream_name":"stdout","time":1766.690979406,"data":"{\"op\": \"std\", \"dtype\": \"float16\", \"samples\": 3, \"diffs\": [], \"errors\": [], \"verdict\": \"ok\"}\n"}
,{"stream_name":"stdout","time":1766.690985369,"data":"{\"op\": \"std\", \"dtype\": \"bfloat16\", \"samples\": 3, \"diffs\": [], \"errors\": [], \"verdict\": \"ok\"}\n"}
,{"stream_name":"stdout","time":1766.690990721,"data":"{\"op\": \"var\", \"dtype\": \"float16\", \"samples\": 3, \"diffs\": [], \"errors\": [], \"verdict\": \"ok\"}\n"}
,{"stream_name":"stdout","time":1766.690996161,"data":"{\"op\": \"var\", \"dtype\": \"bfloat16\", \"samples\": 3, \"diffs\": [], \"errors\": [], \"verdict\": \"ok\"}\n"}
,{"stream_name":"stdout","time":1766.69100728,"data":"{\"op\": \"var\", \"dtype\": \"float16\", \"samples\": 3, \"diffs\": [], \"errors\": [], \"verdict\": \"ok\"}\n"}
,{"stream_name":"stdout","time":1766.691011449,"data":"{\"op\": \"var\", \"dtype\": \"bfloat16\", \"samples\": 3, \"diffs\": [], \"errors\": [], \"verdict\": \"ok\"}\n"}
,{"stream_name":"stdout","time":1766.691014959,"data":"{\"op\": \"prod\", \"dtype\": \"float16\", \"samples\": 3, \"diffs\": [], \"errors\": [], \"verdict\": \"ok\"}\n"}
,{"stream_name":"stdout","time":1766.691018421,"data":"{\"op\": \"prod\", \"dtype\": \"bfloat16\", \"samples\": 3, \"diffs\": [], \"errors\": [], \"verdict\": \"ok\"}\n"}
,{"stream_name":"stdout","time":1766.691021904,"data":"{\"op\": \"sum\", \"dtype\": \"float16\", \"samples\": 3, \"diffs\": [], \"errors\": [], \"verdict\": \"ok\"}\n"}
,{"stream_name":"stdout","time":1766.691025217,"data":"{\"op\": \"sum\", \"dtype\": \"bfloat16\", \"samples\": 3, \"diffs\": [], \"errors\": [], \"verdict\": \"ok\"}\n"}
,{"stream_name":"stdout","time":1766.691028545,"data":"{\"op\": \"nansum\", \"dtype\": \"float16\", \"samples\": 3, \"diffs\": [], \"errors\": [], \"verdict\": \"ok\"}\n"}
,{"stream_name":"stdout","time":1766.691031945,"data":"{\"op\": \"nansum\", \"dtype\": \"bfloat16\", \"samples\": 3, \"diffs\": [], \"errors\": [], \"verdict\": \"ok\"}\n"}
,{"stream_name":"stdout","time":1766.691035303,"data":"{\"op\": \"hash_tensor\", \"dtype\": \"float16\", \"samples\": 3, \"diffs\": [], \"errors\": [], \"verdict\": \"ok\"}\n"}
,{"stream_name":"stdout","time":1766.691038729,"data":"{\"op\": \"hash_tensor\", \"dtype\": \"bfloat16\", \"samples\": 3, \"diffs\": [], \"errors\": [], \"verdict\": \"ok\"}\n"}
,{"stream_name":"stdout","time":1766.691042228,"data":"{\"op\": \"nn.functional.cosine_embedding_loss\", \"dtype\": \"float16\", \"samples\": 3, \"diffs\": [{\"i\": 0, \"class\": \"VALUE\", \"detail\": \"nan pattern at [3]: eager nan compiled 0.06689453125\", \"repr\": \"SampleInput(input=tensor([[-8.4766, -1.7656, -4.3242, -2.4004, -7.9492],\\n        [ 3.6113, -8.0703, -0.5737,  3.1289, -3.0332],\\n        [ 5.1055,  1.1348,  4.9492,  5.7734, -3.9727],\\n        [ 3.2715, -3.8945,  2.8203, -4.7031,  4.1641],\\n        [ 1.8223, -3.5215, -4.4141,  2.3281,  8.3984]], dtype=\"}], \"errors\": [], \"verdict\": \"DIFF:VALUE\"}\n"}
,{"stream_name":"stdout","time":1766.691047209,"data":"{\"op\": \"nn.functional.cosine_embedding_loss\", \"dtype\": \"bfloat16\", \"samples\": 3, \"diffs\": [], \"errors\": [], \"verdict\": \"ok\"}\n"}
,{"stream_name":"stdout","time":1766.691050871,"data":"{\"op\": \"nn.functional.nll_loss\", \"dtype\": \"float16\", \"samples\": 3, \"diffs\": [], \"errors\": [], \"verdict\": \"ok\"}\n"}
,{"stream_name":"stdout","time":1766.691054612,"data":"{\"op\": \"nn.functional.nll_loss\", \"dtype\": \"bfloat16\", \"samples\": 3, \"diffs\": [], \"errors\": [], \"verdict\": \"ok\"}\n"}
,{"stream_name":"stdout","time":1766.691058101,"data":"{\"op\": \"nn.functional.gaussian_nll_loss\", \"dtype\": \"float16\", \"samples\": 3, \"diffs\": [], \"errors\": [], \"verdict\": \"ok\"}\n"}
,{"stream_name":"stdout","time":1766.691061561,"data":"{\"op\": \"nn.functional.gaussian_nll_loss\", \"dtype\": \"bfloat16\", \"samples\": 3, \"diffs\": [], \"errors\": [], \"verdict\": \"ok\"}\n"}
,{"stream_name":"stdout","time":1766.691065041,"data":"{\"op\": \"nn.functional.hinge_embedding_loss\", \"dtype\": \"float16\", \"samples\": 3, \"diffs\": [], \"errors\": [], \"verdict\": \"ok\"}\n"}
,{"stream_name":"stdout","time":1766.691068517,"data":"{\"op\": \"nn.functional.hinge_embedding_loss\", \"dtype\": \"bfloat16\", \"samples\": 3, \"diffs\": [], \"errors\": [], \"verdict\": \"ok\"}\n"}
,{"stream_name":"stdout","time":1766.691072162,"data":"{\"op\": \"nn.functional.huber_loss\", \"dtype\": \"float16\", \"samples\": 3, \"diffs\": [], \"errors\": [], \"verdict\": \"ok\"}\n"}
,{"stream_name":"stdout","time":1766.691078219,"data":"{\"op\": \"nn.functional.huber_loss\", \"dtype\": \"bfloat16\", \"samples\": 3, \"diffs\": [], \"errors\": [], \"verdict\": \"ok\"}\n"}
,{"stream_name":"stdout","time":1766.691081737,"data":"{\"op\": \"repeat_interleave\", \"dtype\": \"float16\", \"samples\": 3, \"diffs\": [], \"errors\": [], \"verdict\": \"ok\"}\n"}
,{"stream_name":"stdout","time":1766.691085249,"data":"{\"op\": \"repeat_interleave\", \"dtype\": \"bfloat16\", \"samples\": 3, \"diffs\": [], \"errors\": [], \"verdict\": \"ok\"}\n"}
,{"stream_name":"stdout","time":1766.691088597,"data":"{\"op\": \"nn.functional.pairwise_distance\", \"dtype\": \"float16\", \"samples\": 3, \"diffs\": [], \"errors\": [], \"verdict\": \"ok\"}\n"}
,{"stream_name":"stdout","time":1766.691091976,"data":"{\"op\": \"nn.functional.pairwise_distance\", \"dtype\": \"bfloat16\", \"samples\": 3, \"diffs\": [], \"errors\": [], \"verdict\": \"ok\"}\n"}
,{"stream_name":"stdout","time":1766.691095471,"data":"{\"op\": \"nn.functional.pixel_shuffle\", \"dtype\": \"float16\", \"samples\": 3, \"diffs\": [], \"errors\": [], \"verdict\": \"ok\"}\n"}
,{"stream_name":"stdout","time":1766.691098992,"data":"{\"op\": \"nn.functional.pixel_shuffle\", \"dtype\": \"bfloat16\", \"samples\": 3, \"diffs\": [], \"errors\": [], \"verdict\": \"ok\"}\n"}
,{"stream_name":"stdout","time":1766.691102647,"data":"{\"op\": \"nn.functional.pixel_unshuffle\", \"dtype\": \"float16\", \"samples\": 3, \"diffs\": [], \"errors\": [], \"verdict\": \"ok\"}\n"}
,{"stream_name":"stdout","time":1766.691106116,"data":"{\"op\": \"nn.functional.pixel_unshuffle\", \"dtype\": \"bfloat16\", \"samples\": 3, \"diffs\": [], \"errors\": [], \"verdict\": \"ok\"}\n"}
,{"stream_name":"stdout","time":1766.691109526,"data":"{\"op\": \"nn.functional.channel_shuffle\", \"dtype\": \"float16\", \"samples\": 3, \"diffs\": [], \"errors\": [], \"verdict\": \"ok\"}\n"}
,{"stream_name":"stdout","time":1766.691112907,"data":"{\"op\": \"nn.functional.channel_shuffle\", \"dtype\": \"bfloat16\", \"samples\": 3, \"diffs\": [], \"errors\": [], \"verdict\": \"ok\"}\n"}
,{"stream_name":"stdout","time":1766.691116321,"data":"{\"op\": \"nn.functional.kl_div\", \"dtype\": \"float16\", \"samples\": 3, \"diffs\": [], \"errors\": [], \"verdict\": \"ok\"}\n"}
,{"stream_name":"stdout","time":1766.691120059,"data":"{\"op\": \"nn.functional.kl_div\", \"dtype\": \"bfloat16\", \"samples\": 3, \"diffs\": [], \"errors\": [], \"verdict\": \"ok\"}\n"}
,{"stream_name":"stdout","time":1766.691123481,"data":"{\"op\": \"diagflat\", \"dtype\": \"float16\", \"samples\": 3, \"diffs\": [], \"errors\": [], \"verdict\": \"ok\"}\n"}
,{"stream_name":"stdout","time":1766.691126848,"data":"{\"op\": \"diagflat\", \"dtype\": \"bfloat16\", \"samples\": 3, \"diffs\": [], \"errors\": [], \"verdict\": \"ok\"}\n"}
,{"stream_name":"stdout","time":1766.691130317,"data":"{\"op\": \"scatter_reduce\", \"dtype\": \"float16\", \"samples\": 3, \"diffs\": [], \"errors\": [], \"verdict\": \"ok\"}\n"}
,{"stream_name":"stdout","time":1766.691133678,"data":"{\"op\": \"scatter_reduce\", \"dtype\": \"bfloat16\", \"samples\": 3, \"diffs\": [], \"errors\": [], \"verdict\": \"ok\"}\n"}
,{"stream_name":"stdout","time":1766.691137044,"data":"{\"op\": \"scatter_reduce\", \"dtype\": \"float16\", \"samples\": 3, \"diffs\": [], \"errors\": [], \"verdict\": \"ok\"}\n"}
,{"stream_name":"stdout","time":1766.691140385,"data":"{\"op\": \"scatter_reduce\", \"dtype\": \"bfloat16\", \"samples\": 3, \"diffs\": [], \"errors\": [], \"verdict\": \"ok\"}\n"}
,{"stream_name":"stdout","time":1766.691143828,"data":"{\"op\": \"scatter_reduce\", \"dtype\": \"float16\", \"samples\": 3, \"diffs\": [], \"errors\": [], \"verdict\": \"ok\"}\n"}
,{"stream_name":"stdout","time":1766.691147367,"data":"{\"op\": \"scatter_reduce\", \"dtype\": \"bfloat16\", \"samples\": 3, \"diffs\": [], \"errors\": [], \"verdict\": \"ok\"}\n"}
,{"stream_name":"stdout","time":1766.691154759,"data":"{\"op\": \"scatter_reduce\", \"dtype\": \"float16\", \"samples\": 3, \"diffs\": [], \"errors\": [], \"verdict\": \"ok\"}\n"}
,{"stream_name":"stdout","time":1766.691160124,"data":"{\"op\": \"scatter_reduce\", \"dtype\": \"bfloat16\", \"samples\": 3, \"diffs\": [], \"errors\": [], \"verdict\": \"ok\"}\n"}
,{"stream_name":"stdout","time":1766.691165717,"data":"{\"op\": \"scatter_reduce\", \"dtype\": \"float16\", \"samples\": 3, \"diffs\": [], \"errors\": [], \"verdict\": \"ok\"}\n"}
,{"stream_name":"stdout","time":1766.691170724,"data":"{\"op\": \"scatter_reduce\", \"dtype\": \"bfloat16\", \"samples\": 3, \"diffs\": [], \"errors\": [], \"verdict\": \"ok\"}\n"}
,{"stream_name":"stdout","time":1766.691177859,"data":"{\"op\": \"_segment_reduce\", \"dtype\": \"float16\", \"samples\": 3, \"diffs\": [], \"errors\": [], \"verdict\": \"ok\"}\n"}
,{"stream_name":"stdout","time":1766.691182889,"data":"{\"op\": \"_segment_reduce\", \"dtype\": \"bfloat16\", \"samples\": 3, \"diffs\": [], \"errors\": [], \"verdict\": \"ok\"}\n"}
,{"stream_name":"stdout","time":1766.691187896,"data":"{\"op\": \"_segment_reduce\", \"dtype\": \"float16\", \"samples\": 3, \"diffs\": [], \"errors\": [], \"verdict\": \"ok\"}\n"}
,{"stream_name":"stdout","time":1766.691193347,"data":"{\"op\": \"_segment_reduce\", \"dtype\": \"bfloat16\", \"samples\": 3, \"diffs\": [], \"errors\": [], \"verdict\": \"ok\"}\n"}
,{"stream_name":"stdout","time":1766.69119969,"data":"{\"op\": \"linalg.cross\", \"dtype\": \"float16\", \"samples\": 3, \"diffs\": [{\"i\": 1, \"class\": \"VALUE\", \"detail\": \"nan pattern at [0, 0, 1]: eager nan compiled 0.0\", \"repr\": \"SampleInput(input=tensor([[[-8.4766, -1.7656, -4.3242, -2.4004, -7.9492],\\n         [ 3.6113, -8.0703, -0.5737,  3.1289, -3.0332],\\n         [ 5.1055,  1.1348,  4.9492,  5.7734, -3.9727]],\\n\\n        [[ 3.2715, -3.8945,  2.8203, -4.7031,  4.1641],\\n         [ 1.8223, -3.5215, -4.4141,  2.3281,  8.3984],\\n\"}], \"errors\": [], \"verdict\": \"DIFF:VALUE\"}\n"}
,{"stream_name":"stdout","time":1766.691208116,"data":"{\"op\": \"linalg.cross\", \"dtype\": \"bfloat16\", \"samples\": 3, \"diffs\": [], \"errors\": [], \"verdict\": \"ok\"}\n"}
,{"stream_name":"stdout","time":1766.691213802,"data":"{\"op\": \"linalg.diagonal\", \"dtype\": \"float16\", \"samples\": 3, \"diffs\": [], \"errors\": [], \"verdict\": \"ok\"}\n"}
,{"stream_name":"stdout","time":1766.691219316,"data":"{\"op\": \"linalg.diagonal\", \"dtype\": \"bfloat16\", \"samples\": 3, \"diffs\": [], \"errors\": [], \"verdict\": \"ok\"}\n"}
,{"stream_name":"stdout","time":1766.691224647,"data":"{\"op\": \"linalg.vecdot\", \"dtype\": \"float16\", \"samples\": 3, \"diffs\": [], \"errors\": [], \"verdict\": \"ok\"}\n"}
,{"stream_name":"stdout","time":1766.691230159,"data":"{\"op\": \"linalg.vecdot\", \"dtype\": \"bfloat16\", \"samples\": 3, \"diffs\": [], \"errors\": [], \"verdict\": \"ok\"}\n"}
,{"stream_name":"stdout","time":1766.691235564,"data":"{\"op\": \"linalg.multi_dot\", \"dtype\": \"float16\", \"samples\": 3, \"diffs\": [], \"errors\": [], \"verdict\": \"ok\"}\n"}
,{"stream_name":"stdout","time":1766.691240881,"data":"{\"op\": \"linalg.multi_dot\", \"dtype\": \"bfloat16\", \"samples\": 3, \"diffs\": [], \"errors\": [], \"verdict\": \"ok\"}\n"}
,{"stream_name":"stdout","time":1766.691246705,"data":"{\"op\": \"linalg.norm\", \"dtype\": \"float16\", \"samples\": 3, \"diffs\": [], \"errors\": [], \"verdict\": \"ok\"}\n"}
,{"stream_name":"stdout","time":1766.691250319,"data":"{\"op\": \"linalg.norm\", \"dtype\": \"bfloat16\", \"samples\": 3, \"diffs\": [], \"errors\": [], \"verdict\": \"ok\"}\n"}
,{"stream_name":"stdout","time":1766.691253744,"data":"{\"op\": \"linalg.norm\", \"dtype\": \"float16\", \"samples\": 3, \"diffs\": [], \"errors\": [], \"verdict\": \"ok\"}\n"}
,{"stream_name":"stdout","time":1766.691260207,"data":"{\"op\": \"linalg.norm\", \"dtype\": \"bfloat16\", \"samples\": 3, \"diffs\": [], \"errors\": [], \"verdict\": \"ok\"}\n"}
,{"stream_name":"stdout","time":1766.691270511,"data":"{\"op\": \"linalg.matrix_norm\", \"dtype\": \"float16\", \"samples\": 3, \"diffs\": [], \"errors\": [], \"verdict\": \"ok\"}\n"}
,{"stream_name":"stdout","time":1766.691274209,"data":"{\"op\": \"linalg.matrix_norm\", \"dtype\": \"bfloat16\", \"samples\": 3, \"diffs\": [], \"errors\": [], \"verdict\": \"ok\"}\n"}
,{"stream_name":"stdout","time":1766.691277654,"data":"{\"op\": \"linalg.vector_norm\", \"dtype\": \"float16\", \"samples\": 3, \"diffs\": [], \"errors\": [], \"verdict\": \"ok\"}\n"}
,{"stream_name":"stdout","time":1766.691281054,"data":"{\"op\": \"linalg.vector_norm\", \"dtype\": \"bfloat16\", \"samples\": 3, \"diffs\": [], \"errors\": [], \"verdict\": \"ok\"}\n"}
,{"stream_name":"stdout","time":1766.691284429,"data":"{\"op\": \"special.i0e\", \"dtype\": \"float16\", \"samples\": 2, \"diffs\": [], \"errors\": [], \"verdict\": \"ok\"}\n"}
,{"stream_name":"stdout","time":1766.69128787,"data":"{\"op\": \"special.i0e\", \"dtype\": \"bfloat16\", \"samples\": 2, \"diffs\": [], \"errors\": [], \"verdict\": \"ok\"}\n"}
,{"stream_name":"stdout","time":1766.691291299,"data":"{\"op\": \"special.i1\", \"dtype\": \"float16\", \"samples\": 2, \"diffs\": [], \"errors\": [], \"verdict\": \"ok\"}\n"}
,{"stream_name":"stdout","time":1766.69129503,"data":"{\"op\": \"special.i1\", \"dtype\": \"bfloat16\", \"samples\": 2, \"diffs\": [], \"errors\": [], \"verdict\": \"ok\"}\n"}
,{"stream_name":"stdout","time":1766.691298489,"data":"{\"op\": \"special.i1e\", \"dtype\": \"float16\", \"samples\": 2, \"diffs\": [], \"errors\": [], \"verdict\": \"ok\"}\n"}
,{"stream_name":"stdout","time":1766.691301852,"data":"{\"op\": \"special.i1e\", \"dtype\": \"bfloat16\", \"samples\": 2, \"diffs\": [], \"errors\": [], \"verdict\": \"ok\"}\n"}
,{"stream_name":"stdout","time":1766.691305201,"data":"{\"op\": \"special.ndtr\", \"dtype\": \"float16\", \"samples\": 3, \"diffs\": [], \"errors\": [], \"verdict\": \"ok\"}\n"}
,{"stream_name":"stdout","time":1766.691308567,"data":"{\"op\": \"special.ndtr\", \"dtype\": \"bfloat16\", \"samples\": 3, \"diffs\": [], \"errors\": [], \"verdict\": \"ok\"}\n"}
,{"stream_name":"stdout","time":1766.691311929,"data":"{\"op\": \"special.polygamma\", \"dtype\": \"float16\", \"samples\": 3, \"diffs\": [], \"errors\": [], \"verdict\": \"ok\"}\n"}
,{"stream_name":"stdout","time":1766.691315331,"data":"{\"op\": \"special.polygamma\", \"dtype\": \"bfloat16\", \"samples\": 3, \"diffs\": [], \"errors\": [], \"verdict\": \"ok\"}\n"}
,{"stream_name":"stdout","time":1766.691318825,"data":"{\"op\": \"special.xlog1py\", \"dtype\": \"float16\", \"samples\": 3, \"diffs\": [], \"errors\": [], \"verdict\": \"ok\"}\n"}
,{"stream_name":"stdout","time":1766.691322196,"data":"{\"op\": \"special.xlog1py\", \"dtype\": \"bfloat16\", \"samples\": 3, \"diffs\": [], \"errors\": [], \"verdict\": \"ok\"}\n"}
,{"stream_name":"stdout","time":1766.691325764,"data":"{\"op\": \"special.entr\", \"dtype\": \"float16\", \"samples\": 2, \"diffs\": [], \"errors\": [], \"verdict\": \"ok\"}\n"}
,{"stream_name":"stdout","time":1766.691329134,"data":"{\"op\": \"special.entr\", \"dtype\": \"bfloat16\", \"samples\": 2, \"diffs\": [], \"errors\": [], \"verdict\": \"ok\"}\n"}
,{"stream_name":"stdout","time":1766.691332467,"data":"{\"op\": \"masked.sum\", \"dtype\": \"float16\", \"samples\": 3, \"diffs\": [], \"errors\": [], \"verdict\": \"ok\"}\n"}
,{"stream_name":"stdout","time":1766.69133578,"data":"{\"op\": \"masked.sum\", \"dtype\": \"bfloat16\", \"samples\": 3, \"diffs\": [], \"errors\": [], \"verdict\": \"ok\"}\n"}
,{"stream_name":"stdout","time":1766.691342497,"data":"{\"op\": \"masked.prod\", \"dtype\": \"float16\", \"samples\": 3, \"diffs\": [], \"errors\": [], \"verdict\": \"ok\"}\n"}
,{"stream_name":"stdout","time":1766.691345991,"data":"{\"op\": \"masked.prod\", \"dtype\": \"bfloat16\", \"samples\": 3, \"diffs\": [], \"errors\": [], \"verdict\": \"ok\"}\n"}
,{"stream_name":"stdout","time":1766.691349452,"data":"{\"op\": \"masked.cumsum\", \"dtype\": \"float16\", \"samples\": 3, \"diffs\": [], \"errors\": [], \"verdict\": \"ok\"}\n"}
,{"stream_name":"stdout","time":1766.691352956,"data":"{\"op\": \"masked.cumsum\", \"dtype\": \"bfloat16\", \"samples\": 3, \"diffs\": [], \"errors\": [], \"verdict\": \"ok\"}\n"}
,{"stream_name":"stdout","time":1766.691356317,"data":"{\"op\": \"masked.cumprod\", \"dtype\": \"float16\", \"samples\": 3, \"diffs\": [], \"errors\": [], \"verdict\": \"ok\"}\n"}
,{"stream_name":"stdout","time":1766.691359754,"data":"{\"op\": \"masked.cumprod\", \"dtype\": \"bfloat16\", \"samples\": 3, \"diffs\": [], \"errors\": [], \"verdict\": \"ok\"}\n"}
,{"stream_name":"stdout","time":1766.691363139,"data":"{\"op\": \"masked.amax\", \"dtype\": \"float16\", \"samples\": 3, \"diffs\": [], \"errors\": [], \"verdict\": \"ok\"}\n"}
,{"stream_name":"stdout","time":1766.691366806,"data":"{\"op\": \"masked.amax\", \"dtype\": \"bfloat16\", \"samples\": 3, \"diffs\": [], \"errors\": [], \"verdict\": \"ok\"}\n"}
,{"stream_name":"stdout","time":1766.691370227,"data":"{\"op\": \"masked.amin\", \"dtype\": \"float16\", \"samples\": 3, \"diffs\": [], \"errors\": [], \"verdict\": \"ok\"}\n"}
,{"stream_name":"stdout","time":1766.691373587,"data":"{\"op\": \"masked.amin\", \"dtype\": \"bfloat16\", \"samples\": 3, \"diffs\": [], \"errors\": [], \"verdict\": \"ok\"}\n"}
,{"stream_name":"stdout","time":1766.691376962,"data":"{\"op\": \"masked.argmax\", \"dtype\": \"float16\", \"samples\": 3, \"diffs\": [], \"errors\": [], \"verdict\": \"ok\"}\n"}
,{"stream_name":"stdout","time":1766.691380385,"data":"{\"op\": \"masked.argmax\", \"dtype\": \"bfloat16\", \"samples\": 3, \"diffs\": [], \"errors\": [], \"verdict\": \"ok\"}\n"}
,{"stream_name":"stdout","time":1766.691383754,"data":"{\"op\": \"masked.argmin\", \"dtype\": \"float16\", \"samples\": 3, \"diffs\": [], \"errors\": [], \"verdict\": \"ok\"}\n"}
,{"stream_name":"stdout","time":1766.691387224,"data":"{\"op\": \"masked.argmin\", \"dtype\": \"bfloat16\", \"samples\": 3, \"diffs\": [], \"errors\": [], \"verdict\": \"ok\"}\n"}
,{"stream_name":"stdout","time":1766.691390667,"data":"{\"op\": \"masked.mean\", \"dtype\": \"float16\", \"samples\": 3, \"diffs\": [], \"errors\": [], \"verdict\": \"ok\"}\n"}
,{"stream_name":"stdout","time":1766.691394019,"data":"{\"op\": \"masked.mean\", \"dtype\": \"bfloat16\", \"samples\": 3, \"diffs\": [], \"errors\": [], \"verdict\": \"ok\"}\n"}
,{"stream_name":"stdout","time":1766.691397366,"data":"{\"op\": \"masked.norm\", \"dtype\": \"float16\", \"samples\": 3, \"diffs\": [], \"errors\": [], \"verdict\": \"ok\"}\n"}
,{"stream_name":"stdout","time":1766.691400726,"data":"{\"op\": \"masked.norm\", \"dtype\": \"bfloat16\", \"samples\": 3, \"diffs\": [], \"errors\": [], \"verdict\": \"ok\"}\n"}
,{"stream_name":"stdout","time":1766.691404121,"data":"{\"op\": \"masked.var\", \"dtype\": \"float16\", \"samples\": 3, \"diffs\": [], \"errors\": [], \"verdict\": \"ok\"}\n"}
,{"stream_name":"stdout","time":1766.691407471,"data":"{\"op\": \"masked.var\", \"dtype\": \"bfloat16\", \"samples\": 3, \"diffs\": [], \"errors\": [], \"verdict\": \"ok\"}\n"}
,{"stream_name":"stdout","time":1766.691410851,"data":"{\"op\": \"masked.std\", \"dtype\": \"float16\", \"samples\": 3, \"diffs\": [], \"errors\": [], \"verdict\": \"ok\"}\n"}
,{"stream_name":"stdout","time":1766.691414203,"data":"{\"op\": \"masked.std\", \"dtype\": \"bfloat16\", \"samples\": 3, \"diffs\": [], \"errors\": [], \"verdict\": \"ok\"}\n"}
,{"stream_name":"stdout","time":1766.691420014,"data":"{\"op\": \"masked.softmax\", \"dtype\": \"float16\", \"samples\": 3, \"diffs\": [], \"errors\": [], \"verdict\": \"ok\"}\n"}
,{"stream_name":"stdout","time":1766.69142365,"data":"{\"op\": \"masked.softmax\", \"dtype\": \"bfloat16\", \"samples\": 3, \"diffs\": [], \"errors\": [], \"verdict\": \"ok\"}\n"}
,{"stream_name":"stdout","time":1766.69142707,"data":"{\"op\": \"masked.log_softmax\", \"dtype\": \"float16\", \"samples\": 3, \"diffs\": [], \"errors\": [], \"verdict\": \"ok\"}\n"}
,{"stream_name":"stdout","time":1766.691430505,"data":"{\"op\": \"masked.log_softmax\", \"dtype\": \"bfloat16\", \"samples\": 3, \"diffs\": [], \"errors\": [], \"verdict\": \"ok\"}\n"}
,{"stream_name":"stdout","time":1766.691433911,"data":"{\"op\": \"masked.softmin\", \"dtype\": \"float16\", \"samples\": 3, \"diffs\": [], \"errors\": [], \"verdict\": \"ok\"}\n"}
,{"stream_name":"stdout","time":1766.691438129,"data":"{\"op\": \"masked.softmin\", \"dtype\": \"bfloat16\", \"samples\": 3, \"diffs\": [], \"errors\": [], \"verdict\": \"ok\"}\n"}
,{"stream_name":"stdout","time":1766.691498134,"data":"{\"op\": \"masked.logaddexp\", \"dtype\": \"float16\", \"samples\": 3, \"diffs\": [], \"errors\": [], \"verdict\": \"ok\"}\n"}
,{"stream_name":"stdout","time":1766.691509353,"data":"{\"op\": \"masked.logaddexp\", \"dtype\": \"bfloat16\", \"samples\": 3, \"diffs\": [], \"errors\": [], \"verdict\": \"ok\"}\n"}
,{"stream_name":"stdout","time":1766.691515189,"data":"{\"op\": \"masked.logsumexp\", \"dtype\": \"float16\", \"samples\": 3, \"diffs\": [], \"errors\": [], \"verdict\": \"ok\"}\n"}
,{"stream_name":"stdout","time":1766.691520377,"data":"{\"op\": \"masked.logsumexp\", \"dtype\": \"bfloat16\", \"samples\": 3, \"diffs\": [], \"errors\": [], \"verdict\": \"ok\"}\n"}
,{"stream_name":"stdout","time":1766.691524019,"data":"{\"op\": \"bmm\", \"dtype\": \"float16\", \"samples\": 3, \"diffs\": [{\"i\": 0, \"class\": \"SIGNZERO\", \"detail\": \"sign of zero\", \"repr\": \"SampleInput(input=tensor([[[-8.4766],\\n         [-1.7656],\\n         [-4.3242],\\n         [-2.4004],\\n         [-7.9492],\\n         [ 3.6113],\\n         [-8.0703],\\n         [-0.5737],\\n         [ 3.1289],\\n         [-3.0332],\\n         [ 5.1055],\\n         [ 1.1348],\\n         [ 4.9492],\\n         [ 5.7734],\\n  \"}, {\"i\": 1, \"class\": \"SIGNZERO\", \"detail\": \"sign of zero\", \"repr\": \"SampleInput(input=tensor([[[-1.8838],\\n         [-0.3923],\\n         [-0.9604],\\n         [-0.5332],\\n         [-1.7666],\\n         [ 0.8027],\\n         [-1.7930],\\n         [-0.1274],\\n         [ 0.6953],\\n         [-0.6743],\\n         [ 1.1348],\\n         [ 0.2522],\\n         [ 1.0996],\\n         [ 1.2832],\\n  \"}, {\"i\": 2, \"class\": \"SIGNZERO\", \"detail\": \"sign of zero\", \"repr\": \"SampleInput(input=tensor([[[0.1261],\\n         [0.4617],\\n         [0.3337],\\n         [0.4299],\\n         [0.1525],\\n         [0.7305],\\n         [0.1466],\\n         [0.5215],\\n         [0.7065],\\n         [0.3984],\\n         [0.8052],\\n         [0.6069],\\n         [0.7974],\\n         [0.8389],\\n         [0.3513\"}], \"errors\": [], \"verdict\": \"DIFF:SIGNZERO\"}\n"}
,{"stream_name":"stdout","time":1766.691532995,"data":"{\"op\": \"bmm\", \"dtype\": \"bfloat16\", \"samples\": 3, \"diffs\": [{\"i\": 0, \"class\": \"SIGNZERO\", \"detail\": \"sign of zero\", \"repr\": \"SampleInput(input=tensor([[[-8.5000],\\n         [-1.7656],\\n         [-4.3125],\\n         [-2.4062],\\n         [-7.9375],\\n         [ 3.6094],\\n         [-8.0625],\\n         [-0.5742],\\n         [ 3.1250],\\n         [-3.0312],\\n         [ 5.0938],\\n         [ 1.1328],\\n         [ 4.9375],\\n         [ 5.7812],\\n  \"}, {\"i\": 1, \"class\": \"SIGNZERO\", \"detail\": \"sign of zero\", \"repr\": \"SampleInput(input=tensor([[[-1.8828],\\n         [-0.3926],\\n         [-0.9609],\\n         [-0.5352],\\n         [-1.7656],\\n         [ 0.8008],\\n         [-1.7891],\\n         [-0.1279],\\n         [ 0.6953],\\n         [-0.6758],\\n         [ 1.1328],\\n         [ 0.2520],\\n         [ 1.1016],\\n         [ 1.2812],\\n  \"}, {\"i\": 2, \"class\": \"SIGNZERO\", \"detail\": \"sign of zero\", \"repr\": \"SampleInput(input=tensor([[[0.1260],\\n         [0.4609],\\n         [0.3340],\\n         [0.4297],\\n         [0.1523],\\n         [0.7305],\\n         [0.1465],\\n         [0.5195],\\n         [0.7070],\\n         [0.3984],\\n         [0.8047],\\n         [0.6055],\\n         [0.7969],\\n         [0.8398],\\n         [0.3516\"}], \"errors\": [], \"verdict\": \"DIFF:SIGNZERO\"}\n"}
,{"stream_name":"stdout","time":1766.691545177,"data":"\n"}
,{"stream_name":"stdout","time":1766.691548349,"data":"=====JSONL END\n"}
,{"stream_name":"stdout","time":1766.691552934,"data":"JOB DONE\n"}
,{"stream_name":"stderr","time":1769.672977167,"data":"/usr/local/lib/python3.12/dist-packages/mistune.py:435: SyntaxWarning: invalid escape sequence '\\|'\n"}
,{"stream_name":"stderr","time":1769.673035731,"data":"  cells[i][c] = re.sub('\\\\\\\\\\|', '|', cell)\n"}
,{"stream_name":"stderr","time":1770.05359002,"data":"/usr/local/lib/python3.12/dist-packages/nbconvert/filters/filter_links.py:36: SyntaxWarning: invalid escape sequence '\\_'\n"}
,{"stream_name":"stderr","time":1770.053623178,"data":"  text = re.sub(r'_', '\\_', text) # Escape underscores in display text\n"}
,{"stream_name":"stderr","time":1770.881738329,"data":"[NbConvertApp] Converting notebook __script__.ipynb to html\n"}
,{"stream_name":"stderr","time":1772.675862869,"data":"[NbConvertApp] Writing 291076 bytes to __results__.html\n"}
]