[{"stream_name":"stdout","time":6.895199243,"data":"   ©¥©¥©¥©¥©¥©¥©¥©¥©¥©¥©¥©¥©¥©¥©¥©¥©¥©¥©¥©¥©¥©¥©¥©¥©¥©¥©¥©¥©¥©¥©¥©¥©¥©¥©¥©¥©¥©¥©¥©¥ 196.3/196.3 MB 6.7 MB/s eta 0:00:00\n"}
,{"stream_name":"stderr","time":38.141618203,"data":"ERROR: pip's dependency resolver does not currently take into account all the packages that are installed. This behaviour is the source of the following dependency conflicts.\n"}
,{"stream_name":"stderr","time":38.141670523,"data":"torchaudio 2.10.0+cpu requires torch==2.10.0, but you have torch 2.14.0+cpu which is incompatible.\n"}
,{"stream_name":"stderr","time":38.141675263,"data":"torchvision 0.25.0+cpu requires torch==2.10.0, but you have torch 2.14.0+cpu which is incompatible.\n"}
,{"stream_name":"stdout","time":41.116839092,"data":"   ©¥©¥©¥©¥©¥©¥©¥©¥©¥©¥©¥©¥©¥©¥©¥©¥©¥©¥©¥©¥©¥©¥©¥©¥©¥©¥©¥©¥©¥©¥©¥©¥©¥©¥©¥©¥©¥©¥©¥©¥ 1.2/1.2 MB 4.8 MB/s eta 0:00:00\n"}
,{"stream_name":"stdout","time":249.122842171,"data":"[81/1207] ok           bitwise_right_shift int64 (2s, total 123s)\n"}
,{"stream_name":"stdout","time":249.122881001,"data":"[82/1207] ok           combinations float32 (1s, total 124s)\n"}
,{"stream_name":"stdout","time":249.122886481,"data":"[83/1207] ok           combinations int64 (1s, total 125s)\n"}
,{"stream_name":"stdout","time":249.122890991,"data":"[84/1207] ok           combinations bool (1s, total 126s)\n"}
,{"stream_name":"stdout","time":249.122895441,"data":"[85/1207] ok           cartesian_prod float32 (2s, total 128s)\n"}
,{"stream_name":"stdout","time":249.122899681,"data":"[86/1207] ok           cartesian_prod int64 (2s, total 130s)\n"}
,{"stream_name":"stdout","time":249.122903951,"data":"[87/1207] ok           cartesian_prod bool (2s, total 131s)\n"}
,{"stream_name":"stdout","time":249.122908181,"data":"[88/1207] ok           cdist float32 (1s, total 132s)\n"}
,{"stream_name":"stdout","time":249.122912941,"data":"[89/1207] ok           ceil float32 (1s, total 133s)\n"}
,{"stream_name":"stdout","time":249.122917621,"data":"[90/1207] ok           ceil int64 (1s, total 133s)\n"}
,{"stream_name":"stdout","time":249.122922111,"data":"[91/1207] ok           chunk float32 (1s, total 134s)\n"}
,{"stream_name":"stdout","time":249.122924971,"data":"[92/1207] ok           chunk int64 (1s, total 135s)\n"}
,{"stream_name":"stdout","time":249.122927791,"data":"[93/1207] ok           chunk bool (1s, total 136s)\n"}
,{"stream_name":"stdout","time":249.122930631,"data":"[94/1207] ok           unsafe_chunk float32 (0s, total 136s)\n"}
,{"stream_name":"stdout","time":249.122933501,"data":"[95/1207] ok           unsafe_chunk int64 (0s, total 137s)\n"}
,{"stream_name":"stdout","time":249.122949541,"data":"[96/1207] ok           unsafe_chunk bool (0s, total 137s)\n"}
,{"stream_name":"stdout","time":249.122952511,"data":"[97/1207] ok           clone float32 (1s, total 138s)\n"}
,{"stream_name":"stdout","time":249.122955421,"data":"[98/1207] ok           clone int64 (1s, total 140s)\n"}
,{"stream_name":"stdout","time":249.122958241,"data":"[99/1207] ok           clone bool (1s, total 141s)\n"}
,{"stream_name":"stdout","time":249.122961161,"data":"[100/1207] ok           contiguous float32 (1s, total 142s)\n"}
,{"stream_name":"stdout","time":249.122963971,"data":"[101/1207] ok           contiguous int64 (0s, total 142s)\n"}
,{"stream_name":"stdout","time":249.122966781,"data":"[102/1207] ok           contiguous bool (0s, total 142s)\n"}
,{"stream_name":"stdout","time":249.122969591,"data":"[103/1207] ok           sum_to_size float32 (1s, total 143s)\n"}
,{"stream_name":"stdout","time":249.122972391,"data":"[104/1207] ok           sum_to_size int64 (1s, total 144s)\n"}
,{"stream_name":"stdout","time":249.122975231,"data":"[105/1207] ok           sum_to_size bool (1s, total 145s)\n"}
,{"stream_name":"stdout","time":249.122989491,"data":"[106/1207] ok           clamp float32 (3s, total 148s)\n"}
,{"stream_name":"stdout","time":249.122991701,"data":"[107/1207] ok           clamp int64 (2s, total 151s)\n"}
,{"stream_name":"stdout","time":249.122993611,"data":"[108/1207] ok           positive float32 (0s, total 151s)\n"}
,{"stream_name":"stdout","time":249.122995461,"data":"[109/1207] ok           positive int64 (0s, total 151s)\n"}
,{"stream_name":"stdout","time":249.122997351,"data":"[110/1207] ok           conj float32 (0s, total 151s)\n"}
,{"stream_name":"stdout","time":249.122999241,"data":"[111/1207] ok           conj int64 (0s, total 151s)\n"}
,{"stream_name":"stdout","time":249.123001131,"data":"[112/1207] ok           conj bool (0s, total 151s)\n"}
,{"stream_name":"stdout","time":249.123003031,"data":"[113/1207] ok           conj_physical float32 (0s, total 151s)\n"}
,{"stream_name":"stdout","time":249.123004931,"data":"[114/1207] ok           conj_physical int64 (0s, total 151s)\n"}
,{"stream_name":"stdout","time":249.123006821,"data":"[115/1207] ok           conj_physical bool (0s, total 151s)\n"}
,{"stream_name":"stdout","time":249.123012681,"data":"[116/1207] ok           view_as_complex float32 (0s, total 151s)\n"}
,{"stream_name":"stdout","time":249.123016141,"data":"[117/1207] ok           complex float32 (0s, total 152s)\n"}
,{"stream_name":"stdout","time":249.123019491,"data":"[118/1207] ok           copysign float32 (2s, total 154s)\n"}
,{"stream_name":"stdout","time":249.123023101,"data":"[119/1207] ok           copysign int64 (2s, total 157s)\n"}
,{"stream_name":"stdout","time":249.123026631,"data":"[120/1207] ok           copysign bool (2s, total 159s)\n"}
,{"stream_name":"stdout","time":249.123030231,"data":"[121/1207] ok           corrcoef float32 (0s, total 159s)\n"}
,{"stream_name":"stdout","time":249.123033361,"data":"[122/1207] ok           corrcoef int64 (1s, total 160s)\n"}
,{"stream_name":"stdout","time":249.123036591,"data":"[123/1207] ok           cos float32 (2s, total 161s)\n"}
,{"stream_name":"stdout","time":249.123039721,"data":"[124/1207] ok           cos int64 (2s, total 163s)\n"}
,{"stream_name":"stdout","time":249.123043001,"data":"[125/1207] ok           cos bool (2s, total 165s)\n"}
,{"stream_name":"stdout","time":249.123046131,"data":"[126/1207] ok           cosh float32 (1s, total 166s)\n"}
,{"stream_name":"stdout","time":249.123049291,"data":"[127/1207] ok           cosh int64 (1s, total 168s)\n"}
,{"stream_name":"stdout","time":249.123052741,"data":"[128/1207] ok           cosh bool (1s, total 169s)\n"}
,{"stream_name":"stdout","time":249.123055951,"data":"[129/1207] ok           cov float32 (0s, total 169s)\n"}
,{"stream_name":"stdout","time":249.123059351,"data":"[130/1207] ok           cov int64 (0s, total 169s)\n"}
,{"stream_name":"stdout","time":249.123062631,"data":"[131/1207] DIFF:VALUE   cross float32 (3s, total 172s)\n"}
,{"stream_name":"stdout","time":249.123066131,"data":"[132/1207] ok           cross int64 (3s, total 175s)\n"}
,{"stream_name":"stdout","time":249.123069421,"data":"[133/1207] ok           cumsum float32 (1s, total 176s)\n"}
,{"stream_name":"stdout","time":249.123072831,"data":"[134/1207] ok           cumsum int64 (1s, total 176s)\n"}
,{"stream_name":"stdout","time":249.123076091,"data":"[135/1207] ok           cumprod float32 (1s, total 177s)\n"}
,{"stream_name":"stdout","time":249.123079221,"data":"[136/1207] ok           cumprod int64 (1s, total 178s)\n"}
,{"stream_name":"stdout","time":249.123082751,"data":"[137/1207] ok           cummax float32 (1s, total 179s)\n"}
,{"stream_name":"stdout","time":249.123091561,"data":"[138/1207] ok           cummax int64 (1s, total 179s)\n"}
,{"stream_name":"stdout","time":249.123095341,"data":"[139/1207] ok           cummax bool (1s, total 180s)\n"}
,{"stream_name":"stdout","time":249.123098611,"data":"[140/1207] ok           cummin float32 (0s, total 181s)\n"}
,{"stream_name":"stdout","time":249.123101861,"data":"[141/1207] ok           cummin int64 (0s, total 181s)\n"}
,{"stream_name":"stdout","time":249.123105071,"data":"[142/1207] ok           cummin bool (0s, total 181s)\n"}
,{"stream_name":"stdout","time":249.123108351,"data":"[143/1207] ok           deg2rad float32 (1s, total 182s)\n"}
,{"stream_name":"stdout","time":249.123111811,"data":"[144/1207] ok           deg2rad int64 (1s, total 183s)\n"}
,{"stream_name":"stdout","time":249.123115411,"data":"[145/1207] ok           deg2rad bool (1s, total 183s)\n"}
,{"stream_name":"stdout","time":249.123118641,"data":"[146/1207] ok           diff float32 (1s, total 185s)\n"}
,{"stream_name":"stdout","time":249.123122231,"data":"[147/1207] ok           diff int64 (2s, total 186s)\n"}
,{"stream_name":"stdout","time":249.123125701,"data":"[148/1207] ok           diff bool (2s, total 188s)\n"}
,{"stream_name":"stdout","time":249.123128641,"data":"[149/1207] ok           div float32 (2s, total 190s)\n"}
,{"stream_name":"stdout","time":249.123131551,"data":"[150/1207] ok           div int64 (2s, total 192s)\n"}
,{"stream_name":"stdout","time":249.123134511,"data":"[151/1207] ok           div bool (2s, total 194s)\n"}
,{"stream_name":"stdout","time":249.123137321,"data":"[152/1207] ok           div float32 (2s, total 196s)\n"}
,{"stream_name":"stdout","time":249.123140171,"data":"\n"}
,{"stream_name":"stdout","time":249.123143701,"data":"exit -8 /usr/local/lib/python3.12/dist-packages/torch/_inductor/lowering.py:2774: UserWarning: Torchinductor does not support code generation for complex operators. Performance may be worse than eager.\n"}
,{"stream_name":"stdout","time":249.123147901,"data":"  warnings.warn(\n"}
,{"stream_name":"stdout","time":249.123150751,"data":"/kaggle/working/sweep.py:192: UserWarning: Using torch.cross without specifying the dim arg is deprecated.\n"}
,{"stream_name":"stdout","time":249.123153691,"data":"Please either pass the dim explicitly or simply use torch.linalg.cross.\n"}
,{"stream_name":"stdout","time":249.123156611,"data":"The default value of dim will change to agree with that of linalg.cross in a future release. (Triggered internally at /__w/pytorch/pytorch/aten/src/ATen/native/Cross.cpp:63.)\n"}
,{"stream_name":"stdout","time":249.123159861,"data":"  eager = fn(inp, *args, **kwargs)\n"}
,{"stream_name":"stdout","time":249.123162711,"data":"\n"}
,{"stream_name":"stdout","time":1702.145051056,"data":"1051] ok           special.modified_bessel_k0 bool (1s, total 1356s)\n"}
,{"stream_name":"stdout","time":1702.145180225,"data":"[998/1051] ok           special.modified_bessel_k1 float32 (1s, total 1357s)\n"}
,{"stream_name":"stdout","time":1702.145187036,"data":"[999/1051] ok           special.modified_bessel_k1 int64 (1s, total 1359s)\n"}
,{"stream_name":"stdout","time":1702.145192185,"data":"[1000/1051] ok           special.modified_bessel_k1 bool (1s, total 1360s)\n"}
,{"stream_name":"stdout","time":1702.145197516,"data":"[1001/1051] ok           special.scaled_modified_bessel_k0 float32 (1s, total 1362s)\n"}
,{"stream_name":"stdout","time":1702.145320456,"data":"[1002/1051] ok           special.scaled_modified_bessel_k0 int64 (1s, total 1363s)\n"}
,{"stream_name":"stdout","time":1702.145329605,"data":"[1003/1051] ok           special.scaled_modified_bessel_k0 bool (1s, total 1364s)\n"}
,{"stream_name":"stdout","time":1702.145335276,"data":"[1004/1051] ok           special.scaled_modified_bessel_k1 float32 (1s, total 1366s)\n"}
,{"stream_name":"stdout","time":1702.145355025,"data":"[1005/1051] ok           special.scaled_modified_bessel_k1 int64 (1s, total 1367s)\n"}
,{"stream_name":"stdout","time":1702.145390245,"data":"[1006/1051] ok           special.scaled_modified_bessel_k1 bool (1s, total 1369s)\n"}
,{"stream_name":"stdout","time":1702.145394016,"data":"[1007/1051] ok           special.shifted_chebyshev_polynomial_t float32 (2s, total 1371s)\n"}
,{"stream_name":"stdout","time":1702.145397345,"data":"[1008/1051] ok           special.shifted_chebyshev_polynomial_t int64 (2s, total 1373s)\n"}
,{"stream_name":"stdout","time":1702.145400836,"data":"[1009/1051] ok           special.shifted_chebyshev_polynomial_t bool (2s, total 1375s)\n"}
,{"stream_name":"stdout","time":1702.145404036,"data":"[1010/1051] ok           special.shifted_chebyshev_polynomial_u float32 (2s, total 1377s)\n"}
,{"stream_name":"stdout","time":1702.145407345,"data":"[1011/1051] ok           special.shifted_chebyshev_polynomial_u int64 (2s, total 1379s)\n"}
,{"stream_name":"stdout","time":1702.145410796,"data":"[1012/1051] ok           special.shifted_chebyshev_polynomial_u bool (2s, total 1382s)\n"}
,{"stream_name":"stdout","time":1702.145414165,"data":"[1013/1051] ok           special.shifted_chebyshev_polynomial_v float32 (2s, total 1384s)\n"}
,{"stream_name":"stdout","time":1702.145420256,"data":"[1014/1051] ok           special.shifted_chebyshev_polynomial_v int64 (2s, total 1386s)\n"}
,{"stream_name":"stdout","time":1702.145423476,"data":"[1015/1051] ok           special.shifted_chebyshev_polynomial_v bool (2s, total 1388s)\n"}
,{"stream_name":"stdout","time":1702.145426916,"data":"[1016/1051] ok           special.shifted_chebyshev_polynomial_w float32 (2s, total 1390s)\n"}
,{"stream_name":"stdout","time":1702.145430545,"data":"[1017/1051] ok           special.shifted_chebyshev_polynomial_w int64 (2s, total 1392s)\n"}
,{"stream_name":"stdout","time":1702.145433696,"data":"[1018/1051] ok           special.shifted_chebyshev_polynomial_w bool (2s, total 1394s)\n"}
,{"stream_name":"stdout","time":1702.145437225,"data":"[1019/1051] ok           special.spherical_bessel_j0 float32 (1s, total 1396s)\n"}
,{"stream_name":"stdout","time":1702.145440925,"data":"[1020/1051] ok           special.spherical_bessel_j0 int64 (1s, total 1397s)\n"}
,{"stream_name":"stdout","time":1702.145446505,"data":"[1021/1051] ok           special.spherical_bessel_j0 bool (1s, total 1399s)\n"}
,{"stream_name":"stdout","time":1702.145449845,"data":"[1022/1051] ok           masked.sum float32 (1s, total 1400s)\n"}
,{"stream_name":"stdout","time":1702.145452925,"data":"[1023/1051] ok           masked.sum int64 (1s, total 1400s)\n"}
,{"stream_name":"stdout","time":1702.145456145,"data":"[1024/1051] ok           masked.sum bool (1s, total 1401s)\n"}
,{"stream_name":"stdout","time":1702.145460176,"data":"[1025/1051] ok           masked.prod float32 (1s, total 1402s)\n"}
,{"stream_name":"stdout","time":1702.145463496,"data":"[1026/1051] ok           masked.prod int64 (1s, total 1403s)\n"}
,{"stream_name":"stdout","time":1702.145467016,"data":"[1027/1051] ok           masked.prod bool (1s, total 1404s)\n"}
,{"stream_name":"stdout","time":1702.145470345,"data":"[1028/1051] ok           masked.cumsum float32 (2s, total 1405s)\n"}
,{"stream_name":"stdout","time":1702.145473745,"data":"[1029/1051] ok           masked.cumsum int64 (2s, total 1407s)\n"}
,{"stream_name":"stdout","time":1702.145477965,"data":"[1030/1051] ok           masked.cumprod float32 (2s, total 1409s)\n"}
,{"stream_name":"stdout","time":1702.145481445,"data":"[1031/1051] ok           masked.cumprod int64 (2s, total 1411s)\n"}
,{"stream_name":"stdout","time":1702.145491375,"data":"[1032/1051] ok           masked.amax float32 (1s, total 1412s)\n"}
,{"stream_name":"stdout","time":1702.145495115,"data":"[1033/1051] ok           masked.amax int64 (1s, total 1413s)\n"}
,{"stream_name":"stdout","time":1702.145498686,"data":"[1034/1051] ok           masked.amin float32 (1s, total 1413s)\n"}
,{"stream_name":"stdout","time":1702.145501455,"data":"[1035/1051] ok           masked.amin int64 (1s, total 1414s)\n"}
,{"stream_name":"stdout","time":1702.145506395,"data":"[1036/1051] ok           masked.argmax float32 (0s, total 1415s)\n"}
,{"stream_name":"stdout","time":1702.145509795,"data":"[1037/1051] ok           masked.argmax int64 (0s, total 1415s)\n"}
,{"stream_name":"stdout","time":1702.145513366,"data":"[1038/1051] ok           masked.argmin float32 (0s, total 1415s)\n"}
,{"stream_name":"stdout","time":1702.145516466,"data":"[1039/1051] ok           masked.argmin int64 (0s, total 1415s)\n"}
,{"stream_name":"stdout","time":1702.145519515,"data":"[1040/1051] ok           masked.mean float32 (1s, total 1416s)\n"}
,{"stream_name":"stdout","time":1702.145522575,"data":"[1041/1051] ok           masked.norm float32 (2s, total 1418s)\n"}
,{"stream_name":"stdout","time":1702.145525675,"data":"[1042/1051] ok           masked.var float32 (5s, total 1422s)\n"}
,{"stream_name":"stdout","time":1702.145528615,"data":"[1043/1051] ok           masked.var int64 (3s, total 1425s)\n"}
,{"stream_name":"stdout","time":1702.145531526,"data":"[1044/1051] ok           masked.std float32 (3s, total 1428s)\n"}
,{"stream_name":"stdout","time":1702.145534455,"data":"[1045/1051] ok           masked.std int64 (3s, total 1432s)\n"}
,{"stream_name":"stdout","time":1702.145537406,"data":"[1046/1051] ok           masked.softmax float32 (2s, total 1433s)\n"}
,{"stream_name":"stdout","time":1702.145540466,"data":"[1047/1051] ok           masked.log_softmax float32 (2s, total 1435s)\n"}
,{"stream_name":"stdout","time":1702.145629215,"data":"[1048/1051] ok           masked.softmin float32 (2s, total 1436s)\n"}
,{"stream_name":"stdout","time":1702.145708315,"data":"[1049/1051] ok           masked.logaddexp float32 (3s, total 1439s)\n"}
,{"stream_name":"stdout","time":1702.145712375,"data":"[1050/1051] ok           masked.logsumexp float32 (1s, total 1440s)\n"}
,{"stream_name":"stdout","time":1702.145715706,"data":"[1051/1051] ok           masked.logsumexp int64 (2s, total 1442s)\n"}
,{"stream_name":"stdout","time":1702.145719155,"data":"SWEEP DONE\n"}
,{"stream_name":"stdout","time":1702.145722315,"data":"\n"}
,{"stream_name":"stdout","time":1702.145726326,"data":"exit 0 g.py:2487: FutureWarning: `torch._prims_common.check` is deprecated and will be removed in the future. Please use `torch._check*` functions instead.\n"}
,{"stream_name":"stdout","time":1702.145730166,"data":"  check(\n"}
,{"stream_name":"stdout","time":1702.145733455,"data":"/usr/local/lib/python3.12/dist-packages/torch/_inductor/lowering.py:2487: FutureWarning: `torch._prims_common.check` is deprecated and will be removed in the future. Please use `torch._check*` functions instead.\n"}
,{"stream_name":"stdout","time":1702.145738375,"data":"  check(\n"}
,{"stream_name":"stdout","time":1702.145741695,"data":"/usr/local/lib/python3.12/dist-packages/torch/_inductor/lowering.py:2487: FutureWarning: `torch._prims_common.check` is deprecated and will be removed in the future. Please use `torch._check*` functions instead.\n"}
,{"stream_name":"stdout","time":1702.145745735,"data":"  check(\n"}
,{"stream_name":"stdout","time":1702.145748935,"data":"\n"}
,{"stream_name":"stdout","time":1702.145752055,"data":"=====JSONL BEGIN\n"}
,{"stream_name":"stdout","time":1702.145755406,"data":"{\"op\": \"abs\", \"dtype\": \"float32\", \"samples\": 1, \"diffs\": [], \"errors\": [], \"verdict\": \"ok\"}\n"}
,{"stream_name":"stdout","time":1702.145766035,"data":"{\"op\": \"abs\", \"dtype\": \"int64\", \"samples\": 2, \"diffs\": [], \"errors\": [], \"verdict\": \"ok\"}\n"}
,{"stream_name":"stdout","time":1702.145770306,"data":"{\"op\": \"acos\", \"dtype\": \"float32\", \"samples\": 3, \"diffs\": [], \"errors\": [], \"verdict\": \"ok\"}\n"}
,{"stream_name":"stdout","time":1702.145774606,"data":"{\"op\": \"acos\", \"dtype\": \"int64\", \"samples\": 3, \"diffs\": [], \"errors\": [], \"verdict\": \"ok\"}\n"}
,{"stream_name":"stdout","time":1702.145778875,"data":"{\"op\": \"acos\", \"dtype\": \"bool\", \"samples\": 3, \"diffs\": [], \"errors\": [], \"verdict\": \"ok\"}\n"}
,{"stream_name":"stdout","time":1702.145782955,"data":"{\"op\": \"acosh\", \"dtype\": \"float32\", \"samples\": 3, \"diffs\": [], \"errors\": [], \"verdict\": \"ok\"}\n"}
,{"stream_name":"stdout","time":1702.145787055,"data":"{\"op\": \"acosh\", \"dtype\": \"int64\", \"samples\": 3, \"diffs\": [], \"errors\": [], \"verdict\": \"ok\"}\n"}
,{"stream_name":"stdout","time":1702.145791355,"data":"{\"op\": \"acosh\", \"dtype\": \"bool\", \"samples\": 3, \"diffs\": [], \"errors\": [], \"verdict\": \"ok\"}\n"}
,{"stream_name":"stdout","time":1702.145799726,"data":"{\"op\": \"add\", \"dtype\": \"float32\", \"samples\": 3, \"diffs\": [], \"errors\": [], \"verdict\": \"ok\"}\n"}
,{"stream_name":"stdout","time":1702.145803835,"data":"{\"op\": \"add\", \"dtype\": \"int64\", \"samples\": 3, \"diffs\": [], \"errors\": [], \"verdict\": \"ok\"}\n"}
,{"stream_name":"stdout","time":1702.145807915,"data":"{\"op\": \"add\", \"dtype\": \"bool\", \"samples\": 3, \"diffs\": [], \"errors\": [], \"verdict\": \"ok\"}\n"}
,{"stream_name":"stdout","time":1702.145811915,"data":"{\"op\": \"item\", \"dtype\": \"float32\", \"samples\": 3, \"diffs\": [], \"errors\": [], \"verdict\": \"ok\"}\n"}
,{"stream_name":"stdout","time":1702.145815966,"data":"{\"op\": \"item\", \"dtype\": \"int64\", \"samples\": 3, \"diffs\": [], \"errors\": [], \"verdict\": \"ok\"}\n"}
,{"stream_name":"stdout","time":1702.145819975,"data":"{\"op\": \"item\", \"dtype\": \"bool\", \"samples\": 3, \"diffs\": [], \"errors\": [], \"verdict\": \"ok\"}\n"}
,{"stream_name":"stdout","time":1702.145824006,"data":"{\"op\": \"arange\", \"dtype\": \"float32\", \"samples\": 3, \"diffs\": [], \"errors\": [], \"verdict\": \"ok\"}\n"}
,{"stream_name":"stdout","time":1702.145828155,"data":"{\"op\": \"arange\", \"dtype\": \"int64\", \"samples\": 3, \"diffs\": [], \"errors\": [], \"verdict\": \"ok\"}\n"}
,{"stream_name":"stdout","time":1702.145835486,"data":"{\"op\": \"clamp_max\", \"dtype\": \"float32\", \"samples\": 3, \"diffs\": [{\"i\": 1, \"class\": \"SIGNZERO\", \"detail\": \"sign of zero\", \"repr\": \"SampleInput(input=tensor([-8.4784, -1.7658, -4.3228, -2.4005, -7.9506]), args=(tensor(3.6116),), kwargs={}, broadcasts_input=False, name='')\"}, {\"i\": 2, \"class\": \"SIGNZERO\", \"detail\": \"sign of zero\", \"repr\": \"SampleInput(input=tensor([[-8.4784],\\n        [-1.7658],\\n        [-4.3228],\\n        [-2.4005],\\n        [-7.9506]]), args=(tensor([ 3.6116, -8.0676, -0.5735,  3.1285, -3.0337]),), kwargs={}, broadcasts_input=True, name='')\"}], \"errors\": [], \"verdict\": \"DIFF:SIGNZERO\"}\n"}
,{"stream_name":"stdout","time":1702.145843915,"data":"{\"op\": \"clamp_max\", \"dtype\": \"int64\", \"samples\": 3, \"diffs\": [], \"errors\": [], \"verdict\": \"ok\"}\n"}
,{"stream_name":"stdout","time":1702.145848266,"data":"{\"op\": \"clamp_max\", \"dtype\": \"bool\", \"samples\": 3, \"diffs\": [], \"errors\": [], \"verdict\": \"ok\"}\n"}
,{"stream_name":"stdout","time":1702.145852606,"data":"{\"op\": \"clamp_min\", \"dtype\": \"float32\", \"samples\": 3, \"diffs\": [{\"i\": 1, \"class\": \"SIGNZERO\", \"detail\": \"sign of zero\", \"repr\": \"SampleInput(input=tensor([-8.4784, -1.7658, -4.3228, -2.4005, -7.9506]), args=(tensor(3.6116),), kwargs={}, broadcasts_input=False, name='')\"}, {\"i\": 2, \"class\": \"SIGNZERO\", \"detail\": \"sign of zero\", \"repr\": \"SampleInput(input=tensor([[-8.4784],\\n        [-1.7658],\\n        [-4.3228],\\n        [-2.4005],\\n        [-7.9506]]), args=(tensor([ 3.6116, -8.0676, -0.5735,  3.1285, -3.0337]),), kwargs={}, broadcasts_input=True, name='')\"}], \"errors\": [], \"verdict\": \"DIFF:SIGNZERO\"}\n"}
,{"stream_name":"stdout","time":1702.145864375,"data":"{\"op\": \"clamp_min\", \"dtype\": \"int64\", \"samples\": 3, \"diffs\": [], \"errors\": [], \"verdict\": \"ok\"}\n"}
,{"stream_name":"stdout","time":1702.145868015,"data":"{\"op\": \"clamp_min\", \"dtype\": \"bool\", \"samples\": 3, \"diffs\": [], \"errors\": [], \"verdict\": \"ok\"}\n"}
,{"stream_name":"stdout","time":1702.145871555,"data":"{\"op\": \"mul\", \"dtype\": \"float32\", \"samples\": 3, \"diffs\": [], \"errors\": [], \"verdict\": \"ok\"}\n"}
,{"stream_name":"stdout","time":1702.145875206,"data":"{\"op\": \"mul\", \"dtype\": \"int64\", \"samples\": 3, \"diffs\": [], \"errors\": [], \"verdict\": \"ok\"}\n"}
,{"stream_name":"stdout","time":1702.145879055,"data":"{\"op\": \"mul\", \"dtype\": \"bool\", \"samples\": 3, \"diffs\": [], \"errors\": [], \"verdict\": \"ok\"}\n"}
,{"stream_name":"stdout","time":1702.145883106,"data":"{\"op\": \"sub\", \"dtype\": \"float32\", \"samples\": 3, \"diffs\": [], \"errors\": [], \"verdict\": \"ok\"}\n"}
,{"stream_name":"stdout","time":1702.145886666,"data":"{\"op\": \"sub\", \"dtype\": \"int64\", \"samples\": 3, \"diffs\": [], \"errors\": [], \"verdict\": \"ok\"}\n"}
,{"stream_name":"stdout","time":1702.145891135,"data":"{\"op\": \"addmm\", \"dtype\": \"float32\", \"samples\": 3, \"diffs\": [], \"errors\": [], \"verdict\": \"ok\"}\n"}
,{"stream_name":"stdout","time":1702.145895355,"data":"{\"op\": \"addmm\", \"dtype\": \"int64\", \"samples\": 3, \"diffs\": [], \"errors\": [], \"verdict\": \"ok\"}\n"}
,{"stream_name":"stdout","time":1702.145903915,"data":"{\"op\": \"addmm\", \"dtype\": \"float32\", \"samples\": 3, \"diffs\": [], \"errors\": [], \"verdict\": \"ok\"}\n"}
,{"stream_name":"stdout","time":1702.145907226,"data":"{\"op\": \"addmm\", \"dtype\": \"int64\", \"samples\": 3, \"diffs\": [], \"errors\": [], \"verdict\": \"ok\"}\n"}
,{"stream_name":"stdout","time":1702.145910846,"data":"{\"op\": \"addmv\", \"dtype\": \"float32\", \"samples\": 3, \"diffs\": [], \"errors\": [], \"verdict\": \"ok\"}\n"}
,{"stream_name":"stdout","time":1702.145915146,"data":"{\"op\": \"addmv\", \"dtype\": \"int64\", \"samples\": 3, \"diffs\": [], \"errors\": [], \"verdict\": \"ok\"}\n"}
,{"stream_name":"stdout","time":1702.145918726,"data":"{\"op\": \"addbmm\", \"dtype\": \"float32\", \"samples\": 3, \"diffs\": [], \"errors\": [], \"verdict\": \"ok\"}\n"}
,{"stream_name":"stdout","time":1702.145922475,"data":"{\"op\": \"addbmm\", \"dtype\": \"int64\", \"samples\": 3, \"diffs\": [], \"errors\": [], \"verdict\": \"ok\"}\n"}
,{"stream_name":"stdout","time":1702.145934235,"data":"{\"op\": \"baddbmm\", \"dtype\": \"float32\", \"samples\": 3, \"diffs\": [], \"errors\": [], \"verdict\": \"ok\"}\n"}
,{"stream_name":"stdout","time":1702.145938335,"data":"{\"op\": \"baddbmm\", \"dtype\": \"int64\", \"samples\": 3, \"diffs\": [], \"errors\": [], \"verdict\": \"ok\"}\n"}
,{"stream_name":"stdout","time":1702.145942155,"data":"{\"op\": \"dot\", \"dtype\": \"float32\", \"samples\": 1, \"diffs\": [], \"errors\": [], \"verdict\": \"ok\"}\n"}
,{"stream_name":"stdout","time":1702.145946246,"data":"{\"op\": \"dot\", \"dtype\": \"int64\", \"samples\": 1, \"diffs\": [], \"errors\": [], \"verdict\": \"ok\"}\n"}
,{"stream_name":"stdout","time":1702.145950446,"data":"{\"op\": \"vdot\", \"dtype\": \"float32\", \"samples\": 1, \"diffs\": [], \"errors\": [], \"verdict\": \"ok\"}\n"}
,{"stream_name":"stdout","time":1702.145958686,"data":"{\"op\": \"vdot\", \"dtype\": \"int64\", \"samples\": 1, \"diffs\": [], \"errors\": [], \"verdict\": \"ok\"}\n"}
,{"stream_name":"stdout","time":1702.145962835,"data":"{\"op\": \"bmm\", \"dtype\": \"float32\", \"samples\": 1, \"diffs\": [], \"errors\": [], \"verdict\": \"ok\"}\n"}
,{"stream_name":"stdout","time":1702.145966655,"data":"{\"op\": \"bmm\", \"dtype\": \"int64\", \"samples\": 1, \"diffs\": [], \"errors\": [], \"verdict\": \"ok\"}\n"}
,{"stream_name":"stdout","time":1702.145970595,"data":"{\"op\": \"mv\", \"dtype\": \"float32\", \"samples\": 1, \"diffs\": [], \"errors\": [], \"verdict\": \"ok\"}\n"}
,{"stream_name":"stdout","time":1702.145974635,"data":"{\"op\": \"mv\", \"dtype\": \"int64\", \"samples\": 1, \"diffs\": [], \"errors\": [], \"verdict\": \"ok\"}\n"}
,{"stream_name":"stdout","time":1702.145978635,"data":"{\"op\": \"addr\", \"dtype\": \"float32\", \"samples\": 3, \"diffs\": [], \"errors\": [], \"verdict\": \"ok\"}\n"}
,{"stream_name":"stdout","time":1702.145982506,"data":"{\"op\": \"addr\", \"dtype\": \"int64\", \"samples\": 3, \"diffs\": [], \"errors\": [], \"verdict\": \"ok\"}\n"}
,{"stream_name":"stdout","time":1702.145986895,"data":"{\"op\": \"addr\", \"dtype\": \"bool\", \"samples\": 3, \"diffs\": [], \"errors\": [], \"verdict\": \"ok\"}\n"}
,{"stream_name":"stdout","time":1702.145990715,"data":"{\"op\": \"addcmul\", \"dtype\": \"float32\", \"samples\": 3, \"diffs\": [], \"errors\": [], \"verdict\": \"ok\"}\n"}
,{"stream_name":"stdout","time":1702.145994626,"data":"{\"op\": \"addcmul\", \"dtype\": \"int64\", \"samples\": 3, \"diffs\": [], \"errors\": [], \"verdict\": \"ok\"}\n"}
,{"stream_name":"stdout","time":1702.146000966,"data":"{\"op\": \"addcdiv\", \"dtype\": \"float32\", \"samples\": 3, \"diffs\": [{\"i\": 1, \"class\": \"VALUE\", \"detail\": \"inf at [2, 1]: eager inf compiled 3.4028234663852886e+38\", \"repr\": \"SampleInput(input=tensor([[-8.4784, -1.7658, -4.3228, -2.4005, -7.9506],\\n        [ 3.6116, -8.0676, -0.5735,  3.1285, -3.0337],\\n        [ 5.1067,  1.1351,  4.9473,  5.7744, -3.9730],\\n        [ 3.2708, -3.8939,  2.8211, -4.7024,  4.1631],\\n        [ 1.8220, -3.5221, -4.4145,  2.3285,  8.3972]]), args=\"}], \"errors\": [], \"verdict\": \"DIFF:VALUE\"}\n"}
,{"stream_name":"stdout","time":1702.146005635,"data":"{\"op\": \"asin\", \"dtype\": \"float32\", \"samples\": 1, \"diffs\": [], \"errors\": [], \"verdict\": \"ok\"}\n"}
,{"stream_name":"stdout","time":1702.146009266,"data":"{\"op\": \"asin\", \"dtype\": \"int64\", \"samples\": 1, \"diffs\": [], \"errors\": [], \"verdict\": \"ok\"}\n"}
,{"stream_name":"stdout","time":1702.146013235,"data":"{\"op\": \"asin\", \"dtype\": \"bool\", \"samples\": 1, \"diffs\": [], \"errors\": [], \"verdict\": \"ok\"}\n"}
,{"stream_name":"stdout","time":1702.146016986,"data":"{\"op\": \"asinh\", \"dtype\": \"float32\", \"samples\": 1, \"diffs\": [], \"errors\": [], \"verdict\": \"ok\"}\n"}
,{"stream_name":"stdout","time":1702.146021035,"data":"{\"op\": \"asinh\", \"dtype\": \"int64\", \"samples\": 1, \"diffs\": [], \"errors\": [], \"verdict\": \"ok\"}\n"}
,{"stream_name":"stdout","time":1702.146025315,"data":"{\"op\": \"asinh\", \"dtype\": \"bool\", \"samples\": 1, \"diffs\": [], \"errors\": [], \"verdict\": \"ok\"}\n"}
,{"stream_name":"stdout","time":1702.146029035,"data":"{\"op\": \"atan\", \"dtype\": \"float32\", \"samples\": 1, \"diffs\": [], \"errors\": [], \"verdict\": \"ok\"}\n"}
,{"stream_name":"stdout","time":1702.146032875,"data":"{\"op\": \"atan\", \"dtype\": \"int64\", \"samples\": 1, \"diffs\": [], \"errors\": [], \"verdict\": \"ok\"}\n"}
,{"stream_name":"stdout","time":1702.146037006,"data":"{\"op\": \"atan\", \"dtype\": \"bool\", \"samples\": 1, \"diffs\": [], \"errors\": [], \"verdict\": \"ok\"}\n"}
,{"stream_name":"stdout","time":1702.146040895,"data":"{\"op\": \"atan2\", \"dtype\": \"float32\", \"samples\": 3, \"diffs\": [], \"errors\": [], \"verdict\": \"ok\"}\n"}
,{"stream_name":"stdout","time":1702.146048526,"data":"{\"op\": \"atan2\", \"dtype\": \"int64\", \"samples\": 3, \"diffs\": [], \"errors\": [], \"verdict\": \"ok\"}\n"}
,{"stream_name":"stdout","time":1702.146052426,"data":"{\"op\": \"atan2\", \"dtype\": \"bool\", \"samples\": 3, \"diffs\": [], \"errors\": [], \"verdict\": \"ok\"}\n"}
,{"stream_name":"stdout","time":1702.146056386,"data":"{\"op\": \"atanh\", \"dtype\": \"float32\", \"samples\": 1, \"diffs\": [{\"i\": 0, \"class\": \"SIGNZERO\", \"detail\": \"sign of zero\", \"repr\": \"SampleInput(input=tensor([[-9.4203e-01, -1.9620e-01, -4.8031e-01, -2.6671e-01, -8.8339e-01,\\n          4.0129e-01, -8.9640e-01, -6.3721e-02,  3.4761e-01, -3.3707e-01,\\n          5.6741e-01,  1.2613e-01,  5.4970e-01,  6.4160e-01, -4.4144e-01,\\n          3.6342e-01, -4.3265e-01,  3.1346e-01, -5.2248e-01,\"}], \"errors\": [], \"verdict\": \"DIFF:SIGNZERO\"}\n"}
,{"stream_name":"stdout","time":1702.146063506,"data":"{\"op\": \"atanh\", \"dtype\": \"int64\", \"samples\": 1, \"diffs\": [], \"errors\": [], \"verdict\": \"ok\"}\n"}
,{"stream_name":"stdout","time":1702.146068236,"data":"{\"op\": \"atanh\", \"dtype\": \"bool\", \"samples\": 1, \"diffs\": [], \"errors\": [], \"verdict\": \"ok\"}\n"}
,{"stream_name":"stdout","time":1702.146072776,"data":"{\"op\": \"allclose\", \"dtype\": \"float32\", \"samples\": 3, \"diffs\": [], \"errors\": [], \"verdict\": \"ok\"}\n"}
,{"stream_name":"stdout","time":1702.146077436,"data":"{\"op\": \"broadcast_to\", \"dtype\": \"float32\", \"samples\": 3, \"diffs\": [], \"errors\": [], \"verdict\": \"ok\"}\n"}
,{"stream_name":"stdout","time":1702.146081876,"data":"{\"op\": \"broadcast_to\", \"dtype\": \"int64\", \"samples\": 3, \"diffs\": [], \"errors\": [], \"verdict\": \"ok\"}\n"}
,{"stream_name":"stdout","time":1702.146086196,"data":"{\"op\": \"broadcast_to\", \"dtype\": \"bool\", \"samples\": 3, \"diffs\": [], \"errors\": [], \"verdict\": \"ok\"}\n"}
,{"stream_name":"stdout","time":1702.146090416,"data":"{\"op\": \"broadcast_shapes\", \"dtype\": \"float32\", \"samples\": 3, \"diffs\": [], \"errors\": [], \"verdict\": \"ok\"}\n"}
,{"stream_name":"stdout","time":1702.146097206,"data":"{\"op\": \"broadcast_tensors\", \"dtype\": \"float32\", \"samples\": 1, \"diffs\": [], \"errors\": [], \"verdict\": \"ok\"}\n"}
,{"stream_name":"stdout","time":1702.146100866,"data":"{\"op\": \"broadcast_tensors\", \"dtype\": \"int64\", \"samples\": 1, \"diffs\": [], \"errors\": [], \"verdict\": \"ok\"}\n"}
,{"stream_name":"stdout","time":1702.146104286,"data":"{\"op\": \"broadcast_tensors\", \"dtype\": \"bool\", \"samples\": 1, \"diffs\": [], \"errors\": [], \"verdict\": \"ok\"}\n"}
,{"stream_name":"stdout","time":1702.146107776,"data":"{\"op\": \"block_diag\", \"dtype\": \"float32\", \"samples\": 3, \"diffs\": [], \"errors\": [], \"verdict\": \"ok\"}\n"}
,{"stream_name":"stdout","time":1702.146111116,"data":"{\"op\": \"block_diag\", \"dtype\": \"int64\", \"samples\": 3, \"diffs\": [], \"errors\": [], \"verdict\": \"ok\"}\n"}
,{"stream_name":"stdout","time":1702.146114756,"data":"{\"op\": \"block_diag\", \"dtype\": \"bool\", \"samples\": 3, \"diffs\": [], \"errors\": [], \"verdict\": \"ok\"}\n"}
,{"stream_name":"stdout","time":1702.146118306,"data":"{\"op\": \"bitwise_not\", \"dtype\": \"int64\", \"samples\": 3, \"diffs\": [], \"errors\": [], \"verdict\": \"ok\"}\n"}
,{"stream_name":"stdout","time":1702.146121756,"data":"{\"op\": \"bitwise_not\", \"dtype\": \"bool\", \"samples\": 3, \"diffs\": [], \"errors\": [], \"verdict\": \"ok\"}\n"}
,{"stream_name":"stdout","time":1702.146125296,"data":"{\"op\": \"bitwise_left_shift\", \"dtype\": \"int64\", \"samples\": 3, \"diffs\": [], \"errors\": [], \"verdict\": \"ok\"}\n"}
,{"stream_name":"stdout","time":1702.146128766,"data":"{\"op\": \"bitwise_right_shift\", \"dtype\": \"int64\", \"samples\": 3, \"diffs\": [], \"errors\": [], \"verdict\": \"ok\"}\n"}
,{"stream_name":"stdout","time":1702.146135636,"data":"{\"op\": \"combinations\", \"dtype\": \"float32\", \"samples\": 3, \"diffs\": [], \"errors\": [], \"verdict\": \"ok\"}\n"}
,{"stream_name":"stdout","time":1702.146139446,"data":"{\"op\": \"combinations\", \"dtype\": \"int64\", \"samples\": 3, \"diffs\": [], \"errors\": [], \"verdict\": \"ok\"}\n"}
,{"stream_name":"stdout","time":1702.146144596,"data":"{\"op\": \"combinations\", \"dtype\": \"bool\", \"samples\": 3, \"diffs\": [], \"errors\": [], \"verdict\": \"ok\"}\n"}
,{"stream_name":"stdout","time":1702.146148116,"data":"{\"op\": \"cartesian_prod\", \"dtype\": \"float32\", \"samples\": 3, \"diffs\": [], \"errors\": [], \"verdict\": \"ok\"}\n"}
,{"stream_name":"stdout","time":1702.146151725,"data":"{\"op\": \"cartesian_prod\", \"dtype\": \"int64\", \"samples\": 3, \"diffs\": [], \"errors\": [], \"verdict\": \"ok\"}\n"}
,{"stream_name":"stdout","time":1702.146155116,"data":"{\"op\": \"cartesian_prod\", \"dtype\": \"bool\", \"samples\": 3, \"diffs\": [], \"errors\": [], \"verdict\": \"ok\"}\n"}
,{"stream_name":"stdout","time":1702.146158736,"data":"{\"op\": \"cdist\", \"dtype\": \"float32\", \"samples\": 3, \"diffs\": [], \"errors\": [], \"verdict\": \"ok\"}\n"}
,{"stream_name":"stdout","time":1702.146162196,"data":"{\"op\": \"ceil\", \"dtype\": \"float32\", \"samples\": 1, \"diffs\": [], \"errors\": [], \"verdict\": \"ok\"}\n"}
,{"stream_name":"stdout","time":1702.146165945,"data":"{\"op\": \"ceil\", \"dtype\": \"int64\", \"samples\": 1, \"diffs\": [], \"errors\": [], \"verdict\": \"ok\"}\n"}
,{"stream_name":"stdout","time":1702.146170185,"data":"{\"op\": \"chunk\", \"dtype\": \"float32\", \"samples\": 3, \"diffs\": [], \"errors\": [], \"verdict\": \"ok\"}\n"}
,{"stream_name":"stdout","time":1702.146173776,"data":"{\"op\": \"chunk\", \"dtype\": \"int64\", \"samples\": 3, \"diffs\": [], \"errors\": [], \"verdict\": \"ok\"}\n"}
,{"stream_name":"stdout","time":1702.146180305,"data":"{\"op\": \"chunk\", \"dtype\": \"bool\", \"samples\": 3, \"diffs\": [], \"errors\": [], \"verdict\": \"ok\"}\n"}
,{"stream_name":"stdout","time":1702.146183776,"data":"{\"op\": \"unsafe_chunk\", \"dtype\": \"float32\", \"samples\": 3, \"diffs\": [], \"errors\": [], \"verdict\": \"ok\"}\n"}
,{"stream_name":"stdout","time":1702.146187556,"data":"{\"op\": \"unsafe_chunk\", \"dtype\": \"int64\", \"samples\": 3, \"diffs\": [], \"errors\": [], \"verdict\": \"ok\"}\n"}
,{"stream_name":"stdout","time":1702.146190925,"data":"{\"op\": \"unsafe_chunk\", \"dtype\": \"bool\", \"samples\": 3, \"diffs\": [], \"errors\": [], \"verdict\": \"ok\"}\n"}
,{"stream_name":"stdout","time":1702.146194576,"data":"{\"op\": \"clone\", \"dtype\": \"float32\", \"samples\": 2, \"diffs\": [], \"errors\": [], \"verdict\": \"ok\"}\n"}
,{"stream_name":"stdout","time":1702.146198076,"data":"{\"op\": \"clone\", \"dtype\": \"int64\", \"samples\": 2, \"diffs\": [], \"errors\": [], \"verdict\": \"ok\"}\n"}
,{"stream_name":"stdout","time":1702.146201736,"data":"{\"op\": \"clone\", \"dtype\": \"bool\", \"samples\": 2, \"diffs\": [], \"errors\": [], \"verdict\": \"ok\"}\n"}
,{"stream_name":"stdout","time":1702.146205445,"data":"{\"op\": \"contiguous\", \"dtype\": \"float32\", \"samples\": 2, \"diffs\": [], \"errors\": [], \"verdict\": \"ok\"}\n"}
,{"stream_name":"stdout","time":1702.146208976,"data":"{\"op\": \"contiguous\", \"dtype\": \"int64\", \"samples\": 2, \"diffs\": [], \"errors\": [], \"verdict\": \"ok\"}\n"}
,{"stream_name":"stdout","time":1702.146212816,"data":"{\"op\": \"contiguous\", \"dtype\": \"bool\", \"samples\": 2, \"diffs\": [], \"errors\": [], \"verdict\": \"ok\"}\n"}
,{"stream_name":"stdout","time":1702.146216445,"data":"{\"op\": \"sum_to_size\", \"dtype\": \"float32\", \"samples\": 3, \"diffs\": [], \"errors\": [], \"verdict\": \"ok\"}\n"}
,{"stream_name":"stdout","time":1702.146223376,"data":"{\"op\": \"sum_to_size\", \"dtype\": \"int64\", \"samples\": 3, \"diffs\": [], \"errors\": [], \"verdict\": \"ok\"}\n"}
,{"stream_name":"stdout","time":1702.146227216,"data":"{\"op\": \"sum_to_size\", \"dtype\": \"bool\", \"samples\": 3, \"diffs\": [], \"errors\": [], \"verdict\": \"ok\"}\n"}
,{"stream_name":"stdout","time":1702.146231085,"data":"{\"op\": \"clamp\", \"dtype\": \"float32\", \"samples\": 3, \"diffs\": [], \"errors\": [], \"verdict\": \"ok\"}\n"}
,{"stream_name":"stdout","time":1702.146234636,"data":"{\"op\": \"clamp\", \"dtype\": \"int64\", \"samples\": 3, \"diffs\": [], \"errors\": [], \"verdict\": \"ok\"}\n"}
,{"stream_name":"stdout","time":1702.146238365,"data":"{\"op\": \"positive\", \"dtype\": \"float32\", \"samples\": 1, \"diffs\": [], \"errors\": [], \"verdict\": \"ok\"}\n"}
,{"stream_name":"stdout","time":1702.146242156,"data":"{\"op\": \"positive\", \"dtype\": \"int64\", \"samples\": 1, \"diffs\": [], \"errors\": [], \"verdict\": \"ok\"}\n"}
,{"stream_name":"stdout","time":1702.146246005,"data":"{\"op\": \"conj\", \"dtype\": \"float32\", \"samples\": 3, \"diffs\": [], \"errors\": [], \"verdict\": \"ok\"}\n"}
,{"stream_name":"stdout","time":1702.146249645,"data":"{\"op\": \"conj\", \"dtype\": \"int64\", \"samples\": 3, \"diffs\": [], \"errors\": [], \"verdict\": \"ok\"}\n"}
,{"stream_name":"stdout","time":1702.146253325,"data":"{\"op\": \"conj\", \"dtype\": \"bool\", \"samples\": 3, \"diffs\": [], \"errors\": [], \"verdict\": \"ok\"}\n"}
,{"stream_name":"stdout","time":1702.146257265,"data":"{\"op\": \"conj_physical\", \"dtype\": \"float32\", \"samples\": 1, \"diffs\": [], \"errors\": [], \"verdict\": \"ok\"}\n"}
,{"stream_name":"stdout","time":1702.146263616,"data":"{\"op\": \"conj_physical\", \"dtype\": \"int64\", \"samples\": 1, \"diffs\": [], \"errors\": [], \"verdict\": \"ok\"}\n"}
,{"stream_name":"stdout","time":1702.146267116,"data":"{\"op\": \"conj_physical\", \"dtype\": \"bool\", \"samples\": 1, \"diffs\": [], \"errors\": [], \"verdict\": \"ok\"}\n"}
,{"stream_name":"stdout","time":1702.146270556,"data":"{\"op\": \"view_as_complex\", \"dtype\": \"float32\", \"samples\": 1, \"diffs\": [], \"errors\": [], \"verdict\": \"ok\"}\n"}
,{"stream_name":"stdout","time":1702.146274345,"data":"{\"op\": \"complex\", \"dtype\": \"float32\", \"samples\": 3, \"diffs\": [], \"errors\": [], \"verdict\": \"ok\"}\n"}
,{"stream_name":"stdout","time":1702.146277876,"data":"{\"op\": \"copysign\", \"dtype\": \"float32\", \"samples\": 3, \"diffs\": [], \"errors\": [], \"verdict\": \"ok\"}\n"}
,{"stream_name":"stdout","time":1702.146281876,"data":"{\"op\": \"copysign\", \"dtype\": \"int64\", \"samples\": 3, \"diffs\": [], \"errors\": [], \"verdict\": \"ok\"}\n"}
,{"stream_name":"stdout","time":1702.146285616,"data":"{\"op\": \"copysign\", \"dtype\": \"bool\", \"samples\": 3, \"diffs\": [], \"errors\": [], \"verdict\": \"ok\"}\n"}
,{"stream_name":"stdout","time":1702.146289316,"data":"{\"op\": \"corrcoef\", \"dtype\": \"float32\", \"samples\": 3, \"diffs\": [], \"errors\": [], \"verdict\": \"ok\"}\n"}
,{"stream_name":"stdout","time":1702.146293265,"data":"{\"op\": \"corrcoef\", \"dtype\": \"int64\", \"samples\": 3, \"diffs\": [], \"errors\": [], \"verdict\": \"ok\"}\n"}
,{"stream_name":"stdout","time":1702.146296796,"data":"{\"op\": \"cos\", \"dtype\": \"float32\", \"samples\": 3, \"diffs\": [], \"errors\": [], \"verdict\": \"ok\"}\n"}
,{"stream_name":"stdout","time":1702.146300745,"data":"{\"op\": \"cos\", \"dtype\": \"int64\", \"samples\": 3, \"diffs\": [], \"errors\": [], \"verdict\": \"ok\"}\n"}
,{"stream_name":"stdout","time":1702.146304365,"data":"{\"op\": \"cos\", \"dtype\": \"bool\", \"samples\": 3, \"diffs\": [], \"errors\": [], \"verdict\": \"ok\"}\n"}
,{"stream_name":"stdout","time":1702.146573865,"data":"{\"op\": \"cosh\", \"dtype\": \"float32\", \"samples\": 3, \"diffs\": [], \"errors\": [], \"verdict\": \"ok\"}\n"}
,{"stream_name":"stdout","time":1702.146608096,"data":"{\"op\": \"cosh\", \"dtype\": \"int64\", \"samples\": 3, \"diffs\": [], \"errors\": [], \"verdict\": \"ok\"}\n"}
,{"stream_name":"stdout","time":1702.146613136,"data":"{\"op\": \"cosh\", \"dtype\": \"bool\", \"samples\": 3, \"diffs\": [], \"errors\": [], \"verdict\": \"ok\"}\n"}
,{"stream_name":"stdout","time":1702.146617086,"data":"{\"op\": \"cov\", \"dtype\": \"float32\", \"samples\": 3, \"diffs\": [], \"errors\": [], \"verdict\": \"ok\"}\n"}
,{"stream_name":"stdout","time":1702.146620886,"data":"{\"op\": \"cov\", \"dtype\": \"int64\", \"samples\": 3, \"diffs\": [], \"errors\": [\"compile TorchRuntimeError\"], \"verdict\": \"ok\"}\n"}
,{"stream_name":"stdout","time":1702.146628556,"data":"{\"op\": \"cross\", \"dtype\": \"float32\", \"samples\": 3, \"diffs\": [{\"i\": 1, \"class\": \"VALUE\", \"detail\": \"nan pattern at [0, 0, 1]: eager -inf compiled nan\", \"repr\": \"SampleInput(input=tensor([[[-8.4784, -1.7658, -4.3228, -2.4005, -7.9506],\\n         [ 3.6116, -8.0676, -0.5735,  3.1285, -3.0337],\\n         [ 5.1067,  1.1351,  4.9473,  5.7744, -3.9730]],\\n\\n        [[ 3.2708, -3.8939,  2.8211, -4.7024,  4.1631],\\n         [ 1.8220, -3.5221, -4.4145,  2.3285,  8.3972],\\n\"}], \"errors\": [], \"verdict\": \"DIFF:VALUE\"}\n"}
,{"stream_name":"stdout","time":1702.146634296,"data":"{\"op\": \"cross\", \"dtype\": \"int64\", \"samples\": 3, \"diffs\": [], \"errors\": [], \"verdict\": \"ok\"}\n"}
,{"stream_name":"stdout","time":1702.146638556,"data":"{\"op\": \"cumsum\", \"dtype\": \"float32\", \"samples\": 3, \"diffs\": [], \"errors\": [], \"verdict\": \"ok\"}\n"}
,{"stream_name":"stdout","time":1702.146641956,"data":"{\"op\": \"cumsum\", \"dtype\": \"int64\", \"samples\": 3, \"diffs\": [], \"errors\": [], \"verdict\": \"ok\"}\n"}
,{"stream_name":"stdout","time":1702.146645616,"data":"{\"op\": \"cumprod\", \"dtype\": \"float32\", \"samples\": 3, \"diffs\": [], \"errors\": [], \"verdict\": \"ok\"}\n"}
,{"stream_name":"stdout","time":1702.146648986,"data":"{\"op\": \"cumprod\", \"dtype\": \"int64\", \"samples\": 3, \"diffs\": [], \"errors\": [], \"verdict\": \"ok\"}\n"}
,{"stream_name":"stdout","time":1702.146652276,"data":"{\"op\": \"cummax\", \"dtype\": \"float32\", \"samples\": 3, \"diffs\": [], \"errors\": [], \"verdict\": \"ok\"}\n"}
,{"stream_name":"stdout","time":1702.146655616,"data":"{\"op\": \"cummax\", \"dtype\": \"int64\", \"samples\": 3, \"diffs\": [], \"errors\": [], \"verdict\": \"ok\"}\n"}
,{"stream_name":"stdout","time":1702.146659056,"data":"{\"op\": \"cummax\", \"dtype\": \"bool\", \"samples\": 3, \"diffs\": [], \"errors\": [], \"verdict\": \"ok\"}\n"}
,{"stream_name":"stdout","time":1702.146662416,"data":"{\"op\": \"cummin\", \"dtype\": \"float32\", \"samples\": 3, \"diffs\": [], \"errors\": [], \"verdict\": \"ok\"}\n"}
,{"stream_name":"stdout","time":1702.146666046,"data":"{\"op\": \"cummin\", \"dtype\": \"int64\", \"samples\": 3, \"diffs\": [], \"errors\": [], \"verdict\": \"ok\"}\n"}
,{"stream_name":"stdout","time":1702.146669286,"data":"{\"op\": \"cummin\", \"dtype\": \"bool\", \"samples\": 3, \"diffs\": [], \"errors\": [], \"verdict\": \"ok\"}\n"}
,{"stream_name":"stdout","time":1702.146672726,"data":"{\"op\": \"deg2rad\", \"dtype\": \"float32\", \"samples\": 1, \"diffs\": [], \"errors\": [], \"verdict\": \"ok\"}\n"}
,{"stream_name":"stdout","time":1702.146676736,"data":"{\"op\": \"deg2rad\", \"dtype\": \"int64\", \"samples\": 1, \"diffs\": [], \"errors\": [], \"verdict\": \"ok\"}\n"}
,{"stream_name":"stdout","time":1702.146680306,"data":"{\"op\": \"deg2rad\", \"dtype\": \"bool\", \"samples\": 1, \"diffs\": [], \"errors\": [], \"verdict\": \"ok\"}\n"}
,{"stream_name":"stdout","time":1702.146700906,"data":"{\"op\": \"diff\", \"dtype\": \"float32\", \"samples\": 3, \"diffs\": [], \"errors\": [], \"verdict\": \"ok\"}\n"}
,{"stream_name":"stdout","time":1702.146705086,"data":"{\"op\": \"diff\", \"dtype\": \"int64\", \"samples\": 3, \"diffs\": [], \"errors\": [], \"verdict\": \"ok\"}\n"}
,{"stream_name":"stdout","time":1702.146708786,"data":"{\"op\": \"diff\", \"dtype\": \"bool\", \"samples\": 3, \"diffs\": [], \"errors\": [], \"verdict\": \"ok\"}\n"}
,{"stream_name":"stdout","time":1702.146712295,"data":"{\"op\": \"div\", \"dtype\": \"float32\", \"samples\": 3, \"diffs\": [], \"errors\": [], \"verdict\": \"ok\"}\n"}
,{"stream_name":"stdout","time":1702.146716035,"data":"{\"op\": \"div\", \"dtype\": \"int64\", \"samples\": 3, \"diffs\": [], \"errors\": [], \"verdict\": \"ok\"}\n"}
,{"stream_name":"stdout","time":1702.146719715,"data":"{\"op\": \"div\", \"dtype\": \"bool\", \"samples\": 3, \"diffs\": [], \"errors\": [], \"verdict\": \"ok\"}\n"}
,{"stream_name":"stdout","time":1702.146723346,"data":"{\"op\": \"div\", \"dtype\": \"float32\", \"samples\": 3, \"diffs\": [], \"errors\": [], \"verdict\": \"ok\"}\n"}
,{"stream_name":"stdout","time":1702.146727195,"data":"{\"op\": \"true_divide\", \"dtype\": \"float32\", \"samples\": 3, \"diffs\": [], \"errors\": [], \"verdict\": \"ok\"}\n"}
,{"stream_name":"stdout","time":1702.146730846,"data":"{\"op\": \"true_divide\", \"dtype\": \"int64\", \"samples\": 3, \"diffs\": [], \"errors\": [], \"verdict\": \"ok\"}\n"}
,{"stream_name":"stdout","time":1702.146734306,"data":"{\"op\": \"true_divide\", \"dtype\": \"bool\", \"samples\": 3, \"diffs\": [], \"errors\": [], \"verdict\": \"ok\"}\n"}
,{"stream_name":"stdout","time":1702.146738095,"data":"{\"op\": \"equal\", \"dtype\": \"float32\", \"samples\": 3, \"diffs\": [], \"errors\": [], \"verdict\": \"ok\"}\n"}
,{"stream_name":"stdout","time":1702.146741795,"data":"{\"op\": \"equal\", \"dtype\": \"int64\", \"samples\": 3, \"diffs\": [], \"errors\": [], \"verdict\": \"ok\"}\n"}
,{"stream_name":"stdout","time":1702.146746126,"data":"{\"op\": \"equal\", \"dtype\": \"bool\", \"samples\": 3, \"diffs\": [], \"errors\": [], \"verdict\": \"ok\"}\n"}
,{"stream_name":"stdout","time":1702.146750095,"data":"{\"op\": \"exp\", \"dtype\": \"float32\", \"samples\": 3, \"diffs\": [], \"errors\": [], \"verdict\": \"ok\"}\n"}
,{"stream_name":"stdout","time":1702.146753806,"data":"{\"op\": \"exp\", \"dtype\": \"int64\", \"samples\": 3, \"diffs\": [], \"errors\": [], \"verdict\": \"ok\"}\n"}
,{"stream_name":"stdout","time":1702.146757395,"data":"{\"op\": \"exp\", \"dtype\": \"bool\", \"samples\": 3, \"diffs\": [], \"errors\": [], \"verdict\": \"ok\"}\n"}
,{"stream_name":"stdout","time":1702.146760855,"data":"{\"op\": \"expand\", \"dtype\": \"float32\", \"samples\": 3, \"diffs\": [], \"errors\": [], \"verdict\": \"ok\"}\n"}
,{"stream_name":"stdout","time":1702.146764546,"data":"{\"op\": \"expand\", \"dtype\": \"int64\", \"samples\": 3, \"diffs\": [], \"errors\": [], \"verdict\": \"ok\"}\n"}
,{"stream_name":"stdout","time":1702.146768206,"data":"{\"op\": \"expand\", \"dtype\": \"bool\", \"samples\": 3, \"diffs\": [], \"errors\": [], \"verdict\": \"ok\"}\n"}
,{"stream_name":"stdout","time":1702.146772046,"data":"{\"op\": \"expand_as\", \"dtype\": \"float32\", \"samples\": 3, \"diffs\": [], \"errors\": [], \"verdict\": \"ok\"}\n"}
,{"stream_name":"stdout","time":1702.146776015,"data":"{\"op\": \"expand_as\", \"dtype\": \"int64\", \"samples\": 3, \"diffs\": [], \"errors\": [], \"verdict\": \"ok\"}\n"}
,{"stream_name":"stdout","time":1702.146789986,"data":"{\"op\": \"expand_as\", \"dtype\": \"bool\", \"samples\": 3, \"diffs\": [], \"errors\": [], \"verdict\": \"ok\"}\n"}
,{"stream_name":"stdout","time":1702.146794466,"data":"{\"op\": \"expand_copy\", \"dtype\": \"float32\", \"samples\": 3, \"diffs\": [], \"errors\": [], \"verdict\": \"ok\"}\n"}
,{"stream_name":"stdout","time":1702.146803346,"data":"{\"op\": \"expand_copy\", \"dtype\": \"int64\", \"samples\": 3, \"diffs\": [], \"errors\": [], \"verdict\": \"ok\"}\n"}
,{"stream_name":"stdout","time":1702.146807535,"data":"{\"op\": \"expand_copy\", \"dtype\": \"bool\", \"samples\": 3, \"diffs\": [], \"errors\": [], \"verdict\": \"ok\"}\n"}
,{"stream_name":"stdout","time":1702.146811186,"data":"{\"op\": \"diag\", \"dtype\": \"float32\", \"samples\": 3, \"diffs\": [], \"errors\": [], \"verdict\": \"ok\"}\n"}
,{"stream_name":"stdout","time":1702.146814846,"data":"{\"op\": \"diag\", \"dtype\": \"int64\", \"samples\": 3, \"diffs\": [], \"errors\": [], \"verdict\": \"ok\"}\n"}
,{"stream_name":"stdout","time":1702.146818546,"data":"{\"op\": \"diag\", \"dtype\": \"bool\", \"samples\": 3, \"diffs\": [], \"errors\": [], \"verdict\": \"ok\"}\n"}
,{"stream_name":"stdout","time":1702.146822066,"data":"{\"op\": \"diag_embed\", \"dtype\": \"float32\", \"samples\": 3, \"diffs\": [], \"errors\": [], \"verdict\": \"ok\"}\n"}
,{"stream_name":"stdout","time":1702.146825726,"data":"{\"op\": \"diag_embed\", \"dtype\": \"int64\", \"samples\": 3, \"diffs\": [], \"errors\": [], \"verdict\": \"ok\"}\n"}
,{"stream_name":"stdout","time":1702.146829155,"data":"{\"op\": \"diag_embed\", \"dtype\": \"bool\", \"samples\": 3, \"diffs\": [], \"errors\": [], \"verdict\": \"ok\"}\n"}
,{"stream_name":"stdout","time":1702.146832686,"data":"{\"op\": \"diagonal\", \"dtype\": \"float32\", \"samples\": 3, \"diffs\": [], \"errors\": [], \"verdict\": \"ok\"}\n"}
,{"stream_name":"stdout","time":1702.146836206,"data":"{\"op\": \"diagonal\", \"dtype\": \"int64\", \"samples\": 3, \"diffs\": [], \"errors\": [], \"verdict\": \"ok\"}\n"}
,{"stream_name":"stdout","time":1702.146839795,"data":"{\"op\": \"diagonal\", \"dtype\": \"bool\", \"samples\": 3, \"diffs\": [], \"errors\": [], \"verdict\": \"ok\"}\n"}
,{"stream_name":"stdout","time":1702.146843706,"data":"{\"op\": \"diagonal_copy\", \"dtype\": \"float32\", \"samples\": 3, \"diffs\": [], \"errors\": [], \"verdict\": \"ok\"}\n"}
,{"stream_name":"stdout","time":1702.146847355,"data":"{\"op\": \"diagonal_copy\", \"dtype\": \"int64\", \"samples\": 3, \"diffs\": [], \"errors\": [], \"verdict\": \"ok\"}\n"}
,{"stream_name":"stdout","time":1702.146850906,"data":"{\"op\": \"diagonal_copy\", \"dtype\": \"bool\", \"samples\": 3, \"diffs\": [], \"errors\": [], \"verdict\": \"ok\"}\n"}
,{"stream_name":"stdout","time":1702.146854986,"data":"{\"op\": \"diagonal_scatter\", \"dtype\": \"float32\", \"samples\": 3, \"diffs\": [], \"errors\": [], \"verdict\": \"ok\"}\n"}
,{"stream_name":"stdout","time":1702.146858675,"data":"{\"op\": \"diagonal_scatter\", \"dtype\": \"int64\", \"samples\": 3, \"diffs\": [], \"errors\": [], \"verdict\": \"ok\"}\n"}
,{"stream_name":"stdout","time":1702.146862346,"data":"{\"op\": \"diagonal_scatter\", \"dtype\": \"bool\", \"samples\": 3, \"diffs\": [], \"errors\": [], \"verdict\": \"ok\"}\n"}
,{"stream_name":"stdout","time":1702.146866046,"data":"{\"op\": \"alias_copy\", \"dtype\": \"float32\", \"samples\": 2, \"diffs\": [], \"errors\": [], \"verdict\": \"ok\"}\n"}
,{"stream_name":"stdout","time":1702.146870366,"data":"{\"op\": \"alias_copy\", \"dtype\": \"int64\", \"samples\": 2, \"diffs\": [], \"errors\": [], \"verdict\": \"ok\"}\n"}
,{"stream_name":"stdout","time":1702.146874186,"data":"{\"op\": \"alias_copy\", \"dtype\": \"bool\", \"samples\": 2, \"diffs\": [], \"errors\": [], \"verdict\": \"ok\"}\n"}
,{"stream_name":"stdout","time":1702.146880806,"data":"{\"op\": \"eq\", \"dtype\": \"float32\", \"samples\": 3, \"diffs\": [], \"errors\": [], \"verdict\": \"ok\"}\n"}
,{"stream_name":"stdout","time":1702.146884775,"data":"{\"op\": \"eq\", \"dtype\": \"int64\", \"samples\": 3, \"diffs\": [], \"errors\": [], \"verdict\": \"ok\"}\n"}
,{"stream_name":"stdout","time":1702.146892526,"data":"{\"op\": \"eq\", \"dtype\": \"bool\", \"samples\": 3, \"diffs\": [], \"errors\": [], \"verdict\": \"ok\"}\n"}
,{"stream_name":"stdout","time":1702.146901386,"data":"{\"op\": \"fmax\", \"dtype\": \"float32\", \"samples\": 3, \"diffs\": [{\"i\": 1, \"class\": \"SIGNZERO\", \"detail\": \"sign of zero\", \"repr\": \"SampleInput(input=tensor([-8.4784, -1.7658, -4.3228, -2.4005, -7.9506]), args=(tensor(3.6116),), kwargs={}, broadcasts_input=False, name='')\"}, {\"i\": 2, \"class\": \"SIGNZERO\", \"detail\": \"sign of zero\", \"repr\": \"SampleInput(input=tensor([[-8.4784],\\n        [-1.7658],\\n        [-4.3228],\\n        [-2.4005],\\n        [-7.9506]]), args=(tensor([ 3.6116, -8.0676, -0.5735,  3.1285, -3.0337]),), kwargs={}, broadcasts_input=True, name='')\"}], \"errors\": [], \"verdict\": \"DIFF:SIGNZERO\"}\n"}
,{"stream_name":"stdout","time":1702.146907675,"data":"{\"op\": \"fmax\", \"dtype\": \"int64\", \"samples\": 3, \"diffs\": [], \"errors\": [], \"verdict\": \"ok\"}\n"}
,{"stream_name":"stdout","time":1702.146911726,"data":"{\"op\": \"fmax\", \"dtype\": \"bool\", \"samples\": 3, \"diffs\": [], \"errors\": [], \"verdict\": \"ok\"}\n"}
,{"stream_name":"stdout","time":1702.146915366,"data":"{\"op\": \"fmin\", \"dtype\": \"float32\", \"samples\": 3, \"diffs\": [{\"i\": 1, \"class\": \"SIGNZERO\", \"detail\": \"sign of zero\", \"repr\": \"SampleInput(input=tensor([-8.4784, -1.7658, -4.3228, -2.4005, -7.9506]), args=(tensor(3.6116),), kwargs={}, broadcasts_input=False, name='')\"}, {\"i\": 2, \"class\": \"SIGNZERO\", \"detail\": \"sign of zero\", \"repr\": \"SampleInput(input=tensor([[-8.4784],\\n        [-1.7658],\\n        [-4.3228],\\n        [-2.4005],\\n        [-7.9506]]), args=(tensor([ 3.6116, -8.0676, -0.5735,  3.1285, -3.0337]),), kwargs={}, broadcasts_input=True, name='')\"}], \"errors\": [], \"verdict\": \"DIFF:SIGNZERO\"}\n"}
,{"stream_name":"stdout","time":1702.146920706,"data":"{\"op\": \"fmin\", \"dtype\": \"int64\", \"samples\": 3, \"diffs\": [], \"errors\": [], \"verdict\": \"ok\"}\n"}
,{"stream_name":"stdout","time":1702.146924455,"data":"{\"op\": \"fmin\", \"dtype\": \"bool\", \"samples\": 3, \"diffs\": [], \"errors\": [], \"verdict\": \"ok\"}\n"}
,{"stream_name":"stdout","time":1702.146928235,"data":"{\"op\": \"fmod\", \"dtype\": \"float32\", \"samples\": 3, \"diffs\": [], \"errors\": [], \"verdict\": \"ok\"}\n"}
,{"stream_name":"stdout","time":1702.146932386,"data":"{\"op\": \"fmod\", \"dtype\": \"int64\", \"samples\": 3, \"diffs\": [], \"errors\": [], \"verdict\": \"ok\"}\n"}
,{"stream_name":"stdout","time":1702.146936195,"data":"{\"op\": \"remainder\", \"dtype\": \"float32\", \"samples\": 3, \"diffs\": [{\"i\": 2, \"class\": \"SIGNZERO\", \"detail\": \"sign of zero\", \"repr\": \"SampleInput(input=tensor([[-8.4784],\\n        [-1.7658],\\n        [-4.3228],\\n        [-2.4005],\\n        [-7.9506]]), args=(tensor([ 3.6116, -8.0676, -0.5735,  3.1285, -3.0337]),), kwargs={}, broadcasts_input=True, name='')\"}], \"errors\": [], \"verdict\": \"DIFF:SIGNZERO\"}\n"}
,{"stream_name":"stdout","time":1702.146941535,"data":"{\"op\": \"remainder\", \"dtype\": \"int64\", \"samples\": 3, \"diffs\": [], \"errors\": [], \"verdict\": \"ok\"}\n"}
,{"stream_name":"stdout","time":1702.146945106,"data":"{\"op\": \"frac\", \"dtype\": \"float32\", \"samples\": 1, \"diffs\": [], \"errors\": [], \"verdict\": \"ok\"}\n"}
,{"stream_name":"stdout","time":1702.146948706,"data":"{\"op\": \"floor\", \"dtype\": \"float32\", \"samples\": 1, \"diffs\": [], \"errors\": [], \"verdict\": \"ok\"}\n"}
,{"stream_name":"stdout","time":1702.146952695,"data":"{\"op\": \"floor\", \"dtype\": \"int64\", \"samples\": 1, \"diffs\": [], \"errors\": [], \"verdict\": \"ok\"}\n"}
,{"stream_name":"stdout","time":1702.146956626,"data":"{\"op\": \"flip\", \"dtype\": \"float32\", \"samples\": 3, \"diffs\": [], \"errors\": [], \"verdict\": \"ok\"}\n"}
,{"stream_name":"stdout","time":1702.146964075,"data":"{\"op\": \"flip\", \"dtype\": \"int64\", \"samples\": 3, \"diffs\": [], \"errors\": [], \"verdict\": \"ok\"}\n"}
,{"stream_name":"stdout","time":1702.146967726,"data":"{\"op\": \"flip\", \"dtype\": \"bool\", \"samples\": 3, \"diffs\": [], \"errors\": [], \"verdict\": \"ok\"}\n"}
,{"stream_name":"stdout","time":1702.146971555,"data":"{\"op\": \"fliplr\", \"dtype\": \"float32\", \"samples\": 2, \"diffs\": [], \"errors\": [], \"verdict\": \"ok\"}\n"}
,{"stream_name":"stdout","time":1702.146975446,"data":"{\"op\": \"fliplr\", \"dtype\": \"int64\", \"samples\": 2, \"diffs\": [], \"errors\": [], \"verdict\": \"ok\"}\n"}
,{"stream_name":"stdout","time":1702.146982606,"data":"{\"op\": \"fliplr\", \"dtype\": \"bool\", \"samples\": 2, \"diffs\": [], \"errors\": [], \"verdict\": \"ok\"}\n"}
,{"stream_name":"stdout","time":1702.146986655,"data":"{\"op\": \"flipud\", \"dtype\": \"float32\", \"samples\": 2, \"diffs\": [], \"errors\": [], \"verdict\": \"ok\"}\n"}
,{"stream_name":"stdout","time":1702.146990126,"data":"{\"op\": \"flipud\", \"dtype\": \"int64\", \"samples\": 2, \"diffs\": [], \"errors\": [], \"verdict\": \"ok\"}\n"}
,{"stream_name":"stdout","time":1702.146993826,"data":"{\"op\": \"flipud\", \"dtype\": \"bool\", \"samples\": 2, \"diffs\": [], \"errors\": [], \"verdict\": \"ok\"}\n"}
,{"stream_name":"stdout","time":1702.146997455,"data":"{\"op\": \"sparse.sampled_addmm\", \"dtype\": \"float32\", \"samples\": 3, \"diffs\": [], \"errors\": [], \"verdict\": \"ok\"}\n"}
,{"stream_name":"stdout","time":1702.147001275,"data":"{\"op\": \"sparse.mm\", \"dtype\": \"float32\", \"samples\": 0, \"diffs\": [], \"errors\": [\"prep RuntimeError\", \"prep RuntimeError\", \"prep RuntimeError\"], \"verdict\": \"ok\"}\n"}
,{"stream_name":"stdout","time":1702.147006046,"data":"{\"op\": \"i0\", \"dtype\": \"float32\", \"samples\": 2, \"diffs\": [], \"errors\": [], \"verdict\": \"ok\"}\n"}
,{"stream_name":"stdout","time":1702.147010006,"data":"{\"op\": \"i0\", \"dtype\": \"int64\", \"samples\": 2, \"diffs\": [], \"errors\": [], \"verdict\": \"ok\"}\n"}
,{"stream_name":"stdout","time":1702.147013895,"data":"{\"op\": \"i0\", \"dtype\": \"bool\", \"samples\": 2, \"diffs\": [], \"errors\": [], \"verdict\": \"ok\"}\n"}
,{"stream_name":"stdout","time":1702.147017435,"data":"{\"op\": \"floor_divide\", \"dtype\": \"float32\", \"samples\": 3, \"diffs\": [], \"errors\": [], \"verdict\": \"ok\"}\n"}
,{"stream_name":"stdout","time":1702.147021295,"data":"{\"op\": \"floor_divide\", \"dtype\": \"int64\", \"samples\": 3, \"diffs\": [], \"errors\": [], \"verdict\": \"ok\"}\n"}
,{"stream_name":"stdout","time":1702.147024935,"data":"{\"op\": \"frexp\", \"dtype\": \"float32\", \"samples\": 3, \"diffs\": [], \"errors\": [], \"verdict\": \"ok\"}\n"}
,{"stream_name":"stdout","time":1702.147028535,"data":"{\"op\": \"log1p\", \"dtype\": \"float32\", \"samples\": 1, \"diffs\": [], \"errors\": [], \"verdict\": \"ok\"}\n"}
,{"stream_name":"stdout","time":1702.147032195,"data":"{\"op\": \"log1p\", \"dtype\": \"int64\", \"samples\": 1, \"diffs\": [], \"errors\": [], \"verdict\": \"ok\"}\n"}
,{"stream_name":"stdout","time":1702.147035926,"data":"{\"op\": \"log1p\", \"dtype\": \"bool\", \"samples\": 1, \"diffs\": [], \"errors\": [], \"verdict\": \"ok\"}\n"}
,{"stream_name":"stdout","time":1702.147039975,"data":"{\"op\": \"ge\", \"dtype\": \"float32\", \"samples\": 3, \"diffs\": [], \"errors\": [], \"verdict\": \"ok\"}\n"}
,{"stream_name":"stdout","time":1702.147043946,"data":"{\"op\": \"ge\", \"dtype\": \"int64\", \"samples\": 3, \"diffs\": [], \"errors\": [], \"verdict\": \"ok\"}\n"}
,{"stream_name":"stdout","time":1702.147047406,"data":"{\"op\": \"ge\", \"dtype\": \"bool\", \"samples\": 3, \"diffs\": [], \"errors\": [], \"verdict\": \"ok\"}\n"}
,{"stream_name":"stdout","time":1702.147050986,"data":"{\"op\": \"gt\", \"dtype\": \"float32\", \"samples\": 3, \"diffs\": [], \"errors\": [], \"verdict\": \"ok\"}\n"}
,{"stream_name":"stdout","time":1702.147058866,"data":"{\"op\": \"gt\", \"dtype\": \"int64\", \"samples\": 3, \"diffs\": [], \"errors\": [], \"verdict\": \"ok\"}\n"}
,{"stream_name":"stdout","time":1702.147062446,"data":"{\"op\": \"gt\", \"dtype\": \"bool\", \"samples\": 3, \"diffs\": [], \"errors\": [], \"verdict\": \"ok\"}\n"}
,{"stream_name":"stdout","time":1702.147068986,"data":"{\"op\": \"gradient\", \"dtype\": \"float32\", \"samples\": 3, \"diffs\": [], \"errors\": [], \"verdict\": \"ok\"}\n"}
,{"stream_name":"stdout","time":1702.147072635,"data":"{\"op\": \"gradient\", \"dtype\": \"int64\", \"samples\": 3, \"diffs\": [], \"errors\": [], \"verdict\": \"ok\"}\n"}
,{"stream_name":"stdout","time":1702.147076255,"data":"{\"op\": \"isin\", \"dtype\": \"float32\", \"samples\": 2, \"diffs\": [], \"errors\": [], \"verdict\": \"ok\"}\n"}
,{"stream_name":"stdout","time":1702.147079995,"data":"{\"op\": \"isin\", \"dtype\": \"int64\", \"samples\": 2, \"diffs\": [], \"errors\": [], \"verdict\": \"ok\"}\n"}
,{"stream_name":"stdout","time":1702.147083806,"data":"{\"op\": \"le\", \"dtype\": \"float32\", \"samples\": 3, \"diffs\": [], \"errors\": [], \"verdict\": \"ok\"}\n"}
,{"stream_name":"stdout","time":1702.147087326,"data":"{\"op\": \"le\", \"dtype\": \"int64\", \"samples\": 3, \"diffs\": [], \"errors\": [], \"verdict\": \"ok\"}\n"}
,{"stream_name":"stdout","time":1702.147090875,"data":"{\"op\": \"le\", \"dtype\": \"bool\", \"samples\": 3, \"diffs\": [], \"errors\": [], \"verdict\": \"ok\"}\n"}
,{"stream_name":"stdout","time":1702.147094375,"data":"{\"op\": \"linspace\", \"dtype\": \"float32\", \"samples\": 3, \"diffs\": [], \"errors\": [], \"verdict\": \"ok\"}\n"}
,{"stream_name":"stdout","time":1702.147104255,"data":"{\"op\": \"linspace\", \"dtype\": \"int64\", \"samples\": 3, \"diffs\": [], \"errors\": [], \"verdict\": \"ok\"}\n"}
,{"stream_name":"stdout","time":1702.147108115,"data":"{\"op\": \"linspace\", \"dtype\": \"float32\", \"samples\": 3, \"diffs\": [], \"errors\": [], \"verdict\": \"ok\"}\n"}
,{"stream_name":"stdout","time":1702.147112775,"data":"{\"op\": \"linspace\", \"dtype\": \"int64\", \"samples\": 3, \"diffs\": [], \"errors\": [], \"verdict\": \"ok\"}\n"}
,{"stream_name":"stdout","time":1702.147116446,"data":"{\"op\": \"logspace\", \"dtype\": \"float32\", \"samples\": 3, \"diffs\": [], \"errors\": [], \"verdict\": \"ok\"}\n"}
,{"stream_name":"stdout","time":1702.147120026,"data":"{\"op\": \"logspace\", \"dtype\": \"int64\", \"samples\": 3, \"diffs\": [], \"errors\": [], \"verdict\": \"ok\"}\n"}
,{"stream_name":"stdout","time":1702.147123746,"data":"{\"op\": \"logspace\", \"dtype\": \"float32\", \"samples\": 3, \"diffs\": [], \"errors\": [], \"verdict\": \"ok\"}\n"}
,{"stream_name":"stdout","time":1702.147127355,"data":"{\"op\": \"logspace\", \"dtype\": \"int64\", \"samples\": 3, \"diffs\": [], \"errors\": [], \"verdict\": \"ok\"}\n"}
,{"stream_name":"stdout","time":1702.147131156,"data":"{\"op\": \"log\", \"dtype\": \"float32\", \"samples\": 3, \"diffs\": [], \"errors\": [], \"verdict\": \"ok\"}\n"}
,{"stream_name":"stdout","time":1702.147134746,"data":"{\"op\": \"log\", \"dtype\": \"int64\", \"samples\": 3, \"diffs\": [], \"errors\": [], \"verdict\": \"ok\"}\n"}
,{"stream_name":"stdout","time":1702.147138576,"data":"{\"op\": \"log\", \"dtype\": \"bool\", \"samples\": 3, \"diffs\": [], \"errors\": [], \"verdict\": \"ok\"}\n"}
,{"stream_name":"stdout","time":1702.147142046,"data":"{\"op\": \"log10\", \"dtype\": \"float32\", \"samples\": 3, \"diffs\": [], \"errors\": [], \"verdict\": \"ok\"}\n"}
,{"stream_name":"stdout","time":1702.147145586,"data":"{\"op\": \"log10\", \"dtype\": \"int64\", \"samples\": 3, \"diffs\": [], \"errors\": [], \"verdict\": \"ok\"}\n"}
,{"stream_name":"stdout","time":1702.147153216,"data":"{\"op\": \"log10\", \"dtype\": \"bool\", \"samples\": 3, \"diffs\": [], \"errors\": [], \"verdict\": \"ok\"}\n"}
,{"stream_name":"stdout","time":1702.147160846,"data":"{\"op\": \"log2\", \"dtype\": \"float32\", \"samples\": 3, \"diffs\": [], \"errors\": [], \"verdict\": \"ok\"}\n"}
,{"stream_name":"stdout","time":1702.147164666,"data":"{\"op\": \"log2\", \"dtype\": \"int64\", \"samples\": 3, \"diffs\": [], \"errors\": [], \"verdict\": \"ok\"}\n"}
,{"stream_name":"stdout","time":1702.147168366,"data":"{\"op\": \"log2\", \"dtype\": \"bool\", \"samples\": 3, \"diffs\": [], \"errors\": [], \"verdict\": \"ok\"}\n"}
,{"stream_name":"stdout","time":1702.147171745,"data":"{\"op\": \"ldexp\", \"dtype\": \"float32\", \"samples\": 3, \"diffs\": [], \"errors\": [], \"verdict\": \"ok\"}\n"}
,{"stream_name":"stdout","time":1702.147175136,"data":"{\"op\": \"ldexp\", \"dtype\": \"int64\", \"samples\": 3, \"diffs\": [], \"errors\": [], \"verdict\": \"ok\"}\n"}
,{"stream_name":"stdout","time":1702.147178896,"data":"{\"op\": \"ldexp\", \"dtype\": \"bool\", \"samples\": 3, \"diffs\": [], \"errors\": [], \"verdict\": \"ok\"}\n"}
,{"stream_name":"stdout","time":1702.147182836,"data":"{\"op\": \"logaddexp\", \"dtype\": \"float32\", \"samples\": 3, \"diffs\": [], \"errors\": [], \"verdict\": \"ok\"}\n"}
,{"stream_name":"stdout","time":1702.147186736,"data":"{\"op\": \"logaddexp2\", \"dtype\": \"float32\", \"samples\": 1, \"diffs\": [], \"errors\": [], \"verdict\": \"ok\"}\n"}
,{"stream_name":"stdout","time":1702.147190596,"data":"{\"op\": \"logical_not\", \"dtype\": \"float32\", \"samples\": 3, \"diffs\": [], \"errors\": [], \"verdict\": \"ok\"}\n"}
,{"stream_name":"stdout","time":1702.147194905,"data":"{\"op\": \"logical_not\", \"dtype\": \"int64\", \"samples\": 3, \"diffs\": [], \"errors\": [], \"verdict\": \"ok\"}\n"}
,{"stream_name":"stdout","time":1702.147198525,"data":"{\"op\": \"logical_not\", \"dtype\": \"bool\", \"samples\": 3, \"diffs\": [], \"errors\": [], \"verdict\": \"ok\"}\n"}
,{"stream_name":"stdout","time":1702.147202225,"data":"{\"op\": \"lt\", \"dtype\": \"float32\", \"samples\": 3, \"diffs\": [], \"errors\": [], \"verdict\": \"ok\"}\n"}
,{"stream_name":"stdout","time":1702.147205756,"data":"{\"op\": \"lt\", \"dtype\": \"int64\", \"samples\": 3, \"diffs\": [], \"errors\": [], \"verdict\": \"ok\"}\n"}
,{"stream_name":"stdout","time":1702.147209145,"data":"{\"op\": \"lt\", \"dtype\": \"bool\", \"samples\": 3, \"diffs\": [], \"errors\": [], \"verdict\": \"ok\"}\n"}
,{"stream_name":"stdout","time":1702.147212816,"data":"{\"op\": \"masked_fill\", \"dtype\": \"float32\", \"samples\": 3, \"diffs\": [], \"errors\": [], \"verdict\": \"ok\"}\n"}
,{"stream_name":"stdout","time":1702.147216476,"data":"{\"op\": \"masked_fill\", \"dtype\": \"int64\", \"samples\": 3, \"diffs\": [], \"errors\": [], \"verdict\": \"ok\"}\n"}
,{"stream_name":"stdout","time":1702.147220236,"data":"{\"op\": \"masked_fill\", \"dtype\": \"bool\", \"samples\": 3, \"diffs\": [], \"errors\": [], \"verdict\": \"ok\"}\n"}
,{"stream_name":"stdout","time":1702.147224005,"data":"{\"op\": \"masked_scatter\", \"dtype\": \"float32\", \"samples\": 3, \"diffs\": [], \"errors\": [], \"verdict\": \"ok\"}\n"}
,{"stream_name":"stdout","time":1702.147227836,"data":"{\"op\": \"masked_scatter\", \"dtype\": \"int64\", \"samples\": 3, \"diffs\": [], \"errors\": [], \"verdict\": \"ok\"}\n"}
,{"stream_name":"stdout","time":1702.147231656,"data":"{\"op\": \"masked_scatter\", \"dtype\": \"bool\", \"samples\": 3, \"diffs\": [], \"errors\": [], \"verdict\": \"ok\"}\n"}
,{"stream_name":"stdout","time":1702.147235236,"data":"{\"op\": \"matrix_exp\", \"dtype\": \"float32\", \"samples\": 2, \"diffs\": [], \"errors\": [], \"verdict\": \"ok\"}\n"}
,{"stream_name":"stdout","time":1702.147241565,"data":"{\"op\": \"matmul\", \"dtype\": \"float32\", \"samples\": 3, \"diffs\": [], \"errors\": [], \"verdict\": \"ok\"}\n"}
,{"stream_name":"stdout","time":1702.147249885,"data":"{\"op\": \"matmul\", \"dtype\": \"int64\", \"samples\": 3, \"diffs\": [], \"errors\": [], \"verdict\": \"ok\"}\n"}
,{"stream_name":"stdout","time":1702.147253636,"data":"{\"op\": \"max\", \"dtype\": \"float32\", \"samples\": 3, \"diffs\": [], \"errors\": [], \"verdict\": \"ok\"}\n"}
,{"stream_name":"stdout","time":1702.147257516,"data":"{\"op\": \"max\", \"dtype\": \"int64\", \"samples\": 3, \"diffs\": [], \"errors\": [], \"verdict\": \"ok\"}\n"}
,{"stream_name":"stdout","time":1702.147261505,"data":"{\"op\": \"max\", \"dtype\": \"bool\", \"samples\": 3, \"diffs\": [], \"errors\": [], \"verdict\": \"ok\"}\n"}
,{"stream_name":"stdout","time":1702.147265705,"data":"{\"op\": \"max\", \"dtype\": \"float32\", \"samples\": 2, \"diffs\": [], \"errors\": [], \"verdict\": \"ok\"}\n"}
,{"stream_name":"stdout","time":1702.147269525,"data":"{\"op\": \"max\", \"dtype\": \"int64\", \"samples\": 2, \"diffs\": [], \"errors\": [], \"verdict\": \"ok\"}\n"}
,{"stream_name":"stdout","time":1702.147273345,"data":"{\"op\": \"max\", \"dtype\": \"bool\", \"samples\": 2, \"diffs\": [], \"errors\": [], \"verdict\": \"ok\"}\n"}
,{"stream_name":"stdout","time":1702.147277076,"data":"{\"op\": \"var_mean\", \"dtype\": \"float32\", \"samples\": 3, \"diffs\": [], \"errors\": [], \"verdict\": \"ok\"}\n"}
,{"stream_name":"stdout","time":1702.147281296,"data":"{\"op\": \"var_mean\", \"dtype\": \"float32\", \"samples\": 3, \"diffs\": [{\"i\": 2, \"class\": \"VALUE\", \"detail\": \"nan pattern at []: eager nan compiled 0.0\", \"repr\": \"SampleInput(input=tensor([]), args=(False,), kwargs={}, broadcasts_input=False, name='')\"}], \"errors\": [], \"verdict\": \"DIFF:VALUE\"}\n"}
,{"stream_name":"stdout","time":1702.147287245,"data":"{\"op\": \"std_mean\", \"dtype\": \"float32\", \"samples\": 3, \"diffs\": [{\"i\": 1, \"class\": \"VALUE\", \"detail\": \"inf at [0, 1]: eager 1.5217888883258408e+38 compiled inf\", \"repr\": \"SampleInput(input=tensor([[[-8.4784, -1.7658, -4.3228, -2.4005, -7.9506],\\n         [ 3.6116, -8.0676, -0.5735,  3.1285, -3.0337],\\n         [ 5.1067,  1.1351,  4.9473,  5.7744, -3.9730],\\n         [ 3.2708, -3.8939,  2.8211, -4.7024,  4.1631],\\n         [ 1.8220, -3.5221, -4.4145,  2.3285,  8.3972]],\\n\\n\"}, {\"i\": 2, \"class\": \"VALUE\", \"detail\": \"inf at [0, 0, 1]: eager 1.5217888883258408e+38 compiled inf\", \"repr\": \"SampleInput(input=tensor([[[-8.4784, -1.7658, -4.3228, -2.4005, -7.9506],\\n         [ 3.6116, -8.0676, -0.5735,  3.1285, -3.0337],\\n         [ 5.1067,  1.1351,  4.9473,  5.7744, -3.9730],\\n         [ 3.2708, -3.8939,  2.8211, -4.7024,  4.1631],\\n         [ 1.8220, -3.5221, -4.4145,  2.3285,  8.3972]],\\n\\n\"}], \"errors\": [], \"verdict\": \"DIFF:VALUE\"}\n"}
,{"stream_name":"stdout","time":1702.147301796,"data":"{\"op\": \"std_mean\", \"dtype\": \"float32\", \"samples\": 3, \"diffs\": [{\"i\": 2, \"class\": \"VALUE\", \"detail\": \"nan pattern at []: eager nan compiled 0.0\", \"repr\": \"SampleInput(input=tensor([]), args=(False,), kwargs={}, broadcasts_input=False, name='')\"}], \"errors\": [], \"verdict\": \"DIFF:VALUE\"}\n"}
,{"stream_name":"stdout","time":1702.147306236,"data":"{\"op\": \"meshgrid\", \"dtype\": \"float32\", \"samples\": 3, \"diffs\": [], \"errors\": [], \"verdict\": \"ok\"}\n"}
,{"stream_name":"stdout","time":1702.147309745,"data":"{\"op\": \"meshgrid\", \"dtype\": \"int64\", \"samples\": 3, \"diffs\": [], \"errors\": [], \"verdict\": \"ok\"}\n"}
,{"stream_name":"stdout","time":1702.147313825,"data":"{\"op\": \"meshgrid\", \"dtype\": \"bool\", \"samples\": 3, \"diffs\": [], \"errors\": [], \"verdict\": \"ok\"}\n"}
,{"stream_name":"stdout","time":1702.147317785,"data":"{\"op\": \"meshgrid\", \"dtype\": \"float32\", \"samples\": 3, \"diffs\": [], \"errors\": [], \"verdict\": \"ok\"}\n"}
,{"stream_name":"stdout","time":1702.147326045,"data":"{\"op\": \"meshgrid\", \"dtype\": \"int64\", \"samples\": 3, \"diffs\": [], \"errors\": [], \"verdict\": \"ok\"}\n"}
,{"stream_name":"stdout","time":1702.147329925,"data":"{\"op\": \"meshgrid\", \"dtype\": \"bool\", \"samples\": 3, \"diffs\": [], \"errors\": [], \"verdict\": \"ok\"}\n"}
,{"stream_name":"stdout","time":1702.147333796,"data":"{\"op\": \"min\", \"dtype\": \"float32\", \"samples\": 3, \"diffs\": [], \"errors\": [], \"verdict\": \"ok\"}\n"}
,{"stream_name":"stdout","time":1702.147337405,"data":"{\"op\": \"min\", \"dtype\": \"int64\", \"samples\": 3, \"diffs\": [], \"errors\": [], \"verdict\": \"ok\"}\n"}
,{"stream_name":"stdout","time":1702.147341276,"data":"{\"op\": \"min\", \"dtype\": \"bool\", \"samples\": 3, \"diffs\": [], \"errors\": [], \"verdict\": \"ok\"}\n"}
,{"stream_name":"stdout","time":1702.147344805,"data":"{\"op\": \"min\", \"dtype\": \"float32\", \"samples\": 2, \"diffs\": [], \"errors\": [], \"verdict\": \"ok\"}\n"}
,{"stream_name":"stdout","time":1702.147351656,"data":"{\"op\": \"min\", \"dtype\": \"int64\", \"samples\": 2, \"diffs\": [], \"errors\": [], \"verdict\": \"ok\"}\n"}
,{"stream_name":"stdout","time":1702.147371505,"data":"{\"op\": \"min\", \"dtype\": \"bool\", \"samples\": 2, \"diffs\": [], \"errors\": [], \"verdict\": \"ok\"}\n"}
,{"stream_name":"stdout","time":1702.147380716,"data":"{\"op\": \"quantile\", \"dtype\": \"float32\", \"samples\": 3, \"diffs\": [], \"errors\": [], \"verdict\": \"ok\"}\n"}
,{"stream_name":"stdout","time":1702.147384616,"data":"{\"op\": \"nanquantile\", \"dtype\": \"float32\", \"samples\": 3, \"diffs\": [], \"errors\": [], \"verdict\": \"ok\"}\n"}
,{"stream_name":"stdout","time":1702.147388636,"data":"{\"op\": \"max\", \"dtype\": \"float32\", \"samples\": 3, \"diffs\": [{\"i\": 1, \"class\": \"SIGNZERO\", \"detail\": \"sign of zero\", \"repr\": \"SampleInput(input=tensor([-8.4784, -1.7658, -4.3228, -2.4005, -7.9506]), args=(tensor(3.6116),), kwargs={}, broadcasts_input=False, name='')\"}, {\"i\": 2, \"class\": \"SIGNZERO\", \"detail\": \"sign of zero\", \"repr\": \"SampleInput(input=tensor([[-8.4784],\\n        [-1.7658],\\n        [-4.3228],\\n        [-2.4005],\\n        [-7.9506]]), args=(tensor([ 3.6116, -8.0676, -0.5735,  3.1285, -3.0337]),), kwargs={}, broadcasts_input=True, name='')\"}], \"errors\": [], \"verdict\": \"DIFF:SIGNZERO\"}\n"}
,{"stream_name":"stdout","time":1702.147394076,"data":"{\"op\": \"max\", \"dtype\": \"int64\", \"samples\": 3, \"diffs\": [], \"errors\": [], \"verdict\": \"ok\"}\n"}
,{"stream_name":"stdout","time":1702.147397725,"data":"{\"op\": \"max\", \"dtype\": \"bool\", \"samples\": 3, \"diffs\": [], \"errors\": [], \"verdict\": \"ok\"}\n"}
,{"stream_name":"stdout","time":1702.147402165,"data":"{\"op\": \"maximum\", \"dtype\": \"float32\", \"samples\": 3, \"diffs\": [{\"i\": 1, \"class\": \"SIGNZERO\", \"detail\": \"sign of zero\", \"repr\": \"SampleInput(input=tensor([-8.4784, -1.7658, -4.3228, -2.4005, -7.9506]), args=(tensor(3.6116),), kwargs={}, broadcasts_input=False, name='')\"}, {\"i\": 2, \"class\": \"SIGNZERO\", \"detail\": \"sign of zero\", \"repr\": \"SampleInput(input=tensor([[-8.4784],\\n        [-1.7658],\\n        [-4.3228],\\n        [-2.4005],\\n        [-7.9506]]), args=(tensor([ 3.6116, -8.0676, -0.5735,  3.1285, -3.0337]),), kwargs={}, broadcasts_input=True, name='')\"}], \"errors\": [], \"verdict\": \"DIFF:SIGNZERO\"}\n"}
,{"stream_name":"stdout","time":1702.147407396,"data":"{\"op\": \"maximum\", \"dtype\": \"int64\", \"samples\": 3, \"diffs\": [], \"errors\": [], \"verdict\": \"ok\"}\n"}
,{"stream_name":"stdout","time":1702.147410996,"data":"{\"op\": \"maximum\", \"dtype\": \"bool\", \"samples\": 3, \"diffs\": [], \"errors\": [], \"verdict\": \"ok\"}\n"}
,{"stream_name":"stdout","time":1702.147414696,"data":"{\"op\": \"min\", \"dtype\": \"float32\", \"samples\": 3, \"diffs\": [{\"i\": 1, \"class\": \"SIGNZERO\", \"detail\": \"sign of zero\", \"repr\": \"SampleInput(input=tensor([-8.4784, -1.7658, -4.3228, -2.4005, -7.9506]), args=(tensor(3.6116),), kwargs={}, broadcasts_input=False, name='')\"}, {\"i\": 2, \"class\": \"SIGNZERO\", \"detail\": \"sign of zero\", \"repr\": \"SampleInput(input=tensor([[-8.4784],\\n        [-1.7658],\\n        [-4.3228],\\n        [-2.4005],\\n        [-7.9506]]), args=(tensor([ 3.6116, -8.0676, -0.5735,  3.1285, -3.0337]),), kwargs={}, broadcasts_input=True, name='')\"}], \"errors\": [], \"verdict\": \"DIFF:SIGNZERO\"}\n"}
,{"stream_name":"stdout","time":1702.147424836,"data":"{\"op\": \"min\", \"dtype\": \"int64\", \"samples\": 3, \"diffs\": [], \"errors\": [], \"verdict\": \"ok\"}\n"}
,{"stream_name":"stdout","time":1702.147428565,"data":"{\"op\": \"min\", \"dtype\": \"bool\", \"samples\": 3, \"diffs\": [], \"errors\": [], \"verdict\": \"ok\"}\n"}
,{"stream_name":"stdout","time":1702.147432305,"data":"{\"op\": \"minimum\", \"dtype\": \"float32\", \"samples\": 3, \"diffs\": [{\"i\": 1, \"class\": \"SIGNZERO\", \"detail\": \"sign of zero\", \"repr\": \"SampleInput(input=tensor([-8.4784, -1.7658, -4.3228, -2.4005, -7.9506]), args=(tensor(3.6116),), kwargs={}, broadcasts_input=False, name='')\"}, {\"i\": 2, \"class\": \"SIGNZERO\", \"detail\": \"sign of zero\", \"repr\": \"SampleInput(input=tensor([[-8.4784],\\n        [-1.7658],\\n        [-4.3228],\\n        [-2.4005],\\n        [-7.9506]]), args=(tensor([ 3.6116, -8.0676, -0.5735,  3.1285, -3.0337]),), kwargs={}, broadcasts_input=True, name='')\"}], \"errors\": [], \"verdict\": \"DIFF:SIGNZERO\"}\n"}
,{"stream_name":"stdout","time":1702.147437576,"data":"{\"op\": \"minimum\", \"dtype\": \"int64\", \"samples\": 3, \"diffs\": [], \"errors\": [], \"verdict\": \"ok\"}\n"}
,{"stream_name":"stdout","time":1702.147441196,"data":"{\"op\": \"minimum\", \"dtype\": \"bool\", \"samples\": 3, \"diffs\": [], \"errors\": [], \"verdict\": \"ok\"}\n"}
,{"stream_name":"stdout","time":1702.147445016,"data":"{\"op\": \"logical_and\", \"dtype\": \"float32\", \"samples\": 3, \"diffs\": [], \"errors\": [], \"verdict\": \"ok\"}\n"}
,{"stream_name":"stdout","time":1702.147448656,"data":"{\"op\": \"logical_and\", \"dtype\": \"int64\", \"samples\": 3, \"diffs\": [], \"errors\": [], \"verdict\": \"ok\"}\n"}
,{"stream_name":"stdout","time":1702.147452685,"data":"{\"op\": \"logical_and\", \"dtype\": \"bool\", \"samples\": 3, \"diffs\": [], \"errors\": [], \"verdict\": \"ok\"}\n"}
,{"stream_name":"stdout","time":1702.147456265,"data":"{\"op\": \"logical_or\", \"dtype\": \"float32\", \"samples\": 3, \"diffs\": [], \"errors\": [], \"verdict\": \"ok\"}\n"}
,{"stream_name":"stdout","time":1702.147460016,"data":"{\"op\": \"logical_or\", \"dtype\": \"int64\", \"samples\": 3, \"diffs\": [], \"errors\": [], \"verdict\": \"ok\"}\n"}
,{"stream_name":"stdout","time":1702.147466636,"data":"{\"op\": \"logical_or\", \"dtype\": \"bool\", \"samples\": 3, \"diffs\": [], \"errors\": [], \"verdict\": \"ok\"}\n"}
,{"stream_name":"stdout","time":1702.147470276,"data":"{\"op\": \"logical_xor\", \"dtype\": \"float32\", \"samples\": 3, \"diffs\": [], \"errors\": [], \"verdict\": \"ok\"}\n"}
,{"stream_name":"stdout","time":1702.147473745,"data":"{\"op\": \"logical_xor\", \"dtype\": \"int64\", \"samples\": 3, \"diffs\": [], \"errors\": [], \"verdict\": \"ok\"}\n"}
,{"stream_name":"stdout","time":1702.147477445,"data":"{\"op\": \"logical_xor\", \"dtype\": \"bool\", \"samples\": 3, \"diffs\": [], \"errors\": [], \"verdict\": \"ok\"}\n"}
,{"stream_name":"stdout","time":1702.147481136,"data":"{\"op\": \"bitwise_and\", \"dtype\": \"int64\", \"samples\": 3, \"diffs\": [], \"errors\": [], \"verdict\": \"ok\"}\n"}
,{"stream_name":"stdout","time":1702.147484825,"data":"{\"op\": \"bitwise_and\", \"dtype\": \"bool\", \"samples\": 3, \"diffs\": [], \"errors\": [], \"verdict\": \"ok\"}\n"}
,{"stream_name":"stdout","time":1702.147492185,"data":"{\"op\": \"bitwise_or\", \"dtype\": \"int64\", \"samples\": 3, \"diffs\": [], \"errors\": [], \"verdict\": \"ok\"}\n"}
,{"stream_name":"stdout","time":1702.147496216,"data":"{\"op\": \"bitwise_or\", \"dtype\": \"bool\", \"samples\": 3, \"diffs\": [], \"errors\": [], \"verdict\": \"ok\"}\n"}
,{"stream_name":"stdout","time":1702.147499836,"data":"{\"op\": \"bitwise_xor\", \"dtype\": \"int64\", \"samples\": 3, \"diffs\": [], \"errors\": [], \"verdict\": \"ok\"}\n"}
,{"stream_name":"stdout","time":1702.147503556,"data":"{\"op\": \"bitwise_xor\", \"dtype\": \"bool\", \"samples\": 3, \"diffs\": [], \"errors\": [], \"verdict\": \"ok\"}\n"}
,{"stream_name":"stdout","time":1702.147507265,"data":"{\"op\": \"heaviside\", \"dtype\": \"float32\", \"samples\": 3, \"diffs\": [], \"errors\": [], \"verdict\": \"ok\"}\n"}
,{"stream_name":"stdout","time":1702.147510965,"data":"{\"op\": \"heaviside\", \"dtype\": \"int64\", \"samples\": 3, \"diffs\": [], \"errors\": [], \"verdict\": \"ok\"}\n"}
,{"stream_name":"stdout","time":1702.147514785,"data":"{\"op\": \"heaviside\", \"dtype\": \"bool\", \"samples\": 3, \"diffs\": [], \"errors\": [], \"verdict\": \"ok\"}\n"}
,{"stream_name":"stdout","time":1702.147518525,"data":"{\"op\": \"lcm\", \"dtype\": \"int64\", \"samples\": 3, \"diffs\": [], \"errors\": [], \"verdict\": \"ok\"}\n"}
,{"stream_name":"stdout","time":1702.147522156,"data":"{\"op\": \"gcd\", \"dtype\": \"int64\", \"samples\": 3, \"diffs\": [], \"errors\": [], \"verdict\": \"ok\"}\n"}
,{"stream_name":"stdout","time":1702.147525736,"data":"{\"op\": \"isclose\", \"dtype\": \"float32\", \"samples\": 3, \"diffs\": [], \"errors\": [], \"verdict\": \"ok\"}\n"}
,{"stream_name":"stdout","time":1702.147529296,"data":"{\"op\": \"isclose\", \"dtype\": \"int64\", \"samples\": 3, \"diffs\": [], \"errors\": [], \"verdict\": \"ok\"}\n"}
,{"stream_name":"stdout","time":1702.147533056,"data":"{\"op\": \"isclose\", \"dtype\": \"bool\", \"samples\": 3, \"diffs\": [], \"errors\": [], \"verdict\": \"ok\"}\n"}
,{"stream_name":"stdout","time":1702.147537125,"data":"{\"op\": \"softmax\", \"dtype\": \"float32\", \"samples\": 3, \"diffs\": [], \"errors\": [], \"verdict\": \"ok\"}\n"}
,{"stream_name":"stdout","time":1702.147540796,"data":"{\"op\": \"softmax\", \"dtype\": \"float32\", \"samples\": 3, \"diffs\": [], \"errors\": [], \"verdict\": \"ok\"}\n"}
,{"stream_name":"stdout","time":1702.147544376,"data":"{\"op\": \"softmax\", \"dtype\": \"int64\", \"samples\": 3, \"diffs\": [], \"errors\": [], \"verdict\": \"ok\"}\n"}
,{"stream_name":"stdout","time":1702.147552176,"data":"{\"op\": \"softmax\", \"dtype\": \"bool\", \"samples\": 3, \"diffs\": [], \"errors\": [], \"verdict\": \"ok\"}\n"}
,{"stream_name":"stdout","time":1702.147556096,"data":"{\"op\": \"_softmax_backward_data\", \"dtype\": \"float32\", \"samples\": 3, \"diffs\": [{\"i\": 0, \"class\": \"SIGNZERO\", \"detail\": \"sign of zero\", \"repr\": \"SampleInput(input=tensor([ 3.6116, -8.0676, -0.5735,  3.1285, -3.0337]), args=(tensor([0.0008, 0.6208, 0.0481, 0.3291, 0.0013]), 0, torch.float32), kwargs={}, broadcasts_input=False, name='')\"}, {\"i\": 1, \"class\": \"VALUE\", \"detail\": \"nan pattern at [2, 1]: eager -inf compiled nan\", \"repr\": \"SampleInput(input=tensor([[ 4.3191, -0.8691, -0.4368,  5.1155, -6.2551],\\n        [ 2.9920, -2.9822,  5.2072, -3.2105,  0.4450],\\n        [ 3.0391,  6.1851, -1.3229,  8.2106, -7.6144],\\n        [-1.6054, -8.9746,  0.7456,  2.5540, -3.6433],\\n        [ 3.7379, -1.4590, -7.8209,  6.9096,  5.5491]]), args=\"}, {\"i\": 2, \"class\": \"VALUE\", \"detail\": \"nan pattern at [0, 5, 2]: eager -inf compiled nan\", \"repr\": \"SampleInput(input=tensor([[[ 4.6294, -5.5161,  5.4848,  8.2469, -3.0014],\\n         [ 1.0101,  4.9624, -0.7130, -7.5305,  4.0428],\\n         [ 4.2817, -4.9307, -6.0598, -1.5706,  1.7646],\\n         [-4.5515, -0.2163, -3.8892, -3.5062, -1.2317],\\n         [-3.4303,  6.9133,  2.3649,  8.0544,  8.1262],\\n  \"}], \"errors\": [], \"verdict\": \"DIFF:SIGNZERO+VALUE\"}\n"}
,{"stream_name":"stdout","time":1702.147566485,"data":"{\"op\": \"nn.functional.softmin\", \"dtype\": \"float32\", \"samples\": 3, \"diffs\": [], \"errors\": [], \"verdict\": \"ok\"}\n"}
,{"stream_name":"stdout","time":1702.147570005,"data":"{\"op\": \"nn.functional.softmin\", \"dtype\": \"float32\", \"samples\": 3, \"diffs\": [], \"errors\": [], \"verdict\": \"ok\"}\n"}
,{"stream_name":"stdout","time":1702.147573725,"data":"{\"op\": \"nn.functional.softmin\", \"dtype\": \"int64\", \"samples\": 3, \"diffs\": [], \"errors\": [], \"verdict\": \"ok\"}\n"}
,{"stream_name":"stdout","time":1702.147577245,"data":"{\"op\": \"nn.functional.cross_entropy\", \"dtype\": \"float32\", \"samples\": 3, \"diffs\": [], \"errors\": [], \"verdict\": \"ok\"}\n"}
,{"stream_name":"stdout","time":1702.147581456,"data":"{\"op\": \"nn.functional.linear_cross_entropy\", \"dtype\": \"float32\", \"samples\": 3, \"diffs\": [], \"errors\": [], \"verdict\": \"ok\"}\n"}
,{"stream_name":"stdout","time":1702.147585145,"data":"{\"op\": \"nn.functional.linear_cross_entropy\", \"dtype\": \"float32\", \"samples\": 3, \"diffs\": [], \"errors\": [], \"verdict\": \"ok\"}\n"}
,{"stream_name":"stdout","time":1702.147588716,"data":"{\"op\": \"nn.functional.linear_cross_entropy\", \"dtype\": \"float32\", \"samples\": 3, \"diffs\": [], \"errors\": [], \"verdict\": \"ok\"}\n"}
,{"stream_name":"stdout","time":1702.147592285,"data":"{\"op\": \"aminmax\", \"dtype\": \"float32\", \"samples\": 3, \"diffs\": [], \"errors\": [], \"verdict\": \"ok\"}\n"}
,{"stream_name":"stdout","time":1702.147595936,"data":"{\"op\": \"aminmax\", \"dtype\": \"int64\", \"samples\": 3, \"diffs\": [], \"errors\": [], \"verdict\": \"ok\"}\n"}
,{"stream_name":"stdout","time":1702.147599645,"data":"{\"op\": \"aminmax\", \"dtype\": \"bool\", \"samples\": 3, \"diffs\": [], \"errors\": [], \"verdict\": \"ok\"}\n"}
,{"stream_name":"stdout","time":1702.147603485,"data":"{\"op\": \"as_strided\", \"dtype\": \"float32\", \"samples\": 3, \"diffs\": [], \"errors\": [], \"verdict\": \"ok\"}\n"}
,{"stream_name":"stdout","time":1702.147607085,"data":"{\"op\": \"as_strided\", \"dtype\": \"int64\", \"samples\": 3, \"diffs\": [], \"errors\": [], \"verdict\": \"ok\"}\n"}
,{"stream_name":"stdout","time":1702.147610565,"data":"{\"op\": \"as_strided\", \"dtype\": \"bool\", \"samples\": 3, \"diffs\": [], \"errors\": [], \"verdict\": \"ok\"}\n"}
,{"stream_name":"stdout","time":1702.147614265,"data":"{\"op\": \"as_strided\", \"dtype\": \"float32\", \"samples\": 3, \"diffs\": [], \"errors\": [], \"verdict\": \"ok\"}\n"}
,{"stream_name":"stdout","time":1702.147617985,"data":"{\"op\": \"as_strided\", \"dtype\": \"int64\", \"samples\": 3, \"diffs\": [], \"errors\": [], \"verdict\": \"ok\"}\n"}
,{"stream_name":"stdout","time":1702.147621596,"data":"{\"op\": \"as_strided\", \"dtype\": \"bool\", \"samples\": 3, \"diffs\": [], \"errors\": [], \"verdict\": \"ok\"}\n"}
,{"stream_name":"stdout","time":1702.147625076,"data":"{\"op\": \"as_strided_copy\", \"dtype\": \"float32\", \"samples\": 3, \"diffs\": [], \"errors\": [], \"verdict\": \"ok\"}\n"}
,{"stream_name":"stdout","time":1702.147628476,"data":"{\"op\": \"as_strided_copy\", \"dtype\": \"int64\", \"samples\": 3, \"diffs\": [], \"errors\": [], \"verdict\": \"ok\"}\n"}
,{"stream_name":"stdout","time":1702.147632016,"data":"{\"op\": \"as_strided_copy\", \"dtype\": \"bool\", \"samples\": 3, \"diffs\": [], \"errors\": [], \"verdict\": \"ok\"}\n"}
,{"stream_name":"stdout","time":1702.147635596,"data":"{\"op\": \"as_strided_scatter\", \"dtype\": \"float32\", \"samples\": 3, \"diffs\": [], \"errors\": [], \"verdict\": \"ok\"}\n"}
,{"stream_name":"stdout","time":1702.147642076,"data":"{\"op\": \"as_strided_scatter\", \"dtype\": \"int64\", \"samples\": 3, \"diffs\": [], \"errors\": [], \"verdict\": \"ok\"}\n"}
,{"stream_name":"stdout","time":1702.147649965,"data":"{\"op\": \"as_strided_scatter\", \"dtype\": \"bool\", \"samples\": 3, \"diffs\": [], \"errors\": [], \"verdict\": \"ok\"}\n"}
,{"stream_name":"stdout","time":1702.147653596,"data":"{\"op\": \"native_group_norm\", \"dtype\": \"float32\", \"samples\": 3, \"diffs\": [], \"errors\": [], \"verdict\": \"ok\"}\n"}
,{"stream_name":"stdout","time":1702.147658596,"data":"{\"op\": \"native_layer_norm\", \"dtype\": \"float32\", \"samples\": 3, \"diffs\": [], \"errors\": [], \"verdict\": \"ok\"}\n"}
,{"stream_name":"stdout","time":1702.147662745,"data":"{\"op\": \"native_batch_norm\", \"dtype\": \"float32\", \"samples\": 3, \"diffs\": [{\"i\": 1, \"class\": \"VALUE\", \"detail\": \"nan pattern at [1, 0, 3]: eager 0.0 compiled nan\", \"repr\": \"SampleInput(input=tensor([[[ 3.1285, -3.0337,  5.1067,  1.1351],\\n         [ 4.9473,  5.7744, -3.9730,  3.2708]],\\n\\n        [[-3.8939,  2.8211, -4.7024,  4.1631],\\n         [ 1.8220, -3.5221, -4.4145,  2.3285]],\\n\\n        [[ 8.3972,  4.3191, -0.8691, -0.4368],\\n         [ 5.1155, -6.2551,  2.9920, -2.982\"}], \"errors\": [], \"verdict\": \"DIFF:VALUE\"}\n"}
,{"stream_name":"stdout","time":1702.147668136,"data":"{\"op\": \"_native_batch_norm_legit\", \"dtype\": \"float32\", \"samples\": 3, \"diffs\": [{\"i\": 1, \"class\": \"VALUE\", \"detail\": \"nan pattern at [1, 0, 3]: eager 0.0 compiled nan\", \"repr\": \"SampleInput(input=tensor([[[ 3.1285, -3.0337,  5.1067,  1.1351],\\n         [ 4.9473,  5.7744, -3.9730,  3.2708]],\\n\\n        [[-3.8939,  2.8211, -4.7024,  4.1631],\\n         [ 1.8220, -3.5221, -4.4145,  2.3285]],\\n\\n        [[ 8.3972,  4.3191, -0.8691, -0.4368],\\n         [ 5.1155, -6.2551,  2.9920, -2.982\"}], \"errors\": [], \"verdict\": \"DIFF:VALUE\"}\n"}
,{"stream_name":"stdout","time":1702.147673905,"data":"{\"op\": \"_batch_norm_with_update\", \"dtype\": \"float32\", \"samples\": 3, \"diffs\": [{\"i\": 1, \"class\": \"VALUE\", \"detail\": \"nan pattern at [0, 1, 0]: eager -0.0 compiled nan\", \"repr\": \"SampleInput(input=tensor([[[ 3.1285, -3.0337,  5.1067,  1.1351],\\n         [ 4.9473,  5.7744, -3.9730,  3.2708]],\\n\\n        [[-3.8939,  2.8211, -4.7024,  4.1631],\\n         [ 1.8220, -3.5221, -4.4145,  2.3285]],\\n\\n        [[ 8.3972,  4.3191, -0.8691, -0.4368],\\n         [ 5.1155, -6.2551,  2.9920, -2.982\"}], \"errors\": [], \"verdict\": \"DIFF:VALUE\"}\n"}
,{"stream_name":"stdout","time":1702.147679056,"data":"{\"op\": \"nn.functional.cosine_similarity\", \"dtype\": \"float32\", \"samples\": 3, \"diffs\": [], \"errors\": [], \"verdict\": \"ok\"}\n"}
,{"stream_name":"stdout","time":1702.147682716,"data":"{\"op\": \"nn.functional.adaptive_avg_pool1d\", \"dtype\": \"float32\", \"samples\": 3, \"diffs\": [], \"errors\": [], \"verdict\": \"ok\"}\n"}
,{"stream_name":"stdout","time":1702.147686526,"data":"{\"op\": \"nn.functional.adaptive_avg_pool2d\", \"dtype\": \"float32\", \"samples\": 3, \"diffs\": [], \"errors\": [], \"verdict\": \"ok\"}\n"}
,{"stream_name":"stdout","time":1702.147690336,"data":"{\"op\": \"nn.functional.adaptive_avg_pool3d\", \"dtype\": \"float32\", \"samples\": 3, \"diffs\": [], \"errors\": [], \"verdict\": \"ok\"}\n"}
,{"stream_name":"stdout","time":1702.147694566,"data":"{\"op\": \"nn.functional.adaptive_max_pool1d\", \"dtype\": \"float32\", \"samples\": 3, \"diffs\": [{\"i\": 0, \"class\": \"VALUE\", \"detail\": \"value at [0, 2, 1]: eager 2 compiled 1\", \"repr\": \"SampleInput(input=tensor([[[-8.4784, -1.7658, -4.3228, -2.4005],\\n         [-7.9506,  3.6116, -8.0676, -0.5735],\\n         [ 3.1285, -3.0337,  5.1067,  1.1351],\\n         [ 4.9473,  5.7744, -3.9730,  3.2708]],\\n\\n        [[-3.8939,  2.8211, -4.7024,  4.1631],\\n         [ 1.8220, -3.5221, -4.4145,  2.3285]\"}, {\"i\": 1, \"class\": \"VALUE\", \"detail\": \"value at [2, 1]: eager 2 compiled 1\", \"repr\": \"SampleInput(input=tensor([[-8.4784, -1.7658, -4.3228, -2.4005],\\n        [-7.9506,  3.6116, -8.0676, -0.5735],\\n        [ 3.1285, -3.0337,  5.1067,  1.1351],\\n        [ 4.9473,  5.7744, -3.9730,  3.2708]]), args=(3, True), kwargs={}, broadcasts_input=False, name='')\"}], \"errors\": [], \"verdict\": \"DIFF:VALUE\"}\n"}
,{"stream_name":"stdout","time":1702.147704766,"data":"{\"op\": \"nn.functional.adaptive_max_pool2d\", \"dtype\": \"float32\", \"samples\": 3, \"diffs\": [{\"i\": 0, \"class\": \"VALUE\", \"detail\": \"value at [0, 0, 1, 1]: eager 10 compiled 9\", \"repr\": \"SampleInput(input=tensor([[[[-8.4784, -1.7658, -4.3228, -2.4005],\\n          [-7.9506,  3.6116, -8.0676, -0.5735],\\n          [ 3.1285, -3.0337,  5.1067,  1.1351],\\n          [ 4.9473,  5.7744, -3.9730,  3.2708]],\\n\\n         [[-3.8939,  2.8211, -4.7024,  4.1631],\\n          [ 1.8220, -3.5221, -4.4145,  2\"}, {\"i\": 1, \"class\": \"VALUE\", \"detail\": \"value at [0, 1, 1]: eager 10 compiled 9\", \"repr\": \"SampleInput(input=tensor([[[-8.4784, -1.7658, -4.3228, -2.4005],\\n         [-7.9506,  3.6116, -8.0676, -0.5735],\\n         [ 3.1285, -3.0337,  5.1067,  1.1351],\\n         [ 4.9473,  5.7744, -3.9730,  3.2708]],\\n\\n        [[-3.8939,  2.8211, -4.7024,  4.1631],\\n         [ 1.8220, -3.5221, -4.4145,  2.3285]\"}], \"errors\": [], \"verdict\": \"DIFF:VALUE\"}\n"}
,{"stream_name":"stdout","time":1702.147711086,"data":"{\"op\": \"nn.functional.adaptive_max_pool3d\", \"dtype\": \"float32\", \"samples\": 3, \"diffs\": [], \"errors\": [], \"verdict\": \"ok\"}\n"}
,{"stream_name":"stdout","time":1702.147714666,"data":"{\"op\": \"nn.functional.avg_pool1d\", \"dtype\": \"float32\", \"samples\": 3, \"diffs\": [], \"errors\": [], \"verdict\": \"ok\"}\n"}
,{"stream_name":"stdout","time":1702.147718826,"data":"{\"op\": \"nn.functional.avg_pool1d\", \"dtype\": \"int64\", \"samples\": 3, \"diffs\": [], \"errors\": [], \"verdict\": \"ok\"}\n"}
,{"stream_name":"stdout","time":1702.147722496,"data":"{\"op\": \"nn.functional.avg_pool3d\", \"dtype\": \"float32\", \"samples\": 3, \"diffs\": [], \"errors\": [], \"verdict\": \"ok\"}\n"}
,{"stream_name":"stdout","time":1702.147725966,"data":"{\"op\": \"nn.functional.avg_pool3d\", \"dtype\": \"int64\", \"samples\": 3, \"diffs\": [], \"errors\": [], \"verdict\": \"ok\"}\n"}
,{"stream_name":"stdout","time":1702.147729646,"data":"{\"op\": \"nn.functional.binary_cross_entropy_with_logits\", \"dtype\": \"float32\", \"samples\": 3, \"diffs\": [], \"errors\": [], \"verdict\": \"ok\"}\n"}
,{"stream_name":"stdout","time":1702.147733346,"data":"{\"op\": \"nn.functional.conv_transpose1d\", \"dtype\": \"float32\", \"samples\": 3, \"diffs\": [], \"errors\": [], \"verdict\": \"ok\"}\n"}
,{"stream_name":"stdout","time":1702.147737236,"data":"{\"op\": \"nn.functional.conv_transpose1d\", \"dtype\": \"int64\", \"samples\": 3, \"diffs\": [], \"errors\": [], \"verdict\": \"ok\"}\n"}
,{"stream_name":"stdout","time":1702.147743696,"data":"{\"op\": \"nn.functional.conv_transpose2d\", \"dtype\": \"float32\", \"samples\": 3, \"diffs\": [], \"errors\": [], \"verdict\": \"ok\"}\n"}
,{"stream_name":"stdout","time":1702.147747526,"data":"{\"op\": \"nn.functional.conv_transpose2d\", \"dtype\": \"int64\", \"samples\": 3, \"diffs\": [], \"errors\": [], \"verdict\": \"ok\"}\n"}
,{"stream_name":"stdout","time":1702.147751066,"data":"{\"op\": \"nn.functional.conv_transpose3d\", \"dtype\": \"float32\", \"samples\": 3, \"diffs\": [], \"errors\": [], \"verdict\": \"ok\"}\n"}
,{"stream_name":"stdout","time":1702.147754636,"data":"{\"op\": \"nn.functional.conv_transpose3d\", \"dtype\": \"int64\", \"samples\": 3, \"diffs\": [], \"errors\": [], \"verdict\": \"ok\"}\n"}
,{"stream_name":"stdout","time":1702.147758346,"data":"{\"op\": \"nn.functional.conv1d\", \"dtype\": \"float32\", \"samples\": 3, \"diffs\": [], \"errors\": [], \"verdict\": \"ok\"}\n"}
,{"stream_name":"stdout","time":1702.147765766,"data":"{\"op\": \"nn.functional.conv1d\", \"dtype\": \"int64\", \"samples\": 3, \"diffs\": [], \"errors\": [], \"verdict\": \"ok\"}\n"}
,{"stream_name":"stdout","time":1702.147769736,"data":"{\"op\": \"nn.functional.conv2d\", \"dtype\": \"float32\", \"samples\": 3, \"diffs\": [{\"i\": 2, \"class\": \"VALUE\", \"detail\": \"nan pattern at [0, 0, 0, 0]: eager nan compiled inf\", \"repr\": \"SampleInput(input=tensor([[[[-8.4784e+00, -1.7658e+00, -4.3228e+00, -2.4005e+00, -7.9506e+00,\\n            3.6116e+00, -8.0676e+00, -5.7349e-01],\\n          [ 3.1285e+00, -3.0337e+00,  5.1067e+00,  1.1351e+00,  4.9473e+00,\\n            5.7744e+00, -3.9730e+00,  3.2708e+00],\\n          [-3.8939e+00,  2.8\"}], \"errors\": [], \"verdict\": \"DIFF:VALUE\"}\n"}
,{"stream_name":"stdout","time":1702.147774646,"data":"{\"op\": \"nn.functional.conv2d\", \"dtype\": \"int64\", \"samples\": 3, \"diffs\": [], \"errors\": [], \"verdict\": \"ok\"}\n"}
,{"stream_name":"stdout","time":1702.147778655,"data":"{\"op\": \"nn.functional.conv3d\", \"dtype\": \"float32\", \"samples\": 3, \"diffs\": [], \"errors\": [], \"verdict\": \"ok\"}\n"}
,{"stream_name":"stdout","time":1702.147789035,"data":"{\"op\": \"nn.functional.conv3d\", \"dtype\": \"int64\", \"samples\": 3, \"diffs\": [], \"errors\": [], \"verdict\": \"ok\"}\n"}
,{"stream_name":"stdout","time":1702.147792935,"data":"{\"op\": \"nn.functional.group_norm\", \"dtype\": \"float32\", \"samples\": 3, \"diffs\": [], \"errors\": [], \"verdict\": \"ok\"}\n"}
,{"stream_name":"stdout","time":1702.147796575,"data":"{\"op\": \"nn.functional.instance_norm\", \"dtype\": \"float32\", \"samples\": 3, \"diffs\": [{\"i\": 0, \"class\": \"SIGNZERO\", \"detail\": \"sign of zero\", \"repr\": \"SampleInput(input=tensor([[[ 1.8220, -3.5221, -4.4145,  2.3285,  8.3972],\\n         [ 4.3191, -0.8691, -0.4368,  5.1155, -6.2551],\\n         [ 2.9920, -2.9822,  5.2072, -3.2105,  0.4450],\\n         [ 3.0391,  6.1851, -1.3229,  8.2106, -7.6144],\\n         [-1.6054, -8.9746,  0.7456,  2.5540, -3.6433]],\\n\\n\"}, {\"i\": 1, \"class\": \"SIGNZERO\", \"detail\": \"sign of zero\", \"repr\": \"SampleInput(input=tensor([[[ 1.8220, -3.5221, -4.4145,  2.3285,  8.3972],\\n         [ 4.3191, -0.8691, -0.4368,  5.1155, -6.2551],\\n         [ 2.9920, -2.9822,  5.2072, -3.2105,  0.4450],\\n         [ 3.0391,  6.1851, -1.3229,  8.2106, -7.6144],\\n         [-1.6054, -8.9746,  0.7456,  2.5540, -3.6433]],\\n\\n\"}, {\"i\": 2, \"class\": \"VALUE\", \"detail\": \"nan pattern at [1, 1, 0]: eager 0.0 compiled nan\", \"repr\": \"SampleInput(input=tensor([[[ 3.1285, -3.0337,  5.1067,  1.1351],\\n         [ 4.9473,  5.7744, -3.9730,  3.2708]],\\n\\n        [[-3.8939,  2.8211, -4.7024,  4.1631],\\n         [ 1.8220, -3.5221, -4.4145,  2.3285]],\\n\\n        [[ 8.3972,  4.3191, -0.8691, -0.4368],\\n         [ 5.1155, -6.2551,  2.9920, -2.982\"}], \"errors\": [], \"verdict\": \"DIFF:SIGNZERO+VALUE\"}\n"}
,{"stream_name":"stdout","time":1702.147804386,"data":"{\"op\": \"nn.functional.layer_norm\", \"dtype\": \"float32\", \"samples\": 3, \"diffs\": [], \"errors\": [], \"verdict\": \"ok\"}\n"}
,{"stream_name":"stdout","time":1702.147807915,"data":"{\"op\": \"nn.functional.rms_norm\", \"dtype\": \"float32\", \"samples\": 3, \"diffs\": [], \"errors\": [], \"verdict\": \"ok\"}\n"}
,{"stream_name":"stdout","time":1702.147811626,"data":"{\"op\": \"nn.functional.local_response_norm\", \"dtype\": \"float32\", \"samples\": 3, \"diffs\": [], \"errors\": [], \"verdict\": \"ok\"}\n"}
,{"stream_name":"stdout","time":1702.147815355,"data":"{\"op\": \"nn.functional.local_response_norm\", \"dtype\": \"int64\", \"samples\": 3, \"diffs\": [], \"errors\": [], \"verdict\": \"ok\"}\n"}
,{"stream_name":"stdout","time":1702.147819446,"data":"{\"op\": \"constant_pad_nd\", \"dtype\": \"float32\", \"samples\": 3, \"diffs\": [], \"errors\": [], \"verdict\": \"ok\"}\n"}
,{"stream_name":"stdout","time":1702.147823095,"data":"{\"op\": \"constant_pad_nd\", \"dtype\": \"int64\", \"samples\": 3, \"diffs\": [], \"errors\": [\"compile InductorError\", \"compile InductorError\"], \"verdict\": \"ok\"}\n"}
,{"stream_name":"stdout","time":1702.147830975,"data":"{\"op\": \"constant_pad_nd\", \"dtype\": \"bool\", \"samples\": 3, \"diffs\": [], \"errors\": [], \"verdict\": \"ok\"}\n"}
,{"stream_name":"stdout","time":1702.147834666,"data":"{\"op\": \"nn.functional.pad\", \"dtype\": \"float32\", \"samples\": 3, \"diffs\": [], \"errors\": [], \"verdict\": \"ok\"}\n"}
,{"stream_name":"stdout","time":1702.147838335,"data":"{\"op\": \"nn.functional.pad\", \"dtype\": \"int64\", \"samples\": 3, \"diffs\": [], \"errors\": [], \"verdict\": \"ok\"}\n"}
,{"stream_name":"stdout","time":1702.147845075,"data":"{\"op\": \"nn.functional.pad\", \"dtype\": \"bool\", \"samples\": 3, \"diffs\": [], \"errors\": [], \"verdict\": \"ok\"}\n"}
,{"stream_name":"stdout","time":1702.147848595,"data":"{\"op\": \"nn.functional.pad\", \"dtype\": \"float32\", \"samples\": 3, \"diffs\": [], \"errors\": [], \"verdict\": \"ok\"}\n"}
,{"stream_name":"stdout","time":1702.147852255,"data":"{\"op\": \"nn.functional.pad\", \"dtype\": \"int64\", \"samples\": 3, \"diffs\": [], \"errors\": [], \"verdict\": \"ok\"}\n"}
,{"stream_name":"stdout","time":1702.147855666,"data":"{\"op\": \"nn.functional.pad\", \"dtype\": \"float32\", \"samples\": 3, \"diffs\": [], \"errors\": [], \"verdict\": \"ok\"}\n"}
,{"stream_name":"stdout","time":1702.147859395,"data":"{\"op\": \"nn.functional.pad\", \"dtype\": \"int64\", \"samples\": 3, \"diffs\": [], \"errors\": [], \"verdict\": \"ok\"}\n"}
,{"stream_name":"stdout","time":1702.147862935,"data":"{\"op\": \"nn.functional.pad\", \"dtype\": \"float32\", \"samples\": 3, \"diffs\": [], \"errors\": [], \"verdict\": \"ok\"}\n"}
,{"stream_name":"stdout","time":1702.147866295,"data":"{\"op\": \"nn.functional.pad\", \"dtype\": \"int64\", \"samples\": 3, \"diffs\": [], \"errors\": [], \"verdict\": \"ok\"}\n"}
,{"stream_name":"stdout","time":1702.147869726,"data":"{\"op\": \"nn.functional.pad\", \"dtype\": \"float32\", \"samples\": 3, \"diffs\": [], \"errors\": [], \"verdict\": \"ok\"}\n"}
,{"stream_name":"stdout","time":1702.147873566,"data":"{\"op\": \"nn.functional.pad\", \"dtype\": \"int64\", \"samples\": 3, \"diffs\": [], \"errors\": [], \"verdict\": \"ok\"}\n"}
,{"stream_name":"stdout","time":1702.147877035,"data":"{\"op\": \"nn.functional.pad\", \"dtype\": \"bool\", \"samples\": 2, \"diffs\": [], \"errors\": [], \"verdict\": \"ok\"}\n"}
,{"stream_name":"stdout","time":1702.147880586,"data":"{\"op\": \"nn.functional.hardswish\", \"dtype\": \"float32\", \"samples\": 3, \"diffs\": [], \"errors\": [], \"verdict\": \"ok\"}\n"}
,{"stream_name":"stdout","time":1702.147884346,"data":"{\"op\": \"nn.functional.unfold\", \"dtype\": \"float32\", \"samples\": 3, \"diffs\": [], \"errors\": [], \"verdict\": \"ok\"}\n"}
,{"stream_name":"stdout","time":1702.147888075,"data":"{\"op\": \"nn.functional.unfold\", \"dtype\": \"bool\", \"samples\": 3, \"diffs\": [], \"errors\": [], \"verdict\": \"ok\"}\n"}
,{"stream_name":"stdout","time":1702.147891655,"data":"{\"op\": \"_upsample_bilinear2d_aa\", \"dtype\": \"float32\", \"samples\": 3, \"diffs\": [], \"errors\": [], \"verdict\": \"ok\"}\n"}
,{"stream_name":"stdout","time":1702.147895906,"data":"{\"op\": \"nn.functional.soft_margin_loss\", \"dtype\": \"float32\", \"samples\": 3, \"diffs\": [], \"errors\": [], \"verdict\": \"ok\"}\n"}
,{"stream_name":"stdout","time":1702.147899506,"data":"{\"op\": \"nn.functional.margin_ranking_loss\", \"dtype\": \"float32\", \"samples\": 3, \"diffs\": [], \"errors\": [], \"verdict\": \"ok\"}\n"}
,{"stream_name":"stdout","time":1702.147903426,"data":"{\"op\": \"nn.functional.margin_ranking_loss\", \"dtype\": \"int64\", \"samples\": 3, \"diffs\": [], \"errors\": [], \"verdict\": \"ok\"}\n"}
,{"stream_name":"stdout","time":1702.147911015,"data":"{\"op\": \"nn.functional.multi_margin_loss\", \"dtype\": \"float32\", \"samples\": 3, \"diffs\": [], \"errors\": [], \"verdict\": \"ok\"}\n"}
,{"stream_name":"stdout","time":1702.147914795,"data":"{\"op\": \"nn.functional.multilabel_margin_loss\", \"dtype\": \"float32\", \"samples\": 3, \"diffs\": [{\"i\": 2, \"class\": \"VALUE\", \"detail\": \"nan pattern at []: eager inf compiled nan\", \"repr\": \"SampleInput(input=tensor([[-8.4784, -1.7658, -4.3228, -2.4005, -7.9506],\\n        [ 3.6116, -8.0676, -0.5735,  3.1285, -3.0337],\\n        [ 5.1067,  1.1351,  4.9473,  5.7744, -3.9730],\\n        [ 3.2708, -3.8939,  2.8211, -4.7024,  4.1631],\\n        [ 1.8220, -3.5221, -4.4145,  2.3285,  8.3972],\\n       \"}], \"errors\": [], \"verdict\": \"DIFF:VALUE\"}\n"}
,{"stream_name":"stdout","time":1702.147919775,"data":"{\"op\": \"nn.functional.multilabel_soft_margin_loss\", \"dtype\": \"float32\", \"samples\": 3, \"diffs\": [], \"errors\": [], \"verdict\": \"ok\"}\n"}
,{"stream_name":"stdout","time":1702.147923486,"data":"{\"op\": \"nn.functional.avg_pool2d\", \"dtype\": \"float32\", \"samples\": 3, \"diffs\": [], \"errors\": [], \"verdict\": \"ok\"}\n"}
,{"stream_name":"stdout","time":1702.147926975,"data":"{\"op\": \"nn.functional.avg_pool2d\", \"dtype\": \"int64\", \"samples\": 3, \"diffs\": [], \"errors\": [], \"verdict\": \"ok\"}\n"}
,{"stream_name":"stdout","time":1702.147932895,"data":"{\"op\": \"nn.functional.max_pool1d\", \"dtype\": \"float32\", \"samples\": 3, \"diffs\": [], \"errors\": [], \"verdict\": \"ok\"}\n"}
,{"stream_name":"stdout","time":1702.147936675,"data":"{\"op\": \"nn.functional.max_pool2d\", \"dtype\": \"float32\", \"samples\": 3, \"diffs\": [], \"errors\": [], \"verdict\": \"ok\"}\n"}
,{"stream_name":"stdout","time":1702.147940326,"data":"{\"op\": \"nn.functional.max_pool2d\", \"dtype\": \"int64\", \"samples\": 3, \"diffs\": [], \"errors\": [], \"verdict\": \"ok\"}\n"}
,{"stream_name":"stdout","time":1702.147944066,"data":"{\"op\": \"max_pool2d_with_indices_backward\", \"dtype\": \"float32\", \"samples\": 3, \"diffs\": [], \"errors\": [\"compile TorchRuntimeError\", \"compile TorchRuntimeError\", \"compile TorchRuntimeError\"], \"verdict\": \"ok\"}\n"}
,{"stream_name":"stdout","time":1702.147948815,"data":"{\"op\": \"nn.functional.max_pool3d\", \"dtype\": \"float32\", \"samples\": 3, \"diffs\": [{\"i\": 0, \"class\": \"VALUE\", \"detail\": \"value at [0, 0, 0, 0, 0]: eager 66 compiled 10\", \"repr\": \"SampleInput(input=tensor([[[[[-8.4784, -1.7658, -4.3228, -2.4005, -7.9506],\\n           [ 3.6116, -8.0676, -0.5735,  3.1285, -3.0337],\\n           [ 5.1067,  1.1351,  4.9473,  5.7744, -3.9730],\\n           [ 3.2708, -3.8939,  2.8211, -4.7024,  4.1631],\\n           [ 1.8220, -3.5221, -4.4145,  2.3285,  8\"}, {\"i\": 2, \"class\": \"VALUE\", \"detail\": \"value at [0, 1, 0, 0, 0]: eager 60 compiled 32\", \"repr\": \"SampleInput(input=tensor([[[[[-8.4784, -1.7658, -4.3228, -2.4005, -7.9506],\\n           [ 3.6116, -8.0676, -0.5735,  3.1285, -3.0337],\\n           [ 5.1067,  1.1351,  4.9473,  5.7744, -3.9730],\\n           [ 3.2708, -3.8939,  2.8211, -4.7024,  4.1631],\\n           [ 1.8220, -3.5221, -4.4145,  2.3285,  8\"}], \"errors\": [], \"verdict\": \"DIFF:VALUE\"}\n"}
,{"stream_name":"stdout","time":1702.147956006,"data":"{\"op\": \"nn.functional.max_pool3d\", \"dtype\": \"int64\", \"samples\": 3, \"diffs\": [], \"errors\": [], \"verdict\": \"ok\"}\n"}
,{"stream_name":"stdout","time":1702.147959526,"data":"{\"op\": \"nn.functional.linear\", \"dtype\": \"float32\", \"samples\": 3, \"diffs\": [], \"errors\": [], \"verdict\": \"ok\"}\n"}
,{"stream_name":"stdout","time":1702.147963155,"data":"{\"op\": \"nn.functional.linear\", \"dtype\": \"int64\", \"samples\": 3, \"diffs\": [], \"errors\": [], \"verdict\": \"ok\"}\n"}
,{"stream_name":"stdout","time":1702.147966695,"data":"{\"op\": \"nn.functional.bilinear\", \"dtype\": \"float32\", \"samples\": 3, \"diffs\": [], \"errors\": [], \"verdict\": \"ok\"}\n"}
,{"stream_name":"stdout","time":1702.147973966,"data":"{\"op\": \"nn.functional.bilinear\", \"dtype\": \"int64\", \"samples\": 3, \"diffs\": [], \"errors\": [], \"verdict\": \"ok\"}\n"}
,{"stream_name":"stdout","time":1702.147977366,"data":"{\"op\": \"torch.ops.aten._safe_softmax.default\", \"dtype\": \"float32\", \"samples\": 3, \"diffs\": [], \"errors\": [], \"verdict\": \"ok\"}\n"}
,{"stream_name":"stdout","time":1702.147981035,"data":"{\"op\": \"torch.ops.aten._safe_softmax.default\", \"dtype\": \"int64\", \"samples\": 3, \"diffs\": [], \"errors\": [], \"verdict\": \"ok\"}\n"}
,{"stream_name":"stdout","time":1702.147984566,"data":"{\"op\": \"torch.ops.aten._safe_softmax.default\", \"dtype\": \"bool\", \"samples\": 3, \"diffs\": [], \"errors\": [], \"verdict\": \"ok\"}\n"}
,{"stream_name":"stdout","time":1702.147988146,"data":"{\"op\": \"nn.functional.scaled_dot_product_attention\", \"dtype\": \"float32\", \"samples\": 3, \"diffs\": [], \"errors\": [], \"verdict\": \"ok\"}\n"}
,{"stream_name":"stdout","time":1702.147991795,"data":"{\"op\": \"torch.ops.aten._scaled_dot_product_flash_attention_for_cpu\", \"dtype\": \"float32\", \"samples\": 3, \"diffs\": [], \"errors\": [], \"verdict\": \"ok\"}\n"}
,{"stream_name":"stdout","time":1702.147995715,"data":"{\"op\": \"nn.functional.hardsigmoid\", \"dtype\": \"float32\", \"samples\": 3, \"diffs\": [], \"errors\": [], \"verdict\": \"ok\"}\n"}
,{"stream_name":"stdout","time":1702.147999366,"data":"{\"op\": \"nn.functional.logsigmoid\", \"dtype\": \"float32\", \"samples\": 3, \"diffs\": [], \"errors\": [], \"verdict\": \"ok\"}\n"}
,{"stream_name":"stdout","time":1702.148003375,"data":"{\"op\": \"nn.functional.mish\", \"dtype\": \"float32\", \"samples\": 3, \"diffs\": [], \"errors\": [], \"verdict\": \"ok\"}\n"}
,{"stream_name":"stdout","time":1702.148006855,"data":"{\"op\": \"nn.functional.softsign\", \"dtype\": \"float32\", \"samples\": 3, \"diffs\": [], \"errors\": [], \"verdict\": \"ok\"}\n"}
,{"stream_name":"stdout","time":1702.148010555,"data":"{\"op\": \"nn.functional.softsign\", \"dtype\": \"int64\", \"samples\": 3, \"diffs\": [], \"errors\": [], \"verdict\": \"ok\"}\n"}
,{"stream_name":"stdout","time":1702.148014126,"data":"{\"op\": \"nn.functional.tanhshrink\", \"dtype\": \"float32\", \"samples\": 3, \"diffs\": [], \"errors\": [], \"verdict\": \"ok\"}\n"}
,{"stream_name":"stdout","time":1702.148020595,"data":"{\"op\": \"nn.functional.tanhshrink\", \"dtype\": \"int64\", \"samples\": 3, \"diffs\": [], \"errors\": [], \"verdict\": \"ok\"}\n"}
,{"stream_name":"stdout","time":1702.148024246,"data":"{\"op\": \"nn.functional.threshold\", \"dtype\": \"float32\", \"samples\": 3, \"diffs\": [], \"errors\": [], \"verdict\": \"ok\"}\n"}
,{"stream_name":"stdout","time":1702.148027706,"data":"{\"op\": \"nn.functional.threshold\", \"dtype\": \"int64\", \"samples\": 3, \"diffs\": [], \"errors\": [], \"verdict\": \"ok\"}\n"}
,{"stream_name":"stdout","time":1702.148031115,"data":"{\"op\": \"nn.functional.triplet_margin_loss\", \"dtype\": \"float32\", \"samples\": 3, \"diffs\": [], \"errors\": [], \"verdict\": \"ok\"}\n"}
,{"stream_name":"stdout","time":1702.148034715,"data":"{\"op\": \"nn.functional.triplet_margin_loss\", \"dtype\": \"int64\", \"samples\": 3, \"diffs\": [], \"errors\": [], \"verdict\": \"ok\"}\n"}
,{"stream_name":"stdout","time":1702.148038215,"data":"{\"op\": \"nn.functional.triplet_margin_with_distance_loss\", \"dtype\": \"float32\", \"samples\": 3, \"diffs\": [], \"errors\": [], \"verdict\": \"ok\"}\n"}
,{"stream_name":"stdout","time":1702.148041766,"data":"{\"op\": \"nn.functional.triplet_margin_with_distance_loss\", \"dtype\": \"int64\", \"samples\": 3, \"diffs\": [], \"errors\": [], \"verdict\": \"ok\"}\n"}
,{"stream_name":"stdout","time":1702.148045515,"data":"{\"op\": \"nextafter\", \"dtype\": \"float32\", \"samples\": 3, \"diffs\": [], \"errors\": [], \"verdict\": \"ok\"}\n"}
,{"stream_name":"stdout","time":1702.148052706,"data":"{\"op\": \"to\", \"dtype\": \"float32\", \"samples\": 3, \"diffs\": [], \"errors\": [], \"verdict\": \"ok\"}\n"}
,{"stream_name":"stdout","time":1702.148056386,"data":"{\"op\": \"to\", \"dtype\": \"int64\", \"samples\": 3, \"diffs\": [], \"errors\": [], \"verdict\": \"ok\"}\n"}
,{"stream_name":"stdout","time":1702.148059855,"data":"{\"op\": \"to\", \"dtype\": \"bool\", \"samples\": 3, \"diffs\": [], \"errors\": [], \"verdict\": \"ok\"}\n"}
,{"stream_name":"stdout","time":1702.148066826,"data":"{\"op\": \"nn.functional.batch_norm\", \"dtype\": \"float32\", \"samples\": 3, \"diffs\": [{\"i\": 1, \"class\": \"VALUE\", \"detail\": \"nan pattern at [1, 0, 3]: eager 0.0 compiled nan\", \"repr\": \"SampleInput(input=tensor([[[ 3.1285, -3.0337,  5.1067,  1.1351],\\n         [ 4.9473,  5.7744, -3.9730,  3.2708]],\\n\\n        [[-3.8939,  2.8211, -4.7024,  4.1631],\\n         [ 1.8220, -3.5221, -4.4145,  2.3285]],\\n\\n        [[ 8.3972,  4.3191, -0.8691, -0.4368],\\n         [ 5.1155, -6.2551,  2.9920, -2.982\"}], \"errors\": [], \"verdict\": \"DIFF:VALUE\"}\n"}
,{"stream_name":"stdout","time":1702.148071935,"data":"{\"op\": \"nn.functional.binary_cross_entropy\", \"dtype\": \"float32\", \"samples\": 3, \"diffs\": [{\"i\": 2, \"class\": \"SILENT\", \"detail\": \"eager raises RuntimeError, compiled returns\"}], \"errors\": [], \"verdict\": \"DIFF:SILENT\"}\n"}
,{"stream_name":"stdout","time":1702.148076126,"data":"{\"op\": \"igamma\", \"dtype\": \"float32\", \"samples\": 3, \"diffs\": [], \"errors\": [], \"verdict\": \"ok\"}\n"}
,{"stream_name":"stdout","time":1702.148079675,"data":"{\"op\": \"igammac\", \"dtype\": \"float32\", \"samples\": 3, \"diffs\": [], \"errors\": [], \"verdict\": \"ok\"}\n"}
,{"stream_name":"stdout","time":1702.148083395,"data":"{\"op\": \"nn.functional.softshrink\", \"dtype\": \"float32\", \"samples\": 3, \"diffs\": [{\"i\": 0, \"class\": \"SIGNZERO\", \"detail\": \"sign of zero\", \"repr\": \"SampleInput(input=tensor([[-8.4784, -1.7658, -4.3228, -2.4005, -7.9506],\\n        [ 3.6116, -8.0676, -0.5735,  3.1285, -3.0337],\\n        [ 5.1067,  1.1351,  4.9473,  5.7744, -3.9730],\\n        [ 3.2708, -3.8939,  2.8211, -4.7024,  4.1631],\\n        [ 1.8220, -3.5221, -4.4145,  2.3285,  8.3972]]), args=\"}, {\"i\": 1, \"class\": \"SIGNZERO\", \"detail\": \"sign of zero\", \"repr\": \"SampleInput(input=tensor([[-8.4784, -1.7658, -4.3228, -2.4005, -7.9506],\\n        [ 3.6116, -8.0676, -0.5735,  3.1285, -3.0337],\\n        [ 5.1067,  1.1351,  4.9473,  5.7744, -3.9730],\\n        [ 3.2708, -3.8939,  2.8211, -4.7024,  4.1631],\\n        [ 1.8220, -3.5221, -4.4145,  2.3285,  8.3972]]), args=\"}, {\"i\": 2, \"class\": \"SIGNZERO\", \"detail\": \"sign of zero\", \"repr\": \"SampleInput(input=tensor([-8.4784, -1.7658, -4.3228, -2.4005, -7.9506,  3.6116, -8.0676, -0.5735,\\n         3.1285, -3.0337,  5.1067,  1.1351,  4.9473,  5.7744, -3.9730,  3.2708,\\n        -3.8939,  2.8211, -4.7024,  4.1631]), args=(), kwargs={}, broadcasts_input=False, name='')\"}], \"errors\": [], \"verdict\": \"DIFF:SIGNZERO\"}\n"}
,{"stream_name":"stdout","time":1702.148090506,"data":"{\"op\": \"nn.functional.hardshrink\", \"dtype\": \"float32\", \"samples\": 3, \"diffs\": [], \"errors\": [], \"verdict\": \"ok\"}\n"}
,{"stream_name":"stdout","time":1702.148099775,"data":"{\"op\": \"nn.functional.hardtanh\", \"dtype\": \"float32\", \"samples\": 3, \"diffs\": [{\"i\": 1, \"class\": \"SIGNZERO\", \"detail\": \"sign of zero\", \"repr\": \"SampleInput(input=tensor([[-8.4784, -1.7658, -4.3228, -2.4005, -7.9506],\\n        [ 3.6116, -8.0676, -0.5735,  3.1285, -3.0337],\\n        [ 5.1067,  1.1351,  4.9473,  5.7744, -3.9730],\\n        [ 3.2708, -3.8939,  2.8211, -4.7024,  4.1631],\\n        [ 1.8220, -3.5221, -4.4145,  2.3285,  8.3972]]), args=\"}], \"errors\": [], \"verdict\": \"DIFF:SIGNZERO\"}\n"}
,{"stream_name":"stdout","time":1702.148108806,"data":"{\"op\": \"nn.functional.hardtanh\", \"dtype\": \"int64\", \"samples\": 3, \"diffs\": [], \"errors\": [], \"verdict\": \"ok\"}\n"}
,{"stream_name":"stdout","time":1702.148112455,"data":"{\"op\": \"mm\", \"dtype\": \"float32\", \"samples\": 3, \"diffs\": [], \"errors\": [], \"verdict\": \"ok\"}\n"}
,{"stream_name":"stdout","time":1702.148115835,"data":"{\"op\": \"mm\", \"dtype\": \"int64\", \"samples\": 3, \"diffs\": [], \"errors\": [], \"verdict\": \"ok\"}\n"}
,{"stream_name":"stdout","time":1702.148122646,"data":"{\"op\": \"mvlgamma\", \"dtype\": \"float32\", \"samples\": 3, \"diffs\": [], \"errors\": [], \"verdict\": \"ok\"}\n"}
,{"stream_name":"stdout","time":1702.148127806,"data":"{\"op\": \"mvlgamma\", \"dtype\": \"int64\", \"samples\": 3, \"diffs\": [], \"errors\": [], \"verdict\": \"ok\"}\n"}
,{"stream_name":"stdout","time":1702.148131315,"data":"{\"op\": \"mvlgamma\", \"dtype\": \"float32\", \"samples\": 3, \"diffs\": [], \"errors\": [], \"verdict\": \"ok\"}\n"}
,{"stream_name":"stdout","time":1702.148134695,"data":"{\"op\": \"mvlgamma\", \"dtype\": \"int64\", \"samples\": 3, \"diffs\": [], \"errors\": [], \"verdict\": \"ok\"}\n"}
,{"stream_name":"stdout","time":1702.148138655,"data":"{\"op\": \"mvlgamma\", \"dtype\": \"float32\", \"samples\": 3, \"diffs\": [], \"errors\": [], \"verdict\": \"ok\"}\n"}
,{"stream_name":"stdout","time":1702.148142175,"data":"{\"op\": \"mvlgamma\", \"dtype\": \"int64\", \"samples\": 3, \"diffs\": [], \"errors\": [], \"verdict\": \"ok\"}\n"}
,{"stream_name":"stdout","time":1702.148145875,"data":"{\"op\": \"ne\", \"dtype\": \"float32\", \"samples\": 3, \"diffs\": [], \"errors\": [], \"verdict\": \"ok\"}\n"}
,{"stream_name":"stdout","time":1702.148149546,"data":"{\"op\": \"ne\", \"dtype\": \"int64\", \"samples\": 3, \"diffs\": [], \"errors\": [], \"verdict\": \"ok\"}\n"}
,{"stream_name":"stdout","time":1702.148153026,"data":"{\"op\": \"ne\", \"dtype\": \"bool\", \"samples\": 3, \"diffs\": [], \"errors\": [], \"verdict\": \"ok\"}\n"}
,{"stream_name":"stdout","time":1702.148156626,"data":"{\"op\": \"narrow\", \"dtype\": \"float32\", \"samples\": 3, \"diffs\": [], \"errors\": [], \"verdict\": \"ok\"}\n"}
,{"stream_name":"stdout","time":1702.148160275,"data":"{\"op\": \"narrow\", \"dtype\": \"int64\", \"samples\": 3, \"diffs\": [], \"errors\": [], \"verdict\": \"ok\"}\n"}
,{"stream_name":"stdout","time":1702.148163766,"data":"{\"op\": \"narrow\", \"dtype\": \"bool\", \"samples\": 3, \"diffs\": [], \"errors\": [], \"verdict\": \"ok\"}\n"}
,{"stream_name":"stdout","time":1702.148167246,"data":"{\"op\": \"narrow_copy\", \"dtype\": \"float32\", \"samples\": 3, \"diffs\": [], \"errors\": [], \"verdict\": \"ok\"}\n"}
,{"stream_name":"stdout","time":1702.148170766,"data":"{\"op\": \"narrow_copy\", \"dtype\": \"int64\", \"samples\": 3, \"diffs\": [], \"errors\": [], \"verdict\": \"ok\"}\n"}
,{"stream_name":"stdout","time":1702.148174886,"data":"{\"op\": \"narrow_copy\", \"dtype\": \"bool\", \"samples\": 3, \"diffs\": [], \"errors\": [], \"verdict\": \"ok\"}\n"}
,{"stream_name":"stdout","time":1702.148178395,"data":"{\"op\": \"view_copy\", \"dtype\": \"float32\", \"samples\": 3, \"diffs\": [], \"errors\": [], \"verdict\": \"ok\"}\n"}
,{"stream_name":"stdout","time":1702.148181815,"data":"{\"op\": \"view_copy\", \"dtype\": \"int64\", \"samples\": 3, \"diffs\": [], \"errors\": [], \"verdict\": \"ok\"}\n"}
,{"stream_name":"stdout","time":1702.148185546,"data":"{\"op\": \"view_copy\", \"dtype\": \"bool\", \"samples\": 3, \"diffs\": [], \"errors\": [], \"verdict\": \"ok\"}\n"}
,{"stream_name":"stdout","time":1702.148189086,"data":"{\"op\": \"neg\", \"dtype\": \"float32\", \"samples\": 1, \"diffs\": [], \"errors\": [], \"verdict\": \"ok\"}\n"}
,{"stream_name":"stdout","time":1702.148192675,"data":"{\"op\": \"neg\", \"dtype\": \"int64\", \"samples\": 1, \"diffs\": [], \"errors\": [], \"verdict\": \"ok\"}\n"}
,{"stream_name":"stdout","time":1702.148199955,"data":"{\"op\": \"dist\", \"dtype\": \"float32\", \"samples\": 3, \"diffs\": [], \"errors\": [], \"verdict\": \"ok\"}\n"}
,{"stream_name":"stdout","time":1702.148205955,"data":"{\"op\": \"outer\", \"dtype\": \"float32\", \"samples\": 1, \"diffs\": [], \"errors\": [], \"verdict\": \"ok\"}\n"}
,{"stream_name":"stdout","time":1702.148209295,"data":"{\"op\": \"outer\", \"dtype\": \"int64\", \"samples\": 1, \"diffs\": [], \"errors\": [], \"verdict\": \"ok\"}\n"}
,{"stream_name":"stdout","time":1702.148212675,"data":"{\"op\": \"outer\", \"dtype\": \"bool\", \"samples\": 1, \"diffs\": [], \"errors\": [], \"verdict\": \"ok\"}\n"}
,{"stream_name":"stdout","time":1702.148215926,"data":"{\"op\": \"permute\", \"dtype\": \"float32\", \"samples\": 3, \"diffs\": [], \"errors\": [], \"verdict\": \"ok\"}\n"}
,{"stream_name":"stdout","time":1702.148219206,"data":"{\"op\": \"permute\", \"dtype\": \"int64\", \"samples\": 3, \"diffs\": [], \"errors\": [], \"verdict\": \"ok\"}\n"}
,{"stream_name":"stdout","time":1702.148222456,"data":"{\"op\": \"permute\", \"dtype\": \"bool\", \"samples\": 3, \"diffs\": [], \"errors\": [], \"verdict\": \"ok\"}\n"}
,{"stream_name":"stdout","time":1702.148225836,"data":"{\"op\": \"permute_copy\", \"dtype\": \"float32\", \"samples\": 3, \"diffs\": [], \"errors\": [], \"verdict\": \"ok\"}\n"}
,{"stream_name":"stdout","time":1702.148229296,"data":"{\"op\": \"permute_copy\", \"dtype\": \"int64\", \"samples\": 3, \"diffs\": [], \"errors\": [], \"verdict\": \"ok\"}\n"}
,{"stream_name":"stdout","time":1702.148232626,"data":"{\"op\": \"permute_copy\", \"dtype\": \"bool\", \"samples\": 3, \"diffs\": [], \"errors\": [], \"verdict\": \"ok\"}\n"}
,{"stream_name":"stdout","time":1702.148235976,"data":"{\"op\": \"pow\", \"dtype\": \"float32\", \"samples\": 3, \"diffs\": [], \"errors\": [], \"verdict\": \"ok\"}\n"}
,{"stream_name":"stdout","time":1702.148239466,"data":"{\"op\": \"pow\", \"dtype\": \"int64\", \"samples\": 3, \"diffs\": [], \"errors\": [], \"verdict\": \"ok\"}\n"}
,{"stream_name":"stdout","time":1702.148242796,"data":"{\"op\": \"float_power\", \"dtype\": \"float32\", \"samples\": 3, \"diffs\": [], \"errors\": [], \"verdict\": \"ok\"}\n"}
,{"stream_name":"stdout","time":1702.148246236,"data":"{\"op\": \"float_power\", \"dtype\": \"int64\", \"samples\": 3, \"diffs\": [], \"errors\": [], \"verdict\": \"ok\"}\n"}
,{"stream_name":"stdout","time":1702.148249606,"data":"{\"op\": \"float_power\", \"dtype\": \"bool\", \"samples\": 3, \"diffs\": [], \"errors\": [], \"verdict\": \"ok\"}\n"}
,{"stream_name":"stdout","time":1702.148254236,"data":"{\"op\": \"rad2deg\", \"dtype\": \"float32\", \"samples\": 1, \"diffs\": [], \"errors\": [], \"verdict\": \"ok\"}\n"}
,{"stream_name":"stdout","time":1702.148257756,"data":"{\"op\": \"rad2deg\", \"dtype\": \"int64\", \"samples\": 1, \"diffs\": [], \"errors\": [], \"verdict\": \"ok\"}\n"}
,{"stream_name":"stdout","time":1702.148261046,"data":"{\"op\": \"rad2deg\", \"dtype\": \"bool\", \"samples\": 1, \"diffs\": [], \"errors\": [], \"verdict\": \"ok\"}\n"}
,{"stream_name":"stdout","time":1702.148264426,"data":"{\"op\": \"real\", \"dtype\": \"float32\", \"samples\": 3, \"diffs\": [], \"errors\": [], \"verdict\": \"ok\"}\n"}
,{"stream_name":"stdout","time":1702.148267726,"data":"{\"op\": \"real\", \"dtype\": \"int64\", \"samples\": 3, \"diffs\": [], \"errors\": [], \"verdict\": \"ok\"}\n"}
,{"stream_name":"stdout","time":1702.148270966,"data":"{\"op\": \"real\", \"dtype\": \"bool\", \"samples\": 3, \"diffs\": [], \"errors\": [], \"verdict\": \"ok\"}\n"}
,{"stream_name":"stdout","time":1702.148750456,"data":"{\"op\": \"roll\", \"dtype\": \"float32\", \"samples\": 3, \"diffs\": [], \"errors\": [], \"verdict\": \"ok\"}\n"}
,{"stream_name":"stdout","time":1702.148774426,"data":"{\"op\": \"roll\", \"dtype\": \"int64\", \"samples\": 3, \"diffs\": [], \"errors\": [], \"verdict\": \"ok\"}\n"}
,{"stream_name":"stdout","time":1702.148779536,"data":"{\"op\": \"roll\", \"dtype\": \"bool\", \"samples\": 3, \"diffs\": [], \"errors\": [], \"verdict\": \"ok\"}\n"}
,{"stream_name":"stdout","time":1702.148789816,"data":"{\"op\": \"rot90\", \"dtype\": \"float32\", \"samples\": 3, \"diffs\": [], \"errors\": [], \"verdict\": \"ok\"}\n"}
,{"stream_name":"stdout","time":1702.148793286,"data":"{\"op\": \"rot90\", \"dtype\": \"int64\", \"samples\": 3, \"diffs\": [], \"errors\": [], \"verdict\": \"ok\"}\n"}
,{"stream_name":"stdout","time":1702.148796686,"data":"{\"op\": \"rot90\", \"dtype\": \"bool\", \"samples\": 3, \"diffs\": [], \"errors\": [], \"verdict\": \"ok\"}\n"}
,{"stream_name":"stdout","time":1702.148800136,"data":"{\"op\": \"round\", \"dtype\": \"float32\", \"samples\": 1, \"diffs\": [], \"errors\": [], \"verdict\": \"ok\"}\n"}
,{"stream_name":"stdout","time":1702.148803516,"data":"{\"op\": \"round\", \"dtype\": \"int64\", \"samples\": 1, \"diffs\": [], \"errors\": [], \"verdict\": \"ok\"}\n"}
,{"stream_name":"stdout","time":1702.148806926,"data":"{\"op\": \"round\", \"dtype\": \"float32\", \"samples\": 3, \"diffs\": [], \"errors\": [], \"verdict\": \"ok\"}\n"}
,{"stream_name":"stdout","time":1702.148810376,"data":"{\"op\": \"round\", \"dtype\": \"float32\", \"samples\": 3, \"diffs\": [], \"errors\": [], \"verdict\": \"ok\"}\n"}
,{"stream_name":"stdout","time":1702.148813856,"data":"{\"op\": \"round\", \"dtype\": \"float32\", \"samples\": 3, \"diffs\": [], \"errors\": [], \"verdict\": \"ok\"}\n"}
,{"stream_name":"stdout","time":1702.148817326,"data":"{\"op\": \"sin\", \"dtype\": \"float32\", \"samples\": 1, \"diffs\": [], \"errors\": [], \"verdict\": \"ok\"}\n"}
,{"stream_name":"stdout","time":1702.148820946,"data":"{\"op\": \"sin\", \"dtype\": \"int64\", \"samples\": 1, \"diffs\": [], \"errors\": [], \"verdict\": \"ok\"}\n"}
,{"stream_name":"stdout","time":1702.148824586,"data":"{\"op\": \"sin\", \"dtype\": \"bool\", \"samples\": 1, \"diffs\": [], \"errors\": [], \"verdict\": \"ok\"}\n"}
,{"stream_name":"stdout","time":1702.148828156,"data":"{\"op\": \"sinc\", \"dtype\": \"float32\", \"samples\": 3, \"diffs\": [], \"errors\": [], \"verdict\": \"ok\"}\n"}
,{"stream_name":"stdout","time":1702.148831566,"data":"{\"op\": \"sinc\", \"dtype\": \"int64\", \"samples\": 3, \"diffs\": [], \"errors\": [], \"verdict\": \"ok\"}\n"}
,{"stream_name":"stdout","time":1702.148835066,"data":"{\"op\": \"sinc\", \"dtype\": \"bool\", \"samples\": 3, \"diffs\": [], \"errors\": [], \"verdict\": \"ok\"}\n"}
,{"stream_name":"stdout","time":1702.148838536,"data":"{\"op\": \"sinh\", \"dtype\": \"float32\", \"samples\": 1, \"diffs\": [], \"errors\": [], \"verdict\": \"ok\"}\n"}
,{"stream_name":"stdout","time":1702.148842266,"data":"{\"op\": \"sinh\", \"dtype\": \"int64\", \"samples\": 1, \"diffs\": [], \"errors\": [], \"verdict\": \"ok\"}\n"}
,{"stream_name":"stdout","time":1702.148845726,"data":"{\"op\": \"sinh\", \"dtype\": \"bool\", \"samples\": 1, \"diffs\": [], \"errors\": [], \"verdict\": \"ok\"}\n"}
,{"stream_name":"stdout","time":1702.148849256,"data":"{\"op\": \"sign\", \"dtype\": \"float32\", \"samples\": 1, \"diffs\": [], \"errors\": [], \"verdict\": \"ok\"}\n"}
,{"stream_name":"stdout","time":1702.148852856,"data":"{\"op\": \"sign\", \"dtype\": \"int64\", \"samples\": 1, \"diffs\": [], \"errors\": [], \"verdict\": \"ok\"}\n"}
,{"stream_name":"stdout","time":1702.148857086,"data":"{\"op\": \"sign\", \"dtype\": \"bool\", \"samples\": 1, \"diffs\": [], \"errors\": [], \"verdict\": \"ok\"}\n"}
,{"stream_name":"stdout","time":1702.148860586,"data":"{\"op\": \"sgn\", \"dtype\": \"float32\", \"samples\": 1, \"diffs\": [], \"errors\": [], \"verdict\": \"ok\"}\n"}
,{"stream_name":"stdout","time":1702.148871486,"data":"{\"op\": \"sgn\", \"dtype\": \"int64\", \"samples\": 1, \"diffs\": [], \"errors\": [], \"verdict\": \"ok\"}\n"}
,{"stream_name":"stdout","time":1702.148875186,"data":"{\"op\": \"sgn\", \"dtype\": \"bool\", \"samples\": 1, \"diffs\": [], \"errors\": [], \"verdict\": \"ok\"}\n"}
,{"stream_name":"stdout","time":1702.148878676,"data":"{\"op\": \"split\", \"dtype\": \"float32\", \"samples\": 2, \"diffs\": [], \"errors\": [], \"verdict\": \"ok\"}\n"}
,{"stream_name":"stdout","time":1702.148882526,"data":"{\"op\": \"split\", \"dtype\": \"int64\", \"samples\": 2, \"diffs\": [], \"errors\": [], \"verdict\": \"ok\"}\n"}
,{"stream_name":"stdout","time":1702.148886106,"data":"{\"op\": \"split\", \"dtype\": \"bool\", \"samples\": 2, \"diffs\": [], \"errors\": [], \"verdict\": \"ok\"}\n"}
,{"stream_name":"stdout","time":1702.148889676,"data":"{\"op\": \"split\", \"dtype\": \"float32\", \"samples\": 3, \"diffs\": [], \"errors\": [], \"verdict\": \"ok\"}\n"}
,{"stream_name":"stdout","time":1702.148893036,"data":"{\"op\": \"split\", \"dtype\": \"int64\", \"samples\": 3, \"diffs\": [], \"errors\": [], \"verdict\": \"ok\"}\n"}
,{"stream_name":"stdout","time":1702.148896586,"data":"{\"op\": \"split\", \"dtype\": \"bool\", \"samples\": 3, \"diffs\": [], \"errors\": [], \"verdict\": \"ok\"}\n"}
,{"stream_name":"stdout","time":1702.148900186,"data":"{\"op\": \"unsafe_split\", \"dtype\": \"float32\", \"samples\": 2, \"diffs\": [], \"errors\": [], \"verdict\": \"ok\"}\n"}
,{"stream_name":"stdout","time":1702.148903746,"data":"{\"op\": \"unsafe_split\", \"dtype\": \"int64\", \"samples\": 2, \"diffs\": [], \"errors\": [], \"verdict\": \"ok\"}\n"}
,{"stream_name":"stdout","time":1702.148907266,"data":"{\"op\": \"unsafe_split\", \"dtype\": \"bool\", \"samples\": 2, \"diffs\": [], \"errors\": [], \"verdict\": \"ok\"}\n"}
,{"stream_name":"stdout","time":1702.148910786,"data":"{\"op\": \"split_with_sizes\", \"dtype\": \"float32\", \"samples\": 3, \"diffs\": [], \"errors\": [], \"verdict\": \"ok\"}\n"}
,{"stream_name":"stdout","time":1702.148914186,"data":"{\"op\": \"split_with_sizes\", \"dtype\": \"int64\", \"samples\": 3, \"diffs\": [], \"errors\": [], \"verdict\": \"ok\"}\n"}
,{"stream_name":"stdout","time":1702.148917875,"data":"{\"op\": \"split_with_sizes\", \"dtype\": \"bool\", \"samples\": 3, \"diffs\": [], \"errors\": [], \"verdict\": \"ok\"}\n"}
,{"stream_name":"stdout","time":1702.148921575,"data":"{\"op\": \"split_with_sizes_copy\", \"dtype\": \"float32\", \"samples\": 3, \"diffs\": [], \"errors\": [], \"verdict\": \"ok\"}\n"}
,{"stream_name":"stdout","time":1702.148933815,"data":"{\"op\": \"split_with_sizes_copy\", \"dtype\": \"int64\", \"samples\": 3, \"diffs\": [], \"errors\": [], \"verdict\": \"ok\"}\n"}
,{"stream_name":"stdout","time":1702.148937506,"data":"{\"op\": \"split_with_sizes_copy\", \"dtype\": \"bool\", \"samples\": 3, \"diffs\": [], \"errors\": [], \"verdict\": \"ok\"}\n"}
,{"stream_name":"stdout","time":1702.148940906,"data":"{\"op\": \"__radd__\", \"dtype\": \"float32\", \"samples\": 3, \"diffs\": [], \"errors\": [], \"verdict\": \"ok\"}\n"}
,{"stream_name":"stdout","time":1702.148944506,"data":"{\"op\": \"__radd__\", \"dtype\": \"int64\", \"samples\": 3, \"diffs\": [], \"errors\": [], \"verdict\": \"ok\"}\n"}
,{"stream_name":"stdout","time":1702.148948375,"data":"{\"op\": \"__radd__\", \"dtype\": \"bool\", \"samples\": 3, \"diffs\": [], \"errors\": [], \"verdict\": \"ok\"}\n"}
,{"stream_name":"stdout","time":1702.148952126,"data":"{\"op\": \"__rdiv__\", \"dtype\": \"float32\", \"samples\": 3, \"diffs\": [], \"errors\": [], \"verdict\": \"ok\"}\n"}
,{"stream_name":"stdout","time":1702.148955535,"data":"{\"op\": \"__rdiv__\", \"dtype\": \"int64\", \"samples\": 3, \"diffs\": [], \"errors\": [], \"verdict\": \"ok\"}\n"}
,{"stream_name":"stdout","time":1702.148966015,"data":"{\"op\": \"__rdiv__\", \"dtype\": \"bool\", \"samples\": 3, \"diffs\": [], \"errors\": [], \"verdict\": \"ok\"}\n"}
,{"stream_name":"stdout","time":1702.148969906,"data":"{\"op\": \"__rmul__\", \"dtype\": \"float32\", \"samples\": 3, \"diffs\": [], \"errors\": [], \"verdict\": \"ok\"}\n"}
,{"stream_name":"stdout","time":1702.148973446,"data":"{\"op\": \"__rmul__\", \"dtype\": \"int64\", \"samples\": 3, \"diffs\": [], \"errors\": [], \"verdict\": \"ok\"}\n"}
,{"stream_name":"stdout","time":1702.148976826,"data":"{\"op\": \"__rmul__\", \"dtype\": \"bool\", \"samples\": 3, \"diffs\": [], \"errors\": [], \"verdict\": \"ok\"}\n"}
,{"stream_name":"stdout","time":1702.148980595,"data":"{\"op\": \"__ror__\", \"dtype\": \"int64\", \"samples\": 3, \"diffs\": [], \"errors\": [], \"verdict\": \"ok\"}\n"}
,{"stream_name":"stdout","time":1702.148984615,"data":"{\"op\": \"__ror__\", \"dtype\": \"bool\", \"samples\": 3, \"diffs\": [], \"errors\": [], \"verdict\": \"ok\"}\n"}
,{"stream_name":"stdout","time":1702.148988155,"data":"{\"op\": \"__rxor__\", \"dtype\": \"int64\", \"samples\": 3, \"diffs\": [], \"errors\": [], \"verdict\": \"ok\"}\n"}
,{"stream_name":"stdout","time":1702.148991666,"data":"{\"op\": \"__rxor__\", \"dtype\": \"bool\", \"samples\": 3, \"diffs\": [], \"errors\": [], \"verdict\": \"ok\"}\n"}
,{"stream_name":"stdout","time":1702.148995186,"data":"{\"op\": \"__rmatmul__\", \"dtype\": \"float32\", \"samples\": 3, \"diffs\": [], \"errors\": [], \"verdict\": \"ok\"}\n"}
,{"stream_name":"stdout","time":1702.148998826,"data":"{\"op\": \"__rmatmul__\", \"dtype\": \"int64\", \"samples\": 3, \"diffs\": [], \"errors\": [], \"verdict\": \"ok\"}\n"}
,{"stream_name":"stdout","time":1702.149002575,"data":"{\"op\": \"__rmod__\", \"dtype\": \"float32\", \"samples\": 3, \"diffs\": [{\"i\": 2, \"class\": \"SIGNZERO\", \"detail\": \"sign of zero\", \"repr\": \"SampleInput(input=tensor([[-8.4784],\\n        [-1.7658],\\n        [-4.3228],\\n        [-2.4005],\\n        [-7.9506]]), args=(tensor([ 3.6116, -8.0676, -0.5735,  3.1285, -3.0337]),), kwargs={}, broadcasts_input=True, name='')\"}], \"errors\": [], \"verdict\": \"DIFF:SIGNZERO\"}\n"}
,{"stream_name":"stdout","time":1702.149008586,"data":"{\"op\": \"__rmod__\", \"dtype\": \"int64\", \"samples\": 3, \"diffs\": [], \"errors\": [], \"verdict\": \"ok\"}\n"}
,{"stream_name":"stdout","time":1702.149012206,"data":"{\"op\": \"__rpow__\", \"dtype\": \"float32\", \"samples\": 3, \"diffs\": [], \"errors\": [], \"verdict\": \"ok\"}\n"}
,{"stream_name":"stdout","time":1702.149015835,"data":"{\"op\": \"__rpow__\", \"dtype\": \"int64\", \"samples\": 3, \"diffs\": [], \"errors\": [], \"verdict\": \"ok\"}\n"}
,{"stream_name":"stdout","time":1702.149019295,"data":"{\"op\": \"__rsub__\", \"dtype\": \"float32\", \"samples\": 3, \"diffs\": [], \"errors\": [], \"verdict\": \"ok\"}\n"}
,{"stream_name":"stdout","time":1702.149023386,"data":"{\"op\": \"__rsub__\", \"dtype\": \"int64\", \"samples\": 3, \"diffs\": [], \"errors\": [], \"verdict\": \"ok\"}\n"}
,{"stream_name":"stdout","time":1702.149027206,"data":"{\"op\": \"rsub\", \"dtype\": \"float32\", \"samples\": 3, \"diffs\": [], \"errors\": [], \"verdict\": \"ok\"}\n"}
,{"stream_name":"stdout","time":1702.149030815,"data":"{\"op\": \"rsub\", \"dtype\": \"int64\", \"samples\": 3, \"diffs\": [], \"errors\": [], \"verdict\": \"ok\"}\n"}
,{"stream_name":"stdout","time":1702.149034366,"data":"{\"op\": \"select\", \"dtype\": \"float32\", \"samples\": 3, \"diffs\": [], \"errors\": [], \"verdict\": \"ok\"}\n"}
,{"stream_name":"stdout","time":1702.149037786,"data":"{\"op\": \"select\", \"dtype\": \"int64\", \"samples\": 3, \"diffs\": [], \"errors\": [], \"verdict\": \"ok\"}\n"}
,{"stream_name":"stdout","time":1702.149041286,"data":"{\"op\": \"select\", \"dtype\": \"bool\", \"samples\": 3, \"diffs\": [], \"errors\": [], \"verdict\": \"ok\"}\n"}
,{"stream_name":"stdout","time":1702.149052026,"data":"{\"op\": \"select_scatter\", \"dtype\": \"float32\", \"samples\": 3, \"diffs\": [], \"errors\": [], \"verdict\": \"ok\"}\n"}
,{"stream_name":"stdout","time":1702.149056006,"data":"{\"op\": \"select_scatter\", \"dtype\": \"int64\", \"samples\": 3, \"diffs\": [], \"errors\": [], \"verdict\": \"ok\"}\n"}
,{"stream_name":"stdout","time":1702.149059566,"data":"{\"op\": \"select_scatter\", \"dtype\": \"bool\", \"samples\": 3, \"diffs\": [], \"errors\": [], \"verdict\": \"ok\"}\n"}
,{"stream_name":"stdout","time":1702.149063015,"data":"{\"op\": \"slice\", \"dtype\": \"float32\", \"samples\": 3, \"diffs\": [], \"errors\": [], \"verdict\": \"ok\"}\n"}
,{"stream_name":"stdout","time":1702.149066486,"data":"{\"op\": \"slice\", \"dtype\": \"int64\", \"samples\": 3, \"diffs\": [], \"errors\": [], \"verdict\": \"ok\"}\n"}
,{"stream_name":"stdout","time":1702.149070095,"data":"{\"op\": \"slice\", \"dtype\": \"bool\", \"samples\": 3, \"diffs\": [], \"errors\": [], \"verdict\": \"ok\"}\n"}
,{"stream_name":"stdout","time":1702.149073755,"data":"{\"op\": \"slice_scatter\", \"dtype\": \"float32\", \"samples\": 3, \"diffs\": [], \"errors\": [], \"verdict\": \"ok\"}\n"}
,{"stream_name":"stdout","time":1702.149077395,"data":"{\"op\": \"slice_scatter\", \"dtype\": \"int64\", \"samples\": 3, \"diffs\": [], \"errors\": [], \"verdict\": \"ok\"}\n"}
,{"stream_name":"stdout","time":1702.149080955,"data":"{\"op\": \"slice_scatter\", \"dtype\": \"bool\", \"samples\": 3, \"diffs\": [], \"errors\": [], \"verdict\": \"ok\"}\n"}
,{"stream_name":"stdout","time":1702.149084795,"data":"{\"op\": \"signbit\", \"dtype\": \"float32\", \"samples\": 1, \"diffs\": [], \"errors\": [], \"verdict\": \"ok\"}\n"}
,{"stream_name":"stdout","time":1702.149088555,"data":"{\"op\": \"signbit\", \"dtype\": \"int64\", \"samples\": 1, \"diffs\": [], \"errors\": [], \"verdict\": \"ok\"}\n"}
,{"stream_name":"stdout","time":1702.149092135,"data":"{\"op\": \"signbit\", \"dtype\": \"bool\", \"samples\": 1, \"diffs\": [], \"errors\": [], \"verdict\": \"ok\"}\n"}
,{"stream_name":"stdout","time":1702.149095695,"data":"{\"op\": \"tan\", \"dtype\": \"float32\", \"samples\": 1, \"diffs\": [], \"errors\": [], \"verdict\": \"ok\"}\n"}
,{"stream_name":"stdout","time":1702.149099146,"data":"{\"op\": \"tan\", \"dtype\": \"int64\", \"samples\": 1, \"diffs\": [], \"errors\": [], \"verdict\": \"ok\"}\n"}
,{"stream_name":"stdout","time":1702.149102595,"data":"{\"op\": \"tan\", \"dtype\": \"bool\", \"samples\": 1, \"diffs\": [], \"errors\": [], \"verdict\": \"ok\"}\n"}
,{"stream_name":"stdout","time":1702.149106206,"data":"{\"op\": \"tanh\", \"dtype\": \"float32\", \"samples\": 1, \"diffs\": [], \"errors\": [], \"verdict\": \"ok\"}\n"}
,{"stream_name":"stdout","time":1702.149110206,"data":"{\"op\": \"tanh\", \"dtype\": \"int64\", \"samples\": 1, \"diffs\": [], \"errors\": [], \"verdict\": \"ok\"}\n"}
,{"stream_name":"stdout","time":1702.149113775,"data":"{\"op\": \"tanh\", \"dtype\": \"bool\", \"samples\": 1, \"diffs\": [], \"errors\": [], \"verdict\": \"ok\"}\n"}
,{"stream_name":"stdout","time":1702.149117415,"data":"{\"op\": \"tensor_split\", \"dtype\": \"float32\", \"samples\": 3, \"diffs\": [], \"errors\": [], \"verdict\": \"ok\"}\n"}
,{"stream_name":"stdout","time":1702.149120986,"data":"{\"op\": \"tensor_split\", \"dtype\": \"int64\", \"samples\": 3, \"diffs\": [], \"errors\": [], \"verdict\": \"ok\"}\n"}
,{"stream_name":"stdout","time":1702.149124466,"data":"{\"op\": \"tensor_split\", \"dtype\": \"bool\", \"samples\": 3, \"diffs\": [], \"errors\": [], \"verdict\": \"ok\"}\n"}
,{"stream_name":"stdout","time":1702.149130655,"data":"{\"op\": \"hsplit\", \"dtype\": \"float32\", \"samples\": 2, \"diffs\": [], \"errors\": [], \"verdict\": \"ok\"}\n"}
,{"stream_name":"stdout","time":1702.149137786,"data":"{\"op\": \"hsplit\", \"dtype\": \"int64\", \"samples\": 2, \"diffs\": [], \"errors\": [], \"verdict\": \"ok\"}\n"}
,{"stream_name":"stdout","time":1702.149141535,"data":"{\"op\": \"hsplit\", \"dtype\": \"bool\", \"samples\": 2, \"diffs\": [], \"errors\": [], \"verdict\": \"ok\"}\n"}
,{"stream_name":"stdout","time":1702.149145246,"data":"{\"op\": \"vsplit\", \"dtype\": \"float32\", \"samples\": 2, \"diffs\": [], \"errors\": [], \"verdict\": \"ok\"}\n"}
,{"stream_name":"stdout","time":1702.149148726,"data":"{\"op\": \"vsplit\", \"dtype\": \"int64\", \"samples\": 2, \"diffs\": [], \"errors\": [], \"verdict\": \"ok\"}\n"}
,{"stream_name":"stdout","time":1702.149152246,"data":"{\"op\": \"vsplit\", \"dtype\": \"bool\", \"samples\": 2, \"diffs\": [], \"errors\": [], \"verdict\": \"ok\"}\n"}
,{"stream_name":"stdout","time":1702.149155715,"data":"{\"op\": \"dsplit\", \"dtype\": \"float32\", \"samples\": 2, \"diffs\": [], \"errors\": [], \"verdict\": \"ok\"}\n"}
,{"stream_name":"stdout","time":1702.149159166,"data":"{\"op\": \"dsplit\", \"dtype\": \"int64\", \"samples\": 2, \"diffs\": [], \"errors\": [], \"verdict\": \"ok\"}\n"}
,{"stream_name":"stdout","time":1702.149162726,"data":"{\"op\": \"dsplit\", \"dtype\": \"bool\", \"samples\": 2, \"diffs\": [], \"errors\": [], \"verdict\": \"ok\"}\n"}
,{"stream_name":"stdout","time":1702.149166515,"data":"{\"op\": \"trunc\", \"dtype\": \"float32\", \"samples\": 1, \"diffs\": [], \"errors\": [], \"verdict\": \"ok\"}\n"}
,{"stream_name":"stdout","time":1702.149169886,"data":"{\"op\": \"trunc\", \"dtype\": \"int64\", \"samples\": 1, \"diffs\": [], \"errors\": [], \"verdict\": \"ok\"}\n"}
,{"stream_name":"stdout","time":1702.149173395,"data":"{\"op\": \"exp2\", \"dtype\": \"float32\", \"samples\": 3, \"diffs\": [], \"errors\": [], \"verdict\": \"ok\"}\n"}
,{"stream_name":"stdout","time":1702.149177146,"data":"{\"op\": \"exp2\", \"dtype\": \"int64\", \"samples\": 3, \"diffs\": [], \"errors\": [], \"verdict\": \"ok\"}\n"}
,{"stream_name":"stdout","time":1702.149180766,"data":"{\"op\": \"exp2\", \"dtype\": \"bool\", \"samples\": 3, \"diffs\": [], \"errors\": [], \"verdict\": \"ok\"}\n"}
,{"stream_name":"stdout","time":1702.149184215,"data":"{\"op\": \"expm1\", \"dtype\": \"float32\", \"samples\": 1, \"diffs\": [], \"errors\": [], \"verdict\": \"ok\"}\n"}
,{"stream_name":"stdout","time":1702.149187835,"data":"{\"op\": \"expm1\", \"dtype\": \"int64\", \"samples\": 1, \"diffs\": [], \"errors\": [], \"verdict\": \"ok\"}\n"}
,{"stream_name":"stdout","time":1702.149191335,"data":"{\"op\": \"expm1\", \"dtype\": \"bool\", \"samples\": 1, \"diffs\": [], \"errors\": [], \"verdict\": \"ok\"}\n"}
,{"stream_name":"stdout","time":1702.149195126,"data":"{\"op\": \"nan_to_num\", \"dtype\": \"float32\", \"samples\": 3, \"diffs\": [], \"errors\": [], \"verdict\": \"ok\"}\n"}
,{"stream_name":"stdout","time":1702.149198646,"data":"{\"op\": \"nan_to_num\", \"dtype\": \"int64\", \"samples\": 3, \"diffs\": [], \"errors\": [], \"verdict\": \"ok\"}\n"}
,{"stream_name":"stdout","time":1702.149202446,"data":"{\"op\": \"nan_to_num\", \"dtype\": \"bool\", \"samples\": 3, \"diffs\": [], \"errors\": [], \"verdict\": \"ok\"}\n"}
,{"stream_name":"stdout","time":1702.149205926,"data":"{\"op\": \"reciprocal\", \"dtype\": \"float32\", \"samples\": 3, \"diffs\": [], \"errors\": [], \"verdict\": \"ok\"}\n"}
,{"stream_name":"stdout","time":1702.149211855,"data":"{\"op\": \"reciprocal\", \"dtype\": \"int64\", \"samples\": 3, \"diffs\": [], \"errors\": [], \"verdict\": \"ok\"}\n"}
,{"stream_name":"stdout","time":1702.149215295,"data":"{\"op\": \"reciprocal\", \"dtype\": \"bool\", \"samples\": 3, \"diffs\": [], \"errors\": [], \"verdict\": \"ok\"}\n"}
,{"stream_name":"stdout","time":1702.149218735,"data":"{\"op\": \"square\", \"dtype\": \"float32\", \"samples\": 3, \"diffs\": [], \"errors\": [], \"verdict\": \"ok\"}\n"}
,{"stream_name":"stdout","time":1702.149225566,"data":"{\"op\": \"square\", \"dtype\": \"int64\", \"samples\": 3, \"diffs\": [], \"errors\": [], \"verdict\": \"ok\"}\n"}
,{"stream_name":"stdout","time":1702.149229335,"data":"{\"op\": \"square\", \"dtype\": \"bool\", \"samples\": 3, \"diffs\": [], \"errors\": [], \"verdict\": \"ok\"}\n"}
,{"stream_name":"stdout","time":1702.149232966,"data":"{\"op\": \"lerp\", \"dtype\": \"float32\", \"samples\": 3, \"diffs\": [], \"errors\": [], \"verdict\": \"ok\"}\n"}
,{"stream_name":"stdout","time":1702.149236495,"data":"{\"op\": \"angle\", \"dtype\": \"float32\", \"samples\": 1, \"diffs\": [], \"errors\": [], \"verdict\": \"ok\"}\n"}
,{"stream_name":"stdout","time":1702.149242006,"data":"{\"op\": \"angle\", \"dtype\": \"int64\", \"samples\": 1, \"diffs\": [], \"errors\": [], \"verdict\": \"ok\"}\n"}
,{"stream_name":"stdout","time":1702.149245835,"data":"{\"op\": \"angle\", \"dtype\": \"bool\", \"samples\": 1, \"diffs\": [], \"errors\": [], \"verdict\": \"ok\"}\n"}
,{"stream_name":"stdout","time":1702.149249275,"data":"{\"op\": \"isfinite\", \"dtype\": \"float32\", \"samples\": 3, \"diffs\": [], \"errors\": [], \"verdict\": \"ok\"}\n"}
,{"stream_name":"stdout","time":1702.149252755,"data":"{\"op\": \"isfinite\", \"dtype\": \"int64\", \"samples\": 3, \"diffs\": [], \"errors\": [], \"verdict\": \"ok\"}\n"}
,{"stream_name":"stdout","time":1702.149256315,"data":"{\"op\": \"isfinite\", \"dtype\": \"bool\", \"samples\": 3, \"diffs\": [], \"errors\": [], \"verdict\": \"ok\"}\n"}
,{"stream_name":"stdout","time":1702.149259835,"data":"{\"op\": \"isinf\", \"dtype\": \"float32\", \"samples\": 1, \"diffs\": [], \"errors\": [], \"verdict\": \"ok\"}\n"}
,{"stream_name":"stdout","time":1702.149263395,"data":"{\"op\": \"isinf\", \"dtype\": \"int64\", \"samples\": 1, \"diffs\": [], \"errors\": [], \"verdict\": \"ok\"}\n"}
,{"stream_name":"stdout","time":1702.149266926,"data":"{\"op\": \"isinf\", \"dtype\": \"bool\", \"samples\": 1, \"diffs\": [], \"errors\": [], \"verdict\": \"ok\"}\n"}
,{"stream_name":"stdout","time":1702.149270515,"data":"{\"op\": \"isposinf\", \"dtype\": \"float32\", \"samples\": 1, \"diffs\": [], \"errors\": [], \"verdict\": \"ok\"}\n"}
,{"stream_name":"stdout","time":1702.149274066,"data":"{\"op\": \"isposinf\", \"dtype\": \"int64\", \"samples\": 1, \"diffs\": [], \"errors\": [], \"verdict\": \"ok\"}\n"}
,{"stream_name":"stdout","time":1702.149277555,"data":"{\"op\": \"isposinf\", \"dtype\": \"bool\", \"samples\": 1, \"diffs\": [], \"errors\": [], \"verdict\": \"ok\"}\n"}
,{"stream_name":"stdout","time":1702.149281506,"data":"{\"op\": \"isneginf\", \"dtype\": \"float32\", \"samples\": 1, \"diffs\": [], \"errors\": [], \"verdict\": \"ok\"}\n"}
,{"stream_name":"stdout","time":1702.149285406,"data":"{\"op\": \"isneginf\", \"dtype\": \"int64\", \"samples\": 1, \"diffs\": [], \"errors\": [], \"verdict\": \"ok\"}\n"}
,{"stream_name":"stdout","time":1702.149288866,"data":"{\"op\": \"isneginf\", \"dtype\": \"bool\", \"samples\": 1, \"diffs\": [], \"errors\": [], \"verdict\": \"ok\"}\n"}
,{"stream_name":"stdout","time":1702.149292455,"data":"{\"op\": \"isreal\", \"dtype\": \"float32\", \"samples\": 3, \"diffs\": [], \"errors\": [], \"verdict\": \"ok\"}\n"}
,{"stream_name":"stdout","time":1702.149298555,"data":"{\"op\": \"isreal\", \"dtype\": \"int64\", \"samples\": 3, \"diffs\": [], \"errors\": [], \"verdict\": \"ok\"}\n"}
,{"stream_name":"stdout","time":1702.149302006,"data":"{\"op\": \"isreal\", \"dtype\": \"bool\", \"samples\": 3, \"diffs\": [], \"errors\": [], \"verdict\": \"ok\"}\n"}
,{"stream_name":"stdout","time":1702.149305435,"data":"{\"op\": \"isnan\", \"dtype\": \"float32\", \"samples\": 1, \"diffs\": [], \"errors\": [], \"verdict\": \"ok\"}\n"}
,{"stream_name":"stdout","time":1702.149312436,"data":"{\"op\": \"isnan\", \"dtype\": \"int64\", \"samples\": 1, \"diffs\": [], \"errors\": [], \"verdict\": \"ok\"}\n"}
,{"stream_name":"stdout","time":1702.149316216,"data":"{\"op\": \"isnan\", \"dtype\": \"bool\", \"samples\": 1, \"diffs\": [], \"errors\": [], \"verdict\": \"ok\"}\n"}
,{"stream_name":"stdout","time":1702.149319766,"data":"{\"op\": \"einsum\", \"dtype\": \"float32\", \"samples\": 3, \"diffs\": [], \"errors\": [], \"verdict\": \"ok\"}\n"}
,{"stream_name":"stdout","time":1702.149323376,"data":"{\"op\": \"einsum\", \"dtype\": \"int64\", \"samples\": 3, \"diffs\": [], \"errors\": [], \"verdict\": \"ok\"}\n"}
,{"stream_name":"stdout","time":1702.149326956,"data":"{\"op\": \"pca_lowrank\", \"dtype\": \"float32\", \"samples\": 3, \"diffs\": [], \"errors\": [], \"verdict\": \"ok\"}\n"}
,{"stream_name":"stdout","time":1702.149330596,"data":"{\"op\": \"polar\", \"dtype\": \"float32\", \"samples\": 3, \"diffs\": [], \"errors\": [], \"verdict\": \"ok\"}\n"}
,{"stream_name":"stdout","time":1702.149334106,"data":"{\"op\": \"polygamma\", \"dtype\": \"float32\", \"samples\": 3, \"diffs\": [], \"errors\": [], \"verdict\": \"ok\"}\n"}
,{"stream_name":"stdout","time":1702.149337476,"data":"{\"op\": \"polygamma\", \"dtype\": \"int64\", \"samples\": 3, \"diffs\": [], \"errors\": [], \"verdict\": \"ok\"}\n"}
,{"stream_name":"stdout","time":1702.149340916,"data":"{\"op\": \"polygamma\", \"dtype\": \"bool\", \"samples\": 3, \"diffs\": [], \"errors\": [], \"verdict\": \"ok\"}\n"}
,{"stream_name":"stdout","time":1702.149344346,"data":"{\"op\": \"polygamma\", \"dtype\": \"float32\", \"samples\": 3, \"diffs\": [], \"errors\": [], \"verdict\": \"ok\"}\n"}
,{"stream_name":"stdout","time":1702.149347926,"data":"{\"op\": \"polygamma\", \"dtype\": \"int64\", \"samples\": 3, \"diffs\": [], \"errors\": [], \"verdict\": \"ok\"}\n"}
,{"stream_name":"stdout","time":1702.149351446,"data":"{\"op\": \"polygamma\", \"dtype\": \"bool\", \"samples\": 3, \"diffs\": [], \"errors\": [], \"verdict\": \"ok\"}\n"}
,{"stream_name":"stdout","time":1702.149354906,"data":"{\"op\": \"polygamma\", \"dtype\": \"float32\", \"samples\": 3, \"diffs\": [], \"errors\": [], \"verdict\": \"ok\"}\n"}
,{"stream_name":"stdout","time":1702.149376536,"data":"{\"op\": \"polygamma\", \"dtype\": \"int64\", \"samples\": 3, \"diffs\": [], \"errors\": [], \"verdict\": \"ok\"}\n"}
,{"stream_name":"stdout","time":1702.149381086,"data":"{\"op\": \"polygamma\", \"dtype\": \"bool\", \"samples\": 3, \"diffs\": [], \"errors\": [], \"verdict\": \"ok\"}\n"}
,{"stream_name":"stdout","time":1702.149384716,"data":"{\"op\": \"polygamma\", \"dtype\": \"float32\", \"samples\": 3, \"diffs\": [], \"errors\": [], \"verdict\": \"ok\"}\n"}
,{"stream_name":"stdout","time":1702.149388176,"data":"{\"op\": \"polygamma\", \"dtype\": \"int64\", \"samples\": 3, \"diffs\": [], \"errors\": [], \"verdict\": \"ok\"}\n"}
,{"stream_name":"stdout","time":1702.149391726,"data":"{\"op\": \"polygamma\", \"dtype\": \"bool\", \"samples\": 3, \"diffs\": [], \"errors\": [], \"verdict\": \"ok\"}\n"}
,{"stream_name":"stdout","time":1702.149398225,"data":"{\"op\": \"polygamma\", \"dtype\": \"float32\", \"samples\": 3, \"diffs\": [], \"errors\": [], \"verdict\": \"ok\"}\n"}
,{"stream_name":"stdout","time":1702.149401636,"data":"{\"op\": \"polygamma\", \"dtype\": \"int64\", \"samples\": 3, \"diffs\": [], \"errors\": [], \"verdict\": \"ok\"}\n"}
,{"stream_name":"stdout","time":1702.149405296,"data":"{\"op\": \"polygamma\", \"dtype\": \"bool\", \"samples\": 3, \"diffs\": [], \"errors\": [], \"verdict\": \"ok\"}\n"}
,{"stream_name":"stdout","time":1702.149408825,"data":"{\"op\": \"ravel\", \"dtype\": \"float32\", \"samples\": 3, \"diffs\": [], \"errors\": [], \"verdict\": \"ok\"}\n"}
,{"stream_name":"stdout","time":1702.149412396,"data":"{\"op\": \"ravel\", \"dtype\": \"int64\", \"samples\": 3, \"diffs\": [], \"errors\": [], \"verdict\": \"ok\"}\n"}
,{"stream_name":"stdout","time":1702.149420356,"data":"{\"op\": \"ravel\", \"dtype\": \"bool\", \"samples\": 3, \"diffs\": [], \"errors\": [], \"verdict\": \"ok\"}\n"}
,{"stream_name":"stdout","time":1702.149423896,"data":"{\"op\": \"unravel_index\", \"dtype\": \"int64\", \"samples\": 3, \"diffs\": [], \"errors\": [], \"verdict\": \"ok\"}\n"}
,{"stream_name":"stdout","time":1702.149427745,"data":"{\"op\": \"reshape\", \"dtype\": \"float32\", \"samples\": 3, \"diffs\": [], \"errors\": [], \"verdict\": \"ok\"}\n"}
,{"stream_name":"stdout","time":1702.149431476,"data":"{\"op\": \"reshape\", \"dtype\": \"int64\", \"samples\": 3, \"diffs\": [], \"errors\": [], \"verdict\": \"ok\"}\n"}
,{"stream_name":"stdout","time":1702.149435125,"data":"{\"op\": \"reshape\", \"dtype\": \"bool\", \"samples\": 3, \"diffs\": [], \"errors\": [], \"verdict\": \"ok\"}\n"}
,{"stream_name":"stdout","time":1702.149438805,"data":"{\"op\": \"reshape_as\", \"dtype\": \"float32\", \"samples\": 3, \"diffs\": [], \"errors\": [], \"verdict\": \"ok\"}\n"}
,{"stream_name":"stdout","time":1702.149442405,"data":"{\"op\": \"reshape_as\", \"dtype\": \"int64\", \"samples\": 3, \"diffs\": [], \"errors\": [], \"verdict\": \"ok\"}\n"}
,{"stream_name":"stdout","time":1702.149445865,"data":"{\"op\": \"reshape_as\", \"dtype\": \"bool\", \"samples\": 3, \"diffs\": [], \"errors\": [], \"verdict\": \"ok\"}\n"}
,{"stream_name":"stdout","time":1702.149449405,"data":"{\"op\": \"view\", \"dtype\": \"float32\", \"samples\": 3, \"diffs\": [], \"errors\": [], \"verdict\": \"ok\"}\n"}
,{"stream_name":"stdout","time":1702.149452985,"data":"{\"op\": \"view\", \"dtype\": \"int64\", \"samples\": 3, \"diffs\": [], \"errors\": [], \"verdict\": \"ok\"}\n"}
,{"stream_name":"stdout","time":1702.149456376,"data":"{\"op\": \"view\", \"dtype\": \"bool\", \"samples\": 3, \"diffs\": [], \"errors\": [], \"verdict\": \"ok\"}\n"}
,{"stream_name":"stdout","time":1702.149459776,"data":"{\"op\": \"view_as\", \"dtype\": \"float32\", \"samples\": 3, \"diffs\": [], \"errors\": [], \"verdict\": \"ok\"}\n"}
,{"stream_name":"stdout","time":1702.149463216,"data":"{\"op\": \"view_as\", \"dtype\": \"int64\", \"samples\": 3, \"diffs\": [], \"errors\": [], \"verdict\": \"ok\"}\n"}
,{"stream_name":"stdout","time":1702.149467285,"data":"{\"op\": \"view_as\", \"dtype\": \"bool\", \"samples\": 3, \"diffs\": [], \"errors\": [], \"verdict\": \"ok\"}\n"}
,{"stream_name":"stdout","time":1702.149470825,"data":"{\"op\": \"atleast_1d\", \"dtype\": \"float32\", \"samples\": 3, \"diffs\": [], \"errors\": [], \"verdict\": \"ok\"}\n"}
,{"stream_name":"stdout","time":1702.149474316,"data":"{\"op\": \"atleast_1d\", \"dtype\": \"int64\", \"samples\": 3, \"diffs\": [], \"errors\": [], \"verdict\": \"ok\"}\n"}
,{"stream_name":"stdout","time":1702.149480556,"data":"{\"op\": \"atleast_1d\", \"dtype\": \"bool\", \"samples\": 3, \"diffs\": [], \"errors\": [], \"verdict\": \"ok\"}\n"}
,{"stream_name":"stdout","time":1702.149484145,"data":"{\"op\": \"atleast_2d\", \"dtype\": \"float32\", \"samples\": 3, \"diffs\": [], \"errors\": [], \"verdict\": \"ok\"}\n"}
,{"stream_name":"stdout","time":1702.149487896,"data":"{\"op\": \"atleast_2d\", \"dtype\": \"int64\", \"samples\": 3, \"diffs\": [], \"errors\": [], \"verdict\": \"ok\"}\n"}
,{"stream_name":"stdout","time":1702.149491605,"data":"{\"op\": \"atleast_2d\", \"dtype\": \"bool\", \"samples\": 3, \"diffs\": [], \"errors\": [], \"verdict\": \"ok\"}\n"}
,{"stream_name":"stdout","time":1702.149495156,"data":"{\"op\": \"atleast_3d\", \"dtype\": \"float32\", \"samples\": 3, \"diffs\": [], \"errors\": [], \"verdict\": \"ok\"}\n"}
,{"stream_name":"stdout","time":1702.149498596,"data":"{\"op\": \"atleast_3d\", \"dtype\": \"int64\", \"samples\": 3, \"diffs\": [], \"errors\": [], \"verdict\": \"ok\"}\n"}
,{"stream_name":"stdout","time":1702.149506056,"data":"{\"op\": \"atleast_3d\", \"dtype\": \"bool\", \"samples\": 3, \"diffs\": [], \"errors\": [], \"verdict\": \"ok\"}\n"}
,{"stream_name":"stdout","time":1702.149509625,"data":"{\"op\": \"flatten\", \"dtype\": \"float32\", \"samples\": 3, \"diffs\": [], \"errors\": [], \"verdict\": \"ok\"}\n"}
,{"stream_name":"stdout","time":1702.149513136,"data":"{\"op\": \"flatten\", \"dtype\": \"int64\", \"samples\": 3, \"diffs\": [], \"errors\": [], \"verdict\": \"ok\"}\n"}
,{"stream_name":"stdout","time":1702.149516645,"data":"{\"op\": \"flatten\", \"dtype\": \"bool\", \"samples\": 3, \"diffs\": [], \"errors\": [], \"verdict\": \"ok\"}\n"}
,{"stream_name":"stdout","time":1702.149520056,"data":"{\"op\": \"unflatten\", \"dtype\": \"float32\", \"samples\": 3, \"diffs\": [], \"errors\": [], \"verdict\": \"ok\"}\n"}
,{"stream_name":"stdout","time":1702.149523625,"data":"{\"op\": \"unflatten\", \"dtype\": \"int64\", \"samples\": 3, \"diffs\": [], \"errors\": [], \"verdict\": \"ok\"}\n"}
,{"stream_name":"stdout","time":1702.149527185,"data":"{\"op\": \"unflatten\", \"dtype\": \"bool\", \"samples\": 3, \"diffs\": [], \"errors\": [], \"verdict\": \"ok\"}\n"}
,{"stream_name":"stdout","time":1702.149530745,"data":"{\"op\": \"gather\", \"dtype\": \"float32\", \"samples\": 3, \"diffs\": [], \"errors\": [], \"verdict\": \"ok\"}\n"}
,{"stream_name":"stdout","time":1702.149534236,"data":"{\"op\": \"gather\", \"dtype\": \"int64\", \"samples\": 3, \"diffs\": [], \"errors\": [], \"verdict\": \"ok\"}\n"}
,{"stream_name":"stdout","time":1702.149538005,"data":"{\"op\": \"gather\", \"dtype\": \"bool\", \"samples\": 3, \"diffs\": [], \"errors\": [], \"verdict\": \"ok\"}\n"}
,{"stream_name":"stdout","time":1702.149541376,"data":"{\"op\": \"index_fill\", \"dtype\": \"float32\", \"samples\": 3, \"diffs\": [], \"errors\": [], \"verdict\": \"ok\"}\n"}
,{"stream_name":"stdout","time":1702.149544836,"data":"{\"op\": \"index_fill\", \"dtype\": \"int64\", \"samples\": 3, \"diffs\": [], \"errors\": [], \"verdict\": \"ok\"}\n"}
,{"stream_name":"stdout","time":1702.149548696,"data":"{\"op\": \"index_fill\", \"dtype\": \"bool\", \"samples\": 3, \"diffs\": [], \"errors\": [], \"verdict\": \"ok\"}\n"}
,{"stream_name":"stdout","time":1702.149552276,"data":"{\"op\": \"index_copy\", \"dtype\": \"float32\", \"samples\": 3, \"diffs\": [], \"errors\": [], \"verdict\": \"ok\"}\n"}
,{"stream_name":"stdout","time":1702.149555676,"data":"{\"op\": \"index_copy\", \"dtype\": \"int64\", \"samples\": 3, \"diffs\": [{\"i\": 2, \"class\": \"SILENT\", \"detail\": \"eager raises IndexError, compiled returns\"}], \"errors\": [], \"verdict\": \"DIFF:SILENT\"}\n"}
,{"stream_name":"stdout","time":1702.149562445,"data":"{\"op\": \"index_copy\", \"dtype\": \"bool\", \"samples\": 3, \"diffs\": [], \"errors\": [], \"verdict\": \"ok\"}\n"}
,{"stream_name":"stdout","time":1702.149566085,"data":"{\"op\": \"index_select\", \"dtype\": \"float32\", \"samples\": 3, \"diffs\": [], \"errors\": [], \"verdict\": \"ok\"}\n"}
,{"stream_name":"stdout","time":1702.149569636,"data":"{\"op\": \"index_select\", \"dtype\": \"int64\", \"samples\": 3, \"diffs\": [{\"i\": 2, \"class\": \"SILENT\", \"detail\": \"eager raises RuntimeError, compiled returns\"}], \"errors\": [], \"verdict\": \"DIFF:SILENT\"}\n"}
,{"stream_name":"stdout","time":1702.149573685,"data":"{\"op\": \"index_select\", \"dtype\": \"bool\", \"samples\": 3, \"diffs\": [], \"errors\": [], \"verdict\": \"ok\"}\n"}
,{"stream_name":"stdout","time":1702.149577156,"data":"{\"op\": \"index_add\", \"dtype\": \"float32\", \"samples\": 3, \"diffs\": [], \"errors\": [], \"verdict\": \"ok\"}\n"}
,{"stream_name":"stdout","time":1702.149580736,"data":"{\"op\": \"index_add\", \"dtype\": \"int64\", \"samples\": 3, \"diffs\": [], \"errors\": [], \"verdict\": \"ok\"}\n"}
,{"stream_name":"stdout","time":1702.149587996,"data":"{\"op\": \"index_add\", \"dtype\": \"bool\", \"samples\": 3, \"diffs\": [], \"errors\": [], \"verdict\": \"ok\"}\n"}
,{"stream_name":"stdout","time":1702.149591425,"data":"{\"op\": \"__getitem__\", \"dtype\": \"float32\", \"samples\": 3, \"diffs\": [], \"errors\": [], \"verdict\": \"ok\"}\n"}
,{"stream_name":"stdout","time":1702.149594856,"data":"{\"op\": \"__getitem__\", \"dtype\": \"int64\", \"samples\": 3, \"diffs\": [], \"errors\": [], \"verdict\": \"ok\"}\n"}
,{"stream_name":"stdout","time":1702.149598445,"data":"{\"op\": \"__getitem__\", \"dtype\": \"bool\", \"samples\": 3, \"diffs\": [], \"errors\": [], \"verdict\": \"ok\"}\n"}
,{"stream_name":"stdout","time":1702.149601825,"data":"{\"op\": \"index_put\", \"dtype\": \"float32\", \"samples\": 3, \"diffs\": [], \"errors\": [], \"verdict\": \"ok\"}\n"}
,{"stream_name":"stdout","time":1702.149605365,"data":"{\"op\": \"index_put\", \"dtype\": \"int64\", \"samples\": 3, \"diffs\": [], \"errors\": [], \"verdict\": \"ok\"}\n"}
,{"stream_name":"stdout","time":1702.149608976,"data":"{\"op\": \"index_put\", \"dtype\": \"bool\", \"samples\": 3, \"diffs\": [], \"errors\": [], \"verdict\": \"ok\"}\n"}
,{"stream_name":"stdout","time":1702.149612336,"data":"{\"op\": \"put\", \"dtype\": \"float32\", \"samples\": 3, \"diffs\": [], \"errors\": [], \"verdict\": \"ok\"}\n"}
,{"stream_name":"stdout","time":1702.149615776,"data":"{\"op\": \"put\", \"dtype\": \"int64\", \"samples\": 3, \"diffs\": [], \"errors\": [], \"verdict\": \"ok\"}\n"}
,{"stream_name":"stdout","time":1702.149619636,"data":"{\"op\": \"put\", \"dtype\": \"bool\", \"samples\": 3, \"diffs\": [], \"errors\": [], \"verdict\": \"ok\"}\n"}
,{"stream_name":"stdout","time":1702.149623656,"data":"{\"op\": \"take\", \"dtype\": \"float32\", \"samples\": 3, \"diffs\": [], \"errors\": [], \"verdict\": \"ok\"}\n"}
,{"stream_name":"stdout","time":1702.149627305,"data":"{\"op\": \"take\", \"dtype\": \"int64\", \"samples\": 3, \"diffs\": [], \"errors\": [], \"verdict\": \"ok\"}\n"}
,{"stream_name":"stdout","time":1702.149630725,"data":"{\"op\": \"take\", \"dtype\": \"bool\", \"samples\": 3, \"diffs\": [], \"errors\": [], \"verdict\": \"ok\"}\n"}
,{"stream_name":"stdout","time":1702.149634185,"data":"{\"op\": \"scatter\", \"dtype\": \"float32\", \"samples\": 3, \"diffs\": [], \"errors\": [], \"verdict\": \"ok\"}\n"}
,{"stream_name":"stdout","time":1702.149637605,"data":"{\"op\": \"scatter\", \"dtype\": \"int64\", \"samples\": 3, \"diffs\": [], \"errors\": [], \"verdict\": \"ok\"}\n"}
,{"stream_name":"stdout","time":1702.149640976,"data":"{\"op\": \"scatter\", \"dtype\": \"bool\", \"samples\": 3, \"diffs\": [], \"errors\": [], \"verdict\": \"ok\"}\n"}
,{"stream_name":"stdout","time":1702.149647416,"data":"{\"op\": \"bfloat16\", \"dtype\": \"float32\", \"samples\": 3, \"diffs\": [], \"errors\": [], \"verdict\": \"ok\"}\n"}
,{"stream_name":"stdout","time":1702.149651056,"data":"{\"op\": \"bfloat16\", \"dtype\": \"int64\", \"samples\": 3, \"diffs\": [], \"errors\": [], \"verdict\": \"ok\"}\n"}
,{"stream_name":"stdout","time":1702.149654705,"data":"{\"op\": \"bfloat16\", \"dtype\": \"bool\", \"samples\": 3, \"diffs\": [], \"errors\": [], \"verdict\": \"ok\"}\n"}
,{"stream_name":"stdout","time":1702.149658065,"data":"{\"op\": \"bool\", \"dtype\": \"float32\", \"samples\": 3, \"diffs\": [], \"errors\": [], \"verdict\": \"ok\"}\n"}
,{"stream_name":"stdout","time":1702.149661576,"data":"{\"op\": \"bool\", \"dtype\": \"int64\", \"samples\": 3, \"diffs\": [], \"errors\": [], \"verdict\": \"ok\"}\n"}
,{"stream_name":"stdout","time":1702.149665116,"data":"{\"op\": \"bool\", \"dtype\": \"bool\", \"samples\": 3, \"diffs\": [], \"errors\": [], \"verdict\": \"ok\"}\n"}
,{"stream_name":"stdout","time":1702.149668585,"data":"{\"op\": \"byte\", \"dtype\": \"float32\", \"samples\": 3, \"diffs\": [], \"errors\": [], \"verdict\": \"ok\"}\n"}
,{"stream_name":"stdout","time":1702.149675925,"data":"{\"op\": \"byte\", \"dtype\": \"int64\", \"samples\": 3, \"diffs\": [], \"errors\": [], \"verdict\": \"ok\"}\n"}
,{"stream_name":"stdout","time":1702.149679405,"data":"{\"op\": \"byte\", \"dtype\": \"bool\", \"samples\": 3, \"diffs\": [], \"errors\": [], \"verdict\": \"ok\"}\n"}
,{"stream_name":"stdout","time":1702.149682996,"data":"{\"op\": \"char\", \"dtype\": \"float32\", \"samples\": 3, \"diffs\": [], \"errors\": [], \"verdict\": \"ok\"}\n"}
,{"stream_name":"stdout","time":1702.149686565,"data":"{\"op\": \"char\", \"dtype\": \"int64\", \"samples\": 3, \"diffs\": [], \"errors\": [], \"verdict\": \"ok\"}\n"}
,{"stream_name":"stdout","time":1702.149690216,"data":"{\"op\": \"char\", \"dtype\": \"bool\", \"samples\": 3, \"diffs\": [], \"errors\": [], \"verdict\": \"ok\"}\n"}
,{"stream_name":"stdout","time":1702.149693805,"data":"{\"op\": \"double\", \"dtype\": \"float32\", \"samples\": 3, \"diffs\": [], \"errors\": [], \"verdict\": \"ok\"}\n"}
,{"stream_name":"stdout","time":1702.149697325,"data":"{\"op\": \"double\", \"dtype\": \"int64\", \"samples\": 3, \"diffs\": [], \"errors\": [], \"verdict\": \"ok\"}\n"}
,{"stream_name":"stdout","time":1702.149700885,"data":"{\"op\": \"double\", \"dtype\": \"bool\", \"samples\": 3, \"diffs\": [], \"errors\": [], \"verdict\": \"ok\"}\n"}
,{"stream_name":"stdout","time":1702.149704456,"data":"{\"op\": \"float\", \"dtype\": \"float32\", \"samples\": 3, \"diffs\": [], \"errors\": [], \"verdict\": \"ok\"}\n"}
,{"stream_name":"stdout","time":1702.149708325,"data":"{\"op\": \"float\", \"dtype\": \"int64\", \"samples\": 3, \"diffs\": [], \"errors\": [], \"verdict\": \"ok\"}\n"}
,{"stream_name":"stdout","time":1702.149711836,"data":"{\"op\": \"float\", \"dtype\": \"bool\", \"samples\": 3, \"diffs\": [], \"errors\": [], \"verdict\": \"ok\"}\n"}
,{"stream_name":"stdout","time":1702.149715505,"data":"{\"op\": \"half\", \"dtype\": \"float32\", \"samples\": 3, \"diffs\": [], \"errors\": [], \"verdict\": \"ok\"}\n"}
,{"stream_name":"stdout","time":1702.149718956,"data":"{\"op\": \"half\", \"dtype\": \"int64\", \"samples\": 3, \"diffs\": [], \"errors\": [], \"verdict\": \"ok\"}\n"}
,{"stream_name":"stdout","time":1702.149722385,"data":"{\"op\": \"half\", \"dtype\": \"bool\", \"samples\": 3, \"diffs\": [], \"errors\": [], \"verdict\": \"ok\"}\n"}
,{"stream_name":"stdout","time":1702.149728385,"data":"{\"op\": \"int\", \"dtype\": \"float32\", \"samples\": 3, \"diffs\": [], \"errors\": [], \"verdict\": \"ok\"}\n"}
,{"stream_name":"stdout","time":1702.149731985,"data":"{\"op\": \"int\", \"dtype\": \"int64\", \"samples\": 3, \"diffs\": [], \"errors\": [], \"verdict\": \"ok\"}\n"}
,{"stream_name":"stdout","time":1702.149735516,"data":"{\"op\": \"int\", \"dtype\": \"bool\", \"samples\": 3, \"diffs\": [], \"errors\": [], \"verdict\": \"ok\"}\n"}
,{"stream_name":"stdout","time":1702.149739025,"data":"{\"op\": \"long\", \"dtype\": \"float32\", \"samples\": 3, \"diffs\": [], \"errors\": [], \"verdict\": \"ok\"}\n"}
,{"stream_name":"stdout","time":1702.149742565,"data":"{\"op\": \"long\", \"dtype\": \"int64\", \"samples\": 3, \"diffs\": [], \"errors\": [], \"verdict\": \"ok\"}\n"}
,{"stream_name":"stdout","time":1702.149746005,"data":"{\"op\": \"long\", \"dtype\": \"bool\", \"samples\": 3, \"diffs\": [], \"errors\": [], \"verdict\": \"ok\"}\n"}
,{"stream_name":"stdout","time":1702.149749385,"data":"{\"op\": \"short\", \"dtype\": \"float32\", \"samples\": 3, \"diffs\": [], \"errors\": [], \"verdict\": \"ok\"}\n"}
,{"stream_name":"stdout","time":1702.149752885,"data":"{\"op\": \"short\", \"dtype\": \"int64\", \"samples\": 3, \"diffs\": [], \"errors\": [], \"verdict\": \"ok\"}\n"}
,{"stream_name":"stdout","time":1702.149756305,"data":"{\"op\": \"short\", \"dtype\": \"bool\", \"samples\": 3, \"diffs\": [], \"errors\": [], \"verdict\": \"ok\"}\n"}
,{"stream_name":"stdout","time":1702.149763185,"data":"{\"op\": \"cdouble\", \"dtype\": \"float32\", \"samples\": 3, \"diffs\": [], \"errors\": [], \"verdict\": \"ok\"}\n"}
,{"stream_name":"stdout","time":1702.149766685,"data":"{\"op\": \"cdouble\", \"dtype\": \"int64\", \"samples\": 3, \"diffs\": [], \"errors\": [], \"verdict\": \"ok\"}\n"}
,{"stream_name":"stdout","time":1702.149770085,"data":"{\"op\": \"cdouble\", \"dtype\": \"bool\", \"samples\": 3, \"diffs\": [], \"errors\": [], \"verdict\": \"ok\"}\n"}
,{"stream_name":"stdout","time":1702.149773545,"data":"{\"op\": \"cfloat\", \"dtype\": \"float32\", \"samples\": 3, \"diffs\": [], \"errors\": [], \"verdict\": \"ok\"}\n"}
,{"stream_name":"stdout","time":1702.149776976,"data":"{\"op\": \"cfloat\", \"dtype\": \"int64\", \"samples\": 3, \"diffs\": [], \"errors\": [], \"verdict\": \"ok\"}\n"}
,{"stream_name":"stdout","time":1702.149780665,"data":"{\"op\": \"cfloat\", \"dtype\": \"bool\", \"samples\": 3, \"diffs\": [], \"errors\": [], \"verdict\": \"ok\"}\n"}
,{"stream_name":"stdout","time":1702.149784065,"data":"{\"op\": \"chalf\", \"dtype\": \"float32\", \"samples\": 3, \"diffs\": [], \"errors\": [], \"verdict\": \"ok\"}\n"}
,{"stream_name":"stdout","time":1702.149787476,"data":"{\"op\": \"chalf\", \"dtype\": \"int64\", \"samples\": 3, \"diffs\": [], \"errors\": [], \"verdict\": \"ok\"}\n"}
,{"stream_name":"stdout","time":1702.149791205,"data":"{\"op\": \"chalf\", \"dtype\": \"bool\", \"samples\": 3, \"diffs\": [], \"errors\": [], \"verdict\": \"ok\"}\n"}
,{"stream_name":"stdout","time":1702.149794985,"data":"{\"op\": \"zeros_like\", \"dtype\": \"float32\", \"samples\": 3, \"diffs\": [], \"errors\": [], \"verdict\": \"ok\"}\n"}
,{"stream_name":"stdout","time":1702.149798485,"data":"{\"op\": \"zeros_like\", \"dtype\": \"int64\", \"samples\": 3, \"diffs\": [], \"errors\": [], \"verdict\": \"ok\"}\n"}
,{"stream_name":"stdout","time":1702.149801965,"data":"{\"op\": \"zeros_like\", \"dtype\": \"bool\", \"samples\": 3, \"diffs\": [], \"errors\": [], \"verdict\": \"ok\"}\n"}
,{"stream_name":"stdout","time":1702.149808456,"data":"{\"op\": \"ones_like\", \"dtype\": \"float32\", \"samples\": 3, \"diffs\": [], \"errors\": [], \"verdict\": \"ok\"}\n"}
,{"stream_name":"stdout","time":1702.149811965,"data":"{\"op\": \"ones_like\", \"dtype\": \"int64\", \"samples\": 3, \"diffs\": [], \"errors\": [], \"verdict\": \"ok\"}\n"}
,{"stream_name":"stdout","time":1702.149815616,"data":"{\"op\": \"ones_like\", \"dtype\": \"bool\", \"samples\": 3, \"diffs\": [], \"errors\": [], \"verdict\": \"ok\"}\n"}
,{"stream_name":"stdout","time":1702.149819065,"data":"{\"op\": \"full_like\", \"dtype\": \"float32\", \"samples\": 3, \"diffs\": [], \"errors\": [], \"verdict\": \"ok\"}\n"}
,{"stream_name":"stdout","time":1702.149822616,"data":"{\"op\": \"full_like\", \"dtype\": \"int64\", \"samples\": 3, \"diffs\": [], \"errors\": [], \"verdict\": \"ok\"}\n"}
,{"stream_name":"stdout","time":1702.149826076,"data":"{\"op\": \"full_like\", \"dtype\": \"bool\", \"samples\": 3, \"diffs\": [], \"errors\": [], \"verdict\": \"ok\"}\n"}
,{"stream_name":"stdout","time":1702.149829565,"data":"{\"op\": \"new_zeros\", \"dtype\": \"float32\", \"samples\": 3, \"diffs\": [], \"errors\": [], \"verdict\": \"ok\"}\n"}
,{"stream_name":"stdout","time":1702.149833076,"data":"{\"op\": \"new_zeros\", \"dtype\": \"int64\", \"samples\": 3, \"diffs\": [], \"errors\": [], \"verdict\": \"ok\"}\n"}
,{"stream_name":"stdout","time":1702.149836536,"data":"{\"op\": \"new_zeros\", \"dtype\": \"bool\", \"samples\": 3, \"diffs\": [], \"errors\": [], \"verdict\": \"ok\"}\n"}
,{"stream_name":"stdout","time":1702.149840096,"data":"{\"op\": \"new_ones\", \"dtype\": \"float32\", \"samples\": 3, \"diffs\": [], \"errors\": [], \"verdict\": \"ok\"}\n"}
,{"stream_name":"stdout","time":1702.149846965,"data":"{\"op\": \"new_ones\", \"dtype\": \"int64\", \"samples\": 3, \"diffs\": [], \"errors\": [], \"verdict\": \"ok\"}\n"}
,{"stream_name":"stdout","time":1702.149850476,"data":"{\"op\": \"new_ones\", \"dtype\": \"bool\", \"samples\": 3, \"diffs\": [], \"errors\": [], \"verdict\": \"ok\"}\n"}
,{"stream_name":"stdout","time":1702.149853916,"data":"{\"op\": \"ones\", \"dtype\": \"float32\", \"samples\": 2, \"diffs\": [], \"errors\": [], \"verdict\": \"ok\"}\n"}
,{"stream_name":"stdout","time":1702.149857266,"data":"{\"op\": \"ones\", \"dtype\": \"int64\", \"samples\": 2, \"diffs\": [], \"errors\": [], \"verdict\": \"ok\"}\n"}
,{"stream_name":"stdout","time":1702.149860766,"data":"{\"op\": \"ones\", \"dtype\": \"bool\", \"samples\": 2, \"diffs\": [], \"errors\": [], \"verdict\": \"ok\"}\n"}
,{"stream_name":"stdout","time":1702.149864116,"data":"{\"op\": \"zeros\", \"dtype\": \"float32\", \"samples\": 2, \"diffs\": [], \"errors\": [], \"verdict\": \"ok\"}\n"}
,{"stream_name":"stdout","time":1702.149867586,"data":"{\"op\": \"zeros\", \"dtype\": \"int64\", \"samples\": 2, \"diffs\": [], \"errors\": [], \"verdict\": \"ok\"}\n"}
,{"stream_name":"stdout","time":1702.149871026,"data":"{\"op\": \"zeros\", \"dtype\": \"bool\", \"samples\": 2, \"diffs\": [], \"errors\": [], \"verdict\": \"ok\"}\n"}
,{"stream_name":"stdout","time":1702.149874836,"data":"{\"op\": \"full\", \"dtype\": \"float32\", \"samples\": 3, \"diffs\": [], \"errors\": [], \"verdict\": \"ok\"}\n"}
,{"stream_name":"stdout","time":1702.149878356,"data":"{\"op\": \"full\", \"dtype\": \"int64\", \"samples\": 3, \"diffs\": [], \"errors\": [], \"verdict\": \"ok\"}\n"}
,{"stream_name":"stdout","time":1702.149881956,"data":"{\"op\": \"full\", \"dtype\": \"bool\", \"samples\": 3, \"diffs\": [], \"errors\": [], \"verdict\": \"ok\"}\n"}
,{"stream_name":"stdout","time":1702.149885396,"data":"{\"op\": \"eye\", \"dtype\": \"float32\", \"samples\": 3, \"diffs\": [], \"errors\": [], \"verdict\": \"ok\"}\n"}
,{"stream_name":"stdout","time":1702.149891596,"data":"{\"op\": \"eye\", \"dtype\": \"int64\", \"samples\": 3, \"diffs\": [], \"errors\": [], \"verdict\": \"ok\"}\n"}
,{"stream_name":"stdout","time":1702.149895166,"data":"{\"op\": \"eye\", \"dtype\": \"bool\", \"samples\": 3, \"diffs\": [], \"errors\": [], \"verdict\": \"ok\"}\n"}
,{"stream_name":"stdout","time":1702.149898666,"data":"{\"op\": \"scalar_tensor\", \"dtype\": \"float32\", \"samples\": 3, \"diffs\": [], \"errors\": [], \"verdict\": \"ok\"}\n"}
,{"stream_name":"stdout","time":1702.149902246,"data":"{\"op\": \"scalar_tensor\", \"dtype\": \"int64\", \"samples\": 3, \"diffs\": [], \"errors\": [], \"verdict\": \"ok\"}\n"}
,{"stream_name":"stdout","time":1702.149905656,"data":"{\"op\": \"scalar_tensor\", \"dtype\": \"bool\", \"samples\": 3, \"diffs\": [], \"errors\": [], \"verdict\": \"ok\"}\n"}
,{"stream_name":"stdout","time":1702.149909196,"data":"{\"op\": \"new_full\", \"dtype\": \"float32\", \"samples\": 3, \"diffs\": [], \"errors\": [], \"verdict\": \"ok\"}\n"}
,{"stream_name":"stdout","time":1702.149912726,"data":"{\"op\": \"new_full\", \"dtype\": \"int64\", \"samples\": 3, \"diffs\": [], \"errors\": [], \"verdict\": \"ok\"}\n"}
,{"stream_name":"stdout","time":1702.149916056,"data":"{\"op\": \"new_full\", \"dtype\": \"bool\", \"samples\": 3, \"diffs\": [], \"errors\": [], \"verdict\": \"ok\"}\n"}
,{"stream_name":"stdout","time":1702.149919396,"data":"{\"op\": \"scatter_add\", \"dtype\": \"float32\", \"samples\": 3, \"diffs\": [], \"errors\": [], \"verdict\": \"ok\"}\n"}
,{"stream_name":"stdout","time":1702.149922836,"data":"{\"op\": \"scatter_add\", \"dtype\": \"int64\", \"samples\": 3, \"diffs\": [], \"errors\": [], \"verdict\": \"ok\"}\n"}
,{"stream_name":"stdout","time":1702.149934776,"data":"{\"op\": \"scatter_add\", \"dtype\": \"bool\", \"samples\": 3, \"diffs\": [], \"errors\": [], \"verdict\": \"ok\"}\n"}
,{"stream_name":"stdout","time":1702.150048526,"data":"{\"op\": \"stack\", \"dtype\": \"float32\", \"samples\": 3, \"diffs\": [], \"errors\": [], \"verdict\": \"ok\"}\n"}
,{"stream_name":"stdout","time":1702.150052826,"data":"{\"op\": \"stack\", \"dtype\": \"int64\", \"samples\": 3, \"diffs\": [], \"errors\": [], \"verdict\": \"ok\"}\n"}
,{"stream_name":"stdout","time":1702.150056726,"data":"{\"op\": \"stack\", \"dtype\": \"bool\", \"samples\": 3, \"diffs\": [], \"errors\": [], \"verdict\": \"ok\"}\n"}
,{"stream_name":"stdout","time":1702.150060446,"data":"{\"op\": \"hstack\", \"dtype\": \"float32\", \"samples\": 2, \"diffs\": [], \"errors\": [], \"verdict\": \"ok\"}\n"}
,{"stream_name":"stdout","time":1702.150064416,"data":"{\"op\": \"hstack\", \"dtype\": \"int64\", \"samples\": 2, \"diffs\": [], \"errors\": [], \"verdict\": \"ok\"}\n"}
,{"stream_name":"stdout","time":1702.150068116,"data":"{\"op\": \"hstack\", \"dtype\": \"bool\", \"samples\": 2, \"diffs\": [], \"errors\": [], \"verdict\": \"ok\"}\n"}
,{"stream_name":"stdout","time":1702.150071476,"data":"{\"op\": \"hypot\", \"dtype\": \"float32\", \"samples\": 3, \"diffs\": [], \"errors\": [], \"verdict\": \"ok\"}\n"}
,{"stream_name":"stdout","time":1702.150076775,"data":"{\"op\": \"histc\", \"dtype\": \"float32\", \"samples\": 3, \"diffs\": [], \"errors\": [], \"verdict\": \"ok\"}\n"}
,{"stream_name":"stdout","time":1702.150080875,"data":"{\"op\": \"bincount\", \"dtype\": \"int64\", \"samples\": 3, \"diffs\": [], \"errors\": [], \"verdict\": \"ok\"}\n"}
,{"stream_name":"stdout","time":1702.150085666,"data":"{\"op\": \"cat\", \"dtype\": \"float32\", \"samples\": 3, \"diffs\": [], \"errors\": [], \"verdict\": \"ok\"}\n"}
,{"stream_name":"stdout","time":1702.150093255,"data":"{\"op\": \"cat\", \"dtype\": \"int64\", \"samples\": 3, \"diffs\": [], \"errors\": [], \"verdict\": \"ok\"}\n"}
,{"stream_name":"stdout","time":1702.150096935,"data":"{\"op\": \"cat\", \"dtype\": \"bool\", \"samples\": 3, \"diffs\": [], \"errors\": [], \"verdict\": \"ok\"}\n"}
,{"stream_name":"stdout","time":1702.150100446,"data":"{\"op\": \"unbind\", \"dtype\": \"float32\", \"samples\": 3, \"diffs\": [], \"errors\": [], \"verdict\": \"ok\"}\n"}
,{"stream_name":"stdout","time":1702.150104126,"data":"{\"op\": \"unbind\", \"dtype\": \"int64\", \"samples\": 3, \"diffs\": [], \"errors\": [], \"verdict\": \"ok\"}\n"}
,{"stream_name":"stdout","time":1702.150107835,"data":"{\"op\": \"unbind\", \"dtype\": \"bool\", \"samples\": 3, \"diffs\": [], \"errors\": [], \"verdict\": \"ok\"}\n"}
,{"stream_name":"stdout","time":1702.150111655,"data":"{\"op\": \"unbind_copy\", \"dtype\": \"float32\", \"samples\": 3, \"diffs\": [], \"errors\": [], \"verdict\": \"ok\"}\n"}
,{"stream_name":"stdout","time":1702.150115355,"data":"{\"op\": \"unbind_copy\", \"dtype\": \"int64\", \"samples\": 3, \"diffs\": [], \"errors\": [], \"verdict\": \"ok\"}\n"}
,{"stream_name":"stdout","time":1702.150118775,"data":"{\"op\": \"unbind_copy\", \"dtype\": \"bool\", \"samples\": 3, \"diffs\": [], \"errors\": [], \"verdict\": \"ok\"}\n"}
,{"stream_name":"stdout","time":1702.150122146,"data":"{\"op\": \"vstack\", \"dtype\": \"float32\", \"samples\": 2, \"diffs\": [], \"errors\": [], \"verdict\": \"ok\"}\n"}
,{"stream_name":"stdout","time":1702.150125666,"data":"{\"op\": \"vstack\", \"dtype\": \"int64\", \"samples\": 2, \"diffs\": [], \"errors\": [], \"verdict\": \"ok\"}\n"}
,{"stream_name":"stdout","time":1702.150129306,"data":"{\"op\": \"vstack\", \"dtype\": \"bool\", \"samples\": 2, \"diffs\": [], \"errors\": [], \"verdict\": \"ok\"}\n"}
,{"stream_name":"stdout","time":1702.150132846,"data":"{\"op\": \"dstack\", \"dtype\": \"float32\", \"samples\": 2, \"diffs\": [], \"errors\": [], \"verdict\": \"ok\"}\n"}
,{"stream_name":"stdout","time":1702.150140806,"data":"{\"op\": \"dstack\", \"dtype\": \"int64\", \"samples\": 2, \"diffs\": [], \"errors\": [], \"verdict\": \"ok\"}\n"}
,{"stream_name":"stdout","time":1702.150144515,"data":"{\"op\": \"dstack\", \"dtype\": \"bool\", \"samples\": 2, \"diffs\": [], \"errors\": [], \"verdict\": \"ok\"}\n"}
,{"stream_name":"stdout","time":1702.150147906,"data":"{\"op\": \"unfold\", \"dtype\": \"float32\", \"samples\": 3, \"diffs\": [], \"errors\": [], \"verdict\": \"ok\"}\n"}
,{"stream_name":"stdout","time":1702.150151306,"data":"{\"op\": \"unfold\", \"dtype\": \"int64\", \"samples\": 3, \"diffs\": [], \"errors\": [], \"verdict\": \"ok\"}\n"}
,{"stream_name":"stdout","time":1702.150155015,"data":"{\"op\": \"unfold\", \"dtype\": \"bool\", \"samples\": 3, \"diffs\": [], \"errors\": [], \"verdict\": \"ok\"}\n"}
,{"stream_name":"stdout","time":1702.150159486,"data":"{\"op\": \"unfold_copy\", \"dtype\": \"float32\", \"samples\": 3, \"diffs\": [], \"errors\": [], \"verdict\": \"ok\"}\n"}
,{"stream_name":"stdout","time":1702.150163526,"data":"{\"op\": \"unfold_copy\", \"dtype\": \"int64\", \"samples\": 3, \"diffs\": [], \"errors\": [], \"verdict\": \"ok\"}\n"}
,{"stream_name":"stdout","time":1702.150168915,"data":"{\"op\": \"unfold_copy\", \"dtype\": \"bool\", \"samples\": 3, \"diffs\": [], \"errors\": [], \"verdict\": \"ok\"}\n"}
,{"stream_name":"stdout","time":1702.150173406,"data":"{\"op\": \"movedim\", \"dtype\": \"float32\", \"samples\": 2, \"diffs\": [], \"errors\": [], \"verdict\": \"ok\"}\n"}
,{"stream_name":"stdout","time":1702.150180535,"data":"{\"op\": \"movedim\", \"dtype\": \"int64\", \"samples\": 2, \"diffs\": [], \"errors\": [], \"verdict\": \"ok\"}\n"}
,{"stream_name":"stdout","time":1702.150184075,"data":"{\"op\": \"movedim\", \"dtype\": \"bool\", \"samples\": 2, \"diffs\": [], \"errors\": [], \"verdict\": \"ok\"}\n"}
,{"stream_name":"stdout","time":1702.150187455,"data":"{\"op\": \"renorm\", \"dtype\": \"float32\", \"samples\": 3, \"diffs\": [], \"errors\": [], \"verdict\": \"ok\"}\n"}
,{"stream_name":"stdout","time":1702.150191026,"data":"{\"op\": \"repeat\", \"dtype\": \"float32\", \"samples\": 3, \"diffs\": [], \"errors\": [], \"verdict\": \"ok\"}\n"}
,{"stream_name":"stdout","time":1702.150194355,"data":"{\"op\": \"repeat\", \"dtype\": \"int64\", \"samples\": 3, \"diffs\": [], \"errors\": [], \"verdict\": \"ok\"}\n"}
,{"stream_name":"stdout","time":1702.150197795,"data":"{\"op\": \"repeat\", \"dtype\": \"bool\", \"samples\": 3, \"diffs\": [], \"errors\": [], \"verdict\": \"ok\"}\n"}
,{"stream_name":"stdout","time":1702.150201326,"data":"{\"op\": \"squeeze\", \"dtype\": \"float32\", \"samples\": 3, \"diffs\": [], \"errors\": [], \"verdict\": \"ok\"}\n"}
,{"stream_name":"stdout","time":1702.150204806,"data":"{\"op\": \"squeeze\", \"dtype\": \"int64\", \"samples\": 3, \"diffs\": [], \"errors\": [], \"verdict\": \"ok\"}\n"}
,{"stream_name":"stdout","time":1702.150208326,"data":"{\"op\": \"squeeze\", \"dtype\": \"bool\", \"samples\": 3, \"diffs\": [], \"errors\": [], \"verdict\": \"ok\"}\n"}
,{"stream_name":"stdout","time":1702.150211855,"data":"{\"op\": \"squeeze\", \"dtype\": \"float32\", \"samples\": 3, \"diffs\": [], \"errors\": [], \"verdict\": \"ok\"}\n"}
,{"stream_name":"stdout","time":1702.150215395,"data":"{\"op\": \"squeeze\", \"dtype\": \"int64\", \"samples\": 3, \"diffs\": [], \"errors\": [], \"verdict\": \"ok\"}\n"}
,{"stream_name":"stdout","time":1702.150218806,"data":"{\"op\": \"squeeze\", \"dtype\": \"bool\", \"samples\": 3, \"diffs\": [], \"errors\": [], \"verdict\": \"ok\"}\n"}
,{"stream_name":"stdout","time":1702.150222326,"data":"{\"op\": \"squeeze_copy\", \"dtype\": \"float32\", \"samples\": 3, \"diffs\": [], \"errors\": [], \"verdict\": \"ok\"}\n"}
,{"stream_name":"stdout","time":1702.150225775,"data":"{\"op\": \"squeeze_copy\", \"dtype\": \"int64\", \"samples\": 3, \"diffs\": [], \"errors\": [], \"verdict\": \"ok\"}\n"}
,{"stream_name":"stdout","time":1702.150233406,"data":"{\"op\": \"squeeze_copy\", \"dtype\": \"bool\", \"samples\": 3, \"diffs\": [], \"errors\": [], \"verdict\": \"ok\"}\n"}
,{"stream_name":"stdout","time":1702.150237086,"data":"{\"op\": \"fill\", \"dtype\": \"float32\", \"samples\": 3, \"diffs\": [], \"errors\": [], \"verdict\": \"ok\"}\n"}
,{"stream_name":"stdout","time":1702.150240675,"data":"{\"op\": \"fill\", \"dtype\": \"int64\", \"samples\": 3, \"diffs\": [], \"errors\": [], \"verdict\": \"ok\"}\n"}
,{"stream_name":"stdout","time":1702.150244035,"data":"{\"op\": \"fill\", \"dtype\": \"bool\", \"samples\": 3, \"diffs\": [], \"errors\": [], \"verdict\": \"ok\"}\n"}
,{"stream_name":"stdout","time":1702.150247446,"data":"{\"op\": \"take_along_dim\", \"dtype\": \"float32\", \"samples\": 3, \"diffs\": [], \"errors\": [], \"verdict\": \"ok\"}\n"}
,{"stream_name":"stdout","time":1702.150251426,"data":"{\"op\": \"take_along_dim\", \"dtype\": \"int64\", \"samples\": 3, \"diffs\": [], \"errors\": [], \"verdict\": \"ok\"}\n"}
,{"stream_name":"stdout","time":1702.150254926,"data":"{\"op\": \"take_along_dim\", \"dtype\": \"bool\", \"samples\": 3, \"diffs\": [], \"errors\": [], \"verdict\": \"ok\"}\n"}
,{"stream_name":"stdout","time":1702.150258415,"data":"{\"op\": \"tile\", \"dtype\": \"float32\", \"samples\": 3, \"diffs\": [], \"errors\": [], \"verdict\": \"ok\"}\n"}
,{"stream_name":"stdout","time":1702.150264595,"data":"{\"op\": \"tile\", \"dtype\": \"int64\", \"samples\": 3, \"diffs\": [], \"errors\": [], \"verdict\": \"ok\"}\n"}
,{"stream_name":"stdout","time":1702.150268115,"data":"{\"op\": \"tile\", \"dtype\": \"bool\", \"samples\": 3, \"diffs\": [], \"errors\": [], \"verdict\": \"ok\"}\n"}
,{"stream_name":"stdout","time":1702.150271655,"data":"{\"op\": \"trapz\", \"dtype\": \"float32\", \"samples\": 3, \"diffs\": [], \"errors\": [], \"verdict\": \"ok\"}\n"}
,{"stream_name":"stdout","time":1702.150275286,"data":"{\"op\": \"trapz\", \"dtype\": \"int64\", \"samples\": 3, \"diffs\": [], \"errors\": [], \"verdict\": \"ok\"}\n"}
,{"stream_name":"stdout","time":1702.150278715,"data":"{\"op\": \"trapezoid\", \"dtype\": \"float32\", \"samples\": 3, \"diffs\": [], \"errors\": [], \"verdict\": \"ok\"}\n"}
,{"stream_name":"stdout","time":1702.150282155,"data":"{\"op\": \"trapezoid\", \"dtype\": \"int64\", \"samples\": 3, \"diffs\": [], \"errors\": [], \"verdict\": \"ok\"}\n"}
,{"stream_name":"stdout","time":1702.150285555,"data":"{\"op\": \"cumulative_trapezoid\", \"dtype\": \"float32\", \"samples\": 3, \"diffs\": [], \"errors\": [], \"verdict\": \"ok\"}\n"}
,{"stream_name":"stdout","time":1702.150289135,"data":"{\"op\": \"cumulative_trapezoid\", \"dtype\": \"int64\", \"samples\": 3, \"diffs\": [], \"errors\": [], \"verdict\": \"ok\"}\n"}
,{"stream_name":"stdout","time":1702.150292666,"data":"{\"op\": \"unsqueeze\", \"dtype\": \"float32\", \"samples\": 3, \"diffs\": [], \"errors\": [], \"verdict\": \"ok\"}\n"}
,{"stream_name":"stdout","time":1702.150296246,"data":"{\"op\": \"unsqueeze\", \"dtype\": \"int64\", \"samples\": 3, \"diffs\": [], \"errors\": [], \"verdict\": \"ok\"}\n"}
,{"stream_name":"stdout","time":1702.150300095,"data":"{\"op\": \"unsqueeze\", \"dtype\": \"bool\", \"samples\": 3, \"diffs\": [], \"errors\": [], \"verdict\": \"ok\"}\n"}
,{"stream_name":"stdout","time":1702.150305146,"data":"{\"op\": \"unsqueeze_copy\", \"dtype\": \"float32\", \"samples\": 3, \"diffs\": [], \"errors\": [], \"verdict\": \"ok\"}\n"}
,{"stream_name":"stdout","time":1702.150308515,"data":"{\"op\": \"unsqueeze_copy\", \"dtype\": \"int64\", \"samples\": 3, \"diffs\": [], \"errors\": [], \"verdict\": \"ok\"}\n"}
,{"stream_name":"stdout","time":1702.150311926,"data":"{\"op\": \"unsqueeze_copy\", \"dtype\": \"bool\", \"samples\": 3, \"diffs\": [], \"errors\": [], \"verdict\": \"ok\"}\n"}
,{"stream_name":"stdout","time":1702.150318966,"data":"{\"op\": \"xlogy\", \"dtype\": \"float32\", \"samples\": 3, \"diffs\": [], \"errors\": [], \"verdict\": \"ok\"}\n"}
,{"stream_name":"stdout","time":1702.150322415,"data":"{\"op\": \"xlogy\", \"dtype\": \"int64\", \"samples\": 3, \"diffs\": [], \"errors\": [], \"verdict\": \"ok\"}\n"}
,{"stream_name":"stdout","time":1702.150325815,"data":"{\"op\": \"xlogy\", \"dtype\": \"bool\", \"samples\": 3, \"diffs\": [], \"errors\": [], \"verdict\": \"ok\"}\n"}
,{"stream_name":"stdout","time":1702.150329315,"data":"{\"op\": \"zero_\", \"dtype\": \"float32\", \"samples\": 3, \"diffs\": [], \"errors\": [], \"verdict\": \"ok\"}\n"}
,{"stream_name":"stdout","time":1702.150333035,"data":"{\"op\": \"zero_\", \"dtype\": \"int64\", \"samples\": 3, \"diffs\": [], \"errors\": [], \"verdict\": \"ok\"}\n"}
,{"stream_name":"stdout","time":1702.150336486,"data":"{\"op\": \"zero_\", \"dtype\": \"bool\", \"samples\": 3, \"diffs\": [], \"errors\": [], \"verdict\": \"ok\"}\n"}
,{"stream_name":"stdout","time":1702.150339975,"data":"{\"op\": \"logsumexp\", \"dtype\": \"float32\", \"samples\": 3, \"diffs\": [], \"errors\": [], \"verdict\": \"ok\"}\n"}
,{"stream_name":"stdout","time":1702.150345995,"data":"{\"op\": \"logsumexp\", \"dtype\": \"int64\", \"samples\": 3, \"diffs\": [], \"errors\": [], \"verdict\": \"ok\"}\n"}
,{"stream_name":"stdout","time":1702.150349435,"data":"{\"op\": \"logsumexp\", \"dtype\": \"bool\", \"samples\": 3, \"diffs\": [], \"errors\": [], \"verdict\": \"ok\"}\n"}
,{"stream_name":"stdout","time":1702.150352886,"data":"{\"op\": \"trace\", \"dtype\": \"float32\", \"samples\": 3, \"diffs\": [], \"errors\": [], \"verdict\": \"ok\"}\n"}
,{"stream_name":"stdout","time":1702.150374506,"data":"{\"op\": \"trace\", \"dtype\": \"int64\", \"samples\": 3, \"diffs\": [], \"errors\": [], \"verdict\": \"ok\"}\n"}
,{"stream_name":"stdout","time":1702.150382915,"data":"{\"op\": \"transpose\", \"dtype\": \"float32\", \"samples\": 3, \"diffs\": [], \"errors\": [], \"verdict\": \"ok\"}\n"}
,{"stream_name":"stdout","time":1702.150386686,"data":"{\"op\": \"transpose\", \"dtype\": \"int64\", \"samples\": 3, \"diffs\": [], \"errors\": [], \"verdict\": \"ok\"}\n"}
,{"stream_name":"stdout","time":1702.150390115,"data":"{\"op\": \"transpose\", \"dtype\": \"bool\", \"samples\": 3, \"diffs\": [], \"errors\": [], \"verdict\": \"ok\"}\n"}
,{"stream_name":"stdout","time":1702.150393626,"data":"{\"op\": \"transpose_copy\", \"dtype\": \"float32\", \"samples\": 3, \"diffs\": [], \"errors\": [], \"verdict\": \"ok\"}\n"}
,{"stream_name":"stdout","time":1702.150397046,"data":"{\"op\": \"transpose_copy\", \"dtype\": \"int64\", \"samples\": 3, \"diffs\": [], \"errors\": [], \"verdict\": \"ok\"}\n"}
,{"stream_name":"stdout","time":1702.150400586,"data":"{\"op\": \"transpose_copy\", \"dtype\": \"bool\", \"samples\": 3, \"diffs\": [], \"errors\": [], \"verdict\": \"ok\"}\n"}
,{"stream_name":"stdout","time":1702.150403986,"data":"{\"op\": \"T\", \"dtype\": \"float32\", \"samples\": 2, \"diffs\": [], \"errors\": [], \"verdict\": \"ok\"}\n"}
,{"stream_name":"stdout","time":1702.150407356,"data":"{\"op\": \"T\", \"dtype\": \"int64\", \"samples\": 2, \"diffs\": [], \"errors\": [], \"verdict\": \"ok\"}\n"}
,{"stream_name":"stdout","time":1702.150410816,"data":"{\"op\": \"T\", \"dtype\": \"bool\", \"samples\": 2, \"diffs\": [], \"errors\": [], \"verdict\": \"ok\"}\n"}
,{"stream_name":"stdout","time":1702.150414206,"data":"{\"op\": \"H\", \"dtype\": \"float32\", \"samples\": 2, \"diffs\": [], \"errors\": [], \"verdict\": \"ok\"}\n"}
,{"stream_name":"stdout","time":1702.150417636,"data":"{\"op\": \"H\", \"dtype\": \"int64\", \"samples\": 2, \"diffs\": [], \"errors\": [], \"verdict\": \"ok\"}\n"}
,{"stream_name":"stdout","time":1702.150421036,"data":"{\"op\": \"H\", \"dtype\": \"bool\", \"samples\": 2, \"diffs\": [], \"errors\": [], \"verdict\": \"ok\"}\n"}
,{"stream_name":"stdout","time":1702.150431276,"data":"{\"op\": \"mT\", \"dtype\": \"float32\", \"samples\": 3, \"diffs\": [], \"errors\": [], \"verdict\": \"ok\"}\n"}
,{"stream_name":"stdout","time":1702.150435106,"data":"{\"op\": \"mT\", \"dtype\": \"int64\", \"samples\": 3, \"diffs\": [], \"errors\": [], \"verdict\": \"ok\"}\n"}
,{"stream_name":"stdout","time":1702.150438676,"data":"{\"op\": \"mT\", \"dtype\": \"bool\", \"samples\": 3, \"diffs\": [], \"errors\": [], \"verdict\": \"ok\"}\n"}
,{"stream_name":"stdout","time":1702.150442536,"data":"{\"op\": \"mH\", \"dtype\": \"float32\", \"samples\": 3, \"diffs\": [], \"errors\": [], \"verdict\": \"ok\"}\n"}
,{"stream_name":"stdout","time":1702.150445946,"data":"{\"op\": \"mH\", \"dtype\": \"int64\", \"samples\": 3, \"diffs\": [], \"errors\": [], \"verdict\": \"ok\"}\n"}
,{"stream_name":"stdout","time":1702.150452036,"data":"{\"op\": \"mH\", \"dtype\": \"bool\", \"samples\": 3, \"diffs\": [], \"errors\": [], \"verdict\": \"ok\"}\n"}
,{"stream_name":"stdout","time":1702.150455436,"data":"{\"op\": \"tril\", \"dtype\": \"float32\", \"samples\": 3, \"diffs\": [], \"errors\": [], \"verdict\": \"ok\"}\n"}
,{"stream_name":"stdout","time":1702.150458906,"data":"{\"op\": \"tril\", \"dtype\": \"int64\", \"samples\": 3, \"diffs\": [], \"errors\": [], \"verdict\": \"ok\"}\n"}
,{"stream_name":"stdout","time":1702.150462246,"data":"{\"op\": \"tril\", \"dtype\": \"bool\", \"samples\": 3, \"diffs\": [], \"errors\": [], \"verdict\": \"ok\"}\n"}
,{"stream_name":"stdout","time":1702.150465706,"data":"{\"op\": \"triu\", \"dtype\": \"float32\", \"samples\": 3, \"diffs\": [], \"errors\": [], \"verdict\": \"ok\"}\n"}
,{"stream_name":"stdout","time":1702.150468956,"data":"{\"op\": \"triu\", \"dtype\": \"int64\", \"samples\": 3, \"diffs\": [], \"errors\": [], \"verdict\": \"ok\"}\n"}
,{"stream_name":"stdout","time":1702.150472436,"data":"{\"op\": \"triu\", \"dtype\": \"bool\", \"samples\": 3, \"diffs\": [], \"errors\": [], \"verdict\": \"ok\"}\n"}
,{"stream_name":"stdout","time":1702.150475926,"data":"{\"op\": \"triu_indices\", \"dtype\": \"int64\", \"samples\": 3, \"diffs\": [], \"errors\": [], \"verdict\": \"ok\"}\n"}
,{"stream_name":"stdout","time":1702.150479416,"data":"{\"op\": \"tril_indices\", \"dtype\": \"int64\", \"samples\": 3, \"diffs\": [], \"errors\": [], \"verdict\": \"ok\"}\n"}
,{"stream_name":"stdout","time":1702.150482846,"data":"{\"op\": \"kron\", \"dtype\": \"float32\", \"samples\": 1, \"diffs\": [], \"errors\": [], \"verdict\": \"ok\"}\n"}
,{"stream_name":"stdout","time":1702.150486166,"data":"{\"op\": \"kron\", \"dtype\": \"int64\", \"samples\": 1, \"diffs\": [], \"errors\": [], \"verdict\": \"ok\"}\n"}
,{"stream_name":"stdout","time":1702.150489486,"data":"{\"op\": \"kron\", \"dtype\": \"bool\", \"samples\": 1, \"diffs\": [], \"errors\": [], \"verdict\": \"ok\"}\n"}
,{"stream_name":"stdout","time":1702.150492846,"data":"{\"op\": \"inner\", \"dtype\": \"float32\", \"samples\": 2, \"diffs\": [], \"errors\": [], \"verdict\": \"ok\"}\n"}
,{"stream_name":"stdout","time":1702.150496266,"data":"{\"op\": \"inner\", \"dtype\": \"int64\", \"samples\": 2, \"diffs\": [], \"errors\": [], \"verdict\": \"ok\"}\n"}
,{"stream_name":"stdout","time":1702.150499746,"data":"{\"op\": \"tensordot\", \"dtype\": \"float32\", \"samples\": 3, \"diffs\": [], \"errors\": [], \"verdict\": \"ok\"}\n"}
,{"stream_name":"stdout","time":1702.150503046,"data":"{\"op\": \"tensordot\", \"dtype\": \"int64\", \"samples\": 3, \"diffs\": [], \"errors\": [], \"verdict\": \"ok\"}\n"}
,{"stream_name":"stdout","time":1702.150506646,"data":"{\"op\": \"to_sparse\", \"dtype\": \"float32\", \"verdict\": \"TOOL_ERROR\", \"diffs\": [], \"errors\": [\"aten/src/ATen/functorch/DynamicLayer.cpp:475 [backend fallback]\\nPreDispatch: registered at /__w/pytorch/pytorch/aten/src/ATen/core/PythonFallbackKernel.cpp:204 [backend fallback]\\nPythonDispatcher: registered at /__w/pytorch/pytorch/aten/src/ATen/core/PythonFallbackKernel.cpp:196 [backend fallback]\\n\\n\"]}\n"}
,{"stream_name":"stdout","time":1702.150515386,"data":"{\"op\": \"to_sparse\", \"dtype\": \"int64\", \"verdict\": \"TOOL_ERROR\", \"diffs\": [], \"errors\": [\"aten/src/ATen/functorch/DynamicLayer.cpp:475 [backend fallback]\\nPreDispatch: registered at /__w/pytorch/pytorch/aten/src/ATen/core/PythonFallbackKernel.cpp:204 [backend fallback]\\nPythonDispatcher: registered at /__w/pytorch/pytorch/aten/src/ATen/core/PythonFallbackKernel.cpp:196 [backend fallback]\\n\\n\"]}\n"}
,{"stream_name":"stdout","time":1702.150520046,"data":"{\"op\": \"to_sparse\", \"dtype\": \"bool\", \"verdict\": \"TOOL_ERROR\", \"diffs\": [], \"errors\": [\"aten/src/ATen/functorch/DynamicLayer.cpp:475 [backend fallback]\\nPreDispatch: registered at /__w/pytorch/pytorch/aten/src/ATen/core/PythonFallbackKernel.cpp:204 [backend fallback]\\nPythonDispatcher: registered at /__w/pytorch/pytorch/aten/src/ATen/core/PythonFallbackKernel.cpp:196 [backend fallback]\\n\\n\"]}\n"}
,{"stream_name":"stdout","time":1702.150524346,"data":"{\"op\": \"logcumsumexp\", \"dtype\": \"float32\", \"samples\": 3, \"diffs\": [], \"errors\": [], \"verdict\": \"ok\"}\n"}
,{"stream_name":"stdout","time":1702.150527856,"data":"{\"op\": \"sigmoid\", \"dtype\": \"float32\", \"samples\": 3, \"diffs\": [], \"errors\": [], \"verdict\": \"ok\"}\n"}
,{"stream_name":"stdout","time":1702.150531116,"data":"{\"op\": \"sigmoid\", \"dtype\": \"int64\", \"samples\": 3, \"diffs\": [], \"errors\": [], \"verdict\": \"ok\"}\n"}
,{"stream_name":"stdout","time":1702.150537046,"data":"{\"op\": \"sigmoid\", \"dtype\": \"bool\", \"samples\": 3, \"diffs\": [], \"errors\": [], \"verdict\": \"ok\"}\n"}
,{"stream_name":"stdout","time":1702.150540736,"data":"{\"op\": \"digamma\", \"dtype\": \"float32\", \"samples\": 3, \"diffs\": [], \"errors\": [], \"verdict\": \"ok\"}\n"}
,{"stream_name":"stdout","time":1702.150544336,"data":"{\"op\": \"digamma\", \"dtype\": \"int64\", \"samples\": 3, \"diffs\": [], \"errors\": [], \"verdict\": \"ok\"}\n"}
,{"stream_name":"stdout","time":1702.150547726,"data":"{\"op\": \"digamma\", \"dtype\": \"bool\", \"samples\": 3, \"diffs\": [], \"errors\": [], \"verdict\": \"ok\"}\n"}
,{"stream_name":"stdout","time":1702.150551146,"data":"{\"op\": \"erf\", \"dtype\": \"float32\", \"samples\": 1, \"diffs\": [], \"errors\": [], \"verdict\": \"ok\"}\n"}
,{"stream_name":"stdout","time":1702.150554536,"data":"{\"op\": \"erf\", \"dtype\": \"int64\", \"samples\": 1, \"diffs\": [], \"errors\": [], \"verdict\": \"ok\"}\n"}
,{"stream_name":"stdout","time":1702.150557896,"data":"{\"op\": \"erf\", \"dtype\": \"bool\", \"samples\": 1, \"diffs\": [], \"errors\": [], \"verdict\": \"ok\"}\n"}
,{"stream_name":"stdout","time":1702.150561216,"data":"{\"op\": \"erfc\", \"dtype\": \"float32\", \"samples\": 3, \"diffs\": [], \"errors\": [], \"verdict\": \"ok\"}\n"}
,{"stream_name":"stdout","time":1702.150564646,"data":"{\"op\": \"erfc\", \"dtype\": \"int64\", \"samples\": 3, \"diffs\": [], \"errors\": [], \"verdict\": \"ok\"}\n"}
,{"stream_name":"stdout","time":1702.150567926,"data":"{\"op\": \"erfc\", \"dtype\": \"bool\", \"samples\": 3, \"diffs\": [], \"errors\": [], \"verdict\": \"ok\"}\n"}
,{"stream_name":"stdout","time":1702.150571566,"data":"{\"op\": \"erfinv\", \"dtype\": \"float32\", \"samples\": 1, \"diffs\": [], \"errors\": [], \"verdict\": \"ok\"}\n"}
,{"stream_name":"stdout","time":1702.150575576,"data":"{\"op\": \"erfinv\", \"dtype\": \"int64\", \"samples\": 1, \"diffs\": [], \"errors\": [], \"verdict\": \"ok\"}\n"}
,{"stream_name":"stdout","time":1702.150579066,"data":"{\"op\": \"erfinv\", \"dtype\": \"bool\", \"samples\": 1, \"diffs\": [], \"errors\": [], \"verdict\": \"ok\"}\n"}
,{"stream_name":"stdout","time":1702.150586066,"data":"{\"op\": \"nn.functional.smooth_l1_loss\", \"dtype\": \"float32\", \"samples\": 3, \"diffs\": [], \"errors\": [], \"verdict\": \"ok\"}\n"}
,{"stream_name":"stdout","time":1702.150589866,"data":"{\"op\": \"nn.functional.l1_loss\", \"dtype\": \"float32\", \"samples\": 3, \"diffs\": [], \"errors\": [], \"verdict\": \"ok\"}\n"}
,{"stream_name":"stdout","time":1702.150593396,"data":"{\"op\": \"lgamma\", \"dtype\": \"float32\", \"samples\": 3, \"diffs\": [], \"errors\": [], \"verdict\": \"ok\"}\n"}
,{"stream_name":"stdout","time":1702.150596716,"data":"{\"op\": \"lgamma\", \"dtype\": \"int64\", \"samples\": 3, \"diffs\": [], \"errors\": [], \"verdict\": \"ok\"}\n"}
,{"stream_name":"stdout","time":1702.150600066,"data":"{\"op\": \"lgamma\", \"dtype\": \"bool\", \"samples\": 3, \"diffs\": [], \"errors\": [], \"verdict\": \"ok\"}\n"}
,{"stream_name":"stdout","time":1702.150603496,"data":"{\"op\": \"log_softmax\", \"dtype\": \"float32\", \"samples\": 3, \"diffs\": [], \"errors\": [], \"verdict\": \"ok\"}\n"}
,{"stream_name":"stdout","time":1702.150607116,"data":"{\"op\": \"log_softmax\", \"dtype\": \"float32\", \"samples\": 3, \"diffs\": [], \"errors\": [], \"verdict\": \"ok\"}\n"}
,{"stream_name":"stdout","time":1702.150610616,"data":"{\"op\": \"log_softmax\", \"dtype\": \"int64\", \"samples\": 3, \"diffs\": [], \"errors\": [], \"verdict\": \"ok\"}\n"}
,{"stream_name":"stdout","time":1702.150616936,"data":"{\"op\": \"log_softmax\", \"dtype\": \"bool\", \"samples\": 3, \"diffs\": [], \"errors\": [], \"verdict\": \"ok\"}\n"}
,{"stream_name":"stdout","time":1702.150620376,"data":"{\"op\": \"logit\", \"dtype\": \"float32\", \"samples\": 3, \"diffs\": [], \"errors\": [], \"verdict\": \"ok\"}\n"}
,{"stream_name":"stdout","time":1702.150623766,"data":"{\"op\": \"logit\", \"dtype\": \"int64\", \"samples\": 3, \"diffs\": [], \"errors\": [], \"verdict\": \"ok\"}\n"}
,{"stream_name":"stdout","time":1702.150627106,"data":"{\"op\": \"logit\", \"dtype\": \"bool\", \"samples\": 3, \"diffs\": [], \"errors\": [], \"verdict\": \"ok\"}\n"}
,{"stream_name":"stdout","time":1702.150630426,"data":"{\"op\": \"where\", \"dtype\": \"float32\", \"samples\": 3, \"diffs\": [], \"errors\": [], \"verdict\": \"ok\"}\n"}
,{"stream_name":"stdout","time":1702.150634006,"data":"{\"op\": \"where\", \"dtype\": \"int64\", \"samples\": 3, \"diffs\": [], \"errors\": [], \"verdict\": \"ok\"}\n"}
,{"stream_name":"stdout","time":1702.150637506,"data":"{\"op\": \"where\", \"dtype\": \"bool\", \"samples\": 3, \"diffs\": [], \"errors\": [], \"verdict\": \"ok\"}\n"}
,{"stream_name":"stdout","time":1702.150640836,"data":"{\"op\": \"jiterator_unary\", \"dtype\": \"float32\", \"samples\": 3, \"diffs\": [], \"errors\": [], \"verdict\": \"ok\"}\n"}
,{"stream_name":"stdout","time":1702.150644245,"data":"{\"op\": \"jiterator_unary\", \"dtype\": \"int64\", \"samples\": 3, \"diffs\": [], \"errors\": [], \"verdict\": \"ok\"}\n"}
,{"stream_name":"stdout","time":1702.150647696,"data":"{\"op\": \"jiterator_unary\", \"dtype\": \"bool\", \"samples\": 3, \"diffs\": [], \"errors\": [], \"verdict\": \"ok\"}\n"}
,{"stream_name":"stdout","time":1702.150651125,"data":"{\"op\": \"jiterator_binary\", \"dtype\": \"float32\", \"samples\": 3, \"diffs\": [], \"errors\": [], \"verdict\": \"ok\"}\n"}
,{"stream_name":"stdout","time":1702.150654925,"data":"{\"op\": \"jiterator_binary\", \"dtype\": \"int64\", \"samples\": 3, \"diffs\": [], \"errors\": [], \"verdict\": \"ok\"}\n"}
,{"stream_name":"stdout","time":1702.150658276,"data":"{\"op\": \"jiterator_binary\", \"dtype\": \"bool\", \"samples\": 3, \"diffs\": [], \"errors\": [], \"verdict\": \"ok\"}\n"}
,{"stream_name":"stdout","time":1702.150661856,"data":"{\"op\": \"jiterator_4inputs_with_extra_args\", \"dtype\": \"float32\", \"samples\": 3, \"diffs\": [], \"errors\": [], \"verdict\": \"ok\"}\n"}
,{"stream_name":"stdout","time":1702.150668936,"data":"{\"op\": \"jiterator_4inputs_with_extra_args\", \"dtype\": \"int64\", \"samples\": 3, \"diffs\": [], \"errors\": [], \"verdict\": \"ok\"}\n"}
,{"stream_name":"stdout","time":1702.150672616,"data":"{\"op\": \"jiterator_4inputs_with_extra_args\", \"dtype\": \"bool\", \"samples\": 3, \"diffs\": [], \"errors\": [], \"verdict\": \"ok\"}\n"}
,{"stream_name":"stdout","time":1702.150676196,"data":"{\"op\": \"jiterator_binary_return_by_ref\", \"dtype\": \"float32\", \"samples\": 3, \"diffs\": [], \"errors\": [], \"verdict\": \"ok\"}\n"}
,{"stream_name":"stdout","time":1702.150679805,"data":"{\"op\": \"jiterator_binary_return_by_ref\", \"dtype\": \"int64\", \"samples\": 3, \"diffs\": [], \"errors\": [], \"verdict\": \"ok\"}\n"}
,{"stream_name":"stdout","time":1702.150683245,"data":"{\"op\": \"jiterator_binary_return_by_ref\", \"dtype\": \"bool\", \"samples\": 3, \"diffs\": [], \"errors\": [], \"verdict\": \"ok\"}\n"}
,{"stream_name":"stdout","time":1702.150686876,"data":"{\"op\": \"jiterator_2inputs_2outputs\", \"dtype\": \"float32\", \"samples\": 3, \"diffs\": [], \"errors\": [], \"verdict\": \"ok\"}\n"}
,{"stream_name":"stdout","time":1702.150690376,"data":"{\"op\": \"jiterator_2inputs_2outputs\", \"dtype\": \"int64\", \"samples\": 3, \"diffs\": [], \"errors\": [], \"verdict\": \"ok\"}\n"}
,{"stream_name":"stdout","time":1702.150696285,"data":"{\"op\": \"jiterator_2inputs_2outputs\", \"dtype\": \"bool\", \"samples\": 3, \"diffs\": [], \"errors\": [], \"verdict\": \"ok\"}\n"}
,{"stream_name":"stdout","time":1702.150699865,"data":"{\"op\": \"norm\", \"dtype\": \"float32\", \"samples\": 3, \"diffs\": [], \"errors\": [], \"verdict\": \"ok\"}\n"}
,{"stream_name":"stdout","time":1702.150703356,"data":"{\"op\": \"norm\", \"dtype\": \"float32\", \"samples\": 2, \"diffs\": [], \"errors\": [], \"verdict\": \"ok\"}\n"}
,{"stream_name":"stdout","time":1702.150707116,"data":"{\"op\": \"norm\", \"dtype\": \"float32\", \"samples\": 3, \"diffs\": [], \"errors\": [], \"verdict\": \"ok\"}\n"}
,{"stream_name":"stdout","time":1702.150710556,"data":"{\"op\": \"norm\", \"dtype\": \"float32\", \"samples\": 3, \"diffs\": [], \"errors\": [], \"verdict\": \"ok\"}\n"}
,{"stream_name":"stdout","time":1702.150714165,"data":"{\"op\": \"t\", \"dtype\": \"float32\", \"samples\": 3, \"diffs\": [], \"errors\": [], \"verdict\": \"ok\"}\n"}
,{"stream_name":"stdout","time":1702.150717636,"data":"{\"op\": \"t\", \"dtype\": \"int64\", \"samples\": 3, \"diffs\": [], \"errors\": [], \"verdict\": \"ok\"}\n"}
,{"stream_name":"stdout","time":1702.150721036,"data":"{\"op\": \"t\", \"dtype\": \"bool\", \"samples\": 3, \"diffs\": [], \"errors\": [], \"verdict\": \"ok\"}\n"}
,{"stream_name":"stdout","time":1702.150724545,"data":"{\"op\": \"t_copy\", \"dtype\": \"float32\", \"samples\": 3, \"diffs\": [], \"errors\": [], \"verdict\": \"ok\"}\n"}
,{"stream_name":"stdout","time":1702.150728236,"data":"{\"op\": \"t_copy\", \"dtype\": \"int64\", \"samples\": 3, \"diffs\": [], \"errors\": [], \"verdict\": \"ok\"}\n"}
,{"stream_name":"stdout","time":1702.150731836,"data":"{\"op\": \"t_copy\", \"dtype\": \"bool\", \"samples\": 3, \"diffs\": [], \"errors\": [], \"verdict\": \"ok\"}\n"}
,{"stream_name":"stdout","time":1702.150735276,"data":"{\"op\": \"nn.functional.one_hot\", \"dtype\": \"int64\", \"samples\": 3, \"diffs\": [], \"errors\": [], \"verdict\": \"ok\"}\n"}
,{"stream_name":"stdout","time":1702.150738616,"data":"{\"op\": \"nn.functional.embedding\", \"dtype\": \"float32\", \"samples\": 3, \"diffs\": [], \"errors\": [], \"verdict\": \"ok\"}\n"}
,{"stream_name":"stdout","time":1702.150742156,"data":"{\"op\": \"nn.functional.multi_head_attention_forward\", \"dtype\": \"float32\", \"samples\": 3, \"diffs\": [], \"errors\": [], \"verdict\": \"ok\"}\n"}
,{"stream_name":"stdout","time":1702.150749796,"data":"{\"op\": \"nn.functional.mse_loss\", \"dtype\": \"float32\", \"samples\": 3, \"diffs\": [], \"errors\": [], \"verdict\": \"ok\"}\n"}
,{"stream_name":"stdout","time":1702.150754296,"data":"{\"op\": \"grid_sampler_2d\", \"dtype\": \"float32\", \"samples\": 3, \"diffs\": [{\"i\": 0, \"class\": \"VALUE\", \"detail\": \"nan pattern at [0, 0, 0, 4]: eager nan compiled 0.0\", \"repr\": \"SampleInput(input=tensor([[[[-1.8841e+00, -3.9241e-01, -9.6062e-01, -5.3343e-01, -1.7668e+00,\\n            8.0258e-01, -1.7928e+00, -1.2744e-01,  6.9522e-01, -6.7415e-01,\\n            1.1348e+00,  2.5225e-01,  1.0994e+00,  1.2832e+00, -8.8289e-01,\\n            7.2684e-01, -8.6530e-01,  6.2692e-01, -1.0\"}, {\"i\": 1, \"class\": \"VALUE\", \"detail\": \"nan pattern at [0, 0, 0, 4]: eager nan compiled 0.0\", \"repr\": \"SampleInput(input=tensor([[[[-1.8841e+00, -3.9241e-01, -9.6062e-01, -5.3343e-01, -1.7668e+00,\\n            8.0258e-01, -1.7928e+00, -1.2744e-01,  6.9522e-01, -6.7415e-01,\\n            1.1348e+00,  2.5225e-01,  1.0994e+00,  1.2832e+00, -8.8289e-01,\\n            7.2684e-01, -8.6530e-01,  6.2692e-01, -1.0\"}, {\"i\": 2, \"class\": \"VALUE\", \"detail\": \"nan pattern at [1, 1, 0, 0]: eager 1.0000000150474662e+30 compiled nan\", \"repr\": \"SampleInput(input=tensor([[[[-1.8841e+00, -3.9241e-01, -9.6062e-01, -5.3343e-01, -1.7668e+00,\\n            8.0258e-01, -1.7928e+00, -1.2744e-01,  6.9522e-01, -6.7415e-01,\\n            1.1348e+00,  2.5225e-01,  1.0994e+00,  1.2832e+00, -8.8289e-01,\\n            7.2684e-01, -8.6530e-01,  6.2692e-01, -1.0\"}], \"errors\": [], \"verdict\": \"DIFF:VALUE\"}\n"}
,{"stream_name":"stdout","time":1702.150765516,"data":"{\"op\": \"grid_sampler_3d\", \"dtype\": \"float32\", \"samples\": 3, \"diffs\": [], \"errors\": [], \"verdict\": \"ok\"}\n"}
,{"stream_name":"stdout","time":1702.150769385,"data":"{\"op\": \"all\", \"dtype\": \"float32\", \"samples\": 3, \"diffs\": [], \"errors\": [], \"verdict\": \"ok\"}\n"}
,{"stream_name":"stdout","time":1702.150772785,"data":"{\"op\": \"all\", \"dtype\": \"int64\", \"samples\": 3, \"diffs\": [], \"errors\": [], \"verdict\": \"ok\"}\n"}
,{"stream_name":"stdout","time":1702.150776336,"data":"{\"op\": \"all\", \"dtype\": \"bool\", \"samples\": 3, \"diffs\": [], \"errors\": [], \"verdict\": \"ok\"}\n"}
,{"stream_name":"stdout","time":1702.150779905,"data":"{\"op\": \"any\", \"dtype\": \"float32\", \"samples\": 3, \"diffs\": [], \"errors\": [], \"verdict\": \"ok\"}\n"}
,{"stream_name":"stdout","time":1702.150786436,"data":"{\"op\": \"any\", \"dtype\": \"int64\", \"samples\": 3, \"diffs\": [], \"errors\": [], \"verdict\": \"ok\"}\n"}
,{"stream_name":"stdout","time":1702.150790025,"data":"{\"op\": \"any\", \"dtype\": \"bool\", \"samples\": 3, \"diffs\": [], \"errors\": [], \"verdict\": \"ok\"}\n"}
,{"stream_name":"stdout","time":1702.150793476,"data":"{\"op\": \"amax\", \"dtype\": \"float32\", \"samples\": 3, \"diffs\": [], \"errors\": [], \"verdict\": \"ok\"}\n"}
,{"stream_name":"stdout","time":1702.150797136,"data":"{\"op\": \"amax\", \"dtype\": \"int64\", \"samples\": 3, \"diffs\": [], \"errors\": [], \"verdict\": \"ok\"}\n"}
,{"stream_name":"stdout","time":1702.150800616,"data":"{\"op\": \"amax\", \"dtype\": \"bool\", \"samples\": 3, \"diffs\": [], \"errors\": [], \"verdict\": \"ok\"}\n"}
,{"stream_name":"stdout","time":1702.150804045,"data":"{\"op\": \"amin\", \"dtype\": \"float32\", \"samples\": 3, \"diffs\": [], \"errors\": [], \"verdict\": \"ok\"}\n"}
,{"stream_name":"stdout","time":1702.150807565,"data":"{\"op\": \"amin\", \"dtype\": \"int64\", \"samples\": 3, \"diffs\": [], \"errors\": [], \"verdict\": \"ok\"}\n"}
,{"stream_name":"stdout","time":1702.150810936,"data":"{\"op\": \"amin\", \"dtype\": \"bool\", \"samples\": 3, \"diffs\": [], \"errors\": [], \"verdict\": \"ok\"}\n"}
,{"stream_name":"stdout","time":1702.150818365,"data":"{\"op\": \"argmax\", \"dtype\": \"float32\", \"samples\": 3, \"diffs\": [], \"errors\": [], \"verdict\": \"ok\"}\n"}
,{"stream_name":"stdout","time":1702.150822056,"data":"{\"op\": \"argmax\", \"dtype\": \"int64\", \"samples\": 3, \"diffs\": [], \"errors\": [], \"verdict\": \"ok\"}\n"}
,{"stream_name":"stdout","time":1702.150846156,"data":"{\"op\": \"argmin\", \"dtype\": \"float32\", \"samples\": 3, \"diffs\": [], \"errors\": [], \"verdict\": \"ok\"}\n"}
,{"stream_name":"stdout","time":1702.150850105,"data":"{\"op\": \"argmin\", \"dtype\": \"int64\", \"samples\": 3, \"diffs\": [], \"errors\": [], \"verdict\": \"ok\"}\n"}
,{"stream_name":"stdout","time":1702.150854045,"data":"{\"op\": \"mean\", \"dtype\": \"float32\", \"samples\": 3, \"diffs\": [], \"errors\": [], \"verdict\": \"ok\"}\n"}
,{"stream_name":"stdout","time":1702.150858085,"data":"{\"op\": \"nanmean\", \"dtype\": \"float32\", \"samples\": 3, \"diffs\": [], \"errors\": [], \"verdict\": \"ok\"}\n"}
,{"stream_name":"stdout","time":1702.150862616,"data":"{\"op\": \"std\", \"dtype\": \"float32\", \"samples\": 3, \"diffs\": [{\"i\": 1, \"class\": \"VALUE\", \"detail\": \"inf at [0, 1]: eager 1.5217888883258408e+38 compiled inf\", \"repr\": \"SampleInput(input=tensor([[[-8.4784, -1.7658, -4.3228, -2.4005, -7.9506],\\n         [ 3.6116, -8.0676, -0.5735,  3.1285, -3.0337],\\n         [ 5.1067,  1.1351,  4.9473,  5.7744, -3.9730],\\n         [ 3.2708, -3.8939,  2.8211, -4.7024,  4.1631],\\n         [ 1.8220, -3.5221, -4.4145,  2.3285,  8.3972]],\\n\\n\"}, {\"i\": 2, \"class\": \"VALUE\", \"detail\": \"inf at [0, 0, 1]: eager 1.5217888883258408e+38 compiled inf\", \"repr\": \"SampleInput(input=tensor([[[-8.4784, -1.7658, -4.3228, -2.4005, -7.9506],\\n         [ 3.6116, -8.0676, -0.5735,  3.1285, -3.0337],\\n         [ 5.1067,  1.1351,  4.9473,  5.7744, -3.9730],\\n         [ 3.2708, -3.8939,  2.8211, -4.7024,  4.1631],\\n         [ 1.8220, -3.5221, -4.4145,  2.3285,  8.3972]],\\n\\n\"}], \"errors\": [], \"verdict\": \"DIFF:VALUE\"}\n"}
,{"stream_name":"stdout","time":1702.150869716,"data":"{\"op\": \"std\", \"dtype\": \"float32\", \"samples\": 3, \"diffs\": [], \"errors\": [], \"verdict\": \"ok\"}\n"}
,{"stream_name":"stdout","time":1702.150873676,"data":"{\"op\": \"var\", \"dtype\": \"float32\", \"samples\": 3, \"diffs\": [], \"errors\": [], \"verdict\": \"ok\"}\n"}
,{"stream_name":"stdout","time":1702.150876916,"data":"{\"op\": \"var\", \"dtype\": \"float32\", \"samples\": 3, \"diffs\": [], \"errors\": [], \"verdict\": \"ok\"}\n"}
,{"stream_name":"stdout","time":1702.150880736,"data":"{\"op\": \"prod\", \"dtype\": \"float32\", \"samples\": 3, \"diffs\": [], \"errors\": [], \"verdict\": \"ok\"}\n"}
,{"stream_name":"stdout","time":1702.150884876,"data":"{\"op\": \"prod\", \"dtype\": \"int64\", \"samples\": 3, \"diffs\": [], \"errors\": [], \"verdict\": \"ok\"}\n"}
,{"stream_name":"stdout","time":1702.150888545,"data":"{\"op\": \"prod\", \"dtype\": \"bool\", \"samples\": 3, \"diffs\": [], \"errors\": [], \"verdict\": \"ok\"}\n"}
,{"stream_name":"stdout","time":1702.150892056,"data":"{\"op\": \"sum\", \"dtype\": \"float32\", \"samples\": 3, \"diffs\": [], \"errors\": [], \"verdict\": \"ok\"}\n"}
,{"stream_name":"stdout","time":1702.150898376,"data":"{\"op\": \"sum\", \"dtype\": \"int64\", \"samples\": 3, \"diffs\": [], \"errors\": [], \"verdict\": \"ok\"}\n"}
,{"stream_name":"stdout","time":1702.150901745,"data":"{\"op\": \"sum\", \"dtype\": \"bool\", \"samples\": 3, \"diffs\": [], \"errors\": [], \"verdict\": \"ok\"}\n"}
,{"stream_name":"stdout","time":1702.150938576,"data":"{\"op\": \"nansum\", \"dtype\": \"float32\", \"samples\": 3, \"diffs\": [], \"errors\": [], \"verdict\": \"ok\"}\n"}
,{"stream_name":"stdout","time":1702.150942205,"data":"{\"op\": \"nansum\", \"dtype\": \"int64\", \"samples\": 3, \"diffs\": [], \"errors\": [], \"verdict\": \"ok\"}\n"}
,{"stream_name":"stdout","time":1702.150950306,"data":"{\"op\": \"nansum\", \"dtype\": \"bool\", \"samples\": 3, \"diffs\": [], \"errors\": [], \"verdict\": \"ok\"}\n"}
,{"stream_name":"stdout","time":1702.150953926,"data":"{\"op\": \"hash_tensor\", \"dtype\": \"float32\", \"samples\": 3, \"diffs\": [], \"errors\": [], \"verdict\": \"ok\"}\n"}
,{"stream_name":"stdout","time":1702.150957556,"data":"{\"op\": \"hash_tensor\", \"dtype\": \"int64\", \"samples\": 3, \"diffs\": [], \"errors\": [], \"verdict\": \"ok\"}\n"}
,{"stream_name":"stdout","time":1702.150961106,"data":"{\"op\": \"hash_tensor\", \"dtype\": \"bool\", \"samples\": 3, \"diffs\": [], \"errors\": [], \"verdict\": \"ok\"}\n"}
,{"stream_name":"stdout","time":1702.150965376,"data":"{\"op\": \"nn.functional.cosine_embedding_loss\", \"dtype\": \"float32\", \"samples\": 3, \"diffs\": [], \"errors\": [], \"verdict\": \"ok\"}\n"}
,{"stream_name":"stdout","time":1702.150969236,"data":"{\"op\": \"nn.functional.cosine_embedding_loss\", \"dtype\": \"int64\", \"samples\": 3, \"diffs\": [], \"errors\": [], \"verdict\": \"ok\"}\n"}
,{"stream_name":"stdout","time":1702.150973126,"data":"{\"op\": \"nn.functional.cosine_embedding_loss\", \"dtype\": \"bool\", \"samples\": 3, \"diffs\": [], \"errors\": [], \"verdict\": \"ok\"}\n"}
,{"stream_name":"stdout","time":1702.150976766,"data":"{\"op\": \"nn.functional.nll_loss\", \"dtype\": \"float32\", \"samples\": 3, \"diffs\": [], \"errors\": [], \"verdict\": \"ok\"}\n"}
,{"stream_name":"stdout","time":1702.150980186,"data":"{\"op\": \"nn.functional.gaussian_nll_loss\", \"dtype\": \"float32\", \"samples\": 3, \"diffs\": [], \"errors\": [], \"verdict\": \"ok\"}\n"}
,{"stream_name":"stdout","time":1702.150983846,"data":"{\"op\": \"nn.functional.hinge_embedding_loss\", \"dtype\": \"float32\", \"samples\": 3, \"diffs\": [], \"errors\": [], \"verdict\": \"ok\"}\n"}
,{"stream_name":"stdout","time":1702.150987386,"data":"{\"op\": \"nn.functional.huber_loss\", \"dtype\": \"float32\", \"samples\": 3, \"diffs\": [], \"errors\": [], \"verdict\": \"ok\"}\n"}
,{"stream_name":"stdout","time":1702.150990926,"data":"{\"op\": \"nn.functional.pdist\", \"dtype\": \"float32\", \"samples\": 3, \"diffs\": [], \"errors\": [], \"verdict\": \"ok\"}\n"}
,{"stream_name":"stdout","time":1702.150994366,"data":"{\"op\": \"repeat_interleave\", \"dtype\": \"float32\", \"samples\": 3, \"diffs\": [], \"errors\": [], \"verdict\": \"ok\"}\n"}
,{"stream_name":"stdout","time":1702.150997846,"data":"{\"op\": \"repeat_interleave\", \"dtype\": \"int64\", \"samples\": 3, \"diffs\": [], \"errors\": [], \"verdict\": \"ok\"}\n"}
,{"stream_name":"stdout","time":1702.151001276,"data":"{\"op\": \"repeat_interleave\", \"dtype\": \"bool\", \"samples\": 3, \"diffs\": [], \"errors\": [], \"verdict\": \"ok\"}\n"}
,{"stream_name":"stdout","time":1702.151004746,"data":"{\"op\": \"nn.functional.pairwise_distance\", \"dtype\": \"float32\", \"samples\": 3, \"diffs\": [], \"errors\": [], \"verdict\": \"ok\"}\n"}
,{"stream_name":"stdout","time":1702.151008206,"data":"{\"op\": \"nn.functional.pairwise_distance\", \"dtype\": \"int64\", \"samples\": 3, \"diffs\": [], \"errors\": [], \"verdict\": \"ok\"}\n"}
,{"stream_name":"stdout","time":1702.151014436,"data":"{\"op\": \"nn.functional.pixel_shuffle\", \"dtype\": \"float32\", \"samples\": 3, \"diffs\": [], \"errors\": [], \"verdict\": \"ok\"}\n"}
,{"stream_name":"stdout","time":1702.151018126,"data":"{\"op\": \"nn.functional.pixel_shuffle\", \"dtype\": \"int64\", \"samples\": 3, \"diffs\": [], \"errors\": [], \"verdict\": \"ok\"}\n"}
,{"stream_name":"stdout","time":1702.151021636,"data":"{\"op\": \"nn.functional.pixel_shuffle\", \"dtype\": \"bool\", \"samples\": 3, \"diffs\": [], \"errors\": [], \"verdict\": \"ok\"}\n"}
,{"stream_name":"stdout","time":1702.151025146,"data":"{\"op\": \"nn.functional.pixel_unshuffle\", \"dtype\": \"float32\", \"samples\": 3, \"diffs\": [], \"errors\": [], \"verdict\": \"ok\"}\n"}
,{"stream_name":"stdout","time":1702.151032426,"data":"{\"op\": \"nn.functional.pixel_unshuffle\", \"dtype\": \"int64\", \"samples\": 3, \"diffs\": [], \"errors\": [], \"verdict\": \"ok\"}\n"}
,{"stream_name":"stdout","time":1702.151036456,"data":"{\"op\": \"nn.functional.pixel_unshuffle\", \"dtype\": \"bool\", \"samples\": 3, \"diffs\": [], \"errors\": [], \"verdict\": \"ok\"}\n"}
,{"stream_name":"stdout","time":1702.151040066,"data":"{\"op\": \"nn.functional.channel_shuffle\", \"dtype\": \"float32\", \"samples\": 3, \"diffs\": [], \"errors\": [], \"verdict\": \"ok\"}\n"}
,{"stream_name":"stdout","time":1702.151043556,"data":"{\"op\": \"nn.functional.channel_shuffle\", \"dtype\": \"int64\", \"samples\": 3, \"diffs\": [], \"errors\": [], \"verdict\": \"ok\"}\n"}
,{"stream_name":"stdout","time":1702.151046986,"data":"{\"op\": \"nn.functional.channel_shuffle\", \"dtype\": \"bool\", \"samples\": 3, \"diffs\": [], \"errors\": [], \"verdict\": \"ok\"}\n"}
,{"stream_name":"stdout","time":1702.151050556,"data":"{\"op\": \"nn.functional.kl_div\", \"dtype\": \"float32\", \"samples\": 3, \"diffs\": [], \"errors\": [], \"verdict\": \"ok\"}\n"}
,{"stream_name":"stdout","time":1702.151053996,"data":"{\"op\": \"diagflat\", \"dtype\": \"float32\", \"samples\": 3, \"diffs\": [], \"errors\": [], \"verdict\": \"ok\"}\n"}
,{"stream_name":"stdout","time":1702.151057646,"data":"{\"op\": \"diagflat\", \"dtype\": \"int64\", \"samples\": 3, \"diffs\": [], \"errors\": [], \"verdict\": \"ok\"}\n"}
,{"stream_name":"stdout","time":1702.151061106,"data":"{\"op\": \"diagflat\", \"dtype\": \"bool\", \"samples\": 3, \"diffs\": [], \"errors\": [], \"verdict\": \"ok\"}\n"}
,{"stream_name":"stdout","time":1702.151064586,"data":"{\"op\": \"scatter_reduce\", \"dtype\": \"float32\", \"samples\": 3, \"diffs\": [], \"errors\": [], \"verdict\": \"ok\"}\n"}
,{"stream_name":"stdout","time":1702.151067976,"data":"{\"op\": \"scatter_reduce\", \"dtype\": \"int64\", \"samples\": 3, \"diffs\": [], \"errors\": [], \"verdict\": \"ok\"}\n"}
,{"stream_name":"stdout","time":1702.151071536,"data":"{\"op\": \"scatter_reduce\", \"dtype\": \"bool\", \"samples\": 3, \"diffs\": [], \"errors\": [], \"verdict\": \"ok\"}\n"}
,{"stream_name":"stdout","time":1702.151075136,"data":"{\"op\": \"scatter_reduce\", \"dtype\": \"float32\", \"samples\": 3, \"diffs\": [], \"errors\": [], \"verdict\": \"ok\"}\n"}
,{"stream_name":"stdout","time":1702.151078616,"data":"{\"op\": \"scatter_reduce\", \"dtype\": \"int64\", \"samples\": 3, \"diffs\": [], \"errors\": [], \"verdict\": \"ok\"}\n"}
,{"stream_name":"stdout","time":1702.151082156,"data":"{\"op\": \"scatter_reduce\", \"dtype\": \"bool\", \"samples\": 3, \"diffs\": [], \"errors\": [], \"verdict\": \"ok\"}\n"}
,{"stream_name":"stdout","time":1702.151085636,"data":"{\"op\": \"scatter_reduce\", \"dtype\": \"float32\", \"samples\": 3, \"diffs\": [], \"errors\": [], \"verdict\": \"ok\"}\n"}
,{"stream_name":"stdout","time":1702.151089086,"data":"{\"op\": \"scatter_reduce\", \"dtype\": \"int64\", \"samples\": 3, \"diffs\": [], \"errors\": [], \"verdict\": \"ok\"}\n"}
,{"stream_name":"stdout","time":1702.151095216,"data":"{\"op\": \"scatter_reduce\", \"dtype\": \"float32\", \"samples\": 3, \"diffs\": [], \"errors\": [], \"verdict\": \"ok\"}\n"}
,{"stream_name":"stdout","time":1702.151098616,"data":"{\"op\": \"scatter_reduce\", \"dtype\": \"int64\", \"samples\": 3, \"diffs\": [], \"errors\": [], \"verdict\": \"ok\"}\n"}
,{"stream_name":"stdout","time":1702.151102146,"data":"{\"op\": \"scatter_reduce\", \"dtype\": \"bool\", \"samples\": 3, \"diffs\": [], \"errors\": [], \"verdict\": \"ok\"}\n"}
,{"stream_name":"stdout","time":1702.151105616,"data":"{\"op\": \"scatter_reduce\", \"dtype\": \"float32\", \"samples\": 3, \"diffs\": [], \"errors\": [], \"verdict\": \"ok\"}\n"}
,{"stream_name":"stdout","time":1702.151112916,"data":"{\"op\": \"scatter_reduce\", \"dtype\": \"int64\", \"samples\": 3, \"diffs\": [], \"errors\": [], \"verdict\": \"ok\"}\n"}
,{"stream_name":"stdout","time":1702.151116626,"data":"{\"op\": \"scatter_reduce\", \"dtype\": \"bool\", \"samples\": 3, \"diffs\": [], \"errors\": [], \"verdict\": \"ok\"}\n"}
,{"stream_name":"stdout","time":1702.151120135,"data":"{\"op\": \"_segment_reduce\", \"dtype\": \"float32\", \"samples\": 3, \"diffs\": [], \"errors\": [], \"verdict\": \"ok\"}\n"}
,{"stream_name":"stdout","time":1702.151123606,"data":"{\"op\": \"_segment_reduce\", \"dtype\": \"float32\", \"samples\": 3, \"diffs\": [], \"errors\": [], \"verdict\": \"ok\"}\n"}
,{"stream_name":"stdout","time":1702.151127146,"data":"{\"op\": \"linalg.cross\", \"dtype\": \"float32\", \"samples\": 3, \"diffs\": [{\"i\": 1, \"class\": \"VALUE\", \"detail\": \"nan pattern at [0, 0, 1]: eager -inf compiled nan\", \"repr\": \"SampleInput(input=tensor([[[-8.4784, -1.7658, -4.3228, -2.4005, -7.9506],\\n         [ 3.6116, -8.0676, -0.5735,  3.1285, -3.0337],\\n         [ 5.1067,  1.1351,  4.9473,  5.7744, -3.9730]],\\n\\n        [[ 3.2708, -3.8939,  2.8211, -4.7024,  4.1631],\\n         [ 1.8220, -3.5221, -4.4145,  2.3285,  8.3972],\\n\"}], \"errors\": [], \"verdict\": \"DIFF:VALUE\"}\n"}
,{"stream_name":"stdout","time":1702.151132175,"data":"{\"op\": \"linalg.cross\", \"dtype\": \"int64\", \"samples\": 3, \"diffs\": [], \"errors\": [], \"verdict\": \"ok\"}\n"}
,{"stream_name":"stdout","time":1702.151135726,"data":"{\"op\": \"linalg.diagonal\", \"dtype\": \"float32\", \"samples\": 3, \"diffs\": [], \"errors\": [], \"verdict\": \"ok\"}\n"}
,{"stream_name":"stdout","time":1702.151139175,"data":"{\"op\": \"linalg.diagonal\", \"dtype\": \"int64\", \"samples\": 3, \"diffs\": [], \"errors\": [], \"verdict\": \"ok\"}\n"}
,{"stream_name":"stdout","time":1702.151142666,"data":"{\"op\": \"linalg.diagonal\", \"dtype\": \"bool\", \"samples\": 3, \"diffs\": [], \"errors\": [], \"verdict\": \"ok\"}\n"}
,{"stream_name":"stdout","time":1702.151145966,"data":"{\"op\": \"linalg.vecdot\", \"dtype\": \"float32\", \"samples\": 3, \"diffs\": [], \"errors\": [], \"verdict\": \"ok\"}\n"}
,{"stream_name":"stdout","time":1702.151149486,"data":"{\"op\": \"linalg.cond\", \"dtype\": \"float32\", \"samples\": 3, \"diffs\": [], \"errors\": [], \"verdict\": \"ok\"}\n"}
,{"stream_name":"stdout","time":1702.151152815,"data":"{\"op\": \"linalg.householder_product\", \"dtype\": \"float32\", \"samples\": 3, \"diffs\": [], \"errors\": [], \"verdict\": \"ok\"}\n"}
,{"stream_name":"stdout","time":1702.151156395,"data":"{\"op\": \"linalg.ldl_factor\", \"dtype\": \"float32\", \"samples\": 3, \"diffs\": [], \"errors\": [], \"verdict\": \"ok\"}\n"}
,{"stream_name":"stdout","time":1702.151159955,"data":"{\"op\": \"linalg.ldl_factor_ex\", \"dtype\": \"float32\", \"samples\": 3, \"diffs\": [], \"errors\": [], \"verdict\": \"ok\"}\n"}
,{"stream_name":"stdout","time":1702.151163435,"data":"{\"op\": \"linalg.matrix_power\", \"dtype\": \"float32\", \"samples\": 3, \"diffs\": [], \"errors\": [], \"verdict\": \"ok\"}\n"}
,{"stream_name":"stdout","time":1702.151166995,"data":"{\"op\": \"linalg.multi_dot\", \"dtype\": \"float32\", \"samples\": 3, \"diffs\": [], \"errors\": [], \"verdict\": \"ok\"}\n"}
,{"stream_name":"stdout","time":1702.151170695,"data":"{\"op\": \"linalg.multi_dot\", \"dtype\": \"int64\", \"samples\": 3, \"diffs\": [], \"errors\": [], \"verdict\": \"ok\"}\n"}
,{"stream_name":"stdout","time":1702.151174186,"data":"{\"op\": \"linalg.norm\", \"dtype\": \"float32\", \"samples\": 3, \"diffs\": [], \"errors\": [], \"verdict\": \"ok\"}\n"}
,{"stream_name":"stdout","time":1702.151180335,"data":"{\"op\": \"linalg.norm\", \"dtype\": \"float32\", \"samples\": 3, \"diffs\": [], \"errors\": [], \"verdict\": \"ok\"}\n"}
,{"stream_name":"stdout","time":1702.151187186,"data":"{\"op\": \"linalg.matrix_norm\", \"dtype\": \"float32\", \"samples\": 3, \"diffs\": [], \"errors\": [], \"verdict\": \"ok\"}\n"}
,{"stream_name":"stdout","time":1702.151190715,"data":"{\"op\": \"linalg.polar\", \"dtype\": \"float32\", \"samples\": 3, \"diffs\": [], \"errors\": [], \"verdict\": \"ok\"}\n"}
,{"stream_name":"stdout","time":1702.151194135,"data":"{\"op\": \"linalg.vander\", \"dtype\": \"float32\", \"samples\": 3, \"diffs\": [], \"errors\": [], \"verdict\": \"ok\"}\n"}
,{"stream_name":"stdout","time":1702.151197666,"data":"{\"op\": \"linalg.vander\", \"dtype\": \"int64\", \"samples\": 3, \"diffs\": [], \"errors\": [], \"verdict\": \"ok\"}\n"}
,{"stream_name":"stdout","time":1702.151201215,"data":"{\"op\": \"linalg.vector_norm\", \"dtype\": \"float32\", \"samples\": 3, \"diffs\": [], \"errors\": [], \"verdict\": \"ok\"}\n"}
,{"stream_name":"stdout","time":1702.151204735,"data":"{\"op\": \"linalg.inv\", \"dtype\": \"float32\", \"samples\": 3, \"diffs\": [], \"errors\": [], \"verdict\": \"ok\"}\n"}
,{"stream_name":"stdout","time":1702.151208195,"data":"{\"op\": \"linalg.inv_ex\", \"dtype\": \"float32\", \"samples\": 3, \"diffs\": [], \"errors\": [], \"verdict\": \"ok\"}\n"}
,{"stream_name":"stdout","time":1702.151211695,"data":"{\"op\": \"linalg.tensorinv\", \"dtype\": \"float32\", \"samples\": 2, \"diffs\": [], \"errors\": [], \"verdict\": \"ok\"}\n"}
,{"stream_name":"stdout","time":1702.151215166,"data":"{\"op\": \"special.i0e\", \"dtype\": \"float32\", \"samples\": 2, \"diffs\": [], \"errors\": [], \"verdict\": \"ok\"}\n"}
,{"stream_name":"stdout","time":1702.151218735,"data":"{\"op\": \"special.i0e\", \"dtype\": \"int64\", \"samples\": 2, \"diffs\": [], \"errors\": [], \"verdict\": \"ok\"}\n"}
,{"stream_name":"stdout","time":1702.151222155,"data":"{\"op\": \"special.i0e\", \"dtype\": \"bool\", \"samples\": 2, \"diffs\": [], \"errors\": [], \"verdict\": \"ok\"}\n"}
,{"stream_name":"stdout","time":1702.151225666,"data":"{\"op\": \"special.i1\", \"dtype\": \"float32\", \"samples\": 2, \"diffs\": [], \"errors\": [], \"verdict\": \"ok\"}\n"}
,{"stream_name":"stdout","time":1702.151229286,"data":"{\"op\": \"special.i1\", \"dtype\": \"int64\", \"samples\": 2, \"diffs\": [], \"errors\": [], \"verdict\": \"ok\"}\n"}
,{"stream_name":"stdout","time":1702.151232686,"data":"{\"op\": \"special.i1\", \"dtype\": \"bool\", \"samples\": 2, \"diffs\": [], \"errors\": [], \"verdict\": \"ok\"}\n"}
,{"stream_name":"stdout","time":1702.151236175,"data":"{\"op\": \"special.i1e\", \"dtype\": \"float32\", \"samples\": 2, \"diffs\": [], \"errors\": [], \"verdict\": \"ok\"}\n"}
,{"stream_name":"stdout","time":1702.151239626,"data":"{\"op\": \"special.i1e\", \"dtype\": \"int64\", \"samples\": 2, \"diffs\": [], \"errors\": [], \"verdict\": \"ok\"}\n"}
,{"stream_name":"stdout","time":1702.151243015,"data":"{\"op\": \"special.i1e\", \"dtype\": \"bool\", \"samples\": 2, \"diffs\": [], \"errors\": [], \"verdict\": \"ok\"}\n"}
,{"stream_name":"stdout","time":1702.151246875,"data":"{\"op\": \"special.ndtr\", \"dtype\": \"float32\", \"samples\": 3, \"diffs\": [], \"errors\": [], \"verdict\": \"ok\"}\n"}
,{"stream_name":"stdout","time":1702.151250315,"data":"{\"op\": \"special.ndtr\", \"dtype\": \"int64\", \"samples\": 3, \"diffs\": [], \"errors\": [], \"verdict\": \"ok\"}\n"}
,{"stream_name":"stdout","time":1702.151253786,"data":"{\"op\": \"special.ndtr\", \"dtype\": \"bool\", \"samples\": 3, \"diffs\": [], \"errors\": [], \"verdict\": \"ok\"}\n"}
,{"stream_name":"stdout","time":1702.151259795,"data":"{\"op\": \"special.polygamma\", \"dtype\": \"float32\", \"samples\": 3, \"diffs\": [], \"errors\": [], \"verdict\": \"ok\"}\n"}
,{"stream_name":"stdout","time":1702.151263446,"data":"{\"op\": \"special.polygamma\", \"dtype\": \"int64\", \"samples\": 3, \"diffs\": [], \"errors\": [], \"verdict\": \"ok\"}\n"}
,{"stream_name":"stdout","time":1702.151270335,"data":"{\"op\": \"special.polygamma\", \"dtype\": \"bool\", \"samples\": 3, \"diffs\": [], \"errors\": [], \"verdict\": \"ok\"}\n"}
,{"stream_name":"stdout","time":1702.151274015,"data":"{\"op\": \"special.xlog1py\", \"dtype\": \"float32\", \"samples\": 3, \"diffs\": [], \"errors\": [], \"verdict\": \"ok\"}\n"}
,{"stream_name":"stdout","time":1702.151277415,"data":"{\"op\": \"special.xlog1py\", \"dtype\": \"int64\", \"samples\": 3, \"diffs\": [], \"errors\": [], \"verdict\": \"ok\"}\n"}
,{"stream_name":"stdout","time":1702.151280946,"data":"{\"op\": \"special.xlog1py\", \"dtype\": \"bool\", \"samples\": 3, \"diffs\": [], \"errors\": [], \"verdict\": \"ok\"}\n"}
,{"stream_name":"stdout","time":1702.151284466,"data":"{\"op\": \"special.entr\", \"dtype\": \"float32\", \"samples\": 2, \"diffs\": [], \"errors\": [], \"verdict\": \"ok\"}\n"}
,{"stream_name":"stdout","time":1702.151287975,"data":"{\"op\": \"special.entr\", \"dtype\": \"int64\", \"samples\": 2, \"diffs\": [], \"errors\": [], \"verdict\": \"ok\"}\n"}
,{"stream_name":"stdout","time":1702.151291546,"data":"{\"op\": \"special.entr\", \"dtype\": \"bool\", \"samples\": 2, \"diffs\": [], \"errors\": [], \"verdict\": \"ok\"}\n"}
,{"stream_name":"stdout","time":1702.151294975,"data":"{\"op\": \"special.ndtri\", \"dtype\": \"float32\", \"samples\": 3, \"diffs\": [], \"errors\": [], \"verdict\": \"ok\"}\n"}
,{"stream_name":"stdout","time":1702.151298346,"data":"{\"op\": \"special.ndtri\", \"dtype\": \"int64\", \"samples\": 3, \"diffs\": [], \"errors\": [], \"verdict\": \"ok\"}\n"}
,{"stream_name":"stdout","time":1702.151301915,"data":"{\"op\": \"special.ndtri\", \"dtype\": \"bool\", \"samples\": 3, \"diffs\": [], \"errors\": [], \"verdict\": \"ok\"}\n"}
,{"stream_name":"stdout","time":1702.151305426,"data":"{\"op\": \"special.log_ndtr\", \"dtype\": \"float32\", \"samples\": 3, \"diffs\": [], \"errors\": [], \"verdict\": \"ok\"}\n"}
,{"stream_name":"stdout","time":1702.151308955,"data":"{\"op\": \"special.log_ndtr\", \"dtype\": \"int64\", \"samples\": 3, \"diffs\": [], \"errors\": [], \"verdict\": \"ok\"}\n"}
,{"stream_name":"stdout","time":1702.151312306,"data":"{\"op\": \"special.log_ndtr\", \"dtype\": \"bool\", \"samples\": 3, \"diffs\": [], \"errors\": [], \"verdict\": \"ok\"}\n"}
,{"stream_name":"stdout","time":1702.151315726,"data":"{\"op\": \"special.erfcx\", \"dtype\": \"float32\", \"samples\": 3, \"diffs\": [], \"errors\": [], \"verdict\": \"ok\"}\n"}
,{"stream_name":"stdout","time":1702.151319275,"data":"{\"op\": \"special.erfcx\", \"dtype\": \"int64\", \"samples\": 3, \"diffs\": [], \"errors\": [], \"verdict\": \"ok\"}\n"}
,{"stream_name":"stdout","time":1702.151323046,"data":"{\"op\": \"special.erfcx\", \"dtype\": \"bool\", \"samples\": 3, \"diffs\": [], \"errors\": [], \"verdict\": \"ok\"}\n"}
,{"stream_name":"stdout","time":1702.151326686,"data":"{\"op\": \"special.airy_ai\", \"dtype\": \"float32\", \"samples\": 3, \"diffs\": [], \"errors\": [], \"verdict\": \"ok\"}\n"}
,{"stream_name":"stdout","time":1702.151330246,"data":"{\"op\": \"special.airy_ai\", \"dtype\": \"int64\", \"samples\": 3, \"diffs\": [], \"errors\": [], \"verdict\": \"ok\"}\n"}
,{"stream_name":"stdout","time":1702.151333755,"data":"{\"op\": \"special.airy_ai\", \"dtype\": \"bool\", \"samples\": 3, \"diffs\": [], \"errors\": [], \"verdict\": \"ok\"}\n"}
,{"stream_name":"stdout","time":1702.151341086,"data":"{\"op\": \"special.bessel_j0\", \"dtype\": \"float32\", \"samples\": 3, \"diffs\": [], \"errors\": [], \"verdict\": \"ok\"}\n"}
,{"stream_name":"stdout","time":1702.151344606,"data":"{\"op\": \"special.bessel_j0\", \"dtype\": \"int64\", \"samples\": 3, \"diffs\": [], \"errors\": [], \"verdict\": \"ok\"}\n"}
,{"stream_name":"stdout","time":1702.151348066,"data":"{\"op\": \"special.bessel_j0\", \"dtype\": \"bool\", \"samples\": 3, \"diffs\": [], \"errors\": [], \"verdict\": \"ok\"}\n"}
,{"stream_name":"stdout","time":1702.151355006,"data":"{\"op\": \"special.bessel_j1\", \"dtype\": \"float32\", \"samples\": 3, \"diffs\": [], \"errors\": [], \"verdict\": \"ok\"}\n"}
,{"stream_name":"stdout","time":1702.151407095,"data":"{\"op\": \"special.bessel_j1\", \"dtype\": \"int64\", \"samples\": 3, \"diffs\": [], \"errors\": [], \"verdict\": \"ok\"}\n"}
,{"stream_name":"stdout","time":1702.151410926,"data":"{\"op\": \"special.bessel_j1\", \"dtype\": \"bool\", \"samples\": 3, \"diffs\": [], \"errors\": [], \"verdict\": \"ok\"}\n"}
,{"stream_name":"stdout","time":1702.151414315,"data":"{\"op\": \"special.bessel_y0\", \"dtype\": \"float32\", \"samples\": 3, \"diffs\": [], \"errors\": [], \"verdict\": \"ok\"}\n"}
,{"stream_name":"stdout","time":1702.151417715,"data":"{\"op\": \"special.bessel_y0\", \"dtype\": \"int64\", \"samples\": 3, \"diffs\": [], \"errors\": [], \"verdict\": \"ok\"}\n"}
,{"stream_name":"stdout","time":1702.151437115,"data":"{\"op\": \"special.bessel_y0\", \"dtype\": \"bool\", \"samples\": 3, \"diffs\": [], \"errors\": [], \"verdict\": \"ok\"}\n"}
,{"stream_name":"stdout","time":1702.151441575,"data":"{\"op\": \"special.bessel_y1\", \"dtype\": \"float32\", \"samples\": 3, \"diffs\": [], \"errors\": [], \"verdict\": \"ok\"}\n"}
,{"stream_name":"stdout","time":1702.151445355,"data":"{\"op\": \"special.bessel_y1\", \"dtype\": \"int64\", \"samples\": 3, \"diffs\": [], \"errors\": [], \"verdict\": \"ok\"}\n"}
,{"stream_name":"stdout","time":1702.151449606,"data":"{\"op\": \"special.bessel_y1\", \"dtype\": \"bool\", \"samples\": 3, \"diffs\": [], \"errors\": [], \"verdict\": \"ok\"}\n"}
,{"stream_name":"stdout","time":1702.151453695,"data":"{\"op\": \"special.chebyshev_polynomial_t\", \"dtype\": \"float32\", \"samples\": 3, \"diffs\": [], \"errors\": [], \"verdict\": \"ok\"}\n"}
,{"stream_name":"stdout","time":1702.151458235,"data":"{\"op\": \"special.chebyshev_polynomial_t\", \"dtype\": \"int64\", \"samples\": 3, \"diffs\": [], \"errors\": [], \"verdict\": \"ok\"}\n"}
,{"stream_name":"stdout","time":1702.151462666,"data":"{\"op\": \"special.chebyshev_polynomial_t\", \"dtype\": \"bool\", \"samples\": 3, \"diffs\": [], \"errors\": [], \"verdict\": \"ok\"}\n"}
,{"stream_name":"stdout","time":1702.151466786,"data":"{\"op\": \"special.chebyshev_polynomial_u\", \"dtype\": \"float32\", \"samples\": 3, \"diffs\": [], \"errors\": [], \"verdict\": \"ok\"}\n"}
,{"stream_name":"stdout","time":1702.151472115,"data":"{\"op\": \"special.chebyshev_polynomial_u\", \"dtype\": \"int64\", \"samples\": 3, \"diffs\": [], \"errors\": [], \"verdict\": \"ok\"}\n"}
,{"stream_name":"stdout","time":1702.151476395,"data":"{\"op\": \"special.chebyshev_polynomial_u\", \"dtype\": \"bool\", \"samples\": 3, \"diffs\": [], \"errors\": [], \"verdict\": \"ok\"}\n"}
,{"stream_name":"stdout","time":1702.151480246,"data":"{\"op\": \"special.chebyshev_polynomial_v\", \"dtype\": \"float32\", \"samples\": 3, \"diffs\": [], \"errors\": [], \"verdict\": \"ok\"}\n"}
,{"stream_name":"stdout","time":1702.151484595,"data":"{\"op\": \"special.chebyshev_polynomial_v\", \"dtype\": \"int64\", \"samples\": 3, \"diffs\": [], \"errors\": [], \"verdict\": \"ok\"}\n"}
,{"stream_name":"stdout","time":1702.151488695,"data":"{\"op\": \"special.chebyshev_polynomial_v\", \"dtype\": \"bool\", \"samples\": 3, \"diffs\": [], \"errors\": [], \"verdict\": \"ok\"}\n"}
,{"stream_name":"stdout","time":1702.151494856,"data":"{\"op\": \"special.chebyshev_polynomial_w\", \"dtype\": \"float32\", \"samples\": 3, \"diffs\": [], \"errors\": [], \"verdict\": \"ok\"}\n"}
,{"stream_name":"stdout","time":1702.151511946,"data":"{\"op\": \"special.chebyshev_polynomial_w\", \"dtype\": \"int64\", \"samples\": 3, \"diffs\": [], \"errors\": [], \"verdict\": \"ok\"}\n"}
,{"stream_name":"stdout","time":1702.151521546,"data":"{\"op\": \"special.chebyshev_polynomial_w\", \"dtype\": \"bool\", \"samples\": 3, \"diffs\": [], \"errors\": [], \"verdict\": \"ok\"}\n"}
,{"stream_name":"stdout","time":1702.151525616,"data":"{\"op\": \"special.hermite_polynomial_h\", \"dtype\": \"float32\", \"samples\": 3, \"diffs\": [], \"errors\": [], \"verdict\": \"ok\"}\n"}
,{"stream_name":"stdout","time":1702.151529696,"data":"{\"op\": \"special.hermite_polynomial_h\", \"dtype\": \"int64\", \"samples\": 3, \"diffs\": [], \"errors\": [], \"verdict\": \"ok\"}\n"}
,{"stream_name":"stdout","time":1702.151533556,"data":"{\"op\": \"special.hermite_polynomial_h\", \"dtype\": \"bool\", \"samples\": 3, \"diffs\": [], \"errors\": [], \"verdict\": \"ok\"}\n"}
,{"stream_name":"stdout","time":1702.151537646,"data":"{\"op\": \"special.hermite_polynomial_he\", \"dtype\": \"float32\", \"samples\": 3, \"diffs\": [], \"errors\": [], \"verdict\": \"ok\"}\n"}
,{"stream_name":"stdout","time":1702.151542026,"data":"{\"op\": \"special.hermite_polynomial_he\", \"dtype\": \"int64\", \"samples\": 3, \"diffs\": [], \"errors\": [], \"verdict\": \"ok\"}\n"}
,{"stream_name":"stdout","time":1702.151546056,"data":"{\"op\": \"special.hermite_polynomial_he\", \"dtype\": \"bool\", \"samples\": 3, \"diffs\": [], \"errors\": [], \"verdict\": \"ok\"}\n"}
,{"stream_name":"stdout","time":1702.151549626,"data":"{\"op\": \"special.laguerre_polynomial_l\", \"dtype\": \"float32\", \"samples\": 3, \"diffs\": [], \"errors\": [], \"verdict\": \"ok\"}\n"}
,{"stream_name":"stdout","time":1702.151553876,"data":"{\"op\": \"special.laguerre_polynomial_l\", \"dtype\": \"int64\", \"samples\": 3, \"diffs\": [], \"errors\": [], \"verdict\": \"ok\"}\n"}
,{"stream_name":"stdout","time":1702.151558266,"data":"{\"op\": \"special.laguerre_polynomial_l\", \"dtype\": \"bool\", \"samples\": 3, \"diffs\": [], \"errors\": [], \"verdict\": \"ok\"}\n"}
,{"stream_name":"stdout","time":1702.151563076,"data":"{\"op\": \"special.legendre_polynomial_p\", \"dtype\": \"float32\", \"samples\": 3, \"diffs\": [], \"errors\": [], \"verdict\": \"ok\"}\n"}
,{"stream_name":"stdout","time":1702.151567126,"data":"{\"op\": \"special.legendre_polynomial_p\", \"dtype\": \"int64\", \"samples\": 3, \"diffs\": [], \"errors\": [], \"verdict\": \"ok\"}\n"}
,{"stream_name":"stdout","time":1702.151571606,"data":"{\"op\": \"special.legendre_polynomial_p\", \"dtype\": \"bool\", \"samples\": 3, \"diffs\": [], \"errors\": [], \"verdict\": \"ok\"}\n"}
,{"stream_name":"stdout","time":1702.151576026,"data":"{\"op\": \"special.modified_bessel_i0\", \"dtype\": \"float32\", \"samples\": 3, \"diffs\": [], \"errors\": [], \"verdict\": \"ok\"}\n"}
,{"stream_name":"stdout","time":1702.151580106,"data":"{\"op\": \"special.modified_bessel_i0\", \"dtype\": \"int64\", \"samples\": 3, \"diffs\": [], \"errors\": [], \"verdict\": \"ok\"}\n"}
,{"stream_name":"stdout","time":1702.151584256,"data":"{\"op\": \"special.modified_bessel_i0\", \"dtype\": \"bool\", \"samples\": 3, \"diffs\": [], \"errors\": [], \"verdict\": \"ok\"}\n"}
,{"stream_name":"stdout","time":1702.151587886,"data":"{\"op\": \"special.modified_bessel_i1\", \"dtype\": \"float32\", \"samples\": 3, \"diffs\": [], \"errors\": [], \"verdict\": \"ok\"}\n"}
,{"stream_name":"stdout","time":1702.151591316,"data":"{\"op\": \"special.modified_bessel_i1\", \"dtype\": \"int64\", \"samples\": 3, \"diffs\": [], \"errors\": [], \"verdict\": \"ok\"}\n"}
,{"stream_name":"stdout","time":1702.151594786,"data":"{\"op\": \"special.modified_bessel_i1\", \"dtype\": \"bool\", \"samples\": 3, \"diffs\": [], \"errors\": [], \"verdict\": \"ok\"}\n"}
,{"stream_name":"stdout","time":1702.151598296,"data":"{\"op\": \"special.modified_bessel_k0\", \"dtype\": \"float32\", \"samples\": 3, \"diffs\": [], \"errors\": [], \"verdict\": \"ok\"}\n"}
,{"stream_name":"stdout","time":1702.151608816,"data":"{\"op\": \"special.modified_bessel_k0\", \"dtype\": \"int64\", \"samples\": 3, \"diffs\": [], \"errors\": [], \"verdict\": \"ok\"}\n"}
,{"stream_name":"stdout","time":1702.151612456,"data":"{\"op\": \"special.modified_bessel_k0\", \"dtype\": \"bool\", \"samples\": 3, \"diffs\": [], \"errors\": [], \"verdict\": \"ok\"}\n"}
,{"stream_name":"stdout","time":1702.151616085,"data":"{\"op\": \"special.modified_bessel_k1\", \"dtype\": \"float32\", \"samples\": 3, \"diffs\": [], \"errors\": [], \"verdict\": \"ok\"}\n"}
,{"stream_name":"stdout","time":1702.151619696,"data":"{\"op\": \"special.modified_bessel_k1\", \"dtype\": \"int64\", \"samples\": 3, \"diffs\": [], \"errors\": [], \"verdict\": \"ok\"}\n"}
,{"stream_name":"stdout","time":1702.151623376,"data":"{\"op\": \"special.modified_bessel_k1\", \"dtype\": \"bool\", \"samples\": 3, \"diffs\": [], \"errors\": [], \"verdict\": \"ok\"}\n"}
,{"stream_name":"stdout","time":1702.151626876,"data":"{\"op\": \"special.scaled_modified_bessel_k0\", \"dtype\": \"float32\", \"samples\": 3, \"diffs\": [], \"errors\": [], \"verdict\": \"ok\"}\n"}
,{"stream_name":"stdout","time":1702.151630505,"data":"{\"op\": \"special.scaled_modified_bessel_k0\", \"dtype\": \"int64\", \"samples\": 3, \"diffs\": [], \"errors\": [], \"verdict\": \"ok\"}\n"}
,{"stream_name":"stdout","time":1702.151634136,"data":"{\"op\": \"special.scaled_modified_bessel_k0\", \"dtype\": \"bool\", \"samples\": 3, \"diffs\": [], \"errors\": [], \"verdict\": \"ok\"}\n"}
,{"stream_name":"stdout","time":1702.151638536,"data":"{\"op\": \"special.scaled_modified_bessel_k1\", \"dtype\": \"float32\", \"samples\": 3, \"diffs\": [], \"errors\": [], \"verdict\": \"ok\"}\n"}
,{"stream_name":"stdout","time":1702.151642536,"data":"{\"op\": \"special.scaled_modified_bessel_k1\", \"dtype\": \"int64\", \"samples\": 3, \"diffs\": [], \"errors\": [], \"verdict\": \"ok\"}\n"}
,{"stream_name":"stdout","time":1702.151646176,"data":"{\"op\": \"special.scaled_modified_bessel_k1\", \"dtype\": \"bool\", \"samples\": 3, \"diffs\": [], \"errors\": [], \"verdict\": \"ok\"}\n"}
,{"stream_name":"stdout","time":1702.151649765,"data":"{\"op\": \"special.shifted_chebyshev_polynomial_t\", \"dtype\": \"float32\", \"samples\": 3, \"diffs\": [], \"errors\": [], \"verdict\": \"ok\"}\n"}
,{"stream_name":"stdout","time":1702.151653516,"data":"{\"op\": \"special.shifted_chebyshev_polynomial_t\", \"dtype\": \"int64\", \"samples\": 3, \"diffs\": [], \"errors\": [], \"verdict\": \"ok\"}\n"}
,{"stream_name":"stdout","time":1702.151657216,"data":"{\"op\": \"special.shifted_chebyshev_polynomial_t\", \"dtype\": \"bool\", \"samples\": 3, \"diffs\": [], \"errors\": [], \"verdict\": \"ok\"}\n"}
,{"stream_name":"stdout","time":1702.151661045,"data":"{\"op\": \"special.shifted_chebyshev_polynomial_u\", \"dtype\": \"float32\", \"samples\": 3, \"diffs\": [], \"errors\": [], \"verdict\": \"ok\"}\n"}
,{"stream_name":"stdout","time":1702.151664676,"data":"{\"op\": \"special.shifted_chebyshev_polynomial_u\", \"dtype\": \"int64\", \"samples\": 3, \"diffs\": [], \"errors\": [], \"verdict\": \"ok\"}\n"}
,{"stream_name":"stdout","time":1702.151668345,"data":"{\"op\": \"special.shifted_chebyshev_polynomial_u\", \"dtype\": \"bool\", \"samples\": 3, \"diffs\": [], \"errors\": [], \"verdict\": \"ok\"}\n"}
,{"stream_name":"stdout","time":1702.151671936,"data":"{\"op\": \"special.shifted_chebyshev_polynomial_v\", \"dtype\": \"float32\", \"samples\": 3, \"diffs\": [], \"errors\": [], \"verdict\": \"ok\"}\n"}
,{"stream_name":"stdout","time":1702.151675565,"data":"{\"op\": \"special.shifted_chebyshev_polynomial_v\", \"dtype\": \"int64\", \"samples\": 3, \"diffs\": [], \"errors\": [], \"verdict\": \"ok\"}\n"}
,{"stream_name":"stdout","time":1702.151679225,"data":"{\"op\": \"special.shifted_chebyshev_polynomial_v\", \"dtype\": \"bool\", \"samples\": 3, \"diffs\": [], \"errors\": [], \"verdict\": \"ok\"}\n"}
,{"stream_name":"stdout","time":1702.151686896,"data":"{\"op\": \"special.shifted_chebyshev_polynomial_w\", \"dtype\": \"float32\", \"samples\": 3, \"diffs\": [], \"errors\": [], \"verdict\": \"ok\"}\n"}
,{"stream_name":"stdout","time":1702.151693316,"data":"{\"op\": \"special.shifted_chebyshev_polynomial_w\", \"dtype\": \"int64\", \"samples\": 3, \"diffs\": [], \"errors\": [], \"verdict\": \"ok\"}\n"}
,{"stream_name":"stdout","time":1702.151697005,"data":"{\"op\": \"special.shifted_chebyshev_polynomial_w\", \"dtype\": \"bool\", \"samples\": 3, \"diffs\": [], \"errors\": [], \"verdict\": \"ok\"}\n"}
,{"stream_name":"stdout","time":1702.151700645,"data":"{\"op\": \"special.spherical_bessel_j0\", \"dtype\": \"float32\", \"samples\": 3, \"diffs\": [], \"errors\": [], \"verdict\": \"ok\"}\n"}
,{"stream_name":"stdout","time":1702.151704305,"data":"{\"op\": \"special.spherical_bessel_j0\", \"dtype\": \"int64\", \"samples\": 3, \"diffs\": [], \"errors\": [], \"verdict\": \"ok\"}\n"}
,{"stream_name":"stdout","time":1702.151708396,"data":"{\"op\": \"special.spherical_bessel_j0\", \"dtype\": \"bool\", \"samples\": 3, \"diffs\": [], \"errors\": [], \"verdict\": \"ok\"}\n"}
,{"stream_name":"stdout","time":1702.151712076,"data":"{\"op\": \"masked.sum\", \"dtype\": \"float32\", \"samples\": 3, \"diffs\": [], \"errors\": [], \"verdict\": \"ok\"}\n"}
,{"stream_name":"stdout","time":1702.151715605,"data":"{\"op\": \"masked.sum\", \"dtype\": \"int64\", \"samples\": 3, \"diffs\": [], \"errors\": [], \"verdict\": \"ok\"}\n"}
,{"stream_name":"stdout","time":1702.151719156,"data":"{\"op\": \"masked.sum\", \"dtype\": \"bool\", \"samples\": 3, \"diffs\": [], \"errors\": [], \"verdict\": \"ok\"}\n"}
,{"stream_name":"stdout","time":1702.151722665,"data":"{\"op\": \"masked.prod\", \"dtype\": \"float32\", \"samples\": 3, \"diffs\": [], \"errors\": [], \"verdict\": \"ok\"}\n"}
,{"stream_name":"stdout","time":1702.151726336,"data":"{\"op\": \"masked.prod\", \"dtype\": \"int64\", \"samples\": 3, \"diffs\": [], \"errors\": [], \"verdict\": \"ok\"}\n"}
,{"stream_name":"stdout","time":1702.151729856,"data":"{\"op\": \"masked.prod\", \"dtype\": \"bool\", \"samples\": 3, \"diffs\": [], \"errors\": [], \"verdict\": \"ok\"}\n"}
,{"stream_name":"stdout","time":1702.151733556,"data":"{\"op\": \"masked.cumsum\", \"dtype\": \"float32\", \"samples\": 3, \"diffs\": [], \"errors\": [], \"verdict\": \"ok\"}\n"}
,{"stream_name":"stdout","time":1702.151737205,"data":"{\"op\": \"masked.cumsum\", \"dtype\": \"int64\", \"samples\": 3, \"diffs\": [], \"errors\": [], \"verdict\": \"ok\"}\n"}
,{"stream_name":"stdout","time":1702.151740785,"data":"{\"op\": \"masked.cumprod\", \"dtype\": \"float32\", \"samples\": 3, \"diffs\": [], \"errors\": [], \"verdict\": \"ok\"}\n"}
,{"stream_name":"stdout","time":1702.151744356,"data":"{\"op\": \"masked.cumprod\", \"dtype\": \"int64\", \"samples\": 3, \"diffs\": [], \"errors\": [], \"verdict\": \"ok\"}\n"}
,{"stream_name":"stdout","time":1702.151747916,"data":"{\"op\": \"masked.amax\", \"dtype\": \"float32\", \"samples\": 3, \"diffs\": [], \"errors\": [], \"verdict\": \"ok\"}\n"}
,{"stream_name":"stdout","time":1702.151751445,"data":"{\"op\": \"masked.amax\", \"dtype\": \"int64\", \"samples\": 3, \"diffs\": [], \"errors\": [], \"verdict\": \"ok\"}\n"}
,{"stream_name":"stdout","time":1702.151755045,"data":"{\"op\": \"masked.amin\", \"dtype\": \"float32\", \"samples\": 3, \"diffs\": [], \"errors\": [], \"verdict\": \"ok\"}\n"}
,{"stream_name":"stdout","time":1702.151758665,"data":"{\"op\": \"masked.amin\", \"dtype\": \"int64\", \"samples\": 3, \"diffs\": [], \"errors\": [], \"verdict\": \"ok\"}\n"}
,{"stream_name":"stdout","time":1702.151762176,"data":"{\"op\": \"masked.argmax\", \"dtype\": \"float32\", \"samples\": 3, \"diffs\": [], \"errors\": [], \"verdict\": \"ok\"}\n"}
,{"stream_name":"stdout","time":1702.151771525,"data":"{\"op\": \"masked.argmax\", \"dtype\": \"int64\", \"samples\": 3, \"diffs\": [], \"errors\": [], \"verdict\": \"ok\"}\n"}
,{"stream_name":"stdout","time":1702.151777956,"data":"{\"op\": \"masked.argmin\", \"dtype\": \"float32\", \"samples\": 3, \"diffs\": [], \"errors\": [], \"verdict\": \"ok\"}\n"}
,{"stream_name":"stdout","time":1702.151781656,"data":"{\"op\": \"masked.argmin\", \"dtype\": \"int64\", \"samples\": 3, \"diffs\": [], \"errors\": [], \"verdict\": \"ok\"}\n"}
,{"stream_name":"stdout","time":1702.151785205,"data":"{\"op\": \"masked.mean\", \"dtype\": \"float32\", \"samples\": 3, \"diffs\": [], \"errors\": [], \"verdict\": \"ok\"}\n"}
,{"stream_name":"stdout","time":1702.151789305,"data":"{\"op\": \"masked.norm\", \"dtype\": \"float32\", \"samples\": 3, \"diffs\": [], \"errors\": [], \"verdict\": \"ok\"}\n"}
,{"stream_name":"stdout","time":1702.151792996,"data":"{\"op\": \"masked.var\", \"dtype\": \"float32\", \"samples\": 3, \"diffs\": [], \"errors\": [], \"verdict\": \"ok\"}\n"}
,{"stream_name":"stdout","time":1702.151796656,"data":"{\"op\": \"masked.var\", \"dtype\": \"int64\", \"samples\": 3, \"diffs\": [], \"errors\": [], \"verdict\": \"ok\"}\n"}
,{"stream_name":"stdout","time":1702.151800356,"data":"{\"op\": \"masked.std\", \"dtype\": \"float32\", \"samples\": 3, \"diffs\": [], \"errors\": [], \"verdict\": \"ok\"}\n"}
,{"stream_name":"stdout","time":1702.151804036,"data":"{\"op\": \"masked.std\", \"dtype\": \"int64\", \"samples\": 3, \"diffs\": [], \"errors\": [], \"verdict\": \"ok\"}\n"}
,{"stream_name":"stdout","time":1702.151807736,"data":"{\"op\": \"masked.softmax\", \"dtype\": \"float32\", \"samples\": 3, \"diffs\": [], \"errors\": [], \"verdict\": \"ok\"}\n"}
,{"stream_name":"stdout","time":1702.151811236,"data":"{\"op\": \"masked.log_softmax\", \"dtype\": \"float32\", \"samples\": 3, \"diffs\": [], \"errors\": [], \"verdict\": \"ok\"}\n"}
,{"stream_name":"stdout","time":1702.151814985,"data":"{\"op\": \"masked.softmin\", \"dtype\": \"float32\", \"samples\": 3, \"diffs\": [], \"errors\": [], \"verdict\": \"ok\"}\n"}
,{"stream_name":"stdout","time":1702.151818536,"data":"{\"op\": \"masked.logaddexp\", \"dtype\": \"float32\", \"samples\": 3, \"diffs\": [], \"errors\": [], \"verdict\": \"ok\"}\n"}
,{"stream_name":"stdout","time":1702.151822425,"data":"{\"op\": \"masked.logsumexp\", \"dtype\": \"float32\", \"samples\": 3, \"diffs\": [], \"errors\": [], \"verdict\": \"ok\"}\n"}
,{"stream_name":"stdout","time":1702.151825985,"data":"{\"op\": \"masked.logsumexp\", \"dtype\": \"int64\", \"samples\": 3, \"diffs\": [], \"errors\": [], \"verdict\": \"ok\"}\n"}
,{"stream_name":"stdout","time":1702.151829616,"data":"\n"}
,{"stream_name":"stdout","time":1702.151832705,"data":"=====JSONL END\n"}
,{"stream_name":"stdout","time":1702.151835805,"data":"JOB DONE\n"}
,{"stream_name":"stderr","time":1704.340274416,"data":"/usr/local/lib/python3.12/dist-packages/mistune.py:435: SyntaxWarning: invalid escape sequence '\\|'\n"}
,{"stream_name":"stderr","time":1704.340321016,"data":"  cells[i][c] = re.sub('\\\\\\\\\\|', '|', cell)\n"}
,{"stream_name":"stderr","time":1704.624987697,"data":"/usr/local/lib/python3.12/dist-packages/nbconvert/filters/filter_links.py:36: SyntaxWarning: invalid escape sequence '\\_'\n"}
,{"stream_name":"stderr","time":1704.625012297,"data":"  text = re.sub(r'_', '\\_', text) # Escape underscores in display text\n"}
,{"stream_name":"stderr","time":1705.24833209,"data":"[NbConvertApp] Converting notebook __script__.ipynb to html\n"}
,{"stream_name":"stderr","time":1706.546631586,"data":"[NbConvertApp] Writing 298057 bytes to __results__.html\n"}
]