NNSmith: 20 model(s) generated, 0 rejected

torch 2.14.0+cpu  device cpu  backend=inductor  reruns=2
49 program(s) -> reports_campaign2

E0908 06:45:26.197000 15816 site-packages\torch\_subclasses\fake_tensor.py:3212] [8/0] failed while attempting to run meta for aten.expand.default
E0908 06:45:26.197000 15816 site-packages\torch\_subclasses\fake_tensor.py:3212] [8/0] Traceback (most recent call last):
E0908 06:45:26.197000 15816 site-packages\torch\_subclasses\fake_tensor.py:3212] [8/0]   File "C:\Users\clm\AppData\Local\Python\pythoncore-3.14-64\Lib\site-packages\torch\_subclasses\fake_tensor.py", line 3208, in _dispatch_impl
E0908 06:45:26.197000 15816 site-packages\torch\_subclasses\fake_tensor.py:3212] [8/0]     r = func(*args, **kwargs)
E0908 06:45:26.197000 15816 site-packages\torch\_subclasses\fake_tensor.py:3212] [8/0]   File "C:\Users\clm\AppData\Local\Python\pythoncore-3.14-64\Lib\site-packages\torch\_ops.py", line 916, in __call__
E0908 06:45:26.197000 15816 site-packages\torch\_subclasses\fake_tensor.py:3212] [8/0]     return self._op(*args, **kwargs)
E0908 06:45:26.197000 15816 site-packages\torch\_subclasses\fake_tensor.py:3212] [8/0]            ~~~~~~~~^^^^^^^^^^^^^^^^^
E0908 06:45:26.197000 15816 site-packages\torch\_subclasses\fake_tensor.py:3212] [8/0]   File "C:\Users\clm\AppData\Local\Python\pythoncore-3.14-64\Lib\site-packages\torch\_refs\__init__.py", line 3217, in expand
E0908 06:45:26.197000 15816 site-packages\torch\_subclasses\fake_tensor.py:3212] [8/0]     torch._check(
E0908 06:45:26.197000 15816 site-packages\torch\_subclasses\fake_tensor.py:3212] [8/0]     ~~~~~~~~~~~~^
E0908 06:45:26.197000 15816 site-packages\torch\_subclasses\fake_tensor.py:3212] [8/0]         sym_or(x == 1, requested_length == x),
E0908 06:45:26.197000 15816 site-packages\torch\_subclasses\fake_tensor.py:3212] [8/0]         ^^^^^^^^^^^^^^^^^^^^^^^^^^^^^^^^^^^^^^
E0908 06:45:26.197000 15816 site-packages\torch\_subclasses\fake_tensor.py:3212] [8/0]         lambda: f"expand: attempting to expand a dimension of length {x} -> {requested_length}!",
E0908 06:45:26.197000 15816 site-packages\torch\_subclasses\fake_tensor.py:3212] [8/0]         ^^^^^^^^^^^^^^^^^^^^^^^^^^^^^^^^^^^^^^^^^^^^^^^^^^^^^^^^^^^^^^^^^^^^^^^^^^^^^^^^^^^^^^^^^
E0908 06:45:26.197000 15816 site-packages\torch\_subclasses\fake_tensor.py:3212] [8/0]     )
E0908 06:45:26.197000 15816 site-packages\torch\_subclasses\fake_tensor.py:3212] [8/0]     ^
E0908 06:45:26.197000 15816 site-packages\torch\_subclasses\fake_tensor.py:3212] [8/0]   File "C:\Users\clm\AppData\Local\Python\pythoncore-3.14-64\Lib\site-packages\torch\__init__.py", line 2140, in _check
E0908 06:45:26.197000 15816 site-packages\torch\_subclasses\fake_tensor.py:3212] [8/0]     _check_with(RuntimeError, cond, message)
E0908 06:45:26.197000 15816 site-packages\torch\_subclasses\fake_tensor.py:3212] [8/0]     ~~~~~~~~~~~^^^^^^^^^^^^^^^^^^^^^^^^^^^^^
E0908 06:45:26.197000 15816 site-packages\torch\_subclasses\fake_tensor.py:3212] [8/0]   File "C:\Users\clm\AppData\Local\Python\pythoncore-3.14-64\Lib\site-packages\torch\__init__.py", line 2118, in _check_with
E0908 06:45:26.197000 15816 site-packages\torch\_subclasses\fake_tensor.py:3212] [8/0]     raise error_type(message_evaluated)
E0908 06:45:26.197000 15816 site-packages\torch\_subclasses\fake_tensor.py:3212] [8/0] RuntimeError: expand: attempting to expand a dimension of length 2 -> 1!
E0908 06:45:26.669000 15816 site-packages\torch\_subclasses\fake_tensor.py:3212] [8/0] failed while attempting to run meta for aten.expand.default
E0908 06:45:26.669000 15816 site-packages\torch\_subclasses\fake_tensor.py:3212] [8/0] Traceback (most recent call last):
E0908 06:45:26.669000 15816 site-packages\torch\_subclasses\fake_tensor.py:3212] [8/0]   File "C:\Users\clm\AppData\Local\Python\pythoncore-3.14-64\Lib\site-packages\torch\_subclasses\fake_tensor.py", line 3208, in _dispatch_impl
E0908 06:45:26.669000 15816 site-packages\torch\_subclasses\fake_tensor.py:3212] [8/0]     r = func(*args, **kwargs)
E0908 06:45:26.669000 15816 site-packages\torch\_subclasses\fake_tensor.py:3212] [8/0]   File "C:\Users\clm\AppData\Local\Python\pythoncore-3.14-64\Lib\site-packages\torch\_ops.py", line 916, in __call__
E0908 06:45:26.669000 15816 site-packages\torch\_subclasses\fake_tensor.py:3212] [8/0]     return self._op(*args, **kwargs)
E0908 06:45:26.669000 15816 site-packages\torch\_subclasses\fake_tensor.py:3212] [8/0]            ~~~~~~~~^^^^^^^^^^^^^^^^^
E0908 06:45:26.669000 15816 site-packages\torch\_subclasses\fake_tensor.py:3212] [8/0]   File "C:\Users\clm\AppData\Local\Python\pythoncore-3.14-64\Lib\site-packages\torch\_refs\__init__.py", line 3217, in expand
E0908 06:45:26.669000 15816 site-packages\torch\_subclasses\fake_tensor.py:3212] [8/0]     torch._check(
E0908 06:45:26.669000 15816 site-packages\torch\_subclasses\fake_tensor.py:3212] [8/0]     ~~~~~~~~~~~~^
E0908 06:45:26.669000 15816 site-packages\torch\_subclasses\fake_tensor.py:3212] [8/0]         sym_or(x == 1, requested_length == x),
E0908 06:45:26.669000 15816 site-packages\torch\_subclasses\fake_tensor.py:3212] [8/0]         ^^^^^^^^^^^^^^^^^^^^^^^^^^^^^^^^^^^^^^
E0908 06:45:26.669000 15816 site-packages\torch\_subclasses\fake_tensor.py:3212] [8/0]         lambda: f"expand: attempting to expand a dimension of length {x} -> {requested_length}!",
E0908 06:45:26.669000 15816 site-packages\torch\_subclasses\fake_tensor.py:3212] [8/0]         ^^^^^^^^^^^^^^^^^^^^^^^^^^^^^^^^^^^^^^^^^^^^^^^^^^^^^^^^^^^^^^^^^^^^^^^^^^^^^^^^^^^^^^^^^
E0908 06:45:26.669000 15816 site-packages\torch\_subclasses\fake_tensor.py:3212] [8/0]     )
E0908 06:45:26.669000 15816 site-packages\torch\_subclasses\fake_tensor.py:3212] [8/0]     ^
E0908 06:45:26.669000 15816 site-packages\torch\_subclasses\fake_tensor.py:3212] [8/0]   File "C:\Users\clm\AppData\Local\Python\pythoncore-3.14-64\Lib\site-packages\torch\__init__.py", line 2140, in _check
E0908 06:45:26.669000 15816 site-packages\torch\_subclasses\fake_tensor.py:3212] [8/0]     _check_with(RuntimeError, cond, message)
E0908 06:45:26.669000 15816 site-packages\torch\_subclasses\fake_tensor.py:3212] [8/0]     ~~~~~~~~~~~^^^^^^^^^^^^^^^^^^^^^^^^^^^^^
E0908 06:45:26.669000 15816 site-packages\torch\_subclasses\fake_tensor.py:3212] [8/0]   File "C:\Users\clm\AppData\Local\Python\pythoncore-3.14-64\Lib\site-packages\torch\__init__.py", line 2118, in _check_with
E0908 06:45:26.669000 15816 site-packages\torch\_subclasses\fake_tensor.py:3212] [8/0]     raise error_type(message_evaluated)
E0908 06:45:26.669000 15816 site-packages\torch\_subclasses\fake_tensor.py:3212] [8/0] RuntimeError: expand: attempting to expand a dimension of length 2 -> 1!
E0908 06:45:29.807000 15816 site-packages\torch\_subclasses\fake_tensor.py:3212] [8/0] failed while attempting to run meta for aten.expand.default
E0908 06:45:29.807000 15816 site-packages\torch\_subclasses\fake_tensor.py:3212] [8/0] Traceback (most recent call last):
E0908 06:45:29.807000 15816 site-packages\torch\_subclasses\fake_tensor.py:3212] [8/0]   File "C:\Users\clm\AppData\Local\Python\pythoncore-3.14-64\Lib\site-packages\torch\_subclasses\fake_tensor.py", line 3208, in _dispatch_impl
E0908 06:45:29.807000 15816 site-packages\torch\_subclasses\fake_tensor.py:3212] [8/0]     r = func(*args, **kwargs)
E0908 06:45:29.807000 15816 site-packages\torch\_subclasses\fake_tensor.py:3212] [8/0]   File "C:\Users\clm\AppData\Local\Python\pythoncore-3.14-64\Lib\site-packages\torch\_ops.py", line 916, in __call__
E0908 06:45:29.807000 15816 site-packages\torch\_subclasses\fake_tensor.py:3212] [8/0]     return self._op(*args, **kwargs)
E0908 06:45:29.807000 15816 site-packages\torch\_subclasses\fake_tensor.py:3212] [8/0]            ~~~~~~~~^^^^^^^^^^^^^^^^^
E0908 06:45:29.807000 15816 site-packages\torch\_subclasses\fake_tensor.py:3212] [8/0]   File "C:\Users\clm\AppData\Local\Python\pythoncore-3.14-64\Lib\site-packages\torch\_refs\__init__.py", line 3217, in expand
E0908 06:45:29.807000 15816 site-packages\torch\_subclasses\fake_tensor.py:3212] [8/0]     torch._check(
E0908 06:45:29.807000 15816 site-packages\torch\_subclasses\fake_tensor.py:3212] [8/0]     ~~~~~~~~~~~~^
E0908 06:45:29.807000 15816 site-packages\torch\_subclasses\fake_tensor.py:3212] [8/0]         sym_or(x == 1, requested_length == x),
E0908 06:45:29.807000 15816 site-packages\torch\_subclasses\fake_tensor.py:3212] [8/0]         ^^^^^^^^^^^^^^^^^^^^^^^^^^^^^^^^^^^^^^
E0908 06:45:29.807000 15816 site-packages\torch\_subclasses\fake_tensor.py:3212] [8/0]         lambda: f"expand: attempting to expand a dimension of length {x} -> {requested_length}!",
E0908 06:45:29.807000 15816 site-packages\torch\_subclasses\fake_tensor.py:3212] [8/0]         ^^^^^^^^^^^^^^^^^^^^^^^^^^^^^^^^^^^^^^^^^^^^^^^^^^^^^^^^^^^^^^^^^^^^^^^^^^^^^^^^^^^^^^^^^
E0908 06:45:29.807000 15816 site-packages\torch\_subclasses\fake_tensor.py:3212] [8/0]     )
E0908 06:45:29.807000 15816 site-packages\torch\_subclasses\fake_tensor.py:3212] [8/0]     ^
E0908 06:45:29.807000 15816 site-packages\torch\_subclasses\fake_tensor.py:3212] [8/0]   File "C:\Users\clm\AppData\Local\Python\pythoncore-3.14-64\Lib\site-packages\torch\__init__.py", line 2140, in _check
E0908 06:45:29.807000 15816 site-packages\torch\_subclasses\fake_tensor.py:3212] [8/0]     _check_with(RuntimeError, cond, message)
E0908 06:45:29.807000 15816 site-packages\torch\_subclasses\fake_tensor.py:3212] [8/0]     ~~~~~~~~~~~^^^^^^^^^^^^^^^^^^^^^^^^^^^^^
E0908 06:45:29.807000 15816 site-packages\torch\_subclasses\fake_tensor.py:3212] [8/0]   File "C:\Users\clm\AppData\Local\Python\pythoncore-3.14-64\Lib\site-packages\torch\__init__.py", line 2118, in _check_with
E0908 06:45:29.807000 15816 site-packages\torch\_subclasses\fake_tensor.py:3212] [8/0]     raise error_type(message_evaluated)
E0908 06:45:29.807000 15816 site-packages\torch\_subclasses\fake_tensor.py:3212] [8/0] RuntimeError: expand: attempting to expand a dimension of length 2 -> 1!
E0908 06:45:30.346000 15816 site-packages\torch\_subclasses\fake_tensor.py:3212] [8/0] failed while attempting to run meta for aten.expand.default
E0908 06:45:30.346000 15816 site-packages\torch\_subclasses\fake_tensor.py:3212] [8/0] Traceback (most recent call last):
E0908 06:45:30.346000 15816 site-packages\torch\_subclasses\fake_tensor.py:3212] [8/0]   File "C:\Users\clm\AppData\Local\Python\pythoncore-3.14-64\Lib\site-packages\torch\_subclasses\fake_tensor.py", line 3208, in _dispatch_impl
E0908 06:45:30.346000 15816 site-packages\torch\_subclasses\fake_tensor.py:3212] [8/0]     r = func(*args, **kwargs)
E0908 06:45:30.346000 15816 site-packages\torch\_subclasses\fake_tensor.py:3212] [8/0]   File "C:\Users\clm\AppData\Local\Python\pythoncore-3.14-64\Lib\site-packages\torch\_ops.py", line 916, in __call__
E0908 06:45:30.346000 15816 site-packages\torch\_subclasses\fake_tensor.py:3212] [8/0]     return self._op(*args, **kwargs)
E0908 06:45:30.346000 15816 site-packages\torch\_subclasses\fake_tensor.py:3212] [8/0]            ~~~~~~~~^^^^^^^^^^^^^^^^^
E0908 06:45:30.346000 15816 site-packages\torch\_subclasses\fake_tensor.py:3212] [8/0]   File "C:\Users\clm\AppData\Local\Python\pythoncore-3.14-64\Lib\site-packages\torch\_refs\__init__.py", line 3217, in expand
E0908 06:45:30.346000 15816 site-packages\torch\_subclasses\fake_tensor.py:3212] [8/0]     torch._check(
E0908 06:45:30.346000 15816 site-packages\torch\_subclasses\fake_tensor.py:3212] [8/0]     ~~~~~~~~~~~~^
E0908 06:45:30.346000 15816 site-packages\torch\_subclasses\fake_tensor.py:3212] [8/0]         sym_or(x == 1, requested_length == x),
E0908 06:45:30.346000 15816 site-packages\torch\_subclasses\fake_tensor.py:3212] [8/0]         ^^^^^^^^^^^^^^^^^^^^^^^^^^^^^^^^^^^^^^
E0908 06:45:30.346000 15816 site-packages\torch\_subclasses\fake_tensor.py:3212] [8/0]         lambda: f"expand: attempting to expand a dimension of length {x} -> {requested_length}!",
E0908 06:45:30.346000 15816 site-packages\torch\_subclasses\fake_tensor.py:3212] [8/0]         ^^^^^^^^^^^^^^^^^^^^^^^^^^^^^^^^^^^^^^^^^^^^^^^^^^^^^^^^^^^^^^^^^^^^^^^^^^^^^^^^^^^^^^^^^
E0908 06:45:30.346000 15816 site-packages\torch\_subclasses\fake_tensor.py:3212] [8/0]     )
E0908 06:45:30.346000 15816 site-packages\torch\_subclasses\fake_tensor.py:3212] [8/0]     ^
E0908 06:45:30.346000 15816 site-packages\torch\_subclasses\fake_tensor.py:3212] [8/0]   File "C:\Users\clm\AppData\Local\Python\pythoncore-3.14-64\Lib\site-packages\torch\__init__.py", line 2140, in _check
E0908 06:45:30.346000 15816 site-packages\torch\_subclasses\fake_tensor.py:3212] [8/0]     _check_with(RuntimeError, cond, message)
E0908 06:45:30.346000 15816 site-packages\torch\_subclasses\fake_tensor.py:3212] [8/0]     ~~~~~~~~~~~^^^^^^^^^^^^^^^^^^^^^^^^^^^^^
E0908 06:45:30.346000 15816 site-packages\torch\_subclasses\fake_tensor.py:3212] [8/0]   File "C:\Users\clm\AppData\Local\Python\pythoncore-3.14-64\Lib\site-packages\torch\__init__.py", line 2118, in _check_with
E0908 06:45:30.346000 15816 site-packages\torch\_subclasses\fake_tensor.py:3212] [8/0]     raise error_type(message_evaluated)
E0908 06:45:30.346000 15816 site-packages\torch\_subclasses\fake_tensor.py:3212] [8/0] RuntimeError: expand: attempting to expand a dimension of length 2 -> 1!
E0908 06:45:30.894000 15816 site-packages\torch\_subclasses\fake_tensor.py:3212] [8/0] failed while attempting to run meta for aten.expand.default
E0908 06:45:30.894000 15816 site-packages\torch\_subclasses\fake_tensor.py:3212] [8/0] Traceback (most recent call last):
E0908 06:45:30.894000 15816 site-packages\torch\_subclasses\fake_tensor.py:3212] [8/0]   File "C:\Users\clm\AppData\Local\Python\pythoncore-3.14-64\Lib\site-packages\torch\_subclasses\fake_tensor.py", line 3208, in _dispatch_impl
E0908 06:45:30.894000 15816 site-packages\torch\_subclasses\fake_tensor.py:3212] [8/0]     r = func(*args, **kwargs)
E0908 06:45:30.894000 15816 site-packages\torch\_subclasses\fake_tensor.py:3212] [8/0]   File "C:\Users\clm\AppData\Local\Python\pythoncore-3.14-64\Lib\site-packages\torch\_ops.py", line 916, in __call__
E0908 06:45:30.894000 15816 site-packages\torch\_subclasses\fake_tensor.py:3212] [8/0]     return self._op(*args, **kwargs)
E0908 06:45:30.894000 15816 site-packages\torch\_subclasses\fake_tensor.py:3212] [8/0]            ~~~~~~~~^^^^^^^^^^^^^^^^^
E0908 06:45:30.894000 15816 site-packages\torch\_subclasses\fake_tensor.py:3212] [8/0]   File "C:\Users\clm\AppData\Local\Python\pythoncore-3.14-64\Lib\site-packages\torch\_refs\__init__.py", line 3217, in expand
E0908 06:45:30.894000 15816 site-packages\torch\_subclasses\fake_tensor.py:3212] [8/0]     torch._check(
E0908 06:45:30.894000 15816 site-packages\torch\_subclasses\fake_tensor.py:3212] [8/0]     ~~~~~~~~~~~~^
E0908 06:45:30.894000 15816 site-packages\torch\_subclasses\fake_tensor.py:3212] [8/0]         sym_or(x == 1, requested_length == x),
E0908 06:45:30.894000 15816 site-packages\torch\_subclasses\fake_tensor.py:3212] [8/0]         ^^^^^^^^^^^^^^^^^^^^^^^^^^^^^^^^^^^^^^
E0908 06:45:30.894000 15816 site-packages\torch\_subclasses\fake_tensor.py:3212] [8/0]         lambda: f"expand: attempting to expand a dimension of length {x} -> {requested_length}!",
E0908 06:45:30.894000 15816 site-packages\torch\_subclasses\fake_tensor.py:3212] [8/0]         ^^^^^^^^^^^^^^^^^^^^^^^^^^^^^^^^^^^^^^^^^^^^^^^^^^^^^^^^^^^^^^^^^^^^^^^^^^^^^^^^^^^^^^^^^
E0908 06:45:30.894000 15816 site-packages\torch\_subclasses\fake_tensor.py:3212] [8/0]     )
E0908 06:45:30.894000 15816 site-packages\torch\_subclasses\fake_tensor.py:3212] [8/0]     ^
E0908 06:45:30.894000 15816 site-packages\torch\_subclasses\fake_tensor.py:3212] [8/0]   File "C:\Users\clm\AppData\Local\Python\pythoncore-3.14-64\Lib\site-packages\torch\__init__.py", line 2140, in _check
E0908 06:45:30.894000 15816 site-packages\torch\_subclasses\fake_tensor.py:3212] [8/0]     _check_with(RuntimeError, cond, message)
E0908 06:45:30.894000 15816 site-packages\torch\_subclasses\fake_tensor.py:3212] [8/0]     ~~~~~~~~~~~^^^^^^^^^^^^^^^^^^^^^^^^^^^^^
E0908 06:45:30.894000 15816 site-packages\torch\_subclasses\fake_tensor.py:3212] [8/0]   File "C:\Users\clm\AppData\Local\Python\pythoncore-3.14-64\Lib\site-packages\torch\__init__.py", line 2118, in _check_with
E0908 06:45:30.894000 15816 site-packages\torch\_subclasses\fake_tensor.py:3212] [8/0]     raise error_type(message_evaluated)
E0908 06:45:30.894000 15816 site-packages\torch\_subclasses\fake_tensor.py:3212] [8/0] RuntimeError: expand: attempting to expand a dimension of length 2 -> 1!
E0908 06:45:31.540000 15816 site-packages\torch\_subclasses\fake_tensor.py:3212] [8/0] failed while attempting to run meta for aten.expand.default
E0908 06:45:31.540000 15816 site-packages\torch\_subclasses\fake_tensor.py:3212] [8/0] Traceback (most recent call last):
E0908 06:45:31.540000 15816 site-packages\torch\_subclasses\fake_tensor.py:3212] [8/0]   File "C:\Users\clm\AppData\Local\Python\pythoncore-3.14-64\Lib\site-packages\torch\_subclasses\fake_tensor.py", line 3208, in _dispatch_impl
E0908 06:45:31.540000 15816 site-packages\torch\_subclasses\fake_tensor.py:3212] [8/0]     r = func(*args, **kwargs)
E0908 06:45:31.540000 15816 site-packages\torch\_subclasses\fake_tensor.py:3212] [8/0]   File "C:\Users\clm\AppData\Local\Python\pythoncore-3.14-64\Lib\site-packages\torch\_ops.py", line 916, in __call__
E0908 06:45:31.540000 15816 site-packages\torch\_subclasses\fake_tensor.py:3212] [8/0]     return self._op(*args, **kwargs)
E0908 06:45:31.540000 15816 site-packages\torch\_subclasses\fake_tensor.py:3212] [8/0]            ~~~~~~~~^^^^^^^^^^^^^^^^^
E0908 06:45:31.540000 15816 site-packages\torch\_subclasses\fake_tensor.py:3212] [8/0]   File "C:\Users\clm\AppData\Local\Python\pythoncore-3.14-64\Lib\site-packages\torch\_refs\__init__.py", line 3217, in expand
E0908 06:45:31.540000 15816 site-packages\torch\_subclasses\fake_tensor.py:3212] [8/0]     torch._check(
E0908 06:45:31.540000 15816 site-packages\torch\_subclasses\fake_tensor.py:3212] [8/0]     ~~~~~~~~~~~~^
E0908 06:45:31.540000 15816 site-packages\torch\_subclasses\fake_tensor.py:3212] [8/0]         sym_or(x == 1, requested_length == x),
E0908 06:45:31.540000 15816 site-packages\torch\_subclasses\fake_tensor.py:3212] [8/0]         ^^^^^^^^^^^^^^^^^^^^^^^^^^^^^^^^^^^^^^
E0908 06:45:31.540000 15816 site-packages\torch\_subclasses\fake_tensor.py:3212] [8/0]         lambda: f"expand: attempting to expand a dimension of length {x} -> {requested_length}!",
E0908 06:45:31.540000 15816 site-packages\torch\_subclasses\fake_tensor.py:3212] [8/0]         ^^^^^^^^^^^^^^^^^^^^^^^^^^^^^^^^^^^^^^^^^^^^^^^^^^^^^^^^^^^^^^^^^^^^^^^^^^^^^^^^^^^^^^^^^
E0908 06:45:31.540000 15816 site-packages\torch\_subclasses\fake_tensor.py:3212] [8/0]     )
E0908 06:45:31.540000 15816 site-packages\torch\_subclasses\fake_tensor.py:3212] [8/0]     ^
E0908 06:45:31.540000 15816 site-packages\torch\_subclasses\fake_tensor.py:3212] [8/0]   File "C:\Users\clm\AppData\Local\Python\pythoncore-3.14-64\Lib\site-packages\torch\__init__.py", line 2140, in _check
E0908 06:45:31.540000 15816 site-packages\torch\_subclasses\fake_tensor.py:3212] [8/0]     _check_with(RuntimeError, cond, message)
E0908 06:45:31.540000 15816 site-packages\torch\_subclasses\fake_tensor.py:3212] [8/0]     ~~~~~~~~~~~^^^^^^^^^^^^^^^^^^^^^^^^^^^^^
E0908 06:45:31.540000 15816 site-packages\torch\_subclasses\fake_tensor.py:3212] [8/0]   File "C:\Users\clm\AppData\Local\Python\pythoncore-3.14-64\Lib\site-packages\torch\__init__.py", line 2118, in _check_with
E0908 06:45:31.540000 15816 site-packages\torch\_subclasses\fake_tensor.py:3212] [8/0]     raise error_type(message_evaluated)
E0908 06:45:31.540000 15816 site-packages\torch\_subclasses\fake_tensor.py:3212] [8/0] RuntimeError: expand: attempting to expand a dimension of length 2 -> 1!
E0908 06:45:32.077000 15816 site-packages\torch\_subclasses\fake_tensor.py:3212] [8/0] failed while attempting to run meta for aten.expand.default
E0908 06:45:32.077000 15816 site-packages\torch\_subclasses\fake_tensor.py:3212] [8/0] Traceback (most recent call last):
E0908 06:45:32.077000 15816 site-packages\torch\_subclasses\fake_tensor.py:3212] [8/0]   File "C:\Users\clm\AppData\Local\Python\pythoncore-3.14-64\Lib\site-packages\torch\_subclasses\fake_tensor.py", line 3208, in _dispatch_impl
E0908 06:45:32.077000 15816 site-packages\torch\_subclasses\fake_tensor.py:3212] [8/0]     r = func(*args, **kwargs)
E0908 06:45:32.077000 15816 site-packages\torch\_subclasses\fake_tensor.py:3212] [8/0]   File "C:\Users\clm\AppData\Local\Python\pythoncore-3.14-64\Lib\site-packages\torch\_ops.py", line 916, in __call__
E0908 06:45:32.077000 15816 site-packages\torch\_subclasses\fake_tensor.py:3212] [8/0]     return self._op(*args, **kwargs)
E0908 06:45:32.077000 15816 site-packages\torch\_subclasses\fake_tensor.py:3212] [8/0]            ~~~~~~~~^^^^^^^^^^^^^^^^^
E0908 06:45:32.077000 15816 site-packages\torch\_subclasses\fake_tensor.py:3212] [8/0]   File "C:\Users\clm\AppData\Local\Python\pythoncore-3.14-64\Lib\site-packages\torch\_refs\__init__.py", line 3217, in expand
E0908 06:45:32.077000 15816 site-packages\torch\_subclasses\fake_tensor.py:3212] [8/0]     torch._check(
E0908 06:45:32.077000 15816 site-packages\torch\_subclasses\fake_tensor.py:3212] [8/0]     ~~~~~~~~~~~~^
E0908 06:45:32.077000 15816 site-packages\torch\_subclasses\fake_tensor.py:3212] [8/0]         sym_or(x == 1, requested_length == x),
E0908 06:45:32.077000 15816 site-packages\torch\_subclasses\fake_tensor.py:3212] [8/0]         ^^^^^^^^^^^^^^^^^^^^^^^^^^^^^^^^^^^^^^
E0908 06:45:32.077000 15816 site-packages\torch\_subclasses\fake_tensor.py:3212] [8/0]         lambda: f"expand: attempting to expand a dimension of length {x} -> {requested_length}!",
E0908 06:45:32.077000 15816 site-packages\torch\_subclasses\fake_tensor.py:3212] [8/0]         ^^^^^^^^^^^^^^^^^^^^^^^^^^^^^^^^^^^^^^^^^^^^^^^^^^^^^^^^^^^^^^^^^^^^^^^^^^^^^^^^^^^^^^^^^
E0908 06:45:32.077000 15816 site-packages\torch\_subclasses\fake_tensor.py:3212] [8/0]     )
E0908 06:45:32.077000 15816 site-packages\torch\_subclasses\fake_tensor.py:3212] [8/0]     ^
E0908 06:45:32.077000 15816 site-packages\torch\_subclasses\fake_tensor.py:3212] [8/0]   File "C:\Users\clm\AppData\Local\Python\pythoncore-3.14-64\Lib\site-packages\torch\__init__.py", line 2140, in _check
E0908 06:45:32.077000 15816 site-packages\torch\_subclasses\fake_tensor.py:3212] [8/0]     _check_with(RuntimeError, cond, message)
E0908 06:45:32.077000 15816 site-packages\torch\_subclasses\fake_tensor.py:3212] [8/0]     ~~~~~~~~~~~^^^^^^^^^^^^^^^^^^^^^^^^^^^^^
E0908 06:45:32.077000 15816 site-packages\torch\_subclasses\fake_tensor.py:3212] [8/0]   File "C:\Users\clm\AppData\Local\Python\pythoncore-3.14-64\Lib\site-packages\torch\__init__.py", line 2118, in _check_with
E0908 06:45:32.077000 15816 site-packages\torch\_subclasses\fake_tensor.py:3212] [8/0]     raise error_type(message_evaluated)
E0908 06:45:32.077000 15816 site-packages\torch\_subclasses\fake_tensor.py:3212] [8/0] RuntimeError: expand: attempting to expand a dimension of length 2 -> 1!
E0908 06:45:32.672000 15816 site-packages\torch\_subclasses\fake_tensor.py:3212] [8/0] failed while attempting to run meta for aten.expand.default
E0908 06:45:32.672000 15816 site-packages\torch\_subclasses\fake_tensor.py:3212] [8/0] Traceback (most recent call last):
E0908 06:45:32.672000 15816 site-packages\torch\_subclasses\fake_tensor.py:3212] [8/0]   File "C:\Users\clm\AppData\Local\Python\pythoncore-3.14-64\Lib\site-packages\torch\_subclasses\fake_tensor.py", line 3208, in _dispatch_impl
E0908 06:45:32.672000 15816 site-packages\torch\_subclasses\fake_tensor.py:3212] [8/0]     r = func(*args, **kwargs)
E0908 06:45:32.672000 15816 site-packages\torch\_subclasses\fake_tensor.py:3212] [8/0]   File "C:\Users\clm\AppData\Local\Python\pythoncore-3.14-64\Lib\site-packages\torch\_ops.py", line 916, in __call__
E0908 06:45:32.672000 15816 site-packages\torch\_subclasses\fake_tensor.py:3212] [8/0]     return self._op(*args, **kwargs)
E0908 06:45:32.672000 15816 site-packages\torch\_subclasses\fake_tensor.py:3212] [8/0]            ~~~~~~~~^^^^^^^^^^^^^^^^^
E0908 06:45:32.672000 15816 site-packages\torch\_subclasses\fake_tensor.py:3212] [8/0]   File "C:\Users\clm\AppData\Local\Python\pythoncore-3.14-64\Lib\site-packages\torch\_refs\__init__.py", line 3217, in expand
E0908 06:45:32.672000 15816 site-packages\torch\_subclasses\fake_tensor.py:3212] [8/0]     torch._check(
E0908 06:45:32.672000 15816 site-packages\torch\_subclasses\fake_tensor.py:3212] [8/0]     ~~~~~~~~~~~~^
E0908 06:45:32.672000 15816 site-packages\torch\_subclasses\fake_tensor.py:3212] [8/0]         sym_or(x == 1, requested_length == x),
E0908 06:45:32.672000 15816 site-packages\torch\_subclasses\fake_tensor.py:3212] [8/0]         ^^^^^^^^^^^^^^^^^^^^^^^^^^^^^^^^^^^^^^
E0908 06:45:32.672000 15816 site-packages\torch\_subclasses\fake_tensor.py:3212] [8/0]         lambda: f"expand: attempting to expand a dimension of length {x} -> {requested_length}!",
E0908 06:45:32.672000 15816 site-packages\torch\_subclasses\fake_tensor.py:3212] [8/0]         ^^^^^^^^^^^^^^^^^^^^^^^^^^^^^^^^^^^^^^^^^^^^^^^^^^^^^^^^^^^^^^^^^^^^^^^^^^^^^^^^^^^^^^^^^
E0908 06:45:32.672000 15816 site-packages\torch\_subclasses\fake_tensor.py:3212] [8/0]     )
E0908 06:45:32.672000 15816 site-packages\torch\_subclasses\fake_tensor.py:3212] [8/0]     ^
E0908 06:45:32.672000 15816 site-packages\torch\_subclasses\fake_tensor.py:3212] [8/0]   File "C:\Users\clm\AppData\Local\Python\pythoncore-3.14-64\Lib\site-packages\torch\__init__.py", line 2140, in _check
E0908 06:45:32.672000 15816 site-packages\torch\_subclasses\fake_tensor.py:3212] [8/0]     _check_with(RuntimeError, cond, message)
E0908 06:45:32.672000 15816 site-packages\torch\_subclasses\fake_tensor.py:3212] [8/0]     ~~~~~~~~~~~^^^^^^^^^^^^^^^^^^^^^^^^^^^^^
E0908 06:45:32.672000 15816 site-packages\torch\_subclasses\fake_tensor.py:3212] [8/0]   File "C:\Users\clm\AppData\Local\Python\pythoncore-3.14-64\Lib\site-packages\torch\__init__.py", line 2118, in _check_with
E0908 06:45:32.672000 15816 site-packages\torch\_subclasses\fake_tensor.py:3212] [8/0]     raise error_type(message_evaluated)
E0908 06:45:32.672000 15816 site-packages\torch\_subclasses\fake_tensor.py:3212] [8/0] RuntimeError: expand: attempting to expand a dimension of length 2 -> 1!
E0908 06:45:33.294000 15816 site-packages\torch\_subclasses\fake_tensor.py:3212] [8/0] failed while attempting to run meta for aten.expand.default
E0908 06:45:33.294000 15816 site-packages\torch\_subclasses\fake_tensor.py:3212] [8/0] Traceback (most recent call last):
E0908 06:45:33.294000 15816 site-packages\torch\_subclasses\fake_tensor.py:3212] [8/0]   File "C:\Users\clm\AppData\Local\Python\pythoncore-3.14-64\Lib\site-packages\torch\_subclasses\fake_tensor.py", line 3208, in _dispatch_impl
E0908 06:45:33.294000 15816 site-packages\torch\_subclasses\fake_tensor.py:3212] [8/0]     r = func(*args, **kwargs)
E0908 06:45:33.294000 15816 site-packages\torch\_subclasses\fake_tensor.py:3212] [8/0]   File "C:\Users\clm\AppData\Local\Python\pythoncore-3.14-64\Lib\site-packages\torch\_ops.py", line 916, in __call__
E0908 06:45:33.294000 15816 site-packages\torch\_subclasses\fake_tensor.py:3212] [8/0]     return self._op(*args, **kwargs)
E0908 06:45:33.294000 15816 site-packages\torch\_subclasses\fake_tensor.py:3212] [8/0]            ~~~~~~~~^^^^^^^^^^^^^^^^^
E0908 06:45:33.294000 15816 site-packages\torch\_subclasses\fake_tensor.py:3212] [8/0]   File "C:\Users\clm\AppData\Local\Python\pythoncore-3.14-64\Lib\site-packages\torch\_refs\__init__.py", line 3217, in expand
E0908 06:45:33.294000 15816 site-packages\torch\_subclasses\fake_tensor.py:3212] [8/0]     torch._check(
E0908 06:45:33.294000 15816 site-packages\torch\_subclasses\fake_tensor.py:3212] [8/0]     ~~~~~~~~~~~~^
E0908 06:45:33.294000 15816 site-packages\torch\_subclasses\fake_tensor.py:3212] [8/0]         sym_or(x == 1, requested_length == x),
E0908 06:45:33.294000 15816 site-packages\torch\_subclasses\fake_tensor.py:3212] [8/0]         ^^^^^^^^^^^^^^^^^^^^^^^^^^^^^^^^^^^^^^
E0908 06:45:33.294000 15816 site-packages\torch\_subclasses\fake_tensor.py:3212] [8/0]         lambda: f"expand: attempting to expand a dimension of length {x} -> {requested_length}!",
E0908 06:45:33.294000 15816 site-packages\torch\_subclasses\fake_tensor.py:3212] [8/0]         ^^^^^^^^^^^^^^^^^^^^^^^^^^^^^^^^^^^^^^^^^^^^^^^^^^^^^^^^^^^^^^^^^^^^^^^^^^^^^^^^^^^^^^^^^
E0908 06:45:33.294000 15816 site-packages\torch\_subclasses\fake_tensor.py:3212] [8/0]     )
E0908 06:45:33.294000 15816 site-packages\torch\_subclasses\fake_tensor.py:3212] [8/0]     ^
E0908 06:45:33.294000 15816 site-packages\torch\_subclasses\fake_tensor.py:3212] [8/0]   File "C:\Users\clm\AppData\Local\Python\pythoncore-3.14-64\Lib\site-packages\torch\__init__.py", line 2140, in _check
E0908 06:45:33.294000 15816 site-packages\torch\_subclasses\fake_tensor.py:3212] [8/0]     _check_with(RuntimeError, cond, message)
E0908 06:45:33.294000 15816 site-packages\torch\_subclasses\fake_tensor.py:3212] [8/0]     ~~~~~~~~~~~^^^^^^^^^^^^^^^^^^^^^^^^^^^^^
E0908 06:45:33.294000 15816 site-packages\torch\_subclasses\fake_tensor.py:3212] [8/0]   File "C:\Users\clm\AppData\Local\Python\pythoncore-3.14-64\Lib\site-packages\torch\__init__.py", line 2118, in _check_with
E0908 06:45:33.294000 15816 site-packages\torch\_subclasses\fake_tensor.py:3212] [8/0]     raise error_type(message_evaluated)
E0908 06:45:33.294000 15816 site-packages\torch\_subclasses\fake_tensor.py:3212] [8/0] RuntimeError: expand: attempting to expand a dimension of length 2 -> 1!
E0908 06:46:08.402000 15816 site-packages\torch\_subclasses\fake_tensor.py:3212] [8/0] failed while attempting to run meta for aten.expand.default
E0908 06:46:08.402000 15816 site-packages\torch\_subclasses\fake_tensor.py:3212] [8/0] Traceback (most recent call last):
E0908 06:46:08.402000 15816 site-packages\torch\_subclasses\fake_tensor.py:3212] [8/0]   File "C:\Users\clm\AppData\Local\Python\pythoncore-3.14-64\Lib\site-packages\torch\_subclasses\fake_tensor.py", line 3208, in _dispatch_impl
E0908 06:46:08.402000 15816 site-packages\torch\_subclasses\fake_tensor.py:3212] [8/0]     r = func(*args, **kwargs)
E0908 06:46:08.402000 15816 site-packages\torch\_subclasses\fake_tensor.py:3212] [8/0]   File "C:\Users\clm\AppData\Local\Python\pythoncore-3.14-64\Lib\site-packages\torch\_ops.py", line 916, in __call__
E0908 06:46:08.402000 15816 site-packages\torch\_subclasses\fake_tensor.py:3212] [8/0]     return self._op(*args, **kwargs)
E0908 06:46:08.402000 15816 site-packages\torch\_subclasses\fake_tensor.py:3212] [8/0]            ~~~~~~~~^^^^^^^^^^^^^^^^^
E0908 06:46:08.402000 15816 site-packages\torch\_subclasses\fake_tensor.py:3212] [8/0]   File "C:\Users\clm\AppData\Local\Python\pythoncore-3.14-64\Lib\site-packages\torch\_refs\__init__.py", line 3217, in expand
E0908 06:46:08.402000 15816 site-packages\torch\_subclasses\fake_tensor.py:3212] [8/0]     torch._check(
E0908 06:46:08.402000 15816 site-packages\torch\_subclasses\fake_tensor.py:3212] [8/0]     ~~~~~~~~~~~~^
E0908 06:46:08.402000 15816 site-packages\torch\_subclasses\fake_tensor.py:3212] [8/0]         sym_or(x == 1, requested_length == x),
E0908 06:46:08.402000 15816 site-packages\torch\_subclasses\fake_tensor.py:3212] [8/0]         ^^^^^^^^^^^^^^^^^^^^^^^^^^^^^^^^^^^^^^
E0908 06:46:08.402000 15816 site-packages\torch\_subclasses\fake_tensor.py:3212] [8/0]         lambda: f"expand: attempting to expand a dimension of length {x} -> {requested_length}!",
E0908 06:46:08.402000 15816 site-packages\torch\_subclasses\fake_tensor.py:3212] [8/0]         ^^^^^^^^^^^^^^^^^^^^^^^^^^^^^^^^^^^^^^^^^^^^^^^^^^^^^^^^^^^^^^^^^^^^^^^^^^^^^^^^^^^^^^^^^
E0908 06:46:08.402000 15816 site-packages\torch\_subclasses\fake_tensor.py:3212] [8/0]     )
E0908 06:46:08.402000 15816 site-packages\torch\_subclasses\fake_tensor.py:3212] [8/0]     ^
E0908 06:46:08.402000 15816 site-packages\torch\_subclasses\fake_tensor.py:3212] [8/0]   File "C:\Users\clm\AppData\Local\Python\pythoncore-3.14-64\Lib\site-packages\torch\__init__.py", line 2140, in _check
E0908 06:46:08.402000 15816 site-packages\torch\_subclasses\fake_tensor.py:3212] [8/0]     _check_with(RuntimeError, cond, message)
E0908 06:46:08.402000 15816 site-packages\torch\_subclasses\fake_tensor.py:3212] [8/0]     ~~~~~~~~~~~^^^^^^^^^^^^^^^^^^^^^^^^^^^^^
E0908 06:46:08.402000 15816 site-packages\torch\_subclasses\fake_tensor.py:3212] [8/0]   File "C:\Users\clm\AppData\Local\Python\pythoncore-3.14-64\Lib\site-packages\torch\__init__.py", line 2118, in _check_with
E0908 06:46:08.402000 15816 site-packages\torch\_subclasses\fake_tensor.py:3212] [8/0]     raise error_type(message_evaluated)
E0908 06:46:08.402000 15816 site-packages\torch\_subclasses\fake_tensor.py:3212] [8/0] RuntimeError: expand: attempting to expand a dimension of length 33 -> 1!
E0908 06:46:09.303000 15816 site-packages\torch\_subclasses\fake_tensor.py:3212] [8/0] failed while attempting to run meta for aten.expand.default
E0908 06:46:09.303000 15816 site-packages\torch\_subclasses\fake_tensor.py:3212] [8/0] Traceback (most recent call last):
E0908 06:46:09.303000 15816 site-packages\torch\_subclasses\fake_tensor.py:3212] [8/0]   File "C:\Users\clm\AppData\Local\Python\pythoncore-3.14-64\Lib\site-packages\torch\_subclasses\fake_tensor.py", line 3208, in _dispatch_impl
E0908 06:46:09.303000 15816 site-packages\torch\_subclasses\fake_tensor.py:3212] [8/0]     r = func(*args, **kwargs)
E0908 06:46:09.303000 15816 site-packages\torch\_subclasses\fake_tensor.py:3212] [8/0]   File "C:\Users\clm\AppData\Local\Python\pythoncore-3.14-64\Lib\site-packages\torch\_ops.py", line 916, in __call__
E0908 06:46:09.303000 15816 site-packages\torch\_subclasses\fake_tensor.py:3212] [8/0]     return self._op(*args, **kwargs)
E0908 06:46:09.303000 15816 site-packages\torch\_subclasses\fake_tensor.py:3212] [8/0]            ~~~~~~~~^^^^^^^^^^^^^^^^^
E0908 06:46:09.303000 15816 site-packages\torch\_subclasses\fake_tensor.py:3212] [8/0]   File "C:\Users\clm\AppData\Local\Python\pythoncore-3.14-64\Lib\site-packages\torch\_refs\__init__.py", line 3217, in expand
E0908 06:46:09.303000 15816 site-packages\torch\_subclasses\fake_tensor.py:3212] [8/0]     torch._check(
E0908 06:46:09.303000 15816 site-packages\torch\_subclasses\fake_tensor.py:3212] [8/0]     ~~~~~~~~~~~~^
E0908 06:46:09.303000 15816 site-packages\torch\_subclasses\fake_tensor.py:3212] [8/0]         sym_or(x == 1, requested_length == x),
E0908 06:46:09.303000 15816 site-packages\torch\_subclasses\fake_tensor.py:3212] [8/0]         ^^^^^^^^^^^^^^^^^^^^^^^^^^^^^^^^^^^^^^
E0908 06:46:09.303000 15816 site-packages\torch\_subclasses\fake_tensor.py:3212] [8/0]         lambda: f"expand: attempting to expand a dimension of length {x} -> {requested_length}!",
E0908 06:46:09.303000 15816 site-packages\torch\_subclasses\fake_tensor.py:3212] [8/0]         ^^^^^^^^^^^^^^^^^^^^^^^^^^^^^^^^^^^^^^^^^^^^^^^^^^^^^^^^^^^^^^^^^^^^^^^^^^^^^^^^^^^^^^^^^
E0908 06:46:09.303000 15816 site-packages\torch\_subclasses\fake_tensor.py:3212] [8/0]     )
E0908 06:46:09.303000 15816 site-packages\torch\_subclasses\fake_tensor.py:3212] [8/0]     ^
E0908 06:46:09.303000 15816 site-packages\torch\_subclasses\fake_tensor.py:3212] [8/0]   File "C:\Users\clm\AppData\Local\Python\pythoncore-3.14-64\Lib\site-packages\torch\__init__.py", line 2140, in _check
E0908 06:46:09.303000 15816 site-packages\torch\_subclasses\fake_tensor.py:3212] [8/0]     _check_with(RuntimeError, cond, message)
E0908 06:46:09.303000 15816 site-packages\torch\_subclasses\fake_tensor.py:3212] [8/0]     ~~~~~~~~~~~^^^^^^^^^^^^^^^^^^^^^^^^^^^^^
E0908 06:46:09.303000 15816 site-packages\torch\_subclasses\fake_tensor.py:3212] [8/0]   File "C:\Users\clm\AppData\Local\Python\pythoncore-3.14-64\Lib\site-packages\torch\__init__.py", line 2118, in _check_with
E0908 06:46:09.303000 15816 site-packages\torch\_subclasses\fake_tensor.py:3212] [8/0]     raise error_type(message_evaluated)
E0908 06:46:09.303000 15816 site-packages\torch\_subclasses\fake_tensor.py:3212] [8/0] RuntimeError: expand: attempting to expand a dimension of length 33 -> 1!
E0908 06:46:14.774000 15816 site-packages\torch\_subclasses\fake_tensor.py:3212] [8/0] failed while attempting to run meta for aten.expand.default
E0908 06:46:14.774000 15816 site-packages\torch\_subclasses\fake_tensor.py:3212] [8/0] Traceback (most recent call last):
E0908 06:46:14.774000 15816 site-packages\torch\_subclasses\fake_tensor.py:3212] [8/0]   File "C:\Users\clm\AppData\Local\Python\pythoncore-3.14-64\Lib\site-packages\torch\_subclasses\fake_tensor.py", line 3208, in _dispatch_impl
E0908 06:46:14.774000 15816 site-packages\torch\_subclasses\fake_tensor.py:3212] [8/0]     r = func(*args, **kwargs)
E0908 06:46:14.774000 15816 site-packages\torch\_subclasses\fake_tensor.py:3212] [8/0]   File "C:\Users\clm\AppData\Local\Python\pythoncore-3.14-64\Lib\site-packages\torch\_ops.py", line 916, in __call__
E0908 06:46:14.774000 15816 site-packages\torch\_subclasses\fake_tensor.py:3212] [8/0]     return self._op(*args, **kwargs)
E0908 06:46:14.774000 15816 site-packages\torch\_subclasses\fake_tensor.py:3212] [8/0]            ~~~~~~~~^^^^^^^^^^^^^^^^^
E0908 06:46:14.774000 15816 site-packages\torch\_subclasses\fake_tensor.py:3212] [8/0]   File "C:\Users\clm\AppData\Local\Python\pythoncore-3.14-64\Lib\site-packages\torch\_refs\__init__.py", line 3217, in expand
E0908 06:46:14.774000 15816 site-packages\torch\_subclasses\fake_tensor.py:3212] [8/0]     torch._check(
E0908 06:46:14.774000 15816 site-packages\torch\_subclasses\fake_tensor.py:3212] [8/0]     ~~~~~~~~~~~~^
E0908 06:46:14.774000 15816 site-packages\torch\_subclasses\fake_tensor.py:3212] [8/0]         sym_or(x == 1, requested_length == x),
E0908 06:46:14.774000 15816 site-packages\torch\_subclasses\fake_tensor.py:3212] [8/0]         ^^^^^^^^^^^^^^^^^^^^^^^^^^^^^^^^^^^^^^
E0908 06:46:14.774000 15816 site-packages\torch\_subclasses\fake_tensor.py:3212] [8/0]         lambda: f"expand: attempting to expand a dimension of length {x} -> {requested_length}!",
E0908 06:46:14.774000 15816 site-packages\torch\_subclasses\fake_tensor.py:3212] [8/0]         ^^^^^^^^^^^^^^^^^^^^^^^^^^^^^^^^^^^^^^^^^^^^^^^^^^^^^^^^^^^^^^^^^^^^^^^^^^^^^^^^^^^^^^^^^
E0908 06:46:14.774000 15816 site-packages\torch\_subclasses\fake_tensor.py:3212] [8/0]     )
E0908 06:46:14.774000 15816 site-packages\torch\_subclasses\fake_tensor.py:3212] [8/0]     ^
E0908 06:46:14.774000 15816 site-packages\torch\_subclasses\fake_tensor.py:3212] [8/0]   File "C:\Users\clm\AppData\Local\Python\pythoncore-3.14-64\Lib\site-packages\torch\__init__.py", line 2140, in _check
E0908 06:46:14.774000 15816 site-packages\torch\_subclasses\fake_tensor.py:3212] [8/0]     _check_with(RuntimeError, cond, message)
E0908 06:46:14.774000 15816 site-packages\torch\_subclasses\fake_tensor.py:3212] [8/0]     ~~~~~~~~~~~^^^^^^^^^^^^^^^^^^^^^^^^^^^^^
E0908 06:46:14.774000 15816 site-packages\torch\_subclasses\fake_tensor.py:3212] [8/0]   File "C:\Users\clm\AppData\Local\Python\pythoncore-3.14-64\Lib\site-packages\torch\__init__.py", line 2118, in _check_with
E0908 06:46:14.774000 15816 site-packages\torch\_subclasses\fake_tensor.py:3212] [8/0]     raise error_type(message_evaluated)
E0908 06:46:14.774000 15816 site-packages\torch\_subclasses\fake_tensor.py:3212] [8/0] RuntimeError: expand: attempting to expand a dimension of length 33 -> 1!
E0908 06:46:15.249000 15816 site-packages\torch\_subclasses\fake_tensor.py:3212] [8/0] failed while attempting to run meta for aten.expand.default
E0908 06:46:15.249000 15816 site-packages\torch\_subclasses\fake_tensor.py:3212] [8/0] Traceback (most recent call last):
E0908 06:46:15.249000 15816 site-packages\torch\_subclasses\fake_tensor.py:3212] [8/0]   File "C:\Users\clm\AppData\Local\Python\pythoncore-3.14-64\Lib\site-packages\torch\_subclasses\fake_tensor.py", line 3208, in _dispatch_impl
E0908 06:46:15.249000 15816 site-packages\torch\_subclasses\fake_tensor.py:3212] [8/0]     r = func(*args, **kwargs)
E0908 06:46:15.249000 15816 site-packages\torch\_subclasses\fake_tensor.py:3212] [8/0]   File "C:\Users\clm\AppData\Local\Python\pythoncore-3.14-64\Lib\site-packages\torch\_ops.py", line 916, in __call__
E0908 06:46:15.249000 15816 site-packages\torch\_subclasses\fake_tensor.py:3212] [8/0]     return self._op(*args, **kwargs)
E0908 06:46:15.249000 15816 site-packages\torch\_subclasses\fake_tensor.py:3212] [8/0]            ~~~~~~~~^^^^^^^^^^^^^^^^^
E0908 06:46:15.249000 15816 site-packages\torch\_subclasses\fake_tensor.py:3212] [8/0]   File "C:\Users\clm\AppData\Local\Python\pythoncore-3.14-64\Lib\site-packages\torch\_refs\__init__.py", line 3217, in expand
E0908 06:46:15.249000 15816 site-packages\torch\_subclasses\fake_tensor.py:3212] [8/0]     torch._check(
E0908 06:46:15.249000 15816 site-packages\torch\_subclasses\fake_tensor.py:3212] [8/0]     ~~~~~~~~~~~~^
E0908 06:46:15.249000 15816 site-packages\torch\_subclasses\fake_tensor.py:3212] [8/0]         sym_or(x == 1, requested_length == x),
E0908 06:46:15.249000 15816 site-packages\torch\_subclasses\fake_tensor.py:3212] [8/0]         ^^^^^^^^^^^^^^^^^^^^^^^^^^^^^^^^^^^^^^
E0908 06:46:15.249000 15816 site-packages\torch\_subclasses\fake_tensor.py:3212] [8/0]         lambda: f"expand: attempting to expand a dimension of length {x} -> {requested_length}!",
E0908 06:46:15.249000 15816 site-packages\torch\_subclasses\fake_tensor.py:3212] [8/0]         ^^^^^^^^^^^^^^^^^^^^^^^^^^^^^^^^^^^^^^^^^^^^^^^^^^^^^^^^^^^^^^^^^^^^^^^^^^^^^^^^^^^^^^^^^
E0908 06:46:15.249000 15816 site-packages\torch\_subclasses\fake_tensor.py:3212] [8/0]     )
E0908 06:46:15.249000 15816 site-packages\torch\_subclasses\fake_tensor.py:3212] [8/0]     ^
E0908 06:46:15.249000 15816 site-packages\torch\_subclasses\fake_tensor.py:3212] [8/0]   File "C:\Users\clm\AppData\Local\Python\pythoncore-3.14-64\Lib\site-packages\torch\__init__.py", line 2140, in _check
E0908 06:46:15.249000 15816 site-packages\torch\_subclasses\fake_tensor.py:3212] [8/0]     _check_with(RuntimeError, cond, message)
E0908 06:46:15.249000 15816 site-packages\torch\_subclasses\fake_tensor.py:3212] [8/0]     ~~~~~~~~~~~^^^^^^^^^^^^^^^^^^^^^^^^^^^^^
E0908 06:46:15.249000 15816 site-packages\torch\_subclasses\fake_tensor.py:3212] [8/0]   File "C:\Users\clm\AppData\Local\Python\pythoncore-3.14-64\Lib\site-packages\torch\__init__.py", line 2118, in _check_with
E0908 06:46:15.249000 15816 site-packages\torch\_subclasses\fake_tensor.py:3212] [8/0]     raise error_type(message_evaluated)
E0908 06:46:15.249000 15816 site-packages\torch\_subclasses\fake_tensor.py:3212] [8/0] RuntimeError: expand: attempting to expand a dimension of length 33 -> 1!
E0908 06:46:15.755000 15816 site-packages\torch\_subclasses\fake_tensor.py:3212] [8/0] failed while attempting to run meta for aten.expand.default
E0908 06:46:15.755000 15816 site-packages\torch\_subclasses\fake_tensor.py:3212] [8/0] Traceback (most recent call last):
E0908 06:46:15.755000 15816 site-packages\torch\_subclasses\fake_tensor.py:3212] [8/0]   File "C:\Users\clm\AppData\Local\Python\pythoncore-3.14-64\Lib\site-packages\torch\_subclasses\fake_tensor.py", line 3208, in _dispatch_impl
E0908 06:46:15.755000 15816 site-packages\torch\_subclasses\fake_tensor.py:3212] [8/0]     r = func(*args, **kwargs)
E0908 06:46:15.755000 15816 site-packages\torch\_subclasses\fake_tensor.py:3212] [8/0]   File "C:\Users\clm\AppData\Local\Python\pythoncore-3.14-64\Lib\site-packages\torch\_ops.py", line 916, in __call__
E0908 06:46:15.755000 15816 site-packages\torch\_subclasses\fake_tensor.py:3212] [8/0]     return self._op(*args, **kwargs)
E0908 06:46:15.755000 15816 site-packages\torch\_subclasses\fake_tensor.py:3212] [8/0]            ~~~~~~~~^^^^^^^^^^^^^^^^^
E0908 06:46:15.755000 15816 site-packages\torch\_subclasses\fake_tensor.py:3212] [8/0]   File "C:\Users\clm\AppData\Local\Python\pythoncore-3.14-64\Lib\site-packages\torch\_refs\__init__.py", line 3217, in expand
E0908 06:46:15.755000 15816 site-packages\torch\_subclasses\fake_tensor.py:3212] [8/0]     torch._check(
E0908 06:46:15.755000 15816 site-packages\torch\_subclasses\fake_tensor.py:3212] [8/0]     ~~~~~~~~~~~~^
E0908 06:46:15.755000 15816 site-packages\torch\_subclasses\fake_tensor.py:3212] [8/0]         sym_or(x == 1, requested_length == x),
E0908 06:46:15.755000 15816 site-packages\torch\_subclasses\fake_tensor.py:3212] [8/0]         ^^^^^^^^^^^^^^^^^^^^^^^^^^^^^^^^^^^^^^
E0908 06:46:15.755000 15816 site-packages\torch\_subclasses\fake_tensor.py:3212] [8/0]         lambda: f"expand: attempting to expand a dimension of length {x} -> {requested_length}!",
E0908 06:46:15.755000 15816 site-packages\torch\_subclasses\fake_tensor.py:3212] [8/0]         ^^^^^^^^^^^^^^^^^^^^^^^^^^^^^^^^^^^^^^^^^^^^^^^^^^^^^^^^^^^^^^^^^^^^^^^^^^^^^^^^^^^^^^^^^
E0908 06:46:15.755000 15816 site-packages\torch\_subclasses\fake_tensor.py:3212] [8/0]     )
E0908 06:46:15.755000 15816 site-packages\torch\_subclasses\fake_tensor.py:3212] [8/0]     ^
E0908 06:46:15.755000 15816 site-packages\torch\_subclasses\fake_tensor.py:3212] [8/0]   File "C:\Users\clm\AppData\Local\Python\pythoncore-3.14-64\Lib\site-packages\torch\__init__.py", line 2140, in _check
E0908 06:46:15.755000 15816 site-packages\torch\_subclasses\fake_tensor.py:3212] [8/0]     _check_with(RuntimeError, cond, message)
E0908 06:46:15.755000 15816 site-packages\torch\_subclasses\fake_tensor.py:3212] [8/0]     ~~~~~~~~~~~^^^^^^^^^^^^^^^^^^^^^^^^^^^^^
E0908 06:46:15.755000 15816 site-packages\torch\_subclasses\fake_tensor.py:3212] [8/0]   File "C:\Users\clm\AppData\Local\Python\pythoncore-3.14-64\Lib\site-packages\torch\__init__.py", line 2118, in _check_with
E0908 06:46:15.755000 15816 site-packages\torch\_subclasses\fake_tensor.py:3212] [8/0]     raise error_type(message_evaluated)
E0908 06:46:15.755000 15816 site-packages\torch\_subclasses\fake_tensor.py:3212] [8/0] RuntimeError: expand: attempting to expand a dimension of length 33 -> 1!
E0908 06:46:16.385000 15816 site-packages\torch\_subclasses\fake_tensor.py:3212] [8/0] failed while attempting to run meta for aten.expand.default
E0908 06:46:16.385000 15816 site-packages\torch\_subclasses\fake_tensor.py:3212] [8/0] Traceback (most recent call last):
E0908 06:46:16.385000 15816 site-packages\torch\_subclasses\fake_tensor.py:3212] [8/0]   File "C:\Users\clm\AppData\Local\Python\pythoncore-3.14-64\Lib\site-packages\torch\_subclasses\fake_tensor.py", line 3208, in _dispatch_impl
E0908 06:46:16.385000 15816 site-packages\torch\_subclasses\fake_tensor.py:3212] [8/0]     r = func(*args, **kwargs)
E0908 06:46:16.385000 15816 site-packages\torch\_subclasses\fake_tensor.py:3212] [8/0]   File "C:\Users\clm\AppData\Local\Python\pythoncore-3.14-64\Lib\site-packages\torch\_ops.py", line 916, in __call__
E0908 06:46:16.385000 15816 site-packages\torch\_subclasses\fake_tensor.py:3212] [8/0]     return self._op(*args, **kwargs)
E0908 06:46:16.385000 15816 site-packages\torch\_subclasses\fake_tensor.py:3212] [8/0]            ~~~~~~~~^^^^^^^^^^^^^^^^^
E0908 06:46:16.385000 15816 site-packages\torch\_subclasses\fake_tensor.py:3212] [8/0]   File "C:\Users\clm\AppData\Local\Python\pythoncore-3.14-64\Lib\site-packages\torch\_refs\__init__.py", line 3217, in expand
E0908 06:46:16.385000 15816 site-packages\torch\_subclasses\fake_tensor.py:3212] [8/0]     torch._check(
E0908 06:46:16.385000 15816 site-packages\torch\_subclasses\fake_tensor.py:3212] [8/0]     ~~~~~~~~~~~~^
E0908 06:46:16.385000 15816 site-packages\torch\_subclasses\fake_tensor.py:3212] [8/0]         sym_or(x == 1, requested_length == x),
E0908 06:46:16.385000 15816 site-packages\torch\_subclasses\fake_tensor.py:3212] [8/0]         ^^^^^^^^^^^^^^^^^^^^^^^^^^^^^^^^^^^^^^
E0908 06:46:16.385000 15816 site-packages\torch\_subclasses\fake_tensor.py:3212] [8/0]         lambda: f"expand: attempting to expand a dimension of length {x} -> {requested_length}!",
E0908 06:46:16.385000 15816 site-packages\torch\_subclasses\fake_tensor.py:3212] [8/0]         ^^^^^^^^^^^^^^^^^^^^^^^^^^^^^^^^^^^^^^^^^^^^^^^^^^^^^^^^^^^^^^^^^^^^^^^^^^^^^^^^^^^^^^^^^
E0908 06:46:16.385000 15816 site-packages\torch\_subclasses\fake_tensor.py:3212] [8/0]     )
E0908 06:46:16.385000 15816 site-packages\torch\_subclasses\fake_tensor.py:3212] [8/0]     ^
E0908 06:46:16.385000 15816 site-packages\torch\_subclasses\fake_tensor.py:3212] [8/0]   File "C:\Users\clm\AppData\Local\Python\pythoncore-3.14-64\Lib\site-packages\torch\__init__.py", line 2140, in _check
E0908 06:46:16.385000 15816 site-packages\torch\_subclasses\fake_tensor.py:3212] [8/0]     _check_with(RuntimeError, cond, message)
E0908 06:46:16.385000 15816 site-packages\torch\_subclasses\fake_tensor.py:3212] [8/0]     ~~~~~~~~~~~^^^^^^^^^^^^^^^^^^^^^^^^^^^^^
E0908 06:46:16.385000 15816 site-packages\torch\_subclasses\fake_tensor.py:3212] [8/0]   File "C:\Users\clm\AppData\Local\Python\pythoncore-3.14-64\Lib\site-packages\torch\__init__.py", line 2118, in _check_with
E0908 06:46:16.385000 15816 site-packages\torch\_subclasses\fake_tensor.py:3212] [8/0]     raise error_type(message_evaluated)
E0908 06:46:16.385000 15816 site-packages\torch\_subclasses\fake_tensor.py:3212] [8/0] RuntimeError: expand: attempting to expand a dimension of length 33 -> 1!
E0908 06:46:16.844000 15816 site-packages\torch\_subclasses\fake_tensor.py:3212] [8/0] failed while attempting to run meta for aten.expand.default
E0908 06:46:16.844000 15816 site-packages\torch\_subclasses\fake_tensor.py:3212] [8/0] Traceback (most recent call last):
E0908 06:46:16.844000 15816 site-packages\torch\_subclasses\fake_tensor.py:3212] [8/0]   File "C:\Users\clm\AppData\Local\Python\pythoncore-3.14-64\Lib\site-packages\torch\_subclasses\fake_tensor.py", line 3208, in _dispatch_impl
E0908 06:46:16.844000 15816 site-packages\torch\_subclasses\fake_tensor.py:3212] [8/0]     r = func(*args, **kwargs)
E0908 06:46:16.844000 15816 site-packages\torch\_subclasses\fake_tensor.py:3212] [8/0]   File "C:\Users\clm\AppData\Local\Python\pythoncore-3.14-64\Lib\site-packages\torch\_ops.py", line 916, in __call__
E0908 06:46:16.844000 15816 site-packages\torch\_subclasses\fake_tensor.py:3212] [8/0]     return self._op(*args, **kwargs)
E0908 06:46:16.844000 15816 site-packages\torch\_subclasses\fake_tensor.py:3212] [8/0]            ~~~~~~~~^^^^^^^^^^^^^^^^^
E0908 06:46:16.844000 15816 site-packages\torch\_subclasses\fake_tensor.py:3212] [8/0]   File "C:\Users\clm\AppData\Local\Python\pythoncore-3.14-64\Lib\site-packages\torch\_refs\__init__.py", line 3217, in expand
E0908 06:46:16.844000 15816 site-packages\torch\_subclasses\fake_tensor.py:3212] [8/0]     torch._check(
E0908 06:46:16.844000 15816 site-packages\torch\_subclasses\fake_tensor.py:3212] [8/0]     ~~~~~~~~~~~~^
E0908 06:46:16.844000 15816 site-packages\torch\_subclasses\fake_tensor.py:3212] [8/0]         sym_or(x == 1, requested_length == x),
E0908 06:46:16.844000 15816 site-packages\torch\_subclasses\fake_tensor.py:3212] [8/0]         ^^^^^^^^^^^^^^^^^^^^^^^^^^^^^^^^^^^^^^
E0908 06:46:16.844000 15816 site-packages\torch\_subclasses\fake_tensor.py:3212] [8/0]         lambda: f"expand: attempting to expand a dimension of length {x} -> {requested_length}!",
E0908 06:46:16.844000 15816 site-packages\torch\_subclasses\fake_tensor.py:3212] [8/0]         ^^^^^^^^^^^^^^^^^^^^^^^^^^^^^^^^^^^^^^^^^^^^^^^^^^^^^^^^^^^^^^^^^^^^^^^^^^^^^^^^^^^^^^^^^
E0908 06:46:16.844000 15816 site-packages\torch\_subclasses\fake_tensor.py:3212] [8/0]     )
E0908 06:46:16.844000 15816 site-packages\torch\_subclasses\fake_tensor.py:3212] [8/0]     ^
E0908 06:46:16.844000 15816 site-packages\torch\_subclasses\fake_tensor.py:3212] [8/0]   File "C:\Users\clm\AppData\Local\Python\pythoncore-3.14-64\Lib\site-packages\torch\__init__.py", line 2140, in _check
E0908 06:46:16.844000 15816 site-packages\torch\_subclasses\fake_tensor.py:3212] [8/0]     _check_with(RuntimeError, cond, message)
E0908 06:46:16.844000 15816 site-packages\torch\_subclasses\fake_tensor.py:3212] [8/0]     ~~~~~~~~~~~^^^^^^^^^^^^^^^^^^^^^^^^^^^^^
E0908 06:46:16.844000 15816 site-packages\torch\_subclasses\fake_tensor.py:3212] [8/0]   File "C:\Users\clm\AppData\Local\Python\pythoncore-3.14-64\Lib\site-packages\torch\__init__.py", line 2118, in _check_with
E0908 06:46:16.844000 15816 site-packages\torch\_subclasses\fake_tensor.py:3212] [8/0]     raise error_type(message_evaluated)
E0908 06:46:16.844000 15816 site-packages\torch\_subclasses\fake_tensor.py:3212] [8/0] RuntimeError: expand: attempting to expand a dimension of length 33 -> 1!
E0908 06:46:17.372000 15816 site-packages\torch\_subclasses\fake_tensor.py:3212] [8/0] failed while attempting to run meta for aten.expand.default
E0908 06:46:17.372000 15816 site-packages\torch\_subclasses\fake_tensor.py:3212] [8/0] Traceback (most recent call last):
E0908 06:46:17.372000 15816 site-packages\torch\_subclasses\fake_tensor.py:3212] [8/0]   File "C:\Users\clm\AppData\Local\Python\pythoncore-3.14-64\Lib\site-packages\torch\_subclasses\fake_tensor.py", line 3208, in _dispatch_impl
E0908 06:46:17.372000 15816 site-packages\torch\_subclasses\fake_tensor.py:3212] [8/0]     r = func(*args, **kwargs)
E0908 06:46:17.372000 15816 site-packages\torch\_subclasses\fake_tensor.py:3212] [8/0]   File "C:\Users\clm\AppData\Local\Python\pythoncore-3.14-64\Lib\site-packages\torch\_ops.py", line 916, in __call__
E0908 06:46:17.372000 15816 site-packages\torch\_subclasses\fake_tensor.py:3212] [8/0]     return self._op(*args, **kwargs)
E0908 06:46:17.372000 15816 site-packages\torch\_subclasses\fake_tensor.py:3212] [8/0]            ~~~~~~~~^^^^^^^^^^^^^^^^^
E0908 06:46:17.372000 15816 site-packages\torch\_subclasses\fake_tensor.py:3212] [8/0]   File "C:\Users\clm\AppData\Local\Python\pythoncore-3.14-64\Lib\site-packages\torch\_refs\__init__.py", line 3217, in expand
E0908 06:46:17.372000 15816 site-packages\torch\_subclasses\fake_tensor.py:3212] [8/0]     torch._check(
E0908 06:46:17.372000 15816 site-packages\torch\_subclasses\fake_tensor.py:3212] [8/0]     ~~~~~~~~~~~~^
E0908 06:46:17.372000 15816 site-packages\torch\_subclasses\fake_tensor.py:3212] [8/0]         sym_or(x == 1, requested_length == x),
E0908 06:46:17.372000 15816 site-packages\torch\_subclasses\fake_tensor.py:3212] [8/0]         ^^^^^^^^^^^^^^^^^^^^^^^^^^^^^^^^^^^^^^
E0908 06:46:17.372000 15816 site-packages\torch\_subclasses\fake_tensor.py:3212] [8/0]         lambda: f"expand: attempting to expand a dimension of length {x} -> {requested_length}!",
E0908 06:46:17.372000 15816 site-packages\torch\_subclasses\fake_tensor.py:3212] [8/0]         ^^^^^^^^^^^^^^^^^^^^^^^^^^^^^^^^^^^^^^^^^^^^^^^^^^^^^^^^^^^^^^^^^^^^^^^^^^^^^^^^^^^^^^^^^
E0908 06:46:17.372000 15816 site-packages\torch\_subclasses\fake_tensor.py:3212] [8/0]     )
E0908 06:46:17.372000 15816 site-packages\torch\_subclasses\fake_tensor.py:3212] [8/0]     ^
E0908 06:46:17.372000 15816 site-packages\torch\_subclasses\fake_tensor.py:3212] [8/0]   File "C:\Users\clm\AppData\Local\Python\pythoncore-3.14-64\Lib\site-packages\torch\__init__.py", line 2140, in _check
E0908 06:46:17.372000 15816 site-packages\torch\_subclasses\fake_tensor.py:3212] [8/0]     _check_with(RuntimeError, cond, message)
E0908 06:46:17.372000 15816 site-packages\torch\_subclasses\fake_tensor.py:3212] [8/0]     ~~~~~~~~~~~^^^^^^^^^^^^^^^^^^^^^^^^^^^^^
E0908 06:46:17.372000 15816 site-packages\torch\_subclasses\fake_tensor.py:3212] [8/0]   File "C:\Users\clm\AppData\Local\Python\pythoncore-3.14-64\Lib\site-packages\torch\__init__.py", line 2118, in _check_with
E0908 06:46:17.372000 15816 site-packages\torch\_subclasses\fake_tensor.py:3212] [8/0]     raise error_type(message_evaluated)
E0908 06:46:17.372000 15816 site-packages\torch\_subclasses\fake_tensor.py:3212] [8/0] RuntimeError: expand: attempting to expand a dimension of length 33 -> 1!
E0908 06:46:17.944000 15816 site-packages\torch\_subclasses\fake_tensor.py:3212] [8/0] failed while attempting to run meta for aten.expand.default
E0908 06:46:17.944000 15816 site-packages\torch\_subclasses\fake_tensor.py:3212] [8/0] Traceback (most recent call last):
E0908 06:46:17.944000 15816 site-packages\torch\_subclasses\fake_tensor.py:3212] [8/0]   File "C:\Users\clm\AppData\Local\Python\pythoncore-3.14-64\Lib\site-packages\torch\_subclasses\fake_tensor.py", line 3208, in _dispatch_impl
E0908 06:46:17.944000 15816 site-packages\torch\_subclasses\fake_tensor.py:3212] [8/0]     r = func(*args, **kwargs)
E0908 06:46:17.944000 15816 site-packages\torch\_subclasses\fake_tensor.py:3212] [8/0]   File "C:\Users\clm\AppData\Local\Python\pythoncore-3.14-64\Lib\site-packages\torch\_ops.py", line 916, in __call__
E0908 06:46:17.944000 15816 site-packages\torch\_subclasses\fake_tensor.py:3212] [8/0]     return self._op(*args, **kwargs)
E0908 06:46:17.944000 15816 site-packages\torch\_subclasses\fake_tensor.py:3212] [8/0]            ~~~~~~~~^^^^^^^^^^^^^^^^^
E0908 06:46:17.944000 15816 site-packages\torch\_subclasses\fake_tensor.py:3212] [8/0]   File "C:\Users\clm\AppData\Local\Python\pythoncore-3.14-64\Lib\site-packages\torch\_refs\__init__.py", line 3217, in expand
E0908 06:46:17.944000 15816 site-packages\torch\_subclasses\fake_tensor.py:3212] [8/0]     torch._check(
E0908 06:46:17.944000 15816 site-packages\torch\_subclasses\fake_tensor.py:3212] [8/0]     ~~~~~~~~~~~~^
E0908 06:46:17.944000 15816 site-packages\torch\_subclasses\fake_tensor.py:3212] [8/0]         sym_or(x == 1, requested_length == x),
E0908 06:46:17.944000 15816 site-packages\torch\_subclasses\fake_tensor.py:3212] [8/0]         ^^^^^^^^^^^^^^^^^^^^^^^^^^^^^^^^^^^^^^
E0908 06:46:17.944000 15816 site-packages\torch\_subclasses\fake_tensor.py:3212] [8/0]         lambda: f"expand: attempting to expand a dimension of length {x} -> {requested_length}!",
E0908 06:46:17.944000 15816 site-packages\torch\_subclasses\fake_tensor.py:3212] [8/0]         ^^^^^^^^^^^^^^^^^^^^^^^^^^^^^^^^^^^^^^^^^^^^^^^^^^^^^^^^^^^^^^^^^^^^^^^^^^^^^^^^^^^^^^^^^
E0908 06:46:17.944000 15816 site-packages\torch\_subclasses\fake_tensor.py:3212] [8/0]     )
E0908 06:46:17.944000 15816 site-packages\torch\_subclasses\fake_tensor.py:3212] [8/0]     ^
E0908 06:46:17.944000 15816 site-packages\torch\_subclasses\fake_tensor.py:3212] [8/0]   File "C:\Users\clm\AppData\Local\Python\pythoncore-3.14-64\Lib\site-packages\torch\__init__.py", line 2140, in _check
E0908 06:46:17.944000 15816 site-packages\torch\_subclasses\fake_tensor.py:3212] [8/0]     _check_with(RuntimeError, cond, message)
E0908 06:46:17.944000 15816 site-packages\torch\_subclasses\fake_tensor.py:3212] [8/0]     ~~~~~~~~~~~^^^^^^^^^^^^^^^^^^^^^^^^^^^^^
E0908 06:46:17.944000 15816 site-packages\torch\_subclasses\fake_tensor.py:3212] [8/0]   File "C:\Users\clm\AppData\Local\Python\pythoncore-3.14-64\Lib\site-packages\torch\__init__.py", line 2118, in _check_with
E0908 06:46:17.944000 15816 site-packages\torch\_subclasses\fake_tensor.py:3212] [8/0]     raise error_type(message_evaluated)
E0908 06:46:17.944000 15816 site-packages\torch\_subclasses\fake_tensor.py:3212] [8/0] RuntimeError: expand: attempting to expand a dimension of length 33 -> 1!
  nnsmith_100003           4 candidate(s), 0 submittable, 24 tests, 284 compiles  [88.1s]
      info   none                   dtype                97541e82b64b
      info   none                   requires_grad        1d30f7707696
      low    dynamo_capture         resize               ef3585a82404
      info   none                   layout               4d3d0365fc14
  nnsmith_100004           0 candidate(s), 0 submittable, 24 tests, 546 compiles  [89.9s]
W0908 06:50:33.541000 15816 site-packages\torch\_dynamo\convert_frame.py:2008] [6/8] torch._dynamo hit config.recompile_limit (8)
W0908 06:50:33.541000 15816 site-packages\torch\_dynamo\convert_frame.py:2008] [6/8]    function: 'numeric_valid' (C:\Users\clm\AppData\Local\Python\pythoncore-3.14-64\Lib\site-packages\nnsmith\materialize\torch\numeric.py:7)
W0908 06:50:33.541000 15816 site-packages\torch\_dynamo\convert_frame.py:2008] [6/8]    last reason: 6/7: outputs[0].stride()[0] == outputs[0].size()[3]*outputs[0].size()[4]*outputs[0].size()[1]*outputs[0].size()[2]  # (unknown source outputs[0].stride()[0], please file a bug)
W0908 06:50:33.541000 15816 site-packages\torch\_dynamo\convert_frame.py:2008] [6/8] To log all recompilation reasons, use TORCH_LOGS="recompiles".
W0908 06:50:33.541000 15816 site-packages\torch\_dynamo\convert_frame.py:2008] [6/8] To diagnose recompilation issues, see https://docs.pytorch.org/docs/main/user_guide/torch_compiler/compile/programming_model.recompilation.html
W0908 06:50:40.624000 15816 site-packages\torch\_dynamo\convert_frame.py:2008] [6/8] torch._dynamo hit config.recompile_limit (8)
W0908 06:50:40.624000 15816 site-packages\torch\_dynamo\convert_frame.py:2008] [6/8]    function: 'numeric_valid' (C:\Users\clm\AppData\Local\Python\pythoncore-3.14-64\Lib\site-packages\nnsmith\materialize\torch\numeric.py:7)
W0908 06:50:40.624000 15816 site-packages\torch\_dynamo\convert_frame.py:2008] [6/8]    last reason: 6/7: outputs[0].stride()[0] == outputs[0].size()[3]*outputs[0].size()[4]*outputs[0].size()[1]*outputs[0].size()[2]  # (unknown source outputs[0].stride()[0], please file a bug)
W0908 06:50:40.624000 15816 site-packages\torch\_dynamo\convert_frame.py:2008] [6/8] To log all recompilation reasons, use TORCH_LOGS="recompiles".
W0908 06:50:40.624000 15816 site-packages\torch\_dynamo\convert_frame.py:2008] [6/8] To diagnose recompilation issues, see https://docs.pytorch.org/docs/main/user_guide/torch_compiler/compile/programming_model.recompilation.html
  nnsmith_100005           0 candidate(s), 0 submittable, 24 tests, 687 compiles  [257.7s]
  nnsmith_100006           0 candidate(s), 0 submittable, 24 tests, 239 compiles  [80.8s]
  nnsmith_100007           0 candidate(s), 0 submittable, 24 tests, 866 compiles  [273.5s]
E0908 06:59:33.277000 15816 site-packages\torch\_subclasses\fake_tensor.py:3212] [3/0] failed while attempting to run meta for aten.expand.default
E0908 06:59:33.277000 15816 site-packages\torch\_subclasses\fake_tensor.py:3212] [3/0] Traceback (most recent call last):
E0908 06:59:33.277000 15816 site-packages\torch\_subclasses\fake_tensor.py:3212] [3/0]   File "C:\Users\clm\AppData\Local\Python\pythoncore-3.14-64\Lib\site-packages\torch\_subclasses\fake_tensor.py", line 3208, in _dispatch_impl
E0908 06:59:33.277000 15816 site-packages\torch\_subclasses\fake_tensor.py:3212] [3/0]     r = func(*args, **kwargs)
E0908 06:59:33.277000 15816 site-packages\torch\_subclasses\fake_tensor.py:3212] [3/0]   File "C:\Users\clm\AppData\Local\Python\pythoncore-3.14-64\Lib\site-packages\torch\_ops.py", line 916, in __call__
E0908 06:59:33.277000 15816 site-packages\torch\_subclasses\fake_tensor.py:3212] [3/0]     return self._op(*args, **kwargs)
E0908 06:59:33.277000 15816 site-packages\torch\_subclasses\fake_tensor.py:3212] [3/0]            ~~~~~~~~^^^^^^^^^^^^^^^^^
E0908 06:59:33.277000 15816 site-packages\torch\_subclasses\fake_tensor.py:3212] [3/0]   File "C:\Users\clm\AppData\Local\Python\pythoncore-3.14-64\Lib\site-packages\torch\_refs\__init__.py", line 3217, in expand
E0908 06:59:33.277000 15816 site-packages\torch\_subclasses\fake_tensor.py:3212] [3/0]     torch._check(
E0908 06:59:33.277000 15816 site-packages\torch\_subclasses\fake_tensor.py:3212] [3/0]     ~~~~~~~~~~~~^
E0908 06:59:33.277000 15816 site-packages\torch\_subclasses\fake_tensor.py:3212] [3/0]         sym_or(x == 1, requested_length == x),
E0908 06:59:33.277000 15816 site-packages\torch\_subclasses\fake_tensor.py:3212] [3/0]         ^^^^^^^^^^^^^^^^^^^^^^^^^^^^^^^^^^^^^^
E0908 06:59:33.277000 15816 site-packages\torch\_subclasses\fake_tensor.py:3212] [3/0]         lambda: f"expand: attempting to expand a dimension of length {x} -> {requested_length}!",
E0908 06:59:33.277000 15816 site-packages\torch\_subclasses\fake_tensor.py:3212] [3/0]         ^^^^^^^^^^^^^^^^^^^^^^^^^^^^^^^^^^^^^^^^^^^^^^^^^^^^^^^^^^^^^^^^^^^^^^^^^^^^^^^^^^^^^^^^^
E0908 06:59:33.277000 15816 site-packages\torch\_subclasses\fake_tensor.py:3212] [3/0]     )
E0908 06:59:33.277000 15816 site-packages\torch\_subclasses\fake_tensor.py:3212] [3/0]     ^
E0908 06:59:33.277000 15816 site-packages\torch\_subclasses\fake_tensor.py:3212] [3/0]   File "C:\Users\clm\AppData\Local\Python\pythoncore-3.14-64\Lib\site-packages\torch\__init__.py", line 2140, in _check
E0908 06:59:33.277000 15816 site-packages\torch\_subclasses\fake_tensor.py:3212] [3/0]     _check_with(RuntimeError, cond, message)
E0908 06:59:33.277000 15816 site-packages\torch\_subclasses\fake_tensor.py:3212] [3/0]     ~~~~~~~~~~~^^^^^^^^^^^^^^^^^^^^^^^^^^^^^
E0908 06:59:33.277000 15816 site-packages\torch\_subclasses\fake_tensor.py:3212] [3/0]   File "C:\Users\clm\AppData\Local\Python\pythoncore-3.14-64\Lib\site-packages\torch\__init__.py", line 2118, in _check_with
E0908 06:59:33.277000 15816 site-packages\torch\_subclasses\fake_tensor.py:3212] [3/0]     raise error_type(message_evaluated)
E0908 06:59:33.277000 15816 site-packages\torch\_subclasses\fake_tensor.py:3212] [3/0] RuntimeError: expand: attempting to expand a dimension of length 2 -> 1!
E0908 06:59:33.531000 15816 site-packages\torch\_subclasses\fake_tensor.py:3212] [3/0] failed while attempting to run meta for aten.expand.default
E0908 06:59:33.531000 15816 site-packages\torch\_subclasses\fake_tensor.py:3212] [3/0] Traceback (most recent call last):
E0908 06:59:33.531000 15816 site-packages\torch\_subclasses\fake_tensor.py:3212] [3/0]   File "C:\Users\clm\AppData\Local\Python\pythoncore-3.14-64\Lib\site-packages\torch\_subclasses\fake_tensor.py", line 3208, in _dispatch_impl
E0908 06:59:33.531000 15816 site-packages\torch\_subclasses\fake_tensor.py:3212] [3/0]     r = func(*args, **kwargs)
E0908 06:59:33.531000 15816 site-packages\torch\_subclasses\fake_tensor.py:3212] [3/0]   File "C:\Users\clm\AppData\Local\Python\pythoncore-3.14-64\Lib\site-packages\torch\_ops.py", line 916, in __call__
E0908 06:59:33.531000 15816 site-packages\torch\_subclasses\fake_tensor.py:3212] [3/0]     return self._op(*args, **kwargs)
E0908 06:59:33.531000 15816 site-packages\torch\_subclasses\fake_tensor.py:3212] [3/0]            ~~~~~~~~^^^^^^^^^^^^^^^^^
E0908 06:59:33.531000 15816 site-packages\torch\_subclasses\fake_tensor.py:3212] [3/0]   File "C:\Users\clm\AppData\Local\Python\pythoncore-3.14-64\Lib\site-packages\torch\_refs\__init__.py", line 3217, in expand
E0908 06:59:33.531000 15816 site-packages\torch\_subclasses\fake_tensor.py:3212] [3/0]     torch._check(
E0908 06:59:33.531000 15816 site-packages\torch\_subclasses\fake_tensor.py:3212] [3/0]     ~~~~~~~~~~~~^
E0908 06:59:33.531000 15816 site-packages\torch\_subclasses\fake_tensor.py:3212] [3/0]         sym_or(x == 1, requested_length == x),
E0908 06:59:33.531000 15816 site-packages\torch\_subclasses\fake_tensor.py:3212] [3/0]         ^^^^^^^^^^^^^^^^^^^^^^^^^^^^^^^^^^^^^^
E0908 06:59:33.531000 15816 site-packages\torch\_subclasses\fake_tensor.py:3212] [3/0]         lambda: f"expand: attempting to expand a dimension of length {x} -> {requested_length}!",
E0908 06:59:33.531000 15816 site-packages\torch\_subclasses\fake_tensor.py:3212] [3/0]         ^^^^^^^^^^^^^^^^^^^^^^^^^^^^^^^^^^^^^^^^^^^^^^^^^^^^^^^^^^^^^^^^^^^^^^^^^^^^^^^^^^^^^^^^^
E0908 06:59:33.531000 15816 site-packages\torch\_subclasses\fake_tensor.py:3212] [3/0]     )
E0908 06:59:33.531000 15816 site-packages\torch\_subclasses\fake_tensor.py:3212] [3/0]     ^
E0908 06:59:33.531000 15816 site-packages\torch\_subclasses\fake_tensor.py:3212] [3/0]   File "C:\Users\clm\AppData\Local\Python\pythoncore-3.14-64\Lib\site-packages\torch\__init__.py", line 2140, in _check
E0908 06:59:33.531000 15816 site-packages\torch\_subclasses\fake_tensor.py:3212] [3/0]     _check_with(RuntimeError, cond, message)
E0908 06:59:33.531000 15816 site-packages\torch\_subclasses\fake_tensor.py:3212] [3/0]     ~~~~~~~~~~~^^^^^^^^^^^^^^^^^^^^^^^^^^^^^
E0908 06:59:33.531000 15816 site-packages\torch\_subclasses\fake_tensor.py:3212] [3/0]   File "C:\Users\clm\AppData\Local\Python\pythoncore-3.14-64\Lib\site-packages\torch\__init__.py", line 2118, in _check_with
E0908 06:59:33.531000 15816 site-packages\torch\_subclasses\fake_tensor.py:3212] [3/0]     raise error_type(message_evaluated)
E0908 06:59:33.531000 15816 site-packages\torch\_subclasses\fake_tensor.py:3212] [3/0] RuntimeError: expand: attempting to expand a dimension of length 2 -> 1!
E0908 06:59:33.776000 15816 site-packages\torch\_subclasses\fake_tensor.py:3212] [3/0] failed while attempting to run meta for aten.expand.default
E0908 06:59:33.776000 15816 site-packages\torch\_subclasses\fake_tensor.py:3212] [3/0] Traceback (most recent call last):
E0908 06:59:33.776000 15816 site-packages\torch\_subclasses\fake_tensor.py:3212] [3/0]   File "C:\Users\clm\AppData\Local\Python\pythoncore-3.14-64\Lib\site-packages\torch\_subclasses\fake_tensor.py", line 3208, in _dispatch_impl
E0908 06:59:33.776000 15816 site-packages\torch\_subclasses\fake_tensor.py:3212] [3/0]     r = func(*args, **kwargs)
E0908 06:59:33.776000 15816 site-packages\torch\_subclasses\fake_tensor.py:3212] [3/0]   File "C:\Users\clm\AppData\Local\Python\pythoncore-3.14-64\Lib\site-packages\torch\_ops.py", line 916, in __call__
E0908 06:59:33.776000 15816 site-packages\torch\_subclasses\fake_tensor.py:3212] [3/0]     return self._op(*args, **kwargs)
E0908 06:59:33.776000 15816 site-packages\torch\_subclasses\fake_tensor.py:3212] [3/0]            ~~~~~~~~^^^^^^^^^^^^^^^^^
E0908 06:59:33.776000 15816 site-packages\torch\_subclasses\fake_tensor.py:3212] [3/0]   File "C:\Users\clm\AppData\Local\Python\pythoncore-3.14-64\Lib\site-packages\torch\_refs\__init__.py", line 3217, in expand
E0908 06:59:33.776000 15816 site-packages\torch\_subclasses\fake_tensor.py:3212] [3/0]     torch._check(
E0908 06:59:33.776000 15816 site-packages\torch\_subclasses\fake_tensor.py:3212] [3/0]     ~~~~~~~~~~~~^
E0908 06:59:33.776000 15816 site-packages\torch\_subclasses\fake_tensor.py:3212] [3/0]         sym_or(x == 1, requested_length == x),
E0908 06:59:33.776000 15816 site-packages\torch\_subclasses\fake_tensor.py:3212] [3/0]         ^^^^^^^^^^^^^^^^^^^^^^^^^^^^^^^^^^^^^^
E0908 06:59:33.776000 15816 site-packages\torch\_subclasses\fake_tensor.py:3212] [3/0]         lambda: f"expand: attempting to expand a dimension of length {x} -> {requested_length}!",
E0908 06:59:33.776000 15816 site-packages\torch\_subclasses\fake_tensor.py:3212] [3/0]         ^^^^^^^^^^^^^^^^^^^^^^^^^^^^^^^^^^^^^^^^^^^^^^^^^^^^^^^^^^^^^^^^^^^^^^^^^^^^^^^^^^^^^^^^^
E0908 06:59:33.776000 15816 site-packages\torch\_subclasses\fake_tensor.py:3212] [3/0]     )
E0908 06:59:33.776000 15816 site-packages\torch\_subclasses\fake_tensor.py:3212] [3/0]     ^
E0908 06:59:33.776000 15816 site-packages\torch\_subclasses\fake_tensor.py:3212] [3/0]   File "C:\Users\clm\AppData\Local\Python\pythoncore-3.14-64\Lib\site-packages\torch\__init__.py", line 2140, in _check
E0908 06:59:33.776000 15816 site-packages\torch\_subclasses\fake_tensor.py:3212] [3/0]     _check_with(RuntimeError, cond, message)
E0908 06:59:33.776000 15816 site-packages\torch\_subclasses\fake_tensor.py:3212] [3/0]     ~~~~~~~~~~~^^^^^^^^^^^^^^^^^^^^^^^^^^^^^
E0908 06:59:33.776000 15816 site-packages\torch\_subclasses\fake_tensor.py:3212] [3/0]   File "C:\Users\clm\AppData\Local\Python\pythoncore-3.14-64\Lib\site-packages\torch\__init__.py", line 2118, in _check_with
E0908 06:59:33.776000 15816 site-packages\torch\_subclasses\fake_tensor.py:3212] [3/0]     raise error_type(message_evaluated)
E0908 06:59:33.776000 15816 site-packages\torch\_subclasses\fake_tensor.py:3212] [3/0] RuntimeError: expand: attempting to expand a dimension of length 2 -> 1!
E0908 06:59:34.014000 15816 site-packages\torch\_subclasses\fake_tensor.py:3212] [3/0] failed while attempting to run meta for aten.expand.default
E0908 06:59:34.014000 15816 site-packages\torch\_subclasses\fake_tensor.py:3212] [3/0] Traceback (most recent call last):
E0908 06:59:34.014000 15816 site-packages\torch\_subclasses\fake_tensor.py:3212] [3/0]   File "C:\Users\clm\AppData\Local\Python\pythoncore-3.14-64\Lib\site-packages\torch\_subclasses\fake_tensor.py", line 3208, in _dispatch_impl
E0908 06:59:34.014000 15816 site-packages\torch\_subclasses\fake_tensor.py:3212] [3/0]     r = func(*args, **kwargs)
E0908 06:59:34.014000 15816 site-packages\torch\_subclasses\fake_tensor.py:3212] [3/0]   File "C:\Users\clm\AppData\Local\Python\pythoncore-3.14-64\Lib\site-packages\torch\_ops.py", line 916, in __call__
E0908 06:59:34.014000 15816 site-packages\torch\_subclasses\fake_tensor.py:3212] [3/0]     return self._op(*args, **kwargs)
E0908 06:59:34.014000 15816 site-packages\torch\_subclasses\fake_tensor.py:3212] [3/0]            ~~~~~~~~^^^^^^^^^^^^^^^^^
E0908 06:59:34.014000 15816 site-packages\torch\_subclasses\fake_tensor.py:3212] [3/0]   File "C:\Users\clm\AppData\Local\Python\pythoncore-3.14-64\Lib\site-packages\torch\_refs\__init__.py", line 3217, in expand
E0908 06:59:34.014000 15816 site-packages\torch\_subclasses\fake_tensor.py:3212] [3/0]     torch._check(
E0908 06:59:34.014000 15816 site-packages\torch\_subclasses\fake_tensor.py:3212] [3/0]     ~~~~~~~~~~~~^
E0908 06:59:34.014000 15816 site-packages\torch\_subclasses\fake_tensor.py:3212] [3/0]         sym_or(x == 1, requested_length == x),
E0908 06:59:34.014000 15816 site-packages\torch\_subclasses\fake_tensor.py:3212] [3/0]         ^^^^^^^^^^^^^^^^^^^^^^^^^^^^^^^^^^^^^^
E0908 06:59:34.014000 15816 site-packages\torch\_subclasses\fake_tensor.py:3212] [3/0]         lambda: f"expand: attempting to expand a dimension of length {x} -> {requested_length}!",
E0908 06:59:34.014000 15816 site-packages\torch\_subclasses\fake_tensor.py:3212] [3/0]         ^^^^^^^^^^^^^^^^^^^^^^^^^^^^^^^^^^^^^^^^^^^^^^^^^^^^^^^^^^^^^^^^^^^^^^^^^^^^^^^^^^^^^^^^^
E0908 06:59:34.014000 15816 site-packages\torch\_subclasses\fake_tensor.py:3212] [3/0]     )
E0908 06:59:34.014000 15816 site-packages\torch\_subclasses\fake_tensor.py:3212] [3/0]     ^
E0908 06:59:34.014000 15816 site-packages\torch\_subclasses\fake_tensor.py:3212] [3/0]   File "C:\Users\clm\AppData\Local\Python\pythoncore-3.14-64\Lib\site-packages\torch\__init__.py", line 2140, in _check
E0908 06:59:34.014000 15816 site-packages\torch\_subclasses\fake_tensor.py:3212] [3/0]     _check_with(RuntimeError, cond, message)
E0908 06:59:34.014000 15816 site-packages\torch\_subclasses\fake_tensor.py:3212] [3/0]     ~~~~~~~~~~~^^^^^^^^^^^^^^^^^^^^^^^^^^^^^
E0908 06:59:34.014000 15816 site-packages\torch\_subclasses\fake_tensor.py:3212] [3/0]   File "C:\Users\clm\AppData\Local\Python\pythoncore-3.14-64\Lib\site-packages\torch\__init__.py", line 2118, in _check_with
E0908 06:59:34.014000 15816 site-packages\torch\_subclasses\fake_tensor.py:3212] [3/0]     raise error_type(message_evaluated)
E0908 06:59:34.014000 15816 site-packages\torch\_subclasses\fake_tensor.py:3212] [3/0] RuntimeError: expand: attempting to expand a dimension of length 2 -> 1!
E0908 06:59:34.254000 15816 site-packages\torch\_subclasses\fake_tensor.py:3212] [3/0] failed while attempting to run meta for aten.expand.default
E0908 06:59:34.254000 15816 site-packages\torch\_subclasses\fake_tensor.py:3212] [3/0] Traceback (most recent call last):
E0908 06:59:34.254000 15816 site-packages\torch\_subclasses\fake_tensor.py:3212] [3/0]   File "C:\Users\clm\AppData\Local\Python\pythoncore-3.14-64\Lib\site-packages\torch\_subclasses\fake_tensor.py", line 3208, in _dispatch_impl
E0908 06:59:34.254000 15816 site-packages\torch\_subclasses\fake_tensor.py:3212] [3/0]     r = func(*args, **kwargs)
E0908 06:59:34.254000 15816 site-packages\torch\_subclasses\fake_tensor.py:3212] [3/0]   File "C:\Users\clm\AppData\Local\Python\pythoncore-3.14-64\Lib\site-packages\torch\_ops.py", line 916, in __call__
E0908 06:59:34.254000 15816 site-packages\torch\_subclasses\fake_tensor.py:3212] [3/0]     return self._op(*args, **kwargs)
E0908 06:59:34.254000 15816 site-packages\torch\_subclasses\fake_tensor.py:3212] [3/0]            ~~~~~~~~^^^^^^^^^^^^^^^^^
E0908 06:59:34.254000 15816 site-packages\torch\_subclasses\fake_tensor.py:3212] [3/0]   File "C:\Users\clm\AppData\Local\Python\pythoncore-3.14-64\Lib\site-packages\torch\_refs\__init__.py", line 3217, in expand
E0908 06:59:34.254000 15816 site-packages\torch\_subclasses\fake_tensor.py:3212] [3/0]     torch._check(
E0908 06:59:34.254000 15816 site-packages\torch\_subclasses\fake_tensor.py:3212] [3/0]     ~~~~~~~~~~~~^
E0908 06:59:34.254000 15816 site-packages\torch\_subclasses\fake_tensor.py:3212] [3/0]         sym_or(x == 1, requested_length == x),
E0908 06:59:34.254000 15816 site-packages\torch\_subclasses\fake_tensor.py:3212] [3/0]         ^^^^^^^^^^^^^^^^^^^^^^^^^^^^^^^^^^^^^^
E0908 06:59:34.254000 15816 site-packages\torch\_subclasses\fake_tensor.py:3212] [3/0]         lambda: f"expand: attempting to expand a dimension of length {x} -> {requested_length}!",
E0908 06:59:34.254000 15816 site-packages\torch\_subclasses\fake_tensor.py:3212] [3/0]         ^^^^^^^^^^^^^^^^^^^^^^^^^^^^^^^^^^^^^^^^^^^^^^^^^^^^^^^^^^^^^^^^^^^^^^^^^^^^^^^^^^^^^^^^^
E0908 06:59:34.254000 15816 site-packages\torch\_subclasses\fake_tensor.py:3212] [3/0]     )
E0908 06:59:34.254000 15816 site-packages\torch\_subclasses\fake_tensor.py:3212] [3/0]     ^
E0908 06:59:34.254000 15816 site-packages\torch\_subclasses\fake_tensor.py:3212] [3/0]   File "C:\Users\clm\AppData\Local\Python\pythoncore-3.14-64\Lib\site-packages\torch\__init__.py", line 2140, in _check
E0908 06:59:34.254000 15816 site-packages\torch\_subclasses\fake_tensor.py:3212] [3/0]     _check_with(RuntimeError, cond, message)
E0908 06:59:34.254000 15816 site-packages\torch\_subclasses\fake_tensor.py:3212] [3/0]     ~~~~~~~~~~~^^^^^^^^^^^^^^^^^^^^^^^^^^^^^
E0908 06:59:34.254000 15816 site-packages\torch\_subclasses\fake_tensor.py:3212] [3/0]   File "C:\Users\clm\AppData\Local\Python\pythoncore-3.14-64\Lib\site-packages\torch\__init__.py", line 2118, in _check_with
E0908 06:59:34.254000 15816 site-packages\torch\_subclasses\fake_tensor.py:3212] [3/0]     raise error_type(message_evaluated)
E0908 06:59:34.254000 15816 site-packages\torch\_subclasses\fake_tensor.py:3212] [3/0] RuntimeError: expand: attempting to expand a dimension of length 2 -> 1!
E0908 06:59:34.482000 15816 site-packages\torch\_subclasses\fake_tensor.py:3212] [3/0] failed while attempting to run meta for aten.expand.default
E0908 06:59:34.482000 15816 site-packages\torch\_subclasses\fake_tensor.py:3212] [3/0] Traceback (most recent call last):
E0908 06:59:34.482000 15816 site-packages\torch\_subclasses\fake_tensor.py:3212] [3/0]   File "C:\Users\clm\AppData\Local\Python\pythoncore-3.14-64\Lib\site-packages\torch\_subclasses\fake_tensor.py", line 3208, in _dispatch_impl
E0908 06:59:34.482000 15816 site-packages\torch\_subclasses\fake_tensor.py:3212] [3/0]     r = func(*args, **kwargs)
E0908 06:59:34.482000 15816 site-packages\torch\_subclasses\fake_tensor.py:3212] [3/0]   File "C:\Users\clm\AppData\Local\Python\pythoncore-3.14-64\Lib\site-packages\torch\_ops.py", line 916, in __call__
E0908 06:59:34.482000 15816 site-packages\torch\_subclasses\fake_tensor.py:3212] [3/0]     return self._op(*args, **kwargs)
E0908 06:59:34.482000 15816 site-packages\torch\_subclasses\fake_tensor.py:3212] [3/0]            ~~~~~~~~^^^^^^^^^^^^^^^^^
E0908 06:59:34.482000 15816 site-packages\torch\_subclasses\fake_tensor.py:3212] [3/0]   File "C:\Users\clm\AppData\Local\Python\pythoncore-3.14-64\Lib\site-packages\torch\_refs\__init__.py", line 3217, in expand
E0908 06:59:34.482000 15816 site-packages\torch\_subclasses\fake_tensor.py:3212] [3/0]     torch._check(
E0908 06:59:34.482000 15816 site-packages\torch\_subclasses\fake_tensor.py:3212] [3/0]     ~~~~~~~~~~~~^
E0908 06:59:34.482000 15816 site-packages\torch\_subclasses\fake_tensor.py:3212] [3/0]         sym_or(x == 1, requested_length == x),
E0908 06:59:34.482000 15816 site-packages\torch\_subclasses\fake_tensor.py:3212] [3/0]         ^^^^^^^^^^^^^^^^^^^^^^^^^^^^^^^^^^^^^^
E0908 06:59:34.482000 15816 site-packages\torch\_subclasses\fake_tensor.py:3212] [3/0]         lambda: f"expand: attempting to expand a dimension of length {x} -> {requested_length}!",
E0908 06:59:34.482000 15816 site-packages\torch\_subclasses\fake_tensor.py:3212] [3/0]         ^^^^^^^^^^^^^^^^^^^^^^^^^^^^^^^^^^^^^^^^^^^^^^^^^^^^^^^^^^^^^^^^^^^^^^^^^^^^^^^^^^^^^^^^^
E0908 06:59:34.482000 15816 site-packages\torch\_subclasses\fake_tensor.py:3212] [3/0]     )
E0908 06:59:34.482000 15816 site-packages\torch\_subclasses\fake_tensor.py:3212] [3/0]     ^
E0908 06:59:34.482000 15816 site-packages\torch\_subclasses\fake_tensor.py:3212] [3/0]   File "C:\Users\clm\AppData\Local\Python\pythoncore-3.14-64\Lib\site-packages\torch\__init__.py", line 2140, in _check
E0908 06:59:34.482000 15816 site-packages\torch\_subclasses\fake_tensor.py:3212] [3/0]     _check_with(RuntimeError, cond, message)
E0908 06:59:34.482000 15816 site-packages\torch\_subclasses\fake_tensor.py:3212] [3/0]     ~~~~~~~~~~~^^^^^^^^^^^^^^^^^^^^^^^^^^^^^
E0908 06:59:34.482000 15816 site-packages\torch\_subclasses\fake_tensor.py:3212] [3/0]   File "C:\Users\clm\AppData\Local\Python\pythoncore-3.14-64\Lib\site-packages\torch\__init__.py", line 2118, in _check_with
E0908 06:59:34.482000 15816 site-packages\torch\_subclasses\fake_tensor.py:3212] [3/0]     raise error_type(message_evaluated)
E0908 06:59:34.482000 15816 site-packages\torch\_subclasses\fake_tensor.py:3212] [3/0] RuntimeError: expand: attempting to expand a dimension of length 2 -> 1!
E0908 06:59:34.714000 15816 site-packages\torch\_subclasses\fake_tensor.py:3212] [3/0] failed while attempting to run meta for aten.expand.default
E0908 06:59:34.714000 15816 site-packages\torch\_subclasses\fake_tensor.py:3212] [3/0] Traceback (most recent call last):
E0908 06:59:34.714000 15816 site-packages\torch\_subclasses\fake_tensor.py:3212] [3/0]   File "C:\Users\clm\AppData\Local\Python\pythoncore-3.14-64\Lib\site-packages\torch\_subclasses\fake_tensor.py", line 3208, in _dispatch_impl
E0908 06:59:34.714000 15816 site-packages\torch\_subclasses\fake_tensor.py:3212] [3/0]     r = func(*args, **kwargs)
E0908 06:59:34.714000 15816 site-packages\torch\_subclasses\fake_tensor.py:3212] [3/0]   File "C:\Users\clm\AppData\Local\Python\pythoncore-3.14-64\Lib\site-packages\torch\_ops.py", line 916, in __call__
E0908 06:59:34.714000 15816 site-packages\torch\_subclasses\fake_tensor.py:3212] [3/0]     return self._op(*args, **kwargs)
E0908 06:59:34.714000 15816 site-packages\torch\_subclasses\fake_tensor.py:3212] [3/0]            ~~~~~~~~^^^^^^^^^^^^^^^^^
E0908 06:59:34.714000 15816 site-packages\torch\_subclasses\fake_tensor.py:3212] [3/0]   File "C:\Users\clm\AppData\Local\Python\pythoncore-3.14-64\Lib\site-packages\torch\_refs\__init__.py", line 3217, in expand
E0908 06:59:34.714000 15816 site-packages\torch\_subclasses\fake_tensor.py:3212] [3/0]     torch._check(
E0908 06:59:34.714000 15816 site-packages\torch\_subclasses\fake_tensor.py:3212] [3/0]     ~~~~~~~~~~~~^
E0908 06:59:34.714000 15816 site-packages\torch\_subclasses\fake_tensor.py:3212] [3/0]         sym_or(x == 1, requested_length == x),
E0908 06:59:34.714000 15816 site-packages\torch\_subclasses\fake_tensor.py:3212] [3/0]         ^^^^^^^^^^^^^^^^^^^^^^^^^^^^^^^^^^^^^^
E0908 06:59:34.714000 15816 site-packages\torch\_subclasses\fake_tensor.py:3212] [3/0]         lambda: f"expand: attempting to expand a dimension of length {x} -> {requested_length}!",
E0908 06:59:34.714000 15816 site-packages\torch\_subclasses\fake_tensor.py:3212] [3/0]         ^^^^^^^^^^^^^^^^^^^^^^^^^^^^^^^^^^^^^^^^^^^^^^^^^^^^^^^^^^^^^^^^^^^^^^^^^^^^^^^^^^^^^^^^^
E0908 06:59:34.714000 15816 site-packages\torch\_subclasses\fake_tensor.py:3212] [3/0]     )
E0908 06:59:34.714000 15816 site-packages\torch\_subclasses\fake_tensor.py:3212] [3/0]     ^
E0908 06:59:34.714000 15816 site-packages\torch\_subclasses\fake_tensor.py:3212] [3/0]   File "C:\Users\clm\AppData\Local\Python\pythoncore-3.14-64\Lib\site-packages\torch\__init__.py", line 2140, in _check
E0908 06:59:34.714000 15816 site-packages\torch\_subclasses\fake_tensor.py:3212] [3/0]     _check_with(RuntimeError, cond, message)
E0908 06:59:34.714000 15816 site-packages\torch\_subclasses\fake_tensor.py:3212] [3/0]     ~~~~~~~~~~~^^^^^^^^^^^^^^^^^^^^^^^^^^^^^
E0908 06:59:34.714000 15816 site-packages\torch\_subclasses\fake_tensor.py:3212] [3/0]   File "C:\Users\clm\AppData\Local\Python\pythoncore-3.14-64\Lib\site-packages\torch\__init__.py", line 2118, in _check_with
E0908 06:59:34.714000 15816 site-packages\torch\_subclasses\fake_tensor.py:3212] [3/0]     raise error_type(message_evaluated)
E0908 06:59:34.714000 15816 site-packages\torch\_subclasses\fake_tensor.py:3212] [3/0] RuntimeError: expand: attempting to expand a dimension of length 2 -> 1!
E0908 06:59:34.945000 15816 site-packages\torch\_subclasses\fake_tensor.py:3212] [3/0] failed while attempting to run meta for aten.expand.default
E0908 06:59:34.945000 15816 site-packages\torch\_subclasses\fake_tensor.py:3212] [3/0] Traceback (most recent call last):
E0908 06:59:34.945000 15816 site-packages\torch\_subclasses\fake_tensor.py:3212] [3/0]   File "C:\Users\clm\AppData\Local\Python\pythoncore-3.14-64\Lib\site-packages\torch\_subclasses\fake_tensor.py", line 3208, in _dispatch_impl
E0908 06:59:34.945000 15816 site-packages\torch\_subclasses\fake_tensor.py:3212] [3/0]     r = func(*args, **kwargs)
E0908 06:59:34.945000 15816 site-packages\torch\_subclasses\fake_tensor.py:3212] [3/0]   File "C:\Users\clm\AppData\Local\Python\pythoncore-3.14-64\Lib\site-packages\torch\_ops.py", line 916, in __call__
E0908 06:59:34.945000 15816 site-packages\torch\_subclasses\fake_tensor.py:3212] [3/0]     return self._op(*args, **kwargs)
E0908 06:59:34.945000 15816 site-packages\torch\_subclasses\fake_tensor.py:3212] [3/0]            ~~~~~~~~^^^^^^^^^^^^^^^^^
E0908 06:59:34.945000 15816 site-packages\torch\_subclasses\fake_tensor.py:3212] [3/0]   File "C:\Users\clm\AppData\Local\Python\pythoncore-3.14-64\Lib\site-packages\torch\_refs\__init__.py", line 3217, in expand
E0908 06:59:34.945000 15816 site-packages\torch\_subclasses\fake_tensor.py:3212] [3/0]     torch._check(
E0908 06:59:34.945000 15816 site-packages\torch\_subclasses\fake_tensor.py:3212] [3/0]     ~~~~~~~~~~~~^
E0908 06:59:34.945000 15816 site-packages\torch\_subclasses\fake_tensor.py:3212] [3/0]         sym_or(x == 1, requested_length == x),
E0908 06:59:34.945000 15816 site-packages\torch\_subclasses\fake_tensor.py:3212] [3/0]         ^^^^^^^^^^^^^^^^^^^^^^^^^^^^^^^^^^^^^^
E0908 06:59:34.945000 15816 site-packages\torch\_subclasses\fake_tensor.py:3212] [3/0]         lambda: f"expand: attempting to expand a dimension of length {x} -> {requested_length}!",
E0908 06:59:34.945000 15816 site-packages\torch\_subclasses\fake_tensor.py:3212] [3/0]         ^^^^^^^^^^^^^^^^^^^^^^^^^^^^^^^^^^^^^^^^^^^^^^^^^^^^^^^^^^^^^^^^^^^^^^^^^^^^^^^^^^^^^^^^^
E0908 06:59:34.945000 15816 site-packages\torch\_subclasses\fake_tensor.py:3212] [3/0]     )
E0908 06:59:34.945000 15816 site-packages\torch\_subclasses\fake_tensor.py:3212] [3/0]     ^
E0908 06:59:34.945000 15816 site-packages\torch\_subclasses\fake_tensor.py:3212] [3/0]   File "C:\Users\clm\AppData\Local\Python\pythoncore-3.14-64\Lib\site-packages\torch\__init__.py", line 2140, in _check
E0908 06:59:34.945000 15816 site-packages\torch\_subclasses\fake_tensor.py:3212] [3/0]     _check_with(RuntimeError, cond, message)
E0908 06:59:34.945000 15816 site-packages\torch\_subclasses\fake_tensor.py:3212] [3/0]     ~~~~~~~~~~~^^^^^^^^^^^^^^^^^^^^^^^^^^^^^
E0908 06:59:34.945000 15816 site-packages\torch\_subclasses\fake_tensor.py:3212] [3/0]   File "C:\Users\clm\AppData\Local\Python\pythoncore-3.14-64\Lib\site-packages\torch\__init__.py", line 2118, in _check_with
E0908 06:59:34.945000 15816 site-packages\torch\_subclasses\fake_tensor.py:3212] [3/0]     raise error_type(message_evaluated)
E0908 06:59:34.945000 15816 site-packages\torch\_subclasses\fake_tensor.py:3212] [3/0] RuntimeError: expand: attempting to expand a dimension of length 2 -> 1!
E0908 06:59:35.170000 15816 site-packages\torch\_subclasses\fake_tensor.py:3212] [3/0] failed while attempting to run meta for aten.expand.default
E0908 06:59:35.170000 15816 site-packages\torch\_subclasses\fake_tensor.py:3212] [3/0] Traceback (most recent call last):
E0908 06:59:35.170000 15816 site-packages\torch\_subclasses\fake_tensor.py:3212] [3/0]   File "C:\Users\clm\AppData\Local\Python\pythoncore-3.14-64\Lib\site-packages\torch\_subclasses\fake_tensor.py", line 3208, in _dispatch_impl
E0908 06:59:35.170000 15816 site-packages\torch\_subclasses\fake_tensor.py:3212] [3/0]     r = func(*args, **kwargs)
E0908 06:59:35.170000 15816 site-packages\torch\_subclasses\fake_tensor.py:3212] [3/0]   File "C:\Users\clm\AppData\Local\Python\pythoncore-3.14-64\Lib\site-packages\torch\_ops.py", line 916, in __call__
E0908 06:59:35.170000 15816 site-packages\torch\_subclasses\fake_tensor.py:3212] [3/0]     return self._op(*args, **kwargs)
E0908 06:59:35.170000 15816 site-packages\torch\_subclasses\fake_tensor.py:3212] [3/0]            ~~~~~~~~^^^^^^^^^^^^^^^^^
E0908 06:59:35.170000 15816 site-packages\torch\_subclasses\fake_tensor.py:3212] [3/0]   File "C:\Users\clm\AppData\Local\Python\pythoncore-3.14-64\Lib\site-packages\torch\_refs\__init__.py", line 3217, in expand
E0908 06:59:35.170000 15816 site-packages\torch\_subclasses\fake_tensor.py:3212] [3/0]     torch._check(
E0908 06:59:35.170000 15816 site-packages\torch\_subclasses\fake_tensor.py:3212] [3/0]     ~~~~~~~~~~~~^
E0908 06:59:35.170000 15816 site-packages\torch\_subclasses\fake_tensor.py:3212] [3/0]         sym_or(x == 1, requested_length == x),
E0908 06:59:35.170000 15816 site-packages\torch\_subclasses\fake_tensor.py:3212] [3/0]         ^^^^^^^^^^^^^^^^^^^^^^^^^^^^^^^^^^^^^^
E0908 06:59:35.170000 15816 site-packages\torch\_subclasses\fake_tensor.py:3212] [3/0]         lambda: f"expand: attempting to expand a dimension of length {x} -> {requested_length}!",
E0908 06:59:35.170000 15816 site-packages\torch\_subclasses\fake_tensor.py:3212] [3/0]         ^^^^^^^^^^^^^^^^^^^^^^^^^^^^^^^^^^^^^^^^^^^^^^^^^^^^^^^^^^^^^^^^^^^^^^^^^^^^^^^^^^^^^^^^^
E0908 06:59:35.170000 15816 site-packages\torch\_subclasses\fake_tensor.py:3212] [3/0]     )
E0908 06:59:35.170000 15816 site-packages\torch\_subclasses\fake_tensor.py:3212] [3/0]     ^
E0908 06:59:35.170000 15816 site-packages\torch\_subclasses\fake_tensor.py:3212] [3/0]   File "C:\Users\clm\AppData\Local\Python\pythoncore-3.14-64\Lib\site-packages\torch\__init__.py", line 2140, in _check
E0908 06:59:35.170000 15816 site-packages\torch\_subclasses\fake_tensor.py:3212] [3/0]     _check_with(RuntimeError, cond, message)
E0908 06:59:35.170000 15816 site-packages\torch\_subclasses\fake_tensor.py:3212] [3/0]     ~~~~~~~~~~~^^^^^^^^^^^^^^^^^^^^^^^^^^^^^
E0908 06:59:35.170000 15816 site-packages\torch\_subclasses\fake_tensor.py:3212] [3/0]   File "C:\Users\clm\AppData\Local\Python\pythoncore-3.14-64\Lib\site-packages\torch\__init__.py", line 2118, in _check_with
E0908 06:59:35.170000 15816 site-packages\torch\_subclasses\fake_tensor.py:3212] [3/0]     raise error_type(message_evaluated)
E0908 06:59:35.170000 15816 site-packages\torch\_subclasses\fake_tensor.py:3212] [3/0] RuntimeError: expand: attempting to expand a dimension of length 2 -> 1!
E0908 07:01:00.489000 15816 site-packages\torch\_subclasses\fake_tensor.py:3212] [3/0] failed while attempting to run meta for aten.expand.default
E0908 07:01:00.489000 15816 site-packages\torch\_subclasses\fake_tensor.py:3212] [3/0] Traceback (most recent call last):
E0908 07:01:00.489000 15816 site-packages\torch\_subclasses\fake_tensor.py:3212] [3/0]   File "C:\Users\clm\AppData\Local\Python\pythoncore-3.14-64\Lib\site-packages\torch\_subclasses\fake_tensor.py", line 3208, in _dispatch_impl
E0908 07:01:00.489000 15816 site-packages\torch\_subclasses\fake_tensor.py:3212] [3/0]     r = func(*args, **kwargs)
E0908 07:01:00.489000 15816 site-packages\torch\_subclasses\fake_tensor.py:3212] [3/0]   File "C:\Users\clm\AppData\Local\Python\pythoncore-3.14-64\Lib\site-packages\torch\_ops.py", line 916, in __call__
E0908 07:01:00.489000 15816 site-packages\torch\_subclasses\fake_tensor.py:3212] [3/0]     return self._op(*args, **kwargs)
E0908 07:01:00.489000 15816 site-packages\torch\_subclasses\fake_tensor.py:3212] [3/0]            ~~~~~~~~^^^^^^^^^^^^^^^^^
E0908 07:01:00.489000 15816 site-packages\torch\_subclasses\fake_tensor.py:3212] [3/0]   File "C:\Users\clm\AppData\Local\Python\pythoncore-3.14-64\Lib\site-packages\torch\_refs\__init__.py", line 3217, in expand
E0908 07:01:00.489000 15816 site-packages\torch\_subclasses\fake_tensor.py:3212] [3/0]     torch._check(
E0908 07:01:00.489000 15816 site-packages\torch\_subclasses\fake_tensor.py:3212] [3/0]     ~~~~~~~~~~~~^
E0908 07:01:00.489000 15816 site-packages\torch\_subclasses\fake_tensor.py:3212] [3/0]         sym_or(x == 1, requested_length == x),
E0908 07:01:00.489000 15816 site-packages\torch\_subclasses\fake_tensor.py:3212] [3/0]         ^^^^^^^^^^^^^^^^^^^^^^^^^^^^^^^^^^^^^^
E0908 07:01:00.489000 15816 site-packages\torch\_subclasses\fake_tensor.py:3212] [3/0]         lambda: f"expand: attempting to expand a dimension of length {x} -> {requested_length}!",
E0908 07:01:00.489000 15816 site-packages\torch\_subclasses\fake_tensor.py:3212] [3/0]         ^^^^^^^^^^^^^^^^^^^^^^^^^^^^^^^^^^^^^^^^^^^^^^^^^^^^^^^^^^^^^^^^^^^^^^^^^^^^^^^^^^^^^^^^^
E0908 07:01:00.489000 15816 site-packages\torch\_subclasses\fake_tensor.py:3212] [3/0]     )
E0908 07:01:00.489000 15816 site-packages\torch\_subclasses\fake_tensor.py:3212] [3/0]     ^
E0908 07:01:00.489000 15816 site-packages\torch\_subclasses\fake_tensor.py:3212] [3/0]   File "C:\Users\clm\AppData\Local\Python\pythoncore-3.14-64\Lib\site-packages\torch\__init__.py", line 2140, in _check
E0908 07:01:00.489000 15816 site-packages\torch\_subclasses\fake_tensor.py:3212] [3/0]     _check_with(RuntimeError, cond, message)
E0908 07:01:00.489000 15816 site-packages\torch\_subclasses\fake_tensor.py:3212] [3/0]     ~~~~~~~~~~~^^^^^^^^^^^^^^^^^^^^^^^^^^^^^
E0908 07:01:00.489000 15816 site-packages\torch\_subclasses\fake_tensor.py:3212] [3/0]   File "C:\Users\clm\AppData\Local\Python\pythoncore-3.14-64\Lib\site-packages\torch\__init__.py", line 2118, in _check_with
E0908 07:01:00.489000 15816 site-packages\torch\_subclasses\fake_tensor.py:3212] [3/0]     raise error_type(message_evaluated)
E0908 07:01:00.489000 15816 site-packages\torch\_subclasses\fake_tensor.py:3212] [3/0] RuntimeError: expand: attempting to expand a dimension of length 33 -> 1!
E0908 07:01:00.708000 15816 site-packages\torch\_subclasses\fake_tensor.py:3212] [3/0] failed while attempting to run meta for aten.expand.default
E0908 07:01:00.708000 15816 site-packages\torch\_subclasses\fake_tensor.py:3212] [3/0] Traceback (most recent call last):
E0908 07:01:00.708000 15816 site-packages\torch\_subclasses\fake_tensor.py:3212] [3/0]   File "C:\Users\clm\AppData\Local\Python\pythoncore-3.14-64\Lib\site-packages\torch\_subclasses\fake_tensor.py", line 3208, in _dispatch_impl
E0908 07:01:00.708000 15816 site-packages\torch\_subclasses\fake_tensor.py:3212] [3/0]     r = func(*args, **kwargs)
E0908 07:01:00.708000 15816 site-packages\torch\_subclasses\fake_tensor.py:3212] [3/0]   File "C:\Users\clm\AppData\Local\Python\pythoncore-3.14-64\Lib\site-packages\torch\_ops.py", line 916, in __call__
E0908 07:01:00.708000 15816 site-packages\torch\_subclasses\fake_tensor.py:3212] [3/0]     return self._op(*args, **kwargs)
E0908 07:01:00.708000 15816 site-packages\torch\_subclasses\fake_tensor.py:3212] [3/0]            ~~~~~~~~^^^^^^^^^^^^^^^^^
E0908 07:01:00.708000 15816 site-packages\torch\_subclasses\fake_tensor.py:3212] [3/0]   File "C:\Users\clm\AppData\Local\Python\pythoncore-3.14-64\Lib\site-packages\torch\_refs\__init__.py", line 3217, in expand
E0908 07:01:00.708000 15816 site-packages\torch\_subclasses\fake_tensor.py:3212] [3/0]     torch._check(
E0908 07:01:00.708000 15816 site-packages\torch\_subclasses\fake_tensor.py:3212] [3/0]     ~~~~~~~~~~~~^
E0908 07:01:00.708000 15816 site-packages\torch\_subclasses\fake_tensor.py:3212] [3/0]         sym_or(x == 1, requested_length == x),
E0908 07:01:00.708000 15816 site-packages\torch\_subclasses\fake_tensor.py:3212] [3/0]         ^^^^^^^^^^^^^^^^^^^^^^^^^^^^^^^^^^^^^^
E0908 07:01:00.708000 15816 site-packages\torch\_subclasses\fake_tensor.py:3212] [3/0]         lambda: f"expand: attempting to expand a dimension of length {x} -> {requested_length}!",
E0908 07:01:00.708000 15816 site-packages\torch\_subclasses\fake_tensor.py:3212] [3/0]         ^^^^^^^^^^^^^^^^^^^^^^^^^^^^^^^^^^^^^^^^^^^^^^^^^^^^^^^^^^^^^^^^^^^^^^^^^^^^^^^^^^^^^^^^^
E0908 07:01:00.708000 15816 site-packages\torch\_subclasses\fake_tensor.py:3212] [3/0]     )
E0908 07:01:00.708000 15816 site-packages\torch\_subclasses\fake_tensor.py:3212] [3/0]     ^
E0908 07:01:00.708000 15816 site-packages\torch\_subclasses\fake_tensor.py:3212] [3/0]   File "C:\Users\clm\AppData\Local\Python\pythoncore-3.14-64\Lib\site-packages\torch\__init__.py", line 2140, in _check
E0908 07:01:00.708000 15816 site-packages\torch\_subclasses\fake_tensor.py:3212] [3/0]     _check_with(RuntimeError, cond, message)
E0908 07:01:00.708000 15816 site-packages\torch\_subclasses\fake_tensor.py:3212] [3/0]     ~~~~~~~~~~~^^^^^^^^^^^^^^^^^^^^^^^^^^^^^
E0908 07:01:00.708000 15816 site-packages\torch\_subclasses\fake_tensor.py:3212] [3/0]   File "C:\Users\clm\AppData\Local\Python\pythoncore-3.14-64\Lib\site-packages\torch\__init__.py", line 2118, in _check_with
E0908 07:01:00.708000 15816 site-packages\torch\_subclasses\fake_tensor.py:3212] [3/0]     raise error_type(message_evaluated)
E0908 07:01:00.708000 15816 site-packages\torch\_subclasses\fake_tensor.py:3212] [3/0] RuntimeError: expand: attempting to expand a dimension of length 33 -> 1!
E0908 07:01:00.922000 15816 site-packages\torch\_subclasses\fake_tensor.py:3212] [3/0] failed while attempting to run meta for aten.expand.default
E0908 07:01:00.922000 15816 site-packages\torch\_subclasses\fake_tensor.py:3212] [3/0] Traceback (most recent call last):
E0908 07:01:00.922000 15816 site-packages\torch\_subclasses\fake_tensor.py:3212] [3/0]   File "C:\Users\clm\AppData\Local\Python\pythoncore-3.14-64\Lib\site-packages\torch\_subclasses\fake_tensor.py", line 3208, in _dispatch_impl
E0908 07:01:00.922000 15816 site-packages\torch\_subclasses\fake_tensor.py:3212] [3/0]     r = func(*args, **kwargs)
E0908 07:01:00.922000 15816 site-packages\torch\_subclasses\fake_tensor.py:3212] [3/0]   File "C:\Users\clm\AppData\Local\Python\pythoncore-3.14-64\Lib\site-packages\torch\_ops.py", line 916, in __call__
E0908 07:01:00.922000 15816 site-packages\torch\_subclasses\fake_tensor.py:3212] [3/0]     return self._op(*args, **kwargs)
E0908 07:01:00.922000 15816 site-packages\torch\_subclasses\fake_tensor.py:3212] [3/0]            ~~~~~~~~^^^^^^^^^^^^^^^^^
E0908 07:01:00.922000 15816 site-packages\torch\_subclasses\fake_tensor.py:3212] [3/0]   File "C:\Users\clm\AppData\Local\Python\pythoncore-3.14-64\Lib\site-packages\torch\_refs\__init__.py", line 3217, in expand
E0908 07:01:00.922000 15816 site-packages\torch\_subclasses\fake_tensor.py:3212] [3/0]     torch._check(
E0908 07:01:00.922000 15816 site-packages\torch\_subclasses\fake_tensor.py:3212] [3/0]     ~~~~~~~~~~~~^
E0908 07:01:00.922000 15816 site-packages\torch\_subclasses\fake_tensor.py:3212] [3/0]         sym_or(x == 1, requested_length == x),
E0908 07:01:00.922000 15816 site-packages\torch\_subclasses\fake_tensor.py:3212] [3/0]         ^^^^^^^^^^^^^^^^^^^^^^^^^^^^^^^^^^^^^^
E0908 07:01:00.922000 15816 site-packages\torch\_subclasses\fake_tensor.py:3212] [3/0]         lambda: f"expand: attempting to expand a dimension of length {x} -> {requested_length}!",
E0908 07:01:00.922000 15816 site-packages\torch\_subclasses\fake_tensor.py:3212] [3/0]         ^^^^^^^^^^^^^^^^^^^^^^^^^^^^^^^^^^^^^^^^^^^^^^^^^^^^^^^^^^^^^^^^^^^^^^^^^^^^^^^^^^^^^^^^^
E0908 07:01:00.922000 15816 site-packages\torch\_subclasses\fake_tensor.py:3212] [3/0]     )
E0908 07:01:00.922000 15816 site-packages\torch\_subclasses\fake_tensor.py:3212] [3/0]     ^
E0908 07:01:00.922000 15816 site-packages\torch\_subclasses\fake_tensor.py:3212] [3/0]   File "C:\Users\clm\AppData\Local\Python\pythoncore-3.14-64\Lib\site-packages\torch\__init__.py", line 2140, in _check
E0908 07:01:00.922000 15816 site-packages\torch\_subclasses\fake_tensor.py:3212] [3/0]     _check_with(RuntimeError, cond, message)
E0908 07:01:00.922000 15816 site-packages\torch\_subclasses\fake_tensor.py:3212] [3/0]     ~~~~~~~~~~~^^^^^^^^^^^^^^^^^^^^^^^^^^^^^
E0908 07:01:00.922000 15816 site-packages\torch\_subclasses\fake_tensor.py:3212] [3/0]   File "C:\Users\clm\AppData\Local\Python\pythoncore-3.14-64\Lib\site-packages\torch\__init__.py", line 2118, in _check_with
E0908 07:01:00.922000 15816 site-packages\torch\_subclasses\fake_tensor.py:3212] [3/0]     raise error_type(message_evaluated)
E0908 07:01:00.922000 15816 site-packages\torch\_subclasses\fake_tensor.py:3212] [3/0] RuntimeError: expand: attempting to expand a dimension of length 33 -> 1!
E0908 07:01:01.147000 15816 site-packages\torch\_subclasses\fake_tensor.py:3212] [3/0] failed while attempting to run meta for aten.expand.default
E0908 07:01:01.147000 15816 site-packages\torch\_subclasses\fake_tensor.py:3212] [3/0] Traceback (most recent call last):
E0908 07:01:01.147000 15816 site-packages\torch\_subclasses\fake_tensor.py:3212] [3/0]   File "C:\Users\clm\AppData\Local\Python\pythoncore-3.14-64\Lib\site-packages\torch\_subclasses\fake_tensor.py", line 3208, in _dispatch_impl
E0908 07:01:01.147000 15816 site-packages\torch\_subclasses\fake_tensor.py:3212] [3/0]     r = func(*args, **kwargs)
E0908 07:01:01.147000 15816 site-packages\torch\_subclasses\fake_tensor.py:3212] [3/0]   File "C:\Users\clm\AppData\Local\Python\pythoncore-3.14-64\Lib\site-packages\torch\_ops.py", line 916, in __call__
E0908 07:01:01.147000 15816 site-packages\torch\_subclasses\fake_tensor.py:3212] [3/0]     return self._op(*args, **kwargs)
E0908 07:01:01.147000 15816 site-packages\torch\_subclasses\fake_tensor.py:3212] [3/0]            ~~~~~~~~^^^^^^^^^^^^^^^^^
E0908 07:01:01.147000 15816 site-packages\torch\_subclasses\fake_tensor.py:3212] [3/0]   File "C:\Users\clm\AppData\Local\Python\pythoncore-3.14-64\Lib\site-packages\torch\_refs\__init__.py", line 3217, in expand
E0908 07:01:01.147000 15816 site-packages\torch\_subclasses\fake_tensor.py:3212] [3/0]     torch._check(
E0908 07:01:01.147000 15816 site-packages\torch\_subclasses\fake_tensor.py:3212] [3/0]     ~~~~~~~~~~~~^
E0908 07:01:01.147000 15816 site-packages\torch\_subclasses\fake_tensor.py:3212] [3/0]         sym_or(x == 1, requested_length == x),
E0908 07:01:01.147000 15816 site-packages\torch\_subclasses\fake_tensor.py:3212] [3/0]         ^^^^^^^^^^^^^^^^^^^^^^^^^^^^^^^^^^^^^^
E0908 07:01:01.147000 15816 site-packages\torch\_subclasses\fake_tensor.py:3212] [3/0]         lambda: f"expand: attempting to expand a dimension of length {x} -> {requested_length}!",
E0908 07:01:01.147000 15816 site-packages\torch\_subclasses\fake_tensor.py:3212] [3/0]         ^^^^^^^^^^^^^^^^^^^^^^^^^^^^^^^^^^^^^^^^^^^^^^^^^^^^^^^^^^^^^^^^^^^^^^^^^^^^^^^^^^^^^^^^^
E0908 07:01:01.147000 15816 site-packages\torch\_subclasses\fake_tensor.py:3212] [3/0]     )
E0908 07:01:01.147000 15816 site-packages\torch\_subclasses\fake_tensor.py:3212] [3/0]     ^
E0908 07:01:01.147000 15816 site-packages\torch\_subclasses\fake_tensor.py:3212] [3/0]   File "C:\Users\clm\AppData\Local\Python\pythoncore-3.14-64\Lib\site-packages\torch\__init__.py", line 2140, in _check
E0908 07:01:01.147000 15816 site-packages\torch\_subclasses\fake_tensor.py:3212] [3/0]     _check_with(RuntimeError, cond, message)
E0908 07:01:01.147000 15816 site-packages\torch\_subclasses\fake_tensor.py:3212] [3/0]     ~~~~~~~~~~~^^^^^^^^^^^^^^^^^^^^^^^^^^^^^
E0908 07:01:01.147000 15816 site-packages\torch\_subclasses\fake_tensor.py:3212] [3/0]   File "C:\Users\clm\AppData\Local\Python\pythoncore-3.14-64\Lib\site-packages\torch\__init__.py", line 2118, in _check_with
E0908 07:01:01.147000 15816 site-packages\torch\_subclasses\fake_tensor.py:3212] [3/0]     raise error_type(message_evaluated)
E0908 07:01:01.147000 15816 site-packages\torch\_subclasses\fake_tensor.py:3212] [3/0] RuntimeError: expand: attempting to expand a dimension of length 33 -> 1!
E0908 07:01:01.371000 15816 site-packages\torch\_subclasses\fake_tensor.py:3212] [3/0] failed while attempting to run meta for aten.expand.default
E0908 07:01:01.371000 15816 site-packages\torch\_subclasses\fake_tensor.py:3212] [3/0] Traceback (most recent call last):
E0908 07:01:01.371000 15816 site-packages\torch\_subclasses\fake_tensor.py:3212] [3/0]   File "C:\Users\clm\AppData\Local\Python\pythoncore-3.14-64\Lib\site-packages\torch\_subclasses\fake_tensor.py", line 3208, in _dispatch_impl
E0908 07:01:01.371000 15816 site-packages\torch\_subclasses\fake_tensor.py:3212] [3/0]     r = func(*args, **kwargs)
E0908 07:01:01.371000 15816 site-packages\torch\_subclasses\fake_tensor.py:3212] [3/0]   File "C:\Users\clm\AppData\Local\Python\pythoncore-3.14-64\Lib\site-packages\torch\_ops.py", line 916, in __call__
E0908 07:01:01.371000 15816 site-packages\torch\_subclasses\fake_tensor.py:3212] [3/0]     return self._op(*args, **kwargs)
E0908 07:01:01.371000 15816 site-packages\torch\_subclasses\fake_tensor.py:3212] [3/0]            ~~~~~~~~^^^^^^^^^^^^^^^^^
E0908 07:01:01.371000 15816 site-packages\torch\_subclasses\fake_tensor.py:3212] [3/0]   File "C:\Users\clm\AppData\Local\Python\pythoncore-3.14-64\Lib\site-packages\torch\_refs\__init__.py", line 3217, in expand
E0908 07:01:01.371000 15816 site-packages\torch\_subclasses\fake_tensor.py:3212] [3/0]     torch._check(
E0908 07:01:01.371000 15816 site-packages\torch\_subclasses\fake_tensor.py:3212] [3/0]     ~~~~~~~~~~~~^
E0908 07:01:01.371000 15816 site-packages\torch\_subclasses\fake_tensor.py:3212] [3/0]         sym_or(x == 1, requested_length == x),
E0908 07:01:01.371000 15816 site-packages\torch\_subclasses\fake_tensor.py:3212] [3/0]         ^^^^^^^^^^^^^^^^^^^^^^^^^^^^^^^^^^^^^^
E0908 07:01:01.371000 15816 site-packages\torch\_subclasses\fake_tensor.py:3212] [3/0]         lambda: f"expand: attempting to expand a dimension of length {x} -> {requested_length}!",
E0908 07:01:01.371000 15816 site-packages\torch\_subclasses\fake_tensor.py:3212] [3/0]         ^^^^^^^^^^^^^^^^^^^^^^^^^^^^^^^^^^^^^^^^^^^^^^^^^^^^^^^^^^^^^^^^^^^^^^^^^^^^^^^^^^^^^^^^^
E0908 07:01:01.371000 15816 site-packages\torch\_subclasses\fake_tensor.py:3212] [3/0]     )
E0908 07:01:01.371000 15816 site-packages\torch\_subclasses\fake_tensor.py:3212] [3/0]     ^
E0908 07:01:01.371000 15816 site-packages\torch\_subclasses\fake_tensor.py:3212] [3/0]   File "C:\Users\clm\AppData\Local\Python\pythoncore-3.14-64\Lib\site-packages\torch\__init__.py", line 2140, in _check
E0908 07:01:01.371000 15816 site-packages\torch\_subclasses\fake_tensor.py:3212] [3/0]     _check_with(RuntimeError, cond, message)
E0908 07:01:01.371000 15816 site-packages\torch\_subclasses\fake_tensor.py:3212] [3/0]     ~~~~~~~~~~~^^^^^^^^^^^^^^^^^^^^^^^^^^^^^
E0908 07:01:01.371000 15816 site-packages\torch\_subclasses\fake_tensor.py:3212] [3/0]   File "C:\Users\clm\AppData\Local\Python\pythoncore-3.14-64\Lib\site-packages\torch\__init__.py", line 2118, in _check_with
E0908 07:01:01.371000 15816 site-packages\torch\_subclasses\fake_tensor.py:3212] [3/0]     raise error_type(message_evaluated)
E0908 07:01:01.371000 15816 site-packages\torch\_subclasses\fake_tensor.py:3212] [3/0] RuntimeError: expand: attempting to expand a dimension of length 33 -> 1!
E0908 07:01:01.599000 15816 site-packages\torch\_subclasses\fake_tensor.py:3212] [3/0] failed while attempting to run meta for aten.expand.default
E0908 07:01:01.599000 15816 site-packages\torch\_subclasses\fake_tensor.py:3212] [3/0] Traceback (most recent call last):
E0908 07:01:01.599000 15816 site-packages\torch\_subclasses\fake_tensor.py:3212] [3/0]   File "C:\Users\clm\AppData\Local\Python\pythoncore-3.14-64\Lib\site-packages\torch\_subclasses\fake_tensor.py", line 3208, in _dispatch_impl
E0908 07:01:01.599000 15816 site-packages\torch\_subclasses\fake_tensor.py:3212] [3/0]     r = func(*args, **kwargs)
E0908 07:01:01.599000 15816 site-packages\torch\_subclasses\fake_tensor.py:3212] [3/0]   File "C:\Users\clm\AppData\Local\Python\pythoncore-3.14-64\Lib\site-packages\torch\_ops.py", line 916, in __call__
E0908 07:01:01.599000 15816 site-packages\torch\_subclasses\fake_tensor.py:3212] [3/0]     return self._op(*args, **kwargs)
E0908 07:01:01.599000 15816 site-packages\torch\_subclasses\fake_tensor.py:3212] [3/0]            ~~~~~~~~^^^^^^^^^^^^^^^^^
E0908 07:01:01.599000 15816 site-packages\torch\_subclasses\fake_tensor.py:3212] [3/0]   File "C:\Users\clm\AppData\Local\Python\pythoncore-3.14-64\Lib\site-packages\torch\_refs\__init__.py", line 3217, in expand
E0908 07:01:01.599000 15816 site-packages\torch\_subclasses\fake_tensor.py:3212] [3/0]     torch._check(
E0908 07:01:01.599000 15816 site-packages\torch\_subclasses\fake_tensor.py:3212] [3/0]     ~~~~~~~~~~~~^
E0908 07:01:01.599000 15816 site-packages\torch\_subclasses\fake_tensor.py:3212] [3/0]         sym_or(x == 1, requested_length == x),
E0908 07:01:01.599000 15816 site-packages\torch\_subclasses\fake_tensor.py:3212] [3/0]         ^^^^^^^^^^^^^^^^^^^^^^^^^^^^^^^^^^^^^^
E0908 07:01:01.599000 15816 site-packages\torch\_subclasses\fake_tensor.py:3212] [3/0]         lambda: f"expand: attempting to expand a dimension of length {x} -> {requested_length}!",
E0908 07:01:01.599000 15816 site-packages\torch\_subclasses\fake_tensor.py:3212] [3/0]         ^^^^^^^^^^^^^^^^^^^^^^^^^^^^^^^^^^^^^^^^^^^^^^^^^^^^^^^^^^^^^^^^^^^^^^^^^^^^^^^^^^^^^^^^^
E0908 07:01:01.599000 15816 site-packages\torch\_subclasses\fake_tensor.py:3212] [3/0]     )
E0908 07:01:01.599000 15816 site-packages\torch\_subclasses\fake_tensor.py:3212] [3/0]     ^
E0908 07:01:01.599000 15816 site-packages\torch\_subclasses\fake_tensor.py:3212] [3/0]   File "C:\Users\clm\AppData\Local\Python\pythoncore-3.14-64\Lib\site-packages\torch\__init__.py", line 2140, in _check
E0908 07:01:01.599000 15816 site-packages\torch\_subclasses\fake_tensor.py:3212] [3/0]     _check_with(RuntimeError, cond, message)
E0908 07:01:01.599000 15816 site-packages\torch\_subclasses\fake_tensor.py:3212] [3/0]     ~~~~~~~~~~~^^^^^^^^^^^^^^^^^^^^^^^^^^^^^
E0908 07:01:01.599000 15816 site-packages\torch\_subclasses\fake_tensor.py:3212] [3/0]   File "C:\Users\clm\AppData\Local\Python\pythoncore-3.14-64\Lib\site-packages\torch\__init__.py", line 2118, in _check_with
E0908 07:01:01.599000 15816 site-packages\torch\_subclasses\fake_tensor.py:3212] [3/0]     raise error_type(message_evaluated)
E0908 07:01:01.599000 15816 site-packages\torch\_subclasses\fake_tensor.py:3212] [3/0] RuntimeError: expand: attempting to expand a dimension of length 33 -> 1!
E0908 07:01:01.830000 15816 site-packages\torch\_subclasses\fake_tensor.py:3212] [3/0] failed while attempting to run meta for aten.expand.default
E0908 07:01:01.830000 15816 site-packages\torch\_subclasses\fake_tensor.py:3212] [3/0] Traceback (most recent call last):
E0908 07:01:01.830000 15816 site-packages\torch\_subclasses\fake_tensor.py:3212] [3/0]   File "C:\Users\clm\AppData\Local\Python\pythoncore-3.14-64\Lib\site-packages\torch\_subclasses\fake_tensor.py", line 3208, in _dispatch_impl
E0908 07:01:01.830000 15816 site-packages\torch\_subclasses\fake_tensor.py:3212] [3/0]     r = func(*args, **kwargs)
E0908 07:01:01.830000 15816 site-packages\torch\_subclasses\fake_tensor.py:3212] [3/0]   File "C:\Users\clm\AppData\Local\Python\pythoncore-3.14-64\Lib\site-packages\torch\_ops.py", line 916, in __call__
E0908 07:01:01.830000 15816 site-packages\torch\_subclasses\fake_tensor.py:3212] [3/0]     return self._op(*args, **kwargs)
E0908 07:01:01.830000 15816 site-packages\torch\_subclasses\fake_tensor.py:3212] [3/0]            ~~~~~~~~^^^^^^^^^^^^^^^^^
E0908 07:01:01.830000 15816 site-packages\torch\_subclasses\fake_tensor.py:3212] [3/0]   File "C:\Users\clm\AppData\Local\Python\pythoncore-3.14-64\Lib\site-packages\torch\_refs\__init__.py", line 3217, in expand
E0908 07:01:01.830000 15816 site-packages\torch\_subclasses\fake_tensor.py:3212] [3/0]     torch._check(
E0908 07:01:01.830000 15816 site-packages\torch\_subclasses\fake_tensor.py:3212] [3/0]     ~~~~~~~~~~~~^
E0908 07:01:01.830000 15816 site-packages\torch\_subclasses\fake_tensor.py:3212] [3/0]         sym_or(x == 1, requested_length == x),
E0908 07:01:01.830000 15816 site-packages\torch\_subclasses\fake_tensor.py:3212] [3/0]         ^^^^^^^^^^^^^^^^^^^^^^^^^^^^^^^^^^^^^^
E0908 07:01:01.830000 15816 site-packages\torch\_subclasses\fake_tensor.py:3212] [3/0]         lambda: f"expand: attempting to expand a dimension of length {x} -> {requested_length}!",
E0908 07:01:01.830000 15816 site-packages\torch\_subclasses\fake_tensor.py:3212] [3/0]         ^^^^^^^^^^^^^^^^^^^^^^^^^^^^^^^^^^^^^^^^^^^^^^^^^^^^^^^^^^^^^^^^^^^^^^^^^^^^^^^^^^^^^^^^^
E0908 07:01:01.830000 15816 site-packages\torch\_subclasses\fake_tensor.py:3212] [3/0]     )
E0908 07:01:01.830000 15816 site-packages\torch\_subclasses\fake_tensor.py:3212] [3/0]     ^
E0908 07:01:01.830000 15816 site-packages\torch\_subclasses\fake_tensor.py:3212] [3/0]   File "C:\Users\clm\AppData\Local\Python\pythoncore-3.14-64\Lib\site-packages\torch\__init__.py", line 2140, in _check
E0908 07:01:01.830000 15816 site-packages\torch\_subclasses\fake_tensor.py:3212] [3/0]     _check_with(RuntimeError, cond, message)
E0908 07:01:01.830000 15816 site-packages\torch\_subclasses\fake_tensor.py:3212] [3/0]     ~~~~~~~~~~~^^^^^^^^^^^^^^^^^^^^^^^^^^^^^
E0908 07:01:01.830000 15816 site-packages\torch\_subclasses\fake_tensor.py:3212] [3/0]   File "C:\Users\clm\AppData\Local\Python\pythoncore-3.14-64\Lib\site-packages\torch\__init__.py", line 2118, in _check_with
E0908 07:01:01.830000 15816 site-packages\torch\_subclasses\fake_tensor.py:3212] [3/0]     raise error_type(message_evaluated)
E0908 07:01:01.830000 15816 site-packages\torch\_subclasses\fake_tensor.py:3212] [3/0] RuntimeError: expand: attempting to expand a dimension of length 33 -> 1!
E0908 07:01:02.050000 15816 site-packages\torch\_subclasses\fake_tensor.py:3212] [3/0] failed while attempting to run meta for aten.expand.default
E0908 07:01:02.050000 15816 site-packages\torch\_subclasses\fake_tensor.py:3212] [3/0] Traceback (most recent call last):
E0908 07:01:02.050000 15816 site-packages\torch\_subclasses\fake_tensor.py:3212] [3/0]   File "C:\Users\clm\AppData\Local\Python\pythoncore-3.14-64\Lib\site-packages\torch\_subclasses\fake_tensor.py", line 3208, in _dispatch_impl
E0908 07:01:02.050000 15816 site-packages\torch\_subclasses\fake_tensor.py:3212] [3/0]     r = func(*args, **kwargs)
E0908 07:01:02.050000 15816 site-packages\torch\_subclasses\fake_tensor.py:3212] [3/0]   File "C:\Users\clm\AppData\Local\Python\pythoncore-3.14-64\Lib\site-packages\torch\_ops.py", line 916, in __call__
E0908 07:01:02.050000 15816 site-packages\torch\_subclasses\fake_tensor.py:3212] [3/0]     return self._op(*args, **kwargs)
E0908 07:01:02.050000 15816 site-packages\torch\_subclasses\fake_tensor.py:3212] [3/0]            ~~~~~~~~^^^^^^^^^^^^^^^^^
E0908 07:01:02.050000 15816 site-packages\torch\_subclasses\fake_tensor.py:3212] [3/0]   File "C:\Users\clm\AppData\Local\Python\pythoncore-3.14-64\Lib\site-packages\torch\_refs\__init__.py", line 3217, in expand
E0908 07:01:02.050000 15816 site-packages\torch\_subclasses\fake_tensor.py:3212] [3/0]     torch._check(
E0908 07:01:02.050000 15816 site-packages\torch\_subclasses\fake_tensor.py:3212] [3/0]     ~~~~~~~~~~~~^
E0908 07:01:02.050000 15816 site-packages\torch\_subclasses\fake_tensor.py:3212] [3/0]         sym_or(x == 1, requested_length == x),
E0908 07:01:02.050000 15816 site-packages\torch\_subclasses\fake_tensor.py:3212] [3/0]         ^^^^^^^^^^^^^^^^^^^^^^^^^^^^^^^^^^^^^^
E0908 07:01:02.050000 15816 site-packages\torch\_subclasses\fake_tensor.py:3212] [3/0]         lambda: f"expand: attempting to expand a dimension of length {x} -> {requested_length}!",
E0908 07:01:02.050000 15816 site-packages\torch\_subclasses\fake_tensor.py:3212] [3/0]         ^^^^^^^^^^^^^^^^^^^^^^^^^^^^^^^^^^^^^^^^^^^^^^^^^^^^^^^^^^^^^^^^^^^^^^^^^^^^^^^^^^^^^^^^^
E0908 07:01:02.050000 15816 site-packages\torch\_subclasses\fake_tensor.py:3212] [3/0]     )
E0908 07:01:02.050000 15816 site-packages\torch\_subclasses\fake_tensor.py:3212] [3/0]     ^
E0908 07:01:02.050000 15816 site-packages\torch\_subclasses\fake_tensor.py:3212] [3/0]   File "C:\Users\clm\AppData\Local\Python\pythoncore-3.14-64\Lib\site-packages\torch\__init__.py", line 2140, in _check
E0908 07:01:02.050000 15816 site-packages\torch\_subclasses\fake_tensor.py:3212] [3/0]     _check_with(RuntimeError, cond, message)
E0908 07:01:02.050000 15816 site-packages\torch\_subclasses\fake_tensor.py:3212] [3/0]     ~~~~~~~~~~~^^^^^^^^^^^^^^^^^^^^^^^^^^^^^
E0908 07:01:02.050000 15816 site-packages\torch\_subclasses\fake_tensor.py:3212] [3/0]   File "C:\Users\clm\AppData\Local\Python\pythoncore-3.14-64\Lib\site-packages\torch\__init__.py", line 2118, in _check_with
E0908 07:01:02.050000 15816 site-packages\torch\_subclasses\fake_tensor.py:3212] [3/0]     raise error_type(message_evaluated)
E0908 07:01:02.050000 15816 site-packages\torch\_subclasses\fake_tensor.py:3212] [3/0] RuntimeError: expand: attempting to expand a dimension of length 33 -> 1!
E0908 07:01:04.011000 15816 site-packages\torch\_subclasses\fake_tensor.py:3212] [3/0] failed while attempting to run meta for aten.expand.default
E0908 07:01:04.011000 15816 site-packages\torch\_subclasses\fake_tensor.py:3212] [3/0] Traceback (most recent call last):
E0908 07:01:04.011000 15816 site-packages\torch\_subclasses\fake_tensor.py:3212] [3/0]   File "C:\Users\clm\AppData\Local\Python\pythoncore-3.14-64\Lib\site-packages\torch\_subclasses\fake_tensor.py", line 3208, in _dispatch_impl
E0908 07:01:04.011000 15816 site-packages\torch\_subclasses\fake_tensor.py:3212] [3/0]     r = func(*args, **kwargs)
E0908 07:01:04.011000 15816 site-packages\torch\_subclasses\fake_tensor.py:3212] [3/0]   File "C:\Users\clm\AppData\Local\Python\pythoncore-3.14-64\Lib\site-packages\torch\_ops.py", line 916, in __call__
E0908 07:01:04.011000 15816 site-packages\torch\_subclasses\fake_tensor.py:3212] [3/0]     return self._op(*args, **kwargs)
E0908 07:01:04.011000 15816 site-packages\torch\_subclasses\fake_tensor.py:3212] [3/0]            ~~~~~~~~^^^^^^^^^^^^^^^^^
E0908 07:01:04.011000 15816 site-packages\torch\_subclasses\fake_tensor.py:3212] [3/0]   File "C:\Users\clm\AppData\Local\Python\pythoncore-3.14-64\Lib\site-packages\torch\_refs\__init__.py", line 3217, in expand
E0908 07:01:04.011000 15816 site-packages\torch\_subclasses\fake_tensor.py:3212] [3/0]     torch._check(
E0908 07:01:04.011000 15816 site-packages\torch\_subclasses\fake_tensor.py:3212] [3/0]     ~~~~~~~~~~~~^
E0908 07:01:04.011000 15816 site-packages\torch\_subclasses\fake_tensor.py:3212] [3/0]         sym_or(x == 1, requested_length == x),
E0908 07:01:04.011000 15816 site-packages\torch\_subclasses\fake_tensor.py:3212] [3/0]         ^^^^^^^^^^^^^^^^^^^^^^^^^^^^^^^^^^^^^^
E0908 07:01:04.011000 15816 site-packages\torch\_subclasses\fake_tensor.py:3212] [3/0]         lambda: f"expand: attempting to expand a dimension of length {x} -> {requested_length}!",
E0908 07:01:04.011000 15816 site-packages\torch\_subclasses\fake_tensor.py:3212] [3/0]         ^^^^^^^^^^^^^^^^^^^^^^^^^^^^^^^^^^^^^^^^^^^^^^^^^^^^^^^^^^^^^^^^^^^^^^^^^^^^^^^^^^^^^^^^^
E0908 07:01:04.011000 15816 site-packages\torch\_subclasses\fake_tensor.py:3212] [3/0]     )
E0908 07:01:04.011000 15816 site-packages\torch\_subclasses\fake_tensor.py:3212] [3/0]     ^
E0908 07:01:04.011000 15816 site-packages\torch\_subclasses\fake_tensor.py:3212] [3/0]   File "C:\Users\clm\AppData\Local\Python\pythoncore-3.14-64\Lib\site-packages\torch\__init__.py", line 2140, in _check
E0908 07:01:04.011000 15816 site-packages\torch\_subclasses\fake_tensor.py:3212] [3/0]     _check_with(RuntimeError, cond, message)
E0908 07:01:04.011000 15816 site-packages\torch\_subclasses\fake_tensor.py:3212] [3/0]     ~~~~~~~~~~~^^^^^^^^^^^^^^^^^^^^^^^^^^^^^
E0908 07:01:04.011000 15816 site-packages\torch\_subclasses\fake_tensor.py:3212] [3/0]   File "C:\Users\clm\AppData\Local\Python\pythoncore-3.14-64\Lib\site-packages\torch\__init__.py", line 2118, in _check_with
E0908 07:01:04.011000 15816 site-packages\torch\_subclasses\fake_tensor.py:3212] [3/0]     raise error_type(message_evaluated)
E0908 07:01:04.011000 15816 site-packages\torch\_subclasses\fake_tensor.py:3212] [3/0] RuntimeError: expand: attempting to expand a dimension of length 33 -> 1!
  nnsmith_100008           0 candidate(s), 0 submittable, 24 tests, 670 compiles  [184.2s]
E0908 07:01:33.739000 15816 site-packages\torch\_subclasses\fake_tensor.py:3212] [9/0] failed while attempting to run meta for aten.expand.default
E0908 07:01:33.739000 15816 site-packages\torch\_subclasses\fake_tensor.py:3212] [9/0] Traceback (most recent call last):
E0908 07:01:33.739000 15816 site-packages\torch\_subclasses\fake_tensor.py:3212] [9/0]   File "C:\Users\clm\AppData\Local\Python\pythoncore-3.14-64\Lib\site-packages\torch\_subclasses\fake_tensor.py", line 3208, in _dispatch_impl
E0908 07:01:33.739000 15816 site-packages\torch\_subclasses\fake_tensor.py:3212] [9/0]     r = func(*args, **kwargs)
E0908 07:01:33.739000 15816 site-packages\torch\_subclasses\fake_tensor.py:3212] [9/0]   File "C:\Users\clm\AppData\Local\Python\pythoncore-3.14-64\Lib\site-packages\torch\_ops.py", line 916, in __call__
E0908 07:01:33.739000 15816 site-packages\torch\_subclasses\fake_tensor.py:3212] [9/0]     return self._op(*args, **kwargs)
E0908 07:01:33.739000 15816 site-packages\torch\_subclasses\fake_tensor.py:3212] [9/0]            ~~~~~~~~^^^^^^^^^^^^^^^^^
E0908 07:01:33.739000 15816 site-packages\torch\_subclasses\fake_tensor.py:3212] [9/0]   File "C:\Users\clm\AppData\Local\Python\pythoncore-3.14-64\Lib\site-packages\torch\_refs\__init__.py", line 3217, in expand
E0908 07:01:33.739000 15816 site-packages\torch\_subclasses\fake_tensor.py:3212] [9/0]     torch._check(
E0908 07:01:33.739000 15816 site-packages\torch\_subclasses\fake_tensor.py:3212] [9/0]     ~~~~~~~~~~~~^
E0908 07:01:33.739000 15816 site-packages\torch\_subclasses\fake_tensor.py:3212] [9/0]         sym_or(x == 1, requested_length == x),
E0908 07:01:33.739000 15816 site-packages\torch\_subclasses\fake_tensor.py:3212] [9/0]         ^^^^^^^^^^^^^^^^^^^^^^^^^^^^^^^^^^^^^^
E0908 07:01:33.739000 15816 site-packages\torch\_subclasses\fake_tensor.py:3212] [9/0]         lambda: f"expand: attempting to expand a dimension of length {x} -> {requested_length}!",
E0908 07:01:33.739000 15816 site-packages\torch\_subclasses\fake_tensor.py:3212] [9/0]         ^^^^^^^^^^^^^^^^^^^^^^^^^^^^^^^^^^^^^^^^^^^^^^^^^^^^^^^^^^^^^^^^^^^^^^^^^^^^^^^^^^^^^^^^^
E0908 07:01:33.739000 15816 site-packages\torch\_subclasses\fake_tensor.py:3212] [9/0]     )
E0908 07:01:33.739000 15816 site-packages\torch\_subclasses\fake_tensor.py:3212] [9/0]     ^
E0908 07:01:33.739000 15816 site-packages\torch\_subclasses\fake_tensor.py:3212] [9/0]   File "C:\Users\clm\AppData\Local\Python\pythoncore-3.14-64\Lib\site-packages\torch\__init__.py", line 2140, in _check
E0908 07:01:33.739000 15816 site-packages\torch\_subclasses\fake_tensor.py:3212] [9/0]     _check_with(RuntimeError, cond, message)
E0908 07:01:33.739000 15816 site-packages\torch\_subclasses\fake_tensor.py:3212] [9/0]     ~~~~~~~~~~~^^^^^^^^^^^^^^^^^^^^^^^^^^^^^
E0908 07:01:33.739000 15816 site-packages\torch\_subclasses\fake_tensor.py:3212] [9/0]   File "C:\Users\clm\AppData\Local\Python\pythoncore-3.14-64\Lib\site-packages\torch\__init__.py", line 2118, in _check_with
E0908 07:01:33.739000 15816 site-packages\torch\_subclasses\fake_tensor.py:3212] [9/0]     raise error_type(message_evaluated)
E0908 07:01:33.739000 15816 site-packages\torch\_subclasses\fake_tensor.py:3212] [9/0] RuntimeError: expand: attempting to expand a dimension of length 2 -> 1!
E0908 07:01:34.228000 15816 site-packages\torch\_subclasses\fake_tensor.py:3212] [9/0] failed while attempting to run meta for aten.expand.default
E0908 07:01:34.228000 15816 site-packages\torch\_subclasses\fake_tensor.py:3212] [9/0] Traceback (most recent call last):
E0908 07:01:34.228000 15816 site-packages\torch\_subclasses\fake_tensor.py:3212] [9/0]   File "C:\Users\clm\AppData\Local\Python\pythoncore-3.14-64\Lib\site-packages\torch\_subclasses\fake_tensor.py", line 3208, in _dispatch_impl
E0908 07:01:34.228000 15816 site-packages\torch\_subclasses\fake_tensor.py:3212] [9/0]     r = func(*args, **kwargs)
E0908 07:01:34.228000 15816 site-packages\torch\_subclasses\fake_tensor.py:3212] [9/0]   File "C:\Users\clm\AppData\Local\Python\pythoncore-3.14-64\Lib\site-packages\torch\_ops.py", line 916, in __call__
E0908 07:01:34.228000 15816 site-packages\torch\_subclasses\fake_tensor.py:3212] [9/0]     return self._op(*args, **kwargs)
E0908 07:01:34.228000 15816 site-packages\torch\_subclasses\fake_tensor.py:3212] [9/0]            ~~~~~~~~^^^^^^^^^^^^^^^^^
E0908 07:01:34.228000 15816 site-packages\torch\_subclasses\fake_tensor.py:3212] [9/0]   File "C:\Users\clm\AppData\Local\Python\pythoncore-3.14-64\Lib\site-packages\torch\_refs\__init__.py", line 3217, in expand
E0908 07:01:34.228000 15816 site-packages\torch\_subclasses\fake_tensor.py:3212] [9/0]     torch._check(
E0908 07:01:34.228000 15816 site-packages\torch\_subclasses\fake_tensor.py:3212] [9/0]     ~~~~~~~~~~~~^
E0908 07:01:34.228000 15816 site-packages\torch\_subclasses\fake_tensor.py:3212] [9/0]         sym_or(x == 1, requested_length == x),
E0908 07:01:34.228000 15816 site-packages\torch\_subclasses\fake_tensor.py:3212] [9/0]         ^^^^^^^^^^^^^^^^^^^^^^^^^^^^^^^^^^^^^^
E0908 07:01:34.228000 15816 site-packages\torch\_subclasses\fake_tensor.py:3212] [9/0]         lambda: f"expand: attempting to expand a dimension of length {x} -> {requested_length}!",
E0908 07:01:34.228000 15816 site-packages\torch\_subclasses\fake_tensor.py:3212] [9/0]         ^^^^^^^^^^^^^^^^^^^^^^^^^^^^^^^^^^^^^^^^^^^^^^^^^^^^^^^^^^^^^^^^^^^^^^^^^^^^^^^^^^^^^^^^^
E0908 07:01:34.228000 15816 site-packages\torch\_subclasses\fake_tensor.py:3212] [9/0]     )
E0908 07:01:34.228000 15816 site-packages\torch\_subclasses\fake_tensor.py:3212] [9/0]     ^
E0908 07:01:34.228000 15816 site-packages\torch\_subclasses\fake_tensor.py:3212] [9/0]   File "C:\Users\clm\AppData\Local\Python\pythoncore-3.14-64\Lib\site-packages\torch\__init__.py", line 2140, in _check
E0908 07:01:34.228000 15816 site-packages\torch\_subclasses\fake_tensor.py:3212] [9/0]     _check_with(RuntimeError, cond, message)
E0908 07:01:34.228000 15816 site-packages\torch\_subclasses\fake_tensor.py:3212] [9/0]     ~~~~~~~~~~~^^^^^^^^^^^^^^^^^^^^^^^^^^^^^
E0908 07:01:34.228000 15816 site-packages\torch\_subclasses\fake_tensor.py:3212] [9/0]   File "C:\Users\clm\AppData\Local\Python\pythoncore-3.14-64\Lib\site-packages\torch\__init__.py", line 2118, in _check_with
E0908 07:01:34.228000 15816 site-packages\torch\_subclasses\fake_tensor.py:3212] [9/0]     raise error_type(message_evaluated)
E0908 07:01:34.228000 15816 site-packages\torch\_subclasses\fake_tensor.py:3212] [9/0] RuntimeError: expand: attempting to expand a dimension of length 2 -> 1!
E0908 07:01:38.861000 15816 site-packages\torch\_subclasses\fake_tensor.py:3212] [9/0] failed while attempting to run meta for aten.expand.default
E0908 07:01:38.861000 15816 site-packages\torch\_subclasses\fake_tensor.py:3212] [9/0] Traceback (most recent call last):
E0908 07:01:38.861000 15816 site-packages\torch\_subclasses\fake_tensor.py:3212] [9/0]   File "C:\Users\clm\AppData\Local\Python\pythoncore-3.14-64\Lib\site-packages\torch\_subclasses\fake_tensor.py", line 3208, in _dispatch_impl
E0908 07:01:38.861000 15816 site-packages\torch\_subclasses\fake_tensor.py:3212] [9/0]     r = func(*args, **kwargs)
E0908 07:01:38.861000 15816 site-packages\torch\_subclasses\fake_tensor.py:3212] [9/0]   File "C:\Users\clm\AppData\Local\Python\pythoncore-3.14-64\Lib\site-packages\torch\_ops.py", line 916, in __call__
E0908 07:01:38.861000 15816 site-packages\torch\_subclasses\fake_tensor.py:3212] [9/0]     return self._op(*args, **kwargs)
E0908 07:01:38.861000 15816 site-packages\torch\_subclasses\fake_tensor.py:3212] [9/0]            ~~~~~~~~^^^^^^^^^^^^^^^^^
E0908 07:01:38.861000 15816 site-packages\torch\_subclasses\fake_tensor.py:3212] [9/0]   File "C:\Users\clm\AppData\Local\Python\pythoncore-3.14-64\Lib\site-packages\torch\_refs\__init__.py", line 3217, in expand
E0908 07:01:38.861000 15816 site-packages\torch\_subclasses\fake_tensor.py:3212] [9/0]     torch._check(
E0908 07:01:38.861000 15816 site-packages\torch\_subclasses\fake_tensor.py:3212] [9/0]     ~~~~~~~~~~~~^
E0908 07:01:38.861000 15816 site-packages\torch\_subclasses\fake_tensor.py:3212] [9/0]         sym_or(x == 1, requested_length == x),
E0908 07:01:38.861000 15816 site-packages\torch\_subclasses\fake_tensor.py:3212] [9/0]         ^^^^^^^^^^^^^^^^^^^^^^^^^^^^^^^^^^^^^^
E0908 07:01:38.861000 15816 site-packages\torch\_subclasses\fake_tensor.py:3212] [9/0]         lambda: f"expand: attempting to expand a dimension of length {x} -> {requested_length}!",
E0908 07:01:38.861000 15816 site-packages\torch\_subclasses\fake_tensor.py:3212] [9/0]         ^^^^^^^^^^^^^^^^^^^^^^^^^^^^^^^^^^^^^^^^^^^^^^^^^^^^^^^^^^^^^^^^^^^^^^^^^^^^^^^^^^^^^^^^^
E0908 07:01:38.861000 15816 site-packages\torch\_subclasses\fake_tensor.py:3212] [9/0]     )
E0908 07:01:38.861000 15816 site-packages\torch\_subclasses\fake_tensor.py:3212] [9/0]     ^
E0908 07:01:38.861000 15816 site-packages\torch\_subclasses\fake_tensor.py:3212] [9/0]   File "C:\Users\clm\AppData\Local\Python\pythoncore-3.14-64\Lib\site-packages\torch\__init__.py", line 2140, in _check
E0908 07:01:38.861000 15816 site-packages\torch\_subclasses\fake_tensor.py:3212] [9/0]     _check_with(RuntimeError, cond, message)
E0908 07:01:38.861000 15816 site-packages\torch\_subclasses\fake_tensor.py:3212] [9/0]     ~~~~~~~~~~~^^^^^^^^^^^^^^^^^^^^^^^^^^^^^
E0908 07:01:38.861000 15816 site-packages\torch\_subclasses\fake_tensor.py:3212] [9/0]   File "C:\Users\clm\AppData\Local\Python\pythoncore-3.14-64\Lib\site-packages\torch\__init__.py", line 2118, in _check_with
E0908 07:01:38.861000 15816 site-packages\torch\_subclasses\fake_tensor.py:3212] [9/0]     raise error_type(message_evaluated)
E0908 07:01:38.861000 15816 site-packages\torch\_subclasses\fake_tensor.py:3212] [9/0] RuntimeError: expand: attempting to expand a dimension of length 2 -> 1!
E0908 07:01:39.331000 15816 site-packages\torch\_subclasses\fake_tensor.py:3212] [9/0] failed while attempting to run meta for aten.expand.default
E0908 07:01:39.331000 15816 site-packages\torch\_subclasses\fake_tensor.py:3212] [9/0] Traceback (most recent call last):
E0908 07:01:39.331000 15816 site-packages\torch\_subclasses\fake_tensor.py:3212] [9/0]   File "C:\Users\clm\AppData\Local\Python\pythoncore-3.14-64\Lib\site-packages\torch\_subclasses\fake_tensor.py", line 3208, in _dispatch_impl
E0908 07:01:39.331000 15816 site-packages\torch\_subclasses\fake_tensor.py:3212] [9/0]     r = func(*args, **kwargs)
E0908 07:01:39.331000 15816 site-packages\torch\_subclasses\fake_tensor.py:3212] [9/0]   File "C:\Users\clm\AppData\Local\Python\pythoncore-3.14-64\Lib\site-packages\torch\_ops.py", line 916, in __call__
E0908 07:01:39.331000 15816 site-packages\torch\_subclasses\fake_tensor.py:3212] [9/0]     return self._op(*args, **kwargs)
E0908 07:01:39.331000 15816 site-packages\torch\_subclasses\fake_tensor.py:3212] [9/0]            ~~~~~~~~^^^^^^^^^^^^^^^^^
E0908 07:01:39.331000 15816 site-packages\torch\_subclasses\fake_tensor.py:3212] [9/0]   File "C:\Users\clm\AppData\Local\Python\pythoncore-3.14-64\Lib\site-packages\torch\_refs\__init__.py", line 3217, in expand
E0908 07:01:39.331000 15816 site-packages\torch\_subclasses\fake_tensor.py:3212] [9/0]     torch._check(
E0908 07:01:39.331000 15816 site-packages\torch\_subclasses\fake_tensor.py:3212] [9/0]     ~~~~~~~~~~~~^
E0908 07:01:39.331000 15816 site-packages\torch\_subclasses\fake_tensor.py:3212] [9/0]         sym_or(x == 1, requested_length == x),
E0908 07:01:39.331000 15816 site-packages\torch\_subclasses\fake_tensor.py:3212] [9/0]         ^^^^^^^^^^^^^^^^^^^^^^^^^^^^^^^^^^^^^^
E0908 07:01:39.331000 15816 site-packages\torch\_subclasses\fake_tensor.py:3212] [9/0]         lambda: f"expand: attempting to expand a dimension of length {x} -> {requested_length}!",
E0908 07:01:39.331000 15816 site-packages\torch\_subclasses\fake_tensor.py:3212] [9/0]         ^^^^^^^^^^^^^^^^^^^^^^^^^^^^^^^^^^^^^^^^^^^^^^^^^^^^^^^^^^^^^^^^^^^^^^^^^^^^^^^^^^^^^^^^^
E0908 07:01:39.331000 15816 site-packages\torch\_subclasses\fake_tensor.py:3212] [9/0]     )
E0908 07:01:39.331000 15816 site-packages\torch\_subclasses\fake_tensor.py:3212] [9/0]     ^
E0908 07:01:39.331000 15816 site-packages\torch\_subclasses\fake_tensor.py:3212] [9/0]   File "C:\Users\clm\AppData\Local\Python\pythoncore-3.14-64\Lib\site-packages\torch\__init__.py", line 2140, in _check
E0908 07:01:39.331000 15816 site-packages\torch\_subclasses\fake_tensor.py:3212] [9/0]     _check_with(RuntimeError, cond, message)
E0908 07:01:39.331000 15816 site-packages\torch\_subclasses\fake_tensor.py:3212] [9/0]     ~~~~~~~~~~~^^^^^^^^^^^^^^^^^^^^^^^^^^^^^
E0908 07:01:39.331000 15816 site-packages\torch\_subclasses\fake_tensor.py:3212] [9/0]   File "C:\Users\clm\AppData\Local\Python\pythoncore-3.14-64\Lib\site-packages\torch\__init__.py", line 2118, in _check_with
E0908 07:01:39.331000 15816 site-packages\torch\_subclasses\fake_tensor.py:3212] [9/0]     raise error_type(message_evaluated)
E0908 07:01:39.331000 15816 site-packages\torch\_subclasses\fake_tensor.py:3212] [9/0] RuntimeError: expand: attempting to expand a dimension of length 2 -> 1!
E0908 07:01:39.781000 15816 site-packages\torch\_subclasses\fake_tensor.py:3212] [9/0] failed while attempting to run meta for aten.expand.default
E0908 07:01:39.781000 15816 site-packages\torch\_subclasses\fake_tensor.py:3212] [9/0] Traceback (most recent call last):
E0908 07:01:39.781000 15816 site-packages\torch\_subclasses\fake_tensor.py:3212] [9/0]   File "C:\Users\clm\AppData\Local\Python\pythoncore-3.14-64\Lib\site-packages\torch\_subclasses\fake_tensor.py", line 3208, in _dispatch_impl
E0908 07:01:39.781000 15816 site-packages\torch\_subclasses\fake_tensor.py:3212] [9/0]     r = func(*args, **kwargs)
E0908 07:01:39.781000 15816 site-packages\torch\_subclasses\fake_tensor.py:3212] [9/0]   File "C:\Users\clm\AppData\Local\Python\pythoncore-3.14-64\Lib\site-packages\torch\_ops.py", line 916, in __call__
E0908 07:01:39.781000 15816 site-packages\torch\_subclasses\fake_tensor.py:3212] [9/0]     return self._op(*args, **kwargs)
E0908 07:01:39.781000 15816 site-packages\torch\_subclasses\fake_tensor.py:3212] [9/0]            ~~~~~~~~^^^^^^^^^^^^^^^^^
E0908 07:01:39.781000 15816 site-packages\torch\_subclasses\fake_tensor.py:3212] [9/0]   File "C:\Users\clm\AppData\Local\Python\pythoncore-3.14-64\Lib\site-packages\torch\_refs\__init__.py", line 3217, in expand
E0908 07:01:39.781000 15816 site-packages\torch\_subclasses\fake_tensor.py:3212] [9/0]     torch._check(
E0908 07:01:39.781000 15816 site-packages\torch\_subclasses\fake_tensor.py:3212] [9/0]     ~~~~~~~~~~~~^
E0908 07:01:39.781000 15816 site-packages\torch\_subclasses\fake_tensor.py:3212] [9/0]         sym_or(x == 1, requested_length == x),
E0908 07:01:39.781000 15816 site-packages\torch\_subclasses\fake_tensor.py:3212] [9/0]         ^^^^^^^^^^^^^^^^^^^^^^^^^^^^^^^^^^^^^^
E0908 07:01:39.781000 15816 site-packages\torch\_subclasses\fake_tensor.py:3212] [9/0]         lambda: f"expand: attempting to expand a dimension of length {x} -> {requested_length}!",
E0908 07:01:39.781000 15816 site-packages\torch\_subclasses\fake_tensor.py:3212] [9/0]         ^^^^^^^^^^^^^^^^^^^^^^^^^^^^^^^^^^^^^^^^^^^^^^^^^^^^^^^^^^^^^^^^^^^^^^^^^^^^^^^^^^^^^^^^^
E0908 07:01:39.781000 15816 site-packages\torch\_subclasses\fake_tensor.py:3212] [9/0]     )
E0908 07:01:39.781000 15816 site-packages\torch\_subclasses\fake_tensor.py:3212] [9/0]     ^
E0908 07:01:39.781000 15816 site-packages\torch\_subclasses\fake_tensor.py:3212] [9/0]   File "C:\Users\clm\AppData\Local\Python\pythoncore-3.14-64\Lib\site-packages\torch\__init__.py", line 2140, in _check
E0908 07:01:39.781000 15816 site-packages\torch\_subclasses\fake_tensor.py:3212] [9/0]     _check_with(RuntimeError, cond, message)
E0908 07:01:39.781000 15816 site-packages\torch\_subclasses\fake_tensor.py:3212] [9/0]     ~~~~~~~~~~~^^^^^^^^^^^^^^^^^^^^^^^^^^^^^
E0908 07:01:39.781000 15816 site-packages\torch\_subclasses\fake_tensor.py:3212] [9/0]   File "C:\Users\clm\AppData\Local\Python\pythoncore-3.14-64\Lib\site-packages\torch\__init__.py", line 2118, in _check_with
E0908 07:01:39.781000 15816 site-packages\torch\_subclasses\fake_tensor.py:3212] [9/0]     raise error_type(message_evaluated)
E0908 07:01:39.781000 15816 site-packages\torch\_subclasses\fake_tensor.py:3212] [9/0] RuntimeError: expand: attempting to expand a dimension of length 2 -> 1!
E0908 07:01:40.291000 15816 site-packages\torch\_subclasses\fake_tensor.py:3212] [9/0] failed while attempting to run meta for aten.expand.default
E0908 07:01:40.291000 15816 site-packages\torch\_subclasses\fake_tensor.py:3212] [9/0] Traceback (most recent call last):
E0908 07:01:40.291000 15816 site-packages\torch\_subclasses\fake_tensor.py:3212] [9/0]   File "C:\Users\clm\AppData\Local\Python\pythoncore-3.14-64\Lib\site-packages\torch\_subclasses\fake_tensor.py", line 3208, in _dispatch_impl
E0908 07:01:40.291000 15816 site-packages\torch\_subclasses\fake_tensor.py:3212] [9/0]     r = func(*args, **kwargs)
E0908 07:01:40.291000 15816 site-packages\torch\_subclasses\fake_tensor.py:3212] [9/0]   File "C:\Users\clm\AppData\Local\Python\pythoncore-3.14-64\Lib\site-packages\torch\_ops.py", line 916, in __call__
E0908 07:01:40.291000 15816 site-packages\torch\_subclasses\fake_tensor.py:3212] [9/0]     return self._op(*args, **kwargs)
E0908 07:01:40.291000 15816 site-packages\torch\_subclasses\fake_tensor.py:3212] [9/0]            ~~~~~~~~^^^^^^^^^^^^^^^^^
E0908 07:01:40.291000 15816 site-packages\torch\_subclasses\fake_tensor.py:3212] [9/0]   File "C:\Users\clm\AppData\Local\Python\pythoncore-3.14-64\Lib\site-packages\torch\_refs\__init__.py", line 3217, in expand
E0908 07:01:40.291000 15816 site-packages\torch\_subclasses\fake_tensor.py:3212] [9/0]     torch._check(
E0908 07:01:40.291000 15816 site-packages\torch\_subclasses\fake_tensor.py:3212] [9/0]     ~~~~~~~~~~~~^
E0908 07:01:40.291000 15816 site-packages\torch\_subclasses\fake_tensor.py:3212] [9/0]         sym_or(x == 1, requested_length == x),
E0908 07:01:40.291000 15816 site-packages\torch\_subclasses\fake_tensor.py:3212] [9/0]         ^^^^^^^^^^^^^^^^^^^^^^^^^^^^^^^^^^^^^^
E0908 07:01:40.291000 15816 site-packages\torch\_subclasses\fake_tensor.py:3212] [9/0]         lambda: f"expand: attempting to expand a dimension of length {x} -> {requested_length}!",
E0908 07:01:40.291000 15816 site-packages\torch\_subclasses\fake_tensor.py:3212] [9/0]         ^^^^^^^^^^^^^^^^^^^^^^^^^^^^^^^^^^^^^^^^^^^^^^^^^^^^^^^^^^^^^^^^^^^^^^^^^^^^^^^^^^^^^^^^^
E0908 07:01:40.291000 15816 site-packages\torch\_subclasses\fake_tensor.py:3212] [9/0]     )
E0908 07:01:40.291000 15816 site-packages\torch\_subclasses\fake_tensor.py:3212] [9/0]     ^
E0908 07:01:40.291000 15816 site-packages\torch\_subclasses\fake_tensor.py:3212] [9/0]   File "C:\Users\clm\AppData\Local\Python\pythoncore-3.14-64\Lib\site-packages\torch\__init__.py", line 2140, in _check
E0908 07:01:40.291000 15816 site-packages\torch\_subclasses\fake_tensor.py:3212] [9/0]     _check_with(RuntimeError, cond, message)
E0908 07:01:40.291000 15816 site-packages\torch\_subclasses\fake_tensor.py:3212] [9/0]     ~~~~~~~~~~~^^^^^^^^^^^^^^^^^^^^^^^^^^^^^
E0908 07:01:40.291000 15816 site-packages\torch\_subclasses\fake_tensor.py:3212] [9/0]   File "C:\Users\clm\AppData\Local\Python\pythoncore-3.14-64\Lib\site-packages\torch\__init__.py", line 2118, in _check_with
E0908 07:01:40.291000 15816 site-packages\torch\_subclasses\fake_tensor.py:3212] [9/0]     raise error_type(message_evaluated)
E0908 07:01:40.291000 15816 site-packages\torch\_subclasses\fake_tensor.py:3212] [9/0] RuntimeError: expand: attempting to expand a dimension of length 2 -> 1!
E0908 07:01:40.729000 15816 site-packages\torch\_subclasses\fake_tensor.py:3212] [9/0] failed while attempting to run meta for aten.expand.default
E0908 07:01:40.729000 15816 site-packages\torch\_subclasses\fake_tensor.py:3212] [9/0] Traceback (most recent call last):
E0908 07:01:40.729000 15816 site-packages\torch\_subclasses\fake_tensor.py:3212] [9/0]   File "C:\Users\clm\AppData\Local\Python\pythoncore-3.14-64\Lib\site-packages\torch\_subclasses\fake_tensor.py", line 3208, in _dispatch_impl
E0908 07:01:40.729000 15816 site-packages\torch\_subclasses\fake_tensor.py:3212] [9/0]     r = func(*args, **kwargs)
E0908 07:01:40.729000 15816 site-packages\torch\_subclasses\fake_tensor.py:3212] [9/0]   File "C:\Users\clm\AppData\Local\Python\pythoncore-3.14-64\Lib\site-packages\torch\_ops.py", line 916, in __call__
E0908 07:01:40.729000 15816 site-packages\torch\_subclasses\fake_tensor.py:3212] [9/0]     return self._op(*args, **kwargs)
E0908 07:01:40.729000 15816 site-packages\torch\_subclasses\fake_tensor.py:3212] [9/0]            ~~~~~~~~^^^^^^^^^^^^^^^^^
E0908 07:01:40.729000 15816 site-packages\torch\_subclasses\fake_tensor.py:3212] [9/0]   File "C:\Users\clm\AppData\Local\Python\pythoncore-3.14-64\Lib\site-packages\torch\_refs\__init__.py", line 3217, in expand
E0908 07:01:40.729000 15816 site-packages\torch\_subclasses\fake_tensor.py:3212] [9/0]     torch._check(
E0908 07:01:40.729000 15816 site-packages\torch\_subclasses\fake_tensor.py:3212] [9/0]     ~~~~~~~~~~~~^
E0908 07:01:40.729000 15816 site-packages\torch\_subclasses\fake_tensor.py:3212] [9/0]         sym_or(x == 1, requested_length == x),
E0908 07:01:40.729000 15816 site-packages\torch\_subclasses\fake_tensor.py:3212] [9/0]         ^^^^^^^^^^^^^^^^^^^^^^^^^^^^^^^^^^^^^^
E0908 07:01:40.729000 15816 site-packages\torch\_subclasses\fake_tensor.py:3212] [9/0]         lambda: f"expand: attempting to expand a dimension of length {x} -> {requested_length}!",
E0908 07:01:40.729000 15816 site-packages\torch\_subclasses\fake_tensor.py:3212] [9/0]         ^^^^^^^^^^^^^^^^^^^^^^^^^^^^^^^^^^^^^^^^^^^^^^^^^^^^^^^^^^^^^^^^^^^^^^^^^^^^^^^^^^^^^^^^^
E0908 07:01:40.729000 15816 site-packages\torch\_subclasses\fake_tensor.py:3212] [9/0]     )
E0908 07:01:40.729000 15816 site-packages\torch\_subclasses\fake_tensor.py:3212] [9/0]     ^
E0908 07:01:40.729000 15816 site-packages\torch\_subclasses\fake_tensor.py:3212] [9/0]   File "C:\Users\clm\AppData\Local\Python\pythoncore-3.14-64\Lib\site-packages\torch\__init__.py", line 2140, in _check
E0908 07:01:40.729000 15816 site-packages\torch\_subclasses\fake_tensor.py:3212] [9/0]     _check_with(RuntimeError, cond, message)
E0908 07:01:40.729000 15816 site-packages\torch\_subclasses\fake_tensor.py:3212] [9/0]     ~~~~~~~~~~~^^^^^^^^^^^^^^^^^^^^^^^^^^^^^
E0908 07:01:40.729000 15816 site-packages\torch\_subclasses\fake_tensor.py:3212] [9/0]   File "C:\Users\clm\AppData\Local\Python\pythoncore-3.14-64\Lib\site-packages\torch\__init__.py", line 2118, in _check_with
E0908 07:01:40.729000 15816 site-packages\torch\_subclasses\fake_tensor.py:3212] [9/0]     raise error_type(message_evaluated)
E0908 07:01:40.729000 15816 site-packages\torch\_subclasses\fake_tensor.py:3212] [9/0] RuntimeError: expand: attempting to expand a dimension of length 2 -> 1!
E0908 07:01:41.179000 15816 site-packages\torch\_subclasses\fake_tensor.py:3212] [9/0] failed while attempting to run meta for aten.expand.default
E0908 07:01:41.179000 15816 site-packages\torch\_subclasses\fake_tensor.py:3212] [9/0] Traceback (most recent call last):
E0908 07:01:41.179000 15816 site-packages\torch\_subclasses\fake_tensor.py:3212] [9/0]   File "C:\Users\clm\AppData\Local\Python\pythoncore-3.14-64\Lib\site-packages\torch\_subclasses\fake_tensor.py", line 3208, in _dispatch_impl
E0908 07:01:41.179000 15816 site-packages\torch\_subclasses\fake_tensor.py:3212] [9/0]     r = func(*args, **kwargs)
E0908 07:01:41.179000 15816 site-packages\torch\_subclasses\fake_tensor.py:3212] [9/0]   File "C:\Users\clm\AppData\Local\Python\pythoncore-3.14-64\Lib\site-packages\torch\_ops.py", line 916, in __call__
E0908 07:01:41.179000 15816 site-packages\torch\_subclasses\fake_tensor.py:3212] [9/0]     return self._op(*args, **kwargs)
E0908 07:01:41.179000 15816 site-packages\torch\_subclasses\fake_tensor.py:3212] [9/0]            ~~~~~~~~^^^^^^^^^^^^^^^^^
E0908 07:01:41.179000 15816 site-packages\torch\_subclasses\fake_tensor.py:3212] [9/0]   File "C:\Users\clm\AppData\Local\Python\pythoncore-3.14-64\Lib\site-packages\torch\_refs\__init__.py", line 3217, in expand
E0908 07:01:41.179000 15816 site-packages\torch\_subclasses\fake_tensor.py:3212] [9/0]     torch._check(
E0908 07:01:41.179000 15816 site-packages\torch\_subclasses\fake_tensor.py:3212] [9/0]     ~~~~~~~~~~~~^
E0908 07:01:41.179000 15816 site-packages\torch\_subclasses\fake_tensor.py:3212] [9/0]         sym_or(x == 1, requested_length == x),
E0908 07:01:41.179000 15816 site-packages\torch\_subclasses\fake_tensor.py:3212] [9/0]         ^^^^^^^^^^^^^^^^^^^^^^^^^^^^^^^^^^^^^^
E0908 07:01:41.179000 15816 site-packages\torch\_subclasses\fake_tensor.py:3212] [9/0]         lambda: f"expand: attempting to expand a dimension of length {x} -> {requested_length}!",
E0908 07:01:41.179000 15816 site-packages\torch\_subclasses\fake_tensor.py:3212] [9/0]         ^^^^^^^^^^^^^^^^^^^^^^^^^^^^^^^^^^^^^^^^^^^^^^^^^^^^^^^^^^^^^^^^^^^^^^^^^^^^^^^^^^^^^^^^^
E0908 07:01:41.179000 15816 site-packages\torch\_subclasses\fake_tensor.py:3212] [9/0]     )
E0908 07:01:41.179000 15816 site-packages\torch\_subclasses\fake_tensor.py:3212] [9/0]     ^
E0908 07:01:41.179000 15816 site-packages\torch\_subclasses\fake_tensor.py:3212] [9/0]   File "C:\Users\clm\AppData\Local\Python\pythoncore-3.14-64\Lib\site-packages\torch\__init__.py", line 2140, in _check
E0908 07:01:41.179000 15816 site-packages\torch\_subclasses\fake_tensor.py:3212] [9/0]     _check_with(RuntimeError, cond, message)
E0908 07:01:41.179000 15816 site-packages\torch\_subclasses\fake_tensor.py:3212] [9/0]     ~~~~~~~~~~~^^^^^^^^^^^^^^^^^^^^^^^^^^^^^
E0908 07:01:41.179000 15816 site-packages\torch\_subclasses\fake_tensor.py:3212] [9/0]   File "C:\Users\clm\AppData\Local\Python\pythoncore-3.14-64\Lib\site-packages\torch\__init__.py", line 2118, in _check_with
E0908 07:01:41.179000 15816 site-packages\torch\_subclasses\fake_tensor.py:3212] [9/0]     raise error_type(message_evaluated)
E0908 07:01:41.179000 15816 site-packages\torch\_subclasses\fake_tensor.py:3212] [9/0] RuntimeError: expand: attempting to expand a dimension of length 2 -> 1!
E0908 07:01:41.698000 15816 site-packages\torch\_subclasses\fake_tensor.py:3212] [9/0] failed while attempting to run meta for aten.expand.default
E0908 07:01:41.698000 15816 site-packages\torch\_subclasses\fake_tensor.py:3212] [9/0] Traceback (most recent call last):
E0908 07:01:41.698000 15816 site-packages\torch\_subclasses\fake_tensor.py:3212] [9/0]   File "C:\Users\clm\AppData\Local\Python\pythoncore-3.14-64\Lib\site-packages\torch\_subclasses\fake_tensor.py", line 3208, in _dispatch_impl
E0908 07:01:41.698000 15816 site-packages\torch\_subclasses\fake_tensor.py:3212] [9/0]     r = func(*args, **kwargs)
E0908 07:01:41.698000 15816 site-packages\torch\_subclasses\fake_tensor.py:3212] [9/0]   File "C:\Users\clm\AppData\Local\Python\pythoncore-3.14-64\Lib\site-packages\torch\_ops.py", line 916, in __call__
E0908 07:01:41.698000 15816 site-packages\torch\_subclasses\fake_tensor.py:3212] [9/0]     return self._op(*args, **kwargs)
E0908 07:01:41.698000 15816 site-packages\torch\_subclasses\fake_tensor.py:3212] [9/0]            ~~~~~~~~^^^^^^^^^^^^^^^^^
E0908 07:01:41.698000 15816 site-packages\torch\_subclasses\fake_tensor.py:3212] [9/0]   File "C:\Users\clm\AppData\Local\Python\pythoncore-3.14-64\Lib\site-packages\torch\_refs\__init__.py", line 3217, in expand
E0908 07:01:41.698000 15816 site-packages\torch\_subclasses\fake_tensor.py:3212] [9/0]     torch._check(
E0908 07:01:41.698000 15816 site-packages\torch\_subclasses\fake_tensor.py:3212] [9/0]     ~~~~~~~~~~~~^
E0908 07:01:41.698000 15816 site-packages\torch\_subclasses\fake_tensor.py:3212] [9/0]         sym_or(x == 1, requested_length == x),
E0908 07:01:41.698000 15816 site-packages\torch\_subclasses\fake_tensor.py:3212] [9/0]         ^^^^^^^^^^^^^^^^^^^^^^^^^^^^^^^^^^^^^^
E0908 07:01:41.698000 15816 site-packages\torch\_subclasses\fake_tensor.py:3212] [9/0]         lambda: f"expand: attempting to expand a dimension of length {x} -> {requested_length}!",
E0908 07:01:41.698000 15816 site-packages\torch\_subclasses\fake_tensor.py:3212] [9/0]         ^^^^^^^^^^^^^^^^^^^^^^^^^^^^^^^^^^^^^^^^^^^^^^^^^^^^^^^^^^^^^^^^^^^^^^^^^^^^^^^^^^^^^^^^^
E0908 07:01:41.698000 15816 site-packages\torch\_subclasses\fake_tensor.py:3212] [9/0]     )
E0908 07:01:41.698000 15816 site-packages\torch\_subclasses\fake_tensor.py:3212] [9/0]     ^
E0908 07:01:41.698000 15816 site-packages\torch\_subclasses\fake_tensor.py:3212] [9/0]   File "C:\Users\clm\AppData\Local\Python\pythoncore-3.14-64\Lib\site-packages\torch\__init__.py", line 2140, in _check
E0908 07:01:41.698000 15816 site-packages\torch\_subclasses\fake_tensor.py:3212] [9/0]     _check_with(RuntimeError, cond, message)
E0908 07:01:41.698000 15816 site-packages\torch\_subclasses\fake_tensor.py:3212] [9/0]     ~~~~~~~~~~~^^^^^^^^^^^^^^^^^^^^^^^^^^^^^
E0908 07:01:41.698000 15816 site-packages\torch\_subclasses\fake_tensor.py:3212] [9/0]   File "C:\Users\clm\AppData\Local\Python\pythoncore-3.14-64\Lib\site-packages\torch\__init__.py", line 2118, in _check_with
E0908 07:01:41.698000 15816 site-packages\torch\_subclasses\fake_tensor.py:3212] [9/0]     raise error_type(message_evaluated)
E0908 07:01:41.698000 15816 site-packages\torch\_subclasses\fake_tensor.py:3212] [9/0] RuntimeError: expand: attempting to expand a dimension of length 2 -> 1!
E0908 07:02:11.577000 15816 site-packages\torch\_subclasses\fake_tensor.py:3212] [9/0] failed while attempting to run meta for aten.expand.default
E0908 07:02:11.577000 15816 site-packages\torch\_subclasses\fake_tensor.py:3212] [9/0] Traceback (most recent call last):
E0908 07:02:11.577000 15816 site-packages\torch\_subclasses\fake_tensor.py:3212] [9/0]   File "C:\Users\clm\AppData\Local\Python\pythoncore-3.14-64\Lib\site-packages\torch\_subclasses\fake_tensor.py", line 3208, in _dispatch_impl
E0908 07:02:11.577000 15816 site-packages\torch\_subclasses\fake_tensor.py:3212] [9/0]     r = func(*args, **kwargs)
E0908 07:02:11.577000 15816 site-packages\torch\_subclasses\fake_tensor.py:3212] [9/0]   File "C:\Users\clm\AppData\Local\Python\pythoncore-3.14-64\Lib\site-packages\torch\_ops.py", line 916, in __call__
E0908 07:02:11.577000 15816 site-packages\torch\_subclasses\fake_tensor.py:3212] [9/0]     return self._op(*args, **kwargs)
E0908 07:02:11.577000 15816 site-packages\torch\_subclasses\fake_tensor.py:3212] [9/0]            ~~~~~~~~^^^^^^^^^^^^^^^^^
E0908 07:02:11.577000 15816 site-packages\torch\_subclasses\fake_tensor.py:3212] [9/0]   File "C:\Users\clm\AppData\Local\Python\pythoncore-3.14-64\Lib\site-packages\torch\_refs\__init__.py", line 3217, in expand
E0908 07:02:11.577000 15816 site-packages\torch\_subclasses\fake_tensor.py:3212] [9/0]     torch._check(
E0908 07:02:11.577000 15816 site-packages\torch\_subclasses\fake_tensor.py:3212] [9/0]     ~~~~~~~~~~~~^
E0908 07:02:11.577000 15816 site-packages\torch\_subclasses\fake_tensor.py:3212] [9/0]         sym_or(x == 1, requested_length == x),
E0908 07:02:11.577000 15816 site-packages\torch\_subclasses\fake_tensor.py:3212] [9/0]         ^^^^^^^^^^^^^^^^^^^^^^^^^^^^^^^^^^^^^^
E0908 07:02:11.577000 15816 site-packages\torch\_subclasses\fake_tensor.py:3212] [9/0]         lambda: f"expand: attempting to expand a dimension of length {x} -> {requested_length}!",
E0908 07:02:11.577000 15816 site-packages\torch\_subclasses\fake_tensor.py:3212] [9/0]         ^^^^^^^^^^^^^^^^^^^^^^^^^^^^^^^^^^^^^^^^^^^^^^^^^^^^^^^^^^^^^^^^^^^^^^^^^^^^^^^^^^^^^^^^^
E0908 07:02:11.577000 15816 site-packages\torch\_subclasses\fake_tensor.py:3212] [9/0]     )
E0908 07:02:11.577000 15816 site-packages\torch\_subclasses\fake_tensor.py:3212] [9/0]     ^
E0908 07:02:11.577000 15816 site-packages\torch\_subclasses\fake_tensor.py:3212] [9/0]   File "C:\Users\clm\AppData\Local\Python\pythoncore-3.14-64\Lib\site-packages\torch\__init__.py", line 2140, in _check
E0908 07:02:11.577000 15816 site-packages\torch\_subclasses\fake_tensor.py:3212] [9/0]     _check_with(RuntimeError, cond, message)
E0908 07:02:11.577000 15816 site-packages\torch\_subclasses\fake_tensor.py:3212] [9/0]     ~~~~~~~~~~~^^^^^^^^^^^^^^^^^^^^^^^^^^^^^
E0908 07:02:11.577000 15816 site-packages\torch\_subclasses\fake_tensor.py:3212] [9/0]   File "C:\Users\clm\AppData\Local\Python\pythoncore-3.14-64\Lib\site-packages\torch\__init__.py", line 2118, in _check_with
E0908 07:02:11.577000 15816 site-packages\torch\_subclasses\fake_tensor.py:3212] [9/0]     raise error_type(message_evaluated)
E0908 07:02:11.577000 15816 site-packages\torch\_subclasses\fake_tensor.py:3212] [9/0] RuntimeError: expand: attempting to expand a dimension of length 33 -> 1!
E0908 07:02:12.022000 15816 site-packages\torch\_subclasses\fake_tensor.py:3212] [9/0] failed while attempting to run meta for aten.expand.default
E0908 07:02:12.022000 15816 site-packages\torch\_subclasses\fake_tensor.py:3212] [9/0] Traceback (most recent call last):
E0908 07:02:12.022000 15816 site-packages\torch\_subclasses\fake_tensor.py:3212] [9/0]   File "C:\Users\clm\AppData\Local\Python\pythoncore-3.14-64\Lib\site-packages\torch\_subclasses\fake_tensor.py", line 3208, in _dispatch_impl
E0908 07:02:12.022000 15816 site-packages\torch\_subclasses\fake_tensor.py:3212] [9/0]     r = func(*args, **kwargs)
E0908 07:02:12.022000 15816 site-packages\torch\_subclasses\fake_tensor.py:3212] [9/0]   File "C:\Users\clm\AppData\Local\Python\pythoncore-3.14-64\Lib\site-packages\torch\_ops.py", line 916, in __call__
E0908 07:02:12.022000 15816 site-packages\torch\_subclasses\fake_tensor.py:3212] [9/0]     return self._op(*args, **kwargs)
E0908 07:02:12.022000 15816 site-packages\torch\_subclasses\fake_tensor.py:3212] [9/0]            ~~~~~~~~^^^^^^^^^^^^^^^^^
E0908 07:02:12.022000 15816 site-packages\torch\_subclasses\fake_tensor.py:3212] [9/0]   File "C:\Users\clm\AppData\Local\Python\pythoncore-3.14-64\Lib\site-packages\torch\_refs\__init__.py", line 3217, in expand
E0908 07:02:12.022000 15816 site-packages\torch\_subclasses\fake_tensor.py:3212] [9/0]     torch._check(
E0908 07:02:12.022000 15816 site-packages\torch\_subclasses\fake_tensor.py:3212] [9/0]     ~~~~~~~~~~~~^
E0908 07:02:12.022000 15816 site-packages\torch\_subclasses\fake_tensor.py:3212] [9/0]         sym_or(x == 1, requested_length == x),
E0908 07:02:12.022000 15816 site-packages\torch\_subclasses\fake_tensor.py:3212] [9/0]         ^^^^^^^^^^^^^^^^^^^^^^^^^^^^^^^^^^^^^^
E0908 07:02:12.022000 15816 site-packages\torch\_subclasses\fake_tensor.py:3212] [9/0]         lambda: f"expand: attempting to expand a dimension of length {x} -> {requested_length}!",
E0908 07:02:12.022000 15816 site-packages\torch\_subclasses\fake_tensor.py:3212] [9/0]         ^^^^^^^^^^^^^^^^^^^^^^^^^^^^^^^^^^^^^^^^^^^^^^^^^^^^^^^^^^^^^^^^^^^^^^^^^^^^^^^^^^^^^^^^^
E0908 07:02:12.022000 15816 site-packages\torch\_subclasses\fake_tensor.py:3212] [9/0]     )
E0908 07:02:12.022000 15816 site-packages\torch\_subclasses\fake_tensor.py:3212] [9/0]     ^
E0908 07:02:12.022000 15816 site-packages\torch\_subclasses\fake_tensor.py:3212] [9/0]   File "C:\Users\clm\AppData\Local\Python\pythoncore-3.14-64\Lib\site-packages\torch\__init__.py", line 2140, in _check
E0908 07:02:12.022000 15816 site-packages\torch\_subclasses\fake_tensor.py:3212] [9/0]     _check_with(RuntimeError, cond, message)
E0908 07:02:12.022000 15816 site-packages\torch\_subclasses\fake_tensor.py:3212] [9/0]     ~~~~~~~~~~~^^^^^^^^^^^^^^^^^^^^^^^^^^^^^
E0908 07:02:12.022000 15816 site-packages\torch\_subclasses\fake_tensor.py:3212] [9/0]   File "C:\Users\clm\AppData\Local\Python\pythoncore-3.14-64\Lib\site-packages\torch\__init__.py", line 2118, in _check_with
E0908 07:02:12.022000 15816 site-packages\torch\_subclasses\fake_tensor.py:3212] [9/0]     raise error_type(message_evaluated)
E0908 07:02:12.022000 15816 site-packages\torch\_subclasses\fake_tensor.py:3212] [9/0] RuntimeError: expand: attempting to expand a dimension of length 33 -> 1!
E0908 07:02:16.801000 15816 site-packages\torch\_subclasses\fake_tensor.py:3212] [9/0] failed while attempting to run meta for aten.expand.default
E0908 07:02:16.801000 15816 site-packages\torch\_subclasses\fake_tensor.py:3212] [9/0] Traceback (most recent call last):
E0908 07:02:16.801000 15816 site-packages\torch\_subclasses\fake_tensor.py:3212] [9/0]   File "C:\Users\clm\AppData\Local\Python\pythoncore-3.14-64\Lib\site-packages\torch\_subclasses\fake_tensor.py", line 3208, in _dispatch_impl
E0908 07:02:16.801000 15816 site-packages\torch\_subclasses\fake_tensor.py:3212] [9/0]     r = func(*args, **kwargs)
E0908 07:02:16.801000 15816 site-packages\torch\_subclasses\fake_tensor.py:3212] [9/0]   File "C:\Users\clm\AppData\Local\Python\pythoncore-3.14-64\Lib\site-packages\torch\_ops.py", line 916, in __call__
E0908 07:02:16.801000 15816 site-packages\torch\_subclasses\fake_tensor.py:3212] [9/0]     return self._op(*args, **kwargs)
E0908 07:02:16.801000 15816 site-packages\torch\_subclasses\fake_tensor.py:3212] [9/0]            ~~~~~~~~^^^^^^^^^^^^^^^^^
E0908 07:02:16.801000 15816 site-packages\torch\_subclasses\fake_tensor.py:3212] [9/0]   File "C:\Users\clm\AppData\Local\Python\pythoncore-3.14-64\Lib\site-packages\torch\_refs\__init__.py", line 3217, in expand
E0908 07:02:16.801000 15816 site-packages\torch\_subclasses\fake_tensor.py:3212] [9/0]     torch._check(
E0908 07:02:16.801000 15816 site-packages\torch\_subclasses\fake_tensor.py:3212] [9/0]     ~~~~~~~~~~~~^
E0908 07:02:16.801000 15816 site-packages\torch\_subclasses\fake_tensor.py:3212] [9/0]         sym_or(x == 1, requested_length == x),
E0908 07:02:16.801000 15816 site-packages\torch\_subclasses\fake_tensor.py:3212] [9/0]         ^^^^^^^^^^^^^^^^^^^^^^^^^^^^^^^^^^^^^^
E0908 07:02:16.801000 15816 site-packages\torch\_subclasses\fake_tensor.py:3212] [9/0]         lambda: f"expand: attempting to expand a dimension of length {x} -> {requested_length}!",
E0908 07:02:16.801000 15816 site-packages\torch\_subclasses\fake_tensor.py:3212] [9/0]         ^^^^^^^^^^^^^^^^^^^^^^^^^^^^^^^^^^^^^^^^^^^^^^^^^^^^^^^^^^^^^^^^^^^^^^^^^^^^^^^^^^^^^^^^^
E0908 07:02:16.801000 15816 site-packages\torch\_subclasses\fake_tensor.py:3212] [9/0]     )
E0908 07:02:16.801000 15816 site-packages\torch\_subclasses\fake_tensor.py:3212] [9/0]     ^
E0908 07:02:16.801000 15816 site-packages\torch\_subclasses\fake_tensor.py:3212] [9/0]   File "C:\Users\clm\AppData\Local\Python\pythoncore-3.14-64\Lib\site-packages\torch\__init__.py", line 2140, in _check
E0908 07:02:16.801000 15816 site-packages\torch\_subclasses\fake_tensor.py:3212] [9/0]     _check_with(RuntimeError, cond, message)
E0908 07:02:16.801000 15816 site-packages\torch\_subclasses\fake_tensor.py:3212] [9/0]     ~~~~~~~~~~~^^^^^^^^^^^^^^^^^^^^^^^^^^^^^
E0908 07:02:16.801000 15816 site-packages\torch\_subclasses\fake_tensor.py:3212] [9/0]   File "C:\Users\clm\AppData\Local\Python\pythoncore-3.14-64\Lib\site-packages\torch\__init__.py", line 2118, in _check_with
E0908 07:02:16.801000 15816 site-packages\torch\_subclasses\fake_tensor.py:3212] [9/0]     raise error_type(message_evaluated)
E0908 07:02:16.801000 15816 site-packages\torch\_subclasses\fake_tensor.py:3212] [9/0] RuntimeError: expand: attempting to expand a dimension of length 33 -> 1!
E0908 07:02:17.273000 15816 site-packages\torch\_subclasses\fake_tensor.py:3212] [9/0] failed while attempting to run meta for aten.expand.default
E0908 07:02:17.273000 15816 site-packages\torch\_subclasses\fake_tensor.py:3212] [9/0] Traceback (most recent call last):
E0908 07:02:17.273000 15816 site-packages\torch\_subclasses\fake_tensor.py:3212] [9/0]   File "C:\Users\clm\AppData\Local\Python\pythoncore-3.14-64\Lib\site-packages\torch\_subclasses\fake_tensor.py", line 3208, in _dispatch_impl
E0908 07:02:17.273000 15816 site-packages\torch\_subclasses\fake_tensor.py:3212] [9/0]     r = func(*args, **kwargs)
E0908 07:02:17.273000 15816 site-packages\torch\_subclasses\fake_tensor.py:3212] [9/0]   File "C:\Users\clm\AppData\Local\Python\pythoncore-3.14-64\Lib\site-packages\torch\_ops.py", line 916, in __call__
E0908 07:02:17.273000 15816 site-packages\torch\_subclasses\fake_tensor.py:3212] [9/0]     return self._op(*args, **kwargs)
E0908 07:02:17.273000 15816 site-packages\torch\_subclasses\fake_tensor.py:3212] [9/0]            ~~~~~~~~^^^^^^^^^^^^^^^^^
E0908 07:02:17.273000 15816 site-packages\torch\_subclasses\fake_tensor.py:3212] [9/0]   File "C:\Users\clm\AppData\Local\Python\pythoncore-3.14-64\Lib\site-packages\torch\_refs\__init__.py", line 3217, in expand
E0908 07:02:17.273000 15816 site-packages\torch\_subclasses\fake_tensor.py:3212] [9/0]     torch._check(
E0908 07:02:17.273000 15816 site-packages\torch\_subclasses\fake_tensor.py:3212] [9/0]     ~~~~~~~~~~~~^
E0908 07:02:17.273000 15816 site-packages\torch\_subclasses\fake_tensor.py:3212] [9/0]         sym_or(x == 1, requested_length == x),
E0908 07:02:17.273000 15816 site-packages\torch\_subclasses\fake_tensor.py:3212] [9/0]         ^^^^^^^^^^^^^^^^^^^^^^^^^^^^^^^^^^^^^^
E0908 07:02:17.273000 15816 site-packages\torch\_subclasses\fake_tensor.py:3212] [9/0]         lambda: f"expand: attempting to expand a dimension of length {x} -> {requested_length}!",
E0908 07:02:17.273000 15816 site-packages\torch\_subclasses\fake_tensor.py:3212] [9/0]         ^^^^^^^^^^^^^^^^^^^^^^^^^^^^^^^^^^^^^^^^^^^^^^^^^^^^^^^^^^^^^^^^^^^^^^^^^^^^^^^^^^^^^^^^^
E0908 07:02:17.273000 15816 site-packages\torch\_subclasses\fake_tensor.py:3212] [9/0]     )
E0908 07:02:17.273000 15816 site-packages\torch\_subclasses\fake_tensor.py:3212] [9/0]     ^
E0908 07:02:17.273000 15816 site-packages\torch\_subclasses\fake_tensor.py:3212] [9/0]   File "C:\Users\clm\AppData\Local\Python\pythoncore-3.14-64\Lib\site-packages\torch\__init__.py", line 2140, in _check
E0908 07:02:17.273000 15816 site-packages\torch\_subclasses\fake_tensor.py:3212] [9/0]     _check_with(RuntimeError, cond, message)
E0908 07:02:17.273000 15816 site-packages\torch\_subclasses\fake_tensor.py:3212] [9/0]     ~~~~~~~~~~~^^^^^^^^^^^^^^^^^^^^^^^^^^^^^
E0908 07:02:17.273000 15816 site-packages\torch\_subclasses\fake_tensor.py:3212] [9/0]   File "C:\Users\clm\AppData\Local\Python\pythoncore-3.14-64\Lib\site-packages\torch\__init__.py", line 2118, in _check_with
E0908 07:02:17.273000 15816 site-packages\torch\_subclasses\fake_tensor.py:3212] [9/0]     raise error_type(message_evaluated)
E0908 07:02:17.273000 15816 site-packages\torch\_subclasses\fake_tensor.py:3212] [9/0] RuntimeError: expand: attempting to expand a dimension of length 33 -> 1!
E0908 07:02:17.740000 15816 site-packages\torch\_subclasses\fake_tensor.py:3212] [9/0] failed while attempting to run meta for aten.expand.default
E0908 07:02:17.740000 15816 site-packages\torch\_subclasses\fake_tensor.py:3212] [9/0] Traceback (most recent call last):
E0908 07:02:17.740000 15816 site-packages\torch\_subclasses\fake_tensor.py:3212] [9/0]   File "C:\Users\clm\AppData\Local\Python\pythoncore-3.14-64\Lib\site-packages\torch\_subclasses\fake_tensor.py", line 3208, in _dispatch_impl
E0908 07:02:17.740000 15816 site-packages\torch\_subclasses\fake_tensor.py:3212] [9/0]     r = func(*args, **kwargs)
E0908 07:02:17.740000 15816 site-packages\torch\_subclasses\fake_tensor.py:3212] [9/0]   File "C:\Users\clm\AppData\Local\Python\pythoncore-3.14-64\Lib\site-packages\torch\_ops.py", line 916, in __call__
E0908 07:02:17.740000 15816 site-packages\torch\_subclasses\fake_tensor.py:3212] [9/0]     return self._op(*args, **kwargs)
E0908 07:02:17.740000 15816 site-packages\torch\_subclasses\fake_tensor.py:3212] [9/0]            ~~~~~~~~^^^^^^^^^^^^^^^^^
E0908 07:02:17.740000 15816 site-packages\torch\_subclasses\fake_tensor.py:3212] [9/0]   File "C:\Users\clm\AppData\Local\Python\pythoncore-3.14-64\Lib\site-packages\torch\_refs\__init__.py", line 3217, in expand
E0908 07:02:17.740000 15816 site-packages\torch\_subclasses\fake_tensor.py:3212] [9/0]     torch._check(
E0908 07:02:17.740000 15816 site-packages\torch\_subclasses\fake_tensor.py:3212] [9/0]     ~~~~~~~~~~~~^
E0908 07:02:17.740000 15816 site-packages\torch\_subclasses\fake_tensor.py:3212] [9/0]         sym_or(x == 1, requested_length == x),
E0908 07:02:17.740000 15816 site-packages\torch\_subclasses\fake_tensor.py:3212] [9/0]         ^^^^^^^^^^^^^^^^^^^^^^^^^^^^^^^^^^^^^^
E0908 07:02:17.740000 15816 site-packages\torch\_subclasses\fake_tensor.py:3212] [9/0]         lambda: f"expand: attempting to expand a dimension of length {x} -> {requested_length}!",
E0908 07:02:17.740000 15816 site-packages\torch\_subclasses\fake_tensor.py:3212] [9/0]         ^^^^^^^^^^^^^^^^^^^^^^^^^^^^^^^^^^^^^^^^^^^^^^^^^^^^^^^^^^^^^^^^^^^^^^^^^^^^^^^^^^^^^^^^^
E0908 07:02:17.740000 15816 site-packages\torch\_subclasses\fake_tensor.py:3212] [9/0]     )
E0908 07:02:17.740000 15816 site-packages\torch\_subclasses\fake_tensor.py:3212] [9/0]     ^
E0908 07:02:17.740000 15816 site-packages\torch\_subclasses\fake_tensor.py:3212] [9/0]   File "C:\Users\clm\AppData\Local\Python\pythoncore-3.14-64\Lib\site-packages\torch\__init__.py", line 2140, in _check
E0908 07:02:17.740000 15816 site-packages\torch\_subclasses\fake_tensor.py:3212] [9/0]     _check_with(RuntimeError, cond, message)
E0908 07:02:17.740000 15816 site-packages\torch\_subclasses\fake_tensor.py:3212] [9/0]     ~~~~~~~~~~~^^^^^^^^^^^^^^^^^^^^^^^^^^^^^
E0908 07:02:17.740000 15816 site-packages\torch\_subclasses\fake_tensor.py:3212] [9/0]   File "C:\Users\clm\AppData\Local\Python\pythoncore-3.14-64\Lib\site-packages\torch\__init__.py", line 2118, in _check_with
E0908 07:02:17.740000 15816 site-packages\torch\_subclasses\fake_tensor.py:3212] [9/0]     raise error_type(message_evaluated)
E0908 07:02:17.740000 15816 site-packages\torch\_subclasses\fake_tensor.py:3212] [9/0] RuntimeError: expand: attempting to expand a dimension of length 33 -> 1!
E0908 07:02:18.298000 15816 site-packages\torch\_subclasses\fake_tensor.py:3212] [9/0] failed while attempting to run meta for aten.expand.default
E0908 07:02:18.298000 15816 site-packages\torch\_subclasses\fake_tensor.py:3212] [9/0] Traceback (most recent call last):
E0908 07:02:18.298000 15816 site-packages\torch\_subclasses\fake_tensor.py:3212] [9/0]   File "C:\Users\clm\AppData\Local\Python\pythoncore-3.14-64\Lib\site-packages\torch\_subclasses\fake_tensor.py", line 3208, in _dispatch_impl
E0908 07:02:18.298000 15816 site-packages\torch\_subclasses\fake_tensor.py:3212] [9/0]     r = func(*args, **kwargs)
E0908 07:02:18.298000 15816 site-packages\torch\_subclasses\fake_tensor.py:3212] [9/0]   File "C:\Users\clm\AppData\Local\Python\pythoncore-3.14-64\Lib\site-packages\torch\_ops.py", line 916, in __call__
E0908 07:02:18.298000 15816 site-packages\torch\_subclasses\fake_tensor.py:3212] [9/0]     return self._op(*args, **kwargs)
E0908 07:02:18.298000 15816 site-packages\torch\_subclasses\fake_tensor.py:3212] [9/0]            ~~~~~~~~^^^^^^^^^^^^^^^^^
E0908 07:02:18.298000 15816 site-packages\torch\_subclasses\fake_tensor.py:3212] [9/0]   File "C:\Users\clm\AppData\Local\Python\pythoncore-3.14-64\Lib\site-packages\torch\_refs\__init__.py", line 3217, in expand
E0908 07:02:18.298000 15816 site-packages\torch\_subclasses\fake_tensor.py:3212] [9/0]     torch._check(
E0908 07:02:18.298000 15816 site-packages\torch\_subclasses\fake_tensor.py:3212] [9/0]     ~~~~~~~~~~~~^
E0908 07:02:18.298000 15816 site-packages\torch\_subclasses\fake_tensor.py:3212] [9/0]         sym_or(x == 1, requested_length == x),
E0908 07:02:18.298000 15816 site-packages\torch\_subclasses\fake_tensor.py:3212] [9/0]         ^^^^^^^^^^^^^^^^^^^^^^^^^^^^^^^^^^^^^^
E0908 07:02:18.298000 15816 site-packages\torch\_subclasses\fake_tensor.py:3212] [9/0]         lambda: f"expand: attempting to expand a dimension of length {x} -> {requested_length}!",
E0908 07:02:18.298000 15816 site-packages\torch\_subclasses\fake_tensor.py:3212] [9/0]         ^^^^^^^^^^^^^^^^^^^^^^^^^^^^^^^^^^^^^^^^^^^^^^^^^^^^^^^^^^^^^^^^^^^^^^^^^^^^^^^^^^^^^^^^^
E0908 07:02:18.298000 15816 site-packages\torch\_subclasses\fake_tensor.py:3212] [9/0]     )
E0908 07:02:18.298000 15816 site-packages\torch\_subclasses\fake_tensor.py:3212] [9/0]     ^
E0908 07:02:18.298000 15816 site-packages\torch\_subclasses\fake_tensor.py:3212] [9/0]   File "C:\Users\clm\AppData\Local\Python\pythoncore-3.14-64\Lib\site-packages\torch\__init__.py", line 2140, in _check
E0908 07:02:18.298000 15816 site-packages\torch\_subclasses\fake_tensor.py:3212] [9/0]     _check_with(RuntimeError, cond, message)
E0908 07:02:18.298000 15816 site-packages\torch\_subclasses\fake_tensor.py:3212] [9/0]     ~~~~~~~~~~~^^^^^^^^^^^^^^^^^^^^^^^^^^^^^
E0908 07:02:18.298000 15816 site-packages\torch\_subclasses\fake_tensor.py:3212] [9/0]   File "C:\Users\clm\AppData\Local\Python\pythoncore-3.14-64\Lib\site-packages\torch\__init__.py", line 2118, in _check_with
E0908 07:02:18.298000 15816 site-packages\torch\_subclasses\fake_tensor.py:3212] [9/0]     raise error_type(message_evaluated)
E0908 07:02:18.298000 15816 site-packages\torch\_subclasses\fake_tensor.py:3212] [9/0] RuntimeError: expand: attempting to expand a dimension of length 33 -> 1!
E0908 07:02:18.794000 15816 site-packages\torch\_subclasses\fake_tensor.py:3212] [9/0] failed while attempting to run meta for aten.expand.default
E0908 07:02:18.794000 15816 site-packages\torch\_subclasses\fake_tensor.py:3212] [9/0] Traceback (most recent call last):
E0908 07:02:18.794000 15816 site-packages\torch\_subclasses\fake_tensor.py:3212] [9/0]   File "C:\Users\clm\AppData\Local\Python\pythoncore-3.14-64\Lib\site-packages\torch\_subclasses\fake_tensor.py", line 3208, in _dispatch_impl
E0908 07:02:18.794000 15816 site-packages\torch\_subclasses\fake_tensor.py:3212] [9/0]     r = func(*args, **kwargs)
E0908 07:02:18.794000 15816 site-packages\torch\_subclasses\fake_tensor.py:3212] [9/0]   File "C:\Users\clm\AppData\Local\Python\pythoncore-3.14-64\Lib\site-packages\torch\_ops.py", line 916, in __call__
E0908 07:02:18.794000 15816 site-packages\torch\_subclasses\fake_tensor.py:3212] [9/0]     return self._op(*args, **kwargs)
E0908 07:02:18.794000 15816 site-packages\torch\_subclasses\fake_tensor.py:3212] [9/0]            ~~~~~~~~^^^^^^^^^^^^^^^^^
E0908 07:02:18.794000 15816 site-packages\torch\_subclasses\fake_tensor.py:3212] [9/0]   File "C:\Users\clm\AppData\Local\Python\pythoncore-3.14-64\Lib\site-packages\torch\_refs\__init__.py", line 3217, in expand
E0908 07:02:18.794000 15816 site-packages\torch\_subclasses\fake_tensor.py:3212] [9/0]     torch._check(
E0908 07:02:18.794000 15816 site-packages\torch\_subclasses\fake_tensor.py:3212] [9/0]     ~~~~~~~~~~~~^
E0908 07:02:18.794000 15816 site-packages\torch\_subclasses\fake_tensor.py:3212] [9/0]         sym_or(x == 1, requested_length == x),
E0908 07:02:18.794000 15816 site-packages\torch\_subclasses\fake_tensor.py:3212] [9/0]         ^^^^^^^^^^^^^^^^^^^^^^^^^^^^^^^^^^^^^^
E0908 07:02:18.794000 15816 site-packages\torch\_subclasses\fake_tensor.py:3212] [9/0]         lambda: f"expand: attempting to expand a dimension of length {x} -> {requested_length}!",
E0908 07:02:18.794000 15816 site-packages\torch\_subclasses\fake_tensor.py:3212] [9/0]         ^^^^^^^^^^^^^^^^^^^^^^^^^^^^^^^^^^^^^^^^^^^^^^^^^^^^^^^^^^^^^^^^^^^^^^^^^^^^^^^^^^^^^^^^^
E0908 07:02:18.794000 15816 site-packages\torch\_subclasses\fake_tensor.py:3212] [9/0]     )
E0908 07:02:18.794000 15816 site-packages\torch\_subclasses\fake_tensor.py:3212] [9/0]     ^
E0908 07:02:18.794000 15816 site-packages\torch\_subclasses\fake_tensor.py:3212] [9/0]   File "C:\Users\clm\AppData\Local\Python\pythoncore-3.14-64\Lib\site-packages\torch\__init__.py", line 2140, in _check
E0908 07:02:18.794000 15816 site-packages\torch\_subclasses\fake_tensor.py:3212] [9/0]     _check_with(RuntimeError, cond, message)
E0908 07:02:18.794000 15816 site-packages\torch\_subclasses\fake_tensor.py:3212] [9/0]     ~~~~~~~~~~~^^^^^^^^^^^^^^^^^^^^^^^^^^^^^
E0908 07:02:18.794000 15816 site-packages\torch\_subclasses\fake_tensor.py:3212] [9/0]   File "C:\Users\clm\AppData\Local\Python\pythoncore-3.14-64\Lib\site-packages\torch\__init__.py", line 2118, in _check_with
E0908 07:02:18.794000 15816 site-packages\torch\_subclasses\fake_tensor.py:3212] [9/0]     raise error_type(message_evaluated)
E0908 07:02:18.794000 15816 site-packages\torch\_subclasses\fake_tensor.py:3212] [9/0] RuntimeError: expand: attempting to expand a dimension of length 33 -> 1!
E0908 07:02:19.280000 15816 site-packages\torch\_subclasses\fake_tensor.py:3212] [9/0] failed while attempting to run meta for aten.expand.default
E0908 07:02:19.280000 15816 site-packages\torch\_subclasses\fake_tensor.py:3212] [9/0] Traceback (most recent call last):
E0908 07:02:19.280000 15816 site-packages\torch\_subclasses\fake_tensor.py:3212] [9/0]   File "C:\Users\clm\AppData\Local\Python\pythoncore-3.14-64\Lib\site-packages\torch\_subclasses\fake_tensor.py", line 3208, in _dispatch_impl
E0908 07:02:19.280000 15816 site-packages\torch\_subclasses\fake_tensor.py:3212] [9/0]     r = func(*args, **kwargs)
E0908 07:02:19.280000 15816 site-packages\torch\_subclasses\fake_tensor.py:3212] [9/0]   File "C:\Users\clm\AppData\Local\Python\pythoncore-3.14-64\Lib\site-packages\torch\_ops.py", line 916, in __call__
E0908 07:02:19.280000 15816 site-packages\torch\_subclasses\fake_tensor.py:3212] [9/0]     return self._op(*args, **kwargs)
E0908 07:02:19.280000 15816 site-packages\torch\_subclasses\fake_tensor.py:3212] [9/0]            ~~~~~~~~^^^^^^^^^^^^^^^^^
E0908 07:02:19.280000 15816 site-packages\torch\_subclasses\fake_tensor.py:3212] [9/0]   File "C:\Users\clm\AppData\Local\Python\pythoncore-3.14-64\Lib\site-packages\torch\_refs\__init__.py", line 3217, in expand
E0908 07:02:19.280000 15816 site-packages\torch\_subclasses\fake_tensor.py:3212] [9/0]     torch._check(
E0908 07:02:19.280000 15816 site-packages\torch\_subclasses\fake_tensor.py:3212] [9/0]     ~~~~~~~~~~~~^
E0908 07:02:19.280000 15816 site-packages\torch\_subclasses\fake_tensor.py:3212] [9/0]         sym_or(x == 1, requested_length == x),
E0908 07:02:19.280000 15816 site-packages\torch\_subclasses\fake_tensor.py:3212] [9/0]         ^^^^^^^^^^^^^^^^^^^^^^^^^^^^^^^^^^^^^^
E0908 07:02:19.280000 15816 site-packages\torch\_subclasses\fake_tensor.py:3212] [9/0]         lambda: f"expand: attempting to expand a dimension of length {x} -> {requested_length}!",
E0908 07:02:19.280000 15816 site-packages\torch\_subclasses\fake_tensor.py:3212] [9/0]         ^^^^^^^^^^^^^^^^^^^^^^^^^^^^^^^^^^^^^^^^^^^^^^^^^^^^^^^^^^^^^^^^^^^^^^^^^^^^^^^^^^^^^^^^^
E0908 07:02:19.280000 15816 site-packages\torch\_subclasses\fake_tensor.py:3212] [9/0]     )
E0908 07:02:19.280000 15816 site-packages\torch\_subclasses\fake_tensor.py:3212] [9/0]     ^
E0908 07:02:19.280000 15816 site-packages\torch\_subclasses\fake_tensor.py:3212] [9/0]   File "C:\Users\clm\AppData\Local\Python\pythoncore-3.14-64\Lib\site-packages\torch\__init__.py", line 2140, in _check
E0908 07:02:19.280000 15816 site-packages\torch\_subclasses\fake_tensor.py:3212] [9/0]     _check_with(RuntimeError, cond, message)
E0908 07:02:19.280000 15816 site-packages\torch\_subclasses\fake_tensor.py:3212] [9/0]     ~~~~~~~~~~~^^^^^^^^^^^^^^^^^^^^^^^^^^^^^
E0908 07:02:19.280000 15816 site-packages\torch\_subclasses\fake_tensor.py:3212] [9/0]   File "C:\Users\clm\AppData\Local\Python\pythoncore-3.14-64\Lib\site-packages\torch\__init__.py", line 2118, in _check_with
E0908 07:02:19.280000 15816 site-packages\torch\_subclasses\fake_tensor.py:3212] [9/0]     raise error_type(message_evaluated)
E0908 07:02:19.280000 15816 site-packages\torch\_subclasses\fake_tensor.py:3212] [9/0] RuntimeError: expand: attempting to expand a dimension of length 33 -> 1!
E0908 07:02:19.834000 15816 site-packages\torch\_subclasses\fake_tensor.py:3212] [9/0] failed while attempting to run meta for aten.expand.default
E0908 07:02:19.834000 15816 site-packages\torch\_subclasses\fake_tensor.py:3212] [9/0] Traceback (most recent call last):
E0908 07:02:19.834000 15816 site-packages\torch\_subclasses\fake_tensor.py:3212] [9/0]   File "C:\Users\clm\AppData\Local\Python\pythoncore-3.14-64\Lib\site-packages\torch\_subclasses\fake_tensor.py", line 3208, in _dispatch_impl
E0908 07:02:19.834000 15816 site-packages\torch\_subclasses\fake_tensor.py:3212] [9/0]     r = func(*args, **kwargs)
E0908 07:02:19.834000 15816 site-packages\torch\_subclasses\fake_tensor.py:3212] [9/0]   File "C:\Users\clm\AppData\Local\Python\pythoncore-3.14-64\Lib\site-packages\torch\_ops.py", line 916, in __call__
E0908 07:02:19.834000 15816 site-packages\torch\_subclasses\fake_tensor.py:3212] [9/0]     return self._op(*args, **kwargs)
E0908 07:02:19.834000 15816 site-packages\torch\_subclasses\fake_tensor.py:3212] [9/0]            ~~~~~~~~^^^^^^^^^^^^^^^^^
E0908 07:02:19.834000 15816 site-packages\torch\_subclasses\fake_tensor.py:3212] [9/0]   File "C:\Users\clm\AppData\Local\Python\pythoncore-3.14-64\Lib\site-packages\torch\_refs\__init__.py", line 3217, in expand
E0908 07:02:19.834000 15816 site-packages\torch\_subclasses\fake_tensor.py:3212] [9/0]     torch._check(
E0908 07:02:19.834000 15816 site-packages\torch\_subclasses\fake_tensor.py:3212] [9/0]     ~~~~~~~~~~~~^
E0908 07:02:19.834000 15816 site-packages\torch\_subclasses\fake_tensor.py:3212] [9/0]         sym_or(x == 1, requested_length == x),
E0908 07:02:19.834000 15816 site-packages\torch\_subclasses\fake_tensor.py:3212] [9/0]         ^^^^^^^^^^^^^^^^^^^^^^^^^^^^^^^^^^^^^^
E0908 07:02:19.834000 15816 site-packages\torch\_subclasses\fake_tensor.py:3212] [9/0]         lambda: f"expand: attempting to expand a dimension of length {x} -> {requested_length}!",
E0908 07:02:19.834000 15816 site-packages\torch\_subclasses\fake_tensor.py:3212] [9/0]         ^^^^^^^^^^^^^^^^^^^^^^^^^^^^^^^^^^^^^^^^^^^^^^^^^^^^^^^^^^^^^^^^^^^^^^^^^^^^^^^^^^^^^^^^^
E0908 07:02:19.834000 15816 site-packages\torch\_subclasses\fake_tensor.py:3212] [9/0]     )
E0908 07:02:19.834000 15816 site-packages\torch\_subclasses\fake_tensor.py:3212] [9/0]     ^
E0908 07:02:19.834000 15816 site-packages\torch\_subclasses\fake_tensor.py:3212] [9/0]   File "C:\Users\clm\AppData\Local\Python\pythoncore-3.14-64\Lib\site-packages\torch\__init__.py", line 2140, in _check
E0908 07:02:19.834000 15816 site-packages\torch\_subclasses\fake_tensor.py:3212] [9/0]     _check_with(RuntimeError, cond, message)
E0908 07:02:19.834000 15816 site-packages\torch\_subclasses\fake_tensor.py:3212] [9/0]     ~~~~~~~~~~~^^^^^^^^^^^^^^^^^^^^^^^^^^^^^
E0908 07:02:19.834000 15816 site-packages\torch\_subclasses\fake_tensor.py:3212] [9/0]   File "C:\Users\clm\AppData\Local\Python\pythoncore-3.14-64\Lib\site-packages\torch\__init__.py", line 2118, in _check_with
E0908 07:02:19.834000 15816 site-packages\torch\_subclasses\fake_tensor.py:3212] [9/0]     raise error_type(message_evaluated)
E0908 07:02:19.834000 15816 site-packages\torch\_subclasses\fake_tensor.py:3212] [9/0] RuntimeError: expand: attempting to expand a dimension of length 33 -> 1!
  nnsmith_100009           0 candidate(s), 0 submittable, 24 tests, 300 compiles  [75.8s]
  nnsmith_100010           0 candidate(s), 0 submittable, 24 tests, 145 compiles  [95.5s]
E0908 07:04:30.603000 15816 site-packages\torch\_subclasses\fake_tensor.py:3212] [8/0] failed while attempting to run meta for aten.expand.default
E0908 07:04:30.603000 15816 site-packages\torch\_subclasses\fake_tensor.py:3212] [8/0] Traceback (most recent call last):
E0908 07:04:30.603000 15816 site-packages\torch\_subclasses\fake_tensor.py:3212] [8/0]   File "C:\Users\clm\AppData\Local\Python\pythoncore-3.14-64\Lib\site-packages\torch\_subclasses\fake_tensor.py", line 3208, in _dispatch_impl
E0908 07:04:30.603000 15816 site-packages\torch\_subclasses\fake_tensor.py:3212] [8/0]     r = func(*args, **kwargs)
E0908 07:04:30.603000 15816 site-packages\torch\_subclasses\fake_tensor.py:3212] [8/0]   File "C:\Users\clm\AppData\Local\Python\pythoncore-3.14-64\Lib\site-packages\torch\_ops.py", line 916, in __call__
E0908 07:04:30.603000 15816 site-packages\torch\_subclasses\fake_tensor.py:3212] [8/0]     return self._op(*args, **kwargs)
E0908 07:04:30.603000 15816 site-packages\torch\_subclasses\fake_tensor.py:3212] [8/0]            ~~~~~~~~^^^^^^^^^^^^^^^^^
E0908 07:04:30.603000 15816 site-packages\torch\_subclasses\fake_tensor.py:3212] [8/0]   File "C:\Users\clm\AppData\Local\Python\pythoncore-3.14-64\Lib\site-packages\torch\_refs\__init__.py", line 3217, in expand
E0908 07:04:30.603000 15816 site-packages\torch\_subclasses\fake_tensor.py:3212] [8/0]     torch._check(
E0908 07:04:30.603000 15816 site-packages\torch\_subclasses\fake_tensor.py:3212] [8/0]     ~~~~~~~~~~~~^
E0908 07:04:30.603000 15816 site-packages\torch\_subclasses\fake_tensor.py:3212] [8/0]         sym_or(x == 1, requested_length == x),
E0908 07:04:30.603000 15816 site-packages\torch\_subclasses\fake_tensor.py:3212] [8/0]         ^^^^^^^^^^^^^^^^^^^^^^^^^^^^^^^^^^^^^^
E0908 07:04:30.603000 15816 site-packages\torch\_subclasses\fake_tensor.py:3212] [8/0]         lambda: f"expand: attempting to expand a dimension of length {x} -> {requested_length}!",
E0908 07:04:30.603000 15816 site-packages\torch\_subclasses\fake_tensor.py:3212] [8/0]         ^^^^^^^^^^^^^^^^^^^^^^^^^^^^^^^^^^^^^^^^^^^^^^^^^^^^^^^^^^^^^^^^^^^^^^^^^^^^^^^^^^^^^^^^^
E0908 07:04:30.603000 15816 site-packages\torch\_subclasses\fake_tensor.py:3212] [8/0]     )
E0908 07:04:30.603000 15816 site-packages\torch\_subclasses\fake_tensor.py:3212] [8/0]     ^
E0908 07:04:30.603000 15816 site-packages\torch\_subclasses\fake_tensor.py:3212] [8/0]   File "C:\Users\clm\AppData\Local\Python\pythoncore-3.14-64\Lib\site-packages\torch\__init__.py", line 2140, in _check
E0908 07:04:30.603000 15816 site-packages\torch\_subclasses\fake_tensor.py:3212] [8/0]     _check_with(RuntimeError, cond, message)
E0908 07:04:30.603000 15816 site-packages\torch\_subclasses\fake_tensor.py:3212] [8/0]     ~~~~~~~~~~~^^^^^^^^^^^^^^^^^^^^^^^^^^^^^
E0908 07:04:30.603000 15816 site-packages\torch\_subclasses\fake_tensor.py:3212] [8/0]   File "C:\Users\clm\AppData\Local\Python\pythoncore-3.14-64\Lib\site-packages\torch\__init__.py", line 2118, in _check_with
E0908 07:04:30.603000 15816 site-packages\torch\_subclasses\fake_tensor.py:3212] [8/0]     raise error_type(message_evaluated)
E0908 07:04:30.603000 15816 site-packages\torch\_subclasses\fake_tensor.py:3212] [8/0] RuntimeError: expand: attempting to expand a dimension of length 2 -> 1!
E0908 07:04:31.162000 15816 site-packages\torch\_subclasses\fake_tensor.py:3212] [8/0] failed while attempting to run meta for aten.expand.default
E0908 07:04:31.162000 15816 site-packages\torch\_subclasses\fake_tensor.py:3212] [8/0] Traceback (most recent call last):
E0908 07:04:31.162000 15816 site-packages\torch\_subclasses\fake_tensor.py:3212] [8/0]   File "C:\Users\clm\AppData\Local\Python\pythoncore-3.14-64\Lib\site-packages\torch\_subclasses\fake_tensor.py", line 3208, in _dispatch_impl
E0908 07:04:31.162000 15816 site-packages\torch\_subclasses\fake_tensor.py:3212] [8/0]     r = func(*args, **kwargs)
E0908 07:04:31.162000 15816 site-packages\torch\_subclasses\fake_tensor.py:3212] [8/0]   File "C:\Users\clm\AppData\Local\Python\pythoncore-3.14-64\Lib\site-packages\torch\_ops.py", line 916, in __call__
E0908 07:04:31.162000 15816 site-packages\torch\_subclasses\fake_tensor.py:3212] [8/0]     return self._op(*args, **kwargs)
E0908 07:04:31.162000 15816 site-packages\torch\_subclasses\fake_tensor.py:3212] [8/0]            ~~~~~~~~^^^^^^^^^^^^^^^^^
E0908 07:04:31.162000 15816 site-packages\torch\_subclasses\fake_tensor.py:3212] [8/0]   File "C:\Users\clm\AppData\Local\Python\pythoncore-3.14-64\Lib\site-packages\torch\_refs\__init__.py", line 3217, in expand
E0908 07:04:31.162000 15816 site-packages\torch\_subclasses\fake_tensor.py:3212] [8/0]     torch._check(
E0908 07:04:31.162000 15816 site-packages\torch\_subclasses\fake_tensor.py:3212] [8/0]     ~~~~~~~~~~~~^
E0908 07:04:31.162000 15816 site-packages\torch\_subclasses\fake_tensor.py:3212] [8/0]         sym_or(x == 1, requested_length == x),
E0908 07:04:31.162000 15816 site-packages\torch\_subclasses\fake_tensor.py:3212] [8/0]         ^^^^^^^^^^^^^^^^^^^^^^^^^^^^^^^^^^^^^^
E0908 07:04:31.162000 15816 site-packages\torch\_subclasses\fake_tensor.py:3212] [8/0]         lambda: f"expand: attempting to expand a dimension of length {x} -> {requested_length}!",
E0908 07:04:31.162000 15816 site-packages\torch\_subclasses\fake_tensor.py:3212] [8/0]         ^^^^^^^^^^^^^^^^^^^^^^^^^^^^^^^^^^^^^^^^^^^^^^^^^^^^^^^^^^^^^^^^^^^^^^^^^^^^^^^^^^^^^^^^^
E0908 07:04:31.162000 15816 site-packages\torch\_subclasses\fake_tensor.py:3212] [8/0]     )
E0908 07:04:31.162000 15816 site-packages\torch\_subclasses\fake_tensor.py:3212] [8/0]     ^
E0908 07:04:31.162000 15816 site-packages\torch\_subclasses\fake_tensor.py:3212] [8/0]   File "C:\Users\clm\AppData\Local\Python\pythoncore-3.14-64\Lib\site-packages\torch\__init__.py", line 2140, in _check
E0908 07:04:31.162000 15816 site-packages\torch\_subclasses\fake_tensor.py:3212] [8/0]     _check_with(RuntimeError, cond, message)
E0908 07:04:31.162000 15816 site-packages\torch\_subclasses\fake_tensor.py:3212] [8/0]     ~~~~~~~~~~~^^^^^^^^^^^^^^^^^^^^^^^^^^^^^
E0908 07:04:31.162000 15816 site-packages\torch\_subclasses\fake_tensor.py:3212] [8/0]   File "C:\Users\clm\AppData\Local\Python\pythoncore-3.14-64\Lib\site-packages\torch\__init__.py", line 2118, in _check_with
E0908 07:04:31.162000 15816 site-packages\torch\_subclasses\fake_tensor.py:3212] [8/0]     raise error_type(message_evaluated)
E0908 07:04:31.162000 15816 site-packages\torch\_subclasses\fake_tensor.py:3212] [8/0] RuntimeError: expand: attempting to expand a dimension of length 2 -> 1!
E0908 07:04:31.768000 15816 site-packages\torch\_subclasses\fake_tensor.py:3212] [8/0] failed while attempting to run meta for aten.expand.default
E0908 07:04:31.768000 15816 site-packages\torch\_subclasses\fake_tensor.py:3212] [8/0] Traceback (most recent call last):
E0908 07:04:31.768000 15816 site-packages\torch\_subclasses\fake_tensor.py:3212] [8/0]   File "C:\Users\clm\AppData\Local\Python\pythoncore-3.14-64\Lib\site-packages\torch\_subclasses\fake_tensor.py", line 3208, in _dispatch_impl
E0908 07:04:31.768000 15816 site-packages\torch\_subclasses\fake_tensor.py:3212] [8/0]     r = func(*args, **kwargs)
E0908 07:04:31.768000 15816 site-packages\torch\_subclasses\fake_tensor.py:3212] [8/0]   File "C:\Users\clm\AppData\Local\Python\pythoncore-3.14-64\Lib\site-packages\torch\_ops.py", line 916, in __call__
E0908 07:04:31.768000 15816 site-packages\torch\_subclasses\fake_tensor.py:3212] [8/0]     return self._op(*args, **kwargs)
E0908 07:04:31.768000 15816 site-packages\torch\_subclasses\fake_tensor.py:3212] [8/0]            ~~~~~~~~^^^^^^^^^^^^^^^^^
E0908 07:04:31.768000 15816 site-packages\torch\_subclasses\fake_tensor.py:3212] [8/0]   File "C:\Users\clm\AppData\Local\Python\pythoncore-3.14-64\Lib\site-packages\torch\_refs\__init__.py", line 3217, in expand
E0908 07:04:31.768000 15816 site-packages\torch\_subclasses\fake_tensor.py:3212] [8/0]     torch._check(
E0908 07:04:31.768000 15816 site-packages\torch\_subclasses\fake_tensor.py:3212] [8/0]     ~~~~~~~~~~~~^
E0908 07:04:31.768000 15816 site-packages\torch\_subclasses\fake_tensor.py:3212] [8/0]         sym_or(x == 1, requested_length == x),
E0908 07:04:31.768000 15816 site-packages\torch\_subclasses\fake_tensor.py:3212] [8/0]         ^^^^^^^^^^^^^^^^^^^^^^^^^^^^^^^^^^^^^^
E0908 07:04:31.768000 15816 site-packages\torch\_subclasses\fake_tensor.py:3212] [8/0]         lambda: f"expand: attempting to expand a dimension of length {x} -> {requested_length}!",
E0908 07:04:31.768000 15816 site-packages\torch\_subclasses\fake_tensor.py:3212] [8/0]         ^^^^^^^^^^^^^^^^^^^^^^^^^^^^^^^^^^^^^^^^^^^^^^^^^^^^^^^^^^^^^^^^^^^^^^^^^^^^^^^^^^^^^^^^^
E0908 07:04:31.768000 15816 site-packages\torch\_subclasses\fake_tensor.py:3212] [8/0]     )
E0908 07:04:31.768000 15816 site-packages\torch\_subclasses\fake_tensor.py:3212] [8/0]     ^
E0908 07:04:31.768000 15816 site-packages\torch\_subclasses\fake_tensor.py:3212] [8/0]   File "C:\Users\clm\AppData\Local\Python\pythoncore-3.14-64\Lib\site-packages\torch\__init__.py", line 2140, in _check
E0908 07:04:31.768000 15816 site-packages\torch\_subclasses\fake_tensor.py:3212] [8/0]     _check_with(RuntimeError, cond, message)
E0908 07:04:31.768000 15816 site-packages\torch\_subclasses\fake_tensor.py:3212] [8/0]     ~~~~~~~~~~~^^^^^^^^^^^^^^^^^^^^^^^^^^^^^
E0908 07:04:31.768000 15816 site-packages\torch\_subclasses\fake_tensor.py:3212] [8/0]   File "C:\Users\clm\AppData\Local\Python\pythoncore-3.14-64\Lib\site-packages\torch\__init__.py", line 2118, in _check_with
E0908 07:04:31.768000 15816 site-packages\torch\_subclasses\fake_tensor.py:3212] [8/0]     raise error_type(message_evaluated)
E0908 07:04:31.768000 15816 site-packages\torch\_subclasses\fake_tensor.py:3212] [8/0] RuntimeError: expand: attempting to expand a dimension of length 2 -> 1!
E0908 07:04:32.261000 15816 site-packages\torch\_subclasses\fake_tensor.py:3212] [8/0] failed while attempting to run meta for aten.expand.default
E0908 07:04:32.261000 15816 site-packages\torch\_subclasses\fake_tensor.py:3212] [8/0] Traceback (most recent call last):
E0908 07:04:32.261000 15816 site-packages\torch\_subclasses\fake_tensor.py:3212] [8/0]   File "C:\Users\clm\AppData\Local\Python\pythoncore-3.14-64\Lib\site-packages\torch\_subclasses\fake_tensor.py", line 3208, in _dispatch_impl
E0908 07:04:32.261000 15816 site-packages\torch\_subclasses\fake_tensor.py:3212] [8/0]     r = func(*args, **kwargs)
E0908 07:04:32.261000 15816 site-packages\torch\_subclasses\fake_tensor.py:3212] [8/0]   File "C:\Users\clm\AppData\Local\Python\pythoncore-3.14-64\Lib\site-packages\torch\_ops.py", line 916, in __call__
E0908 07:04:32.261000 15816 site-packages\torch\_subclasses\fake_tensor.py:3212] [8/0]     return self._op(*args, **kwargs)
E0908 07:04:32.261000 15816 site-packages\torch\_subclasses\fake_tensor.py:3212] [8/0]            ~~~~~~~~^^^^^^^^^^^^^^^^^
E0908 07:04:32.261000 15816 site-packages\torch\_subclasses\fake_tensor.py:3212] [8/0]   File "C:\Users\clm\AppData\Local\Python\pythoncore-3.14-64\Lib\site-packages\torch\_refs\__init__.py", line 3217, in expand
E0908 07:04:32.261000 15816 site-packages\torch\_subclasses\fake_tensor.py:3212] [8/0]     torch._check(
E0908 07:04:32.261000 15816 site-packages\torch\_subclasses\fake_tensor.py:3212] [8/0]     ~~~~~~~~~~~~^
E0908 07:04:32.261000 15816 site-packages\torch\_subclasses\fake_tensor.py:3212] [8/0]         sym_or(x == 1, requested_length == x),
E0908 07:04:32.261000 15816 site-packages\torch\_subclasses\fake_tensor.py:3212] [8/0]         ^^^^^^^^^^^^^^^^^^^^^^^^^^^^^^^^^^^^^^
E0908 07:04:32.261000 15816 site-packages\torch\_subclasses\fake_tensor.py:3212] [8/0]         lambda: f"expand: attempting to expand a dimension of length {x} -> {requested_length}!",
E0908 07:04:32.261000 15816 site-packages\torch\_subclasses\fake_tensor.py:3212] [8/0]         ^^^^^^^^^^^^^^^^^^^^^^^^^^^^^^^^^^^^^^^^^^^^^^^^^^^^^^^^^^^^^^^^^^^^^^^^^^^^^^^^^^^^^^^^^
E0908 07:04:32.261000 15816 site-packages\torch\_subclasses\fake_tensor.py:3212] [8/0]     )
E0908 07:04:32.261000 15816 site-packages\torch\_subclasses\fake_tensor.py:3212] [8/0]     ^
E0908 07:04:32.261000 15816 site-packages\torch\_subclasses\fake_tensor.py:3212] [8/0]   File "C:\Users\clm\AppData\Local\Python\pythoncore-3.14-64\Lib\site-packages\torch\__init__.py", line 2140, in _check
E0908 07:04:32.261000 15816 site-packages\torch\_subclasses\fake_tensor.py:3212] [8/0]     _check_with(RuntimeError, cond, message)
E0908 07:04:32.261000 15816 site-packages\torch\_subclasses\fake_tensor.py:3212] [8/0]     ~~~~~~~~~~~^^^^^^^^^^^^^^^^^^^^^^^^^^^^^
E0908 07:04:32.261000 15816 site-packages\torch\_subclasses\fake_tensor.py:3212] [8/0]   File "C:\Users\clm\AppData\Local\Python\pythoncore-3.14-64\Lib\site-packages\torch\__init__.py", line 2118, in _check_with
E0908 07:04:32.261000 15816 site-packages\torch\_subclasses\fake_tensor.py:3212] [8/0]     raise error_type(message_evaluated)
E0908 07:04:32.261000 15816 site-packages\torch\_subclasses\fake_tensor.py:3212] [8/0] RuntimeError: expand: attempting to expand a dimension of length 2 -> 1!
E0908 07:04:32.782000 15816 site-packages\torch\_subclasses\fake_tensor.py:3212] [8/0] failed while attempting to run meta for aten.expand.default
E0908 07:04:32.782000 15816 site-packages\torch\_subclasses\fake_tensor.py:3212] [8/0] Traceback (most recent call last):
E0908 07:04:32.782000 15816 site-packages\torch\_subclasses\fake_tensor.py:3212] [8/0]   File "C:\Users\clm\AppData\Local\Python\pythoncore-3.14-64\Lib\site-packages\torch\_subclasses\fake_tensor.py", line 3208, in _dispatch_impl
E0908 07:04:32.782000 15816 site-packages\torch\_subclasses\fake_tensor.py:3212] [8/0]     r = func(*args, **kwargs)
E0908 07:04:32.782000 15816 site-packages\torch\_subclasses\fake_tensor.py:3212] [8/0]   File "C:\Users\clm\AppData\Local\Python\pythoncore-3.14-64\Lib\site-packages\torch\_ops.py", line 916, in __call__
E0908 07:04:32.782000 15816 site-packages\torch\_subclasses\fake_tensor.py:3212] [8/0]     return self._op(*args, **kwargs)
E0908 07:04:32.782000 15816 site-packages\torch\_subclasses\fake_tensor.py:3212] [8/0]            ~~~~~~~~^^^^^^^^^^^^^^^^^
E0908 07:04:32.782000 15816 site-packages\torch\_subclasses\fake_tensor.py:3212] [8/0]   File "C:\Users\clm\AppData\Local\Python\pythoncore-3.14-64\Lib\site-packages\torch\_refs\__init__.py", line 3217, in expand
E0908 07:04:32.782000 15816 site-packages\torch\_subclasses\fake_tensor.py:3212] [8/0]     torch._check(
E0908 07:04:32.782000 15816 site-packages\torch\_subclasses\fake_tensor.py:3212] [8/0]     ~~~~~~~~~~~~^
E0908 07:04:32.782000 15816 site-packages\torch\_subclasses\fake_tensor.py:3212] [8/0]         sym_or(x == 1, requested_length == x),
E0908 07:04:32.782000 15816 site-packages\torch\_subclasses\fake_tensor.py:3212] [8/0]         ^^^^^^^^^^^^^^^^^^^^^^^^^^^^^^^^^^^^^^
E0908 07:04:32.782000 15816 site-packages\torch\_subclasses\fake_tensor.py:3212] [8/0]         lambda: f"expand: attempting to expand a dimension of length {x} -> {requested_length}!",
E0908 07:04:32.782000 15816 site-packages\torch\_subclasses\fake_tensor.py:3212] [8/0]         ^^^^^^^^^^^^^^^^^^^^^^^^^^^^^^^^^^^^^^^^^^^^^^^^^^^^^^^^^^^^^^^^^^^^^^^^^^^^^^^^^^^^^^^^^
E0908 07:04:32.782000 15816 site-packages\torch\_subclasses\fake_tensor.py:3212] [8/0]     )
E0908 07:04:32.782000 15816 site-packages\torch\_subclasses\fake_tensor.py:3212] [8/0]     ^
E0908 07:04:32.782000 15816 site-packages\torch\_subclasses\fake_tensor.py:3212] [8/0]   File "C:\Users\clm\AppData\Local\Python\pythoncore-3.14-64\Lib\site-packages\torch\__init__.py", line 2140, in _check
E0908 07:04:32.782000 15816 site-packages\torch\_subclasses\fake_tensor.py:3212] [8/0]     _check_with(RuntimeError, cond, message)
E0908 07:04:32.782000 15816 site-packages\torch\_subclasses\fake_tensor.py:3212] [8/0]     ~~~~~~~~~~~^^^^^^^^^^^^^^^^^^^^^^^^^^^^^
E0908 07:04:32.782000 15816 site-packages\torch\_subclasses\fake_tensor.py:3212] [8/0]   File "C:\Users\clm\AppData\Local\Python\pythoncore-3.14-64\Lib\site-packages\torch\__init__.py", line 2118, in _check_with
E0908 07:04:32.782000 15816 site-packages\torch\_subclasses\fake_tensor.py:3212] [8/0]     raise error_type(message_evaluated)
E0908 07:04:32.782000 15816 site-packages\torch\_subclasses\fake_tensor.py:3212] [8/0] RuntimeError: expand: attempting to expand a dimension of length 2 -> 1!
E0908 07:04:33.404000 15816 site-packages\torch\_subclasses\fake_tensor.py:3212] [8/0] failed while attempting to run meta for aten.expand.default
E0908 07:04:33.404000 15816 site-packages\torch\_subclasses\fake_tensor.py:3212] [8/0] Traceback (most recent call last):
E0908 07:04:33.404000 15816 site-packages\torch\_subclasses\fake_tensor.py:3212] [8/0]   File "C:\Users\clm\AppData\Local\Python\pythoncore-3.14-64\Lib\site-packages\torch\_subclasses\fake_tensor.py", line 3208, in _dispatch_impl
E0908 07:04:33.404000 15816 site-packages\torch\_subclasses\fake_tensor.py:3212] [8/0]     r = func(*args, **kwargs)
E0908 07:04:33.404000 15816 site-packages\torch\_subclasses\fake_tensor.py:3212] [8/0]   File "C:\Users\clm\AppData\Local\Python\pythoncore-3.14-64\Lib\site-packages\torch\_ops.py", line 916, in __call__
E0908 07:04:33.404000 15816 site-packages\torch\_subclasses\fake_tensor.py:3212] [8/0]     return self._op(*args, **kwargs)
E0908 07:04:33.404000 15816 site-packages\torch\_subclasses\fake_tensor.py:3212] [8/0]            ~~~~~~~~^^^^^^^^^^^^^^^^^
E0908 07:04:33.404000 15816 site-packages\torch\_subclasses\fake_tensor.py:3212] [8/0]   File "C:\Users\clm\AppData\Local\Python\pythoncore-3.14-64\Lib\site-packages\torch\_refs\__init__.py", line 3217, in expand
E0908 07:04:33.404000 15816 site-packages\torch\_subclasses\fake_tensor.py:3212] [8/0]     torch._check(
E0908 07:04:33.404000 15816 site-packages\torch\_subclasses\fake_tensor.py:3212] [8/0]     ~~~~~~~~~~~~^
E0908 07:04:33.404000 15816 site-packages\torch\_subclasses\fake_tensor.py:3212] [8/0]         sym_or(x == 1, requested_length == x),
E0908 07:04:33.404000 15816 site-packages\torch\_subclasses\fake_tensor.py:3212] [8/0]         ^^^^^^^^^^^^^^^^^^^^^^^^^^^^^^^^^^^^^^
E0908 07:04:33.404000 15816 site-packages\torch\_subclasses\fake_tensor.py:3212] [8/0]         lambda: f"expand: attempting to expand a dimension of length {x} -> {requested_length}!",
E0908 07:04:33.404000 15816 site-packages\torch\_subclasses\fake_tensor.py:3212] [8/0]         ^^^^^^^^^^^^^^^^^^^^^^^^^^^^^^^^^^^^^^^^^^^^^^^^^^^^^^^^^^^^^^^^^^^^^^^^^^^^^^^^^^^^^^^^^
E0908 07:04:33.404000 15816 site-packages\torch\_subclasses\fake_tensor.py:3212] [8/0]     )
E0908 07:04:33.404000 15816 site-packages\torch\_subclasses\fake_tensor.py:3212] [8/0]     ^
E0908 07:04:33.404000 15816 site-packages\torch\_subclasses\fake_tensor.py:3212] [8/0]   File "C:\Users\clm\AppData\Local\Python\pythoncore-3.14-64\Lib\site-packages\torch\__init__.py", line 2140, in _check
E0908 07:04:33.404000 15816 site-packages\torch\_subclasses\fake_tensor.py:3212] [8/0]     _check_with(RuntimeError, cond, message)
E0908 07:04:33.404000 15816 site-packages\torch\_subclasses\fake_tensor.py:3212] [8/0]     ~~~~~~~~~~~^^^^^^^^^^^^^^^^^^^^^^^^^^^^^
E0908 07:04:33.404000 15816 site-packages\torch\_subclasses\fake_tensor.py:3212] [8/0]   File "C:\Users\clm\AppData\Local\Python\pythoncore-3.14-64\Lib\site-packages\torch\__init__.py", line 2118, in _check_with
E0908 07:04:33.404000 15816 site-packages\torch\_subclasses\fake_tensor.py:3212] [8/0]     raise error_type(message_evaluated)
E0908 07:04:33.404000 15816 site-packages\torch\_subclasses\fake_tensor.py:3212] [8/0] RuntimeError: expand: attempting to expand a dimension of length 2 -> 1!
E0908 07:04:33.913000 15816 site-packages\torch\_subclasses\fake_tensor.py:3212] [8/0] failed while attempting to run meta for aten.expand.default
E0908 07:04:33.913000 15816 site-packages\torch\_subclasses\fake_tensor.py:3212] [8/0] Traceback (most recent call last):
E0908 07:04:33.913000 15816 site-packages\torch\_subclasses\fake_tensor.py:3212] [8/0]   File "C:\Users\clm\AppData\Local\Python\pythoncore-3.14-64\Lib\site-packages\torch\_subclasses\fake_tensor.py", line 3208, in _dispatch_impl
E0908 07:04:33.913000 15816 site-packages\torch\_subclasses\fake_tensor.py:3212] [8/0]     r = func(*args, **kwargs)
E0908 07:04:33.913000 15816 site-packages\torch\_subclasses\fake_tensor.py:3212] [8/0]   File "C:\Users\clm\AppData\Local\Python\pythoncore-3.14-64\Lib\site-packages\torch\_ops.py", line 916, in __call__
E0908 07:04:33.913000 15816 site-packages\torch\_subclasses\fake_tensor.py:3212] [8/0]     return self._op(*args, **kwargs)
E0908 07:04:33.913000 15816 site-packages\torch\_subclasses\fake_tensor.py:3212] [8/0]            ~~~~~~~~^^^^^^^^^^^^^^^^^
E0908 07:04:33.913000 15816 site-packages\torch\_subclasses\fake_tensor.py:3212] [8/0]   File "C:\Users\clm\AppData\Local\Python\pythoncore-3.14-64\Lib\site-packages\torch\_refs\__init__.py", line 3217, in expand
E0908 07:04:33.913000 15816 site-packages\torch\_subclasses\fake_tensor.py:3212] [8/0]     torch._check(
E0908 07:04:33.913000 15816 site-packages\torch\_subclasses\fake_tensor.py:3212] [8/0]     ~~~~~~~~~~~~^
E0908 07:04:33.913000 15816 site-packages\torch\_subclasses\fake_tensor.py:3212] [8/0]         sym_or(x == 1, requested_length == x),
E0908 07:04:33.913000 15816 site-packages\torch\_subclasses\fake_tensor.py:3212] [8/0]         ^^^^^^^^^^^^^^^^^^^^^^^^^^^^^^^^^^^^^^
E0908 07:04:33.913000 15816 site-packages\torch\_subclasses\fake_tensor.py:3212] [8/0]         lambda: f"expand: attempting to expand a dimension of length {x} -> {requested_length}!",
E0908 07:04:33.913000 15816 site-packages\torch\_subclasses\fake_tensor.py:3212] [8/0]         ^^^^^^^^^^^^^^^^^^^^^^^^^^^^^^^^^^^^^^^^^^^^^^^^^^^^^^^^^^^^^^^^^^^^^^^^^^^^^^^^^^^^^^^^^
E0908 07:04:33.913000 15816 site-packages\torch\_subclasses\fake_tensor.py:3212] [8/0]     )
E0908 07:04:33.913000 15816 site-packages\torch\_subclasses\fake_tensor.py:3212] [8/0]     ^
E0908 07:04:33.913000 15816 site-packages\torch\_subclasses\fake_tensor.py:3212] [8/0]   File "C:\Users\clm\AppData\Local\Python\pythoncore-3.14-64\Lib\site-packages\torch\__init__.py", line 2140, in _check
E0908 07:04:33.913000 15816 site-packages\torch\_subclasses\fake_tensor.py:3212] [8/0]     _check_with(RuntimeError, cond, message)
E0908 07:04:33.913000 15816 site-packages\torch\_subclasses\fake_tensor.py:3212] [8/0]     ~~~~~~~~~~~^^^^^^^^^^^^^^^^^^^^^^^^^^^^^
E0908 07:04:33.913000 15816 site-packages\torch\_subclasses\fake_tensor.py:3212] [8/0]   File "C:\Users\clm\AppData\Local\Python\pythoncore-3.14-64\Lib\site-packages\torch\__init__.py", line 2118, in _check_with
E0908 07:04:33.913000 15816 site-packages\torch\_subclasses\fake_tensor.py:3212] [8/0]     raise error_type(message_evaluated)
E0908 07:04:33.913000 15816 site-packages\torch\_subclasses\fake_tensor.py:3212] [8/0] RuntimeError: expand: attempting to expand a dimension of length 2 -> 1!
E0908 07:04:34.488000 15816 site-packages\torch\_subclasses\fake_tensor.py:3212] [8/0] failed while attempting to run meta for aten.expand.default
E0908 07:04:34.488000 15816 site-packages\torch\_subclasses\fake_tensor.py:3212] [8/0] Traceback (most recent call last):
E0908 07:04:34.488000 15816 site-packages\torch\_subclasses\fake_tensor.py:3212] [8/0]   File "C:\Users\clm\AppData\Local\Python\pythoncore-3.14-64\Lib\site-packages\torch\_subclasses\fake_tensor.py", line 3208, in _dispatch_impl
E0908 07:04:34.488000 15816 site-packages\torch\_subclasses\fake_tensor.py:3212] [8/0]     r = func(*args, **kwargs)
E0908 07:04:34.488000 15816 site-packages\torch\_subclasses\fake_tensor.py:3212] [8/0]   File "C:\Users\clm\AppData\Local\Python\pythoncore-3.14-64\Lib\site-packages\torch\_ops.py", line 916, in __call__
E0908 07:04:34.488000 15816 site-packages\torch\_subclasses\fake_tensor.py:3212] [8/0]     return self._op(*args, **kwargs)
E0908 07:04:34.488000 15816 site-packages\torch\_subclasses\fake_tensor.py:3212] [8/0]            ~~~~~~~~^^^^^^^^^^^^^^^^^
E0908 07:04:34.488000 15816 site-packages\torch\_subclasses\fake_tensor.py:3212] [8/0]   File "C:\Users\clm\AppData\Local\Python\pythoncore-3.14-64\Lib\site-packages\torch\_refs\__init__.py", line 3217, in expand
E0908 07:04:34.488000 15816 site-packages\torch\_subclasses\fake_tensor.py:3212] [8/0]     torch._check(
E0908 07:04:34.488000 15816 site-packages\torch\_subclasses\fake_tensor.py:3212] [8/0]     ~~~~~~~~~~~~^
E0908 07:04:34.488000 15816 site-packages\torch\_subclasses\fake_tensor.py:3212] [8/0]         sym_or(x == 1, requested_length == x),
E0908 07:04:34.488000 15816 site-packages\torch\_subclasses\fake_tensor.py:3212] [8/0]         ^^^^^^^^^^^^^^^^^^^^^^^^^^^^^^^^^^^^^^
E0908 07:04:34.488000 15816 site-packages\torch\_subclasses\fake_tensor.py:3212] [8/0]         lambda: f"expand: attempting to expand a dimension of length {x} -> {requested_length}!",
E0908 07:04:34.488000 15816 site-packages\torch\_subclasses\fake_tensor.py:3212] [8/0]         ^^^^^^^^^^^^^^^^^^^^^^^^^^^^^^^^^^^^^^^^^^^^^^^^^^^^^^^^^^^^^^^^^^^^^^^^^^^^^^^^^^^^^^^^^
E0908 07:04:34.488000 15816 site-packages\torch\_subclasses\fake_tensor.py:3212] [8/0]     )
E0908 07:04:34.488000 15816 site-packages\torch\_subclasses\fake_tensor.py:3212] [8/0]     ^
E0908 07:04:34.488000 15816 site-packages\torch\_subclasses\fake_tensor.py:3212] [8/0]   File "C:\Users\clm\AppData\Local\Python\pythoncore-3.14-64\Lib\site-packages\torch\__init__.py", line 2140, in _check
E0908 07:04:34.488000 15816 site-packages\torch\_subclasses\fake_tensor.py:3212] [8/0]     _check_with(RuntimeError, cond, message)
E0908 07:04:34.488000 15816 site-packages\torch\_subclasses\fake_tensor.py:3212] [8/0]     ~~~~~~~~~~~^^^^^^^^^^^^^^^^^^^^^^^^^^^^^
E0908 07:04:34.488000 15816 site-packages\torch\_subclasses\fake_tensor.py:3212] [8/0]   File "C:\Users\clm\AppData\Local\Python\pythoncore-3.14-64\Lib\site-packages\torch\__init__.py", line 2118, in _check_with
E0908 07:04:34.488000 15816 site-packages\torch\_subclasses\fake_tensor.py:3212] [8/0]     raise error_type(message_evaluated)
E0908 07:04:34.488000 15816 site-packages\torch\_subclasses\fake_tensor.py:3212] [8/0] RuntimeError: expand: attempting to expand a dimension of length 2 -> 1!
E0908 07:04:35.094000 15816 site-packages\torch\_subclasses\fake_tensor.py:3212] [8/0] failed while attempting to run meta for aten.expand.default
E0908 07:04:35.094000 15816 site-packages\torch\_subclasses\fake_tensor.py:3212] [8/0] Traceback (most recent call last):
E0908 07:04:35.094000 15816 site-packages\torch\_subclasses\fake_tensor.py:3212] [8/0]   File "C:\Users\clm\AppData\Local\Python\pythoncore-3.14-64\Lib\site-packages\torch\_subclasses\fake_tensor.py", line 3208, in _dispatch_impl
E0908 07:04:35.094000 15816 site-packages\torch\_subclasses\fake_tensor.py:3212] [8/0]     r = func(*args, **kwargs)
E0908 07:04:35.094000 15816 site-packages\torch\_subclasses\fake_tensor.py:3212] [8/0]   File "C:\Users\clm\AppData\Local\Python\pythoncore-3.14-64\Lib\site-packages\torch\_ops.py", line 916, in __call__
E0908 07:04:35.094000 15816 site-packages\torch\_subclasses\fake_tensor.py:3212] [8/0]     return self._op(*args, **kwargs)
E0908 07:04:35.094000 15816 site-packages\torch\_subclasses\fake_tensor.py:3212] [8/0]            ~~~~~~~~^^^^^^^^^^^^^^^^^
E0908 07:04:35.094000 15816 site-packages\torch\_subclasses\fake_tensor.py:3212] [8/0]   File "C:\Users\clm\AppData\Local\Python\pythoncore-3.14-64\Lib\site-packages\torch\_refs\__init__.py", line 3217, in expand
E0908 07:04:35.094000 15816 site-packages\torch\_subclasses\fake_tensor.py:3212] [8/0]     torch._check(
E0908 07:04:35.094000 15816 site-packages\torch\_subclasses\fake_tensor.py:3212] [8/0]     ~~~~~~~~~~~~^
E0908 07:04:35.094000 15816 site-packages\torch\_subclasses\fake_tensor.py:3212] [8/0]         sym_or(x == 1, requested_length == x),
E0908 07:04:35.094000 15816 site-packages\torch\_subclasses\fake_tensor.py:3212] [8/0]         ^^^^^^^^^^^^^^^^^^^^^^^^^^^^^^^^^^^^^^
E0908 07:04:35.094000 15816 site-packages\torch\_subclasses\fake_tensor.py:3212] [8/0]         lambda: f"expand: attempting to expand a dimension of length {x} -> {requested_length}!",
E0908 07:04:35.094000 15816 site-packages\torch\_subclasses\fake_tensor.py:3212] [8/0]         ^^^^^^^^^^^^^^^^^^^^^^^^^^^^^^^^^^^^^^^^^^^^^^^^^^^^^^^^^^^^^^^^^^^^^^^^^^^^^^^^^^^^^^^^^
E0908 07:04:35.094000 15816 site-packages\torch\_subclasses\fake_tensor.py:3212] [8/0]     )
E0908 07:04:35.094000 15816 site-packages\torch\_subclasses\fake_tensor.py:3212] [8/0]     ^
E0908 07:04:35.094000 15816 site-packages\torch\_subclasses\fake_tensor.py:3212] [8/0]   File "C:\Users\clm\AppData\Local\Python\pythoncore-3.14-64\Lib\site-packages\torch\__init__.py", line 2140, in _check
E0908 07:04:35.094000 15816 site-packages\torch\_subclasses\fake_tensor.py:3212] [8/0]     _check_with(RuntimeError, cond, message)
E0908 07:04:35.094000 15816 site-packages\torch\_subclasses\fake_tensor.py:3212] [8/0]     ~~~~~~~~~~~^^^^^^^^^^^^^^^^^^^^^^^^^^^^^
E0908 07:04:35.094000 15816 site-packages\torch\_subclasses\fake_tensor.py:3212] [8/0]   File "C:\Users\clm\AppData\Local\Python\pythoncore-3.14-64\Lib\site-packages\torch\__init__.py", line 2118, in _check_with
E0908 07:04:35.094000 15816 site-packages\torch\_subclasses\fake_tensor.py:3212] [8/0]     raise error_type(message_evaluated)
E0908 07:04:35.094000 15816 site-packages\torch\_subclasses\fake_tensor.py:3212] [8/0] RuntimeError: expand: attempting to expand a dimension of length 2 -> 1!
E0908 07:05:04.569000 15816 site-packages\torch\_subclasses\fake_tensor.py:3212] [8/0] failed while attempting to run meta for aten.expand.default
E0908 07:05:04.569000 15816 site-packages\torch\_subclasses\fake_tensor.py:3212] [8/0] Traceback (most recent call last):
E0908 07:05:04.569000 15816 site-packages\torch\_subclasses\fake_tensor.py:3212] [8/0]   File "C:\Users\clm\AppData\Local\Python\pythoncore-3.14-64\Lib\site-packages\torch\_subclasses\fake_tensor.py", line 3208, in _dispatch_impl
E0908 07:05:04.569000 15816 site-packages\torch\_subclasses\fake_tensor.py:3212] [8/0]     r = func(*args, **kwargs)
E0908 07:05:04.569000 15816 site-packages\torch\_subclasses\fake_tensor.py:3212] [8/0]   File "C:\Users\clm\AppData\Local\Python\pythoncore-3.14-64\Lib\site-packages\torch\_ops.py", line 916, in __call__
E0908 07:05:04.569000 15816 site-packages\torch\_subclasses\fake_tensor.py:3212] [8/0]     return self._op(*args, **kwargs)
E0908 07:05:04.569000 15816 site-packages\torch\_subclasses\fake_tensor.py:3212] [8/0]            ~~~~~~~~^^^^^^^^^^^^^^^^^
E0908 07:05:04.569000 15816 site-packages\torch\_subclasses\fake_tensor.py:3212] [8/0]   File "C:\Users\clm\AppData\Local\Python\pythoncore-3.14-64\Lib\site-packages\torch\_refs\__init__.py", line 3217, in expand
E0908 07:05:04.569000 15816 site-packages\torch\_subclasses\fake_tensor.py:3212] [8/0]     torch._check(
E0908 07:05:04.569000 15816 site-packages\torch\_subclasses\fake_tensor.py:3212] [8/0]     ~~~~~~~~~~~~^
E0908 07:05:04.569000 15816 site-packages\torch\_subclasses\fake_tensor.py:3212] [8/0]         sym_or(x == 1, requested_length == x),
E0908 07:05:04.569000 15816 site-packages\torch\_subclasses\fake_tensor.py:3212] [8/0]         ^^^^^^^^^^^^^^^^^^^^^^^^^^^^^^^^^^^^^^
E0908 07:05:04.569000 15816 site-packages\torch\_subclasses\fake_tensor.py:3212] [8/0]         lambda: f"expand: attempting to expand a dimension of length {x} -> {requested_length}!",
E0908 07:05:04.569000 15816 site-packages\torch\_subclasses\fake_tensor.py:3212] [8/0]         ^^^^^^^^^^^^^^^^^^^^^^^^^^^^^^^^^^^^^^^^^^^^^^^^^^^^^^^^^^^^^^^^^^^^^^^^^^^^^^^^^^^^^^^^^
E0908 07:05:04.569000 15816 site-packages\torch\_subclasses\fake_tensor.py:3212] [8/0]     )
E0908 07:05:04.569000 15816 site-packages\torch\_subclasses\fake_tensor.py:3212] [8/0]     ^
E0908 07:05:04.569000 15816 site-packages\torch\_subclasses\fake_tensor.py:3212] [8/0]   File "C:\Users\clm\AppData\Local\Python\pythoncore-3.14-64\Lib\site-packages\torch\__init__.py", line 2140, in _check
E0908 07:05:04.569000 15816 site-packages\torch\_subclasses\fake_tensor.py:3212] [8/0]     _check_with(RuntimeError, cond, message)
E0908 07:05:04.569000 15816 site-packages\torch\_subclasses\fake_tensor.py:3212] [8/0]     ~~~~~~~~~~~^^^^^^^^^^^^^^^^^^^^^^^^^^^^^
E0908 07:05:04.569000 15816 site-packages\torch\_subclasses\fake_tensor.py:3212] [8/0]   File "C:\Users\clm\AppData\Local\Python\pythoncore-3.14-64\Lib\site-packages\torch\__init__.py", line 2118, in _check_with
E0908 07:05:04.569000 15816 site-packages\torch\_subclasses\fake_tensor.py:3212] [8/0]     raise error_type(message_evaluated)
E0908 07:05:04.569000 15816 site-packages\torch\_subclasses\fake_tensor.py:3212] [8/0] RuntimeError: expand: attempting to expand a dimension of length 33 -> 1!
E0908 07:05:05.078000 15816 site-packages\torch\_subclasses\fake_tensor.py:3212] [8/0] failed while attempting to run meta for aten.expand.default
E0908 07:05:05.078000 15816 site-packages\torch\_subclasses\fake_tensor.py:3212] [8/0] Traceback (most recent call last):
E0908 07:05:05.078000 15816 site-packages\torch\_subclasses\fake_tensor.py:3212] [8/0]   File "C:\Users\clm\AppData\Local\Python\pythoncore-3.14-64\Lib\site-packages\torch\_subclasses\fake_tensor.py", line 3208, in _dispatch_impl
E0908 07:05:05.078000 15816 site-packages\torch\_subclasses\fake_tensor.py:3212] [8/0]     r = func(*args, **kwargs)
E0908 07:05:05.078000 15816 site-packages\torch\_subclasses\fake_tensor.py:3212] [8/0]   File "C:\Users\clm\AppData\Local\Python\pythoncore-3.14-64\Lib\site-packages\torch\_ops.py", line 916, in __call__
E0908 07:05:05.078000 15816 site-packages\torch\_subclasses\fake_tensor.py:3212] [8/0]     return self._op(*args, **kwargs)
E0908 07:05:05.078000 15816 site-packages\torch\_subclasses\fake_tensor.py:3212] [8/0]            ~~~~~~~~^^^^^^^^^^^^^^^^^
E0908 07:05:05.078000 15816 site-packages\torch\_subclasses\fake_tensor.py:3212] [8/0]   File "C:\Users\clm\AppData\Local\Python\pythoncore-3.14-64\Lib\site-packages\torch\_refs\__init__.py", line 3217, in expand
E0908 07:05:05.078000 15816 site-packages\torch\_subclasses\fake_tensor.py:3212] [8/0]     torch._check(
E0908 07:05:05.078000 15816 site-packages\torch\_subclasses\fake_tensor.py:3212] [8/0]     ~~~~~~~~~~~~^
E0908 07:05:05.078000 15816 site-packages\torch\_subclasses\fake_tensor.py:3212] [8/0]         sym_or(x == 1, requested_length == x),
E0908 07:05:05.078000 15816 site-packages\torch\_subclasses\fake_tensor.py:3212] [8/0]         ^^^^^^^^^^^^^^^^^^^^^^^^^^^^^^^^^^^^^^
E0908 07:05:05.078000 15816 site-packages\torch\_subclasses\fake_tensor.py:3212] [8/0]         lambda: f"expand: attempting to expand a dimension of length {x} -> {requested_length}!",
E0908 07:05:05.078000 15816 site-packages\torch\_subclasses\fake_tensor.py:3212] [8/0]         ^^^^^^^^^^^^^^^^^^^^^^^^^^^^^^^^^^^^^^^^^^^^^^^^^^^^^^^^^^^^^^^^^^^^^^^^^^^^^^^^^^^^^^^^^
E0908 07:05:05.078000 15816 site-packages\torch\_subclasses\fake_tensor.py:3212] [8/0]     )
E0908 07:05:05.078000 15816 site-packages\torch\_subclasses\fake_tensor.py:3212] [8/0]     ^
E0908 07:05:05.078000 15816 site-packages\torch\_subclasses\fake_tensor.py:3212] [8/0]   File "C:\Users\clm\AppData\Local\Python\pythoncore-3.14-64\Lib\site-packages\torch\__init__.py", line 2140, in _check
E0908 07:05:05.078000 15816 site-packages\torch\_subclasses\fake_tensor.py:3212] [8/0]     _check_with(RuntimeError, cond, message)
E0908 07:05:05.078000 15816 site-packages\torch\_subclasses\fake_tensor.py:3212] [8/0]     ~~~~~~~~~~~^^^^^^^^^^^^^^^^^^^^^^^^^^^^^
E0908 07:05:05.078000 15816 site-packages\torch\_subclasses\fake_tensor.py:3212] [8/0]   File "C:\Users\clm\AppData\Local\Python\pythoncore-3.14-64\Lib\site-packages\torch\__init__.py", line 2118, in _check_with
E0908 07:05:05.078000 15816 site-packages\torch\_subclasses\fake_tensor.py:3212] [8/0]     raise error_type(message_evaluated)
E0908 07:05:05.078000 15816 site-packages\torch\_subclasses\fake_tensor.py:3212] [8/0] RuntimeError: expand: attempting to expand a dimension of length 33 -> 1!
E0908 07:05:07.877000 15816 site-packages\torch\_subclasses\fake_tensor.py:3212] [8/0] failed while attempting to run meta for aten.expand.default
E0908 07:05:07.877000 15816 site-packages\torch\_subclasses\fake_tensor.py:3212] [8/0] Traceback (most recent call last):
E0908 07:05:07.877000 15816 site-packages\torch\_subclasses\fake_tensor.py:3212] [8/0]   File "C:\Users\clm\AppData\Local\Python\pythoncore-3.14-64\Lib\site-packages\torch\_subclasses\fake_tensor.py", line 3208, in _dispatch_impl
E0908 07:05:07.877000 15816 site-packages\torch\_subclasses\fake_tensor.py:3212] [8/0]     r = func(*args, **kwargs)
E0908 07:05:07.877000 15816 site-packages\torch\_subclasses\fake_tensor.py:3212] [8/0]   File "C:\Users\clm\AppData\Local\Python\pythoncore-3.14-64\Lib\site-packages\torch\_ops.py", line 916, in __call__
E0908 07:05:07.877000 15816 site-packages\torch\_subclasses\fake_tensor.py:3212] [8/0]     return self._op(*args, **kwargs)
E0908 07:05:07.877000 15816 site-packages\torch\_subclasses\fake_tensor.py:3212] [8/0]            ~~~~~~~~^^^^^^^^^^^^^^^^^
E0908 07:05:07.877000 15816 site-packages\torch\_subclasses\fake_tensor.py:3212] [8/0]   File "C:\Users\clm\AppData\Local\Python\pythoncore-3.14-64\Lib\site-packages\torch\_refs\__init__.py", line 3217, in expand
E0908 07:05:07.877000 15816 site-packages\torch\_subclasses\fake_tensor.py:3212] [8/0]     torch._check(
E0908 07:05:07.877000 15816 site-packages\torch\_subclasses\fake_tensor.py:3212] [8/0]     ~~~~~~~~~~~~^
E0908 07:05:07.877000 15816 site-packages\torch\_subclasses\fake_tensor.py:3212] [8/0]         sym_or(x == 1, requested_length == x),
E0908 07:05:07.877000 15816 site-packages\torch\_subclasses\fake_tensor.py:3212] [8/0]         ^^^^^^^^^^^^^^^^^^^^^^^^^^^^^^^^^^^^^^
E0908 07:05:07.877000 15816 site-packages\torch\_subclasses\fake_tensor.py:3212] [8/0]         lambda: f"expand: attempting to expand a dimension of length {x} -> {requested_length}!",
E0908 07:05:07.877000 15816 site-packages\torch\_subclasses\fake_tensor.py:3212] [8/0]         ^^^^^^^^^^^^^^^^^^^^^^^^^^^^^^^^^^^^^^^^^^^^^^^^^^^^^^^^^^^^^^^^^^^^^^^^^^^^^^^^^^^^^^^^^
E0908 07:05:07.877000 15816 site-packages\torch\_subclasses\fake_tensor.py:3212] [8/0]     )
E0908 07:05:07.877000 15816 site-packages\torch\_subclasses\fake_tensor.py:3212] [8/0]     ^
E0908 07:05:07.877000 15816 site-packages\torch\_subclasses\fake_tensor.py:3212] [8/0]   File "C:\Users\clm\AppData\Local\Python\pythoncore-3.14-64\Lib\site-packages\torch\__init__.py", line 2140, in _check
E0908 07:05:07.877000 15816 site-packages\torch\_subclasses\fake_tensor.py:3212] [8/0]     _check_with(RuntimeError, cond, message)
E0908 07:05:07.877000 15816 site-packages\torch\_subclasses\fake_tensor.py:3212] [8/0]     ~~~~~~~~~~~^^^^^^^^^^^^^^^^^^^^^^^^^^^^^
E0908 07:05:07.877000 15816 site-packages\torch\_subclasses\fake_tensor.py:3212] [8/0]   File "C:\Users\clm\AppData\Local\Python\pythoncore-3.14-64\Lib\site-packages\torch\__init__.py", line 2118, in _check_with
E0908 07:05:07.877000 15816 site-packages\torch\_subclasses\fake_tensor.py:3212] [8/0]     raise error_type(message_evaluated)
E0908 07:05:07.877000 15816 site-packages\torch\_subclasses\fake_tensor.py:3212] [8/0] RuntimeError: expand: attempting to expand a dimension of length 33 -> 1!
E0908 07:05:08.407000 15816 site-packages\torch\_subclasses\fake_tensor.py:3212] [8/0] failed while attempting to run meta for aten.expand.default
E0908 07:05:08.407000 15816 site-packages\torch\_subclasses\fake_tensor.py:3212] [8/0] Traceback (most recent call last):
E0908 07:05:08.407000 15816 site-packages\torch\_subclasses\fake_tensor.py:3212] [8/0]   File "C:\Users\clm\AppData\Local\Python\pythoncore-3.14-64\Lib\site-packages\torch\_subclasses\fake_tensor.py", line 3208, in _dispatch_impl
E0908 07:05:08.407000 15816 site-packages\torch\_subclasses\fake_tensor.py:3212] [8/0]     r = func(*args, **kwargs)
E0908 07:05:08.407000 15816 site-packages\torch\_subclasses\fake_tensor.py:3212] [8/0]   File "C:\Users\clm\AppData\Local\Python\pythoncore-3.14-64\Lib\site-packages\torch\_ops.py", line 916, in __call__
E0908 07:05:08.407000 15816 site-packages\torch\_subclasses\fake_tensor.py:3212] [8/0]     return self._op(*args, **kwargs)
E0908 07:05:08.407000 15816 site-packages\torch\_subclasses\fake_tensor.py:3212] [8/0]            ~~~~~~~~^^^^^^^^^^^^^^^^^
E0908 07:05:08.407000 15816 site-packages\torch\_subclasses\fake_tensor.py:3212] [8/0]   File "C:\Users\clm\AppData\Local\Python\pythoncore-3.14-64\Lib\site-packages\torch\_refs\__init__.py", line 3217, in expand
E0908 07:05:08.407000 15816 site-packages\torch\_subclasses\fake_tensor.py:3212] [8/0]     torch._check(
E0908 07:05:08.407000 15816 site-packages\torch\_subclasses\fake_tensor.py:3212] [8/0]     ~~~~~~~~~~~~^
E0908 07:05:08.407000 15816 site-packages\torch\_subclasses\fake_tensor.py:3212] [8/0]         sym_or(x == 1, requested_length == x),
E0908 07:05:08.407000 15816 site-packages\torch\_subclasses\fake_tensor.py:3212] [8/0]         ^^^^^^^^^^^^^^^^^^^^^^^^^^^^^^^^^^^^^^
E0908 07:05:08.407000 15816 site-packages\torch\_subclasses\fake_tensor.py:3212] [8/0]         lambda: f"expand: attempting to expand a dimension of length {x} -> {requested_length}!",
E0908 07:05:08.407000 15816 site-packages\torch\_subclasses\fake_tensor.py:3212] [8/0]         ^^^^^^^^^^^^^^^^^^^^^^^^^^^^^^^^^^^^^^^^^^^^^^^^^^^^^^^^^^^^^^^^^^^^^^^^^^^^^^^^^^^^^^^^^
E0908 07:05:08.407000 15816 site-packages\torch\_subclasses\fake_tensor.py:3212] [8/0]     )
E0908 07:05:08.407000 15816 site-packages\torch\_subclasses\fake_tensor.py:3212] [8/0]     ^
E0908 07:05:08.407000 15816 site-packages\torch\_subclasses\fake_tensor.py:3212] [8/0]   File "C:\Users\clm\AppData\Local\Python\pythoncore-3.14-64\Lib\site-packages\torch\__init__.py", line 2140, in _check
E0908 07:05:08.407000 15816 site-packages\torch\_subclasses\fake_tensor.py:3212] [8/0]     _check_with(RuntimeError, cond, message)
E0908 07:05:08.407000 15816 site-packages\torch\_subclasses\fake_tensor.py:3212] [8/0]     ~~~~~~~~~~~^^^^^^^^^^^^^^^^^^^^^^^^^^^^^
E0908 07:05:08.407000 15816 site-packages\torch\_subclasses\fake_tensor.py:3212] [8/0]   File "C:\Users\clm\AppData\Local\Python\pythoncore-3.14-64\Lib\site-packages\torch\__init__.py", line 2118, in _check_with
E0908 07:05:08.407000 15816 site-packages\torch\_subclasses\fake_tensor.py:3212] [8/0]     raise error_type(message_evaluated)
E0908 07:05:08.407000 15816 site-packages\torch\_subclasses\fake_tensor.py:3212] [8/0] RuntimeError: expand: attempting to expand a dimension of length 33 -> 1!
E0908 07:05:08.955000 15816 site-packages\torch\_subclasses\fake_tensor.py:3212] [8/0] failed while attempting to run meta for aten.expand.default
E0908 07:05:08.955000 15816 site-packages\torch\_subclasses\fake_tensor.py:3212] [8/0] Traceback (most recent call last):
E0908 07:05:08.955000 15816 site-packages\torch\_subclasses\fake_tensor.py:3212] [8/0]   File "C:\Users\clm\AppData\Local\Python\pythoncore-3.14-64\Lib\site-packages\torch\_subclasses\fake_tensor.py", line 3208, in _dispatch_impl
E0908 07:05:08.955000 15816 site-packages\torch\_subclasses\fake_tensor.py:3212] [8/0]     r = func(*args, **kwargs)
E0908 07:05:08.955000 15816 site-packages\torch\_subclasses\fake_tensor.py:3212] [8/0]   File "C:\Users\clm\AppData\Local\Python\pythoncore-3.14-64\Lib\site-packages\torch\_ops.py", line 916, in __call__
E0908 07:05:08.955000 15816 site-packages\torch\_subclasses\fake_tensor.py:3212] [8/0]     return self._op(*args, **kwargs)
E0908 07:05:08.955000 15816 site-packages\torch\_subclasses\fake_tensor.py:3212] [8/0]            ~~~~~~~~^^^^^^^^^^^^^^^^^
E0908 07:05:08.955000 15816 site-packages\torch\_subclasses\fake_tensor.py:3212] [8/0]   File "C:\Users\clm\AppData\Local\Python\pythoncore-3.14-64\Lib\site-packages\torch\_refs\__init__.py", line 3217, in expand
E0908 07:05:08.955000 15816 site-packages\torch\_subclasses\fake_tensor.py:3212] [8/0]     torch._check(
E0908 07:05:08.955000 15816 site-packages\torch\_subclasses\fake_tensor.py:3212] [8/0]     ~~~~~~~~~~~~^
E0908 07:05:08.955000 15816 site-packages\torch\_subclasses\fake_tensor.py:3212] [8/0]         sym_or(x == 1, requested_length == x),
E0908 07:05:08.955000 15816 site-packages\torch\_subclasses\fake_tensor.py:3212] [8/0]         ^^^^^^^^^^^^^^^^^^^^^^^^^^^^^^^^^^^^^^
E0908 07:05:08.955000 15816 site-packages\torch\_subclasses\fake_tensor.py:3212] [8/0]         lambda: f"expand: attempting to expand a dimension of length {x} -> {requested_length}!",
E0908 07:05:08.955000 15816 site-packages\torch\_subclasses\fake_tensor.py:3212] [8/0]         ^^^^^^^^^^^^^^^^^^^^^^^^^^^^^^^^^^^^^^^^^^^^^^^^^^^^^^^^^^^^^^^^^^^^^^^^^^^^^^^^^^^^^^^^^
E0908 07:05:08.955000 15816 site-packages\torch\_subclasses\fake_tensor.py:3212] [8/0]     )
E0908 07:05:08.955000 15816 site-packages\torch\_subclasses\fake_tensor.py:3212] [8/0]     ^
E0908 07:05:08.955000 15816 site-packages\torch\_subclasses\fake_tensor.py:3212] [8/0]   File "C:\Users\clm\AppData\Local\Python\pythoncore-3.14-64\Lib\site-packages\torch\__init__.py", line 2140, in _check
E0908 07:05:08.955000 15816 site-packages\torch\_subclasses\fake_tensor.py:3212] [8/0]     _check_with(RuntimeError, cond, message)
E0908 07:05:08.955000 15816 site-packages\torch\_subclasses\fake_tensor.py:3212] [8/0]     ~~~~~~~~~~~^^^^^^^^^^^^^^^^^^^^^^^^^^^^^
E0908 07:05:08.955000 15816 site-packages\torch\_subclasses\fake_tensor.py:3212] [8/0]   File "C:\Users\clm\AppData\Local\Python\pythoncore-3.14-64\Lib\site-packages\torch\__init__.py", line 2118, in _check_with
E0908 07:05:08.955000 15816 site-packages\torch\_subclasses\fake_tensor.py:3212] [8/0]     raise error_type(message_evaluated)
E0908 07:05:08.955000 15816 site-packages\torch\_subclasses\fake_tensor.py:3212] [8/0] RuntimeError: expand: attempting to expand a dimension of length 33 -> 1!
E0908 07:05:09.572000 15816 site-packages\torch\_subclasses\fake_tensor.py:3212] [8/0] failed while attempting to run meta for aten.expand.default
E0908 07:05:09.572000 15816 site-packages\torch\_subclasses\fake_tensor.py:3212] [8/0] Traceback (most recent call last):
E0908 07:05:09.572000 15816 site-packages\torch\_subclasses\fake_tensor.py:3212] [8/0]   File "C:\Users\clm\AppData\Local\Python\pythoncore-3.14-64\Lib\site-packages\torch\_subclasses\fake_tensor.py", line 3208, in _dispatch_impl
E0908 07:05:09.572000 15816 site-packages\torch\_subclasses\fake_tensor.py:3212] [8/0]     r = func(*args, **kwargs)
E0908 07:05:09.572000 15816 site-packages\torch\_subclasses\fake_tensor.py:3212] [8/0]   File "C:\Users\clm\AppData\Local\Python\pythoncore-3.14-64\Lib\site-packages\torch\_ops.py", line 916, in __call__
E0908 07:05:09.572000 15816 site-packages\torch\_subclasses\fake_tensor.py:3212] [8/0]     return self._op(*args, **kwargs)
E0908 07:05:09.572000 15816 site-packages\torch\_subclasses\fake_tensor.py:3212] [8/0]            ~~~~~~~~^^^^^^^^^^^^^^^^^
E0908 07:05:09.572000 15816 site-packages\torch\_subclasses\fake_tensor.py:3212] [8/0]   File "C:\Users\clm\AppData\Local\Python\pythoncore-3.14-64\Lib\site-packages\torch\_refs\__init__.py", line 3217, in expand
E0908 07:05:09.572000 15816 site-packages\torch\_subclasses\fake_tensor.py:3212] [8/0]     torch._check(
E0908 07:05:09.572000 15816 site-packages\torch\_subclasses\fake_tensor.py:3212] [8/0]     ~~~~~~~~~~~~^
E0908 07:05:09.572000 15816 site-packages\torch\_subclasses\fake_tensor.py:3212] [8/0]         sym_or(x == 1, requested_length == x),
E0908 07:05:09.572000 15816 site-packages\torch\_subclasses\fake_tensor.py:3212] [8/0]         ^^^^^^^^^^^^^^^^^^^^^^^^^^^^^^^^^^^^^^
E0908 07:05:09.572000 15816 site-packages\torch\_subclasses\fake_tensor.py:3212] [8/0]         lambda: f"expand: attempting to expand a dimension of length {x} -> {requested_length}!",
E0908 07:05:09.572000 15816 site-packages\torch\_subclasses\fake_tensor.py:3212] [8/0]         ^^^^^^^^^^^^^^^^^^^^^^^^^^^^^^^^^^^^^^^^^^^^^^^^^^^^^^^^^^^^^^^^^^^^^^^^^^^^^^^^^^^^^^^^^
E0908 07:05:09.572000 15816 site-packages\torch\_subclasses\fake_tensor.py:3212] [8/0]     )
E0908 07:05:09.572000 15816 site-packages\torch\_subclasses\fake_tensor.py:3212] [8/0]     ^
E0908 07:05:09.572000 15816 site-packages\torch\_subclasses\fake_tensor.py:3212] [8/0]   File "C:\Users\clm\AppData\Local\Python\pythoncore-3.14-64\Lib\site-packages\torch\__init__.py", line 2140, in _check
E0908 07:05:09.572000 15816 site-packages\torch\_subclasses\fake_tensor.py:3212] [8/0]     _check_with(RuntimeError, cond, message)
E0908 07:05:09.572000 15816 site-packages\torch\_subclasses\fake_tensor.py:3212] [8/0]     ~~~~~~~~~~~^^^^^^^^^^^^^^^^^^^^^^^^^^^^^
E0908 07:05:09.572000 15816 site-packages\torch\_subclasses\fake_tensor.py:3212] [8/0]   File "C:\Users\clm\AppData\Local\Python\pythoncore-3.14-64\Lib\site-packages\torch\__init__.py", line 2118, in _check_with
E0908 07:05:09.572000 15816 site-packages\torch\_subclasses\fake_tensor.py:3212] [8/0]     raise error_type(message_evaluated)
E0908 07:05:09.572000 15816 site-packages\torch\_subclasses\fake_tensor.py:3212] [8/0] RuntimeError: expand: attempting to expand a dimension of length 33 -> 1!
E0908 07:05:10.055000 15816 site-packages\torch\_subclasses\fake_tensor.py:3212] [8/0] failed while attempting to run meta for aten.expand.default
E0908 07:05:10.055000 15816 site-packages\torch\_subclasses\fake_tensor.py:3212] [8/0] Traceback (most recent call last):
E0908 07:05:10.055000 15816 site-packages\torch\_subclasses\fake_tensor.py:3212] [8/0]   File "C:\Users\clm\AppData\Local\Python\pythoncore-3.14-64\Lib\site-packages\torch\_subclasses\fake_tensor.py", line 3208, in _dispatch_impl
E0908 07:05:10.055000 15816 site-packages\torch\_subclasses\fake_tensor.py:3212] [8/0]     r = func(*args, **kwargs)
E0908 07:05:10.055000 15816 site-packages\torch\_subclasses\fake_tensor.py:3212] [8/0]   File "C:\Users\clm\AppData\Local\Python\pythoncore-3.14-64\Lib\site-packages\torch\_ops.py", line 916, in __call__
E0908 07:05:10.055000 15816 site-packages\torch\_subclasses\fake_tensor.py:3212] [8/0]     return self._op(*args, **kwargs)
E0908 07:05:10.055000 15816 site-packages\torch\_subclasses\fake_tensor.py:3212] [8/0]            ~~~~~~~~^^^^^^^^^^^^^^^^^
E0908 07:05:10.055000 15816 site-packages\torch\_subclasses\fake_tensor.py:3212] [8/0]   File "C:\Users\clm\AppData\Local\Python\pythoncore-3.14-64\Lib\site-packages\torch\_refs\__init__.py", line 3217, in expand
E0908 07:05:10.055000 15816 site-packages\torch\_subclasses\fake_tensor.py:3212] [8/0]     torch._check(
E0908 07:05:10.055000 15816 site-packages\torch\_subclasses\fake_tensor.py:3212] [8/0]     ~~~~~~~~~~~~^
E0908 07:05:10.055000 15816 site-packages\torch\_subclasses\fake_tensor.py:3212] [8/0]         sym_or(x == 1, requested_length == x),
E0908 07:05:10.055000 15816 site-packages\torch\_subclasses\fake_tensor.py:3212] [8/0]         ^^^^^^^^^^^^^^^^^^^^^^^^^^^^^^^^^^^^^^
E0908 07:05:10.055000 15816 site-packages\torch\_subclasses\fake_tensor.py:3212] [8/0]         lambda: f"expand: attempting to expand a dimension of length {x} -> {requested_length}!",
E0908 07:05:10.055000 15816 site-packages\torch\_subclasses\fake_tensor.py:3212] [8/0]         ^^^^^^^^^^^^^^^^^^^^^^^^^^^^^^^^^^^^^^^^^^^^^^^^^^^^^^^^^^^^^^^^^^^^^^^^^^^^^^^^^^^^^^^^^
E0908 07:05:10.055000 15816 site-packages\torch\_subclasses\fake_tensor.py:3212] [8/0]     )
E0908 07:05:10.055000 15816 site-packages\torch\_subclasses\fake_tensor.py:3212] [8/0]     ^
E0908 07:05:10.055000 15816 site-packages\torch\_subclasses\fake_tensor.py:3212] [8/0]   File "C:\Users\clm\AppData\Local\Python\pythoncore-3.14-64\Lib\site-packages\torch\__init__.py", line 2140, in _check
E0908 07:05:10.055000 15816 site-packages\torch\_subclasses\fake_tensor.py:3212] [8/0]     _check_with(RuntimeError, cond, message)
E0908 07:05:10.055000 15816 site-packages\torch\_subclasses\fake_tensor.py:3212] [8/0]     ~~~~~~~~~~~^^^^^^^^^^^^^^^^^^^^^^^^^^^^^
E0908 07:05:10.055000 15816 site-packages\torch\_subclasses\fake_tensor.py:3212] [8/0]   File "C:\Users\clm\AppData\Local\Python\pythoncore-3.14-64\Lib\site-packages\torch\__init__.py", line 2118, in _check_with
E0908 07:05:10.055000 15816 site-packages\torch\_subclasses\fake_tensor.py:3212] [8/0]     raise error_type(message_evaluated)
E0908 07:05:10.055000 15816 site-packages\torch\_subclasses\fake_tensor.py:3212] [8/0] RuntimeError: expand: attempting to expand a dimension of length 33 -> 1!
E0908 07:05:10.564000 15816 site-packages\torch\_subclasses\fake_tensor.py:3212] [8/0] failed while attempting to run meta for aten.expand.default
E0908 07:05:10.564000 15816 site-packages\torch\_subclasses\fake_tensor.py:3212] [8/0] Traceback (most recent call last):
E0908 07:05:10.564000 15816 site-packages\torch\_subclasses\fake_tensor.py:3212] [8/0]   File "C:\Users\clm\AppData\Local\Python\pythoncore-3.14-64\Lib\site-packages\torch\_subclasses\fake_tensor.py", line 3208, in _dispatch_impl
E0908 07:05:10.564000 15816 site-packages\torch\_subclasses\fake_tensor.py:3212] [8/0]     r = func(*args, **kwargs)
E0908 07:05:10.564000 15816 site-packages\torch\_subclasses\fake_tensor.py:3212] [8/0]   File "C:\Users\clm\AppData\Local\Python\pythoncore-3.14-64\Lib\site-packages\torch\_ops.py", line 916, in __call__
E0908 07:05:10.564000 15816 site-packages\torch\_subclasses\fake_tensor.py:3212] [8/0]     return self._op(*args, **kwargs)
E0908 07:05:10.564000 15816 site-packages\torch\_subclasses\fake_tensor.py:3212] [8/0]            ~~~~~~~~^^^^^^^^^^^^^^^^^
E0908 07:05:10.564000 15816 site-packages\torch\_subclasses\fake_tensor.py:3212] [8/0]   File "C:\Users\clm\AppData\Local\Python\pythoncore-3.14-64\Lib\site-packages\torch\_refs\__init__.py", line 3217, in expand
E0908 07:05:10.564000 15816 site-packages\torch\_subclasses\fake_tensor.py:3212] [8/0]     torch._check(
E0908 07:05:10.564000 15816 site-packages\torch\_subclasses\fake_tensor.py:3212] [8/0]     ~~~~~~~~~~~~^
E0908 07:05:10.564000 15816 site-packages\torch\_subclasses\fake_tensor.py:3212] [8/0]         sym_or(x == 1, requested_length == x),
E0908 07:05:10.564000 15816 site-packages\torch\_subclasses\fake_tensor.py:3212] [8/0]         ^^^^^^^^^^^^^^^^^^^^^^^^^^^^^^^^^^^^^^
E0908 07:05:10.564000 15816 site-packages\torch\_subclasses\fake_tensor.py:3212] [8/0]         lambda: f"expand: attempting to expand a dimension of length {x} -> {requested_length}!",
E0908 07:05:10.564000 15816 site-packages\torch\_subclasses\fake_tensor.py:3212] [8/0]         ^^^^^^^^^^^^^^^^^^^^^^^^^^^^^^^^^^^^^^^^^^^^^^^^^^^^^^^^^^^^^^^^^^^^^^^^^^^^^^^^^^^^^^^^^
E0908 07:05:10.564000 15816 site-packages\torch\_subclasses\fake_tensor.py:3212] [8/0]     )
E0908 07:05:10.564000 15816 site-packages\torch\_subclasses\fake_tensor.py:3212] [8/0]     ^
E0908 07:05:10.564000 15816 site-packages\torch\_subclasses\fake_tensor.py:3212] [8/0]   File "C:\Users\clm\AppData\Local\Python\pythoncore-3.14-64\Lib\site-packages\torch\__init__.py", line 2140, in _check
E0908 07:05:10.564000 15816 site-packages\torch\_subclasses\fake_tensor.py:3212] [8/0]     _check_with(RuntimeError, cond, message)
E0908 07:05:10.564000 15816 site-packages\torch\_subclasses\fake_tensor.py:3212] [8/0]     ~~~~~~~~~~~^^^^^^^^^^^^^^^^^^^^^^^^^^^^^
E0908 07:05:10.564000 15816 site-packages\torch\_subclasses\fake_tensor.py:3212] [8/0]   File "C:\Users\clm\AppData\Local\Python\pythoncore-3.14-64\Lib\site-packages\torch\__init__.py", line 2118, in _check_with
E0908 07:05:10.564000 15816 site-packages\torch\_subclasses\fake_tensor.py:3212] [8/0]     raise error_type(message_evaluated)
E0908 07:05:10.564000 15816 site-packages\torch\_subclasses\fake_tensor.py:3212] [8/0] RuntimeError: expand: attempting to expand a dimension of length 33 -> 1!
E0908 07:05:11.157000 15816 site-packages\torch\_subclasses\fake_tensor.py:3212] [8/0] failed while attempting to run meta for aten.expand.default
E0908 07:05:11.157000 15816 site-packages\torch\_subclasses\fake_tensor.py:3212] [8/0] Traceback (most recent call last):
E0908 07:05:11.157000 15816 site-packages\torch\_subclasses\fake_tensor.py:3212] [8/0]   File "C:\Users\clm\AppData\Local\Python\pythoncore-3.14-64\Lib\site-packages\torch\_subclasses\fake_tensor.py", line 3208, in _dispatch_impl
E0908 07:05:11.157000 15816 site-packages\torch\_subclasses\fake_tensor.py:3212] [8/0]     r = func(*args, **kwargs)
E0908 07:05:11.157000 15816 site-packages\torch\_subclasses\fake_tensor.py:3212] [8/0]   File "C:\Users\clm\AppData\Local\Python\pythoncore-3.14-64\Lib\site-packages\torch\_ops.py", line 916, in __call__
E0908 07:05:11.157000 15816 site-packages\torch\_subclasses\fake_tensor.py:3212] [8/0]     return self._op(*args, **kwargs)
E0908 07:05:11.157000 15816 site-packages\torch\_subclasses\fake_tensor.py:3212] [8/0]            ~~~~~~~~^^^^^^^^^^^^^^^^^
E0908 07:05:11.157000 15816 site-packages\torch\_subclasses\fake_tensor.py:3212] [8/0]   File "C:\Users\clm\AppData\Local\Python\pythoncore-3.14-64\Lib\site-packages\torch\_refs\__init__.py", line 3217, in expand
E0908 07:05:11.157000 15816 site-packages\torch\_subclasses\fake_tensor.py:3212] [8/0]     torch._check(
E0908 07:05:11.157000 15816 site-packages\torch\_subclasses\fake_tensor.py:3212] [8/0]     ~~~~~~~~~~~~^
E0908 07:05:11.157000 15816 site-packages\torch\_subclasses\fake_tensor.py:3212] [8/0]         sym_or(x == 1, requested_length == x),
E0908 07:05:11.157000 15816 site-packages\torch\_subclasses\fake_tensor.py:3212] [8/0]         ^^^^^^^^^^^^^^^^^^^^^^^^^^^^^^^^^^^^^^
E0908 07:05:11.157000 15816 site-packages\torch\_subclasses\fake_tensor.py:3212] [8/0]         lambda: f"expand: attempting to expand a dimension of length {x} -> {requested_length}!",
E0908 07:05:11.157000 15816 site-packages\torch\_subclasses\fake_tensor.py:3212] [8/0]         ^^^^^^^^^^^^^^^^^^^^^^^^^^^^^^^^^^^^^^^^^^^^^^^^^^^^^^^^^^^^^^^^^^^^^^^^^^^^^^^^^^^^^^^^^
E0908 07:05:11.157000 15816 site-packages\torch\_subclasses\fake_tensor.py:3212] [8/0]     )
E0908 07:05:11.157000 15816 site-packages\torch\_subclasses\fake_tensor.py:3212] [8/0]     ^
E0908 07:05:11.157000 15816 site-packages\torch\_subclasses\fake_tensor.py:3212] [8/0]   File "C:\Users\clm\AppData\Local\Python\pythoncore-3.14-64\Lib\site-packages\torch\__init__.py", line 2140, in _check
E0908 07:05:11.157000 15816 site-packages\torch\_subclasses\fake_tensor.py:3212] [8/0]     _check_with(RuntimeError, cond, message)
E0908 07:05:11.157000 15816 site-packages\torch\_subclasses\fake_tensor.py:3212] [8/0]     ~~~~~~~~~~~^^^^^^^^^^^^^^^^^^^^^^^^^^^^^
E0908 07:05:11.157000 15816 site-packages\torch\_subclasses\fake_tensor.py:3212] [8/0]   File "C:\Users\clm\AppData\Local\Python\pythoncore-3.14-64\Lib\site-packages\torch\__init__.py", line 2118, in _check_with
E0908 07:05:11.157000 15816 site-packages\torch\_subclasses\fake_tensor.py:3212] [8/0]     raise error_type(message_evaluated)
E0908 07:05:11.157000 15816 site-packages\torch\_subclasses\fake_tensor.py:3212] [8/0] RuntimeError: expand: attempting to expand a dimension of length 33 -> 1!
  nnsmith_100011           0 candidate(s), 0 submittable, 24 tests, 298 compiles  [75.8s]
  nnsmith_100012           0 candidate(s), 0 submittable, 24 tests, 529 compiles  [99.8s]
  nnsmith_100013           0 candidate(s), 0 submittable, 24 tests, 792 compiles  [154.7s]
  nnsmith_100014           0 candidate(s), 0 submittable, 24 tests, 654 compiles  [130.1s]
E0908 07:12:57.893000 15816 site-packages\torch\_subclasses\fake_tensor.py:3212] [3/0] failed while attempting to run meta for aten.cat.default
E0908 07:12:57.893000 15816 site-packages\torch\_subclasses\fake_tensor.py:3212] [3/0] Traceback (most recent call last):
E0908 07:12:57.893000 15816 site-packages\torch\_subclasses\fake_tensor.py:3212] [3/0]   File "C:\Users\clm\AppData\Local\Python\pythoncore-3.14-64\Lib\site-packages\torch\_subclasses\fake_tensor.py", line 3208, in _dispatch_impl
E0908 07:12:57.893000 15816 site-packages\torch\_subclasses\fake_tensor.py:3212] [3/0]     r = func(*args, **kwargs)
E0908 07:12:57.893000 15816 site-packages\torch\_subclasses\fake_tensor.py:3212] [3/0]   File "C:\Users\clm\AppData\Local\Python\pythoncore-3.14-64\Lib\site-packages\torch\_ops.py", line 916, in __call__
E0908 07:12:57.893000 15816 site-packages\torch\_subclasses\fake_tensor.py:3212] [3/0]     return self._op(*args, **kwargs)
E0908 07:12:57.893000 15816 site-packages\torch\_subclasses\fake_tensor.py:3212] [3/0]            ~~~~~~~~^^^^^^^^^^^^^^^^^
E0908 07:12:57.893000 15816 site-packages\torch\_subclasses\fake_tensor.py:3212] [3/0]   File "C:\Users\clm\AppData\Local\Python\pythoncore-3.14-64\Lib\site-packages\torch\_prims_common\wrappers.py", line 313, in _fn
E0908 07:12:57.893000 15816 site-packages\torch\_subclasses\fake_tensor.py:3212] [3/0]     result = fn(*args, **kwargs)
E0908 07:12:57.893000 15816 site-packages\torch\_subclasses\fake_tensor.py:3212] [3/0]   File "C:\Users\clm\AppData\Local\Python\pythoncore-3.14-64\Lib\site-packages\torch\_compile.py", line 54, in inner
E0908 07:12:57.893000 15816 site-packages\torch\_subclasses\fake_tensor.py:3212] [3/0]     return disable_fn(*args, **kwargs)
E0908 07:12:57.893000 15816 site-packages\torch\_subclasses\fake_tensor.py:3212] [3/0]   File "C:\Users\clm\AppData\Local\Python\pythoncore-3.14-64\Lib\site-packages\torch\_dynamo\eval_frame.py", line 1548, in _fn
E0908 07:12:57.893000 15816 site-packages\torch\_subclasses\fake_tensor.py:3212] [3/0]     return fn(*args, **kwargs)
E0908 07:12:57.893000 15816 site-packages\torch\_subclasses\fake_tensor.py:3212] [3/0]   File "C:\Users\clm\AppData\Local\Python\pythoncore-3.14-64\Lib\site-packages\torch\_prims_common\wrappers.py", line 151, in _fn
E0908 07:12:57.893000 15816 site-packages\torch\_subclasses\fake_tensor.py:3212] [3/0]     result = fn(**bound.arguments)
E0908 07:12:57.893000 15816 site-packages\torch\_subclasses\fake_tensor.py:3212] [3/0]   File "C:\Users\clm\AppData\Local\Python\pythoncore-3.14-64\Lib\site-packages\torch\_refs\__init__.py", line 3027, in cat
E0908 07:12:57.893000 15816 site-packages\torch\_subclasses\fake_tensor.py:3212] [3/0]     return prims.cat(filtered, dim).clone(memory_format=memory_format)
E0908 07:12:57.893000 15816 site-packages\torch\_subclasses\fake_tensor.py:3212] [3/0]            ~~~~~~~~~^^^^^^^^^^^^^^^
E0908 07:12:57.893000 15816 site-packages\torch\_subclasses\fake_tensor.py:3212] [3/0]   File "C:\Users\clm\AppData\Local\Python\pythoncore-3.14-64\Lib\site-packages\torch\_ops.py", line 916, in __call__
E0908 07:12:57.893000 15816 site-packages\torch\_subclasses\fake_tensor.py:3212] [3/0]     return self._op(*args, **kwargs)
E0908 07:12:57.893000 15816 site-packages\torch\_subclasses\fake_tensor.py:3212] [3/0]            ~~~~~~~~^^^^^^^^^^^^^^^^^
E0908 07:12:57.893000 15816 site-packages\torch\_subclasses\fake_tensor.py:3212] [3/0]   File "C:\Users\clm\AppData\Local\Python\pythoncore-3.14-64\Lib\site-packages\torch\_library\fake_impl.py", line 123, in meta_kernel
E0908 07:12:57.893000 15816 site-packages\torch\_subclasses\fake_tensor.py:3212] [3/0]     return fake_impl_holder.kernel(*args, **kwargs)
E0908 07:12:57.893000 15816 site-packages\torch\_subclasses\fake_tensor.py:3212] [3/0]            ~~~~~~~~~~~~~~~~~~~~~~~^^^^^^^^^^^^^^^^^
E0908 07:12:57.893000 15816 site-packages\torch\_subclasses\fake_tensor.py:3212] [3/0]   File "C:\Users\clm\AppData\Local\Python\pythoncore-3.14-64\Lib\site-packages\torch\_library\utils.py", line 23, in __call__
E0908 07:12:57.893000 15816 site-packages\torch\_subclasses\fake_tensor.py:3212] [3/0]     return self.func(*args, **kwargs)
E0908 07:12:57.893000 15816 site-packages\torch\_subclasses\fake_tensor.py:3212] [3/0]            ~~~~~~~~~^^^^^^^^^^^^^^^^^
E0908 07:12:57.893000 15816 site-packages\torch\_subclasses\fake_tensor.py:3212] [3/0]   File "C:\Users\clm\AppData\Local\Python\pythoncore-3.14-64\Lib\site-packages\torch\library.py", line 1651, in inner
E0908 07:12:57.893000 15816 site-packages\torch\_subclasses\fake_tensor.py:3212] [3/0]     return func(*args, **kwargs)
E0908 07:12:57.893000 15816 site-packages\torch\_subclasses\fake_tensor.py:3212] [3/0]   File "C:\Users\clm\AppData\Local\Python\pythoncore-3.14-64\Lib\site-packages\torch\_library\custom_ops.py", line 785, in fake_impl
E0908 07:12:57.893000 15816 site-packages\torch\_subclasses\fake_tensor.py:3212] [3/0]     return self._abstract_fn(*args, **kwargs)
E0908 07:12:57.893000 15816 site-packages\torch\_subclasses\fake_tensor.py:3212] [3/0]            ~~~~~~~~~~~~~~~~~^^^^^^^^^^^^^^^^^
E0908 07:12:57.893000 15816 site-packages\torch\_subclasses\fake_tensor.py:3212] [3/0]   File "C:\Users\clm\AppData\Local\Python\pythoncore-3.14-64\Lib\site-packages\torch\_prims\__init__.py", line 1879, in _cat_meta
E0908 07:12:57.893000 15816 site-packages\torch\_subclasses\fake_tensor.py:3212] [3/0]     torch._check(
E0908 07:12:57.893000 15816 site-packages\torch\_subclasses\fake_tensor.py:3212] [3/0]     ~~~~~~~~~~~~^
E0908 07:12:57.893000 15816 site-packages\torch\_subclasses\fake_tensor.py:3212] [3/0]         length == common_length,
E0908 07:12:57.893000 15816 site-packages\torch\_subclasses\fake_tensor.py:3212] [3/0]         ^^^^^^^^^^^^^^^^^^^^^^^^
E0908 07:12:57.893000 15816 site-packages\torch\_subclasses\fake_tensor.py:3212] [3/0]     ...<2 lines>...
E0908 07:12:57.893000 15816 site-packages\torch\_subclasses\fake_tensor.py:3212] [3/0]         f"{tensor_idx} in the list",
E0908 07:12:57.893000 15816 site-packages\torch\_subclasses\fake_tensor.py:3212] [3/0]         ^^^^^^^^^^^^^^^^^^^^^^^^^^^^
E0908 07:12:57.893000 15816 site-packages\torch\_subclasses\fake_tensor.py:3212] [3/0]     )
E0908 07:12:57.893000 15816 site-packages\torch\_subclasses\fake_tensor.py:3212] [3/0]     ^
E0908 07:12:57.893000 15816 site-packages\torch\_subclasses\fake_tensor.py:3212] [3/0]   File "C:\Users\clm\AppData\Local\Python\pythoncore-3.14-64\Lib\site-packages\torch\__init__.py", line 2140, in _check
E0908 07:12:57.893000 15816 site-packages\torch\_subclasses\fake_tensor.py:3212] [3/0]     _check_with(RuntimeError, cond, message)
E0908 07:12:57.893000 15816 site-packages\torch\_subclasses\fake_tensor.py:3212] [3/0]     ~~~~~~~~~~~^^^^^^^^^^^^^^^^^^^^^^^^^^^^^
E0908 07:12:57.893000 15816 site-packages\torch\_subclasses\fake_tensor.py:3212] [3/0]   File "C:\Users\clm\AppData\Local\Python\pythoncore-3.14-64\Lib\site-packages\torch\__init__.py", line 2118, in _check_with
E0908 07:12:57.893000 15816 site-packages\torch\_subclasses\fake_tensor.py:3212] [3/0]     raise error_type(message_evaluated)
E0908 07:12:57.893000 15816 site-packages\torch\_subclasses\fake_tensor.py:3212] [3/0] RuntimeError: Sizes of tensors must match except in dimension 2. Expected 1 in dimension 0 but got 2 for tensor number 1 in the list
E0908 07:12:58.176000 15816 site-packages\torch\_subclasses\fake_tensor.py:3212] [3/0] failed while attempting to run meta for aten.cat.default
E0908 07:12:58.176000 15816 site-packages\torch\_subclasses\fake_tensor.py:3212] [3/0] Traceback (most recent call last):
E0908 07:12:58.176000 15816 site-packages\torch\_subclasses\fake_tensor.py:3212] [3/0]   File "C:\Users\clm\AppData\Local\Python\pythoncore-3.14-64\Lib\site-packages\torch\_subclasses\fake_tensor.py", line 3208, in _dispatch_impl
E0908 07:12:58.176000 15816 site-packages\torch\_subclasses\fake_tensor.py:3212] [3/0]     r = func(*args, **kwargs)
E0908 07:12:58.176000 15816 site-packages\torch\_subclasses\fake_tensor.py:3212] [3/0]   File "C:\Users\clm\AppData\Local\Python\pythoncore-3.14-64\Lib\site-packages\torch\_ops.py", line 916, in __call__
E0908 07:12:58.176000 15816 site-packages\torch\_subclasses\fake_tensor.py:3212] [3/0]     return self._op(*args, **kwargs)
E0908 07:12:58.176000 15816 site-packages\torch\_subclasses\fake_tensor.py:3212] [3/0]            ~~~~~~~~^^^^^^^^^^^^^^^^^
E0908 07:12:58.176000 15816 site-packages\torch\_subclasses\fake_tensor.py:3212] [3/0]   File "C:\Users\clm\AppData\Local\Python\pythoncore-3.14-64\Lib\site-packages\torch\_prims_common\wrappers.py", line 313, in _fn
E0908 07:12:58.176000 15816 site-packages\torch\_subclasses\fake_tensor.py:3212] [3/0]     result = fn(*args, **kwargs)
E0908 07:12:58.176000 15816 site-packages\torch\_subclasses\fake_tensor.py:3212] [3/0]   File "C:\Users\clm\AppData\Local\Python\pythoncore-3.14-64\Lib\site-packages\torch\_compile.py", line 54, in inner
E0908 07:12:58.176000 15816 site-packages\torch\_subclasses\fake_tensor.py:3212] [3/0]     return disable_fn(*args, **kwargs)
E0908 07:12:58.176000 15816 site-packages\torch\_subclasses\fake_tensor.py:3212] [3/0]   File "C:\Users\clm\AppData\Local\Python\pythoncore-3.14-64\Lib\site-packages\torch\_dynamo\eval_frame.py", line 1548, in _fn
E0908 07:12:58.176000 15816 site-packages\torch\_subclasses\fake_tensor.py:3212] [3/0]     return fn(*args, **kwargs)
E0908 07:12:58.176000 15816 site-packages\torch\_subclasses\fake_tensor.py:3212] [3/0]   File "C:\Users\clm\AppData\Local\Python\pythoncore-3.14-64\Lib\site-packages\torch\_prims_common\wrappers.py", line 151, in _fn
E0908 07:12:58.176000 15816 site-packages\torch\_subclasses\fake_tensor.py:3212] [3/0]     result = fn(**bound.arguments)
E0908 07:12:58.176000 15816 site-packages\torch\_subclasses\fake_tensor.py:3212] [3/0]   File "C:\Users\clm\AppData\Local\Python\pythoncore-3.14-64\Lib\site-packages\torch\_refs\__init__.py", line 3027, in cat
E0908 07:12:58.176000 15816 site-packages\torch\_subclasses\fake_tensor.py:3212] [3/0]     return prims.cat(filtered, dim).clone(memory_format=memory_format)
E0908 07:12:58.176000 15816 site-packages\torch\_subclasses\fake_tensor.py:3212] [3/0]            ~~~~~~~~~^^^^^^^^^^^^^^^
E0908 07:12:58.176000 15816 site-packages\torch\_subclasses\fake_tensor.py:3212] [3/0]   File "C:\Users\clm\AppData\Local\Python\pythoncore-3.14-64\Lib\site-packages\torch\_ops.py", line 916, in __call__
E0908 07:12:58.176000 15816 site-packages\torch\_subclasses\fake_tensor.py:3212] [3/0]     return self._op(*args, **kwargs)
E0908 07:12:58.176000 15816 site-packages\torch\_subclasses\fake_tensor.py:3212] [3/0]            ~~~~~~~~^^^^^^^^^^^^^^^^^
E0908 07:12:58.176000 15816 site-packages\torch\_subclasses\fake_tensor.py:3212] [3/0]   File "C:\Users\clm\AppData\Local\Python\pythoncore-3.14-64\Lib\site-packages\torch\_library\fake_impl.py", line 123, in meta_kernel
E0908 07:12:58.176000 15816 site-packages\torch\_subclasses\fake_tensor.py:3212] [3/0]     return fake_impl_holder.kernel(*args, **kwargs)
E0908 07:12:58.176000 15816 site-packages\torch\_subclasses\fake_tensor.py:3212] [3/0]            ~~~~~~~~~~~~~~~~~~~~~~~^^^^^^^^^^^^^^^^^
E0908 07:12:58.176000 15816 site-packages\torch\_subclasses\fake_tensor.py:3212] [3/0]   File "C:\Users\clm\AppData\Local\Python\pythoncore-3.14-64\Lib\site-packages\torch\_library\utils.py", line 23, in __call__
E0908 07:12:58.176000 15816 site-packages\torch\_subclasses\fake_tensor.py:3212] [3/0]     return self.func(*args, **kwargs)
E0908 07:12:58.176000 15816 site-packages\torch\_subclasses\fake_tensor.py:3212] [3/0]            ~~~~~~~~~^^^^^^^^^^^^^^^^^
E0908 07:12:58.176000 15816 site-packages\torch\_subclasses\fake_tensor.py:3212] [3/0]   File "C:\Users\clm\AppData\Local\Python\pythoncore-3.14-64\Lib\site-packages\torch\library.py", line 1651, in inner
E0908 07:12:58.176000 15816 site-packages\torch\_subclasses\fake_tensor.py:3212] [3/0]     return func(*args, **kwargs)
E0908 07:12:58.176000 15816 site-packages\torch\_subclasses\fake_tensor.py:3212] [3/0]   File "C:\Users\clm\AppData\Local\Python\pythoncore-3.14-64\Lib\site-packages\torch\_library\custom_ops.py", line 785, in fake_impl
E0908 07:12:58.176000 15816 site-packages\torch\_subclasses\fake_tensor.py:3212] [3/0]     return self._abstract_fn(*args, **kwargs)
E0908 07:12:58.176000 15816 site-packages\torch\_subclasses\fake_tensor.py:3212] [3/0]            ~~~~~~~~~~~~~~~~~^^^^^^^^^^^^^^^^^
E0908 07:12:58.176000 15816 site-packages\torch\_subclasses\fake_tensor.py:3212] [3/0]   File "C:\Users\clm\AppData\Local\Python\pythoncore-3.14-64\Lib\site-packages\torch\_prims\__init__.py", line 1879, in _cat_meta
E0908 07:12:58.176000 15816 site-packages\torch\_subclasses\fake_tensor.py:3212] [3/0]     torch._check(
E0908 07:12:58.176000 15816 site-packages\torch\_subclasses\fake_tensor.py:3212] [3/0]     ~~~~~~~~~~~~^
E0908 07:12:58.176000 15816 site-packages\torch\_subclasses\fake_tensor.py:3212] [3/0]         length == common_length,
E0908 07:12:58.176000 15816 site-packages\torch\_subclasses\fake_tensor.py:3212] [3/0]         ^^^^^^^^^^^^^^^^^^^^^^^^
E0908 07:12:58.176000 15816 site-packages\torch\_subclasses\fake_tensor.py:3212] [3/0]     ...<2 lines>...
E0908 07:12:58.176000 15816 site-packages\torch\_subclasses\fake_tensor.py:3212] [3/0]         f"{tensor_idx} in the list",
E0908 07:12:58.176000 15816 site-packages\torch\_subclasses\fake_tensor.py:3212] [3/0]         ^^^^^^^^^^^^^^^^^^^^^^^^^^^^
E0908 07:12:58.176000 15816 site-packages\torch\_subclasses\fake_tensor.py:3212] [3/0]     )
E0908 07:12:58.176000 15816 site-packages\torch\_subclasses\fake_tensor.py:3212] [3/0]     ^
E0908 07:12:58.176000 15816 site-packages\torch\_subclasses\fake_tensor.py:3212] [3/0]   File "C:\Users\clm\AppData\Local\Python\pythoncore-3.14-64\Lib\site-packages\torch\__init__.py", line 2140, in _check
E0908 07:12:58.176000 15816 site-packages\torch\_subclasses\fake_tensor.py:3212] [3/0]     _check_with(RuntimeError, cond, message)
E0908 07:12:58.176000 15816 site-packages\torch\_subclasses\fake_tensor.py:3212] [3/0]     ~~~~~~~~~~~^^^^^^^^^^^^^^^^^^^^^^^^^^^^^
E0908 07:12:58.176000 15816 site-packages\torch\_subclasses\fake_tensor.py:3212] [3/0]   File "C:\Users\clm\AppData\Local\Python\pythoncore-3.14-64\Lib\site-packages\torch\__init__.py", line 2118, in _check_with
E0908 07:12:58.176000 15816 site-packages\torch\_subclasses\fake_tensor.py:3212] [3/0]     raise error_type(message_evaluated)
E0908 07:12:58.176000 15816 site-packages\torch\_subclasses\fake_tensor.py:3212] [3/0] RuntimeError: Sizes of tensors must match except in dimension 2. Expected 1 in dimension 0 but got 2 for tensor number 1 in the list
E0908 07:12:58.388000 15816 site-packages\torch\_subclasses\fake_tensor.py:3212] [3/0] failed while attempting to run meta for aten.cat.default
E0908 07:12:58.388000 15816 site-packages\torch\_subclasses\fake_tensor.py:3212] [3/0] Traceback (most recent call last):
E0908 07:12:58.388000 15816 site-packages\torch\_subclasses\fake_tensor.py:3212] [3/0]   File "C:\Users\clm\AppData\Local\Python\pythoncore-3.14-64\Lib\site-packages\torch\_subclasses\fake_tensor.py", line 3208, in _dispatch_impl
E0908 07:12:58.388000 15816 site-packages\torch\_subclasses\fake_tensor.py:3212] [3/0]     r = func(*args, **kwargs)
E0908 07:12:58.388000 15816 site-packages\torch\_subclasses\fake_tensor.py:3212] [3/0]   File "C:\Users\clm\AppData\Local\Python\pythoncore-3.14-64\Lib\site-packages\torch\_ops.py", line 916, in __call__
E0908 07:12:58.388000 15816 site-packages\torch\_subclasses\fake_tensor.py:3212] [3/0]     return self._op(*args, **kwargs)
E0908 07:12:58.388000 15816 site-packages\torch\_subclasses\fake_tensor.py:3212] [3/0]            ~~~~~~~~^^^^^^^^^^^^^^^^^
E0908 07:12:58.388000 15816 site-packages\torch\_subclasses\fake_tensor.py:3212] [3/0]   File "C:\Users\clm\AppData\Local\Python\pythoncore-3.14-64\Lib\site-packages\torch\_prims_common\wrappers.py", line 313, in _fn
E0908 07:12:58.388000 15816 site-packages\torch\_subclasses\fake_tensor.py:3212] [3/0]     result = fn(*args, **kwargs)
E0908 07:12:58.388000 15816 site-packages\torch\_subclasses\fake_tensor.py:3212] [3/0]   File "C:\Users\clm\AppData\Local\Python\pythoncore-3.14-64\Lib\site-packages\torch\_compile.py", line 54, in inner
E0908 07:12:58.388000 15816 site-packages\torch\_subclasses\fake_tensor.py:3212] [3/0]     return disable_fn(*args, **kwargs)
E0908 07:12:58.388000 15816 site-packages\torch\_subclasses\fake_tensor.py:3212] [3/0]   File "C:\Users\clm\AppData\Local\Python\pythoncore-3.14-64\Lib\site-packages\torch\_dynamo\eval_frame.py", line 1548, in _fn
E0908 07:12:58.388000 15816 site-packages\torch\_subclasses\fake_tensor.py:3212] [3/0]     return fn(*args, **kwargs)
E0908 07:12:58.388000 15816 site-packages\torch\_subclasses\fake_tensor.py:3212] [3/0]   File "C:\Users\clm\AppData\Local\Python\pythoncore-3.14-64\Lib\site-packages\torch\_prims_common\wrappers.py", line 151, in _fn
E0908 07:12:58.388000 15816 site-packages\torch\_subclasses\fake_tensor.py:3212] [3/0]     result = fn(**bound.arguments)
E0908 07:12:58.388000 15816 site-packages\torch\_subclasses\fake_tensor.py:3212] [3/0]   File "C:\Users\clm\AppData\Local\Python\pythoncore-3.14-64\Lib\site-packages\torch\_refs\__init__.py", line 3027, in cat
E0908 07:12:58.388000 15816 site-packages\torch\_subclasses\fake_tensor.py:3212] [3/0]     return prims.cat(filtered, dim).clone(memory_format=memory_format)
E0908 07:12:58.388000 15816 site-packages\torch\_subclasses\fake_tensor.py:3212] [3/0]            ~~~~~~~~~^^^^^^^^^^^^^^^
E0908 07:12:58.388000 15816 site-packages\torch\_subclasses\fake_tensor.py:3212] [3/0]   File "C:\Users\clm\AppData\Local\Python\pythoncore-3.14-64\Lib\site-packages\torch\_ops.py", line 916, in __call__
E0908 07:12:58.388000 15816 site-packages\torch\_subclasses\fake_tensor.py:3212] [3/0]     return self._op(*args, **kwargs)
E0908 07:12:58.388000 15816 site-packages\torch\_subclasses\fake_tensor.py:3212] [3/0]            ~~~~~~~~^^^^^^^^^^^^^^^^^
E0908 07:12:58.388000 15816 site-packages\torch\_subclasses\fake_tensor.py:3212] [3/0]   File "C:\Users\clm\AppData\Local\Python\pythoncore-3.14-64\Lib\site-packages\torch\_library\fake_impl.py", line 123, in meta_kernel
E0908 07:12:58.388000 15816 site-packages\torch\_subclasses\fake_tensor.py:3212] [3/0]     return fake_impl_holder.kernel(*args, **kwargs)
E0908 07:12:58.388000 15816 site-packages\torch\_subclasses\fake_tensor.py:3212] [3/0]            ~~~~~~~~~~~~~~~~~~~~~~~^^^^^^^^^^^^^^^^^
E0908 07:12:58.388000 15816 site-packages\torch\_subclasses\fake_tensor.py:3212] [3/0]   File "C:\Users\clm\AppData\Local\Python\pythoncore-3.14-64\Lib\site-packages\torch\_library\utils.py", line 23, in __call__
E0908 07:12:58.388000 15816 site-packages\torch\_subclasses\fake_tensor.py:3212] [3/0]     return self.func(*args, **kwargs)
E0908 07:12:58.388000 15816 site-packages\torch\_subclasses\fake_tensor.py:3212] [3/0]            ~~~~~~~~~^^^^^^^^^^^^^^^^^
E0908 07:12:58.388000 15816 site-packages\torch\_subclasses\fake_tensor.py:3212] [3/0]   File "C:\Users\clm\AppData\Local\Python\pythoncore-3.14-64\Lib\site-packages\torch\library.py", line 1651, in inner
E0908 07:12:58.388000 15816 site-packages\torch\_subclasses\fake_tensor.py:3212] [3/0]     return func(*args, **kwargs)
E0908 07:12:58.388000 15816 site-packages\torch\_subclasses\fake_tensor.py:3212] [3/0]   File "C:\Users\clm\AppData\Local\Python\pythoncore-3.14-64\Lib\site-packages\torch\_library\custom_ops.py", line 785, in fake_impl
E0908 07:12:58.388000 15816 site-packages\torch\_subclasses\fake_tensor.py:3212] [3/0]     return self._abstract_fn(*args, **kwargs)
E0908 07:12:58.388000 15816 site-packages\torch\_subclasses\fake_tensor.py:3212] [3/0]            ~~~~~~~~~~~~~~~~~^^^^^^^^^^^^^^^^^
E0908 07:12:58.388000 15816 site-packages\torch\_subclasses\fake_tensor.py:3212] [3/0]   File "C:\Users\clm\AppData\Local\Python\pythoncore-3.14-64\Lib\site-packages\torch\_prims\__init__.py", line 1879, in _cat_meta
E0908 07:12:58.388000 15816 site-packages\torch\_subclasses\fake_tensor.py:3212] [3/0]     torch._check(
E0908 07:12:58.388000 15816 site-packages\torch\_subclasses\fake_tensor.py:3212] [3/0]     ~~~~~~~~~~~~^
E0908 07:12:58.388000 15816 site-packages\torch\_subclasses\fake_tensor.py:3212] [3/0]         length == common_length,
E0908 07:12:58.388000 15816 site-packages\torch\_subclasses\fake_tensor.py:3212] [3/0]         ^^^^^^^^^^^^^^^^^^^^^^^^
E0908 07:12:58.388000 15816 site-packages\torch\_subclasses\fake_tensor.py:3212] [3/0]     ...<2 lines>...
E0908 07:12:58.388000 15816 site-packages\torch\_subclasses\fake_tensor.py:3212] [3/0]         f"{tensor_idx} in the list",
E0908 07:12:58.388000 15816 site-packages\torch\_subclasses\fake_tensor.py:3212] [3/0]         ^^^^^^^^^^^^^^^^^^^^^^^^^^^^
E0908 07:12:58.388000 15816 site-packages\torch\_subclasses\fake_tensor.py:3212] [3/0]     )
E0908 07:12:58.388000 15816 site-packages\torch\_subclasses\fake_tensor.py:3212] [3/0]     ^
E0908 07:12:58.388000 15816 site-packages\torch\_subclasses\fake_tensor.py:3212] [3/0]   File "C:\Users\clm\AppData\Local\Python\pythoncore-3.14-64\Lib\site-packages\torch\__init__.py", line 2140, in _check
E0908 07:12:58.388000 15816 site-packages\torch\_subclasses\fake_tensor.py:3212] [3/0]     _check_with(RuntimeError, cond, message)
E0908 07:12:58.388000 15816 site-packages\torch\_subclasses\fake_tensor.py:3212] [3/0]     ~~~~~~~~~~~^^^^^^^^^^^^^^^^^^^^^^^^^^^^^
E0908 07:12:58.388000 15816 site-packages\torch\_subclasses\fake_tensor.py:3212] [3/0]   File "C:\Users\clm\AppData\Local\Python\pythoncore-3.14-64\Lib\site-packages\torch\__init__.py", line 2118, in _check_with
E0908 07:12:58.388000 15816 site-packages\torch\_subclasses\fake_tensor.py:3212] [3/0]     raise error_type(message_evaluated)
E0908 07:12:58.388000 15816 site-packages\torch\_subclasses\fake_tensor.py:3212] [3/0] RuntimeError: Sizes of tensors must match except in dimension 2. Expected 1 in dimension 0 but got 2 for tensor number 1 in the list
E0908 07:12:58.594000 15816 site-packages\torch\_subclasses\fake_tensor.py:3212] [3/0] failed while attempting to run meta for aten.cat.default
E0908 07:12:58.594000 15816 site-packages\torch\_subclasses\fake_tensor.py:3212] [3/0] Traceback (most recent call last):
E0908 07:12:58.594000 15816 site-packages\torch\_subclasses\fake_tensor.py:3212] [3/0]   File "C:\Users\clm\AppData\Local\Python\pythoncore-3.14-64\Lib\site-packages\torch\_subclasses\fake_tensor.py", line 3208, in _dispatch_impl
E0908 07:12:58.594000 15816 site-packages\torch\_subclasses\fake_tensor.py:3212] [3/0]     r = func(*args, **kwargs)
E0908 07:12:58.594000 15816 site-packages\torch\_subclasses\fake_tensor.py:3212] [3/0]   File "C:\Users\clm\AppData\Local\Python\pythoncore-3.14-64\Lib\site-packages\torch\_ops.py", line 916, in __call__
E0908 07:12:58.594000 15816 site-packages\torch\_subclasses\fake_tensor.py:3212] [3/0]     return self._op(*args, **kwargs)
E0908 07:12:58.594000 15816 site-packages\torch\_subclasses\fake_tensor.py:3212] [3/0]            ~~~~~~~~^^^^^^^^^^^^^^^^^
E0908 07:12:58.594000 15816 site-packages\torch\_subclasses\fake_tensor.py:3212] [3/0]   File "C:\Users\clm\AppData\Local\Python\pythoncore-3.14-64\Lib\site-packages\torch\_prims_common\wrappers.py", line 313, in _fn
E0908 07:12:58.594000 15816 site-packages\torch\_subclasses\fake_tensor.py:3212] [3/0]     result = fn(*args, **kwargs)
E0908 07:12:58.594000 15816 site-packages\torch\_subclasses\fake_tensor.py:3212] [3/0]   File "C:\Users\clm\AppData\Local\Python\pythoncore-3.14-64\Lib\site-packages\torch\_compile.py", line 54, in inner
E0908 07:12:58.594000 15816 site-packages\torch\_subclasses\fake_tensor.py:3212] [3/0]     return disable_fn(*args, **kwargs)
E0908 07:12:58.594000 15816 site-packages\torch\_subclasses\fake_tensor.py:3212] [3/0]   File "C:\Users\clm\AppData\Local\Python\pythoncore-3.14-64\Lib\site-packages\torch\_dynamo\eval_frame.py", line 1548, in _fn
E0908 07:12:58.594000 15816 site-packages\torch\_subclasses\fake_tensor.py:3212] [3/0]     return fn(*args, **kwargs)
E0908 07:12:58.594000 15816 site-packages\torch\_subclasses\fake_tensor.py:3212] [3/0]   File "C:\Users\clm\AppData\Local\Python\pythoncore-3.14-64\Lib\site-packages\torch\_prims_common\wrappers.py", line 151, in _fn
E0908 07:12:58.594000 15816 site-packages\torch\_subclasses\fake_tensor.py:3212] [3/0]     result = fn(**bound.arguments)
E0908 07:12:58.594000 15816 site-packages\torch\_subclasses\fake_tensor.py:3212] [3/0]   File "C:\Users\clm\AppData\Local\Python\pythoncore-3.14-64\Lib\site-packages\torch\_refs\__init__.py", line 3027, in cat
E0908 07:12:58.594000 15816 site-packages\torch\_subclasses\fake_tensor.py:3212] [3/0]     return prims.cat(filtered, dim).clone(memory_format=memory_format)
E0908 07:12:58.594000 15816 site-packages\torch\_subclasses\fake_tensor.py:3212] [3/0]            ~~~~~~~~~^^^^^^^^^^^^^^^
E0908 07:12:58.594000 15816 site-packages\torch\_subclasses\fake_tensor.py:3212] [3/0]   File "C:\Users\clm\AppData\Local\Python\pythoncore-3.14-64\Lib\site-packages\torch\_ops.py", line 916, in __call__
E0908 07:12:58.594000 15816 site-packages\torch\_subclasses\fake_tensor.py:3212] [3/0]     return self._op(*args, **kwargs)
E0908 07:12:58.594000 15816 site-packages\torch\_subclasses\fake_tensor.py:3212] [3/0]            ~~~~~~~~^^^^^^^^^^^^^^^^^
E0908 07:12:58.594000 15816 site-packages\torch\_subclasses\fake_tensor.py:3212] [3/0]   File "C:\Users\clm\AppData\Local\Python\pythoncore-3.14-64\Lib\site-packages\torch\_library\fake_impl.py", line 123, in meta_kernel
E0908 07:12:58.594000 15816 site-packages\torch\_subclasses\fake_tensor.py:3212] [3/0]     return fake_impl_holder.kernel(*args, **kwargs)
E0908 07:12:58.594000 15816 site-packages\torch\_subclasses\fake_tensor.py:3212] [3/0]            ~~~~~~~~~~~~~~~~~~~~~~~^^^^^^^^^^^^^^^^^
E0908 07:12:58.594000 15816 site-packages\torch\_subclasses\fake_tensor.py:3212] [3/0]   File "C:\Users\clm\AppData\Local\Python\pythoncore-3.14-64\Lib\site-packages\torch\_library\utils.py", line 23, in __call__
E0908 07:12:58.594000 15816 site-packages\torch\_subclasses\fake_tensor.py:3212] [3/0]     return self.func(*args, **kwargs)
E0908 07:12:58.594000 15816 site-packages\torch\_subclasses\fake_tensor.py:3212] [3/0]            ~~~~~~~~~^^^^^^^^^^^^^^^^^
E0908 07:12:58.594000 15816 site-packages\torch\_subclasses\fake_tensor.py:3212] [3/0]   File "C:\Users\clm\AppData\Local\Python\pythoncore-3.14-64\Lib\site-packages\torch\library.py", line 1651, in inner
E0908 07:12:58.594000 15816 site-packages\torch\_subclasses\fake_tensor.py:3212] [3/0]     return func(*args, **kwargs)
E0908 07:12:58.594000 15816 site-packages\torch\_subclasses\fake_tensor.py:3212] [3/0]   File "C:\Users\clm\AppData\Local\Python\pythoncore-3.14-64\Lib\site-packages\torch\_library\custom_ops.py", line 785, in fake_impl
E0908 07:12:58.594000 15816 site-packages\torch\_subclasses\fake_tensor.py:3212] [3/0]     return self._abstract_fn(*args, **kwargs)
E0908 07:12:58.594000 15816 site-packages\torch\_subclasses\fake_tensor.py:3212] [3/0]            ~~~~~~~~~~~~~~~~~^^^^^^^^^^^^^^^^^
E0908 07:12:58.594000 15816 site-packages\torch\_subclasses\fake_tensor.py:3212] [3/0]   File "C:\Users\clm\AppData\Local\Python\pythoncore-3.14-64\Lib\site-packages\torch\_prims\__init__.py", line 1879, in _cat_meta
E0908 07:12:58.594000 15816 site-packages\torch\_subclasses\fake_tensor.py:3212] [3/0]     torch._check(
E0908 07:12:58.594000 15816 site-packages\torch\_subclasses\fake_tensor.py:3212] [3/0]     ~~~~~~~~~~~~^
E0908 07:12:58.594000 15816 site-packages\torch\_subclasses\fake_tensor.py:3212] [3/0]         length == common_length,
E0908 07:12:58.594000 15816 site-packages\torch\_subclasses\fake_tensor.py:3212] [3/0]         ^^^^^^^^^^^^^^^^^^^^^^^^
E0908 07:12:58.594000 15816 site-packages\torch\_subclasses\fake_tensor.py:3212] [3/0]     ...<2 lines>...
E0908 07:12:58.594000 15816 site-packages\torch\_subclasses\fake_tensor.py:3212] [3/0]         f"{tensor_idx} in the list",
E0908 07:12:58.594000 15816 site-packages\torch\_subclasses\fake_tensor.py:3212] [3/0]         ^^^^^^^^^^^^^^^^^^^^^^^^^^^^
E0908 07:12:58.594000 15816 site-packages\torch\_subclasses\fake_tensor.py:3212] [3/0]     )
E0908 07:12:58.594000 15816 site-packages\torch\_subclasses\fake_tensor.py:3212] [3/0]     ^
E0908 07:12:58.594000 15816 site-packages\torch\_subclasses\fake_tensor.py:3212] [3/0]   File "C:\Users\clm\AppData\Local\Python\pythoncore-3.14-64\Lib\site-packages\torch\__init__.py", line 2140, in _check
E0908 07:12:58.594000 15816 site-packages\torch\_subclasses\fake_tensor.py:3212] [3/0]     _check_with(RuntimeError, cond, message)
E0908 07:12:58.594000 15816 site-packages\torch\_subclasses\fake_tensor.py:3212] [3/0]     ~~~~~~~~~~~^^^^^^^^^^^^^^^^^^^^^^^^^^^^^
E0908 07:12:58.594000 15816 site-packages\torch\_subclasses\fake_tensor.py:3212] [3/0]   File "C:\Users\clm\AppData\Local\Python\pythoncore-3.14-64\Lib\site-packages\torch\__init__.py", line 2118, in _check_with
E0908 07:12:58.594000 15816 site-packages\torch\_subclasses\fake_tensor.py:3212] [3/0]     raise error_type(message_evaluated)
E0908 07:12:58.594000 15816 site-packages\torch\_subclasses\fake_tensor.py:3212] [3/0] RuntimeError: Sizes of tensors must match except in dimension 2. Expected 1 in dimension 0 but got 2 for tensor number 1 in the list
E0908 07:12:58.802000 15816 site-packages\torch\_subclasses\fake_tensor.py:3212] [3/0] failed while attempting to run meta for aten.cat.default
E0908 07:12:58.802000 15816 site-packages\torch\_subclasses\fake_tensor.py:3212] [3/0] Traceback (most recent call last):
E0908 07:12:58.802000 15816 site-packages\torch\_subclasses\fake_tensor.py:3212] [3/0]   File "C:\Users\clm\AppData\Local\Python\pythoncore-3.14-64\Lib\site-packages\torch\_subclasses\fake_tensor.py", line 3208, in _dispatch_impl
E0908 07:12:58.802000 15816 site-packages\torch\_subclasses\fake_tensor.py:3212] [3/0]     r = func(*args, **kwargs)
E0908 07:12:58.802000 15816 site-packages\torch\_subclasses\fake_tensor.py:3212] [3/0]   File "C:\Users\clm\AppData\Local\Python\pythoncore-3.14-64\Lib\site-packages\torch\_ops.py", line 916, in __call__
E0908 07:12:58.802000 15816 site-packages\torch\_subclasses\fake_tensor.py:3212] [3/0]     return self._op(*args, **kwargs)
E0908 07:12:58.802000 15816 site-packages\torch\_subclasses\fake_tensor.py:3212] [3/0]            ~~~~~~~~^^^^^^^^^^^^^^^^^
E0908 07:12:58.802000 15816 site-packages\torch\_subclasses\fake_tensor.py:3212] [3/0]   File "C:\Users\clm\AppData\Local\Python\pythoncore-3.14-64\Lib\site-packages\torch\_prims_common\wrappers.py", line 313, in _fn
E0908 07:12:58.802000 15816 site-packages\torch\_subclasses\fake_tensor.py:3212] [3/0]     result = fn(*args, **kwargs)
E0908 07:12:58.802000 15816 site-packages\torch\_subclasses\fake_tensor.py:3212] [3/0]   File "C:\Users\clm\AppData\Local\Python\pythoncore-3.14-64\Lib\site-packages\torch\_compile.py", line 54, in inner
E0908 07:12:58.802000 15816 site-packages\torch\_subclasses\fake_tensor.py:3212] [3/0]     return disable_fn(*args, **kwargs)
E0908 07:12:58.802000 15816 site-packages\torch\_subclasses\fake_tensor.py:3212] [3/0]   File "C:\Users\clm\AppData\Local\Python\pythoncore-3.14-64\Lib\site-packages\torch\_dynamo\eval_frame.py", line 1548, in _fn
E0908 07:12:58.802000 15816 site-packages\torch\_subclasses\fake_tensor.py:3212] [3/0]     return fn(*args, **kwargs)
E0908 07:12:58.802000 15816 site-packages\torch\_subclasses\fake_tensor.py:3212] [3/0]   File "C:\Users\clm\AppData\Local\Python\pythoncore-3.14-64\Lib\site-packages\torch\_prims_common\wrappers.py", line 151, in _fn
E0908 07:12:58.802000 15816 site-packages\torch\_subclasses\fake_tensor.py:3212] [3/0]     result = fn(**bound.arguments)
E0908 07:12:58.802000 15816 site-packages\torch\_subclasses\fake_tensor.py:3212] [3/0]   File "C:\Users\clm\AppData\Local\Python\pythoncore-3.14-64\Lib\site-packages\torch\_refs\__init__.py", line 3027, in cat
E0908 07:12:58.802000 15816 site-packages\torch\_subclasses\fake_tensor.py:3212] [3/0]     return prims.cat(filtered, dim).clone(memory_format=memory_format)
E0908 07:12:58.802000 15816 site-packages\torch\_subclasses\fake_tensor.py:3212] [3/0]            ~~~~~~~~~^^^^^^^^^^^^^^^
E0908 07:12:58.802000 15816 site-packages\torch\_subclasses\fake_tensor.py:3212] [3/0]   File "C:\Users\clm\AppData\Local\Python\pythoncore-3.14-64\Lib\site-packages\torch\_ops.py", line 916, in __call__
E0908 07:12:58.802000 15816 site-packages\torch\_subclasses\fake_tensor.py:3212] [3/0]     return self._op(*args, **kwargs)
E0908 07:12:58.802000 15816 site-packages\torch\_subclasses\fake_tensor.py:3212] [3/0]            ~~~~~~~~^^^^^^^^^^^^^^^^^
E0908 07:12:58.802000 15816 site-packages\torch\_subclasses\fake_tensor.py:3212] [3/0]   File "C:\Users\clm\AppData\Local\Python\pythoncore-3.14-64\Lib\site-packages\torch\_library\fake_impl.py", line 123, in meta_kernel
E0908 07:12:58.802000 15816 site-packages\torch\_subclasses\fake_tensor.py:3212] [3/0]     return fake_impl_holder.kernel(*args, **kwargs)
E0908 07:12:58.802000 15816 site-packages\torch\_subclasses\fake_tensor.py:3212] [3/0]            ~~~~~~~~~~~~~~~~~~~~~~~^^^^^^^^^^^^^^^^^
E0908 07:12:58.802000 15816 site-packages\torch\_subclasses\fake_tensor.py:3212] [3/0]   File "C:\Users\clm\AppData\Local\Python\pythoncore-3.14-64\Lib\site-packages\torch\_library\utils.py", line 23, in __call__
E0908 07:12:58.802000 15816 site-packages\torch\_subclasses\fake_tensor.py:3212] [3/0]     return self.func(*args, **kwargs)
E0908 07:12:58.802000 15816 site-packages\torch\_subclasses\fake_tensor.py:3212] [3/0]            ~~~~~~~~~^^^^^^^^^^^^^^^^^
E0908 07:12:58.802000 15816 site-packages\torch\_subclasses\fake_tensor.py:3212] [3/0]   File "C:\Users\clm\AppData\Local\Python\pythoncore-3.14-64\Lib\site-packages\torch\library.py", line 1651, in inner
E0908 07:12:58.802000 15816 site-packages\torch\_subclasses\fake_tensor.py:3212] [3/0]     return func(*args, **kwargs)
E0908 07:12:58.802000 15816 site-packages\torch\_subclasses\fake_tensor.py:3212] [3/0]   File "C:\Users\clm\AppData\Local\Python\pythoncore-3.14-64\Lib\site-packages\torch\_library\custom_ops.py", line 785, in fake_impl
E0908 07:12:58.802000 15816 site-packages\torch\_subclasses\fake_tensor.py:3212] [3/0]     return self._abstract_fn(*args, **kwargs)
E0908 07:12:58.802000 15816 site-packages\torch\_subclasses\fake_tensor.py:3212] [3/0]            ~~~~~~~~~~~~~~~~~^^^^^^^^^^^^^^^^^
E0908 07:12:58.802000 15816 site-packages\torch\_subclasses\fake_tensor.py:3212] [3/0]   File "C:\Users\clm\AppData\Local\Python\pythoncore-3.14-64\Lib\site-packages\torch\_prims\__init__.py", line 1879, in _cat_meta
E0908 07:12:58.802000 15816 site-packages\torch\_subclasses\fake_tensor.py:3212] [3/0]     torch._check(
E0908 07:12:58.802000 15816 site-packages\torch\_subclasses\fake_tensor.py:3212] [3/0]     ~~~~~~~~~~~~^
E0908 07:12:58.802000 15816 site-packages\torch\_subclasses\fake_tensor.py:3212] [3/0]         length == common_length,
E0908 07:12:58.802000 15816 site-packages\torch\_subclasses\fake_tensor.py:3212] [3/0]         ^^^^^^^^^^^^^^^^^^^^^^^^
E0908 07:12:58.802000 15816 site-packages\torch\_subclasses\fake_tensor.py:3212] [3/0]     ...<2 lines>...
E0908 07:12:58.802000 15816 site-packages\torch\_subclasses\fake_tensor.py:3212] [3/0]         f"{tensor_idx} in the list",
E0908 07:12:58.802000 15816 site-packages\torch\_subclasses\fake_tensor.py:3212] [3/0]         ^^^^^^^^^^^^^^^^^^^^^^^^^^^^
E0908 07:12:58.802000 15816 site-packages\torch\_subclasses\fake_tensor.py:3212] [3/0]     )
E0908 07:12:58.802000 15816 site-packages\torch\_subclasses\fake_tensor.py:3212] [3/0]     ^
E0908 07:12:58.802000 15816 site-packages\torch\_subclasses\fake_tensor.py:3212] [3/0]   File "C:\Users\clm\AppData\Local\Python\pythoncore-3.14-64\Lib\site-packages\torch\__init__.py", line 2140, in _check
E0908 07:12:58.802000 15816 site-packages\torch\_subclasses\fake_tensor.py:3212] [3/0]     _check_with(RuntimeError, cond, message)
E0908 07:12:58.802000 15816 site-packages\torch\_subclasses\fake_tensor.py:3212] [3/0]     ~~~~~~~~~~~^^^^^^^^^^^^^^^^^^^^^^^^^^^^^
E0908 07:12:58.802000 15816 site-packages\torch\_subclasses\fake_tensor.py:3212] [3/0]   File "C:\Users\clm\AppData\Local\Python\pythoncore-3.14-64\Lib\site-packages\torch\__init__.py", line 2118, in _check_with
E0908 07:12:58.802000 15816 site-packages\torch\_subclasses\fake_tensor.py:3212] [3/0]     raise error_type(message_evaluated)
E0908 07:12:58.802000 15816 site-packages\torch\_subclasses\fake_tensor.py:3212] [3/0] RuntimeError: Sizes of tensors must match except in dimension 2. Expected 1 in dimension 0 but got 2 for tensor number 1 in the list
E0908 07:12:59.005000 15816 site-packages\torch\_subclasses\fake_tensor.py:3212] [3/0] failed while attempting to run meta for aten.cat.default
E0908 07:12:59.005000 15816 site-packages\torch\_subclasses\fake_tensor.py:3212] [3/0] Traceback (most recent call last):
E0908 07:12:59.005000 15816 site-packages\torch\_subclasses\fake_tensor.py:3212] [3/0]   File "C:\Users\clm\AppData\Local\Python\pythoncore-3.14-64\Lib\site-packages\torch\_subclasses\fake_tensor.py", line 3208, in _dispatch_impl
E0908 07:12:59.005000 15816 site-packages\torch\_subclasses\fake_tensor.py:3212] [3/0]     r = func(*args, **kwargs)
E0908 07:12:59.005000 15816 site-packages\torch\_subclasses\fake_tensor.py:3212] [3/0]   File "C:\Users\clm\AppData\Local\Python\pythoncore-3.14-64\Lib\site-packages\torch\_ops.py", line 916, in __call__
E0908 07:12:59.005000 15816 site-packages\torch\_subclasses\fake_tensor.py:3212] [3/0]     return self._op(*args, **kwargs)
E0908 07:12:59.005000 15816 site-packages\torch\_subclasses\fake_tensor.py:3212] [3/0]            ~~~~~~~~^^^^^^^^^^^^^^^^^
E0908 07:12:59.005000 15816 site-packages\torch\_subclasses\fake_tensor.py:3212] [3/0]   File "C:\Users\clm\AppData\Local\Python\pythoncore-3.14-64\Lib\site-packages\torch\_prims_common\wrappers.py", line 313, in _fn
E0908 07:12:59.005000 15816 site-packages\torch\_subclasses\fake_tensor.py:3212] [3/0]     result = fn(*args, **kwargs)
E0908 07:12:59.005000 15816 site-packages\torch\_subclasses\fake_tensor.py:3212] [3/0]   File "C:\Users\clm\AppData\Local\Python\pythoncore-3.14-64\Lib\site-packages\torch\_compile.py", line 54, in inner
E0908 07:12:59.005000 15816 site-packages\torch\_subclasses\fake_tensor.py:3212] [3/0]     return disable_fn(*args, **kwargs)
E0908 07:12:59.005000 15816 site-packages\torch\_subclasses\fake_tensor.py:3212] [3/0]   File "C:\Users\clm\AppData\Local\Python\pythoncore-3.14-64\Lib\site-packages\torch\_dynamo\eval_frame.py", line 1548, in _fn
E0908 07:12:59.005000 15816 site-packages\torch\_subclasses\fake_tensor.py:3212] [3/0]     return fn(*args, **kwargs)
E0908 07:12:59.005000 15816 site-packages\torch\_subclasses\fake_tensor.py:3212] [3/0]   File "C:\Users\clm\AppData\Local\Python\pythoncore-3.14-64\Lib\site-packages\torch\_prims_common\wrappers.py", line 151, in _fn
E0908 07:12:59.005000 15816 site-packages\torch\_subclasses\fake_tensor.py:3212] [3/0]     result = fn(**bound.arguments)
E0908 07:12:59.005000 15816 site-packages\torch\_subclasses\fake_tensor.py:3212] [3/0]   File "C:\Users\clm\AppData\Local\Python\pythoncore-3.14-64\Lib\site-packages\torch\_refs\__init__.py", line 3027, in cat
E0908 07:12:59.005000 15816 site-packages\torch\_subclasses\fake_tensor.py:3212] [3/0]     return prims.cat(filtered, dim).clone(memory_format=memory_format)
E0908 07:12:59.005000 15816 site-packages\torch\_subclasses\fake_tensor.py:3212] [3/0]            ~~~~~~~~~^^^^^^^^^^^^^^^
E0908 07:12:59.005000 15816 site-packages\torch\_subclasses\fake_tensor.py:3212] [3/0]   File "C:\Users\clm\AppData\Local\Python\pythoncore-3.14-64\Lib\site-packages\torch\_ops.py", line 916, in __call__
E0908 07:12:59.005000 15816 site-packages\torch\_subclasses\fake_tensor.py:3212] [3/0]     return self._op(*args, **kwargs)
E0908 07:12:59.005000 15816 site-packages\torch\_subclasses\fake_tensor.py:3212] [3/0]            ~~~~~~~~^^^^^^^^^^^^^^^^^
E0908 07:12:59.005000 15816 site-packages\torch\_subclasses\fake_tensor.py:3212] [3/0]   File "C:\Users\clm\AppData\Local\Python\pythoncore-3.14-64\Lib\site-packages\torch\_library\fake_impl.py", line 123, in meta_kernel
E0908 07:12:59.005000 15816 site-packages\torch\_subclasses\fake_tensor.py:3212] [3/0]     return fake_impl_holder.kernel(*args, **kwargs)
E0908 07:12:59.005000 15816 site-packages\torch\_subclasses\fake_tensor.py:3212] [3/0]            ~~~~~~~~~~~~~~~~~~~~~~~^^^^^^^^^^^^^^^^^
E0908 07:12:59.005000 15816 site-packages\torch\_subclasses\fake_tensor.py:3212] [3/0]   File "C:\Users\clm\AppData\Local\Python\pythoncore-3.14-64\Lib\site-packages\torch\_library\utils.py", line 23, in __call__
E0908 07:12:59.005000 15816 site-packages\torch\_subclasses\fake_tensor.py:3212] [3/0]     return self.func(*args, **kwargs)
E0908 07:12:59.005000 15816 site-packages\torch\_subclasses\fake_tensor.py:3212] [3/0]            ~~~~~~~~~^^^^^^^^^^^^^^^^^
E0908 07:12:59.005000 15816 site-packages\torch\_subclasses\fake_tensor.py:3212] [3/0]   File "C:\Users\clm\AppData\Local\Python\pythoncore-3.14-64\Lib\site-packages\torch\library.py", line 1651, in inner
E0908 07:12:59.005000 15816 site-packages\torch\_subclasses\fake_tensor.py:3212] [3/0]     return func(*args, **kwargs)
E0908 07:12:59.005000 15816 site-packages\torch\_subclasses\fake_tensor.py:3212] [3/0]   File "C:\Users\clm\AppData\Local\Python\pythoncore-3.14-64\Lib\site-packages\torch\_library\custom_ops.py", line 785, in fake_impl
E0908 07:12:59.005000 15816 site-packages\torch\_subclasses\fake_tensor.py:3212] [3/0]     return self._abstract_fn(*args, **kwargs)
E0908 07:12:59.005000 15816 site-packages\torch\_subclasses\fake_tensor.py:3212] [3/0]            ~~~~~~~~~~~~~~~~~^^^^^^^^^^^^^^^^^
E0908 07:12:59.005000 15816 site-packages\torch\_subclasses\fake_tensor.py:3212] [3/0]   File "C:\Users\clm\AppData\Local\Python\pythoncore-3.14-64\Lib\site-packages\torch\_prims\__init__.py", line 1879, in _cat_meta
E0908 07:12:59.005000 15816 site-packages\torch\_subclasses\fake_tensor.py:3212] [3/0]     torch._check(
E0908 07:12:59.005000 15816 site-packages\torch\_subclasses\fake_tensor.py:3212] [3/0]     ~~~~~~~~~~~~^
E0908 07:12:59.005000 15816 site-packages\torch\_subclasses\fake_tensor.py:3212] [3/0]         length == common_length,
E0908 07:12:59.005000 15816 site-packages\torch\_subclasses\fake_tensor.py:3212] [3/0]         ^^^^^^^^^^^^^^^^^^^^^^^^
E0908 07:12:59.005000 15816 site-packages\torch\_subclasses\fake_tensor.py:3212] [3/0]     ...<2 lines>...
E0908 07:12:59.005000 15816 site-packages\torch\_subclasses\fake_tensor.py:3212] [3/0]         f"{tensor_idx} in the list",
E0908 07:12:59.005000 15816 site-packages\torch\_subclasses\fake_tensor.py:3212] [3/0]         ^^^^^^^^^^^^^^^^^^^^^^^^^^^^
E0908 07:12:59.005000 15816 site-packages\torch\_subclasses\fake_tensor.py:3212] [3/0]     )
E0908 07:12:59.005000 15816 site-packages\torch\_subclasses\fake_tensor.py:3212] [3/0]     ^
E0908 07:12:59.005000 15816 site-packages\torch\_subclasses\fake_tensor.py:3212] [3/0]   File "C:\Users\clm\AppData\Local\Python\pythoncore-3.14-64\Lib\site-packages\torch\__init__.py", line 2140, in _check
E0908 07:12:59.005000 15816 site-packages\torch\_subclasses\fake_tensor.py:3212] [3/0]     _check_with(RuntimeError, cond, message)
E0908 07:12:59.005000 15816 site-packages\torch\_subclasses\fake_tensor.py:3212] [3/0]     ~~~~~~~~~~~^^^^^^^^^^^^^^^^^^^^^^^^^^^^^
E0908 07:12:59.005000 15816 site-packages\torch\_subclasses\fake_tensor.py:3212] [3/0]   File "C:\Users\clm\AppData\Local\Python\pythoncore-3.14-64\Lib\site-packages\torch\__init__.py", line 2118, in _check_with
E0908 07:12:59.005000 15816 site-packages\torch\_subclasses\fake_tensor.py:3212] [3/0]     raise error_type(message_evaluated)
E0908 07:12:59.005000 15816 site-packages\torch\_subclasses\fake_tensor.py:3212] [3/0] RuntimeError: Sizes of tensors must match except in dimension 2. Expected 1 in dimension 0 but got 2 for tensor number 1 in the list
E0908 07:12:59.218000 15816 site-packages\torch\_subclasses\fake_tensor.py:3212] [3/0] failed while attempting to run meta for aten.cat.default
E0908 07:12:59.218000 15816 site-packages\torch\_subclasses\fake_tensor.py:3212] [3/0] Traceback (most recent call last):
E0908 07:12:59.218000 15816 site-packages\torch\_subclasses\fake_tensor.py:3212] [3/0]   File "C:\Users\clm\AppData\Local\Python\pythoncore-3.14-64\Lib\site-packages\torch\_subclasses\fake_tensor.py", line 3208, in _dispatch_impl
E0908 07:12:59.218000 15816 site-packages\torch\_subclasses\fake_tensor.py:3212] [3/0]     r = func(*args, **kwargs)
E0908 07:12:59.218000 15816 site-packages\torch\_subclasses\fake_tensor.py:3212] [3/0]   File "C:\Users\clm\AppData\Local\Python\pythoncore-3.14-64\Lib\site-packages\torch\_ops.py", line 916, in __call__
E0908 07:12:59.218000 15816 site-packages\torch\_subclasses\fake_tensor.py:3212] [3/0]     return self._op(*args, **kwargs)
E0908 07:12:59.218000 15816 site-packages\torch\_subclasses\fake_tensor.py:3212] [3/0]            ~~~~~~~~^^^^^^^^^^^^^^^^^
E0908 07:12:59.218000 15816 site-packages\torch\_subclasses\fake_tensor.py:3212] [3/0]   File "C:\Users\clm\AppData\Local\Python\pythoncore-3.14-64\Lib\site-packages\torch\_prims_common\wrappers.py", line 313, in _fn
E0908 07:12:59.218000 15816 site-packages\torch\_subclasses\fake_tensor.py:3212] [3/0]     result = fn(*args, **kwargs)
E0908 07:12:59.218000 15816 site-packages\torch\_subclasses\fake_tensor.py:3212] [3/0]   File "C:\Users\clm\AppData\Local\Python\pythoncore-3.14-64\Lib\site-packages\torch\_compile.py", line 54, in inner
E0908 07:12:59.218000 15816 site-packages\torch\_subclasses\fake_tensor.py:3212] [3/0]     return disable_fn(*args, **kwargs)
E0908 07:12:59.218000 15816 site-packages\torch\_subclasses\fake_tensor.py:3212] [3/0]   File "C:\Users\clm\AppData\Local\Python\pythoncore-3.14-64\Lib\site-packages\torch\_dynamo\eval_frame.py", line 1548, in _fn
E0908 07:12:59.218000 15816 site-packages\torch\_subclasses\fake_tensor.py:3212] [3/0]     return fn(*args, **kwargs)
E0908 07:12:59.218000 15816 site-packages\torch\_subclasses\fake_tensor.py:3212] [3/0]   File "C:\Users\clm\AppData\Local\Python\pythoncore-3.14-64\Lib\site-packages\torch\_prims_common\wrappers.py", line 151, in _fn
E0908 07:12:59.218000 15816 site-packages\torch\_subclasses\fake_tensor.py:3212] [3/0]     result = fn(**bound.arguments)
E0908 07:12:59.218000 15816 site-packages\torch\_subclasses\fake_tensor.py:3212] [3/0]   File "C:\Users\clm\AppData\Local\Python\pythoncore-3.14-64\Lib\site-packages\torch\_refs\__init__.py", line 3027, in cat
E0908 07:12:59.218000 15816 site-packages\torch\_subclasses\fake_tensor.py:3212] [3/0]     return prims.cat(filtered, dim).clone(memory_format=memory_format)
E0908 07:12:59.218000 15816 site-packages\torch\_subclasses\fake_tensor.py:3212] [3/0]            ~~~~~~~~~^^^^^^^^^^^^^^^
E0908 07:12:59.218000 15816 site-packages\torch\_subclasses\fake_tensor.py:3212] [3/0]   File "C:\Users\clm\AppData\Local\Python\pythoncore-3.14-64\Lib\site-packages\torch\_ops.py", line 916, in __call__
E0908 07:12:59.218000 15816 site-packages\torch\_subclasses\fake_tensor.py:3212] [3/0]     return self._op(*args, **kwargs)
E0908 07:12:59.218000 15816 site-packages\torch\_subclasses\fake_tensor.py:3212] [3/0]            ~~~~~~~~^^^^^^^^^^^^^^^^^
E0908 07:12:59.218000 15816 site-packages\torch\_subclasses\fake_tensor.py:3212] [3/0]   File "C:\Users\clm\AppData\Local\Python\pythoncore-3.14-64\Lib\site-packages\torch\_library\fake_impl.py", line 123, in meta_kernel
E0908 07:12:59.218000 15816 site-packages\torch\_subclasses\fake_tensor.py:3212] [3/0]     return fake_impl_holder.kernel(*args, **kwargs)
E0908 07:12:59.218000 15816 site-packages\torch\_subclasses\fake_tensor.py:3212] [3/0]            ~~~~~~~~~~~~~~~~~~~~~~~^^^^^^^^^^^^^^^^^
E0908 07:12:59.218000 15816 site-packages\torch\_subclasses\fake_tensor.py:3212] [3/0]   File "C:\Users\clm\AppData\Local\Python\pythoncore-3.14-64\Lib\site-packages\torch\_library\utils.py", line 23, in __call__
E0908 07:12:59.218000 15816 site-packages\torch\_subclasses\fake_tensor.py:3212] [3/0]     return self.func(*args, **kwargs)
E0908 07:12:59.218000 15816 site-packages\torch\_subclasses\fake_tensor.py:3212] [3/0]            ~~~~~~~~~^^^^^^^^^^^^^^^^^
E0908 07:12:59.218000 15816 site-packages\torch\_subclasses\fake_tensor.py:3212] [3/0]   File "C:\Users\clm\AppData\Local\Python\pythoncore-3.14-64\Lib\site-packages\torch\library.py", line 1651, in inner
E0908 07:12:59.218000 15816 site-packages\torch\_subclasses\fake_tensor.py:3212] [3/0]     return func(*args, **kwargs)
E0908 07:12:59.218000 15816 site-packages\torch\_subclasses\fake_tensor.py:3212] [3/0]   File "C:\Users\clm\AppData\Local\Python\pythoncore-3.14-64\Lib\site-packages\torch\_library\custom_ops.py", line 785, in fake_impl
E0908 07:12:59.218000 15816 site-packages\torch\_subclasses\fake_tensor.py:3212] [3/0]     return self._abstract_fn(*args, **kwargs)
E0908 07:12:59.218000 15816 site-packages\torch\_subclasses\fake_tensor.py:3212] [3/0]            ~~~~~~~~~~~~~~~~~^^^^^^^^^^^^^^^^^
E0908 07:12:59.218000 15816 site-packages\torch\_subclasses\fake_tensor.py:3212] [3/0]   File "C:\Users\clm\AppData\Local\Python\pythoncore-3.14-64\Lib\site-packages\torch\_prims\__init__.py", line 1879, in _cat_meta
E0908 07:12:59.218000 15816 site-packages\torch\_subclasses\fake_tensor.py:3212] [3/0]     torch._check(
E0908 07:12:59.218000 15816 site-packages\torch\_subclasses\fake_tensor.py:3212] [3/0]     ~~~~~~~~~~~~^
E0908 07:12:59.218000 15816 site-packages\torch\_subclasses\fake_tensor.py:3212] [3/0]         length == common_length,
E0908 07:12:59.218000 15816 site-packages\torch\_subclasses\fake_tensor.py:3212] [3/0]         ^^^^^^^^^^^^^^^^^^^^^^^^
E0908 07:12:59.218000 15816 site-packages\torch\_subclasses\fake_tensor.py:3212] [3/0]     ...<2 lines>...
E0908 07:12:59.218000 15816 site-packages\torch\_subclasses\fake_tensor.py:3212] [3/0]         f"{tensor_idx} in the list",
E0908 07:12:59.218000 15816 site-packages\torch\_subclasses\fake_tensor.py:3212] [3/0]         ^^^^^^^^^^^^^^^^^^^^^^^^^^^^
E0908 07:12:59.218000 15816 site-packages\torch\_subclasses\fake_tensor.py:3212] [3/0]     )
E0908 07:12:59.218000 15816 site-packages\torch\_subclasses\fake_tensor.py:3212] [3/0]     ^
E0908 07:12:59.218000 15816 site-packages\torch\_subclasses\fake_tensor.py:3212] [3/0]   File "C:\Users\clm\AppData\Local\Python\pythoncore-3.14-64\Lib\site-packages\torch\__init__.py", line 2140, in _check
E0908 07:12:59.218000 15816 site-packages\torch\_subclasses\fake_tensor.py:3212] [3/0]     _check_with(RuntimeError, cond, message)
E0908 07:12:59.218000 15816 site-packages\torch\_subclasses\fake_tensor.py:3212] [3/0]     ~~~~~~~~~~~^^^^^^^^^^^^^^^^^^^^^^^^^^^^^
E0908 07:12:59.218000 15816 site-packages\torch\_subclasses\fake_tensor.py:3212] [3/0]   File "C:\Users\clm\AppData\Local\Python\pythoncore-3.14-64\Lib\site-packages\torch\__init__.py", line 2118, in _check_with
E0908 07:12:59.218000 15816 site-packages\torch\_subclasses\fake_tensor.py:3212] [3/0]     raise error_type(message_evaluated)
E0908 07:12:59.218000 15816 site-packages\torch\_subclasses\fake_tensor.py:3212] [3/0] RuntimeError: Sizes of tensors must match except in dimension 2. Expected 1 in dimension 0 but got 2 for tensor number 1 in the list
E0908 07:12:59.433000 15816 site-packages\torch\_subclasses\fake_tensor.py:3212] [3/0] failed while attempting to run meta for aten.cat.default
E0908 07:12:59.433000 15816 site-packages\torch\_subclasses\fake_tensor.py:3212] [3/0] Traceback (most recent call last):
E0908 07:12:59.433000 15816 site-packages\torch\_subclasses\fake_tensor.py:3212] [3/0]   File "C:\Users\clm\AppData\Local\Python\pythoncore-3.14-64\Lib\site-packages\torch\_subclasses\fake_tensor.py", line 3208, in _dispatch_impl
E0908 07:12:59.433000 15816 site-packages\torch\_subclasses\fake_tensor.py:3212] [3/0]     r = func(*args, **kwargs)
E0908 07:12:59.433000 15816 site-packages\torch\_subclasses\fake_tensor.py:3212] [3/0]   File "C:\Users\clm\AppData\Local\Python\pythoncore-3.14-64\Lib\site-packages\torch\_ops.py", line 916, in __call__
E0908 07:12:59.433000 15816 site-packages\torch\_subclasses\fake_tensor.py:3212] [3/0]     return self._op(*args, **kwargs)
E0908 07:12:59.433000 15816 site-packages\torch\_subclasses\fake_tensor.py:3212] [3/0]            ~~~~~~~~^^^^^^^^^^^^^^^^^
E0908 07:12:59.433000 15816 site-packages\torch\_subclasses\fake_tensor.py:3212] [3/0]   File "C:\Users\clm\AppData\Local\Python\pythoncore-3.14-64\Lib\site-packages\torch\_prims_common\wrappers.py", line 313, in _fn
E0908 07:12:59.433000 15816 site-packages\torch\_subclasses\fake_tensor.py:3212] [3/0]     result = fn(*args, **kwargs)
E0908 07:12:59.433000 15816 site-packages\torch\_subclasses\fake_tensor.py:3212] [3/0]   File "C:\Users\clm\AppData\Local\Python\pythoncore-3.14-64\Lib\site-packages\torch\_compile.py", line 54, in inner
E0908 07:12:59.433000 15816 site-packages\torch\_subclasses\fake_tensor.py:3212] [3/0]     return disable_fn(*args, **kwargs)
E0908 07:12:59.433000 15816 site-packages\torch\_subclasses\fake_tensor.py:3212] [3/0]   File "C:\Users\clm\AppData\Local\Python\pythoncore-3.14-64\Lib\site-packages\torch\_dynamo\eval_frame.py", line 1548, in _fn
E0908 07:12:59.433000 15816 site-packages\torch\_subclasses\fake_tensor.py:3212] [3/0]     return fn(*args, **kwargs)
E0908 07:12:59.433000 15816 site-packages\torch\_subclasses\fake_tensor.py:3212] [3/0]   File "C:\Users\clm\AppData\Local\Python\pythoncore-3.14-64\Lib\site-packages\torch\_prims_common\wrappers.py", line 151, in _fn
E0908 07:12:59.433000 15816 site-packages\torch\_subclasses\fake_tensor.py:3212] [3/0]     result = fn(**bound.arguments)
E0908 07:12:59.433000 15816 site-packages\torch\_subclasses\fake_tensor.py:3212] [3/0]   File "C:\Users\clm\AppData\Local\Python\pythoncore-3.14-64\Lib\site-packages\torch\_refs\__init__.py", line 3027, in cat
E0908 07:12:59.433000 15816 site-packages\torch\_subclasses\fake_tensor.py:3212] [3/0]     return prims.cat(filtered, dim).clone(memory_format=memory_format)
E0908 07:12:59.433000 15816 site-packages\torch\_subclasses\fake_tensor.py:3212] [3/0]            ~~~~~~~~~^^^^^^^^^^^^^^^
E0908 07:12:59.433000 15816 site-packages\torch\_subclasses\fake_tensor.py:3212] [3/0]   File "C:\Users\clm\AppData\Local\Python\pythoncore-3.14-64\Lib\site-packages\torch\_ops.py", line 916, in __call__
E0908 07:12:59.433000 15816 site-packages\torch\_subclasses\fake_tensor.py:3212] [3/0]     return self._op(*args, **kwargs)
E0908 07:12:59.433000 15816 site-packages\torch\_subclasses\fake_tensor.py:3212] [3/0]            ~~~~~~~~^^^^^^^^^^^^^^^^^
E0908 07:12:59.433000 15816 site-packages\torch\_subclasses\fake_tensor.py:3212] [3/0]   File "C:\Users\clm\AppData\Local\Python\pythoncore-3.14-64\Lib\site-packages\torch\_library\fake_impl.py", line 123, in meta_kernel
E0908 07:12:59.433000 15816 site-packages\torch\_subclasses\fake_tensor.py:3212] [3/0]     return fake_impl_holder.kernel(*args, **kwargs)
E0908 07:12:59.433000 15816 site-packages\torch\_subclasses\fake_tensor.py:3212] [3/0]            ~~~~~~~~~~~~~~~~~~~~~~~^^^^^^^^^^^^^^^^^
E0908 07:12:59.433000 15816 site-packages\torch\_subclasses\fake_tensor.py:3212] [3/0]   File "C:\Users\clm\AppData\Local\Python\pythoncore-3.14-64\Lib\site-packages\torch\_library\utils.py", line 23, in __call__
E0908 07:12:59.433000 15816 site-packages\torch\_subclasses\fake_tensor.py:3212] [3/0]     return self.func(*args, **kwargs)
E0908 07:12:59.433000 15816 site-packages\torch\_subclasses\fake_tensor.py:3212] [3/0]            ~~~~~~~~~^^^^^^^^^^^^^^^^^
E0908 07:12:59.433000 15816 site-packages\torch\_subclasses\fake_tensor.py:3212] [3/0]   File "C:\Users\clm\AppData\Local\Python\pythoncore-3.14-64\Lib\site-packages\torch\library.py", line 1651, in inner
E0908 07:12:59.433000 15816 site-packages\torch\_subclasses\fake_tensor.py:3212] [3/0]     return func(*args, **kwargs)
E0908 07:12:59.433000 15816 site-packages\torch\_subclasses\fake_tensor.py:3212] [3/0]   File "C:\Users\clm\AppData\Local\Python\pythoncore-3.14-64\Lib\site-packages\torch\_library\custom_ops.py", line 785, in fake_impl
E0908 07:12:59.433000 15816 site-packages\torch\_subclasses\fake_tensor.py:3212] [3/0]     return self._abstract_fn(*args, **kwargs)
E0908 07:12:59.433000 15816 site-packages\torch\_subclasses\fake_tensor.py:3212] [3/0]            ~~~~~~~~~~~~~~~~~^^^^^^^^^^^^^^^^^
E0908 07:12:59.433000 15816 site-packages\torch\_subclasses\fake_tensor.py:3212] [3/0]   File "C:\Users\clm\AppData\Local\Python\pythoncore-3.14-64\Lib\site-packages\torch\_prims\__init__.py", line 1879, in _cat_meta
E0908 07:12:59.433000 15816 site-packages\torch\_subclasses\fake_tensor.py:3212] [3/0]     torch._check(
E0908 07:12:59.433000 15816 site-packages\torch\_subclasses\fake_tensor.py:3212] [3/0]     ~~~~~~~~~~~~^
E0908 07:12:59.433000 15816 site-packages\torch\_subclasses\fake_tensor.py:3212] [3/0]         length == common_length,
E0908 07:12:59.433000 15816 site-packages\torch\_subclasses\fake_tensor.py:3212] [3/0]         ^^^^^^^^^^^^^^^^^^^^^^^^
E0908 07:12:59.433000 15816 site-packages\torch\_subclasses\fake_tensor.py:3212] [3/0]     ...<2 lines>...
E0908 07:12:59.433000 15816 site-packages\torch\_subclasses\fake_tensor.py:3212] [3/0]         f"{tensor_idx} in the list",
E0908 07:12:59.433000 15816 site-packages\torch\_subclasses\fake_tensor.py:3212] [3/0]         ^^^^^^^^^^^^^^^^^^^^^^^^^^^^
E0908 07:12:59.433000 15816 site-packages\torch\_subclasses\fake_tensor.py:3212] [3/0]     )
E0908 07:12:59.433000 15816 site-packages\torch\_subclasses\fake_tensor.py:3212] [3/0]     ^
E0908 07:12:59.433000 15816 site-packages\torch\_subclasses\fake_tensor.py:3212] [3/0]   File "C:\Users\clm\AppData\Local\Python\pythoncore-3.14-64\Lib\site-packages\torch\__init__.py", line 2140, in _check
E0908 07:12:59.433000 15816 site-packages\torch\_subclasses\fake_tensor.py:3212] [3/0]     _check_with(RuntimeError, cond, message)
E0908 07:12:59.433000 15816 site-packages\torch\_subclasses\fake_tensor.py:3212] [3/0]     ~~~~~~~~~~~^^^^^^^^^^^^^^^^^^^^^^^^^^^^^
E0908 07:12:59.433000 15816 site-packages\torch\_subclasses\fake_tensor.py:3212] [3/0]   File "C:\Users\clm\AppData\Local\Python\pythoncore-3.14-64\Lib\site-packages\torch\__init__.py", line 2118, in _check_with
E0908 07:12:59.433000 15816 site-packages\torch\_subclasses\fake_tensor.py:3212] [3/0]     raise error_type(message_evaluated)
E0908 07:12:59.433000 15816 site-packages\torch\_subclasses\fake_tensor.py:3212] [3/0] RuntimeError: Sizes of tensors must match except in dimension 2. Expected 1 in dimension 0 but got 2 for tensor number 1 in the list
E0908 07:12:59.651000 15816 site-packages\torch\_subclasses\fake_tensor.py:3212] [3/0] failed while attempting to run meta for aten.cat.default
E0908 07:12:59.651000 15816 site-packages\torch\_subclasses\fake_tensor.py:3212] [3/0] Traceback (most recent call last):
E0908 07:12:59.651000 15816 site-packages\torch\_subclasses\fake_tensor.py:3212] [3/0]   File "C:\Users\clm\AppData\Local\Python\pythoncore-3.14-64\Lib\site-packages\torch\_subclasses\fake_tensor.py", line 3208, in _dispatch_impl
E0908 07:12:59.651000 15816 site-packages\torch\_subclasses\fake_tensor.py:3212] [3/0]     r = func(*args, **kwargs)
E0908 07:12:59.651000 15816 site-packages\torch\_subclasses\fake_tensor.py:3212] [3/0]   File "C:\Users\clm\AppData\Local\Python\pythoncore-3.14-64\Lib\site-packages\torch\_ops.py", line 916, in __call__
E0908 07:12:59.651000 15816 site-packages\torch\_subclasses\fake_tensor.py:3212] [3/0]     return self._op(*args, **kwargs)
E0908 07:12:59.651000 15816 site-packages\torch\_subclasses\fake_tensor.py:3212] [3/0]            ~~~~~~~~^^^^^^^^^^^^^^^^^
E0908 07:12:59.651000 15816 site-packages\torch\_subclasses\fake_tensor.py:3212] [3/0]   File "C:\Users\clm\AppData\Local\Python\pythoncore-3.14-64\Lib\site-packages\torch\_prims_common\wrappers.py", line 313, in _fn
E0908 07:12:59.651000 15816 site-packages\torch\_subclasses\fake_tensor.py:3212] [3/0]     result = fn(*args, **kwargs)
E0908 07:12:59.651000 15816 site-packages\torch\_subclasses\fake_tensor.py:3212] [3/0]   File "C:\Users\clm\AppData\Local\Python\pythoncore-3.14-64\Lib\site-packages\torch\_compile.py", line 54, in inner
E0908 07:12:59.651000 15816 site-packages\torch\_subclasses\fake_tensor.py:3212] [3/0]     return disable_fn(*args, **kwargs)
E0908 07:12:59.651000 15816 site-packages\torch\_subclasses\fake_tensor.py:3212] [3/0]   File "C:\Users\clm\AppData\Local\Python\pythoncore-3.14-64\Lib\site-packages\torch\_dynamo\eval_frame.py", line 1548, in _fn
E0908 07:12:59.651000 15816 site-packages\torch\_subclasses\fake_tensor.py:3212] [3/0]     return fn(*args, **kwargs)
E0908 07:12:59.651000 15816 site-packages\torch\_subclasses\fake_tensor.py:3212] [3/0]   File "C:\Users\clm\AppData\Local\Python\pythoncore-3.14-64\Lib\site-packages\torch\_prims_common\wrappers.py", line 151, in _fn
E0908 07:12:59.651000 15816 site-packages\torch\_subclasses\fake_tensor.py:3212] [3/0]     result = fn(**bound.arguments)
E0908 07:12:59.651000 15816 site-packages\torch\_subclasses\fake_tensor.py:3212] [3/0]   File "C:\Users\clm\AppData\Local\Python\pythoncore-3.14-64\Lib\site-packages\torch\_refs\__init__.py", line 3027, in cat
E0908 07:12:59.651000 15816 site-packages\torch\_subclasses\fake_tensor.py:3212] [3/0]     return prims.cat(filtered, dim).clone(memory_format=memory_format)
E0908 07:12:59.651000 15816 site-packages\torch\_subclasses\fake_tensor.py:3212] [3/0]            ~~~~~~~~~^^^^^^^^^^^^^^^
E0908 07:12:59.651000 15816 site-packages\torch\_subclasses\fake_tensor.py:3212] [3/0]   File "C:\Users\clm\AppData\Local\Python\pythoncore-3.14-64\Lib\site-packages\torch\_ops.py", line 916, in __call__
E0908 07:12:59.651000 15816 site-packages\torch\_subclasses\fake_tensor.py:3212] [3/0]     return self._op(*args, **kwargs)
E0908 07:12:59.651000 15816 site-packages\torch\_subclasses\fake_tensor.py:3212] [3/0]            ~~~~~~~~^^^^^^^^^^^^^^^^^
E0908 07:12:59.651000 15816 site-packages\torch\_subclasses\fake_tensor.py:3212] [3/0]   File "C:\Users\clm\AppData\Local\Python\pythoncore-3.14-64\Lib\site-packages\torch\_library\fake_impl.py", line 123, in meta_kernel
E0908 07:12:59.651000 15816 site-packages\torch\_subclasses\fake_tensor.py:3212] [3/0]     return fake_impl_holder.kernel(*args, **kwargs)
E0908 07:12:59.651000 15816 site-packages\torch\_subclasses\fake_tensor.py:3212] [3/0]            ~~~~~~~~~~~~~~~~~~~~~~~^^^^^^^^^^^^^^^^^
E0908 07:12:59.651000 15816 site-packages\torch\_subclasses\fake_tensor.py:3212] [3/0]   File "C:\Users\clm\AppData\Local\Python\pythoncore-3.14-64\Lib\site-packages\torch\_library\utils.py", line 23, in __call__
E0908 07:12:59.651000 15816 site-packages\torch\_subclasses\fake_tensor.py:3212] [3/0]     return self.func(*args, **kwargs)
E0908 07:12:59.651000 15816 site-packages\torch\_subclasses\fake_tensor.py:3212] [3/0]            ~~~~~~~~~^^^^^^^^^^^^^^^^^
E0908 07:12:59.651000 15816 site-packages\torch\_subclasses\fake_tensor.py:3212] [3/0]   File "C:\Users\clm\AppData\Local\Python\pythoncore-3.14-64\Lib\site-packages\torch\library.py", line 1651, in inner
E0908 07:12:59.651000 15816 site-packages\torch\_subclasses\fake_tensor.py:3212] [3/0]     return func(*args, **kwargs)
E0908 07:12:59.651000 15816 site-packages\torch\_subclasses\fake_tensor.py:3212] [3/0]   File "C:\Users\clm\AppData\Local\Python\pythoncore-3.14-64\Lib\site-packages\torch\_library\custom_ops.py", line 785, in fake_impl
E0908 07:12:59.651000 15816 site-packages\torch\_subclasses\fake_tensor.py:3212] [3/0]     return self._abstract_fn(*args, **kwargs)
E0908 07:12:59.651000 15816 site-packages\torch\_subclasses\fake_tensor.py:3212] [3/0]            ~~~~~~~~~~~~~~~~~^^^^^^^^^^^^^^^^^
E0908 07:12:59.651000 15816 site-packages\torch\_subclasses\fake_tensor.py:3212] [3/0]   File "C:\Users\clm\AppData\Local\Python\pythoncore-3.14-64\Lib\site-packages\torch\_prims\__init__.py", line 1879, in _cat_meta
E0908 07:12:59.651000 15816 site-packages\torch\_subclasses\fake_tensor.py:3212] [3/0]     torch._check(
E0908 07:12:59.651000 15816 site-packages\torch\_subclasses\fake_tensor.py:3212] [3/0]     ~~~~~~~~~~~~^
E0908 07:12:59.651000 15816 site-packages\torch\_subclasses\fake_tensor.py:3212] [3/0]         length == common_length,
E0908 07:12:59.651000 15816 site-packages\torch\_subclasses\fake_tensor.py:3212] [3/0]         ^^^^^^^^^^^^^^^^^^^^^^^^
E0908 07:12:59.651000 15816 site-packages\torch\_subclasses\fake_tensor.py:3212] [3/0]     ...<2 lines>...
E0908 07:12:59.651000 15816 site-packages\torch\_subclasses\fake_tensor.py:3212] [3/0]         f"{tensor_idx} in the list",
E0908 07:12:59.651000 15816 site-packages\torch\_subclasses\fake_tensor.py:3212] [3/0]         ^^^^^^^^^^^^^^^^^^^^^^^^^^^^
E0908 07:12:59.651000 15816 site-packages\torch\_subclasses\fake_tensor.py:3212] [3/0]     )
E0908 07:12:59.651000 15816 site-packages\torch\_subclasses\fake_tensor.py:3212] [3/0]     ^
E0908 07:12:59.651000 15816 site-packages\torch\_subclasses\fake_tensor.py:3212] [3/0]   File "C:\Users\clm\AppData\Local\Python\pythoncore-3.14-64\Lib\site-packages\torch\__init__.py", line 2140, in _check
E0908 07:12:59.651000 15816 site-packages\torch\_subclasses\fake_tensor.py:3212] [3/0]     _check_with(RuntimeError, cond, message)
E0908 07:12:59.651000 15816 site-packages\torch\_subclasses\fake_tensor.py:3212] [3/0]     ~~~~~~~~~~~^^^^^^^^^^^^^^^^^^^^^^^^^^^^^
E0908 07:12:59.651000 15816 site-packages\torch\_subclasses\fake_tensor.py:3212] [3/0]   File "C:\Users\clm\AppData\Local\Python\pythoncore-3.14-64\Lib\site-packages\torch\__init__.py", line 2118, in _check_with
E0908 07:12:59.651000 15816 site-packages\torch\_subclasses\fake_tensor.py:3212] [3/0]     raise error_type(message_evaluated)
E0908 07:12:59.651000 15816 site-packages\torch\_subclasses\fake_tensor.py:3212] [3/0] RuntimeError: Sizes of tensors must match except in dimension 2. Expected 1 in dimension 0 but got 2 for tensor number 1 in the list
E0908 07:14:11.361000 15816 site-packages\torch\_subclasses\fake_tensor.py:3212] [3/0] failed while attempting to run meta for aten.cat.default
E0908 07:14:11.361000 15816 site-packages\torch\_subclasses\fake_tensor.py:3212] [3/0] Traceback (most recent call last):
E0908 07:14:11.361000 15816 site-packages\torch\_subclasses\fake_tensor.py:3212] [3/0]   File "C:\Users\clm\AppData\Local\Python\pythoncore-3.14-64\Lib\site-packages\torch\_subclasses\fake_tensor.py", line 3208, in _dispatch_impl
E0908 07:14:11.361000 15816 site-packages\torch\_subclasses\fake_tensor.py:3212] [3/0]     r = func(*args, **kwargs)
E0908 07:14:11.361000 15816 site-packages\torch\_subclasses\fake_tensor.py:3212] [3/0]   File "C:\Users\clm\AppData\Local\Python\pythoncore-3.14-64\Lib\site-packages\torch\_ops.py", line 916, in __call__
E0908 07:14:11.361000 15816 site-packages\torch\_subclasses\fake_tensor.py:3212] [3/0]     return self._op(*args, **kwargs)
E0908 07:14:11.361000 15816 site-packages\torch\_subclasses\fake_tensor.py:3212] [3/0]            ~~~~~~~~^^^^^^^^^^^^^^^^^
E0908 07:14:11.361000 15816 site-packages\torch\_subclasses\fake_tensor.py:3212] [3/0]   File "C:\Users\clm\AppData\Local\Python\pythoncore-3.14-64\Lib\site-packages\torch\_prims_common\wrappers.py", line 313, in _fn
E0908 07:14:11.361000 15816 site-packages\torch\_subclasses\fake_tensor.py:3212] [3/0]     result = fn(*args, **kwargs)
E0908 07:14:11.361000 15816 site-packages\torch\_subclasses\fake_tensor.py:3212] [3/0]   File "C:\Users\clm\AppData\Local\Python\pythoncore-3.14-64\Lib\site-packages\torch\_compile.py", line 54, in inner
E0908 07:14:11.361000 15816 site-packages\torch\_subclasses\fake_tensor.py:3212] [3/0]     return disable_fn(*args, **kwargs)
E0908 07:14:11.361000 15816 site-packages\torch\_subclasses\fake_tensor.py:3212] [3/0]   File "C:\Users\clm\AppData\Local\Python\pythoncore-3.14-64\Lib\site-packages\torch\_dynamo\eval_frame.py", line 1548, in _fn
E0908 07:14:11.361000 15816 site-packages\torch\_subclasses\fake_tensor.py:3212] [3/0]     return fn(*args, **kwargs)
E0908 07:14:11.361000 15816 site-packages\torch\_subclasses\fake_tensor.py:3212] [3/0]   File "C:\Users\clm\AppData\Local\Python\pythoncore-3.14-64\Lib\site-packages\torch\_prims_common\wrappers.py", line 151, in _fn
E0908 07:14:11.361000 15816 site-packages\torch\_subclasses\fake_tensor.py:3212] [3/0]     result = fn(**bound.arguments)
E0908 07:14:11.361000 15816 site-packages\torch\_subclasses\fake_tensor.py:3212] [3/0]   File "C:\Users\clm\AppData\Local\Python\pythoncore-3.14-64\Lib\site-packages\torch\_refs\__init__.py", line 3027, in cat
E0908 07:14:11.361000 15816 site-packages\torch\_subclasses\fake_tensor.py:3212] [3/0]     return prims.cat(filtered, dim).clone(memory_format=memory_format)
E0908 07:14:11.361000 15816 site-packages\torch\_subclasses\fake_tensor.py:3212] [3/0]            ~~~~~~~~~^^^^^^^^^^^^^^^
E0908 07:14:11.361000 15816 site-packages\torch\_subclasses\fake_tensor.py:3212] [3/0]   File "C:\Users\clm\AppData\Local\Python\pythoncore-3.14-64\Lib\site-packages\torch\_ops.py", line 916, in __call__
E0908 07:14:11.361000 15816 site-packages\torch\_subclasses\fake_tensor.py:3212] [3/0]     return self._op(*args, **kwargs)
E0908 07:14:11.361000 15816 site-packages\torch\_subclasses\fake_tensor.py:3212] [3/0]            ~~~~~~~~^^^^^^^^^^^^^^^^^
E0908 07:14:11.361000 15816 site-packages\torch\_subclasses\fake_tensor.py:3212] [3/0]   File "C:\Users\clm\AppData\Local\Python\pythoncore-3.14-64\Lib\site-packages\torch\_library\fake_impl.py", line 123, in meta_kernel
E0908 07:14:11.361000 15816 site-packages\torch\_subclasses\fake_tensor.py:3212] [3/0]     return fake_impl_holder.kernel(*args, **kwargs)
E0908 07:14:11.361000 15816 site-packages\torch\_subclasses\fake_tensor.py:3212] [3/0]            ~~~~~~~~~~~~~~~~~~~~~~~^^^^^^^^^^^^^^^^^
E0908 07:14:11.361000 15816 site-packages\torch\_subclasses\fake_tensor.py:3212] [3/0]   File "C:\Users\clm\AppData\Local\Python\pythoncore-3.14-64\Lib\site-packages\torch\_library\utils.py", line 23, in __call__
E0908 07:14:11.361000 15816 site-packages\torch\_subclasses\fake_tensor.py:3212] [3/0]     return self.func(*args, **kwargs)
E0908 07:14:11.361000 15816 site-packages\torch\_subclasses\fake_tensor.py:3212] [3/0]            ~~~~~~~~~^^^^^^^^^^^^^^^^^
E0908 07:14:11.361000 15816 site-packages\torch\_subclasses\fake_tensor.py:3212] [3/0]   File "C:\Users\clm\AppData\Local\Python\pythoncore-3.14-64\Lib\site-packages\torch\library.py", line 1651, in inner
E0908 07:14:11.361000 15816 site-packages\torch\_subclasses\fake_tensor.py:3212] [3/0]     return func(*args, **kwargs)
E0908 07:14:11.361000 15816 site-packages\torch\_subclasses\fake_tensor.py:3212] [3/0]   File "C:\Users\clm\AppData\Local\Python\pythoncore-3.14-64\Lib\site-packages\torch\_library\custom_ops.py", line 785, in fake_impl
E0908 07:14:11.361000 15816 site-packages\torch\_subclasses\fake_tensor.py:3212] [3/0]     return self._abstract_fn(*args, **kwargs)
E0908 07:14:11.361000 15816 site-packages\torch\_subclasses\fake_tensor.py:3212] [3/0]            ~~~~~~~~~~~~~~~~~^^^^^^^^^^^^^^^^^
E0908 07:14:11.361000 15816 site-packages\torch\_subclasses\fake_tensor.py:3212] [3/0]   File "C:\Users\clm\AppData\Local\Python\pythoncore-3.14-64\Lib\site-packages\torch\_prims\__init__.py", line 1879, in _cat_meta
E0908 07:14:11.361000 15816 site-packages\torch\_subclasses\fake_tensor.py:3212] [3/0]     torch._check(
E0908 07:14:11.361000 15816 site-packages\torch\_subclasses\fake_tensor.py:3212] [3/0]     ~~~~~~~~~~~~^
E0908 07:14:11.361000 15816 site-packages\torch\_subclasses\fake_tensor.py:3212] [3/0]         length == common_length,
E0908 07:14:11.361000 15816 site-packages\torch\_subclasses\fake_tensor.py:3212] [3/0]         ^^^^^^^^^^^^^^^^^^^^^^^^
E0908 07:14:11.361000 15816 site-packages\torch\_subclasses\fake_tensor.py:3212] [3/0]     ...<2 lines>...
E0908 07:14:11.361000 15816 site-packages\torch\_subclasses\fake_tensor.py:3212] [3/0]         f"{tensor_idx} in the list",
E0908 07:14:11.361000 15816 site-packages\torch\_subclasses\fake_tensor.py:3212] [3/0]         ^^^^^^^^^^^^^^^^^^^^^^^^^^^^
E0908 07:14:11.361000 15816 site-packages\torch\_subclasses\fake_tensor.py:3212] [3/0]     )
E0908 07:14:11.361000 15816 site-packages\torch\_subclasses\fake_tensor.py:3212] [3/0]     ^
E0908 07:14:11.361000 15816 site-packages\torch\_subclasses\fake_tensor.py:3212] [3/0]   File "C:\Users\clm\AppData\Local\Python\pythoncore-3.14-64\Lib\site-packages\torch\__init__.py", line 2140, in _check
E0908 07:14:11.361000 15816 site-packages\torch\_subclasses\fake_tensor.py:3212] [3/0]     _check_with(RuntimeError, cond, message)
E0908 07:14:11.361000 15816 site-packages\torch\_subclasses\fake_tensor.py:3212] [3/0]     ~~~~~~~~~~~^^^^^^^^^^^^^^^^^^^^^^^^^^^^^
E0908 07:14:11.361000 15816 site-packages\torch\_subclasses\fake_tensor.py:3212] [3/0]   File "C:\Users\clm\AppData\Local\Python\pythoncore-3.14-64\Lib\site-packages\torch\__init__.py", line 2118, in _check_with
E0908 07:14:11.361000 15816 site-packages\torch\_subclasses\fake_tensor.py:3212] [3/0]     raise error_type(message_evaluated)
E0908 07:14:11.361000 15816 site-packages\torch\_subclasses\fake_tensor.py:3212] [3/0] RuntimeError: Sizes of tensors must match except in dimension 2. Expected 1 in dimension 0 but got 33 for tensor number 1 in the list
E0908 07:14:11.583000 15816 site-packages\torch\_subclasses\fake_tensor.py:3212] [3/0] failed while attempting to run meta for aten.cat.default
E0908 07:14:11.583000 15816 site-packages\torch\_subclasses\fake_tensor.py:3212] [3/0] Traceback (most recent call last):
E0908 07:14:11.583000 15816 site-packages\torch\_subclasses\fake_tensor.py:3212] [3/0]   File "C:\Users\clm\AppData\Local\Python\pythoncore-3.14-64\Lib\site-packages\torch\_subclasses\fake_tensor.py", line 3208, in _dispatch_impl
E0908 07:14:11.583000 15816 site-packages\torch\_subclasses\fake_tensor.py:3212] [3/0]     r = func(*args, **kwargs)
E0908 07:14:11.583000 15816 site-packages\torch\_subclasses\fake_tensor.py:3212] [3/0]   File "C:\Users\clm\AppData\Local\Python\pythoncore-3.14-64\Lib\site-packages\torch\_ops.py", line 916, in __call__
E0908 07:14:11.583000 15816 site-packages\torch\_subclasses\fake_tensor.py:3212] [3/0]     return self._op(*args, **kwargs)
E0908 07:14:11.583000 15816 site-packages\torch\_subclasses\fake_tensor.py:3212] [3/0]            ~~~~~~~~^^^^^^^^^^^^^^^^^
E0908 07:14:11.583000 15816 site-packages\torch\_subclasses\fake_tensor.py:3212] [3/0]   File "C:\Users\clm\AppData\Local\Python\pythoncore-3.14-64\Lib\site-packages\torch\_prims_common\wrappers.py", line 313, in _fn
E0908 07:14:11.583000 15816 site-packages\torch\_subclasses\fake_tensor.py:3212] [3/0]     result = fn(*args, **kwargs)
E0908 07:14:11.583000 15816 site-packages\torch\_subclasses\fake_tensor.py:3212] [3/0]   File "C:\Users\clm\AppData\Local\Python\pythoncore-3.14-64\Lib\site-packages\torch\_compile.py", line 54, in inner
E0908 07:14:11.583000 15816 site-packages\torch\_subclasses\fake_tensor.py:3212] [3/0]     return disable_fn(*args, **kwargs)
E0908 07:14:11.583000 15816 site-packages\torch\_subclasses\fake_tensor.py:3212] [3/0]   File "C:\Users\clm\AppData\Local\Python\pythoncore-3.14-64\Lib\site-packages\torch\_dynamo\eval_frame.py", line 1548, in _fn
E0908 07:14:11.583000 15816 site-packages\torch\_subclasses\fake_tensor.py:3212] [3/0]     return fn(*args, **kwargs)
E0908 07:14:11.583000 15816 site-packages\torch\_subclasses\fake_tensor.py:3212] [3/0]   File "C:\Users\clm\AppData\Local\Python\pythoncore-3.14-64\Lib\site-packages\torch\_prims_common\wrappers.py", line 151, in _fn
E0908 07:14:11.583000 15816 site-packages\torch\_subclasses\fake_tensor.py:3212] [3/0]     result = fn(**bound.arguments)
E0908 07:14:11.583000 15816 site-packages\torch\_subclasses\fake_tensor.py:3212] [3/0]   File "C:\Users\clm\AppData\Local\Python\pythoncore-3.14-64\Lib\site-packages\torch\_refs\__init__.py", line 3027, in cat
E0908 07:14:11.583000 15816 site-packages\torch\_subclasses\fake_tensor.py:3212] [3/0]     return prims.cat(filtered, dim).clone(memory_format=memory_format)
E0908 07:14:11.583000 15816 site-packages\torch\_subclasses\fake_tensor.py:3212] [3/0]            ~~~~~~~~~^^^^^^^^^^^^^^^
E0908 07:14:11.583000 15816 site-packages\torch\_subclasses\fake_tensor.py:3212] [3/0]   File "C:\Users\clm\AppData\Local\Python\pythoncore-3.14-64\Lib\site-packages\torch\_ops.py", line 916, in __call__
E0908 07:14:11.583000 15816 site-packages\torch\_subclasses\fake_tensor.py:3212] [3/0]     return self._op(*args, **kwargs)
E0908 07:14:11.583000 15816 site-packages\torch\_subclasses\fake_tensor.py:3212] [3/0]            ~~~~~~~~^^^^^^^^^^^^^^^^^
E0908 07:14:11.583000 15816 site-packages\torch\_subclasses\fake_tensor.py:3212] [3/0]   File "C:\Users\clm\AppData\Local\Python\pythoncore-3.14-64\Lib\site-packages\torch\_library\fake_impl.py", line 123, in meta_kernel
E0908 07:14:11.583000 15816 site-packages\torch\_subclasses\fake_tensor.py:3212] [3/0]     return fake_impl_holder.kernel(*args, **kwargs)
E0908 07:14:11.583000 15816 site-packages\torch\_subclasses\fake_tensor.py:3212] [3/0]            ~~~~~~~~~~~~~~~~~~~~~~~^^^^^^^^^^^^^^^^^
E0908 07:14:11.583000 15816 site-packages\torch\_subclasses\fake_tensor.py:3212] [3/0]   File "C:\Users\clm\AppData\Local\Python\pythoncore-3.14-64\Lib\site-packages\torch\_library\utils.py", line 23, in __call__
E0908 07:14:11.583000 15816 site-packages\torch\_subclasses\fake_tensor.py:3212] [3/0]     return self.func(*args, **kwargs)
E0908 07:14:11.583000 15816 site-packages\torch\_subclasses\fake_tensor.py:3212] [3/0]            ~~~~~~~~~^^^^^^^^^^^^^^^^^
E0908 07:14:11.583000 15816 site-packages\torch\_subclasses\fake_tensor.py:3212] [3/0]   File "C:\Users\clm\AppData\Local\Python\pythoncore-3.14-64\Lib\site-packages\torch\library.py", line 1651, in inner
E0908 07:14:11.583000 15816 site-packages\torch\_subclasses\fake_tensor.py:3212] [3/0]     return func(*args, **kwargs)
E0908 07:14:11.583000 15816 site-packages\torch\_subclasses\fake_tensor.py:3212] [3/0]   File "C:\Users\clm\AppData\Local\Python\pythoncore-3.14-64\Lib\site-packages\torch\_library\custom_ops.py", line 785, in fake_impl
E0908 07:14:11.583000 15816 site-packages\torch\_subclasses\fake_tensor.py:3212] [3/0]     return self._abstract_fn(*args, **kwargs)
E0908 07:14:11.583000 15816 site-packages\torch\_subclasses\fake_tensor.py:3212] [3/0]            ~~~~~~~~~~~~~~~~~^^^^^^^^^^^^^^^^^
E0908 07:14:11.583000 15816 site-packages\torch\_subclasses\fake_tensor.py:3212] [3/0]   File "C:\Users\clm\AppData\Local\Python\pythoncore-3.14-64\Lib\site-packages\torch\_prims\__init__.py", line 1879, in _cat_meta
E0908 07:14:11.583000 15816 site-packages\torch\_subclasses\fake_tensor.py:3212] [3/0]     torch._check(
E0908 07:14:11.583000 15816 site-packages\torch\_subclasses\fake_tensor.py:3212] [3/0]     ~~~~~~~~~~~~^
E0908 07:14:11.583000 15816 site-packages\torch\_subclasses\fake_tensor.py:3212] [3/0]         length == common_length,
E0908 07:14:11.583000 15816 site-packages\torch\_subclasses\fake_tensor.py:3212] [3/0]         ^^^^^^^^^^^^^^^^^^^^^^^^
E0908 07:14:11.583000 15816 site-packages\torch\_subclasses\fake_tensor.py:3212] [3/0]     ...<2 lines>...
E0908 07:14:11.583000 15816 site-packages\torch\_subclasses\fake_tensor.py:3212] [3/0]         f"{tensor_idx} in the list",
E0908 07:14:11.583000 15816 site-packages\torch\_subclasses\fake_tensor.py:3212] [3/0]         ^^^^^^^^^^^^^^^^^^^^^^^^^^^^
E0908 07:14:11.583000 15816 site-packages\torch\_subclasses\fake_tensor.py:3212] [3/0]     )
E0908 07:14:11.583000 15816 site-packages\torch\_subclasses\fake_tensor.py:3212] [3/0]     ^
E0908 07:14:11.583000 15816 site-packages\torch\_subclasses\fake_tensor.py:3212] [3/0]   File "C:\Users\clm\AppData\Local\Python\pythoncore-3.14-64\Lib\site-packages\torch\__init__.py", line 2140, in _check
E0908 07:14:11.583000 15816 site-packages\torch\_subclasses\fake_tensor.py:3212] [3/0]     _check_with(RuntimeError, cond, message)
E0908 07:14:11.583000 15816 site-packages\torch\_subclasses\fake_tensor.py:3212] [3/0]     ~~~~~~~~~~~^^^^^^^^^^^^^^^^^^^^^^^^^^^^^
E0908 07:14:11.583000 15816 site-packages\torch\_subclasses\fake_tensor.py:3212] [3/0]   File "C:\Users\clm\AppData\Local\Python\pythoncore-3.14-64\Lib\site-packages\torch\__init__.py", line 2118, in _check_with
E0908 07:14:11.583000 15816 site-packages\torch\_subclasses\fake_tensor.py:3212] [3/0]     raise error_type(message_evaluated)
E0908 07:14:11.583000 15816 site-packages\torch\_subclasses\fake_tensor.py:3212] [3/0] RuntimeError: Sizes of tensors must match except in dimension 2. Expected 1 in dimension 0 but got 33 for tensor number 1 in the list
E0908 07:14:11.791000 15816 site-packages\torch\_subclasses\fake_tensor.py:3212] [3/0] failed while attempting to run meta for aten.cat.default
E0908 07:14:11.791000 15816 site-packages\torch\_subclasses\fake_tensor.py:3212] [3/0] Traceback (most recent call last):
E0908 07:14:11.791000 15816 site-packages\torch\_subclasses\fake_tensor.py:3212] [3/0]   File "C:\Users\clm\AppData\Local\Python\pythoncore-3.14-64\Lib\site-packages\torch\_subclasses\fake_tensor.py", line 3208, in _dispatch_impl
E0908 07:14:11.791000 15816 site-packages\torch\_subclasses\fake_tensor.py:3212] [3/0]     r = func(*args, **kwargs)
E0908 07:14:11.791000 15816 site-packages\torch\_subclasses\fake_tensor.py:3212] [3/0]   File "C:\Users\clm\AppData\Local\Python\pythoncore-3.14-64\Lib\site-packages\torch\_ops.py", line 916, in __call__
E0908 07:14:11.791000 15816 site-packages\torch\_subclasses\fake_tensor.py:3212] [3/0]     return self._op(*args, **kwargs)
E0908 07:14:11.791000 15816 site-packages\torch\_subclasses\fake_tensor.py:3212] [3/0]            ~~~~~~~~^^^^^^^^^^^^^^^^^
E0908 07:14:11.791000 15816 site-packages\torch\_subclasses\fake_tensor.py:3212] [3/0]   File "C:\Users\clm\AppData\Local\Python\pythoncore-3.14-64\Lib\site-packages\torch\_prims_common\wrappers.py", line 313, in _fn
E0908 07:14:11.791000 15816 site-packages\torch\_subclasses\fake_tensor.py:3212] [3/0]     result = fn(*args, **kwargs)
E0908 07:14:11.791000 15816 site-packages\torch\_subclasses\fake_tensor.py:3212] [3/0]   File "C:\Users\clm\AppData\Local\Python\pythoncore-3.14-64\Lib\site-packages\torch\_compile.py", line 54, in inner
E0908 07:14:11.791000 15816 site-packages\torch\_subclasses\fake_tensor.py:3212] [3/0]     return disable_fn(*args, **kwargs)
E0908 07:14:11.791000 15816 site-packages\torch\_subclasses\fake_tensor.py:3212] [3/0]   File "C:\Users\clm\AppData\Local\Python\pythoncore-3.14-64\Lib\site-packages\torch\_dynamo\eval_frame.py", line 1548, in _fn
E0908 07:14:11.791000 15816 site-packages\torch\_subclasses\fake_tensor.py:3212] [3/0]     return fn(*args, **kwargs)
E0908 07:14:11.791000 15816 site-packages\torch\_subclasses\fake_tensor.py:3212] [3/0]   File "C:\Users\clm\AppData\Local\Python\pythoncore-3.14-64\Lib\site-packages\torch\_prims_common\wrappers.py", line 151, in _fn
E0908 07:14:11.791000 15816 site-packages\torch\_subclasses\fake_tensor.py:3212] [3/0]     result = fn(**bound.arguments)
E0908 07:14:11.791000 15816 site-packages\torch\_subclasses\fake_tensor.py:3212] [3/0]   File "C:\Users\clm\AppData\Local\Python\pythoncore-3.14-64\Lib\site-packages\torch\_refs\__init__.py", line 3027, in cat
E0908 07:14:11.791000 15816 site-packages\torch\_subclasses\fake_tensor.py:3212] [3/0]     return prims.cat(filtered, dim).clone(memory_format=memory_format)
E0908 07:14:11.791000 15816 site-packages\torch\_subclasses\fake_tensor.py:3212] [3/0]            ~~~~~~~~~^^^^^^^^^^^^^^^
E0908 07:14:11.791000 15816 site-packages\torch\_subclasses\fake_tensor.py:3212] [3/0]   File "C:\Users\clm\AppData\Local\Python\pythoncore-3.14-64\Lib\site-packages\torch\_ops.py", line 916, in __call__
E0908 07:14:11.791000 15816 site-packages\torch\_subclasses\fake_tensor.py:3212] [3/0]     return self._op(*args, **kwargs)
E0908 07:14:11.791000 15816 site-packages\torch\_subclasses\fake_tensor.py:3212] [3/0]            ~~~~~~~~^^^^^^^^^^^^^^^^^
E0908 07:14:11.791000 15816 site-packages\torch\_subclasses\fake_tensor.py:3212] [3/0]   File "C:\Users\clm\AppData\Local\Python\pythoncore-3.14-64\Lib\site-packages\torch\_library\fake_impl.py", line 123, in meta_kernel
E0908 07:14:11.791000 15816 site-packages\torch\_subclasses\fake_tensor.py:3212] [3/0]     return fake_impl_holder.kernel(*args, **kwargs)
E0908 07:14:11.791000 15816 site-packages\torch\_subclasses\fake_tensor.py:3212] [3/0]            ~~~~~~~~~~~~~~~~~~~~~~~^^^^^^^^^^^^^^^^^
E0908 07:14:11.791000 15816 site-packages\torch\_subclasses\fake_tensor.py:3212] [3/0]   File "C:\Users\clm\AppData\Local\Python\pythoncore-3.14-64\Lib\site-packages\torch\_library\utils.py", line 23, in __call__
E0908 07:14:11.791000 15816 site-packages\torch\_subclasses\fake_tensor.py:3212] [3/0]     return self.func(*args, **kwargs)
E0908 07:14:11.791000 15816 site-packages\torch\_subclasses\fake_tensor.py:3212] [3/0]            ~~~~~~~~~^^^^^^^^^^^^^^^^^
E0908 07:14:11.791000 15816 site-packages\torch\_subclasses\fake_tensor.py:3212] [3/0]   File "C:\Users\clm\AppData\Local\Python\pythoncore-3.14-64\Lib\site-packages\torch\library.py", line 1651, in inner
E0908 07:14:11.791000 15816 site-packages\torch\_subclasses\fake_tensor.py:3212] [3/0]     return func(*args, **kwargs)
E0908 07:14:11.791000 15816 site-packages\torch\_subclasses\fake_tensor.py:3212] [3/0]   File "C:\Users\clm\AppData\Local\Python\pythoncore-3.14-64\Lib\site-packages\torch\_library\custom_ops.py", line 785, in fake_impl
E0908 07:14:11.791000 15816 site-packages\torch\_subclasses\fake_tensor.py:3212] [3/0]     return self._abstract_fn(*args, **kwargs)
E0908 07:14:11.791000 15816 site-packages\torch\_subclasses\fake_tensor.py:3212] [3/0]            ~~~~~~~~~~~~~~~~~^^^^^^^^^^^^^^^^^
E0908 07:14:11.791000 15816 site-packages\torch\_subclasses\fake_tensor.py:3212] [3/0]   File "C:\Users\clm\AppData\Local\Python\pythoncore-3.14-64\Lib\site-packages\torch\_prims\__init__.py", line 1879, in _cat_meta
E0908 07:14:11.791000 15816 site-packages\torch\_subclasses\fake_tensor.py:3212] [3/0]     torch._check(
E0908 07:14:11.791000 15816 site-packages\torch\_subclasses\fake_tensor.py:3212] [3/0]     ~~~~~~~~~~~~^
E0908 07:14:11.791000 15816 site-packages\torch\_subclasses\fake_tensor.py:3212] [3/0]         length == common_length,
E0908 07:14:11.791000 15816 site-packages\torch\_subclasses\fake_tensor.py:3212] [3/0]         ^^^^^^^^^^^^^^^^^^^^^^^^
E0908 07:14:11.791000 15816 site-packages\torch\_subclasses\fake_tensor.py:3212] [3/0]     ...<2 lines>...
E0908 07:14:11.791000 15816 site-packages\torch\_subclasses\fake_tensor.py:3212] [3/0]         f"{tensor_idx} in the list",
E0908 07:14:11.791000 15816 site-packages\torch\_subclasses\fake_tensor.py:3212] [3/0]         ^^^^^^^^^^^^^^^^^^^^^^^^^^^^
E0908 07:14:11.791000 15816 site-packages\torch\_subclasses\fake_tensor.py:3212] [3/0]     )
E0908 07:14:11.791000 15816 site-packages\torch\_subclasses\fake_tensor.py:3212] [3/0]     ^
E0908 07:14:11.791000 15816 site-packages\torch\_subclasses\fake_tensor.py:3212] [3/0]   File "C:\Users\clm\AppData\Local\Python\pythoncore-3.14-64\Lib\site-packages\torch\__init__.py", line 2140, in _check
E0908 07:14:11.791000 15816 site-packages\torch\_subclasses\fake_tensor.py:3212] [3/0]     _check_with(RuntimeError, cond, message)
E0908 07:14:11.791000 15816 site-packages\torch\_subclasses\fake_tensor.py:3212] [3/0]     ~~~~~~~~~~~^^^^^^^^^^^^^^^^^^^^^^^^^^^^^
E0908 07:14:11.791000 15816 site-packages\torch\_subclasses\fake_tensor.py:3212] [3/0]   File "C:\Users\clm\AppData\Local\Python\pythoncore-3.14-64\Lib\site-packages\torch\__init__.py", line 2118, in _check_with
E0908 07:14:11.791000 15816 site-packages\torch\_subclasses\fake_tensor.py:3212] [3/0]     raise error_type(message_evaluated)
E0908 07:14:11.791000 15816 site-packages\torch\_subclasses\fake_tensor.py:3212] [3/0] RuntimeError: Sizes of tensors must match except in dimension 2. Expected 1 in dimension 0 but got 33 for tensor number 1 in the list
E0908 07:14:12.010000 15816 site-packages\torch\_subclasses\fake_tensor.py:3212] [3/0] failed while attempting to run meta for aten.cat.default
E0908 07:14:12.010000 15816 site-packages\torch\_subclasses\fake_tensor.py:3212] [3/0] Traceback (most recent call last):
E0908 07:14:12.010000 15816 site-packages\torch\_subclasses\fake_tensor.py:3212] [3/0]   File "C:\Users\clm\AppData\Local\Python\pythoncore-3.14-64\Lib\site-packages\torch\_subclasses\fake_tensor.py", line 3208, in _dispatch_impl
E0908 07:14:12.010000 15816 site-packages\torch\_subclasses\fake_tensor.py:3212] [3/0]     r = func(*args, **kwargs)
E0908 07:14:12.010000 15816 site-packages\torch\_subclasses\fake_tensor.py:3212] [3/0]   File "C:\Users\clm\AppData\Local\Python\pythoncore-3.14-64\Lib\site-packages\torch\_ops.py", line 916, in __call__
E0908 07:14:12.010000 15816 site-packages\torch\_subclasses\fake_tensor.py:3212] [3/0]     return self._op(*args, **kwargs)
E0908 07:14:12.010000 15816 site-packages\torch\_subclasses\fake_tensor.py:3212] [3/0]            ~~~~~~~~^^^^^^^^^^^^^^^^^
E0908 07:14:12.010000 15816 site-packages\torch\_subclasses\fake_tensor.py:3212] [3/0]   File "C:\Users\clm\AppData\Local\Python\pythoncore-3.14-64\Lib\site-packages\torch\_prims_common\wrappers.py", line 313, in _fn
E0908 07:14:12.010000 15816 site-packages\torch\_subclasses\fake_tensor.py:3212] [3/0]     result = fn(*args, **kwargs)
E0908 07:14:12.010000 15816 site-packages\torch\_subclasses\fake_tensor.py:3212] [3/0]   File "C:\Users\clm\AppData\Local\Python\pythoncore-3.14-64\Lib\site-packages\torch\_compile.py", line 54, in inner
E0908 07:14:12.010000 15816 site-packages\torch\_subclasses\fake_tensor.py:3212] [3/0]     return disable_fn(*args, **kwargs)
E0908 07:14:12.010000 15816 site-packages\torch\_subclasses\fake_tensor.py:3212] [3/0]   File "C:\Users\clm\AppData\Local\Python\pythoncore-3.14-64\Lib\site-packages\torch\_dynamo\eval_frame.py", line 1548, in _fn
E0908 07:14:12.010000 15816 site-packages\torch\_subclasses\fake_tensor.py:3212] [3/0]     return fn(*args, **kwargs)
E0908 07:14:12.010000 15816 site-packages\torch\_subclasses\fake_tensor.py:3212] [3/0]   File "C:\Users\clm\AppData\Local\Python\pythoncore-3.14-64\Lib\site-packages\torch\_prims_common\wrappers.py", line 151, in _fn
E0908 07:14:12.010000 15816 site-packages\torch\_subclasses\fake_tensor.py:3212] [3/0]     result = fn(**bound.arguments)
E0908 07:14:12.010000 15816 site-packages\torch\_subclasses\fake_tensor.py:3212] [3/0]   File "C:\Users\clm\AppData\Local\Python\pythoncore-3.14-64\Lib\site-packages\torch\_refs\__init__.py", line 3027, in cat
E0908 07:14:12.010000 15816 site-packages\torch\_subclasses\fake_tensor.py:3212] [3/0]     return prims.cat(filtered, dim).clone(memory_format=memory_format)
E0908 07:14:12.010000 15816 site-packages\torch\_subclasses\fake_tensor.py:3212] [3/0]            ~~~~~~~~~^^^^^^^^^^^^^^^
E0908 07:14:12.010000 15816 site-packages\torch\_subclasses\fake_tensor.py:3212] [3/0]   File "C:\Users\clm\AppData\Local\Python\pythoncore-3.14-64\Lib\site-packages\torch\_ops.py", line 916, in __call__
E0908 07:14:12.010000 15816 site-packages\torch\_subclasses\fake_tensor.py:3212] [3/0]     return self._op(*args, **kwargs)
E0908 07:14:12.010000 15816 site-packages\torch\_subclasses\fake_tensor.py:3212] [3/0]            ~~~~~~~~^^^^^^^^^^^^^^^^^
E0908 07:14:12.010000 15816 site-packages\torch\_subclasses\fake_tensor.py:3212] [3/0]   File "C:\Users\clm\AppData\Local\Python\pythoncore-3.14-64\Lib\site-packages\torch\_library\fake_impl.py", line 123, in meta_kernel
E0908 07:14:12.010000 15816 site-packages\torch\_subclasses\fake_tensor.py:3212] [3/0]     return fake_impl_holder.kernel(*args, **kwargs)
E0908 07:14:12.010000 15816 site-packages\torch\_subclasses\fake_tensor.py:3212] [3/0]            ~~~~~~~~~~~~~~~~~~~~~~~^^^^^^^^^^^^^^^^^
E0908 07:14:12.010000 15816 site-packages\torch\_subclasses\fake_tensor.py:3212] [3/0]   File "C:\Users\clm\AppData\Local\Python\pythoncore-3.14-64\Lib\site-packages\torch\_library\utils.py", line 23, in __call__
E0908 07:14:12.010000 15816 site-packages\torch\_subclasses\fake_tensor.py:3212] [3/0]     return self.func(*args, **kwargs)
E0908 07:14:12.010000 15816 site-packages\torch\_subclasses\fake_tensor.py:3212] [3/0]            ~~~~~~~~~^^^^^^^^^^^^^^^^^
E0908 07:14:12.010000 15816 site-packages\torch\_subclasses\fake_tensor.py:3212] [3/0]   File "C:\Users\clm\AppData\Local\Python\pythoncore-3.14-64\Lib\site-packages\torch\library.py", line 1651, in inner
E0908 07:14:12.010000 15816 site-packages\torch\_subclasses\fake_tensor.py:3212] [3/0]     return func(*args, **kwargs)
E0908 07:14:12.010000 15816 site-packages\torch\_subclasses\fake_tensor.py:3212] [3/0]   File "C:\Users\clm\AppData\Local\Python\pythoncore-3.14-64\Lib\site-packages\torch\_library\custom_ops.py", line 785, in fake_impl
E0908 07:14:12.010000 15816 site-packages\torch\_subclasses\fake_tensor.py:3212] [3/0]     return self._abstract_fn(*args, **kwargs)
E0908 07:14:12.010000 15816 site-packages\torch\_subclasses\fake_tensor.py:3212] [3/0]            ~~~~~~~~~~~~~~~~~^^^^^^^^^^^^^^^^^
E0908 07:14:12.010000 15816 site-packages\torch\_subclasses\fake_tensor.py:3212] [3/0]   File "C:\Users\clm\AppData\Local\Python\pythoncore-3.14-64\Lib\site-packages\torch\_prims\__init__.py", line 1879, in _cat_meta
E0908 07:14:12.010000 15816 site-packages\torch\_subclasses\fake_tensor.py:3212] [3/0]     torch._check(
E0908 07:14:12.010000 15816 site-packages\torch\_subclasses\fake_tensor.py:3212] [3/0]     ~~~~~~~~~~~~^
E0908 07:14:12.010000 15816 site-packages\torch\_subclasses\fake_tensor.py:3212] [3/0]         length == common_length,
E0908 07:14:12.010000 15816 site-packages\torch\_subclasses\fake_tensor.py:3212] [3/0]         ^^^^^^^^^^^^^^^^^^^^^^^^
E0908 07:14:12.010000 15816 site-packages\torch\_subclasses\fake_tensor.py:3212] [3/0]     ...<2 lines>...
E0908 07:14:12.010000 15816 site-packages\torch\_subclasses\fake_tensor.py:3212] [3/0]         f"{tensor_idx} in the list",
E0908 07:14:12.010000 15816 site-packages\torch\_subclasses\fake_tensor.py:3212] [3/0]         ^^^^^^^^^^^^^^^^^^^^^^^^^^^^
E0908 07:14:12.010000 15816 site-packages\torch\_subclasses\fake_tensor.py:3212] [3/0]     )
E0908 07:14:12.010000 15816 site-packages\torch\_subclasses\fake_tensor.py:3212] [3/0]     ^
E0908 07:14:12.010000 15816 site-packages\torch\_subclasses\fake_tensor.py:3212] [3/0]   File "C:\Users\clm\AppData\Local\Python\pythoncore-3.14-64\Lib\site-packages\torch\__init__.py", line 2140, in _check
E0908 07:14:12.010000 15816 site-packages\torch\_subclasses\fake_tensor.py:3212] [3/0]     _check_with(RuntimeError, cond, message)
E0908 07:14:12.010000 15816 site-packages\torch\_subclasses\fake_tensor.py:3212] [3/0]     ~~~~~~~~~~~^^^^^^^^^^^^^^^^^^^^^^^^^^^^^
E0908 07:14:12.010000 15816 site-packages\torch\_subclasses\fake_tensor.py:3212] [3/0]   File "C:\Users\clm\AppData\Local\Python\pythoncore-3.14-64\Lib\site-packages\torch\__init__.py", line 2118, in _check_with
E0908 07:14:12.010000 15816 site-packages\torch\_subclasses\fake_tensor.py:3212] [3/0]     raise error_type(message_evaluated)
E0908 07:14:12.010000 15816 site-packages\torch\_subclasses\fake_tensor.py:3212] [3/0] RuntimeError: Sizes of tensors must match except in dimension 2. Expected 1 in dimension 0 but got 33 for tensor number 1 in the list
E0908 07:14:12.220000 15816 site-packages\torch\_subclasses\fake_tensor.py:3212] [3/0] failed while attempting to run meta for aten.cat.default
E0908 07:14:12.220000 15816 site-packages\torch\_subclasses\fake_tensor.py:3212] [3/0] Traceback (most recent call last):
E0908 07:14:12.220000 15816 site-packages\torch\_subclasses\fake_tensor.py:3212] [3/0]   File "C:\Users\clm\AppData\Local\Python\pythoncore-3.14-64\Lib\site-packages\torch\_subclasses\fake_tensor.py", line 3208, in _dispatch_impl
E0908 07:14:12.220000 15816 site-packages\torch\_subclasses\fake_tensor.py:3212] [3/0]     r = func(*args, **kwargs)
E0908 07:14:12.220000 15816 site-packages\torch\_subclasses\fake_tensor.py:3212] [3/0]   File "C:\Users\clm\AppData\Local\Python\pythoncore-3.14-64\Lib\site-packages\torch\_ops.py", line 916, in __call__
E0908 07:14:12.220000 15816 site-packages\torch\_subclasses\fake_tensor.py:3212] [3/0]     return self._op(*args, **kwargs)
E0908 07:14:12.220000 15816 site-packages\torch\_subclasses\fake_tensor.py:3212] [3/0]            ~~~~~~~~^^^^^^^^^^^^^^^^^
E0908 07:14:12.220000 15816 site-packages\torch\_subclasses\fake_tensor.py:3212] [3/0]   File "C:\Users\clm\AppData\Local\Python\pythoncore-3.14-64\Lib\site-packages\torch\_prims_common\wrappers.py", line 313, in _fn
E0908 07:14:12.220000 15816 site-packages\torch\_subclasses\fake_tensor.py:3212] [3/0]     result = fn(*args, **kwargs)
E0908 07:14:12.220000 15816 site-packages\torch\_subclasses\fake_tensor.py:3212] [3/0]   File "C:\Users\clm\AppData\Local\Python\pythoncore-3.14-64\Lib\site-packages\torch\_compile.py", line 54, in inner
E0908 07:14:12.220000 15816 site-packages\torch\_subclasses\fake_tensor.py:3212] [3/0]     return disable_fn(*args, **kwargs)
E0908 07:14:12.220000 15816 site-packages\torch\_subclasses\fake_tensor.py:3212] [3/0]   File "C:\Users\clm\AppData\Local\Python\pythoncore-3.14-64\Lib\site-packages\torch\_dynamo\eval_frame.py", line 1548, in _fn
E0908 07:14:12.220000 15816 site-packages\torch\_subclasses\fake_tensor.py:3212] [3/0]     return fn(*args, **kwargs)
E0908 07:14:12.220000 15816 site-packages\torch\_subclasses\fake_tensor.py:3212] [3/0]   File "C:\Users\clm\AppData\Local\Python\pythoncore-3.14-64\Lib\site-packages\torch\_prims_common\wrappers.py", line 151, in _fn
E0908 07:14:12.220000 15816 site-packages\torch\_subclasses\fake_tensor.py:3212] [3/0]     result = fn(**bound.arguments)
E0908 07:14:12.220000 15816 site-packages\torch\_subclasses\fake_tensor.py:3212] [3/0]   File "C:\Users\clm\AppData\Local\Python\pythoncore-3.14-64\Lib\site-packages\torch\_refs\__init__.py", line 3027, in cat
E0908 07:14:12.220000 15816 site-packages\torch\_subclasses\fake_tensor.py:3212] [3/0]     return prims.cat(filtered, dim).clone(memory_format=memory_format)
E0908 07:14:12.220000 15816 site-packages\torch\_subclasses\fake_tensor.py:3212] [3/0]            ~~~~~~~~~^^^^^^^^^^^^^^^
E0908 07:14:12.220000 15816 site-packages\torch\_subclasses\fake_tensor.py:3212] [3/0]   File "C:\Users\clm\AppData\Local\Python\pythoncore-3.14-64\Lib\site-packages\torch\_ops.py", line 916, in __call__
E0908 07:14:12.220000 15816 site-packages\torch\_subclasses\fake_tensor.py:3212] [3/0]     return self._op(*args, **kwargs)
E0908 07:14:12.220000 15816 site-packages\torch\_subclasses\fake_tensor.py:3212] [3/0]            ~~~~~~~~^^^^^^^^^^^^^^^^^
E0908 07:14:12.220000 15816 site-packages\torch\_subclasses\fake_tensor.py:3212] [3/0]   File "C:\Users\clm\AppData\Local\Python\pythoncore-3.14-64\Lib\site-packages\torch\_library\fake_impl.py", line 123, in meta_kernel
E0908 07:14:12.220000 15816 site-packages\torch\_subclasses\fake_tensor.py:3212] [3/0]     return fake_impl_holder.kernel(*args, **kwargs)
E0908 07:14:12.220000 15816 site-packages\torch\_subclasses\fake_tensor.py:3212] [3/0]            ~~~~~~~~~~~~~~~~~~~~~~~^^^^^^^^^^^^^^^^^
E0908 07:14:12.220000 15816 site-packages\torch\_subclasses\fake_tensor.py:3212] [3/0]   File "C:\Users\clm\AppData\Local\Python\pythoncore-3.14-64\Lib\site-packages\torch\_library\utils.py", line 23, in __call__
E0908 07:14:12.220000 15816 site-packages\torch\_subclasses\fake_tensor.py:3212] [3/0]     return self.func(*args, **kwargs)
E0908 07:14:12.220000 15816 site-packages\torch\_subclasses\fake_tensor.py:3212] [3/0]            ~~~~~~~~~^^^^^^^^^^^^^^^^^
E0908 07:14:12.220000 15816 site-packages\torch\_subclasses\fake_tensor.py:3212] [3/0]   File "C:\Users\clm\AppData\Local\Python\pythoncore-3.14-64\Lib\site-packages\torch\library.py", line 1651, in inner
E0908 07:14:12.220000 15816 site-packages\torch\_subclasses\fake_tensor.py:3212] [3/0]     return func(*args, **kwargs)
E0908 07:14:12.220000 15816 site-packages\torch\_subclasses\fake_tensor.py:3212] [3/0]   File "C:\Users\clm\AppData\Local\Python\pythoncore-3.14-64\Lib\site-packages\torch\_library\custom_ops.py", line 785, in fake_impl
E0908 07:14:12.220000 15816 site-packages\torch\_subclasses\fake_tensor.py:3212] [3/0]     return self._abstract_fn(*args, **kwargs)
E0908 07:14:12.220000 15816 site-packages\torch\_subclasses\fake_tensor.py:3212] [3/0]            ~~~~~~~~~~~~~~~~~^^^^^^^^^^^^^^^^^
E0908 07:14:12.220000 15816 site-packages\torch\_subclasses\fake_tensor.py:3212] [3/0]   File "C:\Users\clm\AppData\Local\Python\pythoncore-3.14-64\Lib\site-packages\torch\_prims\__init__.py", line 1879, in _cat_meta
E0908 07:14:12.220000 15816 site-packages\torch\_subclasses\fake_tensor.py:3212] [3/0]     torch._check(
E0908 07:14:12.220000 15816 site-packages\torch\_subclasses\fake_tensor.py:3212] [3/0]     ~~~~~~~~~~~~^
E0908 07:14:12.220000 15816 site-packages\torch\_subclasses\fake_tensor.py:3212] [3/0]         length == common_length,
E0908 07:14:12.220000 15816 site-packages\torch\_subclasses\fake_tensor.py:3212] [3/0]         ^^^^^^^^^^^^^^^^^^^^^^^^
E0908 07:14:12.220000 15816 site-packages\torch\_subclasses\fake_tensor.py:3212] [3/0]     ...<2 lines>...
E0908 07:14:12.220000 15816 site-packages\torch\_subclasses\fake_tensor.py:3212] [3/0]         f"{tensor_idx} in the list",
E0908 07:14:12.220000 15816 site-packages\torch\_subclasses\fake_tensor.py:3212] [3/0]         ^^^^^^^^^^^^^^^^^^^^^^^^^^^^
E0908 07:14:12.220000 15816 site-packages\torch\_subclasses\fake_tensor.py:3212] [3/0]     )
E0908 07:14:12.220000 15816 site-packages\torch\_subclasses\fake_tensor.py:3212] [3/0]     ^
E0908 07:14:12.220000 15816 site-packages\torch\_subclasses\fake_tensor.py:3212] [3/0]   File "C:\Users\clm\AppData\Local\Python\pythoncore-3.14-64\Lib\site-packages\torch\__init__.py", line 2140, in _check
E0908 07:14:12.220000 15816 site-packages\torch\_subclasses\fake_tensor.py:3212] [3/0]     _check_with(RuntimeError, cond, message)
E0908 07:14:12.220000 15816 site-packages\torch\_subclasses\fake_tensor.py:3212] [3/0]     ~~~~~~~~~~~^^^^^^^^^^^^^^^^^^^^^^^^^^^^^
E0908 07:14:12.220000 15816 site-packages\torch\_subclasses\fake_tensor.py:3212] [3/0]   File "C:\Users\clm\AppData\Local\Python\pythoncore-3.14-64\Lib\site-packages\torch\__init__.py", line 2118, in _check_with
E0908 07:14:12.220000 15816 site-packages\torch\_subclasses\fake_tensor.py:3212] [3/0]     raise error_type(message_evaluated)
E0908 07:14:12.220000 15816 site-packages\torch\_subclasses\fake_tensor.py:3212] [3/0] RuntimeError: Sizes of tensors must match except in dimension 2. Expected 1 in dimension 0 but got 33 for tensor number 1 in the list
E0908 07:14:12.430000 15816 site-packages\torch\_subclasses\fake_tensor.py:3212] [3/0] failed while attempting to run meta for aten.cat.default
E0908 07:14:12.430000 15816 site-packages\torch\_subclasses\fake_tensor.py:3212] [3/0] Traceback (most recent call last):
E0908 07:14:12.430000 15816 site-packages\torch\_subclasses\fake_tensor.py:3212] [3/0]   File "C:\Users\clm\AppData\Local\Python\pythoncore-3.14-64\Lib\site-packages\torch\_subclasses\fake_tensor.py", line 3208, in _dispatch_impl
E0908 07:14:12.430000 15816 site-packages\torch\_subclasses\fake_tensor.py:3212] [3/0]     r = func(*args, **kwargs)
E0908 07:14:12.430000 15816 site-packages\torch\_subclasses\fake_tensor.py:3212] [3/0]   File "C:\Users\clm\AppData\Local\Python\pythoncore-3.14-64\Lib\site-packages\torch\_ops.py", line 916, in __call__
E0908 07:14:12.430000 15816 site-packages\torch\_subclasses\fake_tensor.py:3212] [3/0]     return self._op(*args, **kwargs)
E0908 07:14:12.430000 15816 site-packages\torch\_subclasses\fake_tensor.py:3212] [3/0]            ~~~~~~~~^^^^^^^^^^^^^^^^^
E0908 07:14:12.430000 15816 site-packages\torch\_subclasses\fake_tensor.py:3212] [3/0]   File "C:\Users\clm\AppData\Local\Python\pythoncore-3.14-64\Lib\site-packages\torch\_prims_common\wrappers.py", line 313, in _fn
E0908 07:14:12.430000 15816 site-packages\torch\_subclasses\fake_tensor.py:3212] [3/0]     result = fn(*args, **kwargs)
E0908 07:14:12.430000 15816 site-packages\torch\_subclasses\fake_tensor.py:3212] [3/0]   File "C:\Users\clm\AppData\Local\Python\pythoncore-3.14-64\Lib\site-packages\torch\_compile.py", line 54, in inner
E0908 07:14:12.430000 15816 site-packages\torch\_subclasses\fake_tensor.py:3212] [3/0]     return disable_fn(*args, **kwargs)
E0908 07:14:12.430000 15816 site-packages\torch\_subclasses\fake_tensor.py:3212] [3/0]   File "C:\Users\clm\AppData\Local\Python\pythoncore-3.14-64\Lib\site-packages\torch\_dynamo\eval_frame.py", line 1548, in _fn
E0908 07:14:12.430000 15816 site-packages\torch\_subclasses\fake_tensor.py:3212] [3/0]     return fn(*args, **kwargs)
E0908 07:14:12.430000 15816 site-packages\torch\_subclasses\fake_tensor.py:3212] [3/0]   File "C:\Users\clm\AppData\Local\Python\pythoncore-3.14-64\Lib\site-packages\torch\_prims_common\wrappers.py", line 151, in _fn
E0908 07:14:12.430000 15816 site-packages\torch\_subclasses\fake_tensor.py:3212] [3/0]     result = fn(**bound.arguments)
E0908 07:14:12.430000 15816 site-packages\torch\_subclasses\fake_tensor.py:3212] [3/0]   File "C:\Users\clm\AppData\Local\Python\pythoncore-3.14-64\Lib\site-packages\torch\_refs\__init__.py", line 3027, in cat
E0908 07:14:12.430000 15816 site-packages\torch\_subclasses\fake_tensor.py:3212] [3/0]     return prims.cat(filtered, dim).clone(memory_format=memory_format)
E0908 07:14:12.430000 15816 site-packages\torch\_subclasses\fake_tensor.py:3212] [3/0]            ~~~~~~~~~^^^^^^^^^^^^^^^
E0908 07:14:12.430000 15816 site-packages\torch\_subclasses\fake_tensor.py:3212] [3/0]   File "C:\Users\clm\AppData\Local\Python\pythoncore-3.14-64\Lib\site-packages\torch\_ops.py", line 916, in __call__
E0908 07:14:12.430000 15816 site-packages\torch\_subclasses\fake_tensor.py:3212] [3/0]     return self._op(*args, **kwargs)
E0908 07:14:12.430000 15816 site-packages\torch\_subclasses\fake_tensor.py:3212] [3/0]            ~~~~~~~~^^^^^^^^^^^^^^^^^
E0908 07:14:12.430000 15816 site-packages\torch\_subclasses\fake_tensor.py:3212] [3/0]   File "C:\Users\clm\AppData\Local\Python\pythoncore-3.14-64\Lib\site-packages\torch\_library\fake_impl.py", line 123, in meta_kernel
E0908 07:14:12.430000 15816 site-packages\torch\_subclasses\fake_tensor.py:3212] [3/0]     return fake_impl_holder.kernel(*args, **kwargs)
E0908 07:14:12.430000 15816 site-packages\torch\_subclasses\fake_tensor.py:3212] [3/0]            ~~~~~~~~~~~~~~~~~~~~~~~^^^^^^^^^^^^^^^^^
E0908 07:14:12.430000 15816 site-packages\torch\_subclasses\fake_tensor.py:3212] [3/0]   File "C:\Users\clm\AppData\Local\Python\pythoncore-3.14-64\Lib\site-packages\torch\_library\utils.py", line 23, in __call__
E0908 07:14:12.430000 15816 site-packages\torch\_subclasses\fake_tensor.py:3212] [3/0]     return self.func(*args, **kwargs)
E0908 07:14:12.430000 15816 site-packages\torch\_subclasses\fake_tensor.py:3212] [3/0]            ~~~~~~~~~^^^^^^^^^^^^^^^^^
E0908 07:14:12.430000 15816 site-packages\torch\_subclasses\fake_tensor.py:3212] [3/0]   File "C:\Users\clm\AppData\Local\Python\pythoncore-3.14-64\Lib\site-packages\torch\library.py", line 1651, in inner
E0908 07:14:12.430000 15816 site-packages\torch\_subclasses\fake_tensor.py:3212] [3/0]     return func(*args, **kwargs)
E0908 07:14:12.430000 15816 site-packages\torch\_subclasses\fake_tensor.py:3212] [3/0]   File "C:\Users\clm\AppData\Local\Python\pythoncore-3.14-64\Lib\site-packages\torch\_library\custom_ops.py", line 785, in fake_impl
E0908 07:14:12.430000 15816 site-packages\torch\_subclasses\fake_tensor.py:3212] [3/0]     return self._abstract_fn(*args, **kwargs)
E0908 07:14:12.430000 15816 site-packages\torch\_subclasses\fake_tensor.py:3212] [3/0]            ~~~~~~~~~~~~~~~~~^^^^^^^^^^^^^^^^^
E0908 07:14:12.430000 15816 site-packages\torch\_subclasses\fake_tensor.py:3212] [3/0]   File "C:\Users\clm\AppData\Local\Python\pythoncore-3.14-64\Lib\site-packages\torch\_prims\__init__.py", line 1879, in _cat_meta
E0908 07:14:12.430000 15816 site-packages\torch\_subclasses\fake_tensor.py:3212] [3/0]     torch._check(
E0908 07:14:12.430000 15816 site-packages\torch\_subclasses\fake_tensor.py:3212] [3/0]     ~~~~~~~~~~~~^
E0908 07:14:12.430000 15816 site-packages\torch\_subclasses\fake_tensor.py:3212] [3/0]         length == common_length,
E0908 07:14:12.430000 15816 site-packages\torch\_subclasses\fake_tensor.py:3212] [3/0]         ^^^^^^^^^^^^^^^^^^^^^^^^
E0908 07:14:12.430000 15816 site-packages\torch\_subclasses\fake_tensor.py:3212] [3/0]     ...<2 lines>...
E0908 07:14:12.430000 15816 site-packages\torch\_subclasses\fake_tensor.py:3212] [3/0]         f"{tensor_idx} in the list",
E0908 07:14:12.430000 15816 site-packages\torch\_subclasses\fake_tensor.py:3212] [3/0]         ^^^^^^^^^^^^^^^^^^^^^^^^^^^^
E0908 07:14:12.430000 15816 site-packages\torch\_subclasses\fake_tensor.py:3212] [3/0]     )
E0908 07:14:12.430000 15816 site-packages\torch\_subclasses\fake_tensor.py:3212] [3/0]     ^
E0908 07:14:12.430000 15816 site-packages\torch\_subclasses\fake_tensor.py:3212] [3/0]   File "C:\Users\clm\AppData\Local\Python\pythoncore-3.14-64\Lib\site-packages\torch\__init__.py", line 2140, in _check
E0908 07:14:12.430000 15816 site-packages\torch\_subclasses\fake_tensor.py:3212] [3/0]     _check_with(RuntimeError, cond, message)
E0908 07:14:12.430000 15816 site-packages\torch\_subclasses\fake_tensor.py:3212] [3/0]     ~~~~~~~~~~~^^^^^^^^^^^^^^^^^^^^^^^^^^^^^
E0908 07:14:12.430000 15816 site-packages\torch\_subclasses\fake_tensor.py:3212] [3/0]   File "C:\Users\clm\AppData\Local\Python\pythoncore-3.14-64\Lib\site-packages\torch\__init__.py", line 2118, in _check_with
E0908 07:14:12.430000 15816 site-packages\torch\_subclasses\fake_tensor.py:3212] [3/0]     raise error_type(message_evaluated)
E0908 07:14:12.430000 15816 site-packages\torch\_subclasses\fake_tensor.py:3212] [3/0] RuntimeError: Sizes of tensors must match except in dimension 2. Expected 1 in dimension 0 but got 33 for tensor number 1 in the list
E0908 07:14:12.651000 15816 site-packages\torch\_subclasses\fake_tensor.py:3212] [3/0] failed while attempting to run meta for aten.cat.default
E0908 07:14:12.651000 15816 site-packages\torch\_subclasses\fake_tensor.py:3212] [3/0] Traceback (most recent call last):
E0908 07:14:12.651000 15816 site-packages\torch\_subclasses\fake_tensor.py:3212] [3/0]   File "C:\Users\clm\AppData\Local\Python\pythoncore-3.14-64\Lib\site-packages\torch\_subclasses\fake_tensor.py", line 3208, in _dispatch_impl
E0908 07:14:12.651000 15816 site-packages\torch\_subclasses\fake_tensor.py:3212] [3/0]     r = func(*args, **kwargs)
E0908 07:14:12.651000 15816 site-packages\torch\_subclasses\fake_tensor.py:3212] [3/0]   File "C:\Users\clm\AppData\Local\Python\pythoncore-3.14-64\Lib\site-packages\torch\_ops.py", line 916, in __call__
E0908 07:14:12.651000 15816 site-packages\torch\_subclasses\fake_tensor.py:3212] [3/0]     return self._op(*args, **kwargs)
E0908 07:14:12.651000 15816 site-packages\torch\_subclasses\fake_tensor.py:3212] [3/0]            ~~~~~~~~^^^^^^^^^^^^^^^^^
E0908 07:14:12.651000 15816 site-packages\torch\_subclasses\fake_tensor.py:3212] [3/0]   File "C:\Users\clm\AppData\Local\Python\pythoncore-3.14-64\Lib\site-packages\torch\_prims_common\wrappers.py", line 313, in _fn
E0908 07:14:12.651000 15816 site-packages\torch\_subclasses\fake_tensor.py:3212] [3/0]     result = fn(*args, **kwargs)
E0908 07:14:12.651000 15816 site-packages\torch\_subclasses\fake_tensor.py:3212] [3/0]   File "C:\Users\clm\AppData\Local\Python\pythoncore-3.14-64\Lib\site-packages\torch\_compile.py", line 54, in inner
E0908 07:14:12.651000 15816 site-packages\torch\_subclasses\fake_tensor.py:3212] [3/0]     return disable_fn(*args, **kwargs)
E0908 07:14:12.651000 15816 site-packages\torch\_subclasses\fake_tensor.py:3212] [3/0]   File "C:\Users\clm\AppData\Local\Python\pythoncore-3.14-64\Lib\site-packages\torch\_dynamo\eval_frame.py", line 1548, in _fn
E0908 07:14:12.651000 15816 site-packages\torch\_subclasses\fake_tensor.py:3212] [3/0]     return fn(*args, **kwargs)
E0908 07:14:12.651000 15816 site-packages\torch\_subclasses\fake_tensor.py:3212] [3/0]   File "C:\Users\clm\AppData\Local\Python\pythoncore-3.14-64\Lib\site-packages\torch\_prims_common\wrappers.py", line 151, in _fn
E0908 07:14:12.651000 15816 site-packages\torch\_subclasses\fake_tensor.py:3212] [3/0]     result = fn(**bound.arguments)
E0908 07:14:12.651000 15816 site-packages\torch\_subclasses\fake_tensor.py:3212] [3/0]   File "C:\Users\clm\AppData\Local\Python\pythoncore-3.14-64\Lib\site-packages\torch\_refs\__init__.py", line 3027, in cat
E0908 07:14:12.651000 15816 site-packages\torch\_subclasses\fake_tensor.py:3212] [3/0]     return prims.cat(filtered, dim).clone(memory_format=memory_format)
E0908 07:14:12.651000 15816 site-packages\torch\_subclasses\fake_tensor.py:3212] [3/0]            ~~~~~~~~~^^^^^^^^^^^^^^^
E0908 07:14:12.651000 15816 site-packages\torch\_subclasses\fake_tensor.py:3212] [3/0]   File "C:\Users\clm\AppData\Local\Python\pythoncore-3.14-64\Lib\site-packages\torch\_ops.py", line 916, in __call__
E0908 07:14:12.651000 15816 site-packages\torch\_subclasses\fake_tensor.py:3212] [3/0]     return self._op(*args, **kwargs)
E0908 07:14:12.651000 15816 site-packages\torch\_subclasses\fake_tensor.py:3212] [3/0]            ~~~~~~~~^^^^^^^^^^^^^^^^^
E0908 07:14:12.651000 15816 site-packages\torch\_subclasses\fake_tensor.py:3212] [3/0]   File "C:\Users\clm\AppData\Local\Python\pythoncore-3.14-64\Lib\site-packages\torch\_library\fake_impl.py", line 123, in meta_kernel
E0908 07:14:12.651000 15816 site-packages\torch\_subclasses\fake_tensor.py:3212] [3/0]     return fake_impl_holder.kernel(*args, **kwargs)
E0908 07:14:12.651000 15816 site-packages\torch\_subclasses\fake_tensor.py:3212] [3/0]            ~~~~~~~~~~~~~~~~~~~~~~~^^^^^^^^^^^^^^^^^
E0908 07:14:12.651000 15816 site-packages\torch\_subclasses\fake_tensor.py:3212] [3/0]   File "C:\Users\clm\AppData\Local\Python\pythoncore-3.14-64\Lib\site-packages\torch\_library\utils.py", line 23, in __call__
E0908 07:14:12.651000 15816 site-packages\torch\_subclasses\fake_tensor.py:3212] [3/0]     return self.func(*args, **kwargs)
E0908 07:14:12.651000 15816 site-packages\torch\_subclasses\fake_tensor.py:3212] [3/0]            ~~~~~~~~~^^^^^^^^^^^^^^^^^
E0908 07:14:12.651000 15816 site-packages\torch\_subclasses\fake_tensor.py:3212] [3/0]   File "C:\Users\clm\AppData\Local\Python\pythoncore-3.14-64\Lib\site-packages\torch\library.py", line 1651, in inner
E0908 07:14:12.651000 15816 site-packages\torch\_subclasses\fake_tensor.py:3212] [3/0]     return func(*args, **kwargs)
E0908 07:14:12.651000 15816 site-packages\torch\_subclasses\fake_tensor.py:3212] [3/0]   File "C:\Users\clm\AppData\Local\Python\pythoncore-3.14-64\Lib\site-packages\torch\_library\custom_ops.py", line 785, in fake_impl
E0908 07:14:12.651000 15816 site-packages\torch\_subclasses\fake_tensor.py:3212] [3/0]     return self._abstract_fn(*args, **kwargs)
E0908 07:14:12.651000 15816 site-packages\torch\_subclasses\fake_tensor.py:3212] [3/0]            ~~~~~~~~~~~~~~~~~^^^^^^^^^^^^^^^^^
E0908 07:14:12.651000 15816 site-packages\torch\_subclasses\fake_tensor.py:3212] [3/0]   File "C:\Users\clm\AppData\Local\Python\pythoncore-3.14-64\Lib\site-packages\torch\_prims\__init__.py", line 1879, in _cat_meta
E0908 07:14:12.651000 15816 site-packages\torch\_subclasses\fake_tensor.py:3212] [3/0]     torch._check(
E0908 07:14:12.651000 15816 site-packages\torch\_subclasses\fake_tensor.py:3212] [3/0]     ~~~~~~~~~~~~^
E0908 07:14:12.651000 15816 site-packages\torch\_subclasses\fake_tensor.py:3212] [3/0]         length == common_length,
E0908 07:14:12.651000 15816 site-packages\torch\_subclasses\fake_tensor.py:3212] [3/0]         ^^^^^^^^^^^^^^^^^^^^^^^^
E0908 07:14:12.651000 15816 site-packages\torch\_subclasses\fake_tensor.py:3212] [3/0]     ...<2 lines>...
E0908 07:14:12.651000 15816 site-packages\torch\_subclasses\fake_tensor.py:3212] [3/0]         f"{tensor_idx} in the list",
E0908 07:14:12.651000 15816 site-packages\torch\_subclasses\fake_tensor.py:3212] [3/0]         ^^^^^^^^^^^^^^^^^^^^^^^^^^^^
E0908 07:14:12.651000 15816 site-packages\torch\_subclasses\fake_tensor.py:3212] [3/0]     )
E0908 07:14:12.651000 15816 site-packages\torch\_subclasses\fake_tensor.py:3212] [3/0]     ^
E0908 07:14:12.651000 15816 site-packages\torch\_subclasses\fake_tensor.py:3212] [3/0]   File "C:\Users\clm\AppData\Local\Python\pythoncore-3.14-64\Lib\site-packages\torch\__init__.py", line 2140, in _check
E0908 07:14:12.651000 15816 site-packages\torch\_subclasses\fake_tensor.py:3212] [3/0]     _check_with(RuntimeError, cond, message)
E0908 07:14:12.651000 15816 site-packages\torch\_subclasses\fake_tensor.py:3212] [3/0]     ~~~~~~~~~~~^^^^^^^^^^^^^^^^^^^^^^^^^^^^^
E0908 07:14:12.651000 15816 site-packages\torch\_subclasses\fake_tensor.py:3212] [3/0]   File "C:\Users\clm\AppData\Local\Python\pythoncore-3.14-64\Lib\site-packages\torch\__init__.py", line 2118, in _check_with
E0908 07:14:12.651000 15816 site-packages\torch\_subclasses\fake_tensor.py:3212] [3/0]     raise error_type(message_evaluated)
E0908 07:14:12.651000 15816 site-packages\torch\_subclasses\fake_tensor.py:3212] [3/0] RuntimeError: Sizes of tensors must match except in dimension 2. Expected 1 in dimension 0 but got 33 for tensor number 1 in the list
E0908 07:14:12.886000 15816 site-packages\torch\_subclasses\fake_tensor.py:3212] [3/0] failed while attempting to run meta for aten.cat.default
E0908 07:14:12.886000 15816 site-packages\torch\_subclasses\fake_tensor.py:3212] [3/0] Traceback (most recent call last):
E0908 07:14:12.886000 15816 site-packages\torch\_subclasses\fake_tensor.py:3212] [3/0]   File "C:\Users\clm\AppData\Local\Python\pythoncore-3.14-64\Lib\site-packages\torch\_subclasses\fake_tensor.py", line 3208, in _dispatch_impl
E0908 07:14:12.886000 15816 site-packages\torch\_subclasses\fake_tensor.py:3212] [3/0]     r = func(*args, **kwargs)
E0908 07:14:12.886000 15816 site-packages\torch\_subclasses\fake_tensor.py:3212] [3/0]   File "C:\Users\clm\AppData\Local\Python\pythoncore-3.14-64\Lib\site-packages\torch\_ops.py", line 916, in __call__
E0908 07:14:12.886000 15816 site-packages\torch\_subclasses\fake_tensor.py:3212] [3/0]     return self._op(*args, **kwargs)
E0908 07:14:12.886000 15816 site-packages\torch\_subclasses\fake_tensor.py:3212] [3/0]            ~~~~~~~~^^^^^^^^^^^^^^^^^
E0908 07:14:12.886000 15816 site-packages\torch\_subclasses\fake_tensor.py:3212] [3/0]   File "C:\Users\clm\AppData\Local\Python\pythoncore-3.14-64\Lib\site-packages\torch\_prims_common\wrappers.py", line 313, in _fn
E0908 07:14:12.886000 15816 site-packages\torch\_subclasses\fake_tensor.py:3212] [3/0]     result = fn(*args, **kwargs)
E0908 07:14:12.886000 15816 site-packages\torch\_subclasses\fake_tensor.py:3212] [3/0]   File "C:\Users\clm\AppData\Local\Python\pythoncore-3.14-64\Lib\site-packages\torch\_compile.py", line 54, in inner
E0908 07:14:12.886000 15816 site-packages\torch\_subclasses\fake_tensor.py:3212] [3/0]     return disable_fn(*args, **kwargs)
E0908 07:14:12.886000 15816 site-packages\torch\_subclasses\fake_tensor.py:3212] [3/0]   File "C:\Users\clm\AppData\Local\Python\pythoncore-3.14-64\Lib\site-packages\torch\_dynamo\eval_frame.py", line 1548, in _fn
E0908 07:14:12.886000 15816 site-packages\torch\_subclasses\fake_tensor.py:3212] [3/0]     return fn(*args, **kwargs)
E0908 07:14:12.886000 15816 site-packages\torch\_subclasses\fake_tensor.py:3212] [3/0]   File "C:\Users\clm\AppData\Local\Python\pythoncore-3.14-64\Lib\site-packages\torch\_prims_common\wrappers.py", line 151, in _fn
E0908 07:14:12.886000 15816 site-packages\torch\_subclasses\fake_tensor.py:3212] [3/0]     result = fn(**bound.arguments)
E0908 07:14:12.886000 15816 site-packages\torch\_subclasses\fake_tensor.py:3212] [3/0]   File "C:\Users\clm\AppData\Local\Python\pythoncore-3.14-64\Lib\site-packages\torch\_refs\__init__.py", line 3027, in cat
E0908 07:14:12.886000 15816 site-packages\torch\_subclasses\fake_tensor.py:3212] [3/0]     return prims.cat(filtered, dim).clone(memory_format=memory_format)
E0908 07:14:12.886000 15816 site-packages\torch\_subclasses\fake_tensor.py:3212] [3/0]            ~~~~~~~~~^^^^^^^^^^^^^^^
E0908 07:14:12.886000 15816 site-packages\torch\_subclasses\fake_tensor.py:3212] [3/0]   File "C:\Users\clm\AppData\Local\Python\pythoncore-3.14-64\Lib\site-packages\torch\_ops.py", line 916, in __call__
E0908 07:14:12.886000 15816 site-packages\torch\_subclasses\fake_tensor.py:3212] [3/0]     return self._op(*args, **kwargs)
E0908 07:14:12.886000 15816 site-packages\torch\_subclasses\fake_tensor.py:3212] [3/0]            ~~~~~~~~^^^^^^^^^^^^^^^^^
E0908 07:14:12.886000 15816 site-packages\torch\_subclasses\fake_tensor.py:3212] [3/0]   File "C:\Users\clm\AppData\Local\Python\pythoncore-3.14-64\Lib\site-packages\torch\_library\fake_impl.py", line 123, in meta_kernel
E0908 07:14:12.886000 15816 site-packages\torch\_subclasses\fake_tensor.py:3212] [3/0]     return fake_impl_holder.kernel(*args, **kwargs)
E0908 07:14:12.886000 15816 site-packages\torch\_subclasses\fake_tensor.py:3212] [3/0]            ~~~~~~~~~~~~~~~~~~~~~~~^^^^^^^^^^^^^^^^^
E0908 07:14:12.886000 15816 site-packages\torch\_subclasses\fake_tensor.py:3212] [3/0]   File "C:\Users\clm\AppData\Local\Python\pythoncore-3.14-64\Lib\site-packages\torch\_library\utils.py", line 23, in __call__
E0908 07:14:12.886000 15816 site-packages\torch\_subclasses\fake_tensor.py:3212] [3/0]     return self.func(*args, **kwargs)
E0908 07:14:12.886000 15816 site-packages\torch\_subclasses\fake_tensor.py:3212] [3/0]            ~~~~~~~~~^^^^^^^^^^^^^^^^^
E0908 07:14:12.886000 15816 site-packages\torch\_subclasses\fake_tensor.py:3212] [3/0]   File "C:\Users\clm\AppData\Local\Python\pythoncore-3.14-64\Lib\site-packages\torch\library.py", line 1651, in inner
E0908 07:14:12.886000 15816 site-packages\torch\_subclasses\fake_tensor.py:3212] [3/0]     return func(*args, **kwargs)
E0908 07:14:12.886000 15816 site-packages\torch\_subclasses\fake_tensor.py:3212] [3/0]   File "C:\Users\clm\AppData\Local\Python\pythoncore-3.14-64\Lib\site-packages\torch\_library\custom_ops.py", line 785, in fake_impl
E0908 07:14:12.886000 15816 site-packages\torch\_subclasses\fake_tensor.py:3212] [3/0]     return self._abstract_fn(*args, **kwargs)
E0908 07:14:12.886000 15816 site-packages\torch\_subclasses\fake_tensor.py:3212] [3/0]            ~~~~~~~~~~~~~~~~~^^^^^^^^^^^^^^^^^
E0908 07:14:12.886000 15816 site-packages\torch\_subclasses\fake_tensor.py:3212] [3/0]   File "C:\Users\clm\AppData\Local\Python\pythoncore-3.14-64\Lib\site-packages\torch\_prims\__init__.py", line 1879, in _cat_meta
E0908 07:14:12.886000 15816 site-packages\torch\_subclasses\fake_tensor.py:3212] [3/0]     torch._check(
E0908 07:14:12.886000 15816 site-packages\torch\_subclasses\fake_tensor.py:3212] [3/0]     ~~~~~~~~~~~~^
E0908 07:14:12.886000 15816 site-packages\torch\_subclasses\fake_tensor.py:3212] [3/0]         length == common_length,
E0908 07:14:12.886000 15816 site-packages\torch\_subclasses\fake_tensor.py:3212] [3/0]         ^^^^^^^^^^^^^^^^^^^^^^^^
E0908 07:14:12.886000 15816 site-packages\torch\_subclasses\fake_tensor.py:3212] [3/0]     ...<2 lines>...
E0908 07:14:12.886000 15816 site-packages\torch\_subclasses\fake_tensor.py:3212] [3/0]         f"{tensor_idx} in the list",
E0908 07:14:12.886000 15816 site-packages\torch\_subclasses\fake_tensor.py:3212] [3/0]         ^^^^^^^^^^^^^^^^^^^^^^^^^^^^
E0908 07:14:12.886000 15816 site-packages\torch\_subclasses\fake_tensor.py:3212] [3/0]     )
E0908 07:14:12.886000 15816 site-packages\torch\_subclasses\fake_tensor.py:3212] [3/0]     ^
E0908 07:14:12.886000 15816 site-packages\torch\_subclasses\fake_tensor.py:3212] [3/0]   File "C:\Users\clm\AppData\Local\Python\pythoncore-3.14-64\Lib\site-packages\torch\__init__.py", line 2140, in _check
E0908 07:14:12.886000 15816 site-packages\torch\_subclasses\fake_tensor.py:3212] [3/0]     _check_with(RuntimeError, cond, message)
E0908 07:14:12.886000 15816 site-packages\torch\_subclasses\fake_tensor.py:3212] [3/0]     ~~~~~~~~~~~^^^^^^^^^^^^^^^^^^^^^^^^^^^^^
E0908 07:14:12.886000 15816 site-packages\torch\_subclasses\fake_tensor.py:3212] [3/0]   File "C:\Users\clm\AppData\Local\Python\pythoncore-3.14-64\Lib\site-packages\torch\__init__.py", line 2118, in _check_with
E0908 07:14:12.886000 15816 site-packages\torch\_subclasses\fake_tensor.py:3212] [3/0]     raise error_type(message_evaluated)
E0908 07:14:12.886000 15816 site-packages\torch\_subclasses\fake_tensor.py:3212] [3/0] RuntimeError: Sizes of tensors must match except in dimension 2. Expected 1 in dimension 0 but got 33 for tensor number 1 in the list
E0908 07:14:13.101000 15816 site-packages\torch\_subclasses\fake_tensor.py:3212] [3/0] failed while attempting to run meta for aten.cat.default
E0908 07:14:13.101000 15816 site-packages\torch\_subclasses\fake_tensor.py:3212] [3/0] Traceback (most recent call last):
E0908 07:14:13.101000 15816 site-packages\torch\_subclasses\fake_tensor.py:3212] [3/0]   File "C:\Users\clm\AppData\Local\Python\pythoncore-3.14-64\Lib\site-packages\torch\_subclasses\fake_tensor.py", line 3208, in _dispatch_impl
E0908 07:14:13.101000 15816 site-packages\torch\_subclasses\fake_tensor.py:3212] [3/0]     r = func(*args, **kwargs)
E0908 07:14:13.101000 15816 site-packages\torch\_subclasses\fake_tensor.py:3212] [3/0]   File "C:\Users\clm\AppData\Local\Python\pythoncore-3.14-64\Lib\site-packages\torch\_ops.py", line 916, in __call__
E0908 07:14:13.101000 15816 site-packages\torch\_subclasses\fake_tensor.py:3212] [3/0]     return self._op(*args, **kwargs)
E0908 07:14:13.101000 15816 site-packages\torch\_subclasses\fake_tensor.py:3212] [3/0]            ~~~~~~~~^^^^^^^^^^^^^^^^^
E0908 07:14:13.101000 15816 site-packages\torch\_subclasses\fake_tensor.py:3212] [3/0]   File "C:\Users\clm\AppData\Local\Python\pythoncore-3.14-64\Lib\site-packages\torch\_prims_common\wrappers.py", line 313, in _fn
E0908 07:14:13.101000 15816 site-packages\torch\_subclasses\fake_tensor.py:3212] [3/0]     result = fn(*args, **kwargs)
E0908 07:14:13.101000 15816 site-packages\torch\_subclasses\fake_tensor.py:3212] [3/0]   File "C:\Users\clm\AppData\Local\Python\pythoncore-3.14-64\Lib\site-packages\torch\_compile.py", line 54, in inner
E0908 07:14:13.101000 15816 site-packages\torch\_subclasses\fake_tensor.py:3212] [3/0]     return disable_fn(*args, **kwargs)
E0908 07:14:13.101000 15816 site-packages\torch\_subclasses\fake_tensor.py:3212] [3/0]   File "C:\Users\clm\AppData\Local\Python\pythoncore-3.14-64\Lib\site-packages\torch\_dynamo\eval_frame.py", line 1548, in _fn
E0908 07:14:13.101000 15816 site-packages\torch\_subclasses\fake_tensor.py:3212] [3/0]     return fn(*args, **kwargs)
E0908 07:14:13.101000 15816 site-packages\torch\_subclasses\fake_tensor.py:3212] [3/0]   File "C:\Users\clm\AppData\Local\Python\pythoncore-3.14-64\Lib\site-packages\torch\_prims_common\wrappers.py", line 151, in _fn
E0908 07:14:13.101000 15816 site-packages\torch\_subclasses\fake_tensor.py:3212] [3/0]     result = fn(**bound.arguments)
E0908 07:14:13.101000 15816 site-packages\torch\_subclasses\fake_tensor.py:3212] [3/0]   File "C:\Users\clm\AppData\Local\Python\pythoncore-3.14-64\Lib\site-packages\torch\_refs\__init__.py", line 3027, in cat
E0908 07:14:13.101000 15816 site-packages\torch\_subclasses\fake_tensor.py:3212] [3/0]     return prims.cat(filtered, dim).clone(memory_format=memory_format)
E0908 07:14:13.101000 15816 site-packages\torch\_subclasses\fake_tensor.py:3212] [3/0]            ~~~~~~~~~^^^^^^^^^^^^^^^
E0908 07:14:13.101000 15816 site-packages\torch\_subclasses\fake_tensor.py:3212] [3/0]   File "C:\Users\clm\AppData\Local\Python\pythoncore-3.14-64\Lib\site-packages\torch\_ops.py", line 916, in __call__
E0908 07:14:13.101000 15816 site-packages\torch\_subclasses\fake_tensor.py:3212] [3/0]     return self._op(*args, **kwargs)
E0908 07:14:13.101000 15816 site-packages\torch\_subclasses\fake_tensor.py:3212] [3/0]            ~~~~~~~~^^^^^^^^^^^^^^^^^
E0908 07:14:13.101000 15816 site-packages\torch\_subclasses\fake_tensor.py:3212] [3/0]   File "C:\Users\clm\AppData\Local\Python\pythoncore-3.14-64\Lib\site-packages\torch\_library\fake_impl.py", line 123, in meta_kernel
E0908 07:14:13.101000 15816 site-packages\torch\_subclasses\fake_tensor.py:3212] [3/0]     return fake_impl_holder.kernel(*args, **kwargs)
E0908 07:14:13.101000 15816 site-packages\torch\_subclasses\fake_tensor.py:3212] [3/0]            ~~~~~~~~~~~~~~~~~~~~~~~^^^^^^^^^^^^^^^^^
E0908 07:14:13.101000 15816 site-packages\torch\_subclasses\fake_tensor.py:3212] [3/0]   File "C:\Users\clm\AppData\Local\Python\pythoncore-3.14-64\Lib\site-packages\torch\_library\utils.py", line 23, in __call__
E0908 07:14:13.101000 15816 site-packages\torch\_subclasses\fake_tensor.py:3212] [3/0]     return self.func(*args, **kwargs)
E0908 07:14:13.101000 15816 site-packages\torch\_subclasses\fake_tensor.py:3212] [3/0]            ~~~~~~~~~^^^^^^^^^^^^^^^^^
E0908 07:14:13.101000 15816 site-packages\torch\_subclasses\fake_tensor.py:3212] [3/0]   File "C:\Users\clm\AppData\Local\Python\pythoncore-3.14-64\Lib\site-packages\torch\library.py", line 1651, in inner
E0908 07:14:13.101000 15816 site-packages\torch\_subclasses\fake_tensor.py:3212] [3/0]     return func(*args, **kwargs)
E0908 07:14:13.101000 15816 site-packages\torch\_subclasses\fake_tensor.py:3212] [3/0]   File "C:\Users\clm\AppData\Local\Python\pythoncore-3.14-64\Lib\site-packages\torch\_library\custom_ops.py", line 785, in fake_impl
E0908 07:14:13.101000 15816 site-packages\torch\_subclasses\fake_tensor.py:3212] [3/0]     return self._abstract_fn(*args, **kwargs)
E0908 07:14:13.101000 15816 site-packages\torch\_subclasses\fake_tensor.py:3212] [3/0]            ~~~~~~~~~~~~~~~~~^^^^^^^^^^^^^^^^^
E0908 07:14:13.101000 15816 site-packages\torch\_subclasses\fake_tensor.py:3212] [3/0]   File "C:\Users\clm\AppData\Local\Python\pythoncore-3.14-64\Lib\site-packages\torch\_prims\__init__.py", line 1879, in _cat_meta
E0908 07:14:13.101000 15816 site-packages\torch\_subclasses\fake_tensor.py:3212] [3/0]     torch._check(
E0908 07:14:13.101000 15816 site-packages\torch\_subclasses\fake_tensor.py:3212] [3/0]     ~~~~~~~~~~~~^
E0908 07:14:13.101000 15816 site-packages\torch\_subclasses\fake_tensor.py:3212] [3/0]         length == common_length,
E0908 07:14:13.101000 15816 site-packages\torch\_subclasses\fake_tensor.py:3212] [3/0]         ^^^^^^^^^^^^^^^^^^^^^^^^
E0908 07:14:13.101000 15816 site-packages\torch\_subclasses\fake_tensor.py:3212] [3/0]     ...<2 lines>...
E0908 07:14:13.101000 15816 site-packages\torch\_subclasses\fake_tensor.py:3212] [3/0]         f"{tensor_idx} in the list",
E0908 07:14:13.101000 15816 site-packages\torch\_subclasses\fake_tensor.py:3212] [3/0]         ^^^^^^^^^^^^^^^^^^^^^^^^^^^^
E0908 07:14:13.101000 15816 site-packages\torch\_subclasses\fake_tensor.py:3212] [3/0]     )
E0908 07:14:13.101000 15816 site-packages\torch\_subclasses\fake_tensor.py:3212] [3/0]     ^
E0908 07:14:13.101000 15816 site-packages\torch\_subclasses\fake_tensor.py:3212] [3/0]   File "C:\Users\clm\AppData\Local\Python\pythoncore-3.14-64\Lib\site-packages\torch\__init__.py", line 2140, in _check
E0908 07:14:13.101000 15816 site-packages\torch\_subclasses\fake_tensor.py:3212] [3/0]     _check_with(RuntimeError, cond, message)
E0908 07:14:13.101000 15816 site-packages\torch\_subclasses\fake_tensor.py:3212] [3/0]     ~~~~~~~~~~~^^^^^^^^^^^^^^^^^^^^^^^^^^^^^
E0908 07:14:13.101000 15816 site-packages\torch\_subclasses\fake_tensor.py:3212] [3/0]   File "C:\Users\clm\AppData\Local\Python\pythoncore-3.14-64\Lib\site-packages\torch\__init__.py", line 2118, in _check_with
E0908 07:14:13.101000 15816 site-packages\torch\_subclasses\fake_tensor.py:3212] [3/0]     raise error_type(message_evaluated)
E0908 07:14:13.101000 15816 site-packages\torch\_subclasses\fake_tensor.py:3212] [3/0] RuntimeError: Sizes of tensors must match except in dimension 2. Expected 1 in dimension 0 but got 33 for tensor number 1 in the list
  nnsmith_100015           0 candidate(s), 0 submittable, 24 tests, 530 compiles  [157.3s]
  nnsmith_100016           0 candidate(s), 0 submittable, 24 tests, 448 compiles  [251.7s]
  nnsmith_100017           0 candidate(s), 0 submittable, 24 tests, 309 compiles  [59.2s]
  nnsmith_100018           0 candidate(s), 0 submittable, 24 tests, 520 compiles  [117.7s]
  nnsmith_100019           0 candidate(s), 0 submittable, 24 tests, 284 compiles  [53.9s]
  nnsmith_100020           0 candidate(s), 0 submittable, 24 tests, 349 compiles  [106.9s]
  nnsmith_100021           0 candidate(s), 0 submittable, 24 tests, 863 compiles  [176.0s]
E0908 07:28:45.141000 15816 site-packages\torch\_subclasses\fake_tensor.py:3212] [9/0] failed while attempting to run meta for aten.cat.default
E0908 07:28:45.141000 15816 site-packages\torch\_subclasses\fake_tensor.py:3212] [9/0] Traceback (most recent call last):
E0908 07:28:45.141000 15816 site-packages\torch\_subclasses\fake_tensor.py:3212] [9/0]   File "C:\Users\clm\AppData\Local\Python\pythoncore-3.14-64\Lib\site-packages\torch\_subclasses\fake_tensor.py", line 3208, in _dispatch_impl
E0908 07:28:45.141000 15816 site-packages\torch\_subclasses\fake_tensor.py:3212] [9/0]     r = func(*args, **kwargs)
E0908 07:28:45.141000 15816 site-packages\torch\_subclasses\fake_tensor.py:3212] [9/0]   File "C:\Users\clm\AppData\Local\Python\pythoncore-3.14-64\Lib\site-packages\torch\_ops.py", line 916, in __call__
E0908 07:28:45.141000 15816 site-packages\torch\_subclasses\fake_tensor.py:3212] [9/0]     return self._op(*args, **kwargs)
E0908 07:28:45.141000 15816 site-packages\torch\_subclasses\fake_tensor.py:3212] [9/0]            ~~~~~~~~^^^^^^^^^^^^^^^^^
E0908 07:28:45.141000 15816 site-packages\torch\_subclasses\fake_tensor.py:3212] [9/0]   File "C:\Users\clm\AppData\Local\Python\pythoncore-3.14-64\Lib\site-packages\torch\_prims_common\wrappers.py", line 313, in _fn
E0908 07:28:45.141000 15816 site-packages\torch\_subclasses\fake_tensor.py:3212] [9/0]     result = fn(*args, **kwargs)
E0908 07:28:45.141000 15816 site-packages\torch\_subclasses\fake_tensor.py:3212] [9/0]   File "C:\Users\clm\AppData\Local\Python\pythoncore-3.14-64\Lib\site-packages\torch\_compile.py", line 54, in inner
E0908 07:28:45.141000 15816 site-packages\torch\_subclasses\fake_tensor.py:3212] [9/0]     return disable_fn(*args, **kwargs)
E0908 07:28:45.141000 15816 site-packages\torch\_subclasses\fake_tensor.py:3212] [9/0]   File "C:\Users\clm\AppData\Local\Python\pythoncore-3.14-64\Lib\site-packages\torch\_dynamo\eval_frame.py", line 1548, in _fn
E0908 07:28:45.141000 15816 site-packages\torch\_subclasses\fake_tensor.py:3212] [9/0]     return fn(*args, **kwargs)
E0908 07:28:45.141000 15816 site-packages\torch\_subclasses\fake_tensor.py:3212] [9/0]   File "C:\Users\clm\AppData\Local\Python\pythoncore-3.14-64\Lib\site-packages\torch\_prims_common\wrappers.py", line 151, in _fn
E0908 07:28:45.141000 15816 site-packages\torch\_subclasses\fake_tensor.py:3212] [9/0]     result = fn(**bound.arguments)
E0908 07:28:45.141000 15816 site-packages\torch\_subclasses\fake_tensor.py:3212] [9/0]   File "C:\Users\clm\AppData\Local\Python\pythoncore-3.14-64\Lib\site-packages\torch\_refs\__init__.py", line 3027, in cat
E0908 07:28:45.141000 15816 site-packages\torch\_subclasses\fake_tensor.py:3212] [9/0]     return prims.cat(filtered, dim).clone(memory_format=memory_format)
E0908 07:28:45.141000 15816 site-packages\torch\_subclasses\fake_tensor.py:3212] [9/0]            ~~~~~~~~~^^^^^^^^^^^^^^^
E0908 07:28:45.141000 15816 site-packages\torch\_subclasses\fake_tensor.py:3212] [9/0]   File "C:\Users\clm\AppData\Local\Python\pythoncore-3.14-64\Lib\site-packages\torch\_ops.py", line 916, in __call__
E0908 07:28:45.141000 15816 site-packages\torch\_subclasses\fake_tensor.py:3212] [9/0]     return self._op(*args, **kwargs)
E0908 07:28:45.141000 15816 site-packages\torch\_subclasses\fake_tensor.py:3212] [9/0]            ~~~~~~~~^^^^^^^^^^^^^^^^^
E0908 07:28:45.141000 15816 site-packages\torch\_subclasses\fake_tensor.py:3212] [9/0]   File "C:\Users\clm\AppData\Local\Python\pythoncore-3.14-64\Lib\site-packages\torch\_library\fake_impl.py", line 123, in meta_kernel
E0908 07:28:45.141000 15816 site-packages\torch\_subclasses\fake_tensor.py:3212] [9/0]     return fake_impl_holder.kernel(*args, **kwargs)
E0908 07:28:45.141000 15816 site-packages\torch\_subclasses\fake_tensor.py:3212] [9/0]            ~~~~~~~~~~~~~~~~~~~~~~~^^^^^^^^^^^^^^^^^
E0908 07:28:45.141000 15816 site-packages\torch\_subclasses\fake_tensor.py:3212] [9/0]   File "C:\Users\clm\AppData\Local\Python\pythoncore-3.14-64\Lib\site-packages\torch\_library\utils.py", line 23, in __call__
E0908 07:28:45.141000 15816 site-packages\torch\_subclasses\fake_tensor.py:3212] [9/0]     return self.func(*args, **kwargs)
E0908 07:28:45.141000 15816 site-packages\torch\_subclasses\fake_tensor.py:3212] [9/0]            ~~~~~~~~~^^^^^^^^^^^^^^^^^
E0908 07:28:45.141000 15816 site-packages\torch\_subclasses\fake_tensor.py:3212] [9/0]   File "C:\Users\clm\AppData\Local\Python\pythoncore-3.14-64\Lib\site-packages\torch\library.py", line 1651, in inner
E0908 07:28:45.141000 15816 site-packages\torch\_subclasses\fake_tensor.py:3212] [9/0]     return func(*args, **kwargs)
E0908 07:28:45.141000 15816 site-packages\torch\_subclasses\fake_tensor.py:3212] [9/0]   File "C:\Users\clm\AppData\Local\Python\pythoncore-3.14-64\Lib\site-packages\torch\_library\custom_ops.py", line 785, in fake_impl
E0908 07:28:45.141000 15816 site-packages\torch\_subclasses\fake_tensor.py:3212] [9/0]     return self._abstract_fn(*args, **kwargs)
E0908 07:28:45.141000 15816 site-packages\torch\_subclasses\fake_tensor.py:3212] [9/0]            ~~~~~~~~~~~~~~~~~^^^^^^^^^^^^^^^^^
E0908 07:28:45.141000 15816 site-packages\torch\_subclasses\fake_tensor.py:3212] [9/0]   File "C:\Users\clm\AppData\Local\Python\pythoncore-3.14-64\Lib\site-packages\torch\_prims\__init__.py", line 1879, in _cat_meta
E0908 07:28:45.141000 15816 site-packages\torch\_subclasses\fake_tensor.py:3212] [9/0]     torch._check(
E0908 07:28:45.141000 15816 site-packages\torch\_subclasses\fake_tensor.py:3212] [9/0]     ~~~~~~~~~~~~^
E0908 07:28:45.141000 15816 site-packages\torch\_subclasses\fake_tensor.py:3212] [9/0]         length == common_length,
E0908 07:28:45.141000 15816 site-packages\torch\_subclasses\fake_tensor.py:3212] [9/0]         ^^^^^^^^^^^^^^^^^^^^^^^^
E0908 07:28:45.141000 15816 site-packages\torch\_subclasses\fake_tensor.py:3212] [9/0]     ...<2 lines>...
E0908 07:28:45.141000 15816 site-packages\torch\_subclasses\fake_tensor.py:3212] [9/0]         f"{tensor_idx} in the list",
E0908 07:28:45.141000 15816 site-packages\torch\_subclasses\fake_tensor.py:3212] [9/0]         ^^^^^^^^^^^^^^^^^^^^^^^^^^^^
E0908 07:28:45.141000 15816 site-packages\torch\_subclasses\fake_tensor.py:3212] [9/0]     )
E0908 07:28:45.141000 15816 site-packages\torch\_subclasses\fake_tensor.py:3212] [9/0]     ^
E0908 07:28:45.141000 15816 site-packages\torch\_subclasses\fake_tensor.py:3212] [9/0]   File "C:\Users\clm\AppData\Local\Python\pythoncore-3.14-64\Lib\site-packages\torch\__init__.py", line 2140, in _check
E0908 07:28:45.141000 15816 site-packages\torch\_subclasses\fake_tensor.py:3212] [9/0]     _check_with(RuntimeError, cond, message)
E0908 07:28:45.141000 15816 site-packages\torch\_subclasses\fake_tensor.py:3212] [9/0]     ~~~~~~~~~~~^^^^^^^^^^^^^^^^^^^^^^^^^^^^^
E0908 07:28:45.141000 15816 site-packages\torch\_subclasses\fake_tensor.py:3212] [9/0]   File "C:\Users\clm\AppData\Local\Python\pythoncore-3.14-64\Lib\site-packages\torch\__init__.py", line 2118, in _check_with
E0908 07:28:45.141000 15816 site-packages\torch\_subclasses\fake_tensor.py:3212] [9/0]     raise error_type(message_evaluated)
E0908 07:28:45.141000 15816 site-packages\torch\_subclasses\fake_tensor.py:3212] [9/0] RuntimeError: Sizes of tensors must match except in dimension 2. Expected 1 in dimension 0 but got 2 for tensor number 1 in the list
E0908 07:28:45.621000 15816 site-packages\torch\_subclasses\fake_tensor.py:3212] [9/0] failed while attempting to run meta for aten.cat.default
E0908 07:28:45.621000 15816 site-packages\torch\_subclasses\fake_tensor.py:3212] [9/0] Traceback (most recent call last):
E0908 07:28:45.621000 15816 site-packages\torch\_subclasses\fake_tensor.py:3212] [9/0]   File "C:\Users\clm\AppData\Local\Python\pythoncore-3.14-64\Lib\site-packages\torch\_subclasses\fake_tensor.py", line 3208, in _dispatch_impl
E0908 07:28:45.621000 15816 site-packages\torch\_subclasses\fake_tensor.py:3212] [9/0]     r = func(*args, **kwargs)
E0908 07:28:45.621000 15816 site-packages\torch\_subclasses\fake_tensor.py:3212] [9/0]   File "C:\Users\clm\AppData\Local\Python\pythoncore-3.14-64\Lib\site-packages\torch\_ops.py", line 916, in __call__
E0908 07:28:45.621000 15816 site-packages\torch\_subclasses\fake_tensor.py:3212] [9/0]     return self._op(*args, **kwargs)
E0908 07:28:45.621000 15816 site-packages\torch\_subclasses\fake_tensor.py:3212] [9/0]            ~~~~~~~~^^^^^^^^^^^^^^^^^
E0908 07:28:45.621000 15816 site-packages\torch\_subclasses\fake_tensor.py:3212] [9/0]   File "C:\Users\clm\AppData\Local\Python\pythoncore-3.14-64\Lib\site-packages\torch\_prims_common\wrappers.py", line 313, in _fn
E0908 07:28:45.621000 15816 site-packages\torch\_subclasses\fake_tensor.py:3212] [9/0]     result = fn(*args, **kwargs)
E0908 07:28:45.621000 15816 site-packages\torch\_subclasses\fake_tensor.py:3212] [9/0]   File "C:\Users\clm\AppData\Local\Python\pythoncore-3.14-64\Lib\site-packages\torch\_compile.py", line 54, in inner
E0908 07:28:45.621000 15816 site-packages\torch\_subclasses\fake_tensor.py:3212] [9/0]     return disable_fn(*args, **kwargs)
E0908 07:28:45.621000 15816 site-packages\torch\_subclasses\fake_tensor.py:3212] [9/0]   File "C:\Users\clm\AppData\Local\Python\pythoncore-3.14-64\Lib\site-packages\torch\_dynamo\eval_frame.py", line 1548, in _fn
E0908 07:28:45.621000 15816 site-packages\torch\_subclasses\fake_tensor.py:3212] [9/0]     return fn(*args, **kwargs)
E0908 07:28:45.621000 15816 site-packages\torch\_subclasses\fake_tensor.py:3212] [9/0]   File "C:\Users\clm\AppData\Local\Python\pythoncore-3.14-64\Lib\site-packages\torch\_prims_common\wrappers.py", line 151, in _fn
E0908 07:28:45.621000 15816 site-packages\torch\_subclasses\fake_tensor.py:3212] [9/0]     result = fn(**bound.arguments)
E0908 07:28:45.621000 15816 site-packages\torch\_subclasses\fake_tensor.py:3212] [9/0]   File "C:\Users\clm\AppData\Local\Python\pythoncore-3.14-64\Lib\site-packages\torch\_refs\__init__.py", line 3027, in cat
E0908 07:28:45.621000 15816 site-packages\torch\_subclasses\fake_tensor.py:3212] [9/0]     return prims.cat(filtered, dim).clone(memory_format=memory_format)
E0908 07:28:45.621000 15816 site-packages\torch\_subclasses\fake_tensor.py:3212] [9/0]            ~~~~~~~~~^^^^^^^^^^^^^^^
E0908 07:28:45.621000 15816 site-packages\torch\_subclasses\fake_tensor.py:3212] [9/0]   File "C:\Users\clm\AppData\Local\Python\pythoncore-3.14-64\Lib\site-packages\torch\_ops.py", line 916, in __call__
E0908 07:28:45.621000 15816 site-packages\torch\_subclasses\fake_tensor.py:3212] [9/0]     return self._op(*args, **kwargs)
E0908 07:28:45.621000 15816 site-packages\torch\_subclasses\fake_tensor.py:3212] [9/0]            ~~~~~~~~^^^^^^^^^^^^^^^^^
E0908 07:28:45.621000 15816 site-packages\torch\_subclasses\fake_tensor.py:3212] [9/0]   File "C:\Users\clm\AppData\Local\Python\pythoncore-3.14-64\Lib\site-packages\torch\_library\fake_impl.py", line 123, in meta_kernel
E0908 07:28:45.621000 15816 site-packages\torch\_subclasses\fake_tensor.py:3212] [9/0]     return fake_impl_holder.kernel(*args, **kwargs)
E0908 07:28:45.621000 15816 site-packages\torch\_subclasses\fake_tensor.py:3212] [9/0]            ~~~~~~~~~~~~~~~~~~~~~~~^^^^^^^^^^^^^^^^^
E0908 07:28:45.621000 15816 site-packages\torch\_subclasses\fake_tensor.py:3212] [9/0]   File "C:\Users\clm\AppData\Local\Python\pythoncore-3.14-64\Lib\site-packages\torch\_library\utils.py", line 23, in __call__
E0908 07:28:45.621000 15816 site-packages\torch\_subclasses\fake_tensor.py:3212] [9/0]     return self.func(*args, **kwargs)
E0908 07:28:45.621000 15816 site-packages\torch\_subclasses\fake_tensor.py:3212] [9/0]            ~~~~~~~~~^^^^^^^^^^^^^^^^^
E0908 07:28:45.621000 15816 site-packages\torch\_subclasses\fake_tensor.py:3212] [9/0]   File "C:\Users\clm\AppData\Local\Python\pythoncore-3.14-64\Lib\site-packages\torch\library.py", line 1651, in inner
E0908 07:28:45.621000 15816 site-packages\torch\_subclasses\fake_tensor.py:3212] [9/0]     return func(*args, **kwargs)
E0908 07:28:45.621000 15816 site-packages\torch\_subclasses\fake_tensor.py:3212] [9/0]   File "C:\Users\clm\AppData\Local\Python\pythoncore-3.14-64\Lib\site-packages\torch\_library\custom_ops.py", line 785, in fake_impl
E0908 07:28:45.621000 15816 site-packages\torch\_subclasses\fake_tensor.py:3212] [9/0]     return self._abstract_fn(*args, **kwargs)
E0908 07:28:45.621000 15816 site-packages\torch\_subclasses\fake_tensor.py:3212] [9/0]            ~~~~~~~~~~~~~~~~~^^^^^^^^^^^^^^^^^
E0908 07:28:45.621000 15816 site-packages\torch\_subclasses\fake_tensor.py:3212] [9/0]   File "C:\Users\clm\AppData\Local\Python\pythoncore-3.14-64\Lib\site-packages\torch\_prims\__init__.py", line 1879, in _cat_meta
E0908 07:28:45.621000 15816 site-packages\torch\_subclasses\fake_tensor.py:3212] [9/0]     torch._check(
E0908 07:28:45.621000 15816 site-packages\torch\_subclasses\fake_tensor.py:3212] [9/0]     ~~~~~~~~~~~~^
E0908 07:28:45.621000 15816 site-packages\torch\_subclasses\fake_tensor.py:3212] [9/0]         length == common_length,
E0908 07:28:45.621000 15816 site-packages\torch\_subclasses\fake_tensor.py:3212] [9/0]         ^^^^^^^^^^^^^^^^^^^^^^^^
E0908 07:28:45.621000 15816 site-packages\torch\_subclasses\fake_tensor.py:3212] [9/0]     ...<2 lines>...
E0908 07:28:45.621000 15816 site-packages\torch\_subclasses\fake_tensor.py:3212] [9/0]         f"{tensor_idx} in the list",
E0908 07:28:45.621000 15816 site-packages\torch\_subclasses\fake_tensor.py:3212] [9/0]         ^^^^^^^^^^^^^^^^^^^^^^^^^^^^
E0908 07:28:45.621000 15816 site-packages\torch\_subclasses\fake_tensor.py:3212] [9/0]     )
E0908 07:28:45.621000 15816 site-packages\torch\_subclasses\fake_tensor.py:3212] [9/0]     ^
E0908 07:28:45.621000 15816 site-packages\torch\_subclasses\fake_tensor.py:3212] [9/0]   File "C:\Users\clm\AppData\Local\Python\pythoncore-3.14-64\Lib\site-packages\torch\__init__.py", line 2140, in _check
E0908 07:28:45.621000 15816 site-packages\torch\_subclasses\fake_tensor.py:3212] [9/0]     _check_with(RuntimeError, cond, message)
E0908 07:28:45.621000 15816 site-packages\torch\_subclasses\fake_tensor.py:3212] [9/0]     ~~~~~~~~~~~^^^^^^^^^^^^^^^^^^^^^^^^^^^^^
E0908 07:28:45.621000 15816 site-packages\torch\_subclasses\fake_tensor.py:3212] [9/0]   File "C:\Users\clm\AppData\Local\Python\pythoncore-3.14-64\Lib\site-packages\torch\__init__.py", line 2118, in _check_with
E0908 07:28:45.621000 15816 site-packages\torch\_subclasses\fake_tensor.py:3212] [9/0]     raise error_type(message_evaluated)
E0908 07:28:45.621000 15816 site-packages\torch\_subclasses\fake_tensor.py:3212] [9/0] RuntimeError: Sizes of tensors must match except in dimension 2. Expected 1 in dimension 0 but got 2 for tensor number 1 in the list
E0908 07:28:46.266000 15816 site-packages\torch\_subclasses\fake_tensor.py:3212] [9/0] failed while attempting to run meta for aten.cat.default
E0908 07:28:46.266000 15816 site-packages\torch\_subclasses\fake_tensor.py:3212] [9/0] Traceback (most recent call last):
E0908 07:28:46.266000 15816 site-packages\torch\_subclasses\fake_tensor.py:3212] [9/0]   File "C:\Users\clm\AppData\Local\Python\pythoncore-3.14-64\Lib\site-packages\torch\_subclasses\fake_tensor.py", line 3208, in _dispatch_impl
E0908 07:28:46.266000 15816 site-packages\torch\_subclasses\fake_tensor.py:3212] [9/0]     r = func(*args, **kwargs)
E0908 07:28:46.266000 15816 site-packages\torch\_subclasses\fake_tensor.py:3212] [9/0]   File "C:\Users\clm\AppData\Local\Python\pythoncore-3.14-64\Lib\site-packages\torch\_ops.py", line 916, in __call__
E0908 07:28:46.266000 15816 site-packages\torch\_subclasses\fake_tensor.py:3212] [9/0]     return self._op(*args, **kwargs)
E0908 07:28:46.266000 15816 site-packages\torch\_subclasses\fake_tensor.py:3212] [9/0]            ~~~~~~~~^^^^^^^^^^^^^^^^^
E0908 07:28:46.266000 15816 site-packages\torch\_subclasses\fake_tensor.py:3212] [9/0]   File "C:\Users\clm\AppData\Local\Python\pythoncore-3.14-64\Lib\site-packages\torch\_prims_common\wrappers.py", line 313, in _fn
E0908 07:28:46.266000 15816 site-packages\torch\_subclasses\fake_tensor.py:3212] [9/0]     result = fn(*args, **kwargs)
E0908 07:28:46.266000 15816 site-packages\torch\_subclasses\fake_tensor.py:3212] [9/0]   File "C:\Users\clm\AppData\Local\Python\pythoncore-3.14-64\Lib\site-packages\torch\_compile.py", line 54, in inner
E0908 07:28:46.266000 15816 site-packages\torch\_subclasses\fake_tensor.py:3212] [9/0]     return disable_fn(*args, **kwargs)
E0908 07:28:46.266000 15816 site-packages\torch\_subclasses\fake_tensor.py:3212] [9/0]   File "C:\Users\clm\AppData\Local\Python\pythoncore-3.14-64\Lib\site-packages\torch\_dynamo\eval_frame.py", line 1548, in _fn
E0908 07:28:46.266000 15816 site-packages\torch\_subclasses\fake_tensor.py:3212] [9/0]     return fn(*args, **kwargs)
E0908 07:28:46.266000 15816 site-packages\torch\_subclasses\fake_tensor.py:3212] [9/0]   File "C:\Users\clm\AppData\Local\Python\pythoncore-3.14-64\Lib\site-packages\torch\_prims_common\wrappers.py", line 151, in _fn
E0908 07:28:46.266000 15816 site-packages\torch\_subclasses\fake_tensor.py:3212] [9/0]     result = fn(**bound.arguments)
E0908 07:28:46.266000 15816 site-packages\torch\_subclasses\fake_tensor.py:3212] [9/0]   File "C:\Users\clm\AppData\Local\Python\pythoncore-3.14-64\Lib\site-packages\torch\_refs\__init__.py", line 3027, in cat
E0908 07:28:46.266000 15816 site-packages\torch\_subclasses\fake_tensor.py:3212] [9/0]     return prims.cat(filtered, dim).clone(memory_format=memory_format)
E0908 07:28:46.266000 15816 site-packages\torch\_subclasses\fake_tensor.py:3212] [9/0]            ~~~~~~~~~^^^^^^^^^^^^^^^
E0908 07:28:46.266000 15816 site-packages\torch\_subclasses\fake_tensor.py:3212] [9/0]   File "C:\Users\clm\AppData\Local\Python\pythoncore-3.14-64\Lib\site-packages\torch\_ops.py", line 916, in __call__
E0908 07:28:46.266000 15816 site-packages\torch\_subclasses\fake_tensor.py:3212] [9/0]     return self._op(*args, **kwargs)
E0908 07:28:46.266000 15816 site-packages\torch\_subclasses\fake_tensor.py:3212] [9/0]            ~~~~~~~~^^^^^^^^^^^^^^^^^
E0908 07:28:46.266000 15816 site-packages\torch\_subclasses\fake_tensor.py:3212] [9/0]   File "C:\Users\clm\AppData\Local\Python\pythoncore-3.14-64\Lib\site-packages\torch\_library\fake_impl.py", line 123, in meta_kernel
E0908 07:28:46.266000 15816 site-packages\torch\_subclasses\fake_tensor.py:3212] [9/0]     return fake_impl_holder.kernel(*args, **kwargs)
E0908 07:28:46.266000 15816 site-packages\torch\_subclasses\fake_tensor.py:3212] [9/0]            ~~~~~~~~~~~~~~~~~~~~~~~^^^^^^^^^^^^^^^^^
E0908 07:28:46.266000 15816 site-packages\torch\_subclasses\fake_tensor.py:3212] [9/0]   File "C:\Users\clm\AppData\Local\Python\pythoncore-3.14-64\Lib\site-packages\torch\_library\utils.py", line 23, in __call__
E0908 07:28:46.266000 15816 site-packages\torch\_subclasses\fake_tensor.py:3212] [9/0]     return self.func(*args, **kwargs)
E0908 07:28:46.266000 15816 site-packages\torch\_subclasses\fake_tensor.py:3212] [9/0]            ~~~~~~~~~^^^^^^^^^^^^^^^^^
E0908 07:28:46.266000 15816 site-packages\torch\_subclasses\fake_tensor.py:3212] [9/0]   File "C:\Users\clm\AppData\Local\Python\pythoncore-3.14-64\Lib\site-packages\torch\library.py", line 1651, in inner
E0908 07:28:46.266000 15816 site-packages\torch\_subclasses\fake_tensor.py:3212] [9/0]     return func(*args, **kwargs)
E0908 07:28:46.266000 15816 site-packages\torch\_subclasses\fake_tensor.py:3212] [9/0]   File "C:\Users\clm\AppData\Local\Python\pythoncore-3.14-64\Lib\site-packages\torch\_library\custom_ops.py", line 785, in fake_impl
E0908 07:28:46.266000 15816 site-packages\torch\_subclasses\fake_tensor.py:3212] [9/0]     return self._abstract_fn(*args, **kwargs)
E0908 07:28:46.266000 15816 site-packages\torch\_subclasses\fake_tensor.py:3212] [9/0]            ~~~~~~~~~~~~~~~~~^^^^^^^^^^^^^^^^^
E0908 07:28:46.266000 15816 site-packages\torch\_subclasses\fake_tensor.py:3212] [9/0]   File "C:\Users\clm\AppData\Local\Python\pythoncore-3.14-64\Lib\site-packages\torch\_prims\__init__.py", line 1879, in _cat_meta
E0908 07:28:46.266000 15816 site-packages\torch\_subclasses\fake_tensor.py:3212] [9/0]     torch._check(
E0908 07:28:46.266000 15816 site-packages\torch\_subclasses\fake_tensor.py:3212] [9/0]     ~~~~~~~~~~~~^
E0908 07:28:46.266000 15816 site-packages\torch\_subclasses\fake_tensor.py:3212] [9/0]         length == common_length,
E0908 07:28:46.266000 15816 site-packages\torch\_subclasses\fake_tensor.py:3212] [9/0]         ^^^^^^^^^^^^^^^^^^^^^^^^
E0908 07:28:46.266000 15816 site-packages\torch\_subclasses\fake_tensor.py:3212] [9/0]     ...<2 lines>...
E0908 07:28:46.266000 15816 site-packages\torch\_subclasses\fake_tensor.py:3212] [9/0]         f"{tensor_idx} in the list",
E0908 07:28:46.266000 15816 site-packages\torch\_subclasses\fake_tensor.py:3212] [9/0]         ^^^^^^^^^^^^^^^^^^^^^^^^^^^^
E0908 07:28:46.266000 15816 site-packages\torch\_subclasses\fake_tensor.py:3212] [9/0]     )
E0908 07:28:46.266000 15816 site-packages\torch\_subclasses\fake_tensor.py:3212] [9/0]     ^
E0908 07:28:46.266000 15816 site-packages\torch\_subclasses\fake_tensor.py:3212] [9/0]   File "C:\Users\clm\AppData\Local\Python\pythoncore-3.14-64\Lib\site-packages\torch\__init__.py", line 2140, in _check
E0908 07:28:46.266000 15816 site-packages\torch\_subclasses\fake_tensor.py:3212] [9/0]     _check_with(RuntimeError, cond, message)
E0908 07:28:46.266000 15816 site-packages\torch\_subclasses\fake_tensor.py:3212] [9/0]     ~~~~~~~~~~~^^^^^^^^^^^^^^^^^^^^^^^^^^^^^
E0908 07:28:46.266000 15816 site-packages\torch\_subclasses\fake_tensor.py:3212] [9/0]   File "C:\Users\clm\AppData\Local\Python\pythoncore-3.14-64\Lib\site-packages\torch\__init__.py", line 2118, in _check_with
E0908 07:28:46.266000 15816 site-packages\torch\_subclasses\fake_tensor.py:3212] [9/0]     raise error_type(message_evaluated)
E0908 07:28:46.266000 15816 site-packages\torch\_subclasses\fake_tensor.py:3212] [9/0] RuntimeError: Sizes of tensors must match except in dimension 2. Expected 1 in dimension 0 but got 2 for tensor number 1 in the list
E0908 07:28:46.658000 15816 site-packages\torch\_subclasses\fake_tensor.py:3212] [9/0] failed while attempting to run meta for aten.cat.default
E0908 07:28:46.658000 15816 site-packages\torch\_subclasses\fake_tensor.py:3212] [9/0] Traceback (most recent call last):
E0908 07:28:46.658000 15816 site-packages\torch\_subclasses\fake_tensor.py:3212] [9/0]   File "C:\Users\clm\AppData\Local\Python\pythoncore-3.14-64\Lib\site-packages\torch\_subclasses\fake_tensor.py", line 3208, in _dispatch_impl
E0908 07:28:46.658000 15816 site-packages\torch\_subclasses\fake_tensor.py:3212] [9/0]     r = func(*args, **kwargs)
E0908 07:28:46.658000 15816 site-packages\torch\_subclasses\fake_tensor.py:3212] [9/0]   File "C:\Users\clm\AppData\Local\Python\pythoncore-3.14-64\Lib\site-packages\torch\_ops.py", line 916, in __call__
E0908 07:28:46.658000 15816 site-packages\torch\_subclasses\fake_tensor.py:3212] [9/0]     return self._op(*args, **kwargs)
E0908 07:28:46.658000 15816 site-packages\torch\_subclasses\fake_tensor.py:3212] [9/0]            ~~~~~~~~^^^^^^^^^^^^^^^^^
E0908 07:28:46.658000 15816 site-packages\torch\_subclasses\fake_tensor.py:3212] [9/0]   File "C:\Users\clm\AppData\Local\Python\pythoncore-3.14-64\Lib\site-packages\torch\_prims_common\wrappers.py", line 313, in _fn
E0908 07:28:46.658000 15816 site-packages\torch\_subclasses\fake_tensor.py:3212] [9/0]     result = fn(*args, **kwargs)
E0908 07:28:46.658000 15816 site-packages\torch\_subclasses\fake_tensor.py:3212] [9/0]   File "C:\Users\clm\AppData\Local\Python\pythoncore-3.14-64\Lib\site-packages\torch\_compile.py", line 54, in inner
E0908 07:28:46.658000 15816 site-packages\torch\_subclasses\fake_tensor.py:3212] [9/0]     return disable_fn(*args, **kwargs)
E0908 07:28:46.658000 15816 site-packages\torch\_subclasses\fake_tensor.py:3212] [9/0]   File "C:\Users\clm\AppData\Local\Python\pythoncore-3.14-64\Lib\site-packages\torch\_dynamo\eval_frame.py", line 1548, in _fn
E0908 07:28:46.658000 15816 site-packages\torch\_subclasses\fake_tensor.py:3212] [9/0]     return fn(*args, **kwargs)
E0908 07:28:46.658000 15816 site-packages\torch\_subclasses\fake_tensor.py:3212] [9/0]   File "C:\Users\clm\AppData\Local\Python\pythoncore-3.14-64\Lib\site-packages\torch\_prims_common\wrappers.py", line 151, in _fn
E0908 07:28:46.658000 15816 site-packages\torch\_subclasses\fake_tensor.py:3212] [9/0]     result = fn(**bound.arguments)
E0908 07:28:46.658000 15816 site-packages\torch\_subclasses\fake_tensor.py:3212] [9/0]   File "C:\Users\clm\AppData\Local\Python\pythoncore-3.14-64\Lib\site-packages\torch\_refs\__init__.py", line 3027, in cat
E0908 07:28:46.658000 15816 site-packages\torch\_subclasses\fake_tensor.py:3212] [9/0]     return prims.cat(filtered, dim).clone(memory_format=memory_format)
E0908 07:28:46.658000 15816 site-packages\torch\_subclasses\fake_tensor.py:3212] [9/0]            ~~~~~~~~~^^^^^^^^^^^^^^^
E0908 07:28:46.658000 15816 site-packages\torch\_subclasses\fake_tensor.py:3212] [9/0]   File "C:\Users\clm\AppData\Local\Python\pythoncore-3.14-64\Lib\site-packages\torch\_ops.py", line 916, in __call__
E0908 07:28:46.658000 15816 site-packages\torch\_subclasses\fake_tensor.py:3212] [9/0]     return self._op(*args, **kwargs)
E0908 07:28:46.658000 15816 site-packages\torch\_subclasses\fake_tensor.py:3212] [9/0]            ~~~~~~~~^^^^^^^^^^^^^^^^^
E0908 07:28:46.658000 15816 site-packages\torch\_subclasses\fake_tensor.py:3212] [9/0]   File "C:\Users\clm\AppData\Local\Python\pythoncore-3.14-64\Lib\site-packages\torch\_library\fake_impl.py", line 123, in meta_kernel
E0908 07:28:46.658000 15816 site-packages\torch\_subclasses\fake_tensor.py:3212] [9/0]     return fake_impl_holder.kernel(*args, **kwargs)
E0908 07:28:46.658000 15816 site-packages\torch\_subclasses\fake_tensor.py:3212] [9/0]            ~~~~~~~~~~~~~~~~~~~~~~~^^^^^^^^^^^^^^^^^
E0908 07:28:46.658000 15816 site-packages\torch\_subclasses\fake_tensor.py:3212] [9/0]   File "C:\Users\clm\AppData\Local\Python\pythoncore-3.14-64\Lib\site-packages\torch\_library\utils.py", line 23, in __call__
E0908 07:28:46.658000 15816 site-packages\torch\_subclasses\fake_tensor.py:3212] [9/0]     return self.func(*args, **kwargs)
E0908 07:28:46.658000 15816 site-packages\torch\_subclasses\fake_tensor.py:3212] [9/0]            ~~~~~~~~~^^^^^^^^^^^^^^^^^
E0908 07:28:46.658000 15816 site-packages\torch\_subclasses\fake_tensor.py:3212] [9/0]   File "C:\Users\clm\AppData\Local\Python\pythoncore-3.14-64\Lib\site-packages\torch\library.py", line 1651, in inner
E0908 07:28:46.658000 15816 site-packages\torch\_subclasses\fake_tensor.py:3212] [9/0]     return func(*args, **kwargs)
E0908 07:28:46.658000 15816 site-packages\torch\_subclasses\fake_tensor.py:3212] [9/0]   File "C:\Users\clm\AppData\Local\Python\pythoncore-3.14-64\Lib\site-packages\torch\_library\custom_ops.py", line 785, in fake_impl
E0908 07:28:46.658000 15816 site-packages\torch\_subclasses\fake_tensor.py:3212] [9/0]     return self._abstract_fn(*args, **kwargs)
E0908 07:28:46.658000 15816 site-packages\torch\_subclasses\fake_tensor.py:3212] [9/0]            ~~~~~~~~~~~~~~~~~^^^^^^^^^^^^^^^^^
E0908 07:28:46.658000 15816 site-packages\torch\_subclasses\fake_tensor.py:3212] [9/0]   File "C:\Users\clm\AppData\Local\Python\pythoncore-3.14-64\Lib\site-packages\torch\_prims\__init__.py", line 1879, in _cat_meta
E0908 07:28:46.658000 15816 site-packages\torch\_subclasses\fake_tensor.py:3212] [9/0]     torch._check(
E0908 07:28:46.658000 15816 site-packages\torch\_subclasses\fake_tensor.py:3212] [9/0]     ~~~~~~~~~~~~^
E0908 07:28:46.658000 15816 site-packages\torch\_subclasses\fake_tensor.py:3212] [9/0]         length == common_length,
E0908 07:28:46.658000 15816 site-packages\torch\_subclasses\fake_tensor.py:3212] [9/0]         ^^^^^^^^^^^^^^^^^^^^^^^^
E0908 07:28:46.658000 15816 site-packages\torch\_subclasses\fake_tensor.py:3212] [9/0]     ...<2 lines>...
E0908 07:28:46.658000 15816 site-packages\torch\_subclasses\fake_tensor.py:3212] [9/0]         f"{tensor_idx} in the list",
E0908 07:28:46.658000 15816 site-packages\torch\_subclasses\fake_tensor.py:3212] [9/0]         ^^^^^^^^^^^^^^^^^^^^^^^^^^^^
E0908 07:28:46.658000 15816 site-packages\torch\_subclasses\fake_tensor.py:3212] [9/0]     )
E0908 07:28:46.658000 15816 site-packages\torch\_subclasses\fake_tensor.py:3212] [9/0]     ^
E0908 07:28:46.658000 15816 site-packages\torch\_subclasses\fake_tensor.py:3212] [9/0]   File "C:\Users\clm\AppData\Local\Python\pythoncore-3.14-64\Lib\site-packages\torch\__init__.py", line 2140, in _check
E0908 07:28:46.658000 15816 site-packages\torch\_subclasses\fake_tensor.py:3212] [9/0]     _check_with(RuntimeError, cond, message)
E0908 07:28:46.658000 15816 site-packages\torch\_subclasses\fake_tensor.py:3212] [9/0]     ~~~~~~~~~~~^^^^^^^^^^^^^^^^^^^^^^^^^^^^^
E0908 07:28:46.658000 15816 site-packages\torch\_subclasses\fake_tensor.py:3212] [9/0]   File "C:\Users\clm\AppData\Local\Python\pythoncore-3.14-64\Lib\site-packages\torch\__init__.py", line 2118, in _check_with
E0908 07:28:46.658000 15816 site-packages\torch\_subclasses\fake_tensor.py:3212] [9/0]     raise error_type(message_evaluated)
E0908 07:28:46.658000 15816 site-packages\torch\_subclasses\fake_tensor.py:3212] [9/0] RuntimeError: Sizes of tensors must match except in dimension 2. Expected 1 in dimension 0 but got 2 for tensor number 1 in the list
E0908 07:28:47.129000 15816 site-packages\torch\_subclasses\fake_tensor.py:3212] [9/0] failed while attempting to run meta for aten.cat.default
E0908 07:28:47.129000 15816 site-packages\torch\_subclasses\fake_tensor.py:3212] [9/0] Traceback (most recent call last):
E0908 07:28:47.129000 15816 site-packages\torch\_subclasses\fake_tensor.py:3212] [9/0]   File "C:\Users\clm\AppData\Local\Python\pythoncore-3.14-64\Lib\site-packages\torch\_subclasses\fake_tensor.py", line 3208, in _dispatch_impl
E0908 07:28:47.129000 15816 site-packages\torch\_subclasses\fake_tensor.py:3212] [9/0]     r = func(*args, **kwargs)
E0908 07:28:47.129000 15816 site-packages\torch\_subclasses\fake_tensor.py:3212] [9/0]   File "C:\Users\clm\AppData\Local\Python\pythoncore-3.14-64\Lib\site-packages\torch\_ops.py", line 916, in __call__
E0908 07:28:47.129000 15816 site-packages\torch\_subclasses\fake_tensor.py:3212] [9/0]     return self._op(*args, **kwargs)
E0908 07:28:47.129000 15816 site-packages\torch\_subclasses\fake_tensor.py:3212] [9/0]            ~~~~~~~~^^^^^^^^^^^^^^^^^
E0908 07:28:47.129000 15816 site-packages\torch\_subclasses\fake_tensor.py:3212] [9/0]   File "C:\Users\clm\AppData\Local\Python\pythoncore-3.14-64\Lib\site-packages\torch\_prims_common\wrappers.py", line 313, in _fn
E0908 07:28:47.129000 15816 site-packages\torch\_subclasses\fake_tensor.py:3212] [9/0]     result = fn(*args, **kwargs)
E0908 07:28:47.129000 15816 site-packages\torch\_subclasses\fake_tensor.py:3212] [9/0]   File "C:\Users\clm\AppData\Local\Python\pythoncore-3.14-64\Lib\site-packages\torch\_compile.py", line 54, in inner
E0908 07:28:47.129000 15816 site-packages\torch\_subclasses\fake_tensor.py:3212] [9/0]     return disable_fn(*args, **kwargs)
E0908 07:28:47.129000 15816 site-packages\torch\_subclasses\fake_tensor.py:3212] [9/0]   File "C:\Users\clm\AppData\Local\Python\pythoncore-3.14-64\Lib\site-packages\torch\_dynamo\eval_frame.py", line 1548, in _fn
E0908 07:28:47.129000 15816 site-packages\torch\_subclasses\fake_tensor.py:3212] [9/0]     return fn(*args, **kwargs)
E0908 07:28:47.129000 15816 site-packages\torch\_subclasses\fake_tensor.py:3212] [9/0]   File "C:\Users\clm\AppData\Local\Python\pythoncore-3.14-64\Lib\site-packages\torch\_prims_common\wrappers.py", line 151, in _fn
E0908 07:28:47.129000 15816 site-packages\torch\_subclasses\fake_tensor.py:3212] [9/0]     result = fn(**bound.arguments)
E0908 07:28:47.129000 15816 site-packages\torch\_subclasses\fake_tensor.py:3212] [9/0]   File "C:\Users\clm\AppData\Local\Python\pythoncore-3.14-64\Lib\site-packages\torch\_refs\__init__.py", line 3027, in cat
E0908 07:28:47.129000 15816 site-packages\torch\_subclasses\fake_tensor.py:3212] [9/0]     return prims.cat(filtered, dim).clone(memory_format=memory_format)
E0908 07:28:47.129000 15816 site-packages\torch\_subclasses\fake_tensor.py:3212] [9/0]            ~~~~~~~~~^^^^^^^^^^^^^^^
E0908 07:28:47.129000 15816 site-packages\torch\_subclasses\fake_tensor.py:3212] [9/0]   File "C:\Users\clm\AppData\Local\Python\pythoncore-3.14-64\Lib\site-packages\torch\_ops.py", line 916, in __call__
E0908 07:28:47.129000 15816 site-packages\torch\_subclasses\fake_tensor.py:3212] [9/0]     return self._op(*args, **kwargs)
E0908 07:28:47.129000 15816 site-packages\torch\_subclasses\fake_tensor.py:3212] [9/0]            ~~~~~~~~^^^^^^^^^^^^^^^^^
E0908 07:28:47.129000 15816 site-packages\torch\_subclasses\fake_tensor.py:3212] [9/0]   File "C:\Users\clm\AppData\Local\Python\pythoncore-3.14-64\Lib\site-packages\torch\_library\fake_impl.py", line 123, in meta_kernel
E0908 07:28:47.129000 15816 site-packages\torch\_subclasses\fake_tensor.py:3212] [9/0]     return fake_impl_holder.kernel(*args, **kwargs)
E0908 07:28:47.129000 15816 site-packages\torch\_subclasses\fake_tensor.py:3212] [9/0]            ~~~~~~~~~~~~~~~~~~~~~~~^^^^^^^^^^^^^^^^^
E0908 07:28:47.129000 15816 site-packages\torch\_subclasses\fake_tensor.py:3212] [9/0]   File "C:\Users\clm\AppData\Local\Python\pythoncore-3.14-64\Lib\site-packages\torch\_library\utils.py", line 23, in __call__
E0908 07:28:47.129000 15816 site-packages\torch\_subclasses\fake_tensor.py:3212] [9/0]     return self.func(*args, **kwargs)
E0908 07:28:47.129000 15816 site-packages\torch\_subclasses\fake_tensor.py:3212] [9/0]            ~~~~~~~~~^^^^^^^^^^^^^^^^^
E0908 07:28:47.129000 15816 site-packages\torch\_subclasses\fake_tensor.py:3212] [9/0]   File "C:\Users\clm\AppData\Local\Python\pythoncore-3.14-64\Lib\site-packages\torch\library.py", line 1651, in inner
E0908 07:28:47.129000 15816 site-packages\torch\_subclasses\fake_tensor.py:3212] [9/0]     return func(*args, **kwargs)
E0908 07:28:47.129000 15816 site-packages\torch\_subclasses\fake_tensor.py:3212] [9/0]   File "C:\Users\clm\AppData\Local\Python\pythoncore-3.14-64\Lib\site-packages\torch\_library\custom_ops.py", line 785, in fake_impl
E0908 07:28:47.129000 15816 site-packages\torch\_subclasses\fake_tensor.py:3212] [9/0]     return self._abstract_fn(*args, **kwargs)
E0908 07:28:47.129000 15816 site-packages\torch\_subclasses\fake_tensor.py:3212] [9/0]            ~~~~~~~~~~~~~~~~~^^^^^^^^^^^^^^^^^
E0908 07:28:47.129000 15816 site-packages\torch\_subclasses\fake_tensor.py:3212] [9/0]   File "C:\Users\clm\AppData\Local\Python\pythoncore-3.14-64\Lib\site-packages\torch\_prims\__init__.py", line 1879, in _cat_meta
E0908 07:28:47.129000 15816 site-packages\torch\_subclasses\fake_tensor.py:3212] [9/0]     torch._check(
E0908 07:28:47.129000 15816 site-packages\torch\_subclasses\fake_tensor.py:3212] [9/0]     ~~~~~~~~~~~~^
E0908 07:28:47.129000 15816 site-packages\torch\_subclasses\fake_tensor.py:3212] [9/0]         length == common_length,
E0908 07:28:47.129000 15816 site-packages\torch\_subclasses\fake_tensor.py:3212] [9/0]         ^^^^^^^^^^^^^^^^^^^^^^^^
E0908 07:28:47.129000 15816 site-packages\torch\_subclasses\fake_tensor.py:3212] [9/0]     ...<2 lines>...
E0908 07:28:47.129000 15816 site-packages\torch\_subclasses\fake_tensor.py:3212] [9/0]         f"{tensor_idx} in the list",
E0908 07:28:47.129000 15816 site-packages\torch\_subclasses\fake_tensor.py:3212] [9/0]         ^^^^^^^^^^^^^^^^^^^^^^^^^^^^
E0908 07:28:47.129000 15816 site-packages\torch\_subclasses\fake_tensor.py:3212] [9/0]     )
E0908 07:28:47.129000 15816 site-packages\torch\_subclasses\fake_tensor.py:3212] [9/0]     ^
E0908 07:28:47.129000 15816 site-packages\torch\_subclasses\fake_tensor.py:3212] [9/0]   File "C:\Users\clm\AppData\Local\Python\pythoncore-3.14-64\Lib\site-packages\torch\__init__.py", line 2140, in _check
E0908 07:28:47.129000 15816 site-packages\torch\_subclasses\fake_tensor.py:3212] [9/0]     _check_with(RuntimeError, cond, message)
E0908 07:28:47.129000 15816 site-packages\torch\_subclasses\fake_tensor.py:3212] [9/0]     ~~~~~~~~~~~^^^^^^^^^^^^^^^^^^^^^^^^^^^^^
E0908 07:28:47.129000 15816 site-packages\torch\_subclasses\fake_tensor.py:3212] [9/0]   File "C:\Users\clm\AppData\Local\Python\pythoncore-3.14-64\Lib\site-packages\torch\__init__.py", line 2118, in _check_with
E0908 07:28:47.129000 15816 site-packages\torch\_subclasses\fake_tensor.py:3212] [9/0]     raise error_type(message_evaluated)
E0908 07:28:47.129000 15816 site-packages\torch\_subclasses\fake_tensor.py:3212] [9/0] RuntimeError: Sizes of tensors must match except in dimension 2. Expected 1 in dimension 0 but got 2 for tensor number 1 in the list
E0908 07:28:47.751000 15816 site-packages\torch\_subclasses\fake_tensor.py:3212] [9/0] failed while attempting to run meta for aten.cat.default
E0908 07:28:47.751000 15816 site-packages\torch\_subclasses\fake_tensor.py:3212] [9/0] Traceback (most recent call last):
E0908 07:28:47.751000 15816 site-packages\torch\_subclasses\fake_tensor.py:3212] [9/0]   File "C:\Users\clm\AppData\Local\Python\pythoncore-3.14-64\Lib\site-packages\torch\_subclasses\fake_tensor.py", line 3208, in _dispatch_impl
E0908 07:28:47.751000 15816 site-packages\torch\_subclasses\fake_tensor.py:3212] [9/0]     r = func(*args, **kwargs)
E0908 07:28:47.751000 15816 site-packages\torch\_subclasses\fake_tensor.py:3212] [9/0]   File "C:\Users\clm\AppData\Local\Python\pythoncore-3.14-64\Lib\site-packages\torch\_ops.py", line 916, in __call__
E0908 07:28:47.751000 15816 site-packages\torch\_subclasses\fake_tensor.py:3212] [9/0]     return self._op(*args, **kwargs)
E0908 07:28:47.751000 15816 site-packages\torch\_subclasses\fake_tensor.py:3212] [9/0]            ~~~~~~~~^^^^^^^^^^^^^^^^^
E0908 07:28:47.751000 15816 site-packages\torch\_subclasses\fake_tensor.py:3212] [9/0]   File "C:\Users\clm\AppData\Local\Python\pythoncore-3.14-64\Lib\site-packages\torch\_prims_common\wrappers.py", line 313, in _fn
E0908 07:28:47.751000 15816 site-packages\torch\_subclasses\fake_tensor.py:3212] [9/0]     result = fn(*args, **kwargs)
E0908 07:28:47.751000 15816 site-packages\torch\_subclasses\fake_tensor.py:3212] [9/0]   File "C:\Users\clm\AppData\Local\Python\pythoncore-3.14-64\Lib\site-packages\torch\_compile.py", line 54, in inner
E0908 07:28:47.751000 15816 site-packages\torch\_subclasses\fake_tensor.py:3212] [9/0]     return disable_fn(*args, **kwargs)
E0908 07:28:47.751000 15816 site-packages\torch\_subclasses\fake_tensor.py:3212] [9/0]   File "C:\Users\clm\AppData\Local\Python\pythoncore-3.14-64\Lib\site-packages\torch\_dynamo\eval_frame.py", line 1548, in _fn
E0908 07:28:47.751000 15816 site-packages\torch\_subclasses\fake_tensor.py:3212] [9/0]     return fn(*args, **kwargs)
E0908 07:28:47.751000 15816 site-packages\torch\_subclasses\fake_tensor.py:3212] [9/0]   File "C:\Users\clm\AppData\Local\Python\pythoncore-3.14-64\Lib\site-packages\torch\_prims_common\wrappers.py", line 151, in _fn
E0908 07:28:47.751000 15816 site-packages\torch\_subclasses\fake_tensor.py:3212] [9/0]     result = fn(**bound.arguments)
E0908 07:28:47.751000 15816 site-packages\torch\_subclasses\fake_tensor.py:3212] [9/0]   File "C:\Users\clm\AppData\Local\Python\pythoncore-3.14-64\Lib\site-packages\torch\_refs\__init__.py", line 3027, in cat
E0908 07:28:47.751000 15816 site-packages\torch\_subclasses\fake_tensor.py:3212] [9/0]     return prims.cat(filtered, dim).clone(memory_format=memory_format)
E0908 07:28:47.751000 15816 site-packages\torch\_subclasses\fake_tensor.py:3212] [9/0]            ~~~~~~~~~^^^^^^^^^^^^^^^
E0908 07:28:47.751000 15816 site-packages\torch\_subclasses\fake_tensor.py:3212] [9/0]   File "C:\Users\clm\AppData\Local\Python\pythoncore-3.14-64\Lib\site-packages\torch\_ops.py", line 916, in __call__
E0908 07:28:47.751000 15816 site-packages\torch\_subclasses\fake_tensor.py:3212] [9/0]     return self._op(*args, **kwargs)
E0908 07:28:47.751000 15816 site-packages\torch\_subclasses\fake_tensor.py:3212] [9/0]            ~~~~~~~~^^^^^^^^^^^^^^^^^
E0908 07:28:47.751000 15816 site-packages\torch\_subclasses\fake_tensor.py:3212] [9/0]   File "C:\Users\clm\AppData\Local\Python\pythoncore-3.14-64\Lib\site-packages\torch\_library\fake_impl.py", line 123, in meta_kernel
E0908 07:28:47.751000 15816 site-packages\torch\_subclasses\fake_tensor.py:3212] [9/0]     return fake_impl_holder.kernel(*args, **kwargs)
E0908 07:28:47.751000 15816 site-packages\torch\_subclasses\fake_tensor.py:3212] [9/0]            ~~~~~~~~~~~~~~~~~~~~~~~^^^^^^^^^^^^^^^^^
E0908 07:28:47.751000 15816 site-packages\torch\_subclasses\fake_tensor.py:3212] [9/0]   File "C:\Users\clm\AppData\Local\Python\pythoncore-3.14-64\Lib\site-packages\torch\_library\utils.py", line 23, in __call__
E0908 07:28:47.751000 15816 site-packages\torch\_subclasses\fake_tensor.py:3212] [9/0]     return self.func(*args, **kwargs)
E0908 07:28:47.751000 15816 site-packages\torch\_subclasses\fake_tensor.py:3212] [9/0]            ~~~~~~~~~^^^^^^^^^^^^^^^^^
E0908 07:28:47.751000 15816 site-packages\torch\_subclasses\fake_tensor.py:3212] [9/0]   File "C:\Users\clm\AppData\Local\Python\pythoncore-3.14-64\Lib\site-packages\torch\library.py", line 1651, in inner
E0908 07:28:47.751000 15816 site-packages\torch\_subclasses\fake_tensor.py:3212] [9/0]     return func(*args, **kwargs)
E0908 07:28:47.751000 15816 site-packages\torch\_subclasses\fake_tensor.py:3212] [9/0]   File "C:\Users\clm\AppData\Local\Python\pythoncore-3.14-64\Lib\site-packages\torch\_library\custom_ops.py", line 785, in fake_impl
E0908 07:28:47.751000 15816 site-packages\torch\_subclasses\fake_tensor.py:3212] [9/0]     return self._abstract_fn(*args, **kwargs)
E0908 07:28:47.751000 15816 site-packages\torch\_subclasses\fake_tensor.py:3212] [9/0]            ~~~~~~~~~~~~~~~~~^^^^^^^^^^^^^^^^^
E0908 07:28:47.751000 15816 site-packages\torch\_subclasses\fake_tensor.py:3212] [9/0]   File "C:\Users\clm\AppData\Local\Python\pythoncore-3.14-64\Lib\site-packages\torch\_prims\__init__.py", line 1879, in _cat_meta
E0908 07:28:47.751000 15816 site-packages\torch\_subclasses\fake_tensor.py:3212] [9/0]     torch._check(
E0908 07:28:47.751000 15816 site-packages\torch\_subclasses\fake_tensor.py:3212] [9/0]     ~~~~~~~~~~~~^
E0908 07:28:47.751000 15816 site-packages\torch\_subclasses\fake_tensor.py:3212] [9/0]         length == common_length,
E0908 07:28:47.751000 15816 site-packages\torch\_subclasses\fake_tensor.py:3212] [9/0]         ^^^^^^^^^^^^^^^^^^^^^^^^
E0908 07:28:47.751000 15816 site-packages\torch\_subclasses\fake_tensor.py:3212] [9/0]     ...<2 lines>...
E0908 07:28:47.751000 15816 site-packages\torch\_subclasses\fake_tensor.py:3212] [9/0]         f"{tensor_idx} in the list",
E0908 07:28:47.751000 15816 site-packages\torch\_subclasses\fake_tensor.py:3212] [9/0]         ^^^^^^^^^^^^^^^^^^^^^^^^^^^^
E0908 07:28:47.751000 15816 site-packages\torch\_subclasses\fake_tensor.py:3212] [9/0]     )
E0908 07:28:47.751000 15816 site-packages\torch\_subclasses\fake_tensor.py:3212] [9/0]     ^
E0908 07:28:47.751000 15816 site-packages\torch\_subclasses\fake_tensor.py:3212] [9/0]   File "C:\Users\clm\AppData\Local\Python\pythoncore-3.14-64\Lib\site-packages\torch\__init__.py", line 2140, in _check
E0908 07:28:47.751000 15816 site-packages\torch\_subclasses\fake_tensor.py:3212] [9/0]     _check_with(RuntimeError, cond, message)
E0908 07:28:47.751000 15816 site-packages\torch\_subclasses\fake_tensor.py:3212] [9/0]     ~~~~~~~~~~~^^^^^^^^^^^^^^^^^^^^^^^^^^^^^
E0908 07:28:47.751000 15816 site-packages\torch\_subclasses\fake_tensor.py:3212] [9/0]   File "C:\Users\clm\AppData\Local\Python\pythoncore-3.14-64\Lib\site-packages\torch\__init__.py", line 2118, in _check_with
E0908 07:28:47.751000 15816 site-packages\torch\_subclasses\fake_tensor.py:3212] [9/0]     raise error_type(message_evaluated)
E0908 07:28:47.751000 15816 site-packages\torch\_subclasses\fake_tensor.py:3212] [9/0] RuntimeError: Sizes of tensors must match except in dimension 2. Expected 1 in dimension 0 but got 2 for tensor number 1 in the list
E0908 07:28:48.133000 15816 site-packages\torch\_subclasses\fake_tensor.py:3212] [9/0] failed while attempting to run meta for aten.cat.default
E0908 07:28:48.133000 15816 site-packages\torch\_subclasses\fake_tensor.py:3212] [9/0] Traceback (most recent call last):
E0908 07:28:48.133000 15816 site-packages\torch\_subclasses\fake_tensor.py:3212] [9/0]   File "C:\Users\clm\AppData\Local\Python\pythoncore-3.14-64\Lib\site-packages\torch\_subclasses\fake_tensor.py", line 3208, in _dispatch_impl
E0908 07:28:48.133000 15816 site-packages\torch\_subclasses\fake_tensor.py:3212] [9/0]     r = func(*args, **kwargs)
E0908 07:28:48.133000 15816 site-packages\torch\_subclasses\fake_tensor.py:3212] [9/0]   File "C:\Users\clm\AppData\Local\Python\pythoncore-3.14-64\Lib\site-packages\torch\_ops.py", line 916, in __call__
E0908 07:28:48.133000 15816 site-packages\torch\_subclasses\fake_tensor.py:3212] [9/0]     return self._op(*args, **kwargs)
E0908 07:28:48.133000 15816 site-packages\torch\_subclasses\fake_tensor.py:3212] [9/0]            ~~~~~~~~^^^^^^^^^^^^^^^^^
E0908 07:28:48.133000 15816 site-packages\torch\_subclasses\fake_tensor.py:3212] [9/0]   File "C:\Users\clm\AppData\Local\Python\pythoncore-3.14-64\Lib\site-packages\torch\_prims_common\wrappers.py", line 313, in _fn
E0908 07:28:48.133000 15816 site-packages\torch\_subclasses\fake_tensor.py:3212] [9/0]     result = fn(*args, **kwargs)
E0908 07:28:48.133000 15816 site-packages\torch\_subclasses\fake_tensor.py:3212] [9/0]   File "C:\Users\clm\AppData\Local\Python\pythoncore-3.14-64\Lib\site-packages\torch\_compile.py", line 54, in inner
E0908 07:28:48.133000 15816 site-packages\torch\_subclasses\fake_tensor.py:3212] [9/0]     return disable_fn(*args, **kwargs)
E0908 07:28:48.133000 15816 site-packages\torch\_subclasses\fake_tensor.py:3212] [9/0]   File "C:\Users\clm\AppData\Local\Python\pythoncore-3.14-64\Lib\site-packages\torch\_dynamo\eval_frame.py", line 1548, in _fn
E0908 07:28:48.133000 15816 site-packages\torch\_subclasses\fake_tensor.py:3212] [9/0]     return fn(*args, **kwargs)
E0908 07:28:48.133000 15816 site-packages\torch\_subclasses\fake_tensor.py:3212] [9/0]   File "C:\Users\clm\AppData\Local\Python\pythoncore-3.14-64\Lib\site-packages\torch\_prims_common\wrappers.py", line 151, in _fn
E0908 07:28:48.133000 15816 site-packages\torch\_subclasses\fake_tensor.py:3212] [9/0]     result = fn(**bound.arguments)
E0908 07:28:48.133000 15816 site-packages\torch\_subclasses\fake_tensor.py:3212] [9/0]   File "C:\Users\clm\AppData\Local\Python\pythoncore-3.14-64\Lib\site-packages\torch\_refs\__init__.py", line 3027, in cat
E0908 07:28:48.133000 15816 site-packages\torch\_subclasses\fake_tensor.py:3212] [9/0]     return prims.cat(filtered, dim).clone(memory_format=memory_format)
E0908 07:28:48.133000 15816 site-packages\torch\_subclasses\fake_tensor.py:3212] [9/0]            ~~~~~~~~~^^^^^^^^^^^^^^^
E0908 07:28:48.133000 15816 site-packages\torch\_subclasses\fake_tensor.py:3212] [9/0]   File "C:\Users\clm\AppData\Local\Python\pythoncore-3.14-64\Lib\site-packages\torch\_ops.py", line 916, in __call__
E0908 07:28:48.133000 15816 site-packages\torch\_subclasses\fake_tensor.py:3212] [9/0]     return self._op(*args, **kwargs)
E0908 07:28:48.133000 15816 site-packages\torch\_subclasses\fake_tensor.py:3212] [9/0]            ~~~~~~~~^^^^^^^^^^^^^^^^^
E0908 07:28:48.133000 15816 site-packages\torch\_subclasses\fake_tensor.py:3212] [9/0]   File "C:\Users\clm\AppData\Local\Python\pythoncore-3.14-64\Lib\site-packages\torch\_library\fake_impl.py", line 123, in meta_kernel
E0908 07:28:48.133000 15816 site-packages\torch\_subclasses\fake_tensor.py:3212] [9/0]     return fake_impl_holder.kernel(*args, **kwargs)
E0908 07:28:48.133000 15816 site-packages\torch\_subclasses\fake_tensor.py:3212] [9/0]            ~~~~~~~~~~~~~~~~~~~~~~~^^^^^^^^^^^^^^^^^
E0908 07:28:48.133000 15816 site-packages\torch\_subclasses\fake_tensor.py:3212] [9/0]   File "C:\Users\clm\AppData\Local\Python\pythoncore-3.14-64\Lib\site-packages\torch\_library\utils.py", line 23, in __call__
E0908 07:28:48.133000 15816 site-packages\torch\_subclasses\fake_tensor.py:3212] [9/0]     return self.func(*args, **kwargs)
E0908 07:28:48.133000 15816 site-packages\torch\_subclasses\fake_tensor.py:3212] [9/0]            ~~~~~~~~~^^^^^^^^^^^^^^^^^
E0908 07:28:48.133000 15816 site-packages\torch\_subclasses\fake_tensor.py:3212] [9/0]   File "C:\Users\clm\AppData\Local\Python\pythoncore-3.14-64\Lib\site-packages\torch\library.py", line 1651, in inner
E0908 07:28:48.133000 15816 site-packages\torch\_subclasses\fake_tensor.py:3212] [9/0]     return func(*args, **kwargs)
E0908 07:28:48.133000 15816 site-packages\torch\_subclasses\fake_tensor.py:3212] [9/0]   File "C:\Users\clm\AppData\Local\Python\pythoncore-3.14-64\Lib\site-packages\torch\_library\custom_ops.py", line 785, in fake_impl
E0908 07:28:48.133000 15816 site-packages\torch\_subclasses\fake_tensor.py:3212] [9/0]     return self._abstract_fn(*args, **kwargs)
E0908 07:28:48.133000 15816 site-packages\torch\_subclasses\fake_tensor.py:3212] [9/0]            ~~~~~~~~~~~~~~~~~^^^^^^^^^^^^^^^^^
E0908 07:28:48.133000 15816 site-packages\torch\_subclasses\fake_tensor.py:3212] [9/0]   File "C:\Users\clm\AppData\Local\Python\pythoncore-3.14-64\Lib\site-packages\torch\_prims\__init__.py", line 1879, in _cat_meta
E0908 07:28:48.133000 15816 site-packages\torch\_subclasses\fake_tensor.py:3212] [9/0]     torch._check(
E0908 07:28:48.133000 15816 site-packages\torch\_subclasses\fake_tensor.py:3212] [9/0]     ~~~~~~~~~~~~^
E0908 07:28:48.133000 15816 site-packages\torch\_subclasses\fake_tensor.py:3212] [9/0]         length == common_length,
E0908 07:28:48.133000 15816 site-packages\torch\_subclasses\fake_tensor.py:3212] [9/0]         ^^^^^^^^^^^^^^^^^^^^^^^^
E0908 07:28:48.133000 15816 site-packages\torch\_subclasses\fake_tensor.py:3212] [9/0]     ...<2 lines>...
E0908 07:28:48.133000 15816 site-packages\torch\_subclasses\fake_tensor.py:3212] [9/0]         f"{tensor_idx} in the list",
E0908 07:28:48.133000 15816 site-packages\torch\_subclasses\fake_tensor.py:3212] [9/0]         ^^^^^^^^^^^^^^^^^^^^^^^^^^^^
E0908 07:28:48.133000 15816 site-packages\torch\_subclasses\fake_tensor.py:3212] [9/0]     )
E0908 07:28:48.133000 15816 site-packages\torch\_subclasses\fake_tensor.py:3212] [9/0]     ^
E0908 07:28:48.133000 15816 site-packages\torch\_subclasses\fake_tensor.py:3212] [9/0]   File "C:\Users\clm\AppData\Local\Python\pythoncore-3.14-64\Lib\site-packages\torch\__init__.py", line 2140, in _check
E0908 07:28:48.133000 15816 site-packages\torch\_subclasses\fake_tensor.py:3212] [9/0]     _check_with(RuntimeError, cond, message)
E0908 07:28:48.133000 15816 site-packages\torch\_subclasses\fake_tensor.py:3212] [9/0]     ~~~~~~~~~~~^^^^^^^^^^^^^^^^^^^^^^^^^^^^^
E0908 07:28:48.133000 15816 site-packages\torch\_subclasses\fake_tensor.py:3212] [9/0]   File "C:\Users\clm\AppData\Local\Python\pythoncore-3.14-64\Lib\site-packages\torch\__init__.py", line 2118, in _check_with
E0908 07:28:48.133000 15816 site-packages\torch\_subclasses\fake_tensor.py:3212] [9/0]     raise error_type(message_evaluated)
E0908 07:28:48.133000 15816 site-packages\torch\_subclasses\fake_tensor.py:3212] [9/0] RuntimeError: Sizes of tensors must match except in dimension 2. Expected 1 in dimension 0 but got 2 for tensor number 1 in the list
E0908 07:28:48.621000 15816 site-packages\torch\_subclasses\fake_tensor.py:3212] [9/0] failed while attempting to run meta for aten.cat.default
E0908 07:28:48.621000 15816 site-packages\torch\_subclasses\fake_tensor.py:3212] [9/0] Traceback (most recent call last):
E0908 07:28:48.621000 15816 site-packages\torch\_subclasses\fake_tensor.py:3212] [9/0]   File "C:\Users\clm\AppData\Local\Python\pythoncore-3.14-64\Lib\site-packages\torch\_subclasses\fake_tensor.py", line 3208, in _dispatch_impl
E0908 07:28:48.621000 15816 site-packages\torch\_subclasses\fake_tensor.py:3212] [9/0]     r = func(*args, **kwargs)
E0908 07:28:48.621000 15816 site-packages\torch\_subclasses\fake_tensor.py:3212] [9/0]   File "C:\Users\clm\AppData\Local\Python\pythoncore-3.14-64\Lib\site-packages\torch\_ops.py", line 916, in __call__
E0908 07:28:48.621000 15816 site-packages\torch\_subclasses\fake_tensor.py:3212] [9/0]     return self._op(*args, **kwargs)
E0908 07:28:48.621000 15816 site-packages\torch\_subclasses\fake_tensor.py:3212] [9/0]            ~~~~~~~~^^^^^^^^^^^^^^^^^
E0908 07:28:48.621000 15816 site-packages\torch\_subclasses\fake_tensor.py:3212] [9/0]   File "C:\Users\clm\AppData\Local\Python\pythoncore-3.14-64\Lib\site-packages\torch\_prims_common\wrappers.py", line 313, in _fn
E0908 07:28:48.621000 15816 site-packages\torch\_subclasses\fake_tensor.py:3212] [9/0]     result = fn(*args, **kwargs)
E0908 07:28:48.621000 15816 site-packages\torch\_subclasses\fake_tensor.py:3212] [9/0]   File "C:\Users\clm\AppData\Local\Python\pythoncore-3.14-64\Lib\site-packages\torch\_compile.py", line 54, in inner
E0908 07:28:48.621000 15816 site-packages\torch\_subclasses\fake_tensor.py:3212] [9/0]     return disable_fn(*args, **kwargs)
E0908 07:28:48.621000 15816 site-packages\torch\_subclasses\fake_tensor.py:3212] [9/0]   File "C:\Users\clm\AppData\Local\Python\pythoncore-3.14-64\Lib\site-packages\torch\_dynamo\eval_frame.py", line 1548, in _fn
E0908 07:28:48.621000 15816 site-packages\torch\_subclasses\fake_tensor.py:3212] [9/0]     return fn(*args, **kwargs)
E0908 07:28:48.621000 15816 site-packages\torch\_subclasses\fake_tensor.py:3212] [9/0]   File "C:\Users\clm\AppData\Local\Python\pythoncore-3.14-64\Lib\site-packages\torch\_prims_common\wrappers.py", line 151, in _fn
E0908 07:28:48.621000 15816 site-packages\torch\_subclasses\fake_tensor.py:3212] [9/0]     result = fn(**bound.arguments)
E0908 07:28:48.621000 15816 site-packages\torch\_subclasses\fake_tensor.py:3212] [9/0]   File "C:\Users\clm\AppData\Local\Python\pythoncore-3.14-64\Lib\site-packages\torch\_refs\__init__.py", line 3027, in cat
E0908 07:28:48.621000 15816 site-packages\torch\_subclasses\fake_tensor.py:3212] [9/0]     return prims.cat(filtered, dim).clone(memory_format=memory_format)
E0908 07:28:48.621000 15816 site-packages\torch\_subclasses\fake_tensor.py:3212] [9/0]            ~~~~~~~~~^^^^^^^^^^^^^^^
E0908 07:28:48.621000 15816 site-packages\torch\_subclasses\fake_tensor.py:3212] [9/0]   File "C:\Users\clm\AppData\Local\Python\pythoncore-3.14-64\Lib\site-packages\torch\_ops.py", line 916, in __call__
E0908 07:28:48.621000 15816 site-packages\torch\_subclasses\fake_tensor.py:3212] [9/0]     return self._op(*args, **kwargs)
E0908 07:28:48.621000 15816 site-packages\torch\_subclasses\fake_tensor.py:3212] [9/0]            ~~~~~~~~^^^^^^^^^^^^^^^^^
E0908 07:28:48.621000 15816 site-packages\torch\_subclasses\fake_tensor.py:3212] [9/0]   File "C:\Users\clm\AppData\Local\Python\pythoncore-3.14-64\Lib\site-packages\torch\_library\fake_impl.py", line 123, in meta_kernel
E0908 07:28:48.621000 15816 site-packages\torch\_subclasses\fake_tensor.py:3212] [9/0]     return fake_impl_holder.kernel(*args, **kwargs)
E0908 07:28:48.621000 15816 site-packages\torch\_subclasses\fake_tensor.py:3212] [9/0]            ~~~~~~~~~~~~~~~~~~~~~~~^^^^^^^^^^^^^^^^^
E0908 07:28:48.621000 15816 site-packages\torch\_subclasses\fake_tensor.py:3212] [9/0]   File "C:\Users\clm\AppData\Local\Python\pythoncore-3.14-64\Lib\site-packages\torch\_library\utils.py", line 23, in __call__
E0908 07:28:48.621000 15816 site-packages\torch\_subclasses\fake_tensor.py:3212] [9/0]     return self.func(*args, **kwargs)
E0908 07:28:48.621000 15816 site-packages\torch\_subclasses\fake_tensor.py:3212] [9/0]            ~~~~~~~~~^^^^^^^^^^^^^^^^^
E0908 07:28:48.621000 15816 site-packages\torch\_subclasses\fake_tensor.py:3212] [9/0]   File "C:\Users\clm\AppData\Local\Python\pythoncore-3.14-64\Lib\site-packages\torch\library.py", line 1651, in inner
E0908 07:28:48.621000 15816 site-packages\torch\_subclasses\fake_tensor.py:3212] [9/0]     return func(*args, **kwargs)
E0908 07:28:48.621000 15816 site-packages\torch\_subclasses\fake_tensor.py:3212] [9/0]   File "C:\Users\clm\AppData\Local\Python\pythoncore-3.14-64\Lib\site-packages\torch\_library\custom_ops.py", line 785, in fake_impl
E0908 07:28:48.621000 15816 site-packages\torch\_subclasses\fake_tensor.py:3212] [9/0]     return self._abstract_fn(*args, **kwargs)
E0908 07:28:48.621000 15816 site-packages\torch\_subclasses\fake_tensor.py:3212] [9/0]            ~~~~~~~~~~~~~~~~~^^^^^^^^^^^^^^^^^
E0908 07:28:48.621000 15816 site-packages\torch\_subclasses\fake_tensor.py:3212] [9/0]   File "C:\Users\clm\AppData\Local\Python\pythoncore-3.14-64\Lib\site-packages\torch\_prims\__init__.py", line 1879, in _cat_meta
E0908 07:28:48.621000 15816 site-packages\torch\_subclasses\fake_tensor.py:3212] [9/0]     torch._check(
E0908 07:28:48.621000 15816 site-packages\torch\_subclasses\fake_tensor.py:3212] [9/0]     ~~~~~~~~~~~~^
E0908 07:28:48.621000 15816 site-packages\torch\_subclasses\fake_tensor.py:3212] [9/0]         length == common_length,
E0908 07:28:48.621000 15816 site-packages\torch\_subclasses\fake_tensor.py:3212] [9/0]         ^^^^^^^^^^^^^^^^^^^^^^^^
E0908 07:28:48.621000 15816 site-packages\torch\_subclasses\fake_tensor.py:3212] [9/0]     ...<2 lines>...
E0908 07:28:48.621000 15816 site-packages\torch\_subclasses\fake_tensor.py:3212] [9/0]         f"{tensor_idx} in the list",
E0908 07:28:48.621000 15816 site-packages\torch\_subclasses\fake_tensor.py:3212] [9/0]         ^^^^^^^^^^^^^^^^^^^^^^^^^^^^
E0908 07:28:48.621000 15816 site-packages\torch\_subclasses\fake_tensor.py:3212] [9/0]     )
E0908 07:28:48.621000 15816 site-packages\torch\_subclasses\fake_tensor.py:3212] [9/0]     ^
E0908 07:28:48.621000 15816 site-packages\torch\_subclasses\fake_tensor.py:3212] [9/0]   File "C:\Users\clm\AppData\Local\Python\pythoncore-3.14-64\Lib\site-packages\torch\__init__.py", line 2140, in _check
E0908 07:28:48.621000 15816 site-packages\torch\_subclasses\fake_tensor.py:3212] [9/0]     _check_with(RuntimeError, cond, message)
E0908 07:28:48.621000 15816 site-packages\torch\_subclasses\fake_tensor.py:3212] [9/0]     ~~~~~~~~~~~^^^^^^^^^^^^^^^^^^^^^^^^^^^^^
E0908 07:28:48.621000 15816 site-packages\torch\_subclasses\fake_tensor.py:3212] [9/0]   File "C:\Users\clm\AppData\Local\Python\pythoncore-3.14-64\Lib\site-packages\torch\__init__.py", line 2118, in _check_with
E0908 07:28:48.621000 15816 site-packages\torch\_subclasses\fake_tensor.py:3212] [9/0]     raise error_type(message_evaluated)
E0908 07:28:48.621000 15816 site-packages\torch\_subclasses\fake_tensor.py:3212] [9/0] RuntimeError: Sizes of tensors must match except in dimension 2. Expected 1 in dimension 0 but got 2 for tensor number 1 in the list
E0908 07:28:49.233000 15816 site-packages\torch\_subclasses\fake_tensor.py:3212] [9/0] failed while attempting to run meta for aten.cat.default
E0908 07:28:49.233000 15816 site-packages\torch\_subclasses\fake_tensor.py:3212] [9/0] Traceback (most recent call last):
E0908 07:28:49.233000 15816 site-packages\torch\_subclasses\fake_tensor.py:3212] [9/0]   File "C:\Users\clm\AppData\Local\Python\pythoncore-3.14-64\Lib\site-packages\torch\_subclasses\fake_tensor.py", line 3208, in _dispatch_impl
E0908 07:28:49.233000 15816 site-packages\torch\_subclasses\fake_tensor.py:3212] [9/0]     r = func(*args, **kwargs)
E0908 07:28:49.233000 15816 site-packages\torch\_subclasses\fake_tensor.py:3212] [9/0]   File "C:\Users\clm\AppData\Local\Python\pythoncore-3.14-64\Lib\site-packages\torch\_ops.py", line 916, in __call__
E0908 07:28:49.233000 15816 site-packages\torch\_subclasses\fake_tensor.py:3212] [9/0]     return self._op(*args, **kwargs)
E0908 07:28:49.233000 15816 site-packages\torch\_subclasses\fake_tensor.py:3212] [9/0]            ~~~~~~~~^^^^^^^^^^^^^^^^^
E0908 07:28:49.233000 15816 site-packages\torch\_subclasses\fake_tensor.py:3212] [9/0]   File "C:\Users\clm\AppData\Local\Python\pythoncore-3.14-64\Lib\site-packages\torch\_prims_common\wrappers.py", line 313, in _fn
E0908 07:28:49.233000 15816 site-packages\torch\_subclasses\fake_tensor.py:3212] [9/0]     result = fn(*args, **kwargs)
E0908 07:28:49.233000 15816 site-packages\torch\_subclasses\fake_tensor.py:3212] [9/0]   File "C:\Users\clm\AppData\Local\Python\pythoncore-3.14-64\Lib\site-packages\torch\_compile.py", line 54, in inner
E0908 07:28:49.233000 15816 site-packages\torch\_subclasses\fake_tensor.py:3212] [9/0]     return disable_fn(*args, **kwargs)
E0908 07:28:49.233000 15816 site-packages\torch\_subclasses\fake_tensor.py:3212] [9/0]   File "C:\Users\clm\AppData\Local\Python\pythoncore-3.14-64\Lib\site-packages\torch\_dynamo\eval_frame.py", line 1548, in _fn
E0908 07:28:49.233000 15816 site-packages\torch\_subclasses\fake_tensor.py:3212] [9/0]     return fn(*args, **kwargs)
E0908 07:28:49.233000 15816 site-packages\torch\_subclasses\fake_tensor.py:3212] [9/0]   File "C:\Users\clm\AppData\Local\Python\pythoncore-3.14-64\Lib\site-packages\torch\_prims_common\wrappers.py", line 151, in _fn
E0908 07:28:49.233000 15816 site-packages\torch\_subclasses\fake_tensor.py:3212] [9/0]     result = fn(**bound.arguments)
E0908 07:28:49.233000 15816 site-packages\torch\_subclasses\fake_tensor.py:3212] [9/0]   File "C:\Users\clm\AppData\Local\Python\pythoncore-3.14-64\Lib\site-packages\torch\_refs\__init__.py", line 3027, in cat
E0908 07:28:49.233000 15816 site-packages\torch\_subclasses\fake_tensor.py:3212] [9/0]     return prims.cat(filtered, dim).clone(memory_format=memory_format)
E0908 07:28:49.233000 15816 site-packages\torch\_subclasses\fake_tensor.py:3212] [9/0]            ~~~~~~~~~^^^^^^^^^^^^^^^
E0908 07:28:49.233000 15816 site-packages\torch\_subclasses\fake_tensor.py:3212] [9/0]   File "C:\Users\clm\AppData\Local\Python\pythoncore-3.14-64\Lib\site-packages\torch\_ops.py", line 916, in __call__
E0908 07:28:49.233000 15816 site-packages\torch\_subclasses\fake_tensor.py:3212] [9/0]     return self._op(*args, **kwargs)
E0908 07:28:49.233000 15816 site-packages\torch\_subclasses\fake_tensor.py:3212] [9/0]            ~~~~~~~~^^^^^^^^^^^^^^^^^
E0908 07:28:49.233000 15816 site-packages\torch\_subclasses\fake_tensor.py:3212] [9/0]   File "C:\Users\clm\AppData\Local\Python\pythoncore-3.14-64\Lib\site-packages\torch\_library\fake_impl.py", line 123, in meta_kernel
E0908 07:28:49.233000 15816 site-packages\torch\_subclasses\fake_tensor.py:3212] [9/0]     return fake_impl_holder.kernel(*args, **kwargs)
E0908 07:28:49.233000 15816 site-packages\torch\_subclasses\fake_tensor.py:3212] [9/0]            ~~~~~~~~~~~~~~~~~~~~~~~^^^^^^^^^^^^^^^^^
E0908 07:28:49.233000 15816 site-packages\torch\_subclasses\fake_tensor.py:3212] [9/0]   File "C:\Users\clm\AppData\Local\Python\pythoncore-3.14-64\Lib\site-packages\torch\_library\utils.py", line 23, in __call__
E0908 07:28:49.233000 15816 site-packages\torch\_subclasses\fake_tensor.py:3212] [9/0]     return self.func(*args, **kwargs)
E0908 07:28:49.233000 15816 site-packages\torch\_subclasses\fake_tensor.py:3212] [9/0]            ~~~~~~~~~^^^^^^^^^^^^^^^^^
E0908 07:28:49.233000 15816 site-packages\torch\_subclasses\fake_tensor.py:3212] [9/0]   File "C:\Users\clm\AppData\Local\Python\pythoncore-3.14-64\Lib\site-packages\torch\library.py", line 1651, in inner
E0908 07:28:49.233000 15816 site-packages\torch\_subclasses\fake_tensor.py:3212] [9/0]     return func(*args, **kwargs)
E0908 07:28:49.233000 15816 site-packages\torch\_subclasses\fake_tensor.py:3212] [9/0]   File "C:\Users\clm\AppData\Local\Python\pythoncore-3.14-64\Lib\site-packages\torch\_library\custom_ops.py", line 785, in fake_impl
E0908 07:28:49.233000 15816 site-packages\torch\_subclasses\fake_tensor.py:3212] [9/0]     return self._abstract_fn(*args, **kwargs)
E0908 07:28:49.233000 15816 site-packages\torch\_subclasses\fake_tensor.py:3212] [9/0]            ~~~~~~~~~~~~~~~~~^^^^^^^^^^^^^^^^^
E0908 07:28:49.233000 15816 site-packages\torch\_subclasses\fake_tensor.py:3212] [9/0]   File "C:\Users\clm\AppData\Local\Python\pythoncore-3.14-64\Lib\site-packages\torch\_prims\__init__.py", line 1879, in _cat_meta
E0908 07:28:49.233000 15816 site-packages\torch\_subclasses\fake_tensor.py:3212] [9/0]     torch._check(
E0908 07:28:49.233000 15816 site-packages\torch\_subclasses\fake_tensor.py:3212] [9/0]     ~~~~~~~~~~~~^
E0908 07:28:49.233000 15816 site-packages\torch\_subclasses\fake_tensor.py:3212] [9/0]         length == common_length,
E0908 07:28:49.233000 15816 site-packages\torch\_subclasses\fake_tensor.py:3212] [9/0]         ^^^^^^^^^^^^^^^^^^^^^^^^
E0908 07:28:49.233000 15816 site-packages\torch\_subclasses\fake_tensor.py:3212] [9/0]     ...<2 lines>...
E0908 07:28:49.233000 15816 site-packages\torch\_subclasses\fake_tensor.py:3212] [9/0]         f"{tensor_idx} in the list",
E0908 07:28:49.233000 15816 site-packages\torch\_subclasses\fake_tensor.py:3212] [9/0]         ^^^^^^^^^^^^^^^^^^^^^^^^^^^^
E0908 07:28:49.233000 15816 site-packages\torch\_subclasses\fake_tensor.py:3212] [9/0]     )
E0908 07:28:49.233000 15816 site-packages\torch\_subclasses\fake_tensor.py:3212] [9/0]     ^
E0908 07:28:49.233000 15816 site-packages\torch\_subclasses\fake_tensor.py:3212] [9/0]   File "C:\Users\clm\AppData\Local\Python\pythoncore-3.14-64\Lib\site-packages\torch\__init__.py", line 2140, in _check
E0908 07:28:49.233000 15816 site-packages\torch\_subclasses\fake_tensor.py:3212] [9/0]     _check_with(RuntimeError, cond, message)
E0908 07:28:49.233000 15816 site-packages\torch\_subclasses\fake_tensor.py:3212] [9/0]     ~~~~~~~~~~~^^^^^^^^^^^^^^^^^^^^^^^^^^^^^
E0908 07:28:49.233000 15816 site-packages\torch\_subclasses\fake_tensor.py:3212] [9/0]   File "C:\Users\clm\AppData\Local\Python\pythoncore-3.14-64\Lib\site-packages\torch\__init__.py", line 2118, in _check_with
E0908 07:28:49.233000 15816 site-packages\torch\_subclasses\fake_tensor.py:3212] [9/0]     raise error_type(message_evaluated)
E0908 07:28:49.233000 15816 site-packages\torch\_subclasses\fake_tensor.py:3212] [9/0] RuntimeError: Sizes of tensors must match except in dimension 2. Expected 1 in dimension 0 but got 2 for tensor number 1 in the list
E0908 07:30:48.979000 15816 site-packages\torch\_subclasses\fake_tensor.py:3212] [9/0] failed while attempting to run meta for aten.cat.default
E0908 07:30:48.979000 15816 site-packages\torch\_subclasses\fake_tensor.py:3212] [9/0] Traceback (most recent call last):
E0908 07:30:48.979000 15816 site-packages\torch\_subclasses\fake_tensor.py:3212] [9/0]   File "C:\Users\clm\AppData\Local\Python\pythoncore-3.14-64\Lib\site-packages\torch\_subclasses\fake_tensor.py", line 3208, in _dispatch_impl
E0908 07:30:48.979000 15816 site-packages\torch\_subclasses\fake_tensor.py:3212] [9/0]     r = func(*args, **kwargs)
E0908 07:30:48.979000 15816 site-packages\torch\_subclasses\fake_tensor.py:3212] [9/0]   File "C:\Users\clm\AppData\Local\Python\pythoncore-3.14-64\Lib\site-packages\torch\_ops.py", line 916, in __call__
E0908 07:30:48.979000 15816 site-packages\torch\_subclasses\fake_tensor.py:3212] [9/0]     return self._op(*args, **kwargs)
E0908 07:30:48.979000 15816 site-packages\torch\_subclasses\fake_tensor.py:3212] [9/0]            ~~~~~~~~^^^^^^^^^^^^^^^^^
E0908 07:30:48.979000 15816 site-packages\torch\_subclasses\fake_tensor.py:3212] [9/0]   File "C:\Users\clm\AppData\Local\Python\pythoncore-3.14-64\Lib\site-packages\torch\_prims_common\wrappers.py", line 313, in _fn
E0908 07:30:48.979000 15816 site-packages\torch\_subclasses\fake_tensor.py:3212] [9/0]     result = fn(*args, **kwargs)
E0908 07:30:48.979000 15816 site-packages\torch\_subclasses\fake_tensor.py:3212] [9/0]   File "C:\Users\clm\AppData\Local\Python\pythoncore-3.14-64\Lib\site-packages\torch\_compile.py", line 54, in inner
E0908 07:30:48.979000 15816 site-packages\torch\_subclasses\fake_tensor.py:3212] [9/0]     return disable_fn(*args, **kwargs)
E0908 07:30:48.979000 15816 site-packages\torch\_subclasses\fake_tensor.py:3212] [9/0]   File "C:\Users\clm\AppData\Local\Python\pythoncore-3.14-64\Lib\site-packages\torch\_dynamo\eval_frame.py", line 1548, in _fn
E0908 07:30:48.979000 15816 site-packages\torch\_subclasses\fake_tensor.py:3212] [9/0]     return fn(*args, **kwargs)
E0908 07:30:48.979000 15816 site-packages\torch\_subclasses\fake_tensor.py:3212] [9/0]   File "C:\Users\clm\AppData\Local\Python\pythoncore-3.14-64\Lib\site-packages\torch\_prims_common\wrappers.py", line 151, in _fn
E0908 07:30:48.979000 15816 site-packages\torch\_subclasses\fake_tensor.py:3212] [9/0]     result = fn(**bound.arguments)
E0908 07:30:48.979000 15816 site-packages\torch\_subclasses\fake_tensor.py:3212] [9/0]   File "C:\Users\clm\AppData\Local\Python\pythoncore-3.14-64\Lib\site-packages\torch\_refs\__init__.py", line 3027, in cat
E0908 07:30:48.979000 15816 site-packages\torch\_subclasses\fake_tensor.py:3212] [9/0]     return prims.cat(filtered, dim).clone(memory_format=memory_format)
E0908 07:30:48.979000 15816 site-packages\torch\_subclasses\fake_tensor.py:3212] [9/0]            ~~~~~~~~~^^^^^^^^^^^^^^^
E0908 07:30:48.979000 15816 site-packages\torch\_subclasses\fake_tensor.py:3212] [9/0]   File "C:\Users\clm\AppData\Local\Python\pythoncore-3.14-64\Lib\site-packages\torch\_ops.py", line 916, in __call__
E0908 07:30:48.979000 15816 site-packages\torch\_subclasses\fake_tensor.py:3212] [9/0]     return self._op(*args, **kwargs)
E0908 07:30:48.979000 15816 site-packages\torch\_subclasses\fake_tensor.py:3212] [9/0]            ~~~~~~~~^^^^^^^^^^^^^^^^^
E0908 07:30:48.979000 15816 site-packages\torch\_subclasses\fake_tensor.py:3212] [9/0]   File "C:\Users\clm\AppData\Local\Python\pythoncore-3.14-64\Lib\site-packages\torch\_library\fake_impl.py", line 123, in meta_kernel
E0908 07:30:48.979000 15816 site-packages\torch\_subclasses\fake_tensor.py:3212] [9/0]     return fake_impl_holder.kernel(*args, **kwargs)
E0908 07:30:48.979000 15816 site-packages\torch\_subclasses\fake_tensor.py:3212] [9/0]            ~~~~~~~~~~~~~~~~~~~~~~~^^^^^^^^^^^^^^^^^
E0908 07:30:48.979000 15816 site-packages\torch\_subclasses\fake_tensor.py:3212] [9/0]   File "C:\Users\clm\AppData\Local\Python\pythoncore-3.14-64\Lib\site-packages\torch\_library\utils.py", line 23, in __call__
E0908 07:30:48.979000 15816 site-packages\torch\_subclasses\fake_tensor.py:3212] [9/0]     return self.func(*args, **kwargs)
E0908 07:30:48.979000 15816 site-packages\torch\_subclasses\fake_tensor.py:3212] [9/0]            ~~~~~~~~~^^^^^^^^^^^^^^^^^
E0908 07:30:48.979000 15816 site-packages\torch\_subclasses\fake_tensor.py:3212] [9/0]   File "C:\Users\clm\AppData\Local\Python\pythoncore-3.14-64\Lib\site-packages\torch\library.py", line 1651, in inner
E0908 07:30:48.979000 15816 site-packages\torch\_subclasses\fake_tensor.py:3212] [9/0]     return func(*args, **kwargs)
E0908 07:30:48.979000 15816 site-packages\torch\_subclasses\fake_tensor.py:3212] [9/0]   File "C:\Users\clm\AppData\Local\Python\pythoncore-3.14-64\Lib\site-packages\torch\_library\custom_ops.py", line 785, in fake_impl
E0908 07:30:48.979000 15816 site-packages\torch\_subclasses\fake_tensor.py:3212] [9/0]     return self._abstract_fn(*args, **kwargs)
E0908 07:30:48.979000 15816 site-packages\torch\_subclasses\fake_tensor.py:3212] [9/0]            ~~~~~~~~~~~~~~~~~^^^^^^^^^^^^^^^^^
E0908 07:30:48.979000 15816 site-packages\torch\_subclasses\fake_tensor.py:3212] [9/0]   File "C:\Users\clm\AppData\Local\Python\pythoncore-3.14-64\Lib\site-packages\torch\_prims\__init__.py", line 1879, in _cat_meta
E0908 07:30:48.979000 15816 site-packages\torch\_subclasses\fake_tensor.py:3212] [9/0]     torch._check(
E0908 07:30:48.979000 15816 site-packages\torch\_subclasses\fake_tensor.py:3212] [9/0]     ~~~~~~~~~~~~^
E0908 07:30:48.979000 15816 site-packages\torch\_subclasses\fake_tensor.py:3212] [9/0]         length == common_length,
E0908 07:30:48.979000 15816 site-packages\torch\_subclasses\fake_tensor.py:3212] [9/0]         ^^^^^^^^^^^^^^^^^^^^^^^^
E0908 07:30:48.979000 15816 site-packages\torch\_subclasses\fake_tensor.py:3212] [9/0]     ...<2 lines>...
E0908 07:30:48.979000 15816 site-packages\torch\_subclasses\fake_tensor.py:3212] [9/0]         f"{tensor_idx} in the list",
E0908 07:30:48.979000 15816 site-packages\torch\_subclasses\fake_tensor.py:3212] [9/0]         ^^^^^^^^^^^^^^^^^^^^^^^^^^^^
E0908 07:30:48.979000 15816 site-packages\torch\_subclasses\fake_tensor.py:3212] [9/0]     )
E0908 07:30:48.979000 15816 site-packages\torch\_subclasses\fake_tensor.py:3212] [9/0]     ^
E0908 07:30:48.979000 15816 site-packages\torch\_subclasses\fake_tensor.py:3212] [9/0]   File "C:\Users\clm\AppData\Local\Python\pythoncore-3.14-64\Lib\site-packages\torch\__init__.py", line 2140, in _check
E0908 07:30:48.979000 15816 site-packages\torch\_subclasses\fake_tensor.py:3212] [9/0]     _check_with(RuntimeError, cond, message)
E0908 07:30:48.979000 15816 site-packages\torch\_subclasses\fake_tensor.py:3212] [9/0]     ~~~~~~~~~~~^^^^^^^^^^^^^^^^^^^^^^^^^^^^^
E0908 07:30:48.979000 15816 site-packages\torch\_subclasses\fake_tensor.py:3212] [9/0]   File "C:\Users\clm\AppData\Local\Python\pythoncore-3.14-64\Lib\site-packages\torch\__init__.py", line 2118, in _check_with
E0908 07:30:48.979000 15816 site-packages\torch\_subclasses\fake_tensor.py:3212] [9/0]     raise error_type(message_evaluated)
E0908 07:30:48.979000 15816 site-packages\torch\_subclasses\fake_tensor.py:3212] [9/0] RuntimeError: Sizes of tensors must match except in dimension 2. Expected 1 in dimension 0 but got 33 for tensor number 1 in the list
E0908 07:30:49.455000 15816 site-packages\torch\_subclasses\fake_tensor.py:3212] [9/0] failed while attempting to run meta for aten.cat.default
E0908 07:30:49.455000 15816 site-packages\torch\_subclasses\fake_tensor.py:3212] [9/0] Traceback (most recent call last):
E0908 07:30:49.455000 15816 site-packages\torch\_subclasses\fake_tensor.py:3212] [9/0]   File "C:\Users\clm\AppData\Local\Python\pythoncore-3.14-64\Lib\site-packages\torch\_subclasses\fake_tensor.py", line 3208, in _dispatch_impl
E0908 07:30:49.455000 15816 site-packages\torch\_subclasses\fake_tensor.py:3212] [9/0]     r = func(*args, **kwargs)
E0908 07:30:49.455000 15816 site-packages\torch\_subclasses\fake_tensor.py:3212] [9/0]   File "C:\Users\clm\AppData\Local\Python\pythoncore-3.14-64\Lib\site-packages\torch\_ops.py", line 916, in __call__
E0908 07:30:49.455000 15816 site-packages\torch\_subclasses\fake_tensor.py:3212] [9/0]     return self._op(*args, **kwargs)
E0908 07:30:49.455000 15816 site-packages\torch\_subclasses\fake_tensor.py:3212] [9/0]            ~~~~~~~~^^^^^^^^^^^^^^^^^
E0908 07:30:49.455000 15816 site-packages\torch\_subclasses\fake_tensor.py:3212] [9/0]   File "C:\Users\clm\AppData\Local\Python\pythoncore-3.14-64\Lib\site-packages\torch\_prims_common\wrappers.py", line 313, in _fn
E0908 07:30:49.455000 15816 site-packages\torch\_subclasses\fake_tensor.py:3212] [9/0]     result = fn(*args, **kwargs)
E0908 07:30:49.455000 15816 site-packages\torch\_subclasses\fake_tensor.py:3212] [9/0]   File "C:\Users\clm\AppData\Local\Python\pythoncore-3.14-64\Lib\site-packages\torch\_compile.py", line 54, in inner
E0908 07:30:49.455000 15816 site-packages\torch\_subclasses\fake_tensor.py:3212] [9/0]     return disable_fn(*args, **kwargs)
E0908 07:30:49.455000 15816 site-packages\torch\_subclasses\fake_tensor.py:3212] [9/0]   File "C:\Users\clm\AppData\Local\Python\pythoncore-3.14-64\Lib\site-packages\torch\_dynamo\eval_frame.py", line 1548, in _fn
E0908 07:30:49.455000 15816 site-packages\torch\_subclasses\fake_tensor.py:3212] [9/0]     return fn(*args, **kwargs)
E0908 07:30:49.455000 15816 site-packages\torch\_subclasses\fake_tensor.py:3212] [9/0]   File "C:\Users\clm\AppData\Local\Python\pythoncore-3.14-64\Lib\site-packages\torch\_prims_common\wrappers.py", line 151, in _fn
E0908 07:30:49.455000 15816 site-packages\torch\_subclasses\fake_tensor.py:3212] [9/0]     result = fn(**bound.arguments)
E0908 07:30:49.455000 15816 site-packages\torch\_subclasses\fake_tensor.py:3212] [9/0]   File "C:\Users\clm\AppData\Local\Python\pythoncore-3.14-64\Lib\site-packages\torch\_refs\__init__.py", line 3027, in cat
E0908 07:30:49.455000 15816 site-packages\torch\_subclasses\fake_tensor.py:3212] [9/0]     return prims.cat(filtered, dim).clone(memory_format=memory_format)
E0908 07:30:49.455000 15816 site-packages\torch\_subclasses\fake_tensor.py:3212] [9/0]            ~~~~~~~~~^^^^^^^^^^^^^^^
E0908 07:30:49.455000 15816 site-packages\torch\_subclasses\fake_tensor.py:3212] [9/0]   File "C:\Users\clm\AppData\Local\Python\pythoncore-3.14-64\Lib\site-packages\torch\_ops.py", line 916, in __call__
E0908 07:30:49.455000 15816 site-packages\torch\_subclasses\fake_tensor.py:3212] [9/0]     return self._op(*args, **kwargs)
E0908 07:30:49.455000 15816 site-packages\torch\_subclasses\fake_tensor.py:3212] [9/0]            ~~~~~~~~^^^^^^^^^^^^^^^^^
E0908 07:30:49.455000 15816 site-packages\torch\_subclasses\fake_tensor.py:3212] [9/0]   File "C:\Users\clm\AppData\Local\Python\pythoncore-3.14-64\Lib\site-packages\torch\_library\fake_impl.py", line 123, in meta_kernel
E0908 07:30:49.455000 15816 site-packages\torch\_subclasses\fake_tensor.py:3212] [9/0]     return fake_impl_holder.kernel(*args, **kwargs)
E0908 07:30:49.455000 15816 site-packages\torch\_subclasses\fake_tensor.py:3212] [9/0]            ~~~~~~~~~~~~~~~~~~~~~~~^^^^^^^^^^^^^^^^^
E0908 07:30:49.455000 15816 site-packages\torch\_subclasses\fake_tensor.py:3212] [9/0]   File "C:\Users\clm\AppData\Local\Python\pythoncore-3.14-64\Lib\site-packages\torch\_library\utils.py", line 23, in __call__
E0908 07:30:49.455000 15816 site-packages\torch\_subclasses\fake_tensor.py:3212] [9/0]     return self.func(*args, **kwargs)
E0908 07:30:49.455000 15816 site-packages\torch\_subclasses\fake_tensor.py:3212] [9/0]            ~~~~~~~~~^^^^^^^^^^^^^^^^^
E0908 07:30:49.455000 15816 site-packages\torch\_subclasses\fake_tensor.py:3212] [9/0]   File "C:\Users\clm\AppData\Local\Python\pythoncore-3.14-64\Lib\site-packages\torch\library.py", line 1651, in inner
E0908 07:30:49.455000 15816 site-packages\torch\_subclasses\fake_tensor.py:3212] [9/0]     return func(*args, **kwargs)
E0908 07:30:49.455000 15816 site-packages\torch\_subclasses\fake_tensor.py:3212] [9/0]   File "C:\Users\clm\AppData\Local\Python\pythoncore-3.14-64\Lib\site-packages\torch\_library\custom_ops.py", line 785, in fake_impl
E0908 07:30:49.455000 15816 site-packages\torch\_subclasses\fake_tensor.py:3212] [9/0]     return self._abstract_fn(*args, **kwargs)
E0908 07:30:49.455000 15816 site-packages\torch\_subclasses\fake_tensor.py:3212] [9/0]            ~~~~~~~~~~~~~~~~~^^^^^^^^^^^^^^^^^
E0908 07:30:49.455000 15816 site-packages\torch\_subclasses\fake_tensor.py:3212] [9/0]   File "C:\Users\clm\AppData\Local\Python\pythoncore-3.14-64\Lib\site-packages\torch\_prims\__init__.py", line 1879, in _cat_meta
E0908 07:30:49.455000 15816 site-packages\torch\_subclasses\fake_tensor.py:3212] [9/0]     torch._check(
E0908 07:30:49.455000 15816 site-packages\torch\_subclasses\fake_tensor.py:3212] [9/0]     ~~~~~~~~~~~~^
E0908 07:30:49.455000 15816 site-packages\torch\_subclasses\fake_tensor.py:3212] [9/0]         length == common_length,
E0908 07:30:49.455000 15816 site-packages\torch\_subclasses\fake_tensor.py:3212] [9/0]         ^^^^^^^^^^^^^^^^^^^^^^^^
E0908 07:30:49.455000 15816 site-packages\torch\_subclasses\fake_tensor.py:3212] [9/0]     ...<2 lines>...
E0908 07:30:49.455000 15816 site-packages\torch\_subclasses\fake_tensor.py:3212] [9/0]         f"{tensor_idx} in the list",
E0908 07:30:49.455000 15816 site-packages\torch\_subclasses\fake_tensor.py:3212] [9/0]         ^^^^^^^^^^^^^^^^^^^^^^^^^^^^
E0908 07:30:49.455000 15816 site-packages\torch\_subclasses\fake_tensor.py:3212] [9/0]     )
E0908 07:30:49.455000 15816 site-packages\torch\_subclasses\fake_tensor.py:3212] [9/0]     ^
E0908 07:30:49.455000 15816 site-packages\torch\_subclasses\fake_tensor.py:3212] [9/0]   File "C:\Users\clm\AppData\Local\Python\pythoncore-3.14-64\Lib\site-packages\torch\__init__.py", line 2140, in _check
E0908 07:30:49.455000 15816 site-packages\torch\_subclasses\fake_tensor.py:3212] [9/0]     _check_with(RuntimeError, cond, message)
E0908 07:30:49.455000 15816 site-packages\torch\_subclasses\fake_tensor.py:3212] [9/0]     ~~~~~~~~~~~^^^^^^^^^^^^^^^^^^^^^^^^^^^^^
E0908 07:30:49.455000 15816 site-packages\torch\_subclasses\fake_tensor.py:3212] [9/0]   File "C:\Users\clm\AppData\Local\Python\pythoncore-3.14-64\Lib\site-packages\torch\__init__.py", line 2118, in _check_with
E0908 07:30:49.455000 15816 site-packages\torch\_subclasses\fake_tensor.py:3212] [9/0]     raise error_type(message_evaluated)
E0908 07:30:49.455000 15816 site-packages\torch\_subclasses\fake_tensor.py:3212] [9/0] RuntimeError: Sizes of tensors must match except in dimension 2. Expected 1 in dimension 0 but got 33 for tensor number 1 in the list
E0908 07:30:50.058000 15816 site-packages\torch\_subclasses\fake_tensor.py:3212] [9/0] failed while attempting to run meta for aten.cat.default
E0908 07:30:50.058000 15816 site-packages\torch\_subclasses\fake_tensor.py:3212] [9/0] Traceback (most recent call last):
E0908 07:30:50.058000 15816 site-packages\torch\_subclasses\fake_tensor.py:3212] [9/0]   File "C:\Users\clm\AppData\Local\Python\pythoncore-3.14-64\Lib\site-packages\torch\_subclasses\fake_tensor.py", line 3208, in _dispatch_impl
E0908 07:30:50.058000 15816 site-packages\torch\_subclasses\fake_tensor.py:3212] [9/0]     r = func(*args, **kwargs)
E0908 07:30:50.058000 15816 site-packages\torch\_subclasses\fake_tensor.py:3212] [9/0]   File "C:\Users\clm\AppData\Local\Python\pythoncore-3.14-64\Lib\site-packages\torch\_ops.py", line 916, in __call__
E0908 07:30:50.058000 15816 site-packages\torch\_subclasses\fake_tensor.py:3212] [9/0]     return self._op(*args, **kwargs)
E0908 07:30:50.058000 15816 site-packages\torch\_subclasses\fake_tensor.py:3212] [9/0]            ~~~~~~~~^^^^^^^^^^^^^^^^^
E0908 07:30:50.058000 15816 site-packages\torch\_subclasses\fake_tensor.py:3212] [9/0]   File "C:\Users\clm\AppData\Local\Python\pythoncore-3.14-64\Lib\site-packages\torch\_prims_common\wrappers.py", line 313, in _fn
E0908 07:30:50.058000 15816 site-packages\torch\_subclasses\fake_tensor.py:3212] [9/0]     result = fn(*args, **kwargs)
E0908 07:30:50.058000 15816 site-packages\torch\_subclasses\fake_tensor.py:3212] [9/0]   File "C:\Users\clm\AppData\Local\Python\pythoncore-3.14-64\Lib\site-packages\torch\_compile.py", line 54, in inner
E0908 07:30:50.058000 15816 site-packages\torch\_subclasses\fake_tensor.py:3212] [9/0]     return disable_fn(*args, **kwargs)
E0908 07:30:50.058000 15816 site-packages\torch\_subclasses\fake_tensor.py:3212] [9/0]   File "C:\Users\clm\AppData\Local\Python\pythoncore-3.14-64\Lib\site-packages\torch\_dynamo\eval_frame.py", line 1548, in _fn
E0908 07:30:50.058000 15816 site-packages\torch\_subclasses\fake_tensor.py:3212] [9/0]     return fn(*args, **kwargs)
E0908 07:30:50.058000 15816 site-packages\torch\_subclasses\fake_tensor.py:3212] [9/0]   File "C:\Users\clm\AppData\Local\Python\pythoncore-3.14-64\Lib\site-packages\torch\_prims_common\wrappers.py", line 151, in _fn
E0908 07:30:50.058000 15816 site-packages\torch\_subclasses\fake_tensor.py:3212] [9/0]     result = fn(**bound.arguments)
E0908 07:30:50.058000 15816 site-packages\torch\_subclasses\fake_tensor.py:3212] [9/0]   File "C:\Users\clm\AppData\Local\Python\pythoncore-3.14-64\Lib\site-packages\torch\_refs\__init__.py", line 3027, in cat
E0908 07:30:50.058000 15816 site-packages\torch\_subclasses\fake_tensor.py:3212] [9/0]     return prims.cat(filtered, dim).clone(memory_format=memory_format)
E0908 07:30:50.058000 15816 site-packages\torch\_subclasses\fake_tensor.py:3212] [9/0]            ~~~~~~~~~^^^^^^^^^^^^^^^
E0908 07:30:50.058000 15816 site-packages\torch\_subclasses\fake_tensor.py:3212] [9/0]   File "C:\Users\clm\AppData\Local\Python\pythoncore-3.14-64\Lib\site-packages\torch\_ops.py", line 916, in __call__
E0908 07:30:50.058000 15816 site-packages\torch\_subclasses\fake_tensor.py:3212] [9/0]     return self._op(*args, **kwargs)
E0908 07:30:50.058000 15816 site-packages\torch\_subclasses\fake_tensor.py:3212] [9/0]            ~~~~~~~~^^^^^^^^^^^^^^^^^
E0908 07:30:50.058000 15816 site-packages\torch\_subclasses\fake_tensor.py:3212] [9/0]   File "C:\Users\clm\AppData\Local\Python\pythoncore-3.14-64\Lib\site-packages\torch\_library\fake_impl.py", line 123, in meta_kernel
E0908 07:30:50.058000 15816 site-packages\torch\_subclasses\fake_tensor.py:3212] [9/0]     return fake_impl_holder.kernel(*args, **kwargs)
E0908 07:30:50.058000 15816 site-packages\torch\_subclasses\fake_tensor.py:3212] [9/0]            ~~~~~~~~~~~~~~~~~~~~~~~^^^^^^^^^^^^^^^^^
E0908 07:30:50.058000 15816 site-packages\torch\_subclasses\fake_tensor.py:3212] [9/0]   File "C:\Users\clm\AppData\Local\Python\pythoncore-3.14-64\Lib\site-packages\torch\_library\utils.py", line 23, in __call__
E0908 07:30:50.058000 15816 site-packages\torch\_subclasses\fake_tensor.py:3212] [9/0]     return self.func(*args, **kwargs)
E0908 07:30:50.058000 15816 site-packages\torch\_subclasses\fake_tensor.py:3212] [9/0]            ~~~~~~~~~^^^^^^^^^^^^^^^^^
E0908 07:30:50.058000 15816 site-packages\torch\_subclasses\fake_tensor.py:3212] [9/0]   File "C:\Users\clm\AppData\Local\Python\pythoncore-3.14-64\Lib\site-packages\torch\library.py", line 1651, in inner
E0908 07:30:50.058000 15816 site-packages\torch\_subclasses\fake_tensor.py:3212] [9/0]     return func(*args, **kwargs)
E0908 07:30:50.058000 15816 site-packages\torch\_subclasses\fake_tensor.py:3212] [9/0]   File "C:\Users\clm\AppData\Local\Python\pythoncore-3.14-64\Lib\site-packages\torch\_library\custom_ops.py", line 785, in fake_impl
E0908 07:30:50.058000 15816 site-packages\torch\_subclasses\fake_tensor.py:3212] [9/0]     return self._abstract_fn(*args, **kwargs)
E0908 07:30:50.058000 15816 site-packages\torch\_subclasses\fake_tensor.py:3212] [9/0]            ~~~~~~~~~~~~~~~~~^^^^^^^^^^^^^^^^^
E0908 07:30:50.058000 15816 site-packages\torch\_subclasses\fake_tensor.py:3212] [9/0]   File "C:\Users\clm\AppData\Local\Python\pythoncore-3.14-64\Lib\site-packages\torch\_prims\__init__.py", line 1879, in _cat_meta
E0908 07:30:50.058000 15816 site-packages\torch\_subclasses\fake_tensor.py:3212] [9/0]     torch._check(
E0908 07:30:50.058000 15816 site-packages\torch\_subclasses\fake_tensor.py:3212] [9/0]     ~~~~~~~~~~~~^
E0908 07:30:50.058000 15816 site-packages\torch\_subclasses\fake_tensor.py:3212] [9/0]         length == common_length,
E0908 07:30:50.058000 15816 site-packages\torch\_subclasses\fake_tensor.py:3212] [9/0]         ^^^^^^^^^^^^^^^^^^^^^^^^
E0908 07:30:50.058000 15816 site-packages\torch\_subclasses\fake_tensor.py:3212] [9/0]     ...<2 lines>...
E0908 07:30:50.058000 15816 site-packages\torch\_subclasses\fake_tensor.py:3212] [9/0]         f"{tensor_idx} in the list",
E0908 07:30:50.058000 15816 site-packages\torch\_subclasses\fake_tensor.py:3212] [9/0]         ^^^^^^^^^^^^^^^^^^^^^^^^^^^^
E0908 07:30:50.058000 15816 site-packages\torch\_subclasses\fake_tensor.py:3212] [9/0]     )
E0908 07:30:50.058000 15816 site-packages\torch\_subclasses\fake_tensor.py:3212] [9/0]     ^
E0908 07:30:50.058000 15816 site-packages\torch\_subclasses\fake_tensor.py:3212] [9/0]   File "C:\Users\clm\AppData\Local\Python\pythoncore-3.14-64\Lib\site-packages\torch\__init__.py", line 2140, in _check
E0908 07:30:50.058000 15816 site-packages\torch\_subclasses\fake_tensor.py:3212] [9/0]     _check_with(RuntimeError, cond, message)
E0908 07:30:50.058000 15816 site-packages\torch\_subclasses\fake_tensor.py:3212] [9/0]     ~~~~~~~~~~~^^^^^^^^^^^^^^^^^^^^^^^^^^^^^
E0908 07:30:50.058000 15816 site-packages\torch\_subclasses\fake_tensor.py:3212] [9/0]   File "C:\Users\clm\AppData\Local\Python\pythoncore-3.14-64\Lib\site-packages\torch\__init__.py", line 2118, in _check_with
E0908 07:30:50.058000 15816 site-packages\torch\_subclasses\fake_tensor.py:3212] [9/0]     raise error_type(message_evaluated)
E0908 07:30:50.058000 15816 site-packages\torch\_subclasses\fake_tensor.py:3212] [9/0] RuntimeError: Sizes of tensors must match except in dimension 2. Expected 1 in dimension 0 but got 33 for tensor number 1 in the list
E0908 07:30:50.443000 15816 site-packages\torch\_subclasses\fake_tensor.py:3212] [9/0] failed while attempting to run meta for aten.cat.default
E0908 07:30:50.443000 15816 site-packages\torch\_subclasses\fake_tensor.py:3212] [9/0] Traceback (most recent call last):
E0908 07:30:50.443000 15816 site-packages\torch\_subclasses\fake_tensor.py:3212] [9/0]   File "C:\Users\clm\AppData\Local\Python\pythoncore-3.14-64\Lib\site-packages\torch\_subclasses\fake_tensor.py", line 3208, in _dispatch_impl
E0908 07:30:50.443000 15816 site-packages\torch\_subclasses\fake_tensor.py:3212] [9/0]     r = func(*args, **kwargs)
E0908 07:30:50.443000 15816 site-packages\torch\_subclasses\fake_tensor.py:3212] [9/0]   File "C:\Users\clm\AppData\Local\Python\pythoncore-3.14-64\Lib\site-packages\torch\_ops.py", line 916, in __call__
E0908 07:30:50.443000 15816 site-packages\torch\_subclasses\fake_tensor.py:3212] [9/0]     return self._op(*args, **kwargs)
E0908 07:30:50.443000 15816 site-packages\torch\_subclasses\fake_tensor.py:3212] [9/0]            ~~~~~~~~^^^^^^^^^^^^^^^^^
E0908 07:30:50.443000 15816 site-packages\torch\_subclasses\fake_tensor.py:3212] [9/0]   File "C:\Users\clm\AppData\Local\Python\pythoncore-3.14-64\Lib\site-packages\torch\_prims_common\wrappers.py", line 313, in _fn
E0908 07:30:50.443000 15816 site-packages\torch\_subclasses\fake_tensor.py:3212] [9/0]     result = fn(*args, **kwargs)
E0908 07:30:50.443000 15816 site-packages\torch\_subclasses\fake_tensor.py:3212] [9/0]   File "C:\Users\clm\AppData\Local\Python\pythoncore-3.14-64\Lib\site-packages\torch\_compile.py", line 54, in inner
E0908 07:30:50.443000 15816 site-packages\torch\_subclasses\fake_tensor.py:3212] [9/0]     return disable_fn(*args, **kwargs)
E0908 07:30:50.443000 15816 site-packages\torch\_subclasses\fake_tensor.py:3212] [9/0]   File "C:\Users\clm\AppData\Local\Python\pythoncore-3.14-64\Lib\site-packages\torch\_dynamo\eval_frame.py", line 1548, in _fn
E0908 07:30:50.443000 15816 site-packages\torch\_subclasses\fake_tensor.py:3212] [9/0]     return fn(*args, **kwargs)
E0908 07:30:50.443000 15816 site-packages\torch\_subclasses\fake_tensor.py:3212] [9/0]   File "C:\Users\clm\AppData\Local\Python\pythoncore-3.14-64\Lib\site-packages\torch\_prims_common\wrappers.py", line 151, in _fn
E0908 07:30:50.443000 15816 site-packages\torch\_subclasses\fake_tensor.py:3212] [9/0]     result = fn(**bound.arguments)
E0908 07:30:50.443000 15816 site-packages\torch\_subclasses\fake_tensor.py:3212] [9/0]   File "C:\Users\clm\AppData\Local\Python\pythoncore-3.14-64\Lib\site-packages\torch\_refs\__init__.py", line 3027, in cat
E0908 07:30:50.443000 15816 site-packages\torch\_subclasses\fake_tensor.py:3212] [9/0]     return prims.cat(filtered, dim).clone(memory_format=memory_format)
E0908 07:30:50.443000 15816 site-packages\torch\_subclasses\fake_tensor.py:3212] [9/0]            ~~~~~~~~~^^^^^^^^^^^^^^^
E0908 07:30:50.443000 15816 site-packages\torch\_subclasses\fake_tensor.py:3212] [9/0]   File "C:\Users\clm\AppData\Local\Python\pythoncore-3.14-64\Lib\site-packages\torch\_ops.py", line 916, in __call__
E0908 07:30:50.443000 15816 site-packages\torch\_subclasses\fake_tensor.py:3212] [9/0]     return self._op(*args, **kwargs)
E0908 07:30:50.443000 15816 site-packages\torch\_subclasses\fake_tensor.py:3212] [9/0]            ~~~~~~~~^^^^^^^^^^^^^^^^^
E0908 07:30:50.443000 15816 site-packages\torch\_subclasses\fake_tensor.py:3212] [9/0]   File "C:\Users\clm\AppData\Local\Python\pythoncore-3.14-64\Lib\site-packages\torch\_library\fake_impl.py", line 123, in meta_kernel
E0908 07:30:50.443000 15816 site-packages\torch\_subclasses\fake_tensor.py:3212] [9/0]     return fake_impl_holder.kernel(*args, **kwargs)
E0908 07:30:50.443000 15816 site-packages\torch\_subclasses\fake_tensor.py:3212] [9/0]            ~~~~~~~~~~~~~~~~~~~~~~~^^^^^^^^^^^^^^^^^
E0908 07:30:50.443000 15816 site-packages\torch\_subclasses\fake_tensor.py:3212] [9/0]   File "C:\Users\clm\AppData\Local\Python\pythoncore-3.14-64\Lib\site-packages\torch\_library\utils.py", line 23, in __call__
E0908 07:30:50.443000 15816 site-packages\torch\_subclasses\fake_tensor.py:3212] [9/0]     return self.func(*args, **kwargs)
E0908 07:30:50.443000 15816 site-packages\torch\_subclasses\fake_tensor.py:3212] [9/0]            ~~~~~~~~~^^^^^^^^^^^^^^^^^
E0908 07:30:50.443000 15816 site-packages\torch\_subclasses\fake_tensor.py:3212] [9/0]   File "C:\Users\clm\AppData\Local\Python\pythoncore-3.14-64\Lib\site-packages\torch\library.py", line 1651, in inner
E0908 07:30:50.443000 15816 site-packages\torch\_subclasses\fake_tensor.py:3212] [9/0]     return func(*args, **kwargs)
E0908 07:30:50.443000 15816 site-packages\torch\_subclasses\fake_tensor.py:3212] [9/0]   File "C:\Users\clm\AppData\Local\Python\pythoncore-3.14-64\Lib\site-packages\torch\_library\custom_ops.py", line 785, in fake_impl
E0908 07:30:50.443000 15816 site-packages\torch\_subclasses\fake_tensor.py:3212] [9/0]     return self._abstract_fn(*args, **kwargs)
E0908 07:30:50.443000 15816 site-packages\torch\_subclasses\fake_tensor.py:3212] [9/0]            ~~~~~~~~~~~~~~~~~^^^^^^^^^^^^^^^^^
E0908 07:30:50.443000 15816 site-packages\torch\_subclasses\fake_tensor.py:3212] [9/0]   File "C:\Users\clm\AppData\Local\Python\pythoncore-3.14-64\Lib\site-packages\torch\_prims\__init__.py", line 1879, in _cat_meta
E0908 07:30:50.443000 15816 site-packages\torch\_subclasses\fake_tensor.py:3212] [9/0]     torch._check(
E0908 07:30:50.443000 15816 site-packages\torch\_subclasses\fake_tensor.py:3212] [9/0]     ~~~~~~~~~~~~^
E0908 07:30:50.443000 15816 site-packages\torch\_subclasses\fake_tensor.py:3212] [9/0]         length == common_length,
E0908 07:30:50.443000 15816 site-packages\torch\_subclasses\fake_tensor.py:3212] [9/0]         ^^^^^^^^^^^^^^^^^^^^^^^^
E0908 07:30:50.443000 15816 site-packages\torch\_subclasses\fake_tensor.py:3212] [9/0]     ...<2 lines>...
E0908 07:30:50.443000 15816 site-packages\torch\_subclasses\fake_tensor.py:3212] [9/0]         f"{tensor_idx} in the list",
E0908 07:30:50.443000 15816 site-packages\torch\_subclasses\fake_tensor.py:3212] [9/0]         ^^^^^^^^^^^^^^^^^^^^^^^^^^^^
E0908 07:30:50.443000 15816 site-packages\torch\_subclasses\fake_tensor.py:3212] [9/0]     )
E0908 07:30:50.443000 15816 site-packages\torch\_subclasses\fake_tensor.py:3212] [9/0]     ^
E0908 07:30:50.443000 15816 site-packages\torch\_subclasses\fake_tensor.py:3212] [9/0]   File "C:\Users\clm\AppData\Local\Python\pythoncore-3.14-64\Lib\site-packages\torch\__init__.py", line 2140, in _check
E0908 07:30:50.443000 15816 site-packages\torch\_subclasses\fake_tensor.py:3212] [9/0]     _check_with(RuntimeError, cond, message)
E0908 07:30:50.443000 15816 site-packages\torch\_subclasses\fake_tensor.py:3212] [9/0]     ~~~~~~~~~~~^^^^^^^^^^^^^^^^^^^^^^^^^^^^^
E0908 07:30:50.443000 15816 site-packages\torch\_subclasses\fake_tensor.py:3212] [9/0]   File "C:\Users\clm\AppData\Local\Python\pythoncore-3.14-64\Lib\site-packages\torch\__init__.py", line 2118, in _check_with
E0908 07:30:50.443000 15816 site-packages\torch\_subclasses\fake_tensor.py:3212] [9/0]     raise error_type(message_evaluated)
E0908 07:30:50.443000 15816 site-packages\torch\_subclasses\fake_tensor.py:3212] [9/0] RuntimeError: Sizes of tensors must match except in dimension 2. Expected 1 in dimension 0 but got 33 for tensor number 1 in the list
E0908 07:30:50.912000 15816 site-packages\torch\_subclasses\fake_tensor.py:3212] [9/0] failed while attempting to run meta for aten.cat.default
E0908 07:30:50.912000 15816 site-packages\torch\_subclasses\fake_tensor.py:3212] [9/0] Traceback (most recent call last):
E0908 07:30:50.912000 15816 site-packages\torch\_subclasses\fake_tensor.py:3212] [9/0]   File "C:\Users\clm\AppData\Local\Python\pythoncore-3.14-64\Lib\site-packages\torch\_subclasses\fake_tensor.py", line 3208, in _dispatch_impl
E0908 07:30:50.912000 15816 site-packages\torch\_subclasses\fake_tensor.py:3212] [9/0]     r = func(*args, **kwargs)
E0908 07:30:50.912000 15816 site-packages\torch\_subclasses\fake_tensor.py:3212] [9/0]   File "C:\Users\clm\AppData\Local\Python\pythoncore-3.14-64\Lib\site-packages\torch\_ops.py", line 916, in __call__
E0908 07:30:50.912000 15816 site-packages\torch\_subclasses\fake_tensor.py:3212] [9/0]     return self._op(*args, **kwargs)
E0908 07:30:50.912000 15816 site-packages\torch\_subclasses\fake_tensor.py:3212] [9/0]            ~~~~~~~~^^^^^^^^^^^^^^^^^
E0908 07:30:50.912000 15816 site-packages\torch\_subclasses\fake_tensor.py:3212] [9/0]   File "C:\Users\clm\AppData\Local\Python\pythoncore-3.14-64\Lib\site-packages\torch\_prims_common\wrappers.py", line 313, in _fn
E0908 07:30:50.912000 15816 site-packages\torch\_subclasses\fake_tensor.py:3212] [9/0]     result = fn(*args, **kwargs)
E0908 07:30:50.912000 15816 site-packages\torch\_subclasses\fake_tensor.py:3212] [9/0]   File "C:\Users\clm\AppData\Local\Python\pythoncore-3.14-64\Lib\site-packages\torch\_compile.py", line 54, in inner
E0908 07:30:50.912000 15816 site-packages\torch\_subclasses\fake_tensor.py:3212] [9/0]     return disable_fn(*args, **kwargs)
E0908 07:30:50.912000 15816 site-packages\torch\_subclasses\fake_tensor.py:3212] [9/0]   File "C:\Users\clm\AppData\Local\Python\pythoncore-3.14-64\Lib\site-packages\torch\_dynamo\eval_frame.py", line 1548, in _fn
E0908 07:30:50.912000 15816 site-packages\torch\_subclasses\fake_tensor.py:3212] [9/0]     return fn(*args, **kwargs)
E0908 07:30:50.912000 15816 site-packages\torch\_subclasses\fake_tensor.py:3212] [9/0]   File "C:\Users\clm\AppData\Local\Python\pythoncore-3.14-64\Lib\site-packages\torch\_prims_common\wrappers.py", line 151, in _fn
E0908 07:30:50.912000 15816 site-packages\torch\_subclasses\fake_tensor.py:3212] [9/0]     result = fn(**bound.arguments)
E0908 07:30:50.912000 15816 site-packages\torch\_subclasses\fake_tensor.py:3212] [9/0]   File "C:\Users\clm\AppData\Local\Python\pythoncore-3.14-64\Lib\site-packages\torch\_refs\__init__.py", line 3027, in cat
E0908 07:30:50.912000 15816 site-packages\torch\_subclasses\fake_tensor.py:3212] [9/0]     return prims.cat(filtered, dim).clone(memory_format=memory_format)
E0908 07:30:50.912000 15816 site-packages\torch\_subclasses\fake_tensor.py:3212] [9/0]            ~~~~~~~~~^^^^^^^^^^^^^^^
E0908 07:30:50.912000 15816 site-packages\torch\_subclasses\fake_tensor.py:3212] [9/0]   File "C:\Users\clm\AppData\Local\Python\pythoncore-3.14-64\Lib\site-packages\torch\_ops.py", line 916, in __call__
E0908 07:30:50.912000 15816 site-packages\torch\_subclasses\fake_tensor.py:3212] [9/0]     return self._op(*args, **kwargs)
E0908 07:30:50.912000 15816 site-packages\torch\_subclasses\fake_tensor.py:3212] [9/0]            ~~~~~~~~^^^^^^^^^^^^^^^^^
E0908 07:30:50.912000 15816 site-packages\torch\_subclasses\fake_tensor.py:3212] [9/0]   File "C:\Users\clm\AppData\Local\Python\pythoncore-3.14-64\Lib\site-packages\torch\_library\fake_impl.py", line 123, in meta_kernel
E0908 07:30:50.912000 15816 site-packages\torch\_subclasses\fake_tensor.py:3212] [9/0]     return fake_impl_holder.kernel(*args, **kwargs)
E0908 07:30:50.912000 15816 site-packages\torch\_subclasses\fake_tensor.py:3212] [9/0]            ~~~~~~~~~~~~~~~~~~~~~~~^^^^^^^^^^^^^^^^^
E0908 07:30:50.912000 15816 site-packages\torch\_subclasses\fake_tensor.py:3212] [9/0]   File "C:\Users\clm\AppData\Local\Python\pythoncore-3.14-64\Lib\site-packages\torch\_library\utils.py", line 23, in __call__
E0908 07:30:50.912000 15816 site-packages\torch\_subclasses\fake_tensor.py:3212] [9/0]     return self.func(*args, **kwargs)
E0908 07:30:50.912000 15816 site-packages\torch\_subclasses\fake_tensor.py:3212] [9/0]            ~~~~~~~~~^^^^^^^^^^^^^^^^^
E0908 07:30:50.912000 15816 site-packages\torch\_subclasses\fake_tensor.py:3212] [9/0]   File "C:\Users\clm\AppData\Local\Python\pythoncore-3.14-64\Lib\site-packages\torch\library.py", line 1651, in inner
E0908 07:30:50.912000 15816 site-packages\torch\_subclasses\fake_tensor.py:3212] [9/0]     return func(*args, **kwargs)
E0908 07:30:50.912000 15816 site-packages\torch\_subclasses\fake_tensor.py:3212] [9/0]   File "C:\Users\clm\AppData\Local\Python\pythoncore-3.14-64\Lib\site-packages\torch\_library\custom_ops.py", line 785, in fake_impl
E0908 07:30:50.912000 15816 site-packages\torch\_subclasses\fake_tensor.py:3212] [9/0]     return self._abstract_fn(*args, **kwargs)
E0908 07:30:50.912000 15816 site-packages\torch\_subclasses\fake_tensor.py:3212] [9/0]            ~~~~~~~~~~~~~~~~~^^^^^^^^^^^^^^^^^
E0908 07:30:50.912000 15816 site-packages\torch\_subclasses\fake_tensor.py:3212] [9/0]   File "C:\Users\clm\AppData\Local\Python\pythoncore-3.14-64\Lib\site-packages\torch\_prims\__init__.py", line 1879, in _cat_meta
E0908 07:30:50.912000 15816 site-packages\torch\_subclasses\fake_tensor.py:3212] [9/0]     torch._check(
E0908 07:30:50.912000 15816 site-packages\torch\_subclasses\fake_tensor.py:3212] [9/0]     ~~~~~~~~~~~~^
E0908 07:30:50.912000 15816 site-packages\torch\_subclasses\fake_tensor.py:3212] [9/0]         length == common_length,
E0908 07:30:50.912000 15816 site-packages\torch\_subclasses\fake_tensor.py:3212] [9/0]         ^^^^^^^^^^^^^^^^^^^^^^^^
E0908 07:30:50.912000 15816 site-packages\torch\_subclasses\fake_tensor.py:3212] [9/0]     ...<2 lines>...
E0908 07:30:50.912000 15816 site-packages\torch\_subclasses\fake_tensor.py:3212] [9/0]         f"{tensor_idx} in the list",
E0908 07:30:50.912000 15816 site-packages\torch\_subclasses\fake_tensor.py:3212] [9/0]         ^^^^^^^^^^^^^^^^^^^^^^^^^^^^
E0908 07:30:50.912000 15816 site-packages\torch\_subclasses\fake_tensor.py:3212] [9/0]     )
E0908 07:30:50.912000 15816 site-packages\torch\_subclasses\fake_tensor.py:3212] [9/0]     ^
E0908 07:30:50.912000 15816 site-packages\torch\_subclasses\fake_tensor.py:3212] [9/0]   File "C:\Users\clm\AppData\Local\Python\pythoncore-3.14-64\Lib\site-packages\torch\__init__.py", line 2140, in _check
E0908 07:30:50.912000 15816 site-packages\torch\_subclasses\fake_tensor.py:3212] [9/0]     _check_with(RuntimeError, cond, message)
E0908 07:30:50.912000 15816 site-packages\torch\_subclasses\fake_tensor.py:3212] [9/0]     ~~~~~~~~~~~^^^^^^^^^^^^^^^^^^^^^^^^^^^^^
E0908 07:30:50.912000 15816 site-packages\torch\_subclasses\fake_tensor.py:3212] [9/0]   File "C:\Users\clm\AppData\Local\Python\pythoncore-3.14-64\Lib\site-packages\torch\__init__.py", line 2118, in _check_with
E0908 07:30:50.912000 15816 site-packages\torch\_subclasses\fake_tensor.py:3212] [9/0]     raise error_type(message_evaluated)
E0908 07:30:50.912000 15816 site-packages\torch\_subclasses\fake_tensor.py:3212] [9/0] RuntimeError: Sizes of tensors must match except in dimension 2. Expected 1 in dimension 0 but got 33 for tensor number 1 in the list
E0908 07:30:51.564000 15816 site-packages\torch\_subclasses\fake_tensor.py:3212] [9/0] failed while attempting to run meta for aten.cat.default
E0908 07:30:51.564000 15816 site-packages\torch\_subclasses\fake_tensor.py:3212] [9/0] Traceback (most recent call last):
E0908 07:30:51.564000 15816 site-packages\torch\_subclasses\fake_tensor.py:3212] [9/0]   File "C:\Users\clm\AppData\Local\Python\pythoncore-3.14-64\Lib\site-packages\torch\_subclasses\fake_tensor.py", line 3208, in _dispatch_impl
E0908 07:30:51.564000 15816 site-packages\torch\_subclasses\fake_tensor.py:3212] [9/0]     r = func(*args, **kwargs)
E0908 07:30:51.564000 15816 site-packages\torch\_subclasses\fake_tensor.py:3212] [9/0]   File "C:\Users\clm\AppData\Local\Python\pythoncore-3.14-64\Lib\site-packages\torch\_ops.py", line 916, in __call__
E0908 07:30:51.564000 15816 site-packages\torch\_subclasses\fake_tensor.py:3212] [9/0]     return self._op(*args, **kwargs)
E0908 07:30:51.564000 15816 site-packages\torch\_subclasses\fake_tensor.py:3212] [9/0]            ~~~~~~~~^^^^^^^^^^^^^^^^^
E0908 07:30:51.564000 15816 site-packages\torch\_subclasses\fake_tensor.py:3212] [9/0]   File "C:\Users\clm\AppData\Local\Python\pythoncore-3.14-64\Lib\site-packages\torch\_prims_common\wrappers.py", line 313, in _fn
E0908 07:30:51.564000 15816 site-packages\torch\_subclasses\fake_tensor.py:3212] [9/0]     result = fn(*args, **kwargs)
E0908 07:30:51.564000 15816 site-packages\torch\_subclasses\fake_tensor.py:3212] [9/0]   File "C:\Users\clm\AppData\Local\Python\pythoncore-3.14-64\Lib\site-packages\torch\_compile.py", line 54, in inner
E0908 07:30:51.564000 15816 site-packages\torch\_subclasses\fake_tensor.py:3212] [9/0]     return disable_fn(*args, **kwargs)
E0908 07:30:51.564000 15816 site-packages\torch\_subclasses\fake_tensor.py:3212] [9/0]   File "C:\Users\clm\AppData\Local\Python\pythoncore-3.14-64\Lib\site-packages\torch\_dynamo\eval_frame.py", line 1548, in _fn
E0908 07:30:51.564000 15816 site-packages\torch\_subclasses\fake_tensor.py:3212] [9/0]     return fn(*args, **kwargs)
E0908 07:30:51.564000 15816 site-packages\torch\_subclasses\fake_tensor.py:3212] [9/0]   File "C:\Users\clm\AppData\Local\Python\pythoncore-3.14-64\Lib\site-packages\torch\_prims_common\wrappers.py", line 151, in _fn
E0908 07:30:51.564000 15816 site-packages\torch\_subclasses\fake_tensor.py:3212] [9/0]     result = fn(**bound.arguments)
E0908 07:30:51.564000 15816 site-packages\torch\_subclasses\fake_tensor.py:3212] [9/0]   File "C:\Users\clm\AppData\Local\Python\pythoncore-3.14-64\Lib\site-packages\torch\_refs\__init__.py", line 3027, in cat
E0908 07:30:51.564000 15816 site-packages\torch\_subclasses\fake_tensor.py:3212] [9/0]     return prims.cat(filtered, dim).clone(memory_format=memory_format)
E0908 07:30:51.564000 15816 site-packages\torch\_subclasses\fake_tensor.py:3212] [9/0]            ~~~~~~~~~^^^^^^^^^^^^^^^
E0908 07:30:51.564000 15816 site-packages\torch\_subclasses\fake_tensor.py:3212] [9/0]   File "C:\Users\clm\AppData\Local\Python\pythoncore-3.14-64\Lib\site-packages\torch\_ops.py", line 916, in __call__
E0908 07:30:51.564000 15816 site-packages\torch\_subclasses\fake_tensor.py:3212] [9/0]     return self._op(*args, **kwargs)
E0908 07:30:51.564000 15816 site-packages\torch\_subclasses\fake_tensor.py:3212] [9/0]            ~~~~~~~~^^^^^^^^^^^^^^^^^
E0908 07:30:51.564000 15816 site-packages\torch\_subclasses\fake_tensor.py:3212] [9/0]   File "C:\Users\clm\AppData\Local\Python\pythoncore-3.14-64\Lib\site-packages\torch\_library\fake_impl.py", line 123, in meta_kernel
E0908 07:30:51.564000 15816 site-packages\torch\_subclasses\fake_tensor.py:3212] [9/0]     return fake_impl_holder.kernel(*args, **kwargs)
E0908 07:30:51.564000 15816 site-packages\torch\_subclasses\fake_tensor.py:3212] [9/0]            ~~~~~~~~~~~~~~~~~~~~~~~^^^^^^^^^^^^^^^^^
E0908 07:30:51.564000 15816 site-packages\torch\_subclasses\fake_tensor.py:3212] [9/0]   File "C:\Users\clm\AppData\Local\Python\pythoncore-3.14-64\Lib\site-packages\torch\_library\utils.py", line 23, in __call__
E0908 07:30:51.564000 15816 site-packages\torch\_subclasses\fake_tensor.py:3212] [9/0]     return self.func(*args, **kwargs)
E0908 07:30:51.564000 15816 site-packages\torch\_subclasses\fake_tensor.py:3212] [9/0]            ~~~~~~~~~^^^^^^^^^^^^^^^^^
E0908 07:30:51.564000 15816 site-packages\torch\_subclasses\fake_tensor.py:3212] [9/0]   File "C:\Users\clm\AppData\Local\Python\pythoncore-3.14-64\Lib\site-packages\torch\library.py", line 1651, in inner
E0908 07:30:51.564000 15816 site-packages\torch\_subclasses\fake_tensor.py:3212] [9/0]     return func(*args, **kwargs)
E0908 07:30:51.564000 15816 site-packages\torch\_subclasses\fake_tensor.py:3212] [9/0]   File "C:\Users\clm\AppData\Local\Python\pythoncore-3.14-64\Lib\site-packages\torch\_library\custom_ops.py", line 785, in fake_impl
E0908 07:30:51.564000 15816 site-packages\torch\_subclasses\fake_tensor.py:3212] [9/0]     return self._abstract_fn(*args, **kwargs)
E0908 07:30:51.564000 15816 site-packages\torch\_subclasses\fake_tensor.py:3212] [9/0]            ~~~~~~~~~~~~~~~~~^^^^^^^^^^^^^^^^^
E0908 07:30:51.564000 15816 site-packages\torch\_subclasses\fake_tensor.py:3212] [9/0]   File "C:\Users\clm\AppData\Local\Python\pythoncore-3.14-64\Lib\site-packages\torch\_prims\__init__.py", line 1879, in _cat_meta
E0908 07:30:51.564000 15816 site-packages\torch\_subclasses\fake_tensor.py:3212] [9/0]     torch._check(
E0908 07:30:51.564000 15816 site-packages\torch\_subclasses\fake_tensor.py:3212] [9/0]     ~~~~~~~~~~~~^
E0908 07:30:51.564000 15816 site-packages\torch\_subclasses\fake_tensor.py:3212] [9/0]         length == common_length,
E0908 07:30:51.564000 15816 site-packages\torch\_subclasses\fake_tensor.py:3212] [9/0]         ^^^^^^^^^^^^^^^^^^^^^^^^
E0908 07:30:51.564000 15816 site-packages\torch\_subclasses\fake_tensor.py:3212] [9/0]     ...<2 lines>...
E0908 07:30:51.564000 15816 site-packages\torch\_subclasses\fake_tensor.py:3212] [9/0]         f"{tensor_idx} in the list",
E0908 07:30:51.564000 15816 site-packages\torch\_subclasses\fake_tensor.py:3212] [9/0]         ^^^^^^^^^^^^^^^^^^^^^^^^^^^^
E0908 07:30:51.564000 15816 site-packages\torch\_subclasses\fake_tensor.py:3212] [9/0]     )
E0908 07:30:51.564000 15816 site-packages\torch\_subclasses\fake_tensor.py:3212] [9/0]     ^
E0908 07:30:51.564000 15816 site-packages\torch\_subclasses\fake_tensor.py:3212] [9/0]   File "C:\Users\clm\AppData\Local\Python\pythoncore-3.14-64\Lib\site-packages\torch\__init__.py", line 2140, in _check
E0908 07:30:51.564000 15816 site-packages\torch\_subclasses\fake_tensor.py:3212] [9/0]     _check_with(RuntimeError, cond, message)
E0908 07:30:51.564000 15816 site-packages\torch\_subclasses\fake_tensor.py:3212] [9/0]     ~~~~~~~~~~~^^^^^^^^^^^^^^^^^^^^^^^^^^^^^
E0908 07:30:51.564000 15816 site-packages\torch\_subclasses\fake_tensor.py:3212] [9/0]   File "C:\Users\clm\AppData\Local\Python\pythoncore-3.14-64\Lib\site-packages\torch\__init__.py", line 2118, in _check_with
E0908 07:30:51.564000 15816 site-packages\torch\_subclasses\fake_tensor.py:3212] [9/0]     raise error_type(message_evaluated)
E0908 07:30:51.564000 15816 site-packages\torch\_subclasses\fake_tensor.py:3212] [9/0] RuntimeError: Sizes of tensors must match except in dimension 2. Expected 1 in dimension 0 but got 33 for tensor number 1 in the list
E0908 07:30:51.947000 15816 site-packages\torch\_subclasses\fake_tensor.py:3212] [9/0] failed while attempting to run meta for aten.cat.default
E0908 07:30:51.947000 15816 site-packages\torch\_subclasses\fake_tensor.py:3212] [9/0] Traceback (most recent call last):
E0908 07:30:51.947000 15816 site-packages\torch\_subclasses\fake_tensor.py:3212] [9/0]   File "C:\Users\clm\AppData\Local\Python\pythoncore-3.14-64\Lib\site-packages\torch\_subclasses\fake_tensor.py", line 3208, in _dispatch_impl
E0908 07:30:51.947000 15816 site-packages\torch\_subclasses\fake_tensor.py:3212] [9/0]     r = func(*args, **kwargs)
E0908 07:30:51.947000 15816 site-packages\torch\_subclasses\fake_tensor.py:3212] [9/0]   File "C:\Users\clm\AppData\Local\Python\pythoncore-3.14-64\Lib\site-packages\torch\_ops.py", line 916, in __call__
E0908 07:30:51.947000 15816 site-packages\torch\_subclasses\fake_tensor.py:3212] [9/0]     return self._op(*args, **kwargs)
E0908 07:30:51.947000 15816 site-packages\torch\_subclasses\fake_tensor.py:3212] [9/0]            ~~~~~~~~^^^^^^^^^^^^^^^^^
E0908 07:30:51.947000 15816 site-packages\torch\_subclasses\fake_tensor.py:3212] [9/0]   File "C:\Users\clm\AppData\Local\Python\pythoncore-3.14-64\Lib\site-packages\torch\_prims_common\wrappers.py", line 313, in _fn
E0908 07:30:51.947000 15816 site-packages\torch\_subclasses\fake_tensor.py:3212] [9/0]     result = fn(*args, **kwargs)
E0908 07:30:51.947000 15816 site-packages\torch\_subclasses\fake_tensor.py:3212] [9/0]   File "C:\Users\clm\AppData\Local\Python\pythoncore-3.14-64\Lib\site-packages\torch\_compile.py", line 54, in inner
E0908 07:30:51.947000 15816 site-packages\torch\_subclasses\fake_tensor.py:3212] [9/0]     return disable_fn(*args, **kwargs)
E0908 07:30:51.947000 15816 site-packages\torch\_subclasses\fake_tensor.py:3212] [9/0]   File "C:\Users\clm\AppData\Local\Python\pythoncore-3.14-64\Lib\site-packages\torch\_dynamo\eval_frame.py", line 1548, in _fn
E0908 07:30:51.947000 15816 site-packages\torch\_subclasses\fake_tensor.py:3212] [9/0]     return fn(*args, **kwargs)
E0908 07:30:51.947000 15816 site-packages\torch\_subclasses\fake_tensor.py:3212] [9/0]   File "C:\Users\clm\AppData\Local\Python\pythoncore-3.14-64\Lib\site-packages\torch\_prims_common\wrappers.py", line 151, in _fn
E0908 07:30:51.947000 15816 site-packages\torch\_subclasses\fake_tensor.py:3212] [9/0]     result = fn(**bound.arguments)
E0908 07:30:51.947000 15816 site-packages\torch\_subclasses\fake_tensor.py:3212] [9/0]   File "C:\Users\clm\AppData\Local\Python\pythoncore-3.14-64\Lib\site-packages\torch\_refs\__init__.py", line 3027, in cat
E0908 07:30:51.947000 15816 site-packages\torch\_subclasses\fake_tensor.py:3212] [9/0]     return prims.cat(filtered, dim).clone(memory_format=memory_format)
E0908 07:30:51.947000 15816 site-packages\torch\_subclasses\fake_tensor.py:3212] [9/0]            ~~~~~~~~~^^^^^^^^^^^^^^^
E0908 07:30:51.947000 15816 site-packages\torch\_subclasses\fake_tensor.py:3212] [9/0]   File "C:\Users\clm\AppData\Local\Python\pythoncore-3.14-64\Lib\site-packages\torch\_ops.py", line 916, in __call__
E0908 07:30:51.947000 15816 site-packages\torch\_subclasses\fake_tensor.py:3212] [9/0]     return self._op(*args, **kwargs)
E0908 07:30:51.947000 15816 site-packages\torch\_subclasses\fake_tensor.py:3212] [9/0]            ~~~~~~~~^^^^^^^^^^^^^^^^^
E0908 07:30:51.947000 15816 site-packages\torch\_subclasses\fake_tensor.py:3212] [9/0]   File "C:\Users\clm\AppData\Local\Python\pythoncore-3.14-64\Lib\site-packages\torch\_library\fake_impl.py", line 123, in meta_kernel
E0908 07:30:51.947000 15816 site-packages\torch\_subclasses\fake_tensor.py:3212] [9/0]     return fake_impl_holder.kernel(*args, **kwargs)
E0908 07:30:51.947000 15816 site-packages\torch\_subclasses\fake_tensor.py:3212] [9/0]            ~~~~~~~~~~~~~~~~~~~~~~~^^^^^^^^^^^^^^^^^
E0908 07:30:51.947000 15816 site-packages\torch\_subclasses\fake_tensor.py:3212] [9/0]   File "C:\Users\clm\AppData\Local\Python\pythoncore-3.14-64\Lib\site-packages\torch\_library\utils.py", line 23, in __call__
E0908 07:30:51.947000 15816 site-packages\torch\_subclasses\fake_tensor.py:3212] [9/0]     return self.func(*args, **kwargs)
E0908 07:30:51.947000 15816 site-packages\torch\_subclasses\fake_tensor.py:3212] [9/0]            ~~~~~~~~~^^^^^^^^^^^^^^^^^
E0908 07:30:51.947000 15816 site-packages\torch\_subclasses\fake_tensor.py:3212] [9/0]   File "C:\Users\clm\AppData\Local\Python\pythoncore-3.14-64\Lib\site-packages\torch\library.py", line 1651, in inner
E0908 07:30:51.947000 15816 site-packages\torch\_subclasses\fake_tensor.py:3212] [9/0]     return func(*args, **kwargs)
E0908 07:30:51.947000 15816 site-packages\torch\_subclasses\fake_tensor.py:3212] [9/0]   File "C:\Users\clm\AppData\Local\Python\pythoncore-3.14-64\Lib\site-packages\torch\_library\custom_ops.py", line 785, in fake_impl
E0908 07:30:51.947000 15816 site-packages\torch\_subclasses\fake_tensor.py:3212] [9/0]     return self._abstract_fn(*args, **kwargs)
E0908 07:30:51.947000 15816 site-packages\torch\_subclasses\fake_tensor.py:3212] [9/0]            ~~~~~~~~~~~~~~~~~^^^^^^^^^^^^^^^^^
E0908 07:30:51.947000 15816 site-packages\torch\_subclasses\fake_tensor.py:3212] [9/0]   File "C:\Users\clm\AppData\Local\Python\pythoncore-3.14-64\Lib\site-packages\torch\_prims\__init__.py", line 1879, in _cat_meta
E0908 07:30:51.947000 15816 site-packages\torch\_subclasses\fake_tensor.py:3212] [9/0]     torch._check(
E0908 07:30:51.947000 15816 site-packages\torch\_subclasses\fake_tensor.py:3212] [9/0]     ~~~~~~~~~~~~^
E0908 07:30:51.947000 15816 site-packages\torch\_subclasses\fake_tensor.py:3212] [9/0]         length == common_length,
E0908 07:30:51.947000 15816 site-packages\torch\_subclasses\fake_tensor.py:3212] [9/0]         ^^^^^^^^^^^^^^^^^^^^^^^^
E0908 07:30:51.947000 15816 site-packages\torch\_subclasses\fake_tensor.py:3212] [9/0]     ...<2 lines>...
E0908 07:30:51.947000 15816 site-packages\torch\_subclasses\fake_tensor.py:3212] [9/0]         f"{tensor_idx} in the list",
E0908 07:30:51.947000 15816 site-packages\torch\_subclasses\fake_tensor.py:3212] [9/0]         ^^^^^^^^^^^^^^^^^^^^^^^^^^^^
E0908 07:30:51.947000 15816 site-packages\torch\_subclasses\fake_tensor.py:3212] [9/0]     )
E0908 07:30:51.947000 15816 site-packages\torch\_subclasses\fake_tensor.py:3212] [9/0]     ^
E0908 07:30:51.947000 15816 site-packages\torch\_subclasses\fake_tensor.py:3212] [9/0]   File "C:\Users\clm\AppData\Local\Python\pythoncore-3.14-64\Lib\site-packages\torch\__init__.py", line 2140, in _check
E0908 07:30:51.947000 15816 site-packages\torch\_subclasses\fake_tensor.py:3212] [9/0]     _check_with(RuntimeError, cond, message)
E0908 07:30:51.947000 15816 site-packages\torch\_subclasses\fake_tensor.py:3212] [9/0]     ~~~~~~~~~~~^^^^^^^^^^^^^^^^^^^^^^^^^^^^^
E0908 07:30:51.947000 15816 site-packages\torch\_subclasses\fake_tensor.py:3212] [9/0]   File "C:\Users\clm\AppData\Local\Python\pythoncore-3.14-64\Lib\site-packages\torch\__init__.py", line 2118, in _check_with
E0908 07:30:51.947000 15816 site-packages\torch\_subclasses\fake_tensor.py:3212] [9/0]     raise error_type(message_evaluated)
E0908 07:30:51.947000 15816 site-packages\torch\_subclasses\fake_tensor.py:3212] [9/0] RuntimeError: Sizes of tensors must match except in dimension 2. Expected 1 in dimension 0 but got 33 for tensor number 1 in the list
E0908 07:30:52.431000 15816 site-packages\torch\_subclasses\fake_tensor.py:3212] [9/0] failed while attempting to run meta for aten.cat.default
E0908 07:30:52.431000 15816 site-packages\torch\_subclasses\fake_tensor.py:3212] [9/0] Traceback (most recent call last):
E0908 07:30:52.431000 15816 site-packages\torch\_subclasses\fake_tensor.py:3212] [9/0]   File "C:\Users\clm\AppData\Local\Python\pythoncore-3.14-64\Lib\site-packages\torch\_subclasses\fake_tensor.py", line 3208, in _dispatch_impl
E0908 07:30:52.431000 15816 site-packages\torch\_subclasses\fake_tensor.py:3212] [9/0]     r = func(*args, **kwargs)
E0908 07:30:52.431000 15816 site-packages\torch\_subclasses\fake_tensor.py:3212] [9/0]   File "C:\Users\clm\AppData\Local\Python\pythoncore-3.14-64\Lib\site-packages\torch\_ops.py", line 916, in __call__
E0908 07:30:52.431000 15816 site-packages\torch\_subclasses\fake_tensor.py:3212] [9/0]     return self._op(*args, **kwargs)
E0908 07:30:52.431000 15816 site-packages\torch\_subclasses\fake_tensor.py:3212] [9/0]            ~~~~~~~~^^^^^^^^^^^^^^^^^
E0908 07:30:52.431000 15816 site-packages\torch\_subclasses\fake_tensor.py:3212] [9/0]   File "C:\Users\clm\AppData\Local\Python\pythoncore-3.14-64\Lib\site-packages\torch\_prims_common\wrappers.py", line 313, in _fn
E0908 07:30:52.431000 15816 site-packages\torch\_subclasses\fake_tensor.py:3212] [9/0]     result = fn(*args, **kwargs)
E0908 07:30:52.431000 15816 site-packages\torch\_subclasses\fake_tensor.py:3212] [9/0]   File "C:\Users\clm\AppData\Local\Python\pythoncore-3.14-64\Lib\site-packages\torch\_compile.py", line 54, in inner
E0908 07:30:52.431000 15816 site-packages\torch\_subclasses\fake_tensor.py:3212] [9/0]     return disable_fn(*args, **kwargs)
E0908 07:30:52.431000 15816 site-packages\torch\_subclasses\fake_tensor.py:3212] [9/0]   File "C:\Users\clm\AppData\Local\Python\pythoncore-3.14-64\Lib\site-packages\torch\_dynamo\eval_frame.py", line 1548, in _fn
E0908 07:30:52.431000 15816 site-packages\torch\_subclasses\fake_tensor.py:3212] [9/0]     return fn(*args, **kwargs)
E0908 07:30:52.431000 15816 site-packages\torch\_subclasses\fake_tensor.py:3212] [9/0]   File "C:\Users\clm\AppData\Local\Python\pythoncore-3.14-64\Lib\site-packages\torch\_prims_common\wrappers.py", line 151, in _fn
E0908 07:30:52.431000 15816 site-packages\torch\_subclasses\fake_tensor.py:3212] [9/0]     result = fn(**bound.arguments)
E0908 07:30:52.431000 15816 site-packages\torch\_subclasses\fake_tensor.py:3212] [9/0]   File "C:\Users\clm\AppData\Local\Python\pythoncore-3.14-64\Lib\site-packages\torch\_refs\__init__.py", line 3027, in cat
E0908 07:30:52.431000 15816 site-packages\torch\_subclasses\fake_tensor.py:3212] [9/0]     return prims.cat(filtered, dim).clone(memory_format=memory_format)
E0908 07:30:52.431000 15816 site-packages\torch\_subclasses\fake_tensor.py:3212] [9/0]            ~~~~~~~~~^^^^^^^^^^^^^^^
E0908 07:30:52.431000 15816 site-packages\torch\_subclasses\fake_tensor.py:3212] [9/0]   File "C:\Users\clm\AppData\Local\Python\pythoncore-3.14-64\Lib\site-packages\torch\_ops.py", line 916, in __call__
E0908 07:30:52.431000 15816 site-packages\torch\_subclasses\fake_tensor.py:3212] [9/0]     return self._op(*args, **kwargs)
E0908 07:30:52.431000 15816 site-packages\torch\_subclasses\fake_tensor.py:3212] [9/0]            ~~~~~~~~^^^^^^^^^^^^^^^^^
E0908 07:30:52.431000 15816 site-packages\torch\_subclasses\fake_tensor.py:3212] [9/0]   File "C:\Users\clm\AppData\Local\Python\pythoncore-3.14-64\Lib\site-packages\torch\_library\fake_impl.py", line 123, in meta_kernel
E0908 07:30:52.431000 15816 site-packages\torch\_subclasses\fake_tensor.py:3212] [9/0]     return fake_impl_holder.kernel(*args, **kwargs)
E0908 07:30:52.431000 15816 site-packages\torch\_subclasses\fake_tensor.py:3212] [9/0]            ~~~~~~~~~~~~~~~~~~~~~~~^^^^^^^^^^^^^^^^^
E0908 07:30:52.431000 15816 site-packages\torch\_subclasses\fake_tensor.py:3212] [9/0]   File "C:\Users\clm\AppData\Local\Python\pythoncore-3.14-64\Lib\site-packages\torch\_library\utils.py", line 23, in __call__
E0908 07:30:52.431000 15816 site-packages\torch\_subclasses\fake_tensor.py:3212] [9/0]     return self.func(*args, **kwargs)
E0908 07:30:52.431000 15816 site-packages\torch\_subclasses\fake_tensor.py:3212] [9/0]            ~~~~~~~~~^^^^^^^^^^^^^^^^^
E0908 07:30:52.431000 15816 site-packages\torch\_subclasses\fake_tensor.py:3212] [9/0]   File "C:\Users\clm\AppData\Local\Python\pythoncore-3.14-64\Lib\site-packages\torch\library.py", line 1651, in inner
E0908 07:30:52.431000 15816 site-packages\torch\_subclasses\fake_tensor.py:3212] [9/0]     return func(*args, **kwargs)
E0908 07:30:52.431000 15816 site-packages\torch\_subclasses\fake_tensor.py:3212] [9/0]   File "C:\Users\clm\AppData\Local\Python\pythoncore-3.14-64\Lib\site-packages\torch\_library\custom_ops.py", line 785, in fake_impl
E0908 07:30:52.431000 15816 site-packages\torch\_subclasses\fake_tensor.py:3212] [9/0]     return self._abstract_fn(*args, **kwargs)
E0908 07:30:52.431000 15816 site-packages\torch\_subclasses\fake_tensor.py:3212] [9/0]            ~~~~~~~~~~~~~~~~~^^^^^^^^^^^^^^^^^
E0908 07:30:52.431000 15816 site-packages\torch\_subclasses\fake_tensor.py:3212] [9/0]   File "C:\Users\clm\AppData\Local\Python\pythoncore-3.14-64\Lib\site-packages\torch\_prims\__init__.py", line 1879, in _cat_meta
E0908 07:30:52.431000 15816 site-packages\torch\_subclasses\fake_tensor.py:3212] [9/0]     torch._check(
E0908 07:30:52.431000 15816 site-packages\torch\_subclasses\fake_tensor.py:3212] [9/0]     ~~~~~~~~~~~~^
E0908 07:30:52.431000 15816 site-packages\torch\_subclasses\fake_tensor.py:3212] [9/0]         length == common_length,
E0908 07:30:52.431000 15816 site-packages\torch\_subclasses\fake_tensor.py:3212] [9/0]         ^^^^^^^^^^^^^^^^^^^^^^^^
E0908 07:30:52.431000 15816 site-packages\torch\_subclasses\fake_tensor.py:3212] [9/0]     ...<2 lines>...
E0908 07:30:52.431000 15816 site-packages\torch\_subclasses\fake_tensor.py:3212] [9/0]         f"{tensor_idx} in the list",
E0908 07:30:52.431000 15816 site-packages\torch\_subclasses\fake_tensor.py:3212] [9/0]         ^^^^^^^^^^^^^^^^^^^^^^^^^^^^
E0908 07:30:52.431000 15816 site-packages\torch\_subclasses\fake_tensor.py:3212] [9/0]     )
E0908 07:30:52.431000 15816 site-packages\torch\_subclasses\fake_tensor.py:3212] [9/0]     ^
E0908 07:30:52.431000 15816 site-packages\torch\_subclasses\fake_tensor.py:3212] [9/0]   File "C:\Users\clm\AppData\Local\Python\pythoncore-3.14-64\Lib\site-packages\torch\__init__.py", line 2140, in _check
E0908 07:30:52.431000 15816 site-packages\torch\_subclasses\fake_tensor.py:3212] [9/0]     _check_with(RuntimeError, cond, message)
E0908 07:30:52.431000 15816 site-packages\torch\_subclasses\fake_tensor.py:3212] [9/0]     ~~~~~~~~~~~^^^^^^^^^^^^^^^^^^^^^^^^^^^^^
E0908 07:30:52.431000 15816 site-packages\torch\_subclasses\fake_tensor.py:3212] [9/0]   File "C:\Users\clm\AppData\Local\Python\pythoncore-3.14-64\Lib\site-packages\torch\__init__.py", line 2118, in _check_with
E0908 07:30:52.431000 15816 site-packages\torch\_subclasses\fake_tensor.py:3212] [9/0]     raise error_type(message_evaluated)
E0908 07:30:52.431000 15816 site-packages\torch\_subclasses\fake_tensor.py:3212] [9/0] RuntimeError: Sizes of tensors must match except in dimension 2. Expected 1 in dimension 0 but got 33 for tensor number 1 in the list
E0908 07:30:53.097000 15816 site-packages\torch\_subclasses\fake_tensor.py:3212] [9/0] failed while attempting to run meta for aten.cat.default
E0908 07:30:53.097000 15816 site-packages\torch\_subclasses\fake_tensor.py:3212] [9/0] Traceback (most recent call last):
E0908 07:30:53.097000 15816 site-packages\torch\_subclasses\fake_tensor.py:3212] [9/0]   File "C:\Users\clm\AppData\Local\Python\pythoncore-3.14-64\Lib\site-packages\torch\_subclasses\fake_tensor.py", line 3208, in _dispatch_impl
E0908 07:30:53.097000 15816 site-packages\torch\_subclasses\fake_tensor.py:3212] [9/0]     r = func(*args, **kwargs)
E0908 07:30:53.097000 15816 site-packages\torch\_subclasses\fake_tensor.py:3212] [9/0]   File "C:\Users\clm\AppData\Local\Python\pythoncore-3.14-64\Lib\site-packages\torch\_ops.py", line 916, in __call__
E0908 07:30:53.097000 15816 site-packages\torch\_subclasses\fake_tensor.py:3212] [9/0]     return self._op(*args, **kwargs)
E0908 07:30:53.097000 15816 site-packages\torch\_subclasses\fake_tensor.py:3212] [9/0]            ~~~~~~~~^^^^^^^^^^^^^^^^^
E0908 07:30:53.097000 15816 site-packages\torch\_subclasses\fake_tensor.py:3212] [9/0]   File "C:\Users\clm\AppData\Local\Python\pythoncore-3.14-64\Lib\site-packages\torch\_prims_common\wrappers.py", line 313, in _fn
E0908 07:30:53.097000 15816 site-packages\torch\_subclasses\fake_tensor.py:3212] [9/0]     result = fn(*args, **kwargs)
E0908 07:30:53.097000 15816 site-packages\torch\_subclasses\fake_tensor.py:3212] [9/0]   File "C:\Users\clm\AppData\Local\Python\pythoncore-3.14-64\Lib\site-packages\torch\_compile.py", line 54, in inner
E0908 07:30:53.097000 15816 site-packages\torch\_subclasses\fake_tensor.py:3212] [9/0]     return disable_fn(*args, **kwargs)
E0908 07:30:53.097000 15816 site-packages\torch\_subclasses\fake_tensor.py:3212] [9/0]   File "C:\Users\clm\AppData\Local\Python\pythoncore-3.14-64\Lib\site-packages\torch\_dynamo\eval_frame.py", line 1548, in _fn
E0908 07:30:53.097000 15816 site-packages\torch\_subclasses\fake_tensor.py:3212] [9/0]     return fn(*args, **kwargs)
E0908 07:30:53.097000 15816 site-packages\torch\_subclasses\fake_tensor.py:3212] [9/0]   File "C:\Users\clm\AppData\Local\Python\pythoncore-3.14-64\Lib\site-packages\torch\_prims_common\wrappers.py", line 151, in _fn
E0908 07:30:53.097000 15816 site-packages\torch\_subclasses\fake_tensor.py:3212] [9/0]     result = fn(**bound.arguments)
E0908 07:30:53.097000 15816 site-packages\torch\_subclasses\fake_tensor.py:3212] [9/0]   File "C:\Users\clm\AppData\Local\Python\pythoncore-3.14-64\Lib\site-packages\torch\_refs\__init__.py", line 3027, in cat
E0908 07:30:53.097000 15816 site-packages\torch\_subclasses\fake_tensor.py:3212] [9/0]     return prims.cat(filtered, dim).clone(memory_format=memory_format)
E0908 07:30:53.097000 15816 site-packages\torch\_subclasses\fake_tensor.py:3212] [9/0]            ~~~~~~~~~^^^^^^^^^^^^^^^
E0908 07:30:53.097000 15816 site-packages\torch\_subclasses\fake_tensor.py:3212] [9/0]   File "C:\Users\clm\AppData\Local\Python\pythoncore-3.14-64\Lib\site-packages\torch\_ops.py", line 916, in __call__
E0908 07:30:53.097000 15816 site-packages\torch\_subclasses\fake_tensor.py:3212] [9/0]     return self._op(*args, **kwargs)
E0908 07:30:53.097000 15816 site-packages\torch\_subclasses\fake_tensor.py:3212] [9/0]            ~~~~~~~~^^^^^^^^^^^^^^^^^
E0908 07:30:53.097000 15816 site-packages\torch\_subclasses\fake_tensor.py:3212] [9/0]   File "C:\Users\clm\AppData\Local\Python\pythoncore-3.14-64\Lib\site-packages\torch\_library\fake_impl.py", line 123, in meta_kernel
E0908 07:30:53.097000 15816 site-packages\torch\_subclasses\fake_tensor.py:3212] [9/0]     return fake_impl_holder.kernel(*args, **kwargs)
E0908 07:30:53.097000 15816 site-packages\torch\_subclasses\fake_tensor.py:3212] [9/0]            ~~~~~~~~~~~~~~~~~~~~~~~^^^^^^^^^^^^^^^^^
E0908 07:30:53.097000 15816 site-packages\torch\_subclasses\fake_tensor.py:3212] [9/0]   File "C:\Users\clm\AppData\Local\Python\pythoncore-3.14-64\Lib\site-packages\torch\_library\utils.py", line 23, in __call__
E0908 07:30:53.097000 15816 site-packages\torch\_subclasses\fake_tensor.py:3212] [9/0]     return self.func(*args, **kwargs)
E0908 07:30:53.097000 15816 site-packages\torch\_subclasses\fake_tensor.py:3212] [9/0]            ~~~~~~~~~^^^^^^^^^^^^^^^^^
E0908 07:30:53.097000 15816 site-packages\torch\_subclasses\fake_tensor.py:3212] [9/0]   File "C:\Users\clm\AppData\Local\Python\pythoncore-3.14-64\Lib\site-packages\torch\library.py", line 1651, in inner
E0908 07:30:53.097000 15816 site-packages\torch\_subclasses\fake_tensor.py:3212] [9/0]     return func(*args, **kwargs)
E0908 07:30:53.097000 15816 site-packages\torch\_subclasses\fake_tensor.py:3212] [9/0]   File "C:\Users\clm\AppData\Local\Python\pythoncore-3.14-64\Lib\site-packages\torch\_library\custom_ops.py", line 785, in fake_impl
E0908 07:30:53.097000 15816 site-packages\torch\_subclasses\fake_tensor.py:3212] [9/0]     return self._abstract_fn(*args, **kwargs)
E0908 07:30:53.097000 15816 site-packages\torch\_subclasses\fake_tensor.py:3212] [9/0]            ~~~~~~~~~~~~~~~~~^^^^^^^^^^^^^^^^^
E0908 07:30:53.097000 15816 site-packages\torch\_subclasses\fake_tensor.py:3212] [9/0]   File "C:\Users\clm\AppData\Local\Python\pythoncore-3.14-64\Lib\site-packages\torch\_prims\__init__.py", line 1879, in _cat_meta
E0908 07:30:53.097000 15816 site-packages\torch\_subclasses\fake_tensor.py:3212] [9/0]     torch._check(
E0908 07:30:53.097000 15816 site-packages\torch\_subclasses\fake_tensor.py:3212] [9/0]     ~~~~~~~~~~~~^
E0908 07:30:53.097000 15816 site-packages\torch\_subclasses\fake_tensor.py:3212] [9/0]         length == common_length,
E0908 07:30:53.097000 15816 site-packages\torch\_subclasses\fake_tensor.py:3212] [9/0]         ^^^^^^^^^^^^^^^^^^^^^^^^
E0908 07:30:53.097000 15816 site-packages\torch\_subclasses\fake_tensor.py:3212] [9/0]     ...<2 lines>...
E0908 07:30:53.097000 15816 site-packages\torch\_subclasses\fake_tensor.py:3212] [9/0]         f"{tensor_idx} in the list",
E0908 07:30:53.097000 15816 site-packages\torch\_subclasses\fake_tensor.py:3212] [9/0]         ^^^^^^^^^^^^^^^^^^^^^^^^^^^^
E0908 07:30:53.097000 15816 site-packages\torch\_subclasses\fake_tensor.py:3212] [9/0]     )
E0908 07:30:53.097000 15816 site-packages\torch\_subclasses\fake_tensor.py:3212] [9/0]     ^
E0908 07:30:53.097000 15816 site-packages\torch\_subclasses\fake_tensor.py:3212] [9/0]   File "C:\Users\clm\AppData\Local\Python\pythoncore-3.14-64\Lib\site-packages\torch\__init__.py", line 2140, in _check
E0908 07:30:53.097000 15816 site-packages\torch\_subclasses\fake_tensor.py:3212] [9/0]     _check_with(RuntimeError, cond, message)
E0908 07:30:53.097000 15816 site-packages\torch\_subclasses\fake_tensor.py:3212] [9/0]     ~~~~~~~~~~~^^^^^^^^^^^^^^^^^^^^^^^^^^^^^
E0908 07:30:53.097000 15816 site-packages\torch\_subclasses\fake_tensor.py:3212] [9/0]   File "C:\Users\clm\AppData\Local\Python\pythoncore-3.14-64\Lib\site-packages\torch\__init__.py", line 2118, in _check_with
E0908 07:30:53.097000 15816 site-packages\torch\_subclasses\fake_tensor.py:3212] [9/0]     raise error_type(message_evaluated)
E0908 07:30:53.097000 15816 site-packages\torch\_subclasses\fake_tensor.py:3212] [9/0] RuntimeError: Sizes of tensors must match except in dimension 2. Expected 1 in dimension 0 but got 33 for tensor number 1 in the list
  nnsmith_100022           0 candidate(s), 0 submittable, 24 tests, 755 compiles  [234.5s]
  shape_boundary           1 candidate(s), 0 submittable, 24 tests, 83 compiles  [7.1s]
      info   none                   requires_grad        404b6c5ab1ce
  mod_tiling               1 candidate(s), 0 submittable, 24 tests, 82 compiles  [7.6s]
      info   none                   requires_grad        9b62aa28bb62
  index_chain              1 candidate(s), 0 submittable, 24 tests, 82 compiles  [7.8s]
      info   none                   requires_grad        5567023bc198
  dtype_read               1 candidate(s), 0 submittable, 24 tests, 86 compiles  [8.4s]
      info   none                   requires_grad        788460929de0
  python_flag              2 candidate(s), 0 submittable, 24 tests, 82 compiles  [8.5s]
      info   none                   substitute           e6c0072e671f
      info   none                   requires_grad        1ea700571f38
  python_flag_semantic     2 candidate(s), 0 submittable, 24 tests, 82 compiles  [8.1s]
      info   none                   substitute           535948ab4726
      info   none                   requires_grad        9c6539724e4c
  scalar_compare           1 candidate(s), 0 submittable, 24 tests, 84 compiles  [7.8s]
      info   none                   requires_grad        1037ba9ff2ad
  none_check               2 candidate(s), 0 submittable, 24 tests, 83 compiles  [12.0s]
      info   none                   substitute           3a3ce2964870
      info   none                   requires_grad        5e2f8b24e501
  view_inplace             1 candidate(s), 0 submittable, 24 tests, 86 compiles  [10.0s]
      info   none                   requires_grad        38c8b6b226ad
  noncontig_copy           1 candidate(s), 0 submittable, 24 tests, 85 compiles  [8.2s]
      info   none                   requires_grad        d83c26b2f482
  overlapping_views        2 candidate(s), 0 submittable, 24 tests, 83 compiles  [13.0s]
      info   none                   layout               9fb2e0b5ad7d
      info   none                   requires_grad        bb2b76c5bb8e
  alias_returned           1 candidate(s), 0 submittable, 24 tests, 84 compiles  [5.9s]
      info   none                   requires_grad        8b5ffaa330f0
  conditional_mutation     1 candidate(s), 0 submittable, 24 tests, 77 compiles  [6.6s]
      info   none                   requires_grad        d50d18ee373c
  chunk_inplace            1 candidate(s), 0 submittable, 24 tests, 85 compiles  [10.9s]
      info   none                   requires_grad        3c44df087cfc
  requires_grad_switch     1 candidate(s), 0 submittable, 24 tests, 86 compiles  [13.0s]
      info   none                   requires_grad        3f9865ad4840
  global_state             1 candidate(s), 0 submittable, 24 tests, 86 compiles  [7.2s]
      info   none                   requires_grad        a8433989db27
  closure_fn               1 candidate(s), 0 submittable, 24 tests, 86 compiles  [7.8s]
      info   none                   requires_grad        e3a815cf6108
  reshape_dim              2 candidate(s), 0 submittable, 24 tests, 82 compiles  [8.9s]
      info   none                   requires_grad        ee5019cff0ab
      info   none                   substitute           76a4b17ab74c
  loop_bound               2 candidate(s), 0 submittable, 24 tests, 76 compiles  [9.0s]
      info   none                   substitute           34f98a7df17a
      info   none                   requires_grad        ffd7a8a355eb
  exception_path           1 candidate(s), 0 submittable, 24 tests, 80 compiles  [6.7s]
      info   none                   requires_grad        45ed91db84e2
  container_len            2 candidate(s), 0 submittable, 24 tests, 72 compiles  [11.4s]
      info   none                   dtype                ff46220c21da
      info   none                   requires_grad        55603fdb2ebd
  string_mode              2 candidate(s), 0 submittable, 24 tests, 83 compiles  [7.8s]
      info   none                   substitute           a4c7a78f896f
      info   none                   requires_grad        34438b5f90d9
  stride_read              1 candidate(s), 0 submittable, 24 tests, 84 compiles  [7.0s]
      info   none                   requires_grad        e42c7e9f39a6
  mask_index               1 candidate(s), 0 submittable, 24 tests, 172 compiles  [22.8s]
      info   none                   requires_grad        4a3058ba69ca
  gather_shape             2 candidate(s), 0 submittable, 24 tests, 78 compiles  [10.4s]
      info   none                   device               b3094e170d6c
      info   none                   requires_grad        0168b0754232
  dtype_reduce             1 candidate(s), 0 submittable, 24 tests, 86 compiles  [18.4s]
      info   none                   requires_grad        5ed295070666
  contiguous_read          1 candidate(s), 0 submittable, 24 tests, 84 compiles  [7.7s]
      info   none                   requires_grad        55a4ae0c7269
  rank_read                1 candidate(s), 0 submittable, 24 tests, 84 compiles  [11.9s]
      info   none                   requires_grad        f916d1e19225
  flag_and_shape           1 candidate(s), 0 submittable, 22 tests, 74 compiles  [5.5s]
      info   none                   substitute           80eb3d8d214b

42 candidate(s); summary at reports_campaign2\SUMMARY.md
reports_campaign2\CAMPAIGN.md
