D:\wsl\personal\dr\paper\toxic_compile\plan\tcc\seeds.py:246: UserWarning: torch.triangular_solve is deprecated in favor of torch.linalg.solve_triangularand will be removed in a future PyTorch release.
torch.linalg.solve_triangular has its arguments reversed and does not return a copy of one of the inputs.
X = torch.triangular_solve(B, A).solution
should be replaced with
X = torch.linalg.solve_triangular(A, B). (Triggered internally at C:\actions-runner\_work\pytorch\pytorch\aten\src\ATen\native\BatchLinearAlgebra.cpp:2262.)
  return _op(*args[:_n], *_extra, **_kw)
C:\Users\clm\AppData\Local\Python\pythoncore-3.14-64\Lib\site-packages\torch\functional.py:2208: UserWarning: torch.lu is deprecated in favor of torch.linalg.lu_factor / torch.linalg.lu_factor_ex and will be removed in a future PyTorch release.
LU, pivots = torch.lu(A, compute_pivots)
should be replaced with
LU, pivots = torch.linalg.lu_factor(A, compute_pivots)
and
LU, pivots, info = torch.lu(A, compute_pivots, get_infos=True)
should be replaced with
LU, pivots, info = torch.linalg.lu_factor_ex(A, compute_pivots) (Triggered internally at C:\actions-runner\_work\pytorch\pytorch\aten\src\ATen\native\BatchLinearAlgebra.cpp:2066.)
  return torch._lu_with_info(A, pivot=pivot, check_errors=(not get_infos))
D:\wsl\personal\dr\paper\toxic_compile\plan\tcc\seeds.py:246: UserWarning: torch.lu_solve is deprecated in favor of torch.linalg.lu_solveand will be removed in a future PyTorch release.
Note that torch.linalg.lu_solve has its arguments reversed.
X = torch.lu_solve(B, LU, pivots)
should be replaced with
X = torch.linalg.lu_solve(LU, pivots, B) (Triggered internally at C:\actions-runner\_work\pytorch\pytorch\aten\src\ATen\native\BatchLinearAlgebra.cpp:2220.)
  return _op(*args[:_n], *_extra, **_kw)
D:\wsl\personal\dr\paper\toxic_compile\plan\tcc\seeds.py:246: UserWarning: linear_cross_entropy: ``options`` ignored; chunked path needs reduction in {'mean','sum','none'}, label_smoothing == 0, target.dtype == int64 (or a probability target with reduction in {'mean','sum'}, dtype matching input, and requires_grad == False), out_features == (). Got reduction='mean', label_smoothing=0.0, target.dtype=torch.float32, out_features=(3,), tracing=False, target.requires_grad=False, linear_bias.shape=(2, 3).
  return _op(*args[:_n], *_extra, **_kw)
D:\wsl\personal\dr\paper\toxic_compile\plan\tcc\seeds.py:246: UserWarning: linear_cross_entropy: ``options`` ignored; chunked path needs reduction in {'mean','sum','none'}, label_smoothing == 0, target.dtype == int64 (or a probability target with reduction in {'mean','sum'}, dtype matching input, and requires_grad == False), out_features == (). Got reduction='none', label_smoothing=0.0, target.dtype=torch.float32, out_features=(3,), tracing=False, target.requires_grad=False, linear_bias.shape=None.
  return _op(*args[:_n], *_extra, **_kw)
D:\wsl\personal\dr\paper\toxic_compile\plan\tcc\seeds.py:246: UserWarning: `nn.functional.upsample_bilinear` is deprecated. Use `nn.functional.interpolate` instead.
  return _op(*args[:_n], *_extra, **_kw)
D:\wsl\personal\dr\paper\toxic_compile\plan\tcc\seeds.py:246: UserWarning: `nn.functional.upsample_nearest` is deprecated. Use `nn.functional.interpolate` instead.
  return _op(*args[:_n], *_extra, **_kw)
C:\Users\clm\AppData\Local\Python\pythoncore-3.14-64\Lib\site-packages\torch\testing\_internal\common_methods_invocations.py:19760: UserWarning: ComplexHalf support is experimental and many operators don't support it yet. (Triggered internally at C:\actions-runner\_work\pytorch\pytorch\aten\src\ATen\EmptyTensor.cpp:55.)
  op=lambda x, *args, **kwargs: x.chalf(*args, **kwargs),
D:\wsl\personal\dr\paper\toxic_compile\plan\tcc\seeds.py:246: UserWarning: var(): degrees of freedom is <= 0. Correction should be strictly less than the reduction factor (input numel divided by output numel). (Triggered internally at C:\actions-runner\_work\pytorch\pytorch\aten\src\ATen\native\ReduceOps.cpp:1913.)
  return _op(*args[:_n], *_extra, **_kw)
OpInfo: 540 operator sample(s) as programs, 43 rejected

torch 2.14.0+cpu  device cpu  backend=inductor  reruns=2
540 program(s) -> reports_opinfo_s3

  opinfo_broadcast_to      0 candidate(s), 0 submittable, 16 tests, 57 compiles  [4.8s]
  opinfo_chunk             0 candidate(s), 0 submittable, 16 tests, 57 compiles  [4.0s]
  opinfo_contiguous        0 candidate(s), 0 submittable, 16 tests, 57 compiles  [2.3s]
  opinfo_positive          0 candidate(s), 0 submittable, 16 tests, 57 compiles  [2.0s]
  opinfo_conj              0 candidate(s), 0 submittable, 16 tests, 57 compiles  [1.8s]
  opinfo_resolve_conj      0 candidate(s), 0 submittable, 16 tests, 57 compiles  [1.9s]
  opinfo_resolve_neg       0 candidate(s), 0 submittable, 16 tests, 57 compiles  [2.0s]
  opinfo_view_as_complex   0 candidate(s), 0 submittable, 14 tests, 50 compiles  [2.1s]
  opinfo_expand            0 candidate(s), 0 submittable, 16 tests, 57 compiles  [3.1s]
  opinfo_expand_as         0 candidate(s), 0 submittable, 16 tests, 57 compiles  [2.6s]
C:\Users\clm\AppData\Local\Python\pythoncore-3.14-64\Lib\site-packages\torch\_inductor\lowering.py:2487: FutureWarning: `torch._prims_common.check` is deprecated and will be removed in the future. Please use `torch._check*` functions instead.
  check(
C:\Users\clm\AppData\Local\Python\pythoncore-3.14-64\Lib\site-packages\torch\_inductor\lowering.py:2487: FutureWarning: `torch._prims_common.check` is deprecated and will be removed in the future. Please use `torch._check*` functions instead.
  check(
C:\Users\clm\AppData\Local\Python\pythoncore-3.14-64\Lib\site-packages\torch\_inductor\lowering.py:2487: FutureWarning: `torch._prims_common.check` is deprecated and will be removed in the future. Please use `torch._check*` functions instead.
  check(
C:\Users\clm\AppData\Local\Python\pythoncore-3.14-64\Lib\site-packages\torch\_inductor\lowering.py:2487: FutureWarning: `torch._prims_common.check` is deprecated and will be removed in the future. Please use `torch._check*` functions instead.
  check(
C:\Users\clm\AppData\Local\Python\pythoncore-3.14-64\Lib\site-packages\torch\_inductor\lowering.py:2487: FutureWarning: `torch._prims_common.check` is deprecated and will be removed in the future. Please use `torch._check*` functions instead.
  check(
C:\Users\clm\AppData\Local\Python\pythoncore-3.14-64\Lib\site-packages\torch\_inductor\lowering.py:2487: FutureWarning: `torch._prims_common.check` is deprecated and will be removed in the future. Please use `torch._check*` functions instead.
  check(
C:\Users\clm\AppData\Local\Python\pythoncore-3.14-64\Lib\site-packages\torch\_inductor\lowering.py:2487: FutureWarning: `torch._prims_common.check` is deprecated and will be removed in the future. Please use `torch._check*` functions instead.
  check(
C:\Users\clm\AppData\Local\Python\pythoncore-3.14-64\Lib\site-packages\torch\_inductor\lowering.py:2487: FutureWarning: `torch._prims_common.check` is deprecated and will be removed in the future. Please use `torch._check*` functions instead.
  check(
C:\Users\clm\AppData\Local\Python\pythoncore-3.14-64\Lib\site-packages\torch\_inductor\lowering.py:2487: FutureWarning: `torch._prims_common.check` is deprecated and will be removed in the future. Please use `torch._check*` functions instead.
  check(
C:\Users\clm\AppData\Local\Python\pythoncore-3.14-64\Lib\site-packages\torch\_inductor\lowering.py:2487: FutureWarning: `torch._prims_common.check` is deprecated and will be removed in the future. Please use `torch._check*` functions instead.
  check(
C:\Users\clm\AppData\Local\Python\pythoncore-3.14-64\Lib\site-packages\torch\_inductor\lowering.py:2487: FutureWarning: `torch._prims_common.check` is deprecated and will be removed in the future. Please use `torch._check*` functions instead.
  check(
C:\Users\clm\AppData\Local\Python\pythoncore-3.14-64\Lib\site-packages\torch\_inductor\lowering.py:2487: FutureWarning: `torch._prims_common.check` is deprecated and will be removed in the future. Please use `torch._check*` functions instead.
  check(
C:\Users\clm\AppData\Local\Python\pythoncore-3.14-64\Lib\site-packages\torch\_inductor\lowering.py:2487: FutureWarning: `torch._prims_common.check` is deprecated and will be removed in the future. Please use `torch._check*` functions instead.
  check(
C:\Users\clm\AppData\Local\Python\pythoncore-3.14-64\Lib\site-packages\torch\_inductor\lowering.py:2487: FutureWarning: `torch._prims_common.check` is deprecated and will be removed in the future. Please use `torch._check*` functions instead.
  check(
C:\Users\clm\AppData\Local\Python\pythoncore-3.14-64\Lib\site-packages\torch\_inductor\lowering.py:2487: FutureWarning: `torch._prims_common.check` is deprecated and will be removed in the future. Please use `torch._check*` functions instead.
  check(
C:\Users\clm\AppData\Local\Python\pythoncore-3.14-64\Lib\site-packages\torch\_inductor\lowering.py:2487: FutureWarning: `torch._prims_common.check` is deprecated and will be removed in the future. Please use `torch._check*` functions instead.
  check(
C:\Users\clm\AppData\Local\Python\pythoncore-3.14-64\Lib\site-packages\torch\_inductor\lowering.py:2487: FutureWarning: `torch._prims_common.check` is deprecated and will be removed in the future. Please use `torch._check*` functions instead.
  check(
C:\Users\clm\AppData\Local\Python\pythoncore-3.14-64\Lib\site-packages\torch\_inductor\lowering.py:2487: FutureWarning: `torch._prims_common.check` is deprecated and will be removed in the future. Please use `torch._check*` functions instead.
  check(
C:\Users\clm\AppData\Local\Python\pythoncore-3.14-64\Lib\site-packages\torch\_inductor\lowering.py:2487: FutureWarning: `torch._prims_common.check` is deprecated and will be removed in the future. Please use `torch._check*` functions instead.
  check(
C:\Users\clm\AppData\Local\Python\pythoncore-3.14-64\Lib\site-packages\torch\_inductor\lowering.py:2487: FutureWarning: `torch._prims_common.check` is deprecated and will be removed in the future. Please use `torch._check*` functions instead.
  check(
C:\Users\clm\AppData\Local\Python\pythoncore-3.14-64\Lib\site-packages\torch\_inductor\lowering.py:2487: FutureWarning: `torch._prims_common.check` is deprecated and will be removed in the future. Please use `torch._check*` functions instead.
  check(
C:\Users\clm\AppData\Local\Python\pythoncore-3.14-64\Lib\site-packages\torch\_inductor\lowering.py:2487: FutureWarning: `torch._prims_common.check` is deprecated and will be removed in the future. Please use `torch._check*` functions instead.
  check(
C:\Users\clm\AppData\Local\Python\pythoncore-3.14-64\Lib\site-packages\torch\_inductor\lowering.py:2487: FutureWarning: `torch._prims_common.check` is deprecated and will be removed in the future. Please use `torch._check*` functions instead.
  check(
C:\Users\clm\AppData\Local\Python\pythoncore-3.14-64\Lib\site-packages\torch\_inductor\lowering.py:2487: FutureWarning: `torch._prims_common.check` is deprecated and will be removed in the future. Please use `torch._check*` functions instead.
  check(
C:\Users\clm\AppData\Local\Python\pythoncore-3.14-64\Lib\site-packages\torch\_inductor\lowering.py:2487: FutureWarning: `torch._prims_common.check` is deprecated and will be removed in the future. Please use `torch._check*` functions instead.
  check(
C:\Users\clm\AppData\Local\Python\pythoncore-3.14-64\Lib\site-packages\torch\_inductor\lowering.py:2487: FutureWarning: `torch._prims_common.check` is deprecated and will be removed in the future. Please use `torch._check*` functions instead.
  check(
C:\Users\clm\AppData\Local\Python\pythoncore-3.14-64\Lib\site-packages\torch\_inductor\lowering.py:2487: FutureWarning: `torch._prims_common.check` is deprecated and will be removed in the future. Please use `torch._check*` functions instead.
  check(
C:\Users\clm\AppData\Local\Python\pythoncore-3.14-64\Lib\site-packages\torch\_inductor\lowering.py:2487: FutureWarning: `torch._prims_common.check` is deprecated and will be removed in the future. Please use `torch._check*` functions instead.
  check(
C:\Users\clm\AppData\Local\Python\pythoncore-3.14-64\Lib\site-packages\torch\_inductor\lowering.py:2487: FutureWarning: `torch._prims_common.check` is deprecated and will be removed in the future. Please use `torch._check*` functions instead.
  check(
C:\Users\clm\AppData\Local\Python\pythoncore-3.14-64\Lib\site-packages\torch\_inductor\lowering.py:2487: FutureWarning: `torch._prims_common.check` is deprecated and will be removed in the future. Please use `torch._check*` functions instead.
  check(
C:\Users\clm\AppData\Local\Python\pythoncore-3.14-64\Lib\site-packages\torch\_inductor\lowering.py:2487: FutureWarning: `torch._prims_common.check` is deprecated and will be removed in the future. Please use `torch._check*` functions instead.
  check(
C:\Users\clm\AppData\Local\Python\pythoncore-3.14-64\Lib\site-packages\torch\_inductor\lowering.py:2487: FutureWarning: `torch._prims_common.check` is deprecated and will be removed in the future. Please use `torch._check*` functions instead.
  check(
C:\Users\clm\AppData\Local\Python\pythoncore-3.14-64\Lib\site-packages\torch\_inductor\lowering.py:2487: FutureWarning: `torch._prims_common.check` is deprecated and will be removed in the future. Please use `torch._check*` functions instead.
  check(
C:\Users\clm\AppData\Local\Python\pythoncore-3.14-64\Lib\site-packages\torch\_inductor\lowering.py:2487: FutureWarning: `torch._prims_common.check` is deprecated and will be removed in the future. Please use `torch._check*` functions instead.
  check(
C:\Users\clm\AppData\Local\Python\pythoncore-3.14-64\Lib\site-packages\torch\_inductor\lowering.py:2487: FutureWarning: `torch._prims_common.check` is deprecated and will be removed in the future. Please use `torch._check*` functions instead.
  check(
C:\Users\clm\AppData\Local\Python\pythoncore-3.14-64\Lib\site-packages\torch\_inductor\lowering.py:2487: FutureWarning: `torch._prims_common.check` is deprecated and will be removed in the future. Please use `torch._check*` functions instead.
  check(
C:\Users\clm\AppData\Local\Python\pythoncore-3.14-64\Lib\site-packages\torch\_inductor\lowering.py:2487: FutureWarning: `torch._prims_common.check` is deprecated and will be removed in the future. Please use `torch._check*` functions instead.
  check(
C:\Users\clm\AppData\Local\Python\pythoncore-3.14-64\Lib\site-packages\torch\_inductor\lowering.py:2487: FutureWarning: `torch._prims_common.check` is deprecated and will be removed in the future. Please use `torch._check*` functions instead.
  check(
C:\Users\clm\AppData\Local\Python\pythoncore-3.14-64\Lib\site-packages\torch\_inductor\lowering.py:2487: FutureWarning: `torch._prims_common.check` is deprecated and will be removed in the future. Please use `torch._check*` functions instead.
  check(
C:\Users\clm\AppData\Local\Python\pythoncore-3.14-64\Lib\site-packages\torch\_inductor\lowering.py:2487: FutureWarning: `torch._prims_common.check` is deprecated and will be removed in the future. Please use `torch._check*` functions instead.
  check(
C:\Users\clm\AppData\Local\Python\pythoncore-3.14-64\Lib\site-packages\torch\_inductor\lowering.py:2487: FutureWarning: `torch._prims_common.check` is deprecated and will be removed in the future. Please use `torch._check*` functions instead.
  check(
C:\Users\clm\AppData\Local\Python\pythoncore-3.14-64\Lib\site-packages\torch\_inductor\lowering.py:2487: FutureWarning: `torch._prims_common.check` is deprecated and will be removed in the future. Please use `torch._check*` functions instead.
  check(
C:\Users\clm\AppData\Local\Python\pythoncore-3.14-64\Lib\site-packages\torch\_inductor\lowering.py:2487: FutureWarning: `torch._prims_common.check` is deprecated and will be removed in the future. Please use `torch._check*` functions instead.
  check(
  opinfo_diagonal          0 candidate(s), 0 submittable, 16 tests, 57 compiles  [3.1s]
C:\Users\clm\AppData\Local\Python\pythoncore-3.14-64\Lib\site-packages\torch\autograd\graph.py:1072: UserWarning: Error detected in GeqrfBackward0. Traceback of forward call that caused the error:
  File "D:\wsl\personal\dr\paper\toxic_compile\plan\tcc\seeds.py", line 246, in fn
    return _op(*args[:_n], *_extra, **_kw)
 (Triggered internally at C:\actions-runner\_work\pytorch\pytorch\torch\csrc\autograd\python_anomaly_mode.cpp:135.)
  return Variable._execution_engine.run_backward(  # Calls into the C++ engine to run the backward pass
C:\Users\clm\AppData\Local\Python\pythoncore-3.14-64\Lib\site-packages\torch\autograd\graph.py:1072: UserWarning: Error detected in GeqrfBackward0. Traceback of forward call that caused the error:
  File "D:\wsl\personal\dr\paper\toxic_compile\plan\tcc\seeds.py", line 246, in fn
    return _op(*args[:_n], *_extra, **_kw)
 (Triggered internally at C:\actions-runner\_work\pytorch\pytorch\torch\csrc\autograd\python_anomaly_mode.cpp:135.)
  return Variable._execution_engine.run_backward(  # Calls into the C++ engine to run the backward pass
C:\Users\clm\AppData\Local\Python\pythoncore-3.14-64\Lib\site-packages\torch\autograd\graph.py:1072: UserWarning: Error detected in GeqrfBackward0. Traceback of forward call that caused the error:
  File "D:\wsl\personal\dr\paper\toxic_compile\plan\tcc\seeds.py", line 246, in fn
    return _op(*args[:_n], *_extra, **_kw)
 (Triggered internally at C:\actions-runner\_work\pytorch\pytorch\torch\csrc\autograd\python_anomaly_mode.cpp:135.)
  return Variable._execution_engine.run_backward(  # Calls into the C++ engine to run the backward pass
C:\Users\clm\AppData\Local\Python\pythoncore-3.14-64\Lib\site-packages\torch\autograd\graph.py:1072: UserWarning: Error detected in GeqrfBackward0. Traceback of forward call that caused the error:
  File "D:\wsl\personal\dr\paper\toxic_compile\plan\tcc\seeds.py", line 246, in fn
    return _op(*args[:_n], *_extra, **_kw)
 (Triggered internally at C:\actions-runner\_work\pytorch\pytorch\torch\csrc\autograd\python_anomaly_mode.cpp:135.)
  return Variable._execution_engine.run_backward(  # Calls into the C++ engine to run the backward pass
C:\Users\clm\AppData\Local\Python\pythoncore-3.14-64\Lib\site-packages\torch\autograd\graph.py:1072: UserWarning: Error detected in GeqrfBackward0. Traceback of forward call that caused the error:
  File "D:\wsl\personal\dr\paper\toxic_compile\plan\tcc\seeds.py", line 246, in fn
    return _op(*args[:_n], *_extra, **_kw)
 (Triggered internally at C:\actions-runner\_work\pytorch\pytorch\torch\csrc\autograd\python_anomaly_mode.cpp:135.)
  return Variable._execution_engine.run_backward(  # Calls into the C++ engine to run the backward pass
C:\Users\clm\AppData\Local\Python\pythoncore-3.14-64\Lib\site-packages\torch\autograd\graph.py:1072: UserWarning: Error detected in GeqrfBackward0. Traceback of forward call that caused the error:
  File "D:\wsl\personal\dr\paper\toxic_compile\plan\tcc\seeds.py", line 246, in fn
    return _op(*args[:_n], *_extra, **_kw)
 (Triggered internally at C:\actions-runner\_work\pytorch\pytorch\torch\csrc\autograd\python_anomaly_mode.cpp:135.)
  return Variable._execution_engine.run_backward(  # Calls into the C++ engine to run the backward pass
  opinfo_geqrf             0 candidate(s), 0 submittable, 9 tests, 27 compiles  [1.5s]
  opinfo_kthvalue          0 candidate(s), 0 submittable, 16 tests, 57 compiles  [3.4s]
  opinfo_max_reduction_with_dim 0 candidate(s), 0 submittable, 16 tests, 57 compiles  [9.5s]
  opinfo_max_reduction_no_dim 0 candidate(s), 0 submittable, 16 tests, 57 compiles  [3.0s]
  opinfo_median            0 candidate(s), 0 submittable, 16 tests, 57 compiles  [3.5s]
  opinfo_nanmedian         0 candidate(s), 0 submittable, 16 tests, 57 compiles  [5.9s]
  opinfo_min_reduction_with_dim 0 candidate(s), 0 submittable, 16 tests, 57 compiles  [9.9s]
  opinfo_min_reduction_no_dim 0 candidate(s), 0 submittable, 16 tests, 57 compiles  [2.9s]
  opinfo_max_binary        0 candidate(s), 0 submittable, 16 tests, 65 compiles  [3.2s]
  opinfo_min_binary        0 candidate(s), 0 submittable, 16 tests, 57 compiles  [3.9s]
  opinfo_as_strided        0 candidate(s), 0 submittable, 16 tests, 57 compiles  [3.1s]
  opinfo_max_pool2d_with_indices_backward 1 candidate(s), 0 submittable, 16 tests, 54 compiles  [35.6s]
      low    dynamo_capture         compile              32499290a129
  opinfo_to                0 candidate(s), 0 submittable, 16 tests, 57 compiles  [4.4s]
  opinfo_topk              0 candidate(s), 0 submittable, 16 tests, 57 compiles  [3.4s]
  opinfo_mode              0 candidate(s), 0 submittable, 16 tests, 57 compiles  [4.8s]
  opinfo_narrow            0 candidate(s), 0 submittable, 16 tests, 57 compiles  [3.3s]
  opinfo_permute           0 candidate(s), 0 submittable, 16 tests, 57 compiles  [3.1s]
  opinfo_real              0 candidate(s), 0 submittable, 16 tests, 57 compiles  [1.8s]
  opinfo_split             0 candidate(s), 0 submittable, 16 tests, 57 compiles  [3.3s]
  opinfo_split_list_args   0 candidate(s), 0 submittable, 16 tests, 57 compiles  [3.6s]
  opinfo_split_with_sizes  0 candidate(s), 0 submittable, 16 tests, 57 compiles  [3.6s]
  opinfo_select            0 candidate(s), 0 submittable, 16 tests, 57 compiles  [3.2s]
  opinfo_slice             0 candidate(s), 0 submittable, 16 tests, 57 compiles  [4.3s]
  opinfo_tensor_split      0 candidate(s), 0 submittable, 16 tests, 57 compiles  [2.3s]
  opinfo_hsplit            0 candidate(s), 0 submittable, 16 tests, 57 compiles  [3.5s]
  opinfo_vsplit            0 candidate(s), 0 submittable, 16 tests, 57 compiles  [2.8s]
  opinfo_dsplit            0 candidate(s), 0 submittable, 16 tests, 57 compiles  [2.8s]
  opinfo_triangular_solve  0 candidate(s), 0 submittable, 9 tests, 31 compiles  [2.4s]
  opinfo_svd               0 candidate(s), 0 submittable, 9 tests, 31 compiles  [2.4s]
  opinfo_ravel             0 candidate(s), 0 submittable, 16 tests, 57 compiles  [2.5s]
  opinfo_reshape           0 candidate(s), 0 submittable, 16 tests, 57 compiles  [3.2s]
  opinfo_reshape_as        0 candidate(s), 0 submittable, 16 tests, 57 compiles  [3.2s]
  opinfo_view              0 candidate(s), 0 submittable, 16 tests, 57 compiles  [2.1s]
  opinfo_view_as           0 candidate(s), 0 submittable, 16 tests, 57 compiles  [2.8s]
  opinfo_flatten           0 candidate(s), 0 submittable, 16 tests, 57 compiles  [2.2s]
  opinfo_unflatten         0 candidate(s), 0 submittable, 16 tests, 57 compiles  [2.9s]
  opinfo_sort              0 candidate(s), 0 submittable, 16 tests, 57 compiles  [3.4s]
  opinfo_unbind            0 candidate(s), 0 submittable, 16 tests, 57 compiles  [3.9s]
  opinfo_unfold            0 candidate(s), 0 submittable, 16 tests, 57 compiles  [3.0s]
  opinfo_movedim           0 candidate(s), 0 submittable, 16 tests, 57 compiles  [2.6s]
  opinfo_squeeze           0 candidate(s), 0 submittable, 16 tests, 57 compiles  [2.9s]
  opinfo_squeeze_multiple  0 candidate(s), 0 submittable, 16 tests, 57 compiles  [3.2s]
  opinfo_resize_           0 candidate(s), 0 submittable, 16 tests, 0 compiles  [1.8s]
C:\Users\clm\AppData\Local\Python\pythoncore-3.14-64\Lib\site-packages\torch\_dynamo\variables\functions.py:2604: UserWarning: Dynamo does not know how to trace the builtin `torch._VariableFunctionsClass.resize_as_.` This function is either a Python builtin (e.g. _warnings.warn) or a third-party C/C++ Python extension (perhaps created with pybind).
If it is a Python builtin, please file an issue on GitHub so the PyTorch team can add support for it and see the next case for a workaround.
If it is a third-party C/C++ Python extension, please either wrap it into a PyTorch-understood custom operator (see https://pytorch.org/tutorials/advanced/custom_ops_landing_page.html for more details) or, if it is traceable, use `torch.compiler.allow_in_graph`.
  torch._dynamo.utils.warn_once(explanation + "\n" + "\n".join(hints))
  opinfo_resize_as_        0 candidate(s), 0 submittable, 16 tests, 0 compiles  [1.9s]
  opinfo_unsqueeze         0 candidate(s), 0 submittable, 16 tests, 57 compiles  [2.3s]
  opinfo_zero_             0 candidate(s), 0 submittable, 16 tests, 57 compiles  [3.2s]
  opinfo_transpose         0 candidate(s), 0 submittable, 16 tests, 57 compiles  [2.1s]
  opinfo_mT                0 candidate(s), 0 submittable, 16 tests, 57 compiles  [3.1s]
  opinfo_mH                0 candidate(s), 0 submittable, 16 tests, 57 compiles  [2.5s]
  opinfo_t                 0 candidate(s), 0 submittable, 16 tests, 57 compiles  [3.3s]
  opinfo_abs               0 candidate(s), 0 submittable, 16 tests, 57 compiles  [2.7s]
  opinfo_acos              0 candidate(s), 0 submittable, 16 tests, 57 compiles  [3.0s]
  opinfo_acosh             0 candidate(s), 0 submittable, 16 tests, 57 compiles  [2.5s]
  opinfo_add               0 candidate(s), 0 submittable, 16 tests, 57 compiles  [4.1s]
  opinfo_item              0 candidate(s), 0 submittable, 16 tests, 0 compiles  [2.3s]
  opinfo_cauchy            0 candidate(s), 0 submittable, 16 tests, 0 compiles  [2.3s]
  opinfo_exponential       0 candidate(s), 0 submittable, 16 tests, 0 compiles  [2.4s]
  opinfo_geometric         0 candidate(s), 0 submittable, 16 tests, 0 compiles  [2.3s]
  opinfo_log_normal        0 candidate(s), 0 submittable, 16 tests, 0 compiles  [2.7s]
  opinfo_normal_in_place   0 candidate(s), 0 submittable, 16 tests, 0 compiles  [2.3s]
  opinfo_uniform           0 candidate(s), 0 submittable, 16 tests, 0 compiles  [2.4s]
  opinfo_clamp_max         0 candidate(s), 0 submittable, 16 tests, 57 compiles  [4.2s]
  opinfo_clamp_min         0 candidate(s), 0 submittable, 16 tests, 65 compiles  [16.5s]
  opinfo_mul               0 candidate(s), 0 submittable, 16 tests, 65 compiles  [10.3s]
  opinfo_sub               0 candidate(s), 0 submittable, 16 tests, 57 compiles  [14.0s]
  opinfo_addmm             0 candidate(s), 0 submittable, 16 tests, 59 compiles  [4.4s]
  opinfo_addmm_decomposed  0 candidate(s), 0 submittable, 16 tests, 57 compiles  [4.5s]
  opinfo_addmv             0 candidate(s), 0 submittable, 16 tests, 57 compiles  [5.7s]
  opinfo_addbmm            0 candidate(s), 0 submittable, 16 tests, 57 compiles  [3.7s]
  opinfo_baddbmm           0 candidate(s), 0 submittable, 16 tests, 57 compiles  [3.3s]
  opinfo_dot               0 candidate(s), 0 submittable, 16 tests, 57 compiles  [3.9s]
  opinfo_vdot              0 candidate(s), 0 submittable, 16 tests, 57 compiles  [3.5s]
  opinfo_bmm               0 candidate(s), 0 submittable, 16 tests, 57 compiles  [6.1s]
  opinfo_mv                0 candidate(s), 0 submittable, 16 tests, 57 compiles  [8.8s]
  opinfo_addr              0 candidate(s), 0 submittable, 16 tests, 57 compiles  [18.5s]
  opinfo_addcmul           0 candidate(s), 0 submittable, 16 tests, 57 compiles  [19.6s]
  opinfo_addcdiv           0 candidate(s), 0 submittable, 16 tests, 57 compiles  [14.3s]
  opinfo_asin              0 candidate(s), 0 submittable, 16 tests, 57 compiles  [7.1s]
  opinfo_asinh             0 candidate(s), 0 submittable, 16 tests, 57 compiles  [8.2s]
  opinfo_atan              0 candidate(s), 0 submittable, 16 tests, 57 compiles  [7.2s]
  opinfo_atan2             0 candidate(s), 0 submittable, 16 tests, 57 compiles  [18.3s]
  opinfo_atanh             0 candidate(s), 0 submittable, 16 tests, 57 compiles  [7.2s]
  opinfo_allclose          0 candidate(s), 0 submittable, 16 tests, 5 compiles  [5.9s]
  opinfo_broadcast_tensors 0 candidate(s), 0 submittable, 16 tests, 57 compiles  [8.3s]
  opinfo_block_diag        0 candidate(s), 0 submittable, 16 tests, 57 compiles  [20.3s]
  opinfo_combinations      0 candidate(s), 0 submittable, 16 tests, 57 compiles  [13.4s]
  opinfo_cartesian_prod    0 candidate(s), 0 submittable, 16 tests, 57 compiles  [18.1s]
  opinfo_ceil              0 candidate(s), 0 submittable, 16 tests, 57 compiles  [6.8s]
  opinfo_cholesky_inverse  0 candidate(s), 0 submittable, 9 tests, 31 compiles  [4.3s]
  opinfo_cholesky_solve    0 candidate(s), 0 submittable, 9 tests, 31 compiles  [4.1s]
  opinfo_unsafe_chunk      0 candidate(s), 0 submittable, 16 tests, 57 compiles  [9.2s]
  opinfo_clone             0 candidate(s), 0 submittable, 16 tests, 57 compiles  [7.0s]
  opinfo_sum_to_size       0 candidate(s), 0 submittable, 16 tests, 57 compiles  [11.1s]
  opinfo_conj_physical     0 candidate(s), 0 submittable, 16 tests, 57 compiles  [4.6s]
C:\Users\clm\AppData\Local\Python\pythoncore-3.14-64\Lib\site-packages\torch\_inductor\lowering.py:2774: UserWarning: Torchinductor does not support code generation for complex operators. Performance may be worse than eager.
  warnings.warn(
  opinfo_complex           0 candidate(s), 0 submittable, 14 tests, 50 compiles  [6.7s]
  opinfo_copysign          0 candidate(s), 0 submittable, 16 tests, 59 compiles  [19.2s]
  opinfo_corrcoef          0 candidate(s), 0 submittable, 16 tests, 0 compiles  [3.9s]
  opinfo_cos               0 candidate(s), 0 submittable, 16 tests, 57 compiles  [7.9s]
  opinfo_cosh              0 candidate(s), 0 submittable, 16 tests, 57 compiles  [7.4s]
  opinfo_cov               0 candidate(s), 0 submittable, 16 tests, 0 compiles  [3.7s]
  opinfo_cross             0 candidate(s), 0 submittable, 16 tests, 57 compiles  [14.4s]
  opinfo_cumsum            0 candidate(s), 0 submittable, 16 tests, 57 compiles  [8.3s]
  opinfo_cumprod           0 candidate(s), 0 submittable, 16 tests, 57 compiles  [8.4s]
  opinfo_cummax            0 candidate(s), 0 submittable, 16 tests, 57 compiles  [7.8s]
  opinfo_cummin            0 candidate(s), 0 submittable, 16 tests, 57 compiles  [7.3s]
  opinfo_deg2rad           0 candidate(s), 0 submittable, 16 tests, 57 compiles  [7.9s]
  opinfo_div_no_rounding_mode 0 candidate(s), 0 submittable, 16 tests, 57 compiles  [19.3s]
  opinfo_div_trunc_rounding 0 candidate(s), 0 submittable, 16 tests, 65 compiles  [14.0s]
  opinfo_div_floor_rounding 0 candidate(s), 0 submittable, 16 tests, 57 compiles  [22.8s]
  opinfo_true_divide       0 candidate(s), 0 submittable, 16 tests, 65 compiles  [18.6s]
  opinfo_equal             0 candidate(s), 0 submittable, 16 tests, 0 compiles  [4.1s]
  opinfo_exp               0 candidate(s), 0 submittable, 16 tests, 57 compiles  [7.7s]
  opinfo_expand_copy       0 candidate(s), 0 submittable, 16 tests, 57 compiles  [14.8s]
C:\Users\clm\AppData\Local\Python\pythoncore-3.14-64\Lib\site-packages\torch\_inductor\lowering.py:2487: FutureWarning: `torch._prims_common.check` is deprecated and will be removed in the future. Please use `torch._check*` functions instead.
  check(
C:\Users\clm\AppData\Local\Python\pythoncore-3.14-64\Lib\site-packages\torch\_inductor\lowering.py:2487: FutureWarning: `torch._prims_common.check` is deprecated and will be removed in the future. Please use `torch._check*` functions instead.
  check(
C:\Users\clm\AppData\Local\Python\pythoncore-3.14-64\Lib\site-packages\torch\_inductor\lowering.py:2487: FutureWarning: `torch._prims_common.check` is deprecated and will be removed in the future. Please use `torch._check*` functions instead.
  check(
C:\Users\clm\AppData\Local\Python\pythoncore-3.14-64\Lib\site-packages\torch\_inductor\lowering.py:2487: FutureWarning: `torch._prims_common.check` is deprecated and will be removed in the future. Please use `torch._check*` functions instead.
  check(
C:\Users\clm\AppData\Local\Python\pythoncore-3.14-64\Lib\site-packages\torch\_inductor\lowering.py:2487: FutureWarning: `torch._prims_common.check` is deprecated and will be removed in the future. Please use `torch._check*` functions instead.
  check(
C:\Users\clm\AppData\Local\Python\pythoncore-3.14-64\Lib\site-packages\torch\_inductor\lowering.py:2487: FutureWarning: `torch._prims_common.check` is deprecated and will be removed in the future. Please use `torch._check*` functions instead.
  check(
C:\Users\clm\AppData\Local\Python\pythoncore-3.14-64\Lib\site-packages\torch\_inductor\lowering.py:2487: FutureWarning: `torch._prims_common.check` is deprecated and will be removed in the future. Please use `torch._check*` functions instead.
  check(
C:\Users\clm\AppData\Local\Python\pythoncore-3.14-64\Lib\site-packages\torch\_inductor\lowering.py:2487: FutureWarning: `torch._prims_common.check` is deprecated and will be removed in the future. Please use `torch._check*` functions instead.
  check(
C:\Users\clm\AppData\Local\Python\pythoncore-3.14-64\Lib\site-packages\torch\_inductor\lowering.py:2487: FutureWarning: `torch._prims_common.check` is deprecated and will be removed in the future. Please use `torch._check*` functions instead.
  check(
C:\Users\clm\AppData\Local\Python\pythoncore-3.14-64\Lib\site-packages\torch\_inductor\lowering.py:2487: FutureWarning: `torch._prims_common.check` is deprecated and will be removed in the future. Please use `torch._check*` functions instead.
  check(
C:\Users\clm\AppData\Local\Python\pythoncore-3.14-64\Lib\site-packages\torch\_inductor\lowering.py:2487: FutureWarning: `torch._prims_common.check` is deprecated and will be removed in the future. Please use `torch._check*` functions instead.
  check(
C:\Users\clm\AppData\Local\Python\pythoncore-3.14-64\Lib\site-packages\torch\_inductor\lowering.py:2487: FutureWarning: `torch._prims_common.check` is deprecated and will be removed in the future. Please use `torch._check*` functions instead.
  check(
C:\Users\clm\AppData\Local\Python\pythoncore-3.14-64\Lib\site-packages\torch\_inductor\lowering.py:2487: FutureWarning: `torch._prims_common.check` is deprecated and will be removed in the future. Please use `torch._check*` functions instead.
  check(
C:\Users\clm\AppData\Local\Python\pythoncore-3.14-64\Lib\site-packages\torch\_inductor\lowering.py:2487: FutureWarning: `torch._prims_common.check` is deprecated and will be removed in the future. Please use `torch._check*` functions instead.
  check(
C:\Users\clm\AppData\Local\Python\pythoncore-3.14-64\Lib\site-packages\torch\_inductor\lowering.py:2487: FutureWarning: `torch._prims_common.check` is deprecated and will be removed in the future. Please use `torch._check*` functions instead.
  check(
C:\Users\clm\AppData\Local\Python\pythoncore-3.14-64\Lib\site-packages\torch\_inductor\lowering.py:2487: FutureWarning: `torch._prims_common.check` is deprecated and will be removed in the future. Please use `torch._check*` functions instead.
  check(
C:\Users\clm\AppData\Local\Python\pythoncore-3.14-64\Lib\site-packages\torch\_inductor\lowering.py:2487: FutureWarning: `torch._prims_common.check` is deprecated and will be removed in the future. Please use `torch._check*` functions instead.
  check(
C:\Users\clm\AppData\Local\Python\pythoncore-3.14-64\Lib\site-packages\torch\_inductor\lowering.py:2487: FutureWarning: `torch._prims_common.check` is deprecated and will be removed in the future. Please use `torch._check*` functions instead.
  check(
C:\Users\clm\AppData\Local\Python\pythoncore-3.14-64\Lib\site-packages\torch\_inductor\lowering.py:2487: FutureWarning: `torch._prims_common.check` is deprecated and will be removed in the future. Please use `torch._check*` functions instead.
  check(
C:\Users\clm\AppData\Local\Python\pythoncore-3.14-64\Lib\site-packages\torch\_inductor\lowering.py:2487: FutureWarning: `torch._prims_common.check` is deprecated and will be removed in the future. Please use `torch._check*` functions instead.
  check(
C:\Users\clm\AppData\Local\Python\pythoncore-3.14-64\Lib\site-packages\torch\_inductor\lowering.py:2487: FutureWarning: `torch._prims_common.check` is deprecated and will be removed in the future. Please use `torch._check*` functions instead.
  check(
C:\Users\clm\AppData\Local\Python\pythoncore-3.14-64\Lib\site-packages\torch\_inductor\lowering.py:2487: FutureWarning: `torch._prims_common.check` is deprecated and will be removed in the future. Please use `torch._check*` functions instead.
  check(
C:\Users\clm\AppData\Local\Python\pythoncore-3.14-64\Lib\site-packages\torch\_inductor\lowering.py:2487: FutureWarning: `torch._prims_common.check` is deprecated and will be removed in the future. Please use `torch._check*` functions instead.
  check(
C:\Users\clm\AppData\Local\Python\pythoncore-3.14-64\Lib\site-packages\torch\_inductor\lowering.py:2487: FutureWarning: `torch._prims_common.check` is deprecated and will be removed in the future. Please use `torch._check*` functions instead.
  check(
C:\Users\clm\AppData\Local\Python\pythoncore-3.14-64\Lib\site-packages\torch\_inductor\lowering.py:2487: FutureWarning: `torch._prims_common.check` is deprecated and will be removed in the future. Please use `torch._check*` functions instead.
  check(
C:\Users\clm\AppData\Local\Python\pythoncore-3.14-64\Lib\site-packages\torch\_inductor\lowering.py:2487: FutureWarning: `torch._prims_common.check` is deprecated and will be removed in the future. Please use `torch._check*` functions instead.
  check(
C:\Users\clm\AppData\Local\Python\pythoncore-3.14-64\Lib\site-packages\torch\_inductor\lowering.py:2487: FutureWarning: `torch._prims_common.check` is deprecated and will be removed in the future. Please use `torch._check*` functions instead.
  check(
C:\Users\clm\AppData\Local\Python\pythoncore-3.14-64\Lib\site-packages\torch\_inductor\lowering.py:2487: FutureWarning: `torch._prims_common.check` is deprecated and will be removed in the future. Please use `torch._check*` functions instead.
  check(
C:\Users\clm\AppData\Local\Python\pythoncore-3.14-64\Lib\site-packages\torch\_inductor\lowering.py:2487: FutureWarning: `torch._prims_common.check` is deprecated and will be removed in the future. Please use `torch._check*` functions instead.
  check(
C:\Users\clm\AppData\Local\Python\pythoncore-3.14-64\Lib\site-packages\torch\_inductor\lowering.py:2487: FutureWarning: `torch._prims_common.check` is deprecated and will be removed in the future. Please use `torch._check*` functions instead.
  check(
C:\Users\clm\AppData\Local\Python\pythoncore-3.14-64\Lib\site-packages\torch\_inductor\lowering.py:2487: FutureWarning: `torch._prims_common.check` is deprecated and will be removed in the future. Please use `torch._check*` functions instead.
  check(
C:\Users\clm\AppData\Local\Python\pythoncore-3.14-64\Lib\site-packages\torch\_inductor\lowering.py:2487: FutureWarning: `torch._prims_common.check` is deprecated and will be removed in the future. Please use `torch._check*` functions instead.
  check(
C:\Users\clm\AppData\Local\Python\pythoncore-3.14-64\Lib\site-packages\torch\_inductor\lowering.py:2487: FutureWarning: `torch._prims_common.check` is deprecated and will be removed in the future. Please use `torch._check*` functions instead.
  check(
C:\Users\clm\AppData\Local\Python\pythoncore-3.14-64\Lib\site-packages\torch\_inductor\lowering.py:2487: FutureWarning: `torch._prims_common.check` is deprecated and will be removed in the future. Please use `torch._check*` functions instead.
  check(
C:\Users\clm\AppData\Local\Python\pythoncore-3.14-64\Lib\site-packages\torch\_inductor\lowering.py:2487: FutureWarning: `torch._prims_common.check` is deprecated and will be removed in the future. Please use `torch._check*` functions instead.
  check(
C:\Users\clm\AppData\Local\Python\pythoncore-3.14-64\Lib\site-packages\torch\_inductor\lowering.py:2487: FutureWarning: `torch._prims_common.check` is deprecated and will be removed in the future. Please use `torch._check*` functions instead.
  check(
C:\Users\clm\AppData\Local\Python\pythoncore-3.14-64\Lib\site-packages\torch\_inductor\lowering.py:2487: FutureWarning: `torch._prims_common.check` is deprecated and will be removed in the future. Please use `torch._check*` functions instead.
  check(
C:\Users\clm\AppData\Local\Python\pythoncore-3.14-64\Lib\site-packages\torch\_inductor\lowering.py:2487: FutureWarning: `torch._prims_common.check` is deprecated and will be removed in the future. Please use `torch._check*` functions instead.
  check(
C:\Users\clm\AppData\Local\Python\pythoncore-3.14-64\Lib\site-packages\torch\_inductor\lowering.py:2487: FutureWarning: `torch._prims_common.check` is deprecated and will be removed in the future. Please use `torch._check*` functions instead.
  check(
C:\Users\clm\AppData\Local\Python\pythoncore-3.14-64\Lib\site-packages\torch\_inductor\lowering.py:2487: FutureWarning: `torch._prims_common.check` is deprecated and will be removed in the future. Please use `torch._check*` functions instead.
  check(
C:\Users\clm\AppData\Local\Python\pythoncore-3.14-64\Lib\site-packages\torch\_inductor\lowering.py:2487: FutureWarning: `torch._prims_common.check` is deprecated and will be removed in the future. Please use `torch._check*` functions instead.
  check(
C:\Users\clm\AppData\Local\Python\pythoncore-3.14-64\Lib\site-packages\torch\_inductor\lowering.py:2487: FutureWarning: `torch._prims_common.check` is deprecated and will be removed in the future. Please use `torch._check*` functions instead.
  check(
C:\Users\clm\AppData\Local\Python\pythoncore-3.14-64\Lib\site-packages\torch\_inductor\lowering.py:2487: FutureWarning: `torch._prims_common.check` is deprecated and will be removed in the future. Please use `torch._check*` functions instead.
  check(
  opinfo_diag              0 candidate(s), 0 submittable, 16 tests, 57 compiles  [7.7s]
  opinfo_diag_embed        0 candidate(s), 0 submittable, 16 tests, 57 compiles  [23.3s]
C:\Users\clm\AppData\Local\Python\pythoncore-3.14-64\Lib\site-packages\torch\_inductor\lowering.py:2487: FutureWarning: `torch._prims_common.check` is deprecated and will be removed in the future. Please use `torch._check*` functions instead.
  check(
C:\Users\clm\AppData\Local\Python\pythoncore-3.14-64\Lib\site-packages\torch\_inductor\lowering.py:2487: FutureWarning: `torch._prims_common.check` is deprecated and will be removed in the future. Please use `torch._check*` functions instead.
  check(
C:\Users\clm\AppData\Local\Python\pythoncore-3.14-64\Lib\site-packages\torch\_inductor\lowering.py:2487: FutureWarning: `torch._prims_common.check` is deprecated and will be removed in the future. Please use `torch._check*` functions instead.
  check(
C:\Users\clm\AppData\Local\Python\pythoncore-3.14-64\Lib\site-packages\torch\_inductor\lowering.py:2487: FutureWarning: `torch._prims_common.check` is deprecated and will be removed in the future. Please use `torch._check*` functions instead.
  check(
C:\Users\clm\AppData\Local\Python\pythoncore-3.14-64\Lib\site-packages\torch\_inductor\lowering.py:2487: FutureWarning: `torch._prims_common.check` is deprecated and will be removed in the future. Please use `torch._check*` functions instead.
  check(
C:\Users\clm\AppData\Local\Python\pythoncore-3.14-64\Lib\site-packages\torch\_inductor\lowering.py:2487: FutureWarning: `torch._prims_common.check` is deprecated and will be removed in the future. Please use `torch._check*` functions instead.
  check(
C:\Users\clm\AppData\Local\Python\pythoncore-3.14-64\Lib\site-packages\torch\_inductor\lowering.py:2487: FutureWarning: `torch._prims_common.check` is deprecated and will be removed in the future. Please use `torch._check*` functions instead.
  check(
C:\Users\clm\AppData\Local\Python\pythoncore-3.14-64\Lib\site-packages\torch\_inductor\lowering.py:2487: FutureWarning: `torch._prims_common.check` is deprecated and will be removed in the future. Please use `torch._check*` functions instead.
  check(
C:\Users\clm\AppData\Local\Python\pythoncore-3.14-64\Lib\site-packages\torch\_inductor\lowering.py:2487: FutureWarning: `torch._prims_common.check` is deprecated and will be removed in the future. Please use `torch._check*` functions instead.
  check(
C:\Users\clm\AppData\Local\Python\pythoncore-3.14-64\Lib\site-packages\torch\_inductor\lowering.py:2487: FutureWarning: `torch._prims_common.check` is deprecated and will be removed in the future. Please use `torch._check*` functions instead.
  check(
C:\Users\clm\AppData\Local\Python\pythoncore-3.14-64\Lib\site-packages\torch\_inductor\lowering.py:2487: FutureWarning: `torch._prims_common.check` is deprecated and will be removed in the future. Please use `torch._check*` functions instead.
  check(
C:\Users\clm\AppData\Local\Python\pythoncore-3.14-64\Lib\site-packages\torch\_inductor\lowering.py:2487: FutureWarning: `torch._prims_common.check` is deprecated and will be removed in the future. Please use `torch._check*` functions instead.
  check(
C:\Users\clm\AppData\Local\Python\pythoncore-3.14-64\Lib\site-packages\torch\_inductor\lowering.py:2487: FutureWarning: `torch._prims_common.check` is deprecated and will be removed in the future. Please use `torch._check*` functions instead.
  check(
C:\Users\clm\AppData\Local\Python\pythoncore-3.14-64\Lib\site-packages\torch\_inductor\lowering.py:2487: FutureWarning: `torch._prims_common.check` is deprecated and will be removed in the future. Please use `torch._check*` functions instead.
  check(
C:\Users\clm\AppData\Local\Python\pythoncore-3.14-64\Lib\site-packages\torch\_inductor\lowering.py:2487: FutureWarning: `torch._prims_common.check` is deprecated and will be removed in the future. Please use `torch._check*` functions instead.
  check(
C:\Users\clm\AppData\Local\Python\pythoncore-3.14-64\Lib\site-packages\torch\_inductor\lowering.py:2487: FutureWarning: `torch._prims_common.check` is deprecated and will be removed in the future. Please use `torch._check*` functions instead.
  check(
C:\Users\clm\AppData\Local\Python\pythoncore-3.14-64\Lib\site-packages\torch\_inductor\lowering.py:2487: FutureWarning: `torch._prims_common.check` is deprecated and will be removed in the future. Please use `torch._check*` functions instead.
  check(
C:\Users\clm\AppData\Local\Python\pythoncore-3.14-64\Lib\site-packages\torch\_inductor\lowering.py:2487: FutureWarning: `torch._prims_common.check` is deprecated and will be removed in the future. Please use `torch._check*` functions instead.
  check(
C:\Users\clm\AppData\Local\Python\pythoncore-3.14-64\Lib\site-packages\torch\_inductor\lowering.py:2487: FutureWarning: `torch._prims_common.check` is deprecated and will be removed in the future. Please use `torch._check*` functions instead.
  check(
C:\Users\clm\AppData\Local\Python\pythoncore-3.14-64\Lib\site-packages\torch\_inductor\lowering.py:2487: FutureWarning: `torch._prims_common.check` is deprecated and will be removed in the future. Please use `torch._check*` functions instead.
  check(
C:\Users\clm\AppData\Local\Python\pythoncore-3.14-64\Lib\site-packages\torch\_inductor\lowering.py:2487: FutureWarning: `torch._prims_common.check` is deprecated and will be removed in the future. Please use `torch._check*` functions instead.
  check(
C:\Users\clm\AppData\Local\Python\pythoncore-3.14-64\Lib\site-packages\torch\_inductor\lowering.py:2487: FutureWarning: `torch._prims_common.check` is deprecated and will be removed in the future. Please use `torch._check*` functions instead.
  check(
C:\Users\clm\AppData\Local\Python\pythoncore-3.14-64\Lib\site-packages\torch\_inductor\lowering.py:2487: FutureWarning: `torch._prims_common.check` is deprecated and will be removed in the future. Please use `torch._check*` functions instead.
  check(
C:\Users\clm\AppData\Local\Python\pythoncore-3.14-64\Lib\site-packages\torch\_inductor\lowering.py:2487: FutureWarning: `torch._prims_common.check` is deprecated and will be removed in the future. Please use `torch._check*` functions instead.
  check(
C:\Users\clm\AppData\Local\Python\pythoncore-3.14-64\Lib\site-packages\torch\_inductor\lowering.py:2487: FutureWarning: `torch._prims_common.check` is deprecated and will be removed in the future. Please use `torch._check*` functions instead.
  check(
C:\Users\clm\AppData\Local\Python\pythoncore-3.14-64\Lib\site-packages\torch\_inductor\lowering.py:2487: FutureWarning: `torch._prims_common.check` is deprecated and will be removed in the future. Please use `torch._check*` functions instead.
  check(
C:\Users\clm\AppData\Local\Python\pythoncore-3.14-64\Lib\site-packages\torch\_inductor\lowering.py:2487: FutureWarning: `torch._prims_common.check` is deprecated and will be removed in the future. Please use `torch._check*` functions instead.
  check(
C:\Users\clm\AppData\Local\Python\pythoncore-3.14-64\Lib\site-packages\torch\_inductor\lowering.py:2487: FutureWarning: `torch._prims_common.check` is deprecated and will be removed in the future. Please use `torch._check*` functions instead.
  check(
C:\Users\clm\AppData\Local\Python\pythoncore-3.14-64\Lib\site-packages\torch\_inductor\lowering.py:2487: FutureWarning: `torch._prims_common.check` is deprecated and will be removed in the future. Please use `torch._check*` functions instead.
  check(
C:\Users\clm\AppData\Local\Python\pythoncore-3.14-64\Lib\site-packages\torch\_inductor\lowering.py:2487: FutureWarning: `torch._prims_common.check` is deprecated and will be removed in the future. Please use `torch._check*` functions instead.
  check(
C:\Users\clm\AppData\Local\Python\pythoncore-3.14-64\Lib\site-packages\torch\_inductor\lowering.py:2487: FutureWarning: `torch._prims_common.check` is deprecated and will be removed in the future. Please use `torch._check*` functions instead.
  check(
C:\Users\clm\AppData\Local\Python\pythoncore-3.14-64\Lib\site-packages\torch\_inductor\lowering.py:2487: FutureWarning: `torch._prims_common.check` is deprecated and will be removed in the future. Please use `torch._check*` functions instead.
  check(
C:\Users\clm\AppData\Local\Python\pythoncore-3.14-64\Lib\site-packages\torch\_inductor\lowering.py:2487: FutureWarning: `torch._prims_common.check` is deprecated and will be removed in the future. Please use `torch._check*` functions instead.
  check(
C:\Users\clm\AppData\Local\Python\pythoncore-3.14-64\Lib\site-packages\torch\_inductor\lowering.py:2487: FutureWarning: `torch._prims_common.check` is deprecated and will be removed in the future. Please use `torch._check*` functions instead.
  check(
C:\Users\clm\AppData\Local\Python\pythoncore-3.14-64\Lib\site-packages\torch\_inductor\lowering.py:2487: FutureWarning: `torch._prims_common.check` is deprecated and will be removed in the future. Please use `torch._check*` functions instead.
  check(
C:\Users\clm\AppData\Local\Python\pythoncore-3.14-64\Lib\site-packages\torch\_inductor\lowering.py:2487: FutureWarning: `torch._prims_common.check` is deprecated and will be removed in the future. Please use `torch._check*` functions instead.
  check(
C:\Users\clm\AppData\Local\Python\pythoncore-3.14-64\Lib\site-packages\torch\_inductor\lowering.py:2487: FutureWarning: `torch._prims_common.check` is deprecated and will be removed in the future. Please use `torch._check*` functions instead.
  check(
C:\Users\clm\AppData\Local\Python\pythoncore-3.14-64\Lib\site-packages\torch\_inductor\lowering.py:2487: FutureWarning: `torch._prims_common.check` is deprecated and will be removed in the future. Please use `torch._check*` functions instead.
  check(
C:\Users\clm\AppData\Local\Python\pythoncore-3.14-64\Lib\site-packages\torch\_inductor\lowering.py:2487: FutureWarning: `torch._prims_common.check` is deprecated and will be removed in the future. Please use `torch._check*` functions instead.
  check(
C:\Users\clm\AppData\Local\Python\pythoncore-3.14-64\Lib\site-packages\torch\_inductor\lowering.py:2487: FutureWarning: `torch._prims_common.check` is deprecated and will be removed in the future. Please use `torch._check*` functions instead.
  check(
C:\Users\clm\AppData\Local\Python\pythoncore-3.14-64\Lib\site-packages\torch\_inductor\lowering.py:2487: FutureWarning: `torch._prims_common.check` is deprecated and will be removed in the future. Please use `torch._check*` functions instead.
  check(
C:\Users\clm\AppData\Local\Python\pythoncore-3.14-64\Lib\site-packages\torch\_inductor\lowering.py:2487: FutureWarning: `torch._prims_common.check` is deprecated and will be removed in the future. Please use `torch._check*` functions instead.
  check(
C:\Users\clm\AppData\Local\Python\pythoncore-3.14-64\Lib\site-packages\torch\_inductor\lowering.py:2487: FutureWarning: `torch._prims_common.check` is deprecated and will be removed in the future. Please use `torch._check*` functions instead.
  check(
  opinfo_diagonal_copy     0 candidate(s), 0 submittable, 16 tests, 57 compiles  [19.2s]
  opinfo_alias_copy        0 candidate(s), 0 submittable, 16 tests, 57 compiles  [6.8s]
  opinfo_eq                0 candidate(s), 0 submittable, 16 tests, 57 compiles  [8.5s]
  opinfo_fmax              0 candidate(s), 0 submittable, 16 tests, 65 compiles  [18.4s]
  opinfo_fmin              0 candidate(s), 0 submittable, 16 tests, 65 compiles  [18.0s]
  opinfo_fmod              0 candidate(s), 0 submittable, 16 tests, 65 compiles  [12.5s]
  opinfo_remainder         0 candidate(s), 0 submittable, 16 tests, 57 compiles  [19.9s]
  opinfo_frac              0 candidate(s), 0 submittable, 16 tests, 57 compiles  [9.9s]
  opinfo_stft              0 candidate(s), 0 submittable, 15 tests, 50 compiles  [29.7s]
  opinfo_floor             0 candidate(s), 0 submittable, 16 tests, 57 compiles  [8.0s]
  opinfo_flip              0 candidate(s), 0 submittable, 16 tests, 57 compiles  [7.1s]
  opinfo_fliplr            0 candidate(s), 0 submittable, 16 tests, 57 compiles  [7.6s]
  opinfo_flipud            0 candidate(s), 0 submittable, 16 tests, 57 compiles  [10.1s]
  opinfo_i0                0 candidate(s), 0 submittable, 16 tests, 57 compiles  [7.9s]
C:\Users\clm\AppData\Local\Python\pythoncore-3.14-64\Lib\site-packages\torch\autograd\graph.py:1072: UserWarning: Error detected in struct torch::autograd::NotImplemented. Traceback of forward call that caused the error:
  File "D:\wsl\personal\dr\paper\toxic_compile\plan\tcc\seeds.py", line 246, in fn
    return _op(*args[:_n], *_extra, **_kw)
 (Triggered internally at C:\actions-runner\_work\pytorch\pytorch\torch\csrc\autograd\python_anomaly_mode.cpp:135.)
  return Variable._execution_engine.run_backward(  # Calls into the C++ engine to run the backward pass
C:\Users\clm\AppData\Local\Python\pythoncore-3.14-64\Lib\site-packages\torch\autograd\graph.py:1072: UserWarning: Error detected in struct torch::autograd::NotImplemented. Traceback of forward call that caused the error:
  File "D:\wsl\personal\dr\paper\toxic_compile\plan\tcc\seeds.py", line 246, in fn
    return _op(*args[:_n], *_extra, **_kw)
 (Triggered internally at C:\actions-runner\_work\pytorch\pytorch\torch\csrc\autograd\python_anomaly_mode.cpp:135.)
  return Variable._execution_engine.run_backward(  # Calls into the C++ engine to run the backward pass
C:\Users\clm\AppData\Local\Python\pythoncore-3.14-64\Lib\site-packages\torch\autograd\graph.py:1072: UserWarning: Error detected in struct torch::autograd::NotImplemented. Traceback of forward call that caused the error:
  File "D:\wsl\personal\dr\paper\toxic_compile\plan\tcc\seeds.py", line 246, in fn
    return _op(*args[:_n], *_extra, **_kw)
 (Triggered internally at C:\actions-runner\_work\pytorch\pytorch\torch\csrc\autograd\python_anomaly_mode.cpp:135.)
  return Variable._execution_engine.run_backward(  # Calls into the C++ engine to run the backward pass
C:\Users\clm\AppData\Local\Python\pythoncore-3.14-64\Lib\site-packages\torch\autograd\graph.py:1072: UserWarning: Error detected in struct torch::autograd::NotImplemented. Traceback of forward call that caused the error:
  File "D:\wsl\personal\dr\paper\toxic_compile\plan\tcc\seeds.py", line 246, in fn
    return _op(*args[:_n], *_extra, **_kw)
 (Triggered internally at C:\actions-runner\_work\pytorch\pytorch\torch\csrc\autograd\python_anomaly_mode.cpp:135.)
  return Variable._execution_engine.run_backward(  # Calls into the C++ engine to run the backward pass
C:\Users\clm\AppData\Local\Python\pythoncore-3.14-64\Lib\site-packages\torch\autograd\graph.py:1072: UserWarning: Error detected in struct torch::autograd::NotImplemented. Traceback of forward call that caused the error:
  File "D:\wsl\personal\dr\paper\toxic_compile\plan\tcc\seeds.py", line 246, in fn
    return _op(*args[:_n], *_extra, **_kw)
 (Triggered internally at C:\actions-runner\_work\pytorch\pytorch\torch\csrc\autograd\python_anomaly_mode.cpp:135.)
  return Variable._execution_engine.run_backward(  # Calls into the C++ engine to run the backward pass
C:\Users\clm\AppData\Local\Python\pythoncore-3.14-64\Lib\site-packages\torch\autograd\graph.py:1072: UserWarning: Error detected in struct torch::autograd::NotImplemented. Traceback of forward call that caused the error:
  File "D:\wsl\personal\dr\paper\toxic_compile\plan\tcc\seeds.py", line 246, in fn
    return _op(*args[:_n], *_extra, **_kw)
 (Triggered internally at C:\actions-runner\_work\pytorch\pytorch\torch\csrc\autograd\python_anomaly_mode.cpp:135.)
  return Variable._execution_engine.run_backward(  # Calls into the C++ engine to run the backward pass
  opinfo_floor_divide      0 candidate(s), 0 submittable, 16 tests, 64 compiles  [22.1s]
  opinfo_frexp             0 candidate(s), 0 submittable, 16 tests, 57 compiles  [7.7s]
  opinfo_log1p             0 candidate(s), 0 submittable, 16 tests, 57 compiles  [7.3s]
  opinfo_ge                0 candidate(s), 0 submittable, 16 tests, 57 compiles  [20.4s]
  opinfo_gt                0 candidate(s), 0 submittable, 16 tests, 57 compiles  [8.8s]
  opinfo_gradient          0 candidate(s), 0 submittable, 16 tests, 57 compiles  [58.5s]
  opinfo_isin              0 candidate(s), 0 submittable, 16 tests, 57 compiles  [16.8s]
  opinfo_le                0 candidate(s), 0 submittable, 16 tests, 65 compiles  [8.2s]
  opinfo_log               0 candidate(s), 0 submittable, 16 tests, 57 compiles  [6.8s]
  opinfo_log10             0 candidate(s), 0 submittable, 16 tests, 57 compiles  [7.9s]
  opinfo_log2              0 candidate(s), 0 submittable, 16 tests, 57 compiles  [13.4s]
  opinfo_ldexp             0 candidate(s), 0 submittable, 16 tests, 57 compiles  [19.7s]
  opinfo_logaddexp         0 candidate(s), 0 submittable, 16 tests, 57 compiles  [27.5s]
  opinfo_logaddexp2        0 candidate(s), 0 submittable, 16 tests, 57 compiles  [15.7s]
  opinfo_logical_not       0 candidate(s), 0 submittable, 16 tests, 57 compiles  [7.6s]
  opinfo_lt                0 candidate(s), 0 submittable, 16 tests, 57 compiles  [20.9s]
  opinfo_lu_unpack         0 candidate(s), 0 submittable, 16 tests, 57 compiles  [7.2s]
  opinfo_lu                0 candidate(s), 0 submittable, 16 tests, 56 compiles  [9.2s]
  opinfo_lu_solve          0 candidate(s), 0 submittable, 16 tests, 57 compiles  [8.3s]
  opinfo_masked_scatter    0 candidate(s), 0 submittable, 16 tests, 57 compiles  [8.2s]
  opinfo_masked_select     0 candidate(s), 0 submittable, 16 tests, 0 compiles  [4.6s]
  opinfo_matrix_exp        0 candidate(s), 0 submittable, 16 tests, 57 compiles  [7.3s]
  opinfo_matmul            0 candidate(s), 0 submittable, 16 tests, 57 compiles  [22.2s]
  opinfo_var_mean          0 candidate(s), 0 submittable, 16 tests, 59 compiles  [25.5s]
  opinfo_var_mean_unbiased 0 candidate(s), 0 submittable, 16 tests, 57 compiles  [10.0s]
  opinfo_std_mean          0 candidate(s), 0 submittable, 16 tests, 57 compiles  [22.7s]
  opinfo_std_mean_unbiased 0 candidate(s), 0 submittable, 16 tests, 57 compiles  [17.1s]
  opinfo_meshgrid_variadic_tensors 0 candidate(s), 0 submittable, 16 tests, 65 compiles  [16.1s]
  opinfo_quantile          0 candidate(s), 0 submittable, 9 tests, 33 compiles  [34.0s]
  opinfo_nanquantile       0 candidate(s), 0 submittable, 9 tests, 33 compiles  [25.4s]
  opinfo_maximum           0 candidate(s), 0 submittable, 16 tests, 57 compiles  [9.2s]
  opinfo_minimum           0 candidate(s), 0 submittable, 16 tests, 65 compiles  [16.6s]
  opinfo_logical_and       0 candidate(s), 0 submittable, 16 tests, 57 compiles  [21.9s]
  opinfo_logical_or        0 candidate(s), 0 submittable, 16 tests, 57 compiles  [20.3s]
  opinfo_logical_xor       0 candidate(s), 0 submittable, 16 tests, 65 compiles  [20.7s]
C:\Users\clm\AppData\Local\Python\pythoncore-3.14-64\Lib\site-packages\torch\autograd\graph.py:1072: UserWarning: Error detected in struct torch::autograd::NotImplemented. Traceback of forward call that caused the error:
  File "D:\wsl\personal\dr\paper\toxic_compile\plan\tcc\seeds.py", line 246, in fn
    return _op(*args[:_n], *_extra, **_kw)
 (Triggered internally at C:\actions-runner\_work\pytorch\pytorch\torch\csrc\autograd\python_anomaly_mode.cpp:135.)
  return Variable._execution_engine.run_backward(  # Calls into the C++ engine to run the backward pass
C:\Users\clm\AppData\Local\Python\pythoncore-3.14-64\Lib\site-packages\torch\autograd\graph.py:1072: UserWarning: Error detected in struct torch::autograd::NotImplemented. Traceback of forward call that caused the error:
  File "D:\wsl\personal\dr\paper\toxic_compile\plan\tcc\seeds.py", line 246, in fn
    return _op(*args[:_n], *_extra, **_kw)
 (Triggered internally at C:\actions-runner\_work\pytorch\pytorch\torch\csrc\autograd\python_anomaly_mode.cpp:135.)
  return Variable._execution_engine.run_backward(  # Calls into the C++ engine to run the backward pass
C:\Users\clm\AppData\Local\Python\pythoncore-3.14-64\Lib\site-packages\torch\autograd\graph.py:1072: UserWarning: Error detected in struct torch::autograd::NotImplemented. Traceback of forward call that caused the error:
  File "D:\wsl\personal\dr\paper\toxic_compile\plan\tcc\seeds.py", line 246, in fn
    return _op(*args[:_n], *_extra, **_kw)
 (Triggered internally at C:\actions-runner\_work\pytorch\pytorch\torch\csrc\autograd\python_anomaly_mode.cpp:135.)
  return Variable._execution_engine.run_backward(  # Calls into the C++ engine to run the backward pass
C:\Users\clm\AppData\Local\Python\pythoncore-3.14-64\Lib\site-packages\torch\autograd\graph.py:1072: UserWarning: Error detected in struct torch::autograd::NotImplemented. Traceback of forward call that caused the error:
  File "D:\wsl\personal\dr\paper\toxic_compile\plan\tcc\seeds.py", line 246, in fn
    return _op(*args[:_n], *_extra, **_kw)
 (Triggered internally at C:\actions-runner\_work\pytorch\pytorch\torch\csrc\autograd\python_anomaly_mode.cpp:135.)
  return Variable._execution_engine.run_backward(  # Calls into the C++ engine to run the backward pass
C:\Users\clm\AppData\Local\Python\pythoncore-3.14-64\Lib\site-packages\torch\autograd\graph.py:1072: UserWarning: Error detected in struct torch::autograd::NotImplemented. Traceback of forward call that caused the error:
  File "D:\wsl\personal\dr\paper\toxic_compile\plan\tcc\seeds.py", line 246, in fn
    return _op(*args[:_n], *_extra, **_kw)
 (Triggered internally at C:\actions-runner\_work\pytorch\pytorch\torch\csrc\autograd\python_anomaly_mode.cpp:135.)
  return Variable._execution_engine.run_backward(  # Calls into the C++ engine to run the backward pass
C:\Users\clm\AppData\Local\Python\pythoncore-3.14-64\Lib\site-packages\torch\autograd\graph.py:1072: UserWarning: Error detected in struct torch::autograd::NotImplemented. Traceback of forward call that caused the error:
  File "D:\wsl\personal\dr\paper\toxic_compile\plan\tcc\seeds.py", line 246, in fn
    return _op(*args[:_n], *_extra, **_kw)
 (Triggered internally at C:\actions-runner\_work\pytorch\pytorch\torch\csrc\autograd\python_anomaly_mode.cpp:135.)
  return Variable._execution_engine.run_backward(  # Calls into the C++ engine to run the backward pass
  opinfo_heaviside         0 candidate(s), 0 submittable, 16 tests, 56 compiles  [22.4s]
  opinfo_isclose           0 candidate(s), 0 submittable, 16 tests, 59 compiles  [28.6s]
  opinfo_softmax           0 candidate(s), 0 submittable, 16 tests, 57 compiles  [9.4s]
  opinfo_softmax_with_dtype 0 candidate(s), 0 submittable, 16 tests, 57 compiles  [20.0s]
  opinfo_nn_functional_softmin 0 candidate(s), 0 submittable, 16 tests, 56 compiles  [24.2s]
  opinfo_nn_functional_softmin_with_dtype 0 candidate(s), 0 submittable, 16 tests, 56 compiles  [23.1s]
  opinfo_nn_functional_cross_entropy 0 candidate(s), 0 submittable, 6 tests, 20 compiles  [12.7s]
E0908 11:21:01.392000 2848 site-packages\torch\_subclasses\fake_tensor.py:3212] [0/0] failed while attempting to run meta for aten.gather.default
E0908 11:21:01.392000 2848 site-packages\torch\_subclasses\fake_tensor.py:3212] [0/0] Traceback (most recent call last):
E0908 11:21:01.392000 2848 site-packages\torch\_subclasses\fake_tensor.py:3212] [0/0]   File "C:\Users\clm\AppData\Local\Python\pythoncore-3.14-64\Lib\site-packages\torch\_subclasses\fake_tensor.py", line 3208, in _dispatch_impl
E0908 11:21:01.392000 2848 site-packages\torch\_subclasses\fake_tensor.py:3212] [0/0]     r = func(*args, **kwargs)
E0908 11:21:01.392000 2848 site-packages\torch\_subclasses\fake_tensor.py:3212] [0/0]   File "C:\Users\clm\AppData\Local\Python\pythoncore-3.14-64\Lib\site-packages\torch\_ops.py", line 916, in __call__
E0908 11:21:01.392000 2848 site-packages\torch\_subclasses\fake_tensor.py:3212] [0/0]     return self._op(*args, **kwargs)
E0908 11:21:01.392000 2848 site-packages\torch\_subclasses\fake_tensor.py:3212] [0/0]            ~~~~~~~~^^^^^^^^^^^^^^^^^
E0908 11:21:01.392000 2848 site-packages\torch\_subclasses\fake_tensor.py:3212] [0/0]   File "C:\Users\clm\AppData\Local\Python\pythoncore-3.14-64\Lib\site-packages\torch\_meta_registrations.py", line 6123, in meta_gather
E0908 11:21:01.392000 2848 site-packages\torch\_subclasses\fake_tensor.py:3212] [0/0]     gather_shape_check(self, wrapped_dim, index)
E0908 11:21:01.392000 2848 site-packages\torch\_subclasses\fake_tensor.py:3212] [0/0]     ~~~~~~~~~~~~~~~~~~^^^^^^^^^^^^^^^^^^^^^^^^^^
E0908 11:21:01.392000 2848 site-packages\torch\_subclasses\fake_tensor.py:3212] [0/0]   File "C:\Users\clm\AppData\Local\Python\pythoncore-3.14-64\Lib\site-packages\torch\_meta_registrations.py", line 6099, in gather_shape_check
E0908 11:21:01.392000 2848 site-packages\torch\_subclasses\fake_tensor.py:3212] [0/0]     torch._check(
E0908 11:21:01.392000 2848 site-packages\torch\_subclasses\fake_tensor.py:3212] [0/0]     ~~~~~~~~~~~~^
E0908 11:21:01.392000 2848 site-packages\torch\_subclasses\fake_tensor.py:3212] [0/0]         self_dims == index_dims,
E0908 11:21:01.392000 2848 site-packages\torch\_subclasses\fake_tensor.py:3212] [0/0]         ^^^^^^^^^^^^^^^^^^^^^^^^
E0908 11:21:01.392000 2848 site-packages\torch\_subclasses\fake_tensor.py:3212] [0/0]         lambda: "Index tensor must have the same number of dimensions as input tensor",
E0908 11:21:01.392000 2848 site-packages\torch\_subclasses\fake_tensor.py:3212] [0/0]         ^^^^^^^^^^^^^^^^^^^^^^^^^^^^^^^^^^^^^^^^^^^^^^^^^^^^^^^^^^^^^^^^^^^^^^^^^^^^^^^
E0908 11:21:01.392000 2848 site-packages\torch\_subclasses\fake_tensor.py:3212] [0/0]     )
E0908 11:21:01.392000 2848 site-packages\torch\_subclasses\fake_tensor.py:3212] [0/0]     ^
E0908 11:21:01.392000 2848 site-packages\torch\_subclasses\fake_tensor.py:3212] [0/0]   File "C:\Users\clm\AppData\Local\Python\pythoncore-3.14-64\Lib\site-packages\torch\__init__.py", line 2140, in _check
E0908 11:21:01.392000 2848 site-packages\torch\_subclasses\fake_tensor.py:3212] [0/0]     _check_with(RuntimeError, cond, message)
E0908 11:21:01.392000 2848 site-packages\torch\_subclasses\fake_tensor.py:3212] [0/0]     ~~~~~~~~~~~^^^^^^^^^^^^^^^^^^^^^^^^^^^^^
E0908 11:21:01.392000 2848 site-packages\torch\_subclasses\fake_tensor.py:3212] [0/0]   File "C:\Users\clm\AppData\Local\Python\pythoncore-3.14-64\Lib\site-packages\torch\__init__.py", line 2118, in _check_with
E0908 11:21:01.392000 2848 site-packages\torch\_subclasses\fake_tensor.py:3212] [0/0]     raise error_type(message_evaluated)
E0908 11:21:01.392000 2848 site-packages\torch\_subclasses\fake_tensor.py:3212] [0/0] RuntimeError: Index tensor must have the same number of dimensions as input tensor
E0908 11:21:01.487000 2848 site-packages\torch\_subclasses\fake_tensor.py:3212] [0/0] failed while attempting to run meta for aten.gather.default
E0908 11:21:01.487000 2848 site-packages\torch\_subclasses\fake_tensor.py:3212] [0/0] Traceback (most recent call last):
E0908 11:21:01.487000 2848 site-packages\torch\_subclasses\fake_tensor.py:3212] [0/0]   File "C:\Users\clm\AppData\Local\Python\pythoncore-3.14-64\Lib\site-packages\torch\_subclasses\fake_tensor.py", line 3208, in _dispatch_impl
E0908 11:21:01.487000 2848 site-packages\torch\_subclasses\fake_tensor.py:3212] [0/0]     r = func(*args, **kwargs)
E0908 11:21:01.487000 2848 site-packages\torch\_subclasses\fake_tensor.py:3212] [0/0]   File "C:\Users\clm\AppData\Local\Python\pythoncore-3.14-64\Lib\site-packages\torch\_ops.py", line 916, in __call__
E0908 11:21:01.487000 2848 site-packages\torch\_subclasses\fake_tensor.py:3212] [0/0]     return self._op(*args, **kwargs)
E0908 11:21:01.487000 2848 site-packages\torch\_subclasses\fake_tensor.py:3212] [0/0]            ~~~~~~~~^^^^^^^^^^^^^^^^^
E0908 11:21:01.487000 2848 site-packages\torch\_subclasses\fake_tensor.py:3212] [0/0]   File "C:\Users\clm\AppData\Local\Python\pythoncore-3.14-64\Lib\site-packages\torch\_meta_registrations.py", line 6123, in meta_gather
E0908 11:21:01.487000 2848 site-packages\torch\_subclasses\fake_tensor.py:3212] [0/0]     gather_shape_check(self, wrapped_dim, index)
E0908 11:21:01.487000 2848 site-packages\torch\_subclasses\fake_tensor.py:3212] [0/0]     ~~~~~~~~~~~~~~~~~~^^^^^^^^^^^^^^^^^^^^^^^^^^
E0908 11:21:01.487000 2848 site-packages\torch\_subclasses\fake_tensor.py:3212] [0/0]   File "C:\Users\clm\AppData\Local\Python\pythoncore-3.14-64\Lib\site-packages\torch\_meta_registrations.py", line 6099, in gather_shape_check
E0908 11:21:01.487000 2848 site-packages\torch\_subclasses\fake_tensor.py:3212] [0/0]     torch._check(
E0908 11:21:01.487000 2848 site-packages\torch\_subclasses\fake_tensor.py:3212] [0/0]     ~~~~~~~~~~~~^
E0908 11:21:01.487000 2848 site-packages\torch\_subclasses\fake_tensor.py:3212] [0/0]         self_dims == index_dims,
E0908 11:21:01.487000 2848 site-packages\torch\_subclasses\fake_tensor.py:3212] [0/0]         ^^^^^^^^^^^^^^^^^^^^^^^^
E0908 11:21:01.487000 2848 site-packages\torch\_subclasses\fake_tensor.py:3212] [0/0]         lambda: "Index tensor must have the same number of dimensions as input tensor",
E0908 11:21:01.487000 2848 site-packages\torch\_subclasses\fake_tensor.py:3212] [0/0]         ^^^^^^^^^^^^^^^^^^^^^^^^^^^^^^^^^^^^^^^^^^^^^^^^^^^^^^^^^^^^^^^^^^^^^^^^^^^^^^^
E0908 11:21:01.487000 2848 site-packages\torch\_subclasses\fake_tensor.py:3212] [0/0]     )
E0908 11:21:01.487000 2848 site-packages\torch\_subclasses\fake_tensor.py:3212] [0/0]     ^
E0908 11:21:01.487000 2848 site-packages\torch\_subclasses\fake_tensor.py:3212] [0/0]   File "C:\Users\clm\AppData\Local\Python\pythoncore-3.14-64\Lib\site-packages\torch\__init__.py", line 2140, in _check
E0908 11:21:01.487000 2848 site-packages\torch\_subclasses\fake_tensor.py:3212] [0/0]     _check_with(RuntimeError, cond, message)
E0908 11:21:01.487000 2848 site-packages\torch\_subclasses\fake_tensor.py:3212] [0/0]     ~~~~~~~~~~~^^^^^^^^^^^^^^^^^^^^^^^^^^^^^
E0908 11:21:01.487000 2848 site-packages\torch\_subclasses\fake_tensor.py:3212] [0/0]   File "C:\Users\clm\AppData\Local\Python\pythoncore-3.14-64\Lib\site-packages\torch\__init__.py", line 2118, in _check_with
E0908 11:21:01.487000 2848 site-packages\torch\_subclasses\fake_tensor.py:3212] [0/0]     raise error_type(message_evaluated)
E0908 11:21:01.487000 2848 site-packages\torch\_subclasses\fake_tensor.py:3212] [0/0] RuntimeError: Index tensor must have the same number of dimensions as input tensor
E0908 11:21:01.556000 2848 site-packages\torch\_subclasses\fake_tensor.py:3212] [0/0] failed while attempting to run meta for aten.gather.default
E0908 11:21:01.556000 2848 site-packages\torch\_subclasses\fake_tensor.py:3212] [0/0] Traceback (most recent call last):
E0908 11:21:01.556000 2848 site-packages\torch\_subclasses\fake_tensor.py:3212] [0/0]   File "C:\Users\clm\AppData\Local\Python\pythoncore-3.14-64\Lib\site-packages\torch\_subclasses\fake_tensor.py", line 3208, in _dispatch_impl
E0908 11:21:01.556000 2848 site-packages\torch\_subclasses\fake_tensor.py:3212] [0/0]     r = func(*args, **kwargs)
E0908 11:21:01.556000 2848 site-packages\torch\_subclasses\fake_tensor.py:3212] [0/0]   File "C:\Users\clm\AppData\Local\Python\pythoncore-3.14-64\Lib\site-packages\torch\_ops.py", line 916, in __call__
E0908 11:21:01.556000 2848 site-packages\torch\_subclasses\fake_tensor.py:3212] [0/0]     return self._op(*args, **kwargs)
E0908 11:21:01.556000 2848 site-packages\torch\_subclasses\fake_tensor.py:3212] [0/0]            ~~~~~~~~^^^^^^^^^^^^^^^^^
E0908 11:21:01.556000 2848 site-packages\torch\_subclasses\fake_tensor.py:3212] [0/0]   File "C:\Users\clm\AppData\Local\Python\pythoncore-3.14-64\Lib\site-packages\torch\_meta_registrations.py", line 6123, in meta_gather
E0908 11:21:01.556000 2848 site-packages\torch\_subclasses\fake_tensor.py:3212] [0/0]     gather_shape_check(self, wrapped_dim, index)
E0908 11:21:01.556000 2848 site-packages\torch\_subclasses\fake_tensor.py:3212] [0/0]     ~~~~~~~~~~~~~~~~~~^^^^^^^^^^^^^^^^^^^^^^^^^^
E0908 11:21:01.556000 2848 site-packages\torch\_subclasses\fake_tensor.py:3212] [0/0]   File "C:\Users\clm\AppData\Local\Python\pythoncore-3.14-64\Lib\site-packages\torch\_meta_registrations.py", line 6099, in gather_shape_check
E0908 11:21:01.556000 2848 site-packages\torch\_subclasses\fake_tensor.py:3212] [0/0]     torch._check(
E0908 11:21:01.556000 2848 site-packages\torch\_subclasses\fake_tensor.py:3212] [0/0]     ~~~~~~~~~~~~^
E0908 11:21:01.556000 2848 site-packages\torch\_subclasses\fake_tensor.py:3212] [0/0]         self_dims == index_dims,
E0908 11:21:01.556000 2848 site-packages\torch\_subclasses\fake_tensor.py:3212] [0/0]         ^^^^^^^^^^^^^^^^^^^^^^^^
E0908 11:21:01.556000 2848 site-packages\torch\_subclasses\fake_tensor.py:3212] [0/0]         lambda: "Index tensor must have the same number of dimensions as input tensor",
E0908 11:21:01.556000 2848 site-packages\torch\_subclasses\fake_tensor.py:3212] [0/0]         ^^^^^^^^^^^^^^^^^^^^^^^^^^^^^^^^^^^^^^^^^^^^^^^^^^^^^^^^^^^^^^^^^^^^^^^^^^^^^^^
E0908 11:21:01.556000 2848 site-packages\torch\_subclasses\fake_tensor.py:3212] [0/0]     )
E0908 11:21:01.556000 2848 site-packages\torch\_subclasses\fake_tensor.py:3212] [0/0]     ^
E0908 11:21:01.556000 2848 site-packages\torch\_subclasses\fake_tensor.py:3212] [0/0]   File "C:\Users\clm\AppData\Local\Python\pythoncore-3.14-64\Lib\site-packages\torch\__init__.py", line 2140, in _check
E0908 11:21:01.556000 2848 site-packages\torch\_subclasses\fake_tensor.py:3212] [0/0]     _check_with(RuntimeError, cond, message)
E0908 11:21:01.556000 2848 site-packages\torch\_subclasses\fake_tensor.py:3212] [0/0]     ~~~~~~~~~~~^^^^^^^^^^^^^^^^^^^^^^^^^^^^^
E0908 11:21:01.556000 2848 site-packages\torch\_subclasses\fake_tensor.py:3212] [0/0]   File "C:\Users\clm\AppData\Local\Python\pythoncore-3.14-64\Lib\site-packages\torch\__init__.py", line 2118, in _check_with
E0908 11:21:01.556000 2848 site-packages\torch\_subclasses\fake_tensor.py:3212] [0/0]     raise error_type(message_evaluated)
E0908 11:21:01.556000 2848 site-packages\torch\_subclasses\fake_tensor.py:3212] [0/0] RuntimeError: Index tensor must have the same number of dimensions as input tensor
  opinfo_nn_functional_linear_cross_entropy 0 candidate(s), 0 submittable, 8 tests, 3 compiles  [4.6s]
D:\wsl\personal\dr\paper\toxic_compile\plan\tcc\seeds.py:246: UserWarning: linear_cross_entropy: ``options`` ignored; chunked path needs reduction in {'mean','sum','none'}, label_smoothing == 0, target.dtype == int64 (or a probability target with reduction in {'mean','sum'}, dtype matching input, and requires_grad == False), out_features == (). Got reduction='mean', label_smoothing=0.0, target.dtype=torch.float32, out_features=(3,), tracing=False, target.requires_grad=False, linear_bias.shape=(2, 3).
  return _op(*args[:_n], *_extra, **_kw)
D:\wsl\personal\dr\paper\toxic_compile\plan\tcc\seeds.py:246: UserWarning: linear_cross_entropy: ``options`` ignored; chunked path needs reduction in {'mean','sum','none'}, label_smoothing == 0, target.dtype == int64 (or a probability target with reduction in {'mean','sum'}, dtype matching input, and requires_grad == False), out_features == (). Got reduction='mean', label_smoothing=0.0, target.dtype=torch.float64, out_features=(3,), tracing=False, target.requires_grad=False, linear_bias.shape=(2, 3).
  return _op(*args[:_n], *_extra, **_kw)
  opinfo_nn_functional_linear_cross_entropy_chunked 0 candidate(s), 0 submittable, 8 tests, 0 compiles  [2.0s]
D:\wsl\personal\dr\paper\toxic_compile\plan\tcc\seeds.py:246: UserWarning: linear_cross_entropy: ``options`` ignored; chunked path needs reduction in {'mean','sum','none'}, label_smoothing == 0, target.dtype == int64 (or a probability target with reduction in {'mean','sum'}, dtype matching input, and requires_grad == False), out_features == (). Got reduction='none', label_smoothing=0.0, target.dtype=torch.float32, out_features=(3,), tracing=False, target.requires_grad=False, linear_bias.shape=None.
  return _op(*args[:_n], *_extra, **_kw)
D:\wsl\personal\dr\paper\toxic_compile\plan\tcc\seeds.py:246: UserWarning: linear_cross_entropy: ``options`` ignored; chunked path needs reduction in {'mean','sum','none'}, label_smoothing == 0, target.dtype == int64 (or a probability target with reduction in {'mean','sum'}, dtype matching input, and requires_grad == False), out_features == (). Got reduction='none', label_smoothing=0.0, target.dtype=torch.float32, out_features=(2, 3), tracing=False, target.requires_grad=False, linear_bias.shape=None.
  return _op(*args[:_n], *_extra, **_kw)
D:\wsl\personal\dr\paper\toxic_compile\plan\tcc\seeds.py:246: UserWarning: linear_cross_entropy: ``options`` ignored; chunked path needs reduction in {'mean','sum','none'}, label_smoothing == 0, target.dtype == int64 (or a probability target with reduction in {'mean','sum'}, dtype matching input, and requires_grad == False), out_features == (). Got reduction='none', label_smoothing=0.0, target.dtype=torch.float64, out_features=(3,), tracing=False, target.requires_grad=False, linear_bias.shape=None.
  return _op(*args[:_n], *_extra, **_kw)
D:\wsl\personal\dr\paper\toxic_compile\plan\tcc\seeds.py:246: UserWarning: linear_cross_entropy: ``options`` ignored; chunked path needs reduction in {'mean','sum','none'}, label_smoothing == 0, target.dtype == int64 (or a probability target with reduction in {'mean','sum'}, dtype matching input, and requires_grad == False), out_features == (). Got reduction='none', label_smoothing=0.0, target.dtype=torch.float64, out_features=(2, 3), tracing=False, target.requires_grad=False, linear_bias.shape=None.
  return _op(*args[:_n], *_extra, **_kw)
  opinfo_nn_functional_linear_cross_entropy_chunked_none 0 candidate(s), 0 submittable, 8 tests, 0 compiles  [1.6s]
  opinfo_nn_functional_normalize 0 candidate(s), 0 submittable, 16 tests, 59 compiles  [26.8s]
  opinfo_aminmax           0 candidate(s), 0 submittable, 16 tests, 57 compiles  [20.4s]
  opinfo_as_strided_copy   0 candidate(s), 0 submittable, 16 tests, 57 compiles  [20.5s]
  opinfo_nn_functional_cosine_similarity 0 candidate(s), 0 submittable, 16 tests, 57 compiles  [32.9s]
  opinfo_nn_functional_adaptive_avg_pool1d 0 candidate(s), 0 submittable, 16 tests, 57 compiles  [22.0s]
  opinfo_nn_functional_adaptive_avg_pool2d 0 candidate(s), 0 submittable, 16 tests, 57 compiles  [17.9s]
  opinfo_nn_functional_adaptive_avg_pool3d 0 candidate(s), 0 submittable, 16 tests, 57 compiles  [8.0s]
  opinfo_nn_functional_adaptive_max_pool1d 0 candidate(s), 0 submittable, 16 tests, 56 compiles  [23.6s]
  opinfo_nn_functional_adaptive_max_pool2d 0 candidate(s), 0 submittable, 16 tests, 56 compiles  [27.0s]
  opinfo_nn_functional_adaptive_max_pool3d 0 candidate(s), 0 submittable, 16 tests, 56 compiles  [23.7s]
  opinfo_nn_functional_avg_pool1d 0 candidate(s), 0 submittable, 16 tests, 57 compiles  [15.1s]
  opinfo_nn_functional_avg_pool3d 0 candidate(s), 0 submittable, 9 tests, 31 compiles  [4.5s]
  opinfo_nn_functional_binary_cross_entropy_with_logits 1 candidate(s), 0 submittable, 16 tests, 43 compiles  [22.6s]
      low    dynamo_capture         resize               149531700f54
  opinfo_nn_functional_relu 0 candidate(s), 0 submittable, 16 tests, 57 compiles  [8.6s]
  opinfo_nn_functional_conv_transpose3d 0 candidate(s), 0 submittable, 16 tests, 57 compiles  [50.4s]
  opinfo_nn_functional_conv1d 0 candidate(s), 0 submittable, 16 tests, 57 compiles  [7.3s]
  opinfo_nn_functional_conv2d 0 candidate(s), 0 submittable, 16 tests, 57 compiles  [33.8s]
  opinfo_nn_functional_group_norm 0 candidate(s), 0 submittable, 16 tests, 52 compiles  [21.6s]
  opinfo_nn_functional_instance_norm 0 candidate(s), 0 submittable, 16 tests, 57 compiles  [19.3s]
  opinfo_nn_functional_local_response_norm 1 candidate(s), 0 submittable, 16 tests, 53 compiles  [29.4s]
      low    dynamo_capture         rank                 956b02bb30e6
  opinfo_constant_pad_nd   0 candidate(s), 0 submittable, 16 tests, 59 compiles  [7.7s]
  opinfo_nn_functional_pad_constant 0 candidate(s), 0 submittable, 16 tests, 59 compiles  [11.2s]
  opinfo_nn_functional_pad_reflect 0 candidate(s), 0 submittable, 16 tests, 57 compiles  [35.8s]
  opinfo_nn_functional_pad_replicate 0 candidate(s), 0 submittable, 16 tests, 57 compiles  [21.0s]
  opinfo_nn_functional_pad_replicate_negative 0 candidate(s), 0 submittable, 16 tests, 57 compiles  [15.5s]
  opinfo_nn_functional_pad_circular 0 candidate(s), 0 submittable, 16 tests, 57 compiles  [22.3s]
  opinfo_nn_functional_hardswish 0 candidate(s), 0 submittable, 16 tests, 57 compiles  [8.7s]
  opinfo_nn_functional_unfold 0 candidate(s), 0 submittable, 16 tests, 57 compiles  [10.0s]
  opinfo_nn_functional_interpolate_nearest 0 candidate(s), 0 submittable, 2 tests, 3 compiles  [2.7s]
  opinfo_nn_functional_interpolate_nearest-exact 0 candidate(s), 0 submittable, 3 tests, 9 compiles  [6.4s]
  opinfo_nn_functional_interpolate_linear 1 candidate(s), 0 submittable, 2 tests, 3 compiles  [2.9s]
      low    dynamo_capture         rank                 bdd560632a42
  opinfo_nn_functional_interpolate_bilinear 0 candidate(s), 0 submittable, 2 tests, 3 compiles  [3.9s]
  opinfo_nn_functional_interpolate_bicubic 1 candidate(s), 0 submittable, 2 tests, 3 compiles  [5.7s]
      low    dynamo_capture         rank                 c0176ec1bfeb
  opinfo_nn_functional_interpolate_trilinear 1 candidate(s), 0 submittable, 2 tests, 3 compiles  [6.7s]
      low    dynamo_capture         rank                 34fa9b83500e
  opinfo_nn_functional_interpolate_area 1 candidate(s), 0 submittable, 2 tests, 3 compiles  [1.0s]
      low    dynamo_capture         rank                 335edb1af632
D:\wsl\personal\dr\paper\toxic_compile\plan\tcc\seeds.py:246: UserWarning: `nn.functional.upsample_bilinear` is deprecated. Use `nn.functional.interpolate` instead.
  return _op(*args[:_n], *_extra, **_kw)
C:\Users\clm\AppData\Local\Python\pythoncore-3.14-64\Lib\site-packages\torch\_dynamo\utils.py:4415: UserWarning: `nn.functional.upsample_bilinear` is deprecated. Use `nn.functional.interpolate` instead.
  return node.target(*args, **kwargs)  # type: ignore[operator]
<eval_with_key>.15883:6: UserWarning: `nn.functional.upsample_bilinear` is deprecated. Use `nn.functional.interpolate` instead.
  upsample_bilinear = torch.nn.functional.upsample_bilinear(l_args_0_, scale_factor = 0.6);  l_args_0_ = None
C:\Users\clm\AppData\Local\Python\pythoncore-3.14-64\Lib\site-packages\torch\fx\interpreter.py:377: UserWarning: `nn.functional.upsample_bilinear` is deprecated. Use `nn.functional.interpolate` instead.
  return target(*args, **kwargs)
C:\Users\clm\AppData\Local\Python\pythoncore-3.14-64\Lib\site-packages\torch\fx\interpreter.py:377: UserWarning: `nn.functional.upsample_bilinear` is deprecated. Use `nn.functional.interpolate` instead.
  return target(*args, **kwargs)
C:\Users\clm\AppData\Local\Python\pythoncore-3.14-64\Lib\site-packages\torch\_dynamo\utils.py:4415: UserWarning: `nn.functional.upsample_bilinear` is deprecated. Use `nn.functional.interpolate` instead.
  return node.target(*args, **kwargs)  # type: ignore[operator]
C:\Users\clm\AppData\Local\Python\pythoncore-3.14-64\Lib\site-packages\torch\fx\interpreter.py:377: UserWarning: `nn.functional.upsample_bilinear` is deprecated. Use `nn.functional.interpolate` instead.
  return target(*args, **kwargs)
C:\Users\clm\AppData\Local\Python\pythoncore-3.14-64\Lib\site-packages\torch\fx\interpreter.py:377: UserWarning: `nn.functional.upsample_bilinear` is deprecated. Use `nn.functional.interpolate` instead.
  return target(*args, **kwargs)
D:\wsl\personal\dr\paper\toxic_compile\plan\tcc\seeds.py:246: UserWarning: `nn.functional.upsample_bilinear` is deprecated. Use `nn.functional.interpolate` instead.
  return _op(*args[:_n], *_extra, **_kw)
C:\Users\clm\AppData\Local\Python\pythoncore-3.14-64\Lib\site-packages\torch\_dynamo\utils.py:4415: UserWarning: `nn.functional.upsample_bilinear` is deprecated. Use `nn.functional.interpolate` instead.
  return node.target(*args, **kwargs)  # type: ignore[operator]
<eval_with_key>.15888:6: UserWarning: `nn.functional.upsample_bilinear` is deprecated. Use `nn.functional.interpolate` instead.
  upsample_bilinear = torch.nn.functional.upsample_bilinear(l_args_0_, scale_factor = 0.6);  l_args_0_ = None
C:\Users\clm\AppData\Local\Python\pythoncore-3.14-64\Lib\site-packages\torch\fx\interpreter.py:377: UserWarning: `nn.functional.upsample_bilinear` is deprecated. Use `nn.functional.interpolate` instead.
  return target(*args, **kwargs)
C:\Users\clm\AppData\Local\Python\pythoncore-3.14-64\Lib\site-packages\torch\fx\interpreter.py:377: UserWarning: `nn.functional.upsample_bilinear` is deprecated. Use `nn.functional.interpolate` instead.
  return target(*args, **kwargs)
C:\Users\clm\AppData\Local\Python\pythoncore-3.14-64\Lib\site-packages\torch\_dynamo\utils.py:4415: UserWarning: `nn.functional.upsample_bilinear` is deprecated. Use `nn.functional.interpolate` instead.
  return node.target(*args, **kwargs)  # type: ignore[operator]
C:\Users\clm\AppData\Local\Python\pythoncore-3.14-64\Lib\site-packages\torch\fx\interpreter.py:377: UserWarning: `nn.functional.upsample_bilinear` is deprecated. Use `nn.functional.interpolate` instead.
  return target(*args, **kwargs)
C:\Users\clm\AppData\Local\Python\pythoncore-3.14-64\Lib\site-packages\torch\fx\interpreter.py:377: UserWarning: `nn.functional.upsample_bilinear` is deprecated. Use `nn.functional.interpolate` instead.
  return target(*args, **kwargs)
D:\wsl\personal\dr\paper\toxic_compile\plan\tcc\seeds.py:246: UserWarning: `nn.functional.upsample_bilinear` is deprecated. Use `nn.functional.interpolate` instead.
  return _op(*args[:_n], *_extra, **_kw)
C:\Users\clm\AppData\Local\Python\pythoncore-3.14-64\Lib\site-packages\torch\_dynamo\utils.py:4415: UserWarning: `nn.functional.upsample_bilinear` is deprecated. Use `nn.functional.interpolate` instead.
  return node.target(*args, **kwargs)  # type: ignore[operator]
C:\Users\clm\AppData\Local\Python\pythoncore-3.14-64\Lib\site-packages\torch\fx\interpreter.py:377: UserWarning: `nn.functional.upsample_bilinear` is deprecated. Use `nn.functional.interpolate` instead.
  return target(*args, **kwargs)
C:\Users\clm\AppData\Local\Python\pythoncore-3.14-64\Lib\site-packages\torch\fx\interpreter.py:377: UserWarning: `nn.functional.upsample_bilinear` is deprecated. Use `nn.functional.interpolate` instead.
  return target(*args, **kwargs)
D:\wsl\personal\dr\paper\toxic_compile\plan\tcc\seeds.py:246: UserWarning: `nn.functional.upsample_bilinear` is deprecated. Use `nn.functional.interpolate` instead.
  return _op(*args[:_n], *_extra, **_kw)
C:\Users\clm\AppData\Local\Python\pythoncore-3.14-64\Lib\site-packages\torch\_dynamo\utils.py:4415: UserWarning: `nn.functional.upsample_bilinear` is deprecated. Use `nn.functional.interpolate` instead.
  return node.target(*args, **kwargs)  # type: ignore[operator]
C:\Users\clm\AppData\Local\Python\pythoncore-3.14-64\Lib\site-packages\torch\fx\interpreter.py:377: UserWarning: `nn.functional.upsample_bilinear` is deprecated. Use `nn.functional.interpolate` instead.
  return target(*args, **kwargs)
C:\Users\clm\AppData\Local\Python\pythoncore-3.14-64\Lib\site-packages\torch\fx\interpreter.py:377: UserWarning: `nn.functional.upsample_bilinear` is deprecated. Use `nn.functional.interpolate` instead.
  return target(*args, **kwargs)
D:\wsl\personal\dr\paper\toxic_compile\plan\tcc\seeds.py:246: UserWarning: `nn.functional.upsample_bilinear` is deprecated. Use `nn.functional.interpolate` instead.
  return _op(*args[:_n], *_extra, **_kw)
C:\Users\clm\AppData\Local\Python\pythoncore-3.14-64\Lib\site-packages\torch\_dynamo\utils.py:4415: UserWarning: `nn.functional.upsample_bilinear` is deprecated. Use `nn.functional.interpolate` instead.
  return node.target(*args, **kwargs)  # type: ignore[operator]
C:\Users\clm\AppData\Local\Python\pythoncore-3.14-64\Lib\site-packages\torch\fx\interpreter.py:377: UserWarning: `nn.functional.upsample_bilinear` is deprecated. Use `nn.functional.interpolate` instead.
  return target(*args, **kwargs)
C:\Users\clm\AppData\Local\Python\pythoncore-3.14-64\Lib\site-packages\torch\fx\interpreter.py:377: UserWarning: `nn.functional.upsample_bilinear` is deprecated. Use `nn.functional.interpolate` instead.
  return target(*args, **kwargs)
C:\Users\clm\AppData\Local\Python\pythoncore-3.14-64\Lib\site-packages\torch\_dynamo\utils.py:4415: UserWarning: `nn.functional.upsample_bilinear` is deprecated. Use `nn.functional.interpolate` instead.
  return node.target(*args, **kwargs)  # type: ignore[operator]
C:\Users\clm\AppData\Local\Python\pythoncore-3.14-64\Lib\site-packages\torch\fx\interpreter.py:377: UserWarning: `nn.functional.upsample_bilinear` is deprecated. Use `nn.functional.interpolate` instead.
  return target(*args, **kwargs)
C:\Users\clm\AppData\Local\Python\pythoncore-3.14-64\Lib\site-packages\torch\fx\interpreter.py:377: UserWarning: `nn.functional.upsample_bilinear` is deprecated. Use `nn.functional.interpolate` instead.
  return target(*args, **kwargs)
D:\wsl\personal\dr\paper\toxic_compile\plan\tcc\seeds.py:246: UserWarning: `nn.functional.upsample_bilinear` is deprecated. Use `nn.functional.interpolate` instead.
  return _op(*args[:_n], *_extra, **_kw)
C:\Users\clm\AppData\Local\Python\pythoncore-3.14-64\Lib\site-packages\torch\_dynamo\utils.py:4415: UserWarning: `nn.functional.upsample_bilinear` is deprecated. Use `nn.functional.interpolate` instead.
  return node.target(*args, **kwargs)  # type: ignore[operator]
C:\Users\clm\AppData\Local\Python\pythoncore-3.14-64\Lib\site-packages\torch\fx\interpreter.py:377: UserWarning: `nn.functional.upsample_bilinear` is deprecated. Use `nn.functional.interpolate` instead.
  return target(*args, **kwargs)
C:\Users\clm\AppData\Local\Python\pythoncore-3.14-64\Lib\site-packages\torch\fx\interpreter.py:377: UserWarning: `nn.functional.upsample_bilinear` is deprecated. Use `nn.functional.interpolate` instead.
  return target(*args, **kwargs)
D:\wsl\personal\dr\paper\toxic_compile\plan\tcc\seeds.py:246: UserWarning: `nn.functional.upsample_bilinear` is deprecated. Use `nn.functional.interpolate` instead.
  return _op(*args[:_n], *_extra, **_kw)
C:\Users\clm\AppData\Local\Python\pythoncore-3.14-64\Lib\site-packages\torch\_dynamo\utils.py:4415: UserWarning: `nn.functional.upsample_bilinear` is deprecated. Use `nn.functional.interpolate` instead.
  return node.target(*args, **kwargs)  # type: ignore[operator]
C:\Users\clm\AppData\Local\Python\pythoncore-3.14-64\Lib\site-packages\torch\fx\interpreter.py:377: UserWarning: `nn.functional.upsample_bilinear` is deprecated. Use `nn.functional.interpolate` instead.
  return target(*args, **kwargs)
C:\Users\clm\AppData\Local\Python\pythoncore-3.14-64\Lib\site-packages\torch\fx\interpreter.py:377: UserWarning: `nn.functional.upsample_bilinear` is deprecated. Use `nn.functional.interpolate` instead.
  return target(*args, **kwargs)
D:\wsl\personal\dr\paper\toxic_compile\plan\tcc\seeds.py:246: UserWarning: `nn.functional.upsample_bilinear` is deprecated. Use `nn.functional.interpolate` instead.
  return _op(*args[:_n], *_extra, **_kw)
C:\Users\clm\AppData\Local\Python\pythoncore-3.14-64\Lib\site-packages\torch\_dynamo\utils.py:4415: UserWarning: `nn.functional.upsample_bilinear` is deprecated. Use `nn.functional.interpolate` instead.
  return node.target(*args, **kwargs)  # type: ignore[operator]
C:\Users\clm\AppData\Local\Python\pythoncore-3.14-64\Lib\site-packages\torch\fx\interpreter.py:377: UserWarning: `nn.functional.upsample_bilinear` is deprecated. Use `nn.functional.interpolate` instead.
  return target(*args, **kwargs)
C:\Users\clm\AppData\Local\Python\pythoncore-3.14-64\Lib\site-packages\torch\fx\interpreter.py:377: UserWarning: `nn.functional.upsample_bilinear` is deprecated. Use `nn.functional.interpolate` instead.
  return target(*args, **kwargs)
C:\Users\clm\AppData\Local\Python\pythoncore-3.14-64\Lib\site-packages\torch\_dynamo\utils.py:4415: UserWarning: `nn.functional.upsample_bilinear` is deprecated. Use `nn.functional.interpolate` instead.
  return node.target(*args, **kwargs)  # type: ignore[operator]
C:\Users\clm\AppData\Local\Python\pythoncore-3.14-64\Lib\site-packages\torch\fx\interpreter.py:377: UserWarning: `nn.functional.upsample_bilinear` is deprecated. Use `nn.functional.interpolate` instead.
  return target(*args, **kwargs)
C:\Users\clm\AppData\Local\Python\pythoncore-3.14-64\Lib\site-packages\torch\fx\interpreter.py:377: UserWarning: `nn.functional.upsample_bilinear` is deprecated. Use `nn.functional.interpolate` instead.
  return target(*args, **kwargs)
D:\wsl\personal\dr\paper\toxic_compile\plan\tcc\seeds.py:246: UserWarning: `nn.functional.upsample_bilinear` is deprecated. Use `nn.functional.interpolate` instead.
  return _op(*args[:_n], *_extra, **_kw)
C:\Users\clm\AppData\Local\Python\pythoncore-3.14-64\Lib\site-packages\torch\_dynamo\utils.py:4415: UserWarning: `nn.functional.upsample_bilinear` is deprecated. Use `nn.functional.interpolate` instead.
  return node.target(*args, **kwargs)  # type: ignore[operator]
<eval_with_key>.15901:6: UserWarning: `nn.functional.upsample_bilinear` is deprecated. Use `nn.functional.interpolate` instead.
  upsample_bilinear = torch.nn.functional.upsample_bilinear(l_args_0_, scale_factor = 0.6);  l_args_0_ = None
C:\Users\clm\AppData\Local\Python\pythoncore-3.14-64\Lib\site-packages\torch\fx\interpreter.py:377: UserWarning: `nn.functional.upsample_bilinear` is deprecated. Use `nn.functional.interpolate` instead.
  return target(*args, **kwargs)
C:\Users\clm\AppData\Local\Python\pythoncore-3.14-64\Lib\site-packages\torch\fx\interpreter.py:377: UserWarning: `nn.functional.upsample_bilinear` is deprecated. Use `nn.functional.interpolate` instead.
  return target(*args, **kwargs)
C:\Users\clm\AppData\Local\Python\pythoncore-3.14-64\Lib\site-packages\torch\_dynamo\utils.py:4415: UserWarning: `nn.functional.upsample_bilinear` is deprecated. Use `nn.functional.interpolate` instead.
  return node.target(*args, **kwargs)  # type: ignore[operator]
C:\Users\clm\AppData\Local\Python\pythoncore-3.14-64\Lib\site-packages\torch\fx\interpreter.py:377: UserWarning: `nn.functional.upsample_bilinear` is deprecated. Use `nn.functional.interpolate` instead.
  return target(*args, **kwargs)
C:\Users\clm\AppData\Local\Python\pythoncore-3.14-64\Lib\site-packages\torch\fx\interpreter.py:377: UserWarning: `nn.functional.upsample_bilinear` is deprecated. Use `nn.functional.interpolate` instead.
  return target(*args, **kwargs)
D:\wsl\personal\dr\paper\toxic_compile\plan\tcc\seeds.py:246: UserWarning: `nn.functional.upsample_bilinear` is deprecated. Use `nn.functional.interpolate` instead.
  return _op(*args[:_n], *_extra, **_kw)
C:\Users\clm\AppData\Local\Python\pythoncore-3.14-64\Lib\site-packages\torch\_dynamo\utils.py:4415: UserWarning: `nn.functional.upsample_bilinear` is deprecated. Use `nn.functional.interpolate` instead.
  return node.target(*args, **kwargs)  # type: ignore[operator]
C:\Users\clm\AppData\Local\Python\pythoncore-3.14-64\Lib\site-packages\torch\fx\interpreter.py:377: UserWarning: `nn.functional.upsample_bilinear` is deprecated. Use `nn.functional.interpolate` instead.
  return target(*args, **kwargs)
C:\Users\clm\AppData\Local\Python\pythoncore-3.14-64\Lib\site-packages\torch\fx\interpreter.py:377: UserWarning: `nn.functional.upsample_bilinear` is deprecated. Use `nn.functional.interpolate` instead.
  return target(*args, **kwargs)
D:\wsl\personal\dr\paper\toxic_compile\plan\tcc\seeds.py:246: UserWarning: `nn.functional.upsample_bilinear` is deprecated. Use `nn.functional.interpolate` instead.
  return _op(*args[:_n], *_extra, **_kw)
C:\Users\clm\AppData\Local\Python\pythoncore-3.14-64\Lib\site-packages\torch\_dynamo\utils.py:4415: UserWarning: `nn.functional.upsample_bilinear` is deprecated. Use `nn.functional.interpolate` instead.
  return node.target(*args, **kwargs)  # type: ignore[operator]
C:\Users\clm\AppData\Local\Python\pythoncore-3.14-64\Lib\site-packages\torch\fx\interpreter.py:377: UserWarning: `nn.functional.upsample_bilinear` is deprecated. Use `nn.functional.interpolate` instead.
  return target(*args, **kwargs)
C:\Users\clm\AppData\Local\Python\pythoncore-3.14-64\Lib\site-packages\torch\fx\interpreter.py:377: UserWarning: `nn.functional.upsample_bilinear` is deprecated. Use `nn.functional.interpolate` instead.
  return target(*args, **kwargs)
D:\wsl\personal\dr\paper\toxic_compile\plan\tcc\seeds.py:246: UserWarning: `nn.functional.upsample_bilinear` is deprecated. Use `nn.functional.interpolate` instead.
  return _op(*args[:_n], *_extra, **_kw)
C:\Users\clm\AppData\Local\Python\pythoncore-3.14-64\Lib\site-packages\torch\_dynamo\utils.py:4415: UserWarning: `nn.functional.upsample_bilinear` is deprecated. Use `nn.functional.interpolate` instead.
  return node.target(*args, **kwargs)  # type: ignore[operator]
C:\Users\clm\AppData\Local\Python\pythoncore-3.14-64\Lib\site-packages\torch\fx\interpreter.py:377: UserWarning: `nn.functional.upsample_bilinear` is deprecated. Use `nn.functional.interpolate` instead.
  return target(*args, **kwargs)
C:\Users\clm\AppData\Local\Python\pythoncore-3.14-64\Lib\site-packages\torch\fx\interpreter.py:377: UserWarning: `nn.functional.upsample_bilinear` is deprecated. Use `nn.functional.interpolate` instead.
  return target(*args, **kwargs)
C:\Users\clm\AppData\Local\Python\pythoncore-3.14-64\Lib\site-packages\torch\_dynamo\utils.py:4415: UserWarning: `nn.functional.upsample_bilinear` is deprecated. Use `nn.functional.interpolate` instead.
  return node.target(*args, **kwargs)  # type: ignore[operator]
C:\Users\clm\AppData\Local\Python\pythoncore-3.14-64\Lib\site-packages\torch\fx\interpreter.py:377: UserWarning: `nn.functional.upsample_bilinear` is deprecated. Use `nn.functional.interpolate` instead.
  return target(*args, **kwargs)
C:\Users\clm\AppData\Local\Python\pythoncore-3.14-64\Lib\site-packages\torch\fx\interpreter.py:377: UserWarning: `nn.functional.upsample_bilinear` is deprecated. Use `nn.functional.interpolate` instead.
  return target(*args, **kwargs)
D:\wsl\personal\dr\paper\toxic_compile\plan\tcc\seeds.py:246: UserWarning: `nn.functional.upsample_bilinear` is deprecated. Use `nn.functional.interpolate` instead.
  return _op(*args[:_n], *_extra, **_kw)
C:\Users\clm\AppData\Local\Python\pythoncore-3.14-64\Lib\site-packages\torch\_dynamo\utils.py:4415: UserWarning: `nn.functional.upsample_bilinear` is deprecated. Use `nn.functional.interpolate` instead.
  return node.target(*args, **kwargs)  # type: ignore[operator]
C:\Users\clm\AppData\Local\Python\pythoncore-3.14-64\Lib\site-packages\torch\fx\interpreter.py:377: UserWarning: `nn.functional.upsample_bilinear` is deprecated. Use `nn.functional.interpolate` instead.
  return target(*args, **kwargs)
C:\Users\clm\AppData\Local\Python\pythoncore-3.14-64\Lib\site-packages\torch\fx\interpreter.py:377: UserWarning: `nn.functional.upsample_bilinear` is deprecated. Use `nn.functional.interpolate` instead.
  return target(*args, **kwargs)
D:\wsl\personal\dr\paper\toxic_compile\plan\tcc\seeds.py:246: UserWarning: `nn.functional.upsample_bilinear` is deprecated. Use `nn.functional.interpolate` instead.
  return _op(*args[:_n], *_extra, **_kw)
C:\Users\clm\AppData\Local\Python\pythoncore-3.14-64\Lib\site-packages\torch\_dynamo\utils.py:4415: UserWarning: `nn.functional.upsample_bilinear` is deprecated. Use `nn.functional.interpolate` instead.
  return node.target(*args, **kwargs)  # type: ignore[operator]
C:\Users\clm\AppData\Local\Python\pythoncore-3.14-64\Lib\site-packages\torch\fx\interpreter.py:377: UserWarning: `nn.functional.upsample_bilinear` is deprecated. Use `nn.functional.interpolate` instead.
  return target(*args, **kwargs)
C:\Users\clm\AppData\Local\Python\pythoncore-3.14-64\Lib\site-packages\torch\fx\interpreter.py:377: UserWarning: `nn.functional.upsample_bilinear` is deprecated. Use `nn.functional.interpolate` instead.
  return target(*args, **kwargs)
D:\wsl\personal\dr\paper\toxic_compile\plan\tcc\seeds.py:246: UserWarning: `nn.functional.upsample_bilinear` is deprecated. Use `nn.functional.interpolate` instead.
  return _op(*args[:_n], *_extra, **_kw)
C:\Users\clm\AppData\Local\Python\pythoncore-3.14-64\Lib\site-packages\torch\_dynamo\utils.py:4415: UserWarning: `nn.functional.upsample_bilinear` is deprecated. Use `nn.functional.interpolate` instead.
  return node.target(*args, **kwargs)  # type: ignore[operator]
C:\Users\clm\AppData\Local\Python\pythoncore-3.14-64\Lib\site-packages\torch\fx\interpreter.py:377: UserWarning: `nn.functional.upsample_bilinear` is deprecated. Use `nn.functional.interpolate` instead.
  return target(*args, **kwargs)
C:\Users\clm\AppData\Local\Python\pythoncore-3.14-64\Lib\site-packages\torch\fx\interpreter.py:377: UserWarning: `nn.functional.upsample_bilinear` is deprecated. Use `nn.functional.interpolate` instead.
  return target(*args, **kwargs)
C:\Users\clm\AppData\Local\Python\pythoncore-3.14-64\Lib\site-packages\torch\_dynamo\utils.py:4415: UserWarning: `nn.functional.upsample_bilinear` is deprecated. Use `nn.functional.interpolate` instead.
  return node.target(*args, **kwargs)  # type: ignore[operator]
C:\Users\clm\AppData\Local\Python\pythoncore-3.14-64\Lib\site-packages\torch\fx\interpreter.py:377: UserWarning: `nn.functional.upsample_bilinear` is deprecated. Use `nn.functional.interpolate` instead.
  return target(*args, **kwargs)
C:\Users\clm\AppData\Local\Python\pythoncore-3.14-64\Lib\site-packages\torch\fx\interpreter.py:377: UserWarning: `nn.functional.upsample_bilinear` is deprecated. Use `nn.functional.interpolate` instead.
  return target(*args, **kwargs)
D:\wsl\personal\dr\paper\toxic_compile\plan\tcc\seeds.py:246: UserWarning: `nn.functional.upsample_bilinear` is deprecated. Use `nn.functional.interpolate` instead.
  return _op(*args[:_n], *_extra, **_kw)
C:\Users\clm\AppData\Local\Python\pythoncore-3.14-64\Lib\site-packages\torch\_dynamo\utils.py:4415: UserWarning: `nn.functional.upsample_bilinear` is deprecated. Use `nn.functional.interpolate` instead.
  return node.target(*args, **kwargs)  # type: ignore[operator]
<eval_with_key>.15926:8: UserWarning: `nn.functional.upsample_bilinear` is deprecated. Use `nn.functional.interpolate` instead.
  upsample_bilinear = torch.nn.functional.upsample_bilinear(l_args_0_, scale_factor = item);  l_args_0_ = item = None
C:\Users\clm\AppData\Local\Python\pythoncore-3.14-64\Lib\site-packages\torch\fx\interpreter.py:377: UserWarning: `nn.functional.upsample_bilinear` is deprecated. Use `nn.functional.interpolate` instead.
  return target(*args, **kwargs)
C:\Users\clm\AppData\Local\Python\pythoncore-3.14-64\Lib\site-packages\torch\fx\interpreter.py:377: UserWarning: `nn.functional.upsample_bilinear` is deprecated. Use `nn.functional.interpolate` instead.
  return target(*args, **kwargs)
C:\Users\clm\AppData\Local\Python\pythoncore-3.14-64\Lib\site-packages\torch\_dynamo\utils.py:4415: UserWarning: `nn.functional.upsample_bilinear` is deprecated. Use `nn.functional.interpolate` instead.
  return node.target(*args, **kwargs)  # type: ignore[operator]
C:\Users\clm\AppData\Local\Python\pythoncore-3.14-64\Lib\site-packages\torch\fx\interpreter.py:377: UserWarning: `nn.functional.upsample_bilinear` is deprecated. Use `nn.functional.interpolate` instead.
  return target(*args, **kwargs)
C:\Users\clm\AppData\Local\Python\pythoncore-3.14-64\Lib\site-packages\torch\fx\interpreter.py:377: UserWarning: `nn.functional.upsample_bilinear` is deprecated. Use `nn.functional.interpolate` instead.
  return target(*args, **kwargs)
C:\Users\clm\AppData\Local\Python\pythoncore-3.14-64\Lib\site-packages\torch\_dynamo\utils.py:4415: UserWarning: `nn.functional.upsample_bilinear` is deprecated. Use `nn.functional.interpolate` instead.
  return node.target(*args, **kwargs)  # type: ignore[operator]
C:\Users\clm\AppData\Local\Python\pythoncore-3.14-64\Lib\site-packages\torch\fx\interpreter.py:377: UserWarning: `nn.functional.upsample_bilinear` is deprecated. Use `nn.functional.interpolate` instead.
  return target(*args, **kwargs)
C:\Users\clm\AppData\Local\Python\pythoncore-3.14-64\Lib\site-packages\torch\fx\interpreter.py:377: UserWarning: `nn.functional.upsample_bilinear` is deprecated. Use `nn.functional.interpolate` instead.
  return target(*args, **kwargs)
C:\Users\clm\AppData\Local\Python\pythoncore-3.14-64\Lib\site-packages\torch\_dynamo\utils.py:4415: UserWarning: `nn.functional.upsample_bilinear` is deprecated. Use `nn.functional.interpolate` instead.
  return node.target(*args, **kwargs)  # type: ignore[operator]
C:\Users\clm\AppData\Local\Python\pythoncore-3.14-64\Lib\site-packages\torch\fx\interpreter.py:377: UserWarning: `nn.functional.upsample_bilinear` is deprecated. Use `nn.functional.interpolate` instead.
  return target(*args, **kwargs)
C:\Users\clm\AppData\Local\Python\pythoncore-3.14-64\Lib\site-packages\torch\fx\interpreter.py:377: UserWarning: `nn.functional.upsample_bilinear` is deprecated. Use `nn.functional.interpolate` instead.
  return target(*args, **kwargs)
D:\wsl\personal\dr\paper\toxic_compile\plan\tcc\seeds.py:246: UserWarning: `nn.functional.upsample_bilinear` is deprecated. Use `nn.functional.interpolate` instead.
  return _op(*args[:_n], *_extra, **_kw)
C:\Users\clm\AppData\Local\Python\pythoncore-3.14-64\Lib\site-packages\torch\_dynamo\utils.py:4415: UserWarning: `nn.functional.upsample_bilinear` is deprecated. Use `nn.functional.interpolate` instead.
  return node.target(*args, **kwargs)  # type: ignore[operator]
<eval_with_key>.15933:6: UserWarning: `nn.functional.upsample_bilinear` is deprecated. Use `nn.functional.interpolate` instead.
  upsample_bilinear = torch.nn.functional.upsample_bilinear(l_args_0_, scale_factor = 0.6);  l_args_0_ = None
C:\Users\clm\AppData\Local\Python\pythoncore-3.14-64\Lib\site-packages\torch\fx\interpreter.py:377: UserWarning: `nn.functional.upsample_bilinear` is deprecated. Use `nn.functional.interpolate` instead.
  return target(*args, **kwargs)
C:\Users\clm\AppData\Local\Python\pythoncore-3.14-64\Lib\site-packages\torch\fx\interpreter.py:377: UserWarning: `nn.functional.upsample_bilinear` is deprecated. Use `nn.functional.interpolate` instead.
  return target(*args, **kwargs)
C:\Users\clm\AppData\Local\Python\pythoncore-3.14-64\Lib\site-packages\torch\_dynamo\utils.py:4415: UserWarning: `nn.functional.upsample_bilinear` is deprecated. Use `nn.functional.interpolate` instead.
  return node.target(*args, **kwargs)  # type: ignore[operator]
C:\Users\clm\AppData\Local\Python\pythoncore-3.14-64\Lib\site-packages\torch\fx\interpreter.py:377: UserWarning: `nn.functional.upsample_bilinear` is deprecated. Use `nn.functional.interpolate` instead.
  return target(*args, **kwargs)
C:\Users\clm\AppData\Local\Python\pythoncore-3.14-64\Lib\site-packages\torch\fx\interpreter.py:377: UserWarning: `nn.functional.upsample_bilinear` is deprecated. Use `nn.functional.interpolate` instead.
  return target(*args, **kwargs)
D:\wsl\personal\dr\paper\toxic_compile\plan\tcc\seeds.py:246: UserWarning: `nn.functional.upsample_bilinear` is deprecated. Use `nn.functional.interpolate` instead.
  return _op(*args[:_n], *_extra, **_kw)
C:\Users\clm\AppData\Local\Python\pythoncore-3.14-64\Lib\site-packages\torch\_dynamo\utils.py:4415: UserWarning: `nn.functional.upsample_bilinear` is deprecated. Use `nn.functional.interpolate` instead.
  return node.target(*args, **kwargs)  # type: ignore[operator]
C:\Users\clm\AppData\Local\Python\pythoncore-3.14-64\Lib\site-packages\torch\fx\interpreter.py:377: UserWarning: `nn.functional.upsample_bilinear` is deprecated. Use `nn.functional.interpolate` instead.
  return target(*args, **kwargs)
C:\Users\clm\AppData\Local\Python\pythoncore-3.14-64\Lib\site-packages\torch\fx\interpreter.py:377: UserWarning: `nn.functional.upsample_bilinear` is deprecated. Use `nn.functional.interpolate` instead.
  return target(*args, **kwargs)
D:\wsl\personal\dr\paper\toxic_compile\plan\tcc\seeds.py:246: UserWarning: `nn.functional.upsample_bilinear` is deprecated. Use `nn.functional.interpolate` instead.
  return _op(*args[:_n], *_extra, **_kw)
C:\Users\clm\AppData\Local\Python\pythoncore-3.14-64\Lib\site-packages\torch\_dynamo\utils.py:4415: UserWarning: `nn.functional.upsample_bilinear` is deprecated. Use `nn.functional.interpolate` instead.
  return node.target(*args, **kwargs)  # type: ignore[operator]
C:\Users\clm\AppData\Local\Python\pythoncore-3.14-64\Lib\site-packages\torch\fx\interpreter.py:377: UserWarning: `nn.functional.upsample_bilinear` is deprecated. Use `nn.functional.interpolate` instead.
  return target(*args, **kwargs)
C:\Users\clm\AppData\Local\Python\pythoncore-3.14-64\Lib\site-packages\torch\fx\interpreter.py:377: UserWarning: `nn.functional.upsample_bilinear` is deprecated. Use `nn.functional.interpolate` instead.
  return target(*args, **kwargs)
D:\wsl\personal\dr\paper\toxic_compile\plan\tcc\seeds.py:246: UserWarning: `nn.functional.upsample_bilinear` is deprecated. Use `nn.functional.interpolate` instead.
  return _op(*args[:_n], *_extra, **_kw)
C:\Users\clm\AppData\Local\Python\pythoncore-3.14-64\Lib\site-packages\torch\_dynamo\utils.py:4415: UserWarning: `nn.functional.upsample_bilinear` is deprecated. Use `nn.functional.interpolate` instead.
  return node.target(*args, **kwargs)  # type: ignore[operator]
C:\Users\clm\AppData\Local\Python\pythoncore-3.14-64\Lib\site-packages\torch\fx\interpreter.py:377: UserWarning: `nn.functional.upsample_bilinear` is deprecated. Use `nn.functional.interpolate` instead.
  return target(*args, **kwargs)
C:\Users\clm\AppData\Local\Python\pythoncore-3.14-64\Lib\site-packages\torch\fx\interpreter.py:377: UserWarning: `nn.functional.upsample_bilinear` is deprecated. Use `nn.functional.interpolate` instead.
  return target(*args, **kwargs)
C:\Users\clm\AppData\Local\Python\pythoncore-3.14-64\Lib\site-packages\torch\_dynamo\utils.py:4415: UserWarning: `nn.functional.upsample_bilinear` is deprecated. Use `nn.functional.interpolate` instead.
  return node.target(*args, **kwargs)  # type: ignore[operator]
C:\Users\clm\AppData\Local\Python\pythoncore-3.14-64\Lib\site-packages\torch\fx\interpreter.py:377: UserWarning: `nn.functional.upsample_bilinear` is deprecated. Use `nn.functional.interpolate` instead.
  return target(*args, **kwargs)
C:\Users\clm\AppData\Local\Python\pythoncore-3.14-64\Lib\site-packages\torch\fx\interpreter.py:377: UserWarning: `nn.functional.upsample_bilinear` is deprecated. Use `nn.functional.interpolate` instead.
  return target(*args, **kwargs)
D:\wsl\personal\dr\paper\toxic_compile\plan\tcc\seeds.py:246: UserWarning: `nn.functional.upsample_bilinear` is deprecated. Use `nn.functional.interpolate` instead.
  return _op(*args[:_n], *_extra, **_kw)
C:\Users\clm\AppData\Local\Python\pythoncore-3.14-64\Lib\site-packages\torch\_dynamo\utils.py:4415: UserWarning: `nn.functional.upsample_bilinear` is deprecated. Use `nn.functional.interpolate` instead.
  return node.target(*args, **kwargs)  # type: ignore[operator]
C:\Users\clm\AppData\Local\Python\pythoncore-3.14-64\Lib\site-packages\torch\fx\interpreter.py:377: UserWarning: `nn.functional.upsample_bilinear` is deprecated. Use `nn.functional.interpolate` instead.
  return target(*args, **kwargs)
C:\Users\clm\AppData\Local\Python\pythoncore-3.14-64\Lib\site-packages\torch\fx\interpreter.py:377: UserWarning: `nn.functional.upsample_bilinear` is deprecated. Use `nn.functional.interpolate` instead.
  return target(*args, **kwargs)
D:\wsl\personal\dr\paper\toxic_compile\plan\tcc\seeds.py:246: UserWarning: `nn.functional.upsample_bilinear` is deprecated. Use `nn.functional.interpolate` instead.
  return _op(*args[:_n], *_extra, **_kw)
C:\Users\clm\AppData\Local\Python\pythoncore-3.14-64\Lib\site-packages\torch\_dynamo\utils.py:4415: UserWarning: `nn.functional.upsample_bilinear` is deprecated. Use `nn.functional.interpolate` instead.
  return node.target(*args, **kwargs)  # type: ignore[operator]
C:\Users\clm\AppData\Local\Python\pythoncore-3.14-64\Lib\site-packages\torch\fx\interpreter.py:377: UserWarning: `nn.functional.upsample_bilinear` is deprecated. Use `nn.functional.interpolate` instead.
  return target(*args, **kwargs)
C:\Users\clm\AppData\Local\Python\pythoncore-3.14-64\Lib\site-packages\torch\fx\interpreter.py:377: UserWarning: `nn.functional.upsample_bilinear` is deprecated. Use `nn.functional.interpolate` instead.
  return target(*args, **kwargs)
D:\wsl\personal\dr\paper\toxic_compile\plan\tcc\seeds.py:246: UserWarning: `nn.functional.upsample_bilinear` is deprecated. Use `nn.functional.interpolate` instead.
  return _op(*args[:_n], *_extra, **_kw)
C:\Users\clm\AppData\Local\Python\pythoncore-3.14-64\Lib\site-packages\torch\_dynamo\utils.py:4415: UserWarning: `nn.functional.upsample_bilinear` is deprecated. Use `nn.functional.interpolate` instead.
  return node.target(*args, **kwargs)  # type: ignore[operator]
C:\Users\clm\AppData\Local\Python\pythoncore-3.14-64\Lib\site-packages\torch\fx\interpreter.py:377: UserWarning: `nn.functional.upsample_bilinear` is deprecated. Use `nn.functional.interpolate` instead.
  return target(*args, **kwargs)
C:\Users\clm\AppData\Local\Python\pythoncore-3.14-64\Lib\site-packages\torch\fx\interpreter.py:377: UserWarning: `nn.functional.upsample_bilinear` is deprecated. Use `nn.functional.interpolate` instead.
  return target(*args, **kwargs)
C:\Users\clm\AppData\Local\Python\pythoncore-3.14-64\Lib\site-packages\torch\_dynamo\utils.py:4415: UserWarning: `nn.functional.upsample_bilinear` is deprecated. Use `nn.functional.interpolate` instead.
  return node.target(*args, **kwargs)  # type: ignore[operator]
C:\Users\clm\AppData\Local\Python\pythoncore-3.14-64\Lib\site-packages\torch\fx\interpreter.py:377: UserWarning: `nn.functional.upsample_bilinear` is deprecated. Use `nn.functional.interpolate` instead.
  return target(*args, **kwargs)
C:\Users\clm\AppData\Local\Python\pythoncore-3.14-64\Lib\site-packages\torch\fx\interpreter.py:377: UserWarning: `nn.functional.upsample_bilinear` is deprecated. Use `nn.functional.interpolate` instead.
  return target(*args, **kwargs)
D:\wsl\personal\dr\paper\toxic_compile\plan\tcc\seeds.py:246: UserWarning: `nn.functional.upsample_bilinear` is deprecated. Use `nn.functional.interpolate` instead.
  return _op(*args[:_n], *_extra, **_kw)
C:\Users\clm\AppData\Local\Python\pythoncore-3.14-64\Lib\site-packages\torch\_dynamo\utils.py:4415: UserWarning: `nn.functional.upsample_bilinear` is deprecated. Use `nn.functional.interpolate` instead.
  return node.target(*args, **kwargs)  # type: ignore[operator]
<eval_with_key>.15946:6: UserWarning: `nn.functional.upsample_bilinear` is deprecated. Use `nn.functional.interpolate` instead.
  upsample_bilinear = torch.nn.functional.upsample_bilinear(l_args_0_, scale_factor = 0.6);  l_args_0_ = None
C:\Users\clm\AppData\Local\Python\pythoncore-3.14-64\Lib\site-packages\torch\fx\interpreter.py:377: UserWarning: `nn.functional.upsample_bilinear` is deprecated. Use `nn.functional.interpolate` instead.
  return target(*args, **kwargs)
C:\Users\clm\AppData\Local\Python\pythoncore-3.14-64\Lib\site-packages\torch\fx\interpreter.py:377: UserWarning: `nn.functional.upsample_bilinear` is deprecated. Use `nn.functional.interpolate` instead.
  return target(*args, **kwargs)
C:\Users\clm\AppData\Local\Python\pythoncore-3.14-64\Lib\site-packages\torch\_dynamo\utils.py:4415: UserWarning: `nn.functional.upsample_bilinear` is deprecated. Use `nn.functional.interpolate` instead.
  return node.target(*args, **kwargs)  # type: ignore[operator]
C:\Users\clm\AppData\Local\Python\pythoncore-3.14-64\Lib\site-packages\torch\fx\interpreter.py:377: UserWarning: `nn.functional.upsample_bilinear` is deprecated. Use `nn.functional.interpolate` instead.
  return target(*args, **kwargs)
C:\Users\clm\AppData\Local\Python\pythoncore-3.14-64\Lib\site-packages\torch\fx\interpreter.py:377: UserWarning: `nn.functional.upsample_bilinear` is deprecated. Use `nn.functional.interpolate` instead.
  return target(*args, **kwargs)
D:\wsl\personal\dr\paper\toxic_compile\plan\tcc\seeds.py:246: UserWarning: `nn.functional.upsample_bilinear` is deprecated. Use `nn.functional.interpolate` instead.
  return _op(*args[:_n], *_extra, **_kw)
C:\Users\clm\AppData\Local\Python\pythoncore-3.14-64\Lib\site-packages\torch\_dynamo\utils.py:4415: UserWarning: `nn.functional.upsample_bilinear` is deprecated. Use `nn.functional.interpolate` instead.
  return node.target(*args, **kwargs)  # type: ignore[operator]
<eval_with_key>.15951:6: UserWarning: `nn.functional.upsample_bilinear` is deprecated. Use `nn.functional.interpolate` instead.
  upsample_bilinear = torch.nn.functional.upsample_bilinear(l_args_0_, scale_factor = 0.6);  l_args_0_ = None
C:\Users\clm\AppData\Local\Python\pythoncore-3.14-64\Lib\site-packages\torch\fx\interpreter.py:377: UserWarning: `nn.functional.upsample_bilinear` is deprecated. Use `nn.functional.interpolate` instead.
  return target(*args, **kwargs)
C:\Users\clm\AppData\Local\Python\pythoncore-3.14-64\Lib\site-packages\torch\fx\interpreter.py:377: UserWarning: `nn.functional.upsample_bilinear` is deprecated. Use `nn.functional.interpolate` instead.
  return target(*args, **kwargs)
C:\Users\clm\AppData\Local\Python\pythoncore-3.14-64\Lib\site-packages\torch\_dynamo\utils.py:4415: UserWarning: `nn.functional.upsample_bilinear` is deprecated. Use `nn.functional.interpolate` instead.
  return node.target(*args, **kwargs)  # type: ignore[operator]
C:\Users\clm\AppData\Local\Python\pythoncore-3.14-64\Lib\site-packages\torch\fx\interpreter.py:377: UserWarning: `nn.functional.upsample_bilinear` is deprecated. Use `nn.functional.interpolate` instead.
  return target(*args, **kwargs)
C:\Users\clm\AppData\Local\Python\pythoncore-3.14-64\Lib\site-packages\torch\fx\interpreter.py:377: UserWarning: `nn.functional.upsample_bilinear` is deprecated. Use `nn.functional.interpolate` instead.
  return target(*args, **kwargs)
D:\wsl\personal\dr\paper\toxic_compile\plan\tcc\seeds.py:246: UserWarning: `nn.functional.upsample_bilinear` is deprecated. Use `nn.functional.interpolate` instead.
  return _op(*args[:_n], *_extra, **_kw)
C:\Users\clm\AppData\Local\Python\pythoncore-3.14-64\Lib\site-packages\torch\_dynamo\utils.py:4415: UserWarning: `nn.functional.upsample_bilinear` is deprecated. Use `nn.functional.interpolate` instead.
  return node.target(*args, **kwargs)  # type: ignore[operator]
C:\Users\clm\AppData\Local\Python\pythoncore-3.14-64\Lib\site-packages\torch\fx\interpreter.py:377: UserWarning: `nn.functional.upsample_bilinear` is deprecated. Use `nn.functional.interpolate` instead.
  return target(*args, **kwargs)
C:\Users\clm\AppData\Local\Python\pythoncore-3.14-64\Lib\site-packages\torch\fx\interpreter.py:377: UserWarning: `nn.functional.upsample_bilinear` is deprecated. Use `nn.functional.interpolate` instead.
  return target(*args, **kwargs)
D:\wsl\personal\dr\paper\toxic_compile\plan\tcc\seeds.py:246: UserWarning: `nn.functional.upsample_bilinear` is deprecated. Use `nn.functional.interpolate` instead.
  return _op(*args[:_n], *_extra, **_kw)
C:\Users\clm\AppData\Local\Python\pythoncore-3.14-64\Lib\site-packages\torch\_dynamo\utils.py:4415: UserWarning: `nn.functional.upsample_bilinear` is deprecated. Use `nn.functional.interpolate` instead.
  return node.target(*args, **kwargs)  # type: ignore[operator]
C:\Users\clm\AppData\Local\Python\pythoncore-3.14-64\Lib\site-packages\torch\fx\interpreter.py:377: UserWarning: `nn.functional.upsample_bilinear` is deprecated. Use `nn.functional.interpolate` instead.
  return target(*args, **kwargs)
C:\Users\clm\AppData\Local\Python\pythoncore-3.14-64\Lib\site-packages\torch\fx\interpreter.py:377: UserWarning: `nn.functional.upsample_bilinear` is deprecated. Use `nn.functional.interpolate` instead.
  return target(*args, **kwargs)
D:\wsl\personal\dr\paper\toxic_compile\plan\tcc\seeds.py:246: UserWarning: `nn.functional.upsample_bilinear` is deprecated. Use `nn.functional.interpolate` instead.
  return _op(*args[:_n], *_extra, **_kw)
C:\Users\clm\AppData\Local\Python\pythoncore-3.14-64\Lib\site-packages\torch\_dynamo\utils.py:4415: UserWarning: `nn.functional.upsample_bilinear` is deprecated. Use `nn.functional.interpolate` instead.
  return node.target(*args, **kwargs)  # type: ignore[operator]
C:\Users\clm\AppData\Local\Python\pythoncore-3.14-64\Lib\site-packages\torch\fx\interpreter.py:377: UserWarning: `nn.functional.upsample_bilinear` is deprecated. Use `nn.functional.interpolate` instead.
  return target(*args, **kwargs)
C:\Users\clm\AppData\Local\Python\pythoncore-3.14-64\Lib\site-packages\torch\fx\interpreter.py:377: UserWarning: `nn.functional.upsample_bilinear` is deprecated. Use `nn.functional.interpolate` instead.
  return target(*args, **kwargs)
C:\Users\clm\AppData\Local\Python\pythoncore-3.14-64\Lib\site-packages\torch\_dynamo\utils.py:4415: UserWarning: `nn.functional.upsample_bilinear` is deprecated. Use `nn.functional.interpolate` instead.
  return node.target(*args, **kwargs)  # type: ignore[operator]
C:\Users\clm\AppData\Local\Python\pythoncore-3.14-64\Lib\site-packages\torch\fx\interpreter.py:377: UserWarning: `nn.functional.upsample_bilinear` is deprecated. Use `nn.functional.interpolate` instead.
  return target(*args, **kwargs)
C:\Users\clm\AppData\Local\Python\pythoncore-3.14-64\Lib\site-packages\torch\fx\interpreter.py:377: UserWarning: `nn.functional.upsample_bilinear` is deprecated. Use `nn.functional.interpolate` instead.
  return target(*args, **kwargs)
D:\wsl\personal\dr\paper\toxic_compile\plan\tcc\seeds.py:246: UserWarning: `nn.functional.upsample_bilinear` is deprecated. Use `nn.functional.interpolate` instead.
  return _op(*args[:_n], *_extra, **_kw)
C:\Users\clm\AppData\Local\Python\pythoncore-3.14-64\Lib\site-packages\torch\_dynamo\utils.py:4415: UserWarning: `nn.functional.upsample_bilinear` is deprecated. Use `nn.functional.interpolate` instead.
  return node.target(*args, **kwargs)  # type: ignore[operator]
C:\Users\clm\AppData\Local\Python\pythoncore-3.14-64\Lib\site-packages\torch\fx\interpreter.py:377: UserWarning: `nn.functional.upsample_bilinear` is deprecated. Use `nn.functional.interpolate` instead.
  return target(*args, **kwargs)
C:\Users\clm\AppData\Local\Python\pythoncore-3.14-64\Lib\site-packages\torch\fx\interpreter.py:377: UserWarning: `nn.functional.upsample_bilinear` is deprecated. Use `nn.functional.interpolate` instead.
  return target(*args, **kwargs)
D:\wsl\personal\dr\paper\toxic_compile\plan\tcc\seeds.py:246: UserWarning: `nn.functional.upsample_bilinear` is deprecated. Use `nn.functional.interpolate` instead.
  return _op(*args[:_n], *_extra, **_kw)
C:\Users\clm\AppData\Local\Python\pythoncore-3.14-64\Lib\site-packages\torch\_dynamo\utils.py:4415: UserWarning: `nn.functional.upsample_bilinear` is deprecated. Use `nn.functional.interpolate` instead.
  return node.target(*args, **kwargs)  # type: ignore[operator]
C:\Users\clm\AppData\Local\Python\pythoncore-3.14-64\Lib\site-packages\torch\fx\interpreter.py:377: UserWarning: `nn.functional.upsample_bilinear` is deprecated. Use `nn.functional.interpolate` instead.
  return target(*args, **kwargs)
C:\Users\clm\AppData\Local\Python\pythoncore-3.14-64\Lib\site-packages\torch\fx\interpreter.py:377: UserWarning: `nn.functional.upsample_bilinear` is deprecated. Use `nn.functional.interpolate` instead.
  return target(*args, **kwargs)
D:\wsl\personal\dr\paper\toxic_compile\plan\tcc\seeds.py:246: UserWarning: `nn.functional.upsample_bilinear` is deprecated. Use `nn.functional.interpolate` instead.
  return _op(*args[:_n], *_extra, **_kw)
C:\Users\clm\AppData\Local\Python\pythoncore-3.14-64\Lib\site-packages\torch\_dynamo\utils.py:4415: UserWarning: `nn.functional.upsample_bilinear` is deprecated. Use `nn.functional.interpolate` instead.
  return node.target(*args, **kwargs)  # type: ignore[operator]
C:\Users\clm\AppData\Local\Python\pythoncore-3.14-64\Lib\site-packages\torch\fx\interpreter.py:377: UserWarning: `nn.functional.upsample_bilinear` is deprecated. Use `nn.functional.interpolate` instead.
  return target(*args, **kwargs)
C:\Users\clm\AppData\Local\Python\pythoncore-3.14-64\Lib\site-packages\torch\fx\interpreter.py:377: UserWarning: `nn.functional.upsample_bilinear` is deprecated. Use `nn.functional.interpolate` instead.
  return target(*args, **kwargs)
C:\Users\clm\AppData\Local\Python\pythoncore-3.14-64\Lib\site-packages\torch\_dynamo\utils.py:4415: UserWarning: `nn.functional.upsample_bilinear` is deprecated. Use `nn.functional.interpolate` instead.
  return node.target(*args, **kwargs)  # type: ignore[operator]
C:\Users\clm\AppData\Local\Python\pythoncore-3.14-64\Lib\site-packages\torch\fx\interpreter.py:377: UserWarning: `nn.functional.upsample_bilinear` is deprecated. Use `nn.functional.interpolate` instead.
  return target(*args, **kwargs)
C:\Users\clm\AppData\Local\Python\pythoncore-3.14-64\Lib\site-packages\torch\fx\interpreter.py:377: UserWarning: `nn.functional.upsample_bilinear` is deprecated. Use `nn.functional.interpolate` instead.
  return target(*args, **kwargs)
D:\wsl\personal\dr\paper\toxic_compile\plan\tcc\seeds.py:246: UserWarning: `nn.functional.upsample_bilinear` is deprecated. Use `nn.functional.interpolate` instead.
  return _op(*args[:_n], *_extra, **_kw)
C:\Users\clm\AppData\Local\Python\pythoncore-3.14-64\Lib\site-packages\torch\_dynamo\utils.py:4415: UserWarning: `nn.functional.upsample_bilinear` is deprecated. Use `nn.functional.interpolate` instead.
  return node.target(*args, **kwargs)  # type: ignore[operator]
C:\Users\clm\AppData\Local\Python\pythoncore-3.14-64\Lib\site-packages\torch\fx\interpreter.py:377: UserWarning: `nn.functional.upsample_bilinear` is deprecated. Use `nn.functional.interpolate` instead.
  return target(*args, **kwargs)
C:\Users\clm\AppData\Local\Python\pythoncore-3.14-64\Lib\site-packages\torch\fx\interpreter.py:377: UserWarning: `nn.functional.upsample_bilinear` is deprecated. Use `nn.functional.interpolate` instead.
  return target(*args, **kwargs)
D:\wsl\personal\dr\paper\toxic_compile\plan\tcc\seeds.py:246: UserWarning: `nn.functional.upsample_bilinear` is deprecated. Use `nn.functional.interpolate` instead.
  return _op(*args[:_n], *_extra, **_kw)
C:\Users\clm\AppData\Local\Python\pythoncore-3.14-64\Lib\site-packages\torch\_dynamo\utils.py:4415: UserWarning: `nn.functional.upsample_bilinear` is deprecated. Use `nn.functional.interpolate` instead.
  return node.target(*args, **kwargs)  # type: ignore[operator]
C:\Users\clm\AppData\Local\Python\pythoncore-3.14-64\Lib\site-packages\torch\fx\interpreter.py:377: UserWarning: `nn.functional.upsample_bilinear` is deprecated. Use `nn.functional.interpolate` instead.
  return target(*args, **kwargs)
C:\Users\clm\AppData\Local\Python\pythoncore-3.14-64\Lib\site-packages\torch\fx\interpreter.py:377: UserWarning: `nn.functional.upsample_bilinear` is deprecated. Use `nn.functional.interpolate` instead.
  return target(*args, **kwargs)
D:\wsl\personal\dr\paper\toxic_compile\plan\tcc\seeds.py:246: UserWarning: `nn.functional.upsample_bilinear` is deprecated. Use `nn.functional.interpolate` instead.
  return _op(*args[:_n], *_extra, **_kw)
C:\Users\clm\AppData\Local\Python\pythoncore-3.14-64\Lib\site-packages\torch\_dynamo\utils.py:4415: UserWarning: `nn.functional.upsample_bilinear` is deprecated. Use `nn.functional.interpolate` instead.
  return node.target(*args, **kwargs)  # type: ignore[operator]
C:\Users\clm\AppData\Local\Python\pythoncore-3.14-64\Lib\site-packages\torch\fx\interpreter.py:377: UserWarning: `nn.functional.upsample_bilinear` is deprecated. Use `nn.functional.interpolate` instead.
  return target(*args, **kwargs)
C:\Users\clm\AppData\Local\Python\pythoncore-3.14-64\Lib\site-packages\torch\fx\interpreter.py:377: UserWarning: `nn.functional.upsample_bilinear` is deprecated. Use `nn.functional.interpolate` instead.
  return target(*args, **kwargs)
C:\Users\clm\AppData\Local\Python\pythoncore-3.14-64\Lib\site-packages\torch\_dynamo\utils.py:4415: UserWarning: `nn.functional.upsample_bilinear` is deprecated. Use `nn.functional.interpolate` instead.
  return node.target(*args, **kwargs)  # type: ignore[operator]
C:\Users\clm\AppData\Local\Python\pythoncore-3.14-64\Lib\site-packages\torch\fx\interpreter.py:377: UserWarning: `nn.functional.upsample_bilinear` is deprecated. Use `nn.functional.interpolate` instead.
  return target(*args, **kwargs)
C:\Users\clm\AppData\Local\Python\pythoncore-3.14-64\Lib\site-packages\torch\fx\interpreter.py:377: UserWarning: `nn.functional.upsample_bilinear` is deprecated. Use `nn.functional.interpolate` instead.
  return target(*args, **kwargs)
  opinfo_nn_functional_upsample_bilinear 0 candidate(s), 0 submittable, 16 tests, 59 compiles  [57.2s]
  opinfo_nn_functional_soft_margin_loss 0 candidate(s), 0 submittable, 16 tests, 57 compiles  [8.6s]
D:\wsl\personal\dr\paper\toxic_compile\plan\tcc\seeds.py:246: UserWarning: `nn.functional.upsample_nearest` is deprecated. Use `nn.functional.interpolate` instead.
  return _op(*args[:_n], *_extra, **_kw)
C:\Users\clm\AppData\Local\Python\pythoncore-3.14-64\Lib\site-packages\torch\_dynamo\utils.py:4415: UserWarning: `nn.functional.upsample_nearest` is deprecated. Use `nn.functional.interpolate` instead.
  return node.target(*args, **kwargs)  # type: ignore[operator]
<eval_with_key>.16051:6: UserWarning: `nn.functional.upsample_nearest` is deprecated. Use `nn.functional.interpolate` instead.
  upsample_nearest = torch.nn.functional.upsample_nearest(l_args_0_, scale_factor = 1.7);  l_args_0_ = None
C:\Users\clm\AppData\Local\Python\pythoncore-3.14-64\Lib\site-packages\torch\fx\interpreter.py:377: UserWarning: `nn.functional.upsample_nearest` is deprecated. Use `nn.functional.interpolate` instead.
  return target(*args, **kwargs)
C:\Users\clm\AppData\Local\Python\pythoncore-3.14-64\Lib\site-packages\torch\fx\interpreter.py:377: UserWarning: `nn.functional.upsample_nearest` is deprecated. Use `nn.functional.interpolate` instead.
  return target(*args, **kwargs)
C:\Users\clm\AppData\Local\Python\pythoncore-3.14-64\Lib\site-packages\torch\_dynamo\utils.py:4415: UserWarning: `nn.functional.upsample_nearest` is deprecated. Use `nn.functional.interpolate` instead.
  return node.target(*args, **kwargs)  # type: ignore[operator]
C:\Users\clm\AppData\Local\Python\pythoncore-3.14-64\Lib\site-packages\torch\fx\interpreter.py:377: UserWarning: `nn.functional.upsample_nearest` is deprecated. Use `nn.functional.interpolate` instead.
  return target(*args, **kwargs)
C:\Users\clm\AppData\Local\Python\pythoncore-3.14-64\Lib\site-packages\torch\fx\interpreter.py:377: UserWarning: `nn.functional.upsample_nearest` is deprecated. Use `nn.functional.interpolate` instead.
  return target(*args, **kwargs)
D:\wsl\personal\dr\paper\toxic_compile\plan\tcc\seeds.py:246: UserWarning: `nn.functional.upsample_nearest` is deprecated. Use `nn.functional.interpolate` instead.
  return _op(*args[:_n], *_extra, **_kw)
C:\Users\clm\AppData\Local\Python\pythoncore-3.14-64\Lib\site-packages\torch\_dynamo\utils.py:4415: UserWarning: `nn.functional.upsample_nearest` is deprecated. Use `nn.functional.interpolate` instead.
  return node.target(*args, **kwargs)  # type: ignore[operator]
<eval_with_key>.16056:6: UserWarning: `nn.functional.upsample_nearest` is deprecated. Use `nn.functional.interpolate` instead.
  upsample_nearest = torch.nn.functional.upsample_nearest(l_args_0_, scale_factor = 1.7);  l_args_0_ = None
C:\Users\clm\AppData\Local\Python\pythoncore-3.14-64\Lib\site-packages\torch\fx\interpreter.py:377: UserWarning: `nn.functional.upsample_nearest` is deprecated. Use `nn.functional.interpolate` instead.
  return target(*args, **kwargs)
C:\Users\clm\AppData\Local\Python\pythoncore-3.14-64\Lib\site-packages\torch\fx\interpreter.py:377: UserWarning: `nn.functional.upsample_nearest` is deprecated. Use `nn.functional.interpolate` instead.
  return target(*args, **kwargs)
C:\Users\clm\AppData\Local\Python\pythoncore-3.14-64\Lib\site-packages\torch\_dynamo\utils.py:4415: UserWarning: `nn.functional.upsample_nearest` is deprecated. Use `nn.functional.interpolate` instead.
  return node.target(*args, **kwargs)  # type: ignore[operator]
C:\Users\clm\AppData\Local\Python\pythoncore-3.14-64\Lib\site-packages\torch\fx\interpreter.py:377: UserWarning: `nn.functional.upsample_nearest` is deprecated. Use `nn.functional.interpolate` instead.
  return target(*args, **kwargs)
C:\Users\clm\AppData\Local\Python\pythoncore-3.14-64\Lib\site-packages\torch\fx\interpreter.py:377: UserWarning: `nn.functional.upsample_nearest` is deprecated. Use `nn.functional.interpolate` instead.
  return target(*args, **kwargs)
D:\wsl\personal\dr\paper\toxic_compile\plan\tcc\seeds.py:246: UserWarning: `nn.functional.upsample_nearest` is deprecated. Use `nn.functional.interpolate` instead.
  return _op(*args[:_n], *_extra, **_kw)
C:\Users\clm\AppData\Local\Python\pythoncore-3.14-64\Lib\site-packages\torch\_dynamo\utils.py:4415: UserWarning: `nn.functional.upsample_nearest` is deprecated. Use `nn.functional.interpolate` instead.
  return node.target(*args, **kwargs)  # type: ignore[operator]
C:\Users\clm\AppData\Local\Python\pythoncore-3.14-64\Lib\site-packages\torch\fx\interpreter.py:377: UserWarning: `nn.functional.upsample_nearest` is deprecated. Use `nn.functional.interpolate` instead.
  return target(*args, **kwargs)
C:\Users\clm\AppData\Local\Python\pythoncore-3.14-64\Lib\site-packages\torch\fx\interpreter.py:377: UserWarning: `nn.functional.upsample_nearest` is deprecated. Use `nn.functional.interpolate` instead.
  return target(*args, **kwargs)
D:\wsl\personal\dr\paper\toxic_compile\plan\tcc\seeds.py:246: UserWarning: `nn.functional.upsample_nearest` is deprecated. Use `nn.functional.interpolate` instead.
  return _op(*args[:_n], *_extra, **_kw)
C:\Users\clm\AppData\Local\Python\pythoncore-3.14-64\Lib\site-packages\torch\_dynamo\utils.py:4415: UserWarning: `nn.functional.upsample_nearest` is deprecated. Use `nn.functional.interpolate` instead.
  return node.target(*args, **kwargs)  # type: ignore[operator]
C:\Users\clm\AppData\Local\Python\pythoncore-3.14-64\Lib\site-packages\torch\fx\interpreter.py:377: UserWarning: `nn.functional.upsample_nearest` is deprecated. Use `nn.functional.interpolate` instead.
  return target(*args, **kwargs)
C:\Users\clm\AppData\Local\Python\pythoncore-3.14-64\Lib\site-packages\torch\fx\interpreter.py:377: UserWarning: `nn.functional.upsample_nearest` is deprecated. Use `nn.functional.interpolate` instead.
  return target(*args, **kwargs)
D:\wsl\personal\dr\paper\toxic_compile\plan\tcc\seeds.py:246: UserWarning: `nn.functional.upsample_nearest` is deprecated. Use `nn.functional.interpolate` instead.
  return _op(*args[:_n], *_extra, **_kw)
C:\Users\clm\AppData\Local\Python\pythoncore-3.14-64\Lib\site-packages\torch\_dynamo\utils.py:4415: UserWarning: `nn.functional.upsample_nearest` is deprecated. Use `nn.functional.interpolate` instead.
  return node.target(*args, **kwargs)  # type: ignore[operator]
C:\Users\clm\AppData\Local\Python\pythoncore-3.14-64\Lib\site-packages\torch\fx\interpreter.py:377: UserWarning: `nn.functional.upsample_nearest` is deprecated. Use `nn.functional.interpolate` instead.
  return target(*args, **kwargs)
C:\Users\clm\AppData\Local\Python\pythoncore-3.14-64\Lib\site-packages\torch\fx\interpreter.py:377: UserWarning: `nn.functional.upsample_nearest` is deprecated. Use `nn.functional.interpolate` instead.
  return target(*args, **kwargs)
C:\Users\clm\AppData\Local\Python\pythoncore-3.14-64\Lib\site-packages\torch\_dynamo\utils.py:4415: UserWarning: `nn.functional.upsample_nearest` is deprecated. Use `nn.functional.interpolate` instead.
  return node.target(*args, **kwargs)  # type: ignore[operator]
C:\Users\clm\AppData\Local\Python\pythoncore-3.14-64\Lib\site-packages\torch\fx\interpreter.py:377: UserWarning: `nn.functional.upsample_nearest` is deprecated. Use `nn.functional.interpolate` instead.
  return target(*args, **kwargs)
C:\Users\clm\AppData\Local\Python\pythoncore-3.14-64\Lib\site-packages\torch\fx\interpreter.py:377: UserWarning: `nn.functional.upsample_nearest` is deprecated. Use `nn.functional.interpolate` instead.
  return target(*args, **kwargs)
D:\wsl\personal\dr\paper\toxic_compile\plan\tcc\seeds.py:246: UserWarning: `nn.functional.upsample_nearest` is deprecated. Use `nn.functional.interpolate` instead.
  return _op(*args[:_n], *_extra, **_kw)
C:\Users\clm\AppData\Local\Python\pythoncore-3.14-64\Lib\site-packages\torch\_dynamo\utils.py:4415: UserWarning: `nn.functional.upsample_nearest` is deprecated. Use `nn.functional.interpolate` instead.
  return node.target(*args, **kwargs)  # type: ignore[operator]
C:\Users\clm\AppData\Local\Python\pythoncore-3.14-64\Lib\site-packages\torch\fx\interpreter.py:377: UserWarning: `nn.functional.upsample_nearest` is deprecated. Use `nn.functional.interpolate` instead.
  return target(*args, **kwargs)
C:\Users\clm\AppData\Local\Python\pythoncore-3.14-64\Lib\site-packages\torch\fx\interpreter.py:377: UserWarning: `nn.functional.upsample_nearest` is deprecated. Use `nn.functional.interpolate` instead.
  return target(*args, **kwargs)
D:\wsl\personal\dr\paper\toxic_compile\plan\tcc\seeds.py:246: UserWarning: `nn.functional.upsample_nearest` is deprecated. Use `nn.functional.interpolate` instead.
  return _op(*args[:_n], *_extra, **_kw)
C:\Users\clm\AppData\Local\Python\pythoncore-3.14-64\Lib\site-packages\torch\_dynamo\utils.py:4415: UserWarning: `nn.functional.upsample_nearest` is deprecated. Use `nn.functional.interpolate` instead.
  return node.target(*args, **kwargs)  # type: ignore[operator]
C:\Users\clm\AppData\Local\Python\pythoncore-3.14-64\Lib\site-packages\torch\fx\interpreter.py:377: UserWarning: `nn.functional.upsample_nearest` is deprecated. Use `nn.functional.interpolate` instead.
  return target(*args, **kwargs)
C:\Users\clm\AppData\Local\Python\pythoncore-3.14-64\Lib\site-packages\torch\fx\interpreter.py:377: UserWarning: `nn.functional.upsample_nearest` is deprecated. Use `nn.functional.interpolate` instead.
  return target(*args, **kwargs)
D:\wsl\personal\dr\paper\toxic_compile\plan\tcc\seeds.py:246: UserWarning: `nn.functional.upsample_nearest` is deprecated. Use `nn.functional.interpolate` instead.
  return _op(*args[:_n], *_extra, **_kw)
C:\Users\clm\AppData\Local\Python\pythoncore-3.14-64\Lib\site-packages\torch\_dynamo\utils.py:4415: UserWarning: `nn.functional.upsample_nearest` is deprecated. Use `nn.functional.interpolate` instead.
  return node.target(*args, **kwargs)  # type: ignore[operator]
C:\Users\clm\AppData\Local\Python\pythoncore-3.14-64\Lib\site-packages\torch\fx\interpreter.py:377: UserWarning: `nn.functional.upsample_nearest` is deprecated. Use `nn.functional.interpolate` instead.
  return target(*args, **kwargs)
C:\Users\clm\AppData\Local\Python\pythoncore-3.14-64\Lib\site-packages\torch\fx\interpreter.py:377: UserWarning: `nn.functional.upsample_nearest` is deprecated. Use `nn.functional.interpolate` instead.
  return target(*args, **kwargs)
C:\Users\clm\AppData\Local\Python\pythoncore-3.14-64\Lib\site-packages\torch\_dynamo\utils.py:4415: UserWarning: `nn.functional.upsample_nearest` is deprecated. Use `nn.functional.interpolate` instead.
  return node.target(*args, **kwargs)  # type: ignore[operator]
C:\Users\clm\AppData\Local\Python\pythoncore-3.14-64\Lib\site-packages\torch\fx\interpreter.py:377: UserWarning: `nn.functional.upsample_nearest` is deprecated. Use `nn.functional.interpolate` instead.
  return target(*args, **kwargs)
C:\Users\clm\AppData\Local\Python\pythoncore-3.14-64\Lib\site-packages\torch\fx\interpreter.py:377: UserWarning: `nn.functional.upsample_nearest` is deprecated. Use `nn.functional.interpolate` instead.
  return target(*args, **kwargs)
D:\wsl\personal\dr\paper\toxic_compile\plan\tcc\seeds.py:246: UserWarning: `nn.functional.upsample_nearest` is deprecated. Use `nn.functional.interpolate` instead.
  return _op(*args[:_n], *_extra, **_kw)
C:\Users\clm\AppData\Local\Python\pythoncore-3.14-64\Lib\site-packages\torch\_dynamo\utils.py:4415: UserWarning: `nn.functional.upsample_nearest` is deprecated. Use `nn.functional.interpolate` instead.
  return node.target(*args, **kwargs)  # type: ignore[operator]
<eval_with_key>.16069:6: UserWarning: `nn.functional.upsample_nearest` is deprecated. Use `nn.functional.interpolate` instead.
  upsample_nearest = torch.nn.functional.upsample_nearest(l_args_0_, scale_factor = 1.7);  l_args_0_ = None
C:\Users\clm\AppData\Local\Python\pythoncore-3.14-64\Lib\site-packages\torch\fx\interpreter.py:377: UserWarning: `nn.functional.upsample_nearest` is deprecated. Use `nn.functional.interpolate` instead.
  return target(*args, **kwargs)
C:\Users\clm\AppData\Local\Python\pythoncore-3.14-64\Lib\site-packages\torch\fx\interpreter.py:377: UserWarning: `nn.functional.upsample_nearest` is deprecated. Use `nn.functional.interpolate` instead.
  return target(*args, **kwargs)
C:\Users\clm\AppData\Local\Python\pythoncore-3.14-64\Lib\site-packages\torch\_dynamo\utils.py:4415: UserWarning: `nn.functional.upsample_nearest` is deprecated. Use `nn.functional.interpolate` instead.
  return node.target(*args, **kwargs)  # type: ignore[operator]
C:\Users\clm\AppData\Local\Python\pythoncore-3.14-64\Lib\site-packages\torch\fx\interpreter.py:377: UserWarning: `nn.functional.upsample_nearest` is deprecated. Use `nn.functional.interpolate` instead.
  return target(*args, **kwargs)
C:\Users\clm\AppData\Local\Python\pythoncore-3.14-64\Lib\site-packages\torch\fx\interpreter.py:377: UserWarning: `nn.functional.upsample_nearest` is deprecated. Use `nn.functional.interpolate` instead.
  return target(*args, **kwargs)
D:\wsl\personal\dr\paper\toxic_compile\plan\tcc\seeds.py:246: UserWarning: `nn.functional.upsample_nearest` is deprecated. Use `nn.functional.interpolate` instead.
  return _op(*args[:_n], *_extra, **_kw)
C:\Users\clm\AppData\Local\Python\pythoncore-3.14-64\Lib\site-packages\torch\_dynamo\utils.py:4415: UserWarning: `nn.functional.upsample_nearest` is deprecated. Use `nn.functional.interpolate` instead.
  return node.target(*args, **kwargs)  # type: ignore[operator]
C:\Users\clm\AppData\Local\Python\pythoncore-3.14-64\Lib\site-packages\torch\fx\interpreter.py:377: UserWarning: `nn.functional.upsample_nearest` is deprecated. Use `nn.functional.interpolate` instead.
  return target(*args, **kwargs)
C:\Users\clm\AppData\Local\Python\pythoncore-3.14-64\Lib\site-packages\torch\fx\interpreter.py:377: UserWarning: `nn.functional.upsample_nearest` is deprecated. Use `nn.functional.interpolate` instead.
  return target(*args, **kwargs)
D:\wsl\personal\dr\paper\toxic_compile\plan\tcc\seeds.py:246: UserWarning: `nn.functional.upsample_nearest` is deprecated. Use `nn.functional.interpolate` instead.
  return _op(*args[:_n], *_extra, **_kw)
C:\Users\clm\AppData\Local\Python\pythoncore-3.14-64\Lib\site-packages\torch\_dynamo\utils.py:4415: UserWarning: `nn.functional.upsample_nearest` is deprecated. Use `nn.functional.interpolate` instead.
  return node.target(*args, **kwargs)  # type: ignore[operator]
C:\Users\clm\AppData\Local\Python\pythoncore-3.14-64\Lib\site-packages\torch\fx\interpreter.py:377: UserWarning: `nn.functional.upsample_nearest` is deprecated. Use `nn.functional.interpolate` instead.
  return target(*args, **kwargs)
C:\Users\clm\AppData\Local\Python\pythoncore-3.14-64\Lib\site-packages\torch\fx\interpreter.py:377: UserWarning: `nn.functional.upsample_nearest` is deprecated. Use `nn.functional.interpolate` instead.
  return target(*args, **kwargs)
D:\wsl\personal\dr\paper\toxic_compile\plan\tcc\seeds.py:246: UserWarning: `nn.functional.upsample_nearest` is deprecated. Use `nn.functional.interpolate` instead.
  return _op(*args[:_n], *_extra, **_kw)
C:\Users\clm\AppData\Local\Python\pythoncore-3.14-64\Lib\site-packages\torch\_dynamo\utils.py:4415: UserWarning: `nn.functional.upsample_nearest` is deprecated. Use `nn.functional.interpolate` instead.
  return node.target(*args, **kwargs)  # type: ignore[operator]
C:\Users\clm\AppData\Local\Python\pythoncore-3.14-64\Lib\site-packages\torch\fx\interpreter.py:377: UserWarning: `nn.functional.upsample_nearest` is deprecated. Use `nn.functional.interpolate` instead.
  return target(*args, **kwargs)
C:\Users\clm\AppData\Local\Python\pythoncore-3.14-64\Lib\site-packages\torch\fx\interpreter.py:377: UserWarning: `nn.functional.upsample_nearest` is deprecated. Use `nn.functional.interpolate` instead.
  return target(*args, **kwargs)
C:\Users\clm\AppData\Local\Python\pythoncore-3.14-64\Lib\site-packages\torch\_dynamo\utils.py:4415: UserWarning: `nn.functional.upsample_nearest` is deprecated. Use `nn.functional.interpolate` instead.
  return node.target(*args, **kwargs)  # type: ignore[operator]
C:\Users\clm\AppData\Local\Python\pythoncore-3.14-64\Lib\site-packages\torch\fx\interpreter.py:377: UserWarning: `nn.functional.upsample_nearest` is deprecated. Use `nn.functional.interpolate` instead.
  return target(*args, **kwargs)
C:\Users\clm\AppData\Local\Python\pythoncore-3.14-64\Lib\site-packages\torch\fx\interpreter.py:377: UserWarning: `nn.functional.upsample_nearest` is deprecated. Use `nn.functional.interpolate` instead.
  return target(*args, **kwargs)
D:\wsl\personal\dr\paper\toxic_compile\plan\tcc\seeds.py:246: UserWarning: `nn.functional.upsample_nearest` is deprecated. Use `nn.functional.interpolate` instead.
  return _op(*args[:_n], *_extra, **_kw)
C:\Users\clm\AppData\Local\Python\pythoncore-3.14-64\Lib\site-packages\torch\_dynamo\utils.py:4415: UserWarning: `nn.functional.upsample_nearest` is deprecated. Use `nn.functional.interpolate` instead.
  return node.target(*args, **kwargs)  # type: ignore[operator]
C:\Users\clm\AppData\Local\Python\pythoncore-3.14-64\Lib\site-packages\torch\fx\interpreter.py:377: UserWarning: `nn.functional.upsample_nearest` is deprecated. Use `nn.functional.interpolate` instead.
  return target(*args, **kwargs)
C:\Users\clm\AppData\Local\Python\pythoncore-3.14-64\Lib\site-packages\torch\fx\interpreter.py:377: UserWarning: `nn.functional.upsample_nearest` is deprecated. Use `nn.functional.interpolate` instead.
  return target(*args, **kwargs)
D:\wsl\personal\dr\paper\toxic_compile\plan\tcc\seeds.py:246: UserWarning: `nn.functional.upsample_nearest` is deprecated. Use `nn.functional.interpolate` instead.
  return _op(*args[:_n], *_extra, **_kw)
C:\Users\clm\AppData\Local\Python\pythoncore-3.14-64\Lib\site-packages\torch\_dynamo\utils.py:4415: UserWarning: `nn.functional.upsample_nearest` is deprecated. Use `nn.functional.interpolate` instead.
  return node.target(*args, **kwargs)  # type: ignore[operator]
C:\Users\clm\AppData\Local\Python\pythoncore-3.14-64\Lib\site-packages\torch\fx\interpreter.py:377: UserWarning: `nn.functional.upsample_nearest` is deprecated. Use `nn.functional.interpolate` instead.
  return target(*args, **kwargs)
C:\Users\clm\AppData\Local\Python\pythoncore-3.14-64\Lib\site-packages\torch\fx\interpreter.py:377: UserWarning: `nn.functional.upsample_nearest` is deprecated. Use `nn.functional.interpolate` instead.
  return target(*args, **kwargs)
D:\wsl\personal\dr\paper\toxic_compile\plan\tcc\seeds.py:246: UserWarning: `nn.functional.upsample_nearest` is deprecated. Use `nn.functional.interpolate` instead.
  return _op(*args[:_n], *_extra, **_kw)
C:\Users\clm\AppData\Local\Python\pythoncore-3.14-64\Lib\site-packages\torch\_dynamo\utils.py:4415: UserWarning: `nn.functional.upsample_nearest` is deprecated. Use `nn.functional.interpolate` instead.
  return node.target(*args, **kwargs)  # type: ignore[operator]
C:\Users\clm\AppData\Local\Python\pythoncore-3.14-64\Lib\site-packages\torch\fx\interpreter.py:377: UserWarning: `nn.functional.upsample_nearest` is deprecated. Use `nn.functional.interpolate` instead.
  return target(*args, **kwargs)
C:\Users\clm\AppData\Local\Python\pythoncore-3.14-64\Lib\site-packages\torch\fx\interpreter.py:377: UserWarning: `nn.functional.upsample_nearest` is deprecated. Use `nn.functional.interpolate` instead.
  return target(*args, **kwargs)
C:\Users\clm\AppData\Local\Python\pythoncore-3.14-64\Lib\site-packages\torch\_dynamo\utils.py:4415: UserWarning: `nn.functional.upsample_nearest` is deprecated. Use `nn.functional.interpolate` instead.
  return node.target(*args, **kwargs)  # type: ignore[operator]
C:\Users\clm\AppData\Local\Python\pythoncore-3.14-64\Lib\site-packages\torch\fx\interpreter.py:377: UserWarning: `nn.functional.upsample_nearest` is deprecated. Use `nn.functional.interpolate` instead.
  return target(*args, **kwargs)
C:\Users\clm\AppData\Local\Python\pythoncore-3.14-64\Lib\site-packages\torch\fx\interpreter.py:377: UserWarning: `nn.functional.upsample_nearest` is deprecated. Use `nn.functional.interpolate` instead.
  return target(*args, **kwargs)
D:\wsl\personal\dr\paper\toxic_compile\plan\tcc\seeds.py:246: UserWarning: `nn.functional.upsample_nearest` is deprecated. Use `nn.functional.interpolate` instead.
  return _op(*args[:_n], *_extra, **_kw)
C:\Users\clm\AppData\Local\Python\pythoncore-3.14-64\Lib\site-packages\torch\_dynamo\utils.py:4415: UserWarning: `nn.functional.upsample_nearest` is deprecated. Use `nn.functional.interpolate` instead.
  return node.target(*args, **kwargs)  # type: ignore[operator]
<eval_with_key>.16094:8: UserWarning: `nn.functional.upsample_nearest` is deprecated. Use `nn.functional.interpolate` instead.
  upsample_nearest = torch.nn.functional.upsample_nearest(l_args_0_, scale_factor = item);  l_args_0_ = item = None
C:\Users\clm\AppData\Local\Python\pythoncore-3.14-64\Lib\site-packages\torch\fx\interpreter.py:377: UserWarning: `nn.functional.upsample_nearest` is deprecated. Use `nn.functional.interpolate` instead.
  return target(*args, **kwargs)
C:\Users\clm\AppData\Local\Python\pythoncore-3.14-64\Lib\site-packages\torch\fx\interpreter.py:377: UserWarning: `nn.functional.upsample_nearest` is deprecated. Use `nn.functional.interpolate` instead.
  return target(*args, **kwargs)
C:\Users\clm\AppData\Local\Python\pythoncore-3.14-64\Lib\site-packages\torch\_dynamo\utils.py:4415: UserWarning: `nn.functional.upsample_nearest` is deprecated. Use `nn.functional.interpolate` instead.
  return node.target(*args, **kwargs)  # type: ignore[operator]
C:\Users\clm\AppData\Local\Python\pythoncore-3.14-64\Lib\site-packages\torch\fx\interpreter.py:377: UserWarning: `nn.functional.upsample_nearest` is deprecated. Use `nn.functional.interpolate` instead.
  return target(*args, **kwargs)
C:\Users\clm\AppData\Local\Python\pythoncore-3.14-64\Lib\site-packages\torch\fx\interpreter.py:377: UserWarning: `nn.functional.upsample_nearest` is deprecated. Use `nn.functional.interpolate` instead.
  return target(*args, **kwargs)
C:\Users\clm\AppData\Local\Python\pythoncore-3.14-64\Lib\site-packages\torch\_dynamo\utils.py:4415: UserWarning: `nn.functional.upsample_nearest` is deprecated. Use `nn.functional.interpolate` instead.
  return node.target(*args, **kwargs)  # type: ignore[operator]
C:\Users\clm\AppData\Local\Python\pythoncore-3.14-64\Lib\site-packages\torch\fx\interpreter.py:377: UserWarning: `nn.functional.upsample_nearest` is deprecated. Use `nn.functional.interpolate` instead.
  return target(*args, **kwargs)
C:\Users\clm\AppData\Local\Python\pythoncore-3.14-64\Lib\site-packages\torch\fx\interpreter.py:377: UserWarning: `nn.functional.upsample_nearest` is deprecated. Use `nn.functional.interpolate` instead.
  return target(*args, **kwargs)
C:\Users\clm\AppData\Local\Python\pythoncore-3.14-64\Lib\site-packages\torch\_dynamo\utils.py:4415: UserWarning: `nn.functional.upsample_nearest` is deprecated. Use `nn.functional.interpolate` instead.
  return node.target(*args, **kwargs)  # type: ignore[operator]
C:\Users\clm\AppData\Local\Python\pythoncore-3.14-64\Lib\site-packages\torch\fx\interpreter.py:377: UserWarning: `nn.functional.upsample_nearest` is deprecated. Use `nn.functional.interpolate` instead.
  return target(*args, **kwargs)
C:\Users\clm\AppData\Local\Python\pythoncore-3.14-64\Lib\site-packages\torch\fx\interpreter.py:377: UserWarning: `nn.functional.upsample_nearest` is deprecated. Use `nn.functional.interpolate` instead.
  return target(*args, **kwargs)
D:\wsl\personal\dr\paper\toxic_compile\plan\tcc\seeds.py:246: UserWarning: `nn.functional.upsample_nearest` is deprecated. Use `nn.functional.interpolate` instead.
  return _op(*args[:_n], *_extra, **_kw)
C:\Users\clm\AppData\Local\Python\pythoncore-3.14-64\Lib\site-packages\torch\_dynamo\utils.py:4415: UserWarning: `nn.functional.upsample_nearest` is deprecated. Use `nn.functional.interpolate` instead.
  return node.target(*args, **kwargs)  # type: ignore[operator]
<eval_with_key>.16101:6: UserWarning: `nn.functional.upsample_nearest` is deprecated. Use `nn.functional.interpolate` instead.
  upsample_nearest = torch.nn.functional.upsample_nearest(l_args_0_, scale_factor = 1.7);  l_args_0_ = None
C:\Users\clm\AppData\Local\Python\pythoncore-3.14-64\Lib\site-packages\torch\fx\interpreter.py:377: UserWarning: `nn.functional.upsample_nearest` is deprecated. Use `nn.functional.interpolate` instead.
  return target(*args, **kwargs)
C:\Users\clm\AppData\Local\Python\pythoncore-3.14-64\Lib\site-packages\torch\fx\interpreter.py:377: UserWarning: `nn.functional.upsample_nearest` is deprecated. Use `nn.functional.interpolate` instead.
  return target(*args, **kwargs)
C:\Users\clm\AppData\Local\Python\pythoncore-3.14-64\Lib\site-packages\torch\_dynamo\utils.py:4415: UserWarning: `nn.functional.upsample_nearest` is deprecated. Use `nn.functional.interpolate` instead.
  return node.target(*args, **kwargs)  # type: ignore[operator]
C:\Users\clm\AppData\Local\Python\pythoncore-3.14-64\Lib\site-packages\torch\fx\interpreter.py:377: UserWarning: `nn.functional.upsample_nearest` is deprecated. Use `nn.functional.interpolate` instead.
  return target(*args, **kwargs)
C:\Users\clm\AppData\Local\Python\pythoncore-3.14-64\Lib\site-packages\torch\fx\interpreter.py:377: UserWarning: `nn.functional.upsample_nearest` is deprecated. Use `nn.functional.interpolate` instead.
  return target(*args, **kwargs)
D:\wsl\personal\dr\paper\toxic_compile\plan\tcc\seeds.py:246: UserWarning: `nn.functional.upsample_nearest` is deprecated. Use `nn.functional.interpolate` instead.
  return _op(*args[:_n], *_extra, **_kw)
C:\Users\clm\AppData\Local\Python\pythoncore-3.14-64\Lib\site-packages\torch\_dynamo\utils.py:4415: UserWarning: `nn.functional.upsample_nearest` is deprecated. Use `nn.functional.interpolate` instead.
  return node.target(*args, **kwargs)  # type: ignore[operator]
C:\Users\clm\AppData\Local\Python\pythoncore-3.14-64\Lib\site-packages\torch\fx\interpreter.py:377: UserWarning: `nn.functional.upsample_nearest` is deprecated. Use `nn.functional.interpolate` instead.
  return target(*args, **kwargs)
C:\Users\clm\AppData\Local\Python\pythoncore-3.14-64\Lib\site-packages\torch\fx\interpreter.py:377: UserWarning: `nn.functional.upsample_nearest` is deprecated. Use `nn.functional.interpolate` instead.
  return target(*args, **kwargs)
D:\wsl\personal\dr\paper\toxic_compile\plan\tcc\seeds.py:246: UserWarning: `nn.functional.upsample_nearest` is deprecated. Use `nn.functional.interpolate` instead.
  return _op(*args[:_n], *_extra, **_kw)
C:\Users\clm\AppData\Local\Python\pythoncore-3.14-64\Lib\site-packages\torch\_dynamo\utils.py:4415: UserWarning: `nn.functional.upsample_nearest` is deprecated. Use `nn.functional.interpolate` instead.
  return node.target(*args, **kwargs)  # type: ignore[operator]
C:\Users\clm\AppData\Local\Python\pythoncore-3.14-64\Lib\site-packages\torch\fx\interpreter.py:377: UserWarning: `nn.functional.upsample_nearest` is deprecated. Use `nn.functional.interpolate` instead.
  return target(*args, **kwargs)
C:\Users\clm\AppData\Local\Python\pythoncore-3.14-64\Lib\site-packages\torch\fx\interpreter.py:377: UserWarning: `nn.functional.upsample_nearest` is deprecated. Use `nn.functional.interpolate` instead.
  return target(*args, **kwargs)
D:\wsl\personal\dr\paper\toxic_compile\plan\tcc\seeds.py:246: UserWarning: `nn.functional.upsample_nearest` is deprecated. Use `nn.functional.interpolate` instead.
  return _op(*args[:_n], *_extra, **_kw)
C:\Users\clm\AppData\Local\Python\pythoncore-3.14-64\Lib\site-packages\torch\_dynamo\utils.py:4415: UserWarning: `nn.functional.upsample_nearest` is deprecated. Use `nn.functional.interpolate` instead.
  return node.target(*args, **kwargs)  # type: ignore[operator]
C:\Users\clm\AppData\Local\Python\pythoncore-3.14-64\Lib\site-packages\torch\fx\interpreter.py:377: UserWarning: `nn.functional.upsample_nearest` is deprecated. Use `nn.functional.interpolate` instead.
  return target(*args, **kwargs)
C:\Users\clm\AppData\Local\Python\pythoncore-3.14-64\Lib\site-packages\torch\fx\interpreter.py:377: UserWarning: `nn.functional.upsample_nearest` is deprecated. Use `nn.functional.interpolate` instead.
  return target(*args, **kwargs)
C:\Users\clm\AppData\Local\Python\pythoncore-3.14-64\Lib\site-packages\torch\_dynamo\utils.py:4415: UserWarning: `nn.functional.upsample_nearest` is deprecated. Use `nn.functional.interpolate` instead.
  return node.target(*args, **kwargs)  # type: ignore[operator]
C:\Users\clm\AppData\Local\Python\pythoncore-3.14-64\Lib\site-packages\torch\fx\interpreter.py:377: UserWarning: `nn.functional.upsample_nearest` is deprecated. Use `nn.functional.interpolate` instead.
  return target(*args, **kwargs)
C:\Users\clm\AppData\Local\Python\pythoncore-3.14-64\Lib\site-packages\torch\fx\interpreter.py:377: UserWarning: `nn.functional.upsample_nearest` is deprecated. Use `nn.functional.interpolate` instead.
  return target(*args, **kwargs)
D:\wsl\personal\dr\paper\toxic_compile\plan\tcc\seeds.py:246: UserWarning: `nn.functional.upsample_nearest` is deprecated. Use `nn.functional.interpolate` instead.
  return _op(*args[:_n], *_extra, **_kw)
C:\Users\clm\AppData\Local\Python\pythoncore-3.14-64\Lib\site-packages\torch\_dynamo\utils.py:4415: UserWarning: `nn.functional.upsample_nearest` is deprecated. Use `nn.functional.interpolate` instead.
  return node.target(*args, **kwargs)  # type: ignore[operator]
C:\Users\clm\AppData\Local\Python\pythoncore-3.14-64\Lib\site-packages\torch\fx\interpreter.py:377: UserWarning: `nn.functional.upsample_nearest` is deprecated. Use `nn.functional.interpolate` instead.
  return target(*args, **kwargs)
C:\Users\clm\AppData\Local\Python\pythoncore-3.14-64\Lib\site-packages\torch\fx\interpreter.py:377: UserWarning: `nn.functional.upsample_nearest` is deprecated. Use `nn.functional.interpolate` instead.
  return target(*args, **kwargs)
D:\wsl\personal\dr\paper\toxic_compile\plan\tcc\seeds.py:246: UserWarning: `nn.functional.upsample_nearest` is deprecated. Use `nn.functional.interpolate` instead.
  return _op(*args[:_n], *_extra, **_kw)
C:\Users\clm\AppData\Local\Python\pythoncore-3.14-64\Lib\site-packages\torch\_dynamo\utils.py:4415: UserWarning: `nn.functional.upsample_nearest` is deprecated. Use `nn.functional.interpolate` instead.
  return node.target(*args, **kwargs)  # type: ignore[operator]
C:\Users\clm\AppData\Local\Python\pythoncore-3.14-64\Lib\site-packages\torch\fx\interpreter.py:377: UserWarning: `nn.functional.upsample_nearest` is deprecated. Use `nn.functional.interpolate` instead.
  return target(*args, **kwargs)
C:\Users\clm\AppData\Local\Python\pythoncore-3.14-64\Lib\site-packages\torch\fx\interpreter.py:377: UserWarning: `nn.functional.upsample_nearest` is deprecated. Use `nn.functional.interpolate` instead.
  return target(*args, **kwargs)
D:\wsl\personal\dr\paper\toxic_compile\plan\tcc\seeds.py:246: UserWarning: `nn.functional.upsample_nearest` is deprecated. Use `nn.functional.interpolate` instead.
  return _op(*args[:_n], *_extra, **_kw)
C:\Users\clm\AppData\Local\Python\pythoncore-3.14-64\Lib\site-packages\torch\_dynamo\utils.py:4415: UserWarning: `nn.functional.upsample_nearest` is deprecated. Use `nn.functional.interpolate` instead.
  return node.target(*args, **kwargs)  # type: ignore[operator]
C:\Users\clm\AppData\Local\Python\pythoncore-3.14-64\Lib\site-packages\torch\fx\interpreter.py:377: UserWarning: `nn.functional.upsample_nearest` is deprecated. Use `nn.functional.interpolate` instead.
  return target(*args, **kwargs)
C:\Users\clm\AppData\Local\Python\pythoncore-3.14-64\Lib\site-packages\torch\fx\interpreter.py:377: UserWarning: `nn.functional.upsample_nearest` is deprecated. Use `nn.functional.interpolate` instead.
  return target(*args, **kwargs)
C:\Users\clm\AppData\Local\Python\pythoncore-3.14-64\Lib\site-packages\torch\_dynamo\utils.py:4415: UserWarning: `nn.functional.upsample_nearest` is deprecated. Use `nn.functional.interpolate` instead.
  return node.target(*args, **kwargs)  # type: ignore[operator]
C:\Users\clm\AppData\Local\Python\pythoncore-3.14-64\Lib\site-packages\torch\fx\interpreter.py:377: UserWarning: `nn.functional.upsample_nearest` is deprecated. Use `nn.functional.interpolate` instead.
  return target(*args, **kwargs)
C:\Users\clm\AppData\Local\Python\pythoncore-3.14-64\Lib\site-packages\torch\fx\interpreter.py:377: UserWarning: `nn.functional.upsample_nearest` is deprecated. Use `nn.functional.interpolate` instead.
  return target(*args, **kwargs)
D:\wsl\personal\dr\paper\toxic_compile\plan\tcc\seeds.py:246: UserWarning: `nn.functional.upsample_nearest` is deprecated. Use `nn.functional.interpolate` instead.
  return _op(*args[:_n], *_extra, **_kw)
C:\Users\clm\AppData\Local\Python\pythoncore-3.14-64\Lib\site-packages\torch\_dynamo\utils.py:4415: UserWarning: `nn.functional.upsample_nearest` is deprecated. Use `nn.functional.interpolate` instead.
  return node.target(*args, **kwargs)  # type: ignore[operator]
<eval_with_key>.16114:6: UserWarning: `nn.functional.upsample_nearest` is deprecated. Use `nn.functional.interpolate` instead.
  upsample_nearest = torch.nn.functional.upsample_nearest(l_args_0_, scale_factor = 1.7);  l_args_0_ = None
C:\Users\clm\AppData\Local\Python\pythoncore-3.14-64\Lib\site-packages\torch\fx\interpreter.py:377: UserWarning: `nn.functional.upsample_nearest` is deprecated. Use `nn.functional.interpolate` instead.
  return target(*args, **kwargs)
C:\Users\clm\AppData\Local\Python\pythoncore-3.14-64\Lib\site-packages\torch\fx\interpreter.py:377: UserWarning: `nn.functional.upsample_nearest` is deprecated. Use `nn.functional.interpolate` instead.
  return target(*args, **kwargs)
C:\Users\clm\AppData\Local\Python\pythoncore-3.14-64\Lib\site-packages\torch\_dynamo\utils.py:4415: UserWarning: `nn.functional.upsample_nearest` is deprecated. Use `nn.functional.interpolate` instead.
  return node.target(*args, **kwargs)  # type: ignore[operator]
C:\Users\clm\AppData\Local\Python\pythoncore-3.14-64\Lib\site-packages\torch\fx\interpreter.py:377: UserWarning: `nn.functional.upsample_nearest` is deprecated. Use `nn.functional.interpolate` instead.
  return target(*args, **kwargs)
C:\Users\clm\AppData\Local\Python\pythoncore-3.14-64\Lib\site-packages\torch\fx\interpreter.py:377: UserWarning: `nn.functional.upsample_nearest` is deprecated. Use `nn.functional.interpolate` instead.
  return target(*args, **kwargs)
D:\wsl\personal\dr\paper\toxic_compile\plan\tcc\seeds.py:246: UserWarning: `nn.functional.upsample_nearest` is deprecated. Use `nn.functional.interpolate` instead.
  return _op(*args[:_n], *_extra, **_kw)
C:\Users\clm\AppData\Local\Python\pythoncore-3.14-64\Lib\site-packages\torch\_dynamo\utils.py:4415: UserWarning: `nn.functional.upsample_nearest` is deprecated. Use `nn.functional.interpolate` instead.
  return node.target(*args, **kwargs)  # type: ignore[operator]
<eval_with_key>.16119:6: UserWarning: `nn.functional.upsample_nearest` is deprecated. Use `nn.functional.interpolate` instead.
  upsample_nearest = torch.nn.functional.upsample_nearest(l_args_0_, scale_factor = 1.7);  l_args_0_ = None
C:\Users\clm\AppData\Local\Python\pythoncore-3.14-64\Lib\site-packages\torch\fx\interpreter.py:377: UserWarning: `nn.functional.upsample_nearest` is deprecated. Use `nn.functional.interpolate` instead.
  return target(*args, **kwargs)
C:\Users\clm\AppData\Local\Python\pythoncore-3.14-64\Lib\site-packages\torch\fx\interpreter.py:377: UserWarning: `nn.functional.upsample_nearest` is deprecated. Use `nn.functional.interpolate` instead.
  return target(*args, **kwargs)
C:\Users\clm\AppData\Local\Python\pythoncore-3.14-64\Lib\site-packages\torch\_dynamo\utils.py:4415: UserWarning: `nn.functional.upsample_nearest` is deprecated. Use `nn.functional.interpolate` instead.
  return node.target(*args, **kwargs)  # type: ignore[operator]
C:\Users\clm\AppData\Local\Python\pythoncore-3.14-64\Lib\site-packages\torch\fx\interpreter.py:377: UserWarning: `nn.functional.upsample_nearest` is deprecated. Use `nn.functional.interpolate` instead.
  return target(*args, **kwargs)
C:\Users\clm\AppData\Local\Python\pythoncore-3.14-64\Lib\site-packages\torch\fx\interpreter.py:377: UserWarning: `nn.functional.upsample_nearest` is deprecated. Use `nn.functional.interpolate` instead.
  return target(*args, **kwargs)
D:\wsl\personal\dr\paper\toxic_compile\plan\tcc\seeds.py:246: UserWarning: `nn.functional.upsample_nearest` is deprecated. Use `nn.functional.interpolate` instead.
  return _op(*args[:_n], *_extra, **_kw)
C:\Users\clm\AppData\Local\Python\pythoncore-3.14-64\Lib\site-packages\torch\_dynamo\utils.py:4415: UserWarning: `nn.functional.upsample_nearest` is deprecated. Use `nn.functional.interpolate` instead.
  return node.target(*args, **kwargs)  # type: ignore[operator]
C:\Users\clm\AppData\Local\Python\pythoncore-3.14-64\Lib\site-packages\torch\fx\interpreter.py:377: UserWarning: `nn.functional.upsample_nearest` is deprecated. Use `nn.functional.interpolate` instead.
  return target(*args, **kwargs)
C:\Users\clm\AppData\Local\Python\pythoncore-3.14-64\Lib\site-packages\torch\fx\interpreter.py:377: UserWarning: `nn.functional.upsample_nearest` is deprecated. Use `nn.functional.interpolate` instead.
  return target(*args, **kwargs)
D:\wsl\personal\dr\paper\toxic_compile\plan\tcc\seeds.py:246: UserWarning: `nn.functional.upsample_nearest` is deprecated. Use `nn.functional.interpolate` instead.
  return _op(*args[:_n], *_extra, **_kw)
C:\Users\clm\AppData\Local\Python\pythoncore-3.14-64\Lib\site-packages\torch\_dynamo\utils.py:4415: UserWarning: `nn.functional.upsample_nearest` is deprecated. Use `nn.functional.interpolate` instead.
  return node.target(*args, **kwargs)  # type: ignore[operator]
C:\Users\clm\AppData\Local\Python\pythoncore-3.14-64\Lib\site-packages\torch\fx\interpreter.py:377: UserWarning: `nn.functional.upsample_nearest` is deprecated. Use `nn.functional.interpolate` instead.
  return target(*args, **kwargs)
C:\Users\clm\AppData\Local\Python\pythoncore-3.14-64\Lib\site-packages\torch\fx\interpreter.py:377: UserWarning: `nn.functional.upsample_nearest` is deprecated. Use `nn.functional.interpolate` instead.
  return target(*args, **kwargs)
D:\wsl\personal\dr\paper\toxic_compile\plan\tcc\seeds.py:246: UserWarning: `nn.functional.upsample_nearest` is deprecated. Use `nn.functional.interpolate` instead.
  return _op(*args[:_n], *_extra, **_kw)
C:\Users\clm\AppData\Local\Python\pythoncore-3.14-64\Lib\site-packages\torch\_dynamo\utils.py:4415: UserWarning: `nn.functional.upsample_nearest` is deprecated. Use `nn.functional.interpolate` instead.
  return node.target(*args, **kwargs)  # type: ignore[operator]
C:\Users\clm\AppData\Local\Python\pythoncore-3.14-64\Lib\site-packages\torch\fx\interpreter.py:377: UserWarning: `nn.functional.upsample_nearest` is deprecated. Use `nn.functional.interpolate` instead.
  return target(*args, **kwargs)
C:\Users\clm\AppData\Local\Python\pythoncore-3.14-64\Lib\site-packages\torch\fx\interpreter.py:377: UserWarning: `nn.functional.upsample_nearest` is deprecated. Use `nn.functional.interpolate` instead.
  return target(*args, **kwargs)
C:\Users\clm\AppData\Local\Python\pythoncore-3.14-64\Lib\site-packages\torch\_dynamo\utils.py:4415: UserWarning: `nn.functional.upsample_nearest` is deprecated. Use `nn.functional.interpolate` instead.
  return node.target(*args, **kwargs)  # type: ignore[operator]
C:\Users\clm\AppData\Local\Python\pythoncore-3.14-64\Lib\site-packages\torch\fx\interpreter.py:377: UserWarning: `nn.functional.upsample_nearest` is deprecated. Use `nn.functional.interpolate` instead.
  return target(*args, **kwargs)
C:\Users\clm\AppData\Local\Python\pythoncore-3.14-64\Lib\site-packages\torch\fx\interpreter.py:377: UserWarning: `nn.functional.upsample_nearest` is deprecated. Use `nn.functional.interpolate` instead.
  return target(*args, **kwargs)
D:\wsl\personal\dr\paper\toxic_compile\plan\tcc\seeds.py:246: UserWarning: `nn.functional.upsample_nearest` is deprecated. Use `nn.functional.interpolate` instead.
  return _op(*args[:_n], *_extra, **_kw)
C:\Users\clm\AppData\Local\Python\pythoncore-3.14-64\Lib\site-packages\torch\_dynamo\utils.py:4415: UserWarning: `nn.functional.upsample_nearest` is deprecated. Use `nn.functional.interpolate` instead.
  return node.target(*args, **kwargs)  # type: ignore[operator]
C:\Users\clm\AppData\Local\Python\pythoncore-3.14-64\Lib\site-packages\torch\fx\interpreter.py:377: UserWarning: `nn.functional.upsample_nearest` is deprecated. Use `nn.functional.interpolate` instead.
  return target(*args, **kwargs)
C:\Users\clm\AppData\Local\Python\pythoncore-3.14-64\Lib\site-packages\torch\fx\interpreter.py:377: UserWarning: `nn.functional.upsample_nearest` is deprecated. Use `nn.functional.interpolate` instead.
  return target(*args, **kwargs)
D:\wsl\personal\dr\paper\toxic_compile\plan\tcc\seeds.py:246: UserWarning: `nn.functional.upsample_nearest` is deprecated. Use `nn.functional.interpolate` instead.
  return _op(*args[:_n], *_extra, **_kw)
C:\Users\clm\AppData\Local\Python\pythoncore-3.14-64\Lib\site-packages\torch\_dynamo\utils.py:4415: UserWarning: `nn.functional.upsample_nearest` is deprecated. Use `nn.functional.interpolate` instead.
  return node.target(*args, **kwargs)  # type: ignore[operator]
C:\Users\clm\AppData\Local\Python\pythoncore-3.14-64\Lib\site-packages\torch\fx\interpreter.py:377: UserWarning: `nn.functional.upsample_nearest` is deprecated. Use `nn.functional.interpolate` instead.
  return target(*args, **kwargs)
C:\Users\clm\AppData\Local\Python\pythoncore-3.14-64\Lib\site-packages\torch\fx\interpreter.py:377: UserWarning: `nn.functional.upsample_nearest` is deprecated. Use `nn.functional.interpolate` instead.
  return target(*args, **kwargs)
D:\wsl\personal\dr\paper\toxic_compile\plan\tcc\seeds.py:246: UserWarning: `nn.functional.upsample_nearest` is deprecated. Use `nn.functional.interpolate` instead.
  return _op(*args[:_n], *_extra, **_kw)
C:\Users\clm\AppData\Local\Python\pythoncore-3.14-64\Lib\site-packages\torch\_dynamo\utils.py:4415: UserWarning: `nn.functional.upsample_nearest` is deprecated. Use `nn.functional.interpolate` instead.
  return node.target(*args, **kwargs)  # type: ignore[operator]
C:\Users\clm\AppData\Local\Python\pythoncore-3.14-64\Lib\site-packages\torch\fx\interpreter.py:377: UserWarning: `nn.functional.upsample_nearest` is deprecated. Use `nn.functional.interpolate` instead.
  return target(*args, **kwargs)
C:\Users\clm\AppData\Local\Python\pythoncore-3.14-64\Lib\site-packages\torch\fx\interpreter.py:377: UserWarning: `nn.functional.upsample_nearest` is deprecated. Use `nn.functional.interpolate` instead.
  return target(*args, **kwargs)
C:\Users\clm\AppData\Local\Python\pythoncore-3.14-64\Lib\site-packages\torch\_dynamo\utils.py:4415: UserWarning: `nn.functional.upsample_nearest` is deprecated. Use `nn.functional.interpolate` instead.
  return node.target(*args, **kwargs)  # type: ignore[operator]
C:\Users\clm\AppData\Local\Python\pythoncore-3.14-64\Lib\site-packages\torch\fx\interpreter.py:377: UserWarning: `nn.functional.upsample_nearest` is deprecated. Use `nn.functional.interpolate` instead.
  return target(*args, **kwargs)
C:\Users\clm\AppData\Local\Python\pythoncore-3.14-64\Lib\site-packages\torch\fx\interpreter.py:377: UserWarning: `nn.functional.upsample_nearest` is deprecated. Use `nn.functional.interpolate` instead.
  return target(*args, **kwargs)
D:\wsl\personal\dr\paper\toxic_compile\plan\tcc\seeds.py:246: UserWarning: `nn.functional.upsample_nearest` is deprecated. Use `nn.functional.interpolate` instead.
  return _op(*args[:_n], *_extra, **_kw)
C:\Users\clm\AppData\Local\Python\pythoncore-3.14-64\Lib\site-packages\torch\_dynamo\utils.py:4415: UserWarning: `nn.functional.upsample_nearest` is deprecated. Use `nn.functional.interpolate` instead.
  return node.target(*args, **kwargs)  # type: ignore[operator]
C:\Users\clm\AppData\Local\Python\pythoncore-3.14-64\Lib\site-packages\torch\fx\interpreter.py:377: UserWarning: `nn.functional.upsample_nearest` is deprecated. Use `nn.functional.interpolate` instead.
  return target(*args, **kwargs)
C:\Users\clm\AppData\Local\Python\pythoncore-3.14-64\Lib\site-packages\torch\fx\interpreter.py:377: UserWarning: `nn.functional.upsample_nearest` is deprecated. Use `nn.functional.interpolate` instead.
  return target(*args, **kwargs)
D:\wsl\personal\dr\paper\toxic_compile\plan\tcc\seeds.py:246: UserWarning: `nn.functional.upsample_nearest` is deprecated. Use `nn.functional.interpolate` instead.
  return _op(*args[:_n], *_extra, **_kw)
C:\Users\clm\AppData\Local\Python\pythoncore-3.14-64\Lib\site-packages\torch\_dynamo\utils.py:4415: UserWarning: `nn.functional.upsample_nearest` is deprecated. Use `nn.functional.interpolate` instead.
  return node.target(*args, **kwargs)  # type: ignore[operator]
C:\Users\clm\AppData\Local\Python\pythoncore-3.14-64\Lib\site-packages\torch\fx\interpreter.py:377: UserWarning: `nn.functional.upsample_nearest` is deprecated. Use `nn.functional.interpolate` instead.
  return target(*args, **kwargs)
C:\Users\clm\AppData\Local\Python\pythoncore-3.14-64\Lib\site-packages\torch\fx\interpreter.py:377: UserWarning: `nn.functional.upsample_nearest` is deprecated. Use `nn.functional.interpolate` instead.
  return target(*args, **kwargs)
D:\wsl\personal\dr\paper\toxic_compile\plan\tcc\seeds.py:246: UserWarning: `nn.functional.upsample_nearest` is deprecated. Use `nn.functional.interpolate` instead.
  return _op(*args[:_n], *_extra, **_kw)
C:\Users\clm\AppData\Local\Python\pythoncore-3.14-64\Lib\site-packages\torch\_dynamo\utils.py:4415: UserWarning: `nn.functional.upsample_nearest` is deprecated. Use `nn.functional.interpolate` instead.
  return node.target(*args, **kwargs)  # type: ignore[operator]
C:\Users\clm\AppData\Local\Python\pythoncore-3.14-64\Lib\site-packages\torch\fx\interpreter.py:377: UserWarning: `nn.functional.upsample_nearest` is deprecated. Use `nn.functional.interpolate` instead.
  return target(*args, **kwargs)
C:\Users\clm\AppData\Local\Python\pythoncore-3.14-64\Lib\site-packages\torch\fx\interpreter.py:377: UserWarning: `nn.functional.upsample_nearest` is deprecated. Use `nn.functional.interpolate` instead.
  return target(*args, **kwargs)
C:\Users\clm\AppData\Local\Python\pythoncore-3.14-64\Lib\site-packages\torch\_dynamo\utils.py:4415: UserWarning: `nn.functional.upsample_nearest` is deprecated. Use `nn.functional.interpolate` instead.
  return node.target(*args, **kwargs)  # type: ignore[operator]
C:\Users\clm\AppData\Local\Python\pythoncore-3.14-64\Lib\site-packages\torch\fx\interpreter.py:377: UserWarning: `nn.functional.upsample_nearest` is deprecated. Use `nn.functional.interpolate` instead.
  return target(*args, **kwargs)
C:\Users\clm\AppData\Local\Python\pythoncore-3.14-64\Lib\site-packages\torch\fx\interpreter.py:377: UserWarning: `nn.functional.upsample_nearest` is deprecated. Use `nn.functional.interpolate` instead.
  return target(*args, **kwargs)
  opinfo_nn_functional_upsample_nearest 0 candidate(s), 0 submittable, 16 tests, 59 compiles  [23.5s]
  opinfo_nn_functional_margin_ranking_loss 0 candidate(s), 0 submittable, 13 tests, 30 compiles  [14.9s]
  opinfo_nn_functional_multi_margin_loss 1 candidate(s), 1 submittable, 8 tests, 28 compiles  [29.6s]
    * high   aot_functionalization  dtype                11ddea7fd13c
  opinfo_nn_functional_multilabel_margin_loss 0 candidate(s), 0 submittable, 9 tests, 31 compiles  [14.4s]
  opinfo_nn_functional_leaky_relu 0 candidate(s), 0 submittable, 16 tests, 57 compiles  [7.2s]
  opinfo_nn_functional_multilabel_soft_margin_loss 0 candidate(s), 0 submittable, 13 tests, 45 compiles  [20.4s]
  opinfo_nn_functional_avg_pool2d 0 candidate(s), 0 submittable, 16 tests, 57 compiles  [37.3s]
  opinfo_nn_functional_fractional_max_pool2d 0 candidate(s), 0 submittable, 16 tests, 0 compiles  [8.6s]
  opinfo_nn_functional_fractional_max_pool3d 0 candidate(s), 0 submittable, 16 tests, 0 compiles  [5.8s]
  opinfo_nn_functional_max_pool1d 0 candidate(s), 0 submittable, 16 tests, 56 compiles  [50.8s]
  opinfo_nn_functional_max_pool2d 0 candidate(s), 0 submittable, 16 tests, 56 compiles  [31.6s]
  opinfo_nn_functional_max_pool3d 0 candidate(s), 0 submittable, 16 tests, 56 compiles  [42.3s]
  opinfo_nn_functional_max_unpool1d 0 candidate(s), 0 submittable, 16 tests, 57 compiles  [29.0s]
  opinfo_nn_functional_max_unpool1d_grad 0 candidate(s), 0 submittable, 16 tests, 57 compiles  [27.3s]
  opinfo_nn_functional_max_unpool2d 0 candidate(s), 0 submittable, 16 tests, 57 compiles  [31.7s]
  opinfo_nn_functional_max_unpool2d_grad 0 candidate(s), 0 submittable, 16 tests, 56 compiles  [29.1s]
  opinfo_nn_functional_max_unpool3d 0 candidate(s), 0 submittable, 16 tests, 57 compiles  [31.5s]
  opinfo_nn_functional_max_unpool3d_grad 0 candidate(s), 0 submittable, 16 tests, 57 compiles  [24.5s]
  opinfo_nn_functional_linear 0 candidate(s), 0 submittable, 16 tests, 57 compiles  [9.0s]
  opinfo_nn_functional_bilinear 0 candidate(s), 0 submittable, 16 tests, 57 compiles  [22.0s]
E0908 11:40:22.000000 2848 site-packages\torch\_subclasses\fake_tensor.py:3212] [0/0] failed while attempting to run meta for aten.glu.default
E0908 11:40:22.000000 2848 site-packages\torch\_subclasses\fake_tensor.py:3212] [0/0] Traceback (most recent call last):
E0908 11:40:22.000000 2848 site-packages\torch\_subclasses\fake_tensor.py:3212] [0/0]   File "C:\Users\clm\AppData\Local\Python\pythoncore-3.14-64\Lib\site-packages\torch\_subclasses\fake_tensor.py", line 3208, in _dispatch_impl
E0908 11:40:22.000000 2848 site-packages\torch\_subclasses\fake_tensor.py:3212] [0/0]     r = func(*args, **kwargs)
E0908 11:40:22.000000 2848 site-packages\torch\_subclasses\fake_tensor.py:3212] [0/0]   File "C:\Users\clm\AppData\Local\Python\pythoncore-3.14-64\Lib\site-packages\torch\_ops.py", line 916, in __call__
E0908 11:40:22.000000 2848 site-packages\torch\_subclasses\fake_tensor.py:3212] [0/0]     return self._op(*args, **kwargs)
E0908 11:40:22.000000 2848 site-packages\torch\_subclasses\fake_tensor.py:3212] [0/0]            ~~~~~~~~^^^^^^^^^^^^^^^^^
E0908 11:40:22.000000 2848 site-packages\torch\_subclasses\fake_tensor.py:3212] [0/0]   File "C:\Users\clm\AppData\Local\Python\pythoncore-3.14-64\Lib\site-packages\torch\_prims_common\wrappers.py", line 313, in _fn
E0908 11:40:22.000000 2848 site-packages\torch\_subclasses\fake_tensor.py:3212] [0/0]     result = fn(*args, **kwargs)
E0908 11:40:22.000000 2848 site-packages\torch\_subclasses\fake_tensor.py:3212] [0/0]   File "C:\Users\clm\AppData\Local\Python\pythoncore-3.14-64\Lib\site-packages\torch\_compile.py", line 54, in inner
E0908 11:40:22.000000 2848 site-packages\torch\_subclasses\fake_tensor.py:3212] [0/0]     return disable_fn(*args, **kwargs)
E0908 11:40:22.000000 2848 site-packages\torch\_subclasses\fake_tensor.py:3212] [0/0]   File "C:\Users\clm\AppData\Local\Python\pythoncore-3.14-64\Lib\site-packages\torch\_dynamo\eval_frame.py", line 1548, in _fn
E0908 11:40:22.000000 2848 site-packages\torch\_subclasses\fake_tensor.py:3212] [0/0]     return fn(*args, **kwargs)
E0908 11:40:22.000000 2848 site-packages\torch\_subclasses\fake_tensor.py:3212] [0/0]   File "C:\Users\clm\AppData\Local\Python\pythoncore-3.14-64\Lib\site-packages\torch\_prims_common\wrappers.py", line 151, in _fn
E0908 11:40:22.000000 2848 site-packages\torch\_subclasses\fake_tensor.py:3212] [0/0]     result = fn(**bound.arguments)
E0908 11:40:22.000000 2848 site-packages\torch\_subclasses\fake_tensor.py:3212] [0/0]   File "C:\Users\clm\AppData\Local\Python\pythoncore-3.14-64\Lib\site-packages\torch\_refs\nn\functional\__init__.py", line 1245, in glu
E0908 11:40:22.000000 2848 site-packages\torch\_subclasses\fake_tensor.py:3212] [0/0]     torch._check(
E0908 11:40:22.000000 2848 site-packages\torch\_subclasses\fake_tensor.py:3212] [0/0]     ~~~~~~~~~~~~^
E0908 11:40:22.000000 2848 site-packages\torch\_subclasses\fake_tensor.py:3212] [0/0]         a.shape[dim] % 2 == 0,
E0908 11:40:22.000000 2848 site-packages\torch\_subclasses\fake_tensor.py:3212] [0/0]         ^^^^^^^^^^^^^^^^^^^^^^
E0908 11:40:22.000000 2848 site-packages\torch\_subclasses\fake_tensor.py:3212] [0/0]         lambda: f"Halving dimension must be even, but dimension {dim} is size {a.shape[dim]}",
E0908 11:40:22.000000 2848 site-packages\torch\_subclasses\fake_tensor.py:3212] [0/0]         ^^^^^^^^^^^^^^^^^^^^^^^^^^^^^^^^^^^^^^^^^^^^^^^^^^^^^^^^^^^^^^^^^^^^^^^^^^^^^^^^^^^^^^
E0908 11:40:22.000000 2848 site-packages\torch\_subclasses\fake_tensor.py:3212] [0/0]     )
E0908 11:40:22.000000 2848 site-packages\torch\_subclasses\fake_tensor.py:3212] [0/0]     ^
E0908 11:40:22.000000 2848 site-packages\torch\_subclasses\fake_tensor.py:3212] [0/0]   File "C:\Users\clm\AppData\Local\Python\pythoncore-3.14-64\Lib\site-packages\torch\__init__.py", line 2140, in _check
E0908 11:40:22.000000 2848 site-packages\torch\_subclasses\fake_tensor.py:3212] [0/0]     _check_with(RuntimeError, cond, message)
E0908 11:40:22.000000 2848 site-packages\torch\_subclasses\fake_tensor.py:3212] [0/0]     ~~~~~~~~~~~^^^^^^^^^^^^^^^^^^^^^^^^^^^^^
E0908 11:40:22.000000 2848 site-packages\torch\_subclasses\fake_tensor.py:3212] [0/0]   File "C:\Users\clm\AppData\Local\Python\pythoncore-3.14-64\Lib\site-packages\torch\__init__.py", line 2118, in _check_with
E0908 11:40:22.000000 2848 site-packages\torch\_subclasses\fake_tensor.py:3212] [0/0]     raise error_type(message_evaluated)
E0908 11:40:22.000000 2848 site-packages\torch\_subclasses\fake_tensor.py:3212] [0/0] RuntimeError: Halving dimension must be even, but dimension 0 is size 1
E0908 11:40:22.025000 2848 site-packages\torch\_subclasses\fake_tensor.py:3212] [0/0] failed while attempting to run meta for aten.glu.default
E0908 11:40:22.025000 2848 site-packages\torch\_subclasses\fake_tensor.py:3212] [0/0] Traceback (most recent call last):
E0908 11:40:22.025000 2848 site-packages\torch\_subclasses\fake_tensor.py:3212] [0/0]   File "C:\Users\clm\AppData\Local\Python\pythoncore-3.14-64\Lib\site-packages\torch\_subclasses\fake_tensor.py", line 3208, in _dispatch_impl
E0908 11:40:22.025000 2848 site-packages\torch\_subclasses\fake_tensor.py:3212] [0/0]     r = func(*args, **kwargs)
E0908 11:40:22.025000 2848 site-packages\torch\_subclasses\fake_tensor.py:3212] [0/0]   File "C:\Users\clm\AppData\Local\Python\pythoncore-3.14-64\Lib\site-packages\torch\_ops.py", line 916, in __call__
E0908 11:40:22.025000 2848 site-packages\torch\_subclasses\fake_tensor.py:3212] [0/0]     return self._op(*args, **kwargs)
E0908 11:40:22.025000 2848 site-packages\torch\_subclasses\fake_tensor.py:3212] [0/0]            ~~~~~~~~^^^^^^^^^^^^^^^^^
E0908 11:40:22.025000 2848 site-packages\torch\_subclasses\fake_tensor.py:3212] [0/0]   File "C:\Users\clm\AppData\Local\Python\pythoncore-3.14-64\Lib\site-packages\torch\_prims_common\wrappers.py", line 313, in _fn
E0908 11:40:22.025000 2848 site-packages\torch\_subclasses\fake_tensor.py:3212] [0/0]     result = fn(*args, **kwargs)
E0908 11:40:22.025000 2848 site-packages\torch\_subclasses\fake_tensor.py:3212] [0/0]   File "C:\Users\clm\AppData\Local\Python\pythoncore-3.14-64\Lib\site-packages\torch\_compile.py", line 54, in inner
E0908 11:40:22.025000 2848 site-packages\torch\_subclasses\fake_tensor.py:3212] [0/0]     return disable_fn(*args, **kwargs)
E0908 11:40:22.025000 2848 site-packages\torch\_subclasses\fake_tensor.py:3212] [0/0]   File "C:\Users\clm\AppData\Local\Python\pythoncore-3.14-64\Lib\site-packages\torch\_dynamo\eval_frame.py", line 1548, in _fn
E0908 11:40:22.025000 2848 site-packages\torch\_subclasses\fake_tensor.py:3212] [0/0]     return fn(*args, **kwargs)
E0908 11:40:22.025000 2848 site-packages\torch\_subclasses\fake_tensor.py:3212] [0/0]   File "C:\Users\clm\AppData\Local\Python\pythoncore-3.14-64\Lib\site-packages\torch\_prims_common\wrappers.py", line 151, in _fn
E0908 11:40:22.025000 2848 site-packages\torch\_subclasses\fake_tensor.py:3212] [0/0]     result = fn(**bound.arguments)
E0908 11:40:22.025000 2848 site-packages\torch\_subclasses\fake_tensor.py:3212] [0/0]   File "C:\Users\clm\AppData\Local\Python\pythoncore-3.14-64\Lib\site-packages\torch\_refs\nn\functional\__init__.py", line 1245, in glu
E0908 11:40:22.025000 2848 site-packages\torch\_subclasses\fake_tensor.py:3212] [0/0]     torch._check(
E0908 11:40:22.025000 2848 site-packages\torch\_subclasses\fake_tensor.py:3212] [0/0]     ~~~~~~~~~~~~^
E0908 11:40:22.025000 2848 site-packages\torch\_subclasses\fake_tensor.py:3212] [0/0]         a.shape[dim] % 2 == 0,
E0908 11:40:22.025000 2848 site-packages\torch\_subclasses\fake_tensor.py:3212] [0/0]         ^^^^^^^^^^^^^^^^^^^^^^
E0908 11:40:22.025000 2848 site-packages\torch\_subclasses\fake_tensor.py:3212] [0/0]         lambda: f"Halving dimension must be even, but dimension {dim} is size {a.shape[dim]}",
E0908 11:40:22.025000 2848 site-packages\torch\_subclasses\fake_tensor.py:3212] [0/0]         ^^^^^^^^^^^^^^^^^^^^^^^^^^^^^^^^^^^^^^^^^^^^^^^^^^^^^^^^^^^^^^^^^^^^^^^^^^^^^^^^^^^^^^
E0908 11:40:22.025000 2848 site-packages\torch\_subclasses\fake_tensor.py:3212] [0/0]     )
E0908 11:40:22.025000 2848 site-packages\torch\_subclasses\fake_tensor.py:3212] [0/0]     ^
E0908 11:40:22.025000 2848 site-packages\torch\_subclasses\fake_tensor.py:3212] [0/0]   File "C:\Users\clm\AppData\Local\Python\pythoncore-3.14-64\Lib\site-packages\torch\__init__.py", line 2140, in _check
E0908 11:40:22.025000 2848 site-packages\torch\_subclasses\fake_tensor.py:3212] [0/0]     _check_with(RuntimeError, cond, message)
E0908 11:40:22.025000 2848 site-packages\torch\_subclasses\fake_tensor.py:3212] [0/0]     ~~~~~~~~~~~^^^^^^^^^^^^^^^^^^^^^^^^^^^^^
E0908 11:40:22.025000 2848 site-packages\torch\_subclasses\fake_tensor.py:3212] [0/0]   File "C:\Users\clm\AppData\Local\Python\pythoncore-3.14-64\Lib\site-packages\torch\__init__.py", line 2118, in _check_with
E0908 11:40:22.025000 2848 site-packages\torch\_subclasses\fake_tensor.py:3212] [0/0]     raise error_type(message_evaluated)
E0908 11:40:22.025000 2848 site-packages\torch\_subclasses\fake_tensor.py:3212] [0/0] RuntimeError: Halving dimension must be even, but dimension 0 is size 1
E0908 11:40:22.045000 2848 site-packages\torch\_subclasses\fake_tensor.py:3212] [0/0] failed while attempting to run meta for aten.glu.default
E0908 11:40:22.045000 2848 site-packages\torch\_subclasses\fake_tensor.py:3212] [0/0] Traceback (most recent call last):
E0908 11:40:22.045000 2848 site-packages\torch\_subclasses\fake_tensor.py:3212] [0/0]   File "C:\Users\clm\AppData\Local\Python\pythoncore-3.14-64\Lib\site-packages\torch\_subclasses\fake_tensor.py", line 3208, in _dispatch_impl
E0908 11:40:22.045000 2848 site-packages\torch\_subclasses\fake_tensor.py:3212] [0/0]     r = func(*args, **kwargs)
E0908 11:40:22.045000 2848 site-packages\torch\_subclasses\fake_tensor.py:3212] [0/0]   File "C:\Users\clm\AppData\Local\Python\pythoncore-3.14-64\Lib\site-packages\torch\_ops.py", line 916, in __call__
E0908 11:40:22.045000 2848 site-packages\torch\_subclasses\fake_tensor.py:3212] [0/0]     return self._op(*args, **kwargs)
E0908 11:40:22.045000 2848 site-packages\torch\_subclasses\fake_tensor.py:3212] [0/0]            ~~~~~~~~^^^^^^^^^^^^^^^^^
E0908 11:40:22.045000 2848 site-packages\torch\_subclasses\fake_tensor.py:3212] [0/0]   File "C:\Users\clm\AppData\Local\Python\pythoncore-3.14-64\Lib\site-packages\torch\_prims_common\wrappers.py", line 313, in _fn
E0908 11:40:22.045000 2848 site-packages\torch\_subclasses\fake_tensor.py:3212] [0/0]     result = fn(*args, **kwargs)
E0908 11:40:22.045000 2848 site-packages\torch\_subclasses\fake_tensor.py:3212] [0/0]   File "C:\Users\clm\AppData\Local\Python\pythoncore-3.14-64\Lib\site-packages\torch\_compile.py", line 54, in inner
E0908 11:40:22.045000 2848 site-packages\torch\_subclasses\fake_tensor.py:3212] [0/0]     return disable_fn(*args, **kwargs)
E0908 11:40:22.045000 2848 site-packages\torch\_subclasses\fake_tensor.py:3212] [0/0]   File "C:\Users\clm\AppData\Local\Python\pythoncore-3.14-64\Lib\site-packages\torch\_dynamo\eval_frame.py", line 1548, in _fn
E0908 11:40:22.045000 2848 site-packages\torch\_subclasses\fake_tensor.py:3212] [0/0]     return fn(*args, **kwargs)
E0908 11:40:22.045000 2848 site-packages\torch\_subclasses\fake_tensor.py:3212] [0/0]   File "C:\Users\clm\AppData\Local\Python\pythoncore-3.14-64\Lib\site-packages\torch\_prims_common\wrappers.py", line 151, in _fn
E0908 11:40:22.045000 2848 site-packages\torch\_subclasses\fake_tensor.py:3212] [0/0]     result = fn(**bound.arguments)
E0908 11:40:22.045000 2848 site-packages\torch\_subclasses\fake_tensor.py:3212] [0/0]   File "C:\Users\clm\AppData\Local\Python\pythoncore-3.14-64\Lib\site-packages\torch\_refs\nn\functional\__init__.py", line 1245, in glu
E0908 11:40:22.045000 2848 site-packages\torch\_subclasses\fake_tensor.py:3212] [0/0]     torch._check(
E0908 11:40:22.045000 2848 site-packages\torch\_subclasses\fake_tensor.py:3212] [0/0]     ~~~~~~~~~~~~^
E0908 11:40:22.045000 2848 site-packages\torch\_subclasses\fake_tensor.py:3212] [0/0]         a.shape[dim] % 2 == 0,
E0908 11:40:22.045000 2848 site-packages\torch\_subclasses\fake_tensor.py:3212] [0/0]         ^^^^^^^^^^^^^^^^^^^^^^
E0908 11:40:22.045000 2848 site-packages\torch\_subclasses\fake_tensor.py:3212] [0/0]         lambda: f"Halving dimension must be even, but dimension {dim} is size {a.shape[dim]}",
E0908 11:40:22.045000 2848 site-packages\torch\_subclasses\fake_tensor.py:3212] [0/0]         ^^^^^^^^^^^^^^^^^^^^^^^^^^^^^^^^^^^^^^^^^^^^^^^^^^^^^^^^^^^^^^^^^^^^^^^^^^^^^^^^^^^^^^
E0908 11:40:22.045000 2848 site-packages\torch\_subclasses\fake_tensor.py:3212] [0/0]     )
E0908 11:40:22.045000 2848 site-packages\torch\_subclasses\fake_tensor.py:3212] [0/0]     ^
E0908 11:40:22.045000 2848 site-packages\torch\_subclasses\fake_tensor.py:3212] [0/0]   File "C:\Users\clm\AppData\Local\Python\pythoncore-3.14-64\Lib\site-packages\torch\__init__.py", line 2140, in _check
E0908 11:40:22.045000 2848 site-packages\torch\_subclasses\fake_tensor.py:3212] [0/0]     _check_with(RuntimeError, cond, message)
E0908 11:40:22.045000 2848 site-packages\torch\_subclasses\fake_tensor.py:3212] [0/0]     ~~~~~~~~~~~^^^^^^^^^^^^^^^^^^^^^^^^^^^^^
E0908 11:40:22.045000 2848 site-packages\torch\_subclasses\fake_tensor.py:3212] [0/0]   File "C:\Users\clm\AppData\Local\Python\pythoncore-3.14-64\Lib\site-packages\torch\__init__.py", line 2118, in _check_with
E0908 11:40:22.045000 2848 site-packages\torch\_subclasses\fake_tensor.py:3212] [0/0]     raise error_type(message_evaluated)
E0908 11:40:22.045000 2848 site-packages\torch\_subclasses\fake_tensor.py:3212] [0/0] RuntimeError: Halving dimension must be even, but dimension 0 is size 1
  opinfo_nn_functional_glu 0 candidate(s), 0 submittable, 16 tests, 52 compiles  [18.9s]
  opinfo_nn_functional_elu 0 candidate(s), 0 submittable, 16 tests, 57 compiles  [7.3s]
  opinfo_nn_functional_prelu 0 candidate(s), 0 submittable, 16 tests, 65 compiles  [20.4s]
  opinfo_nn_functional_celu 0 candidate(s), 0 submittable, 16 tests, 57 compiles  [7.0s]
  opinfo_nn_functional_rrelu 0 candidate(s), 0 submittable, 14 tests, 5 compiles  [3.4s]
  opinfo_nn_functional_selu 0 candidate(s), 0 submittable, 16 tests, 57 compiles  [6.7s]
  opinfo_torch_ops_aten__safe_softmax_default 0 candidate(s), 0 submittable, 16 tests, 57 compiles  [23.0s]
  opinfo_nn_functional_scaled_dot_product_attention 0 candidate(s), 0 submittable, 16 tests, 5 compiles  [5.5s]
  opinfo_torch_ops_aten__scaled_dot_product_flash_attention_for_cpu 0 candidate(s), 0 submittable, 16 tests, 59 compiles  [8.3s]
  opinfo_nn_functional_silu 0 candidate(s), 0 submittable, 16 tests, 57 compiles  [13.4s]
  opinfo_nn_functional_hardsigmoid 0 candidate(s), 0 submittable, 16 tests, 57 compiles  [7.4s]
  opinfo_nn_functional_logsigmoid 0 candidate(s), 0 submittable, 16 tests, 57 compiles  [7.5s]
  opinfo_nn_functional_mish 0 candidate(s), 0 submittable, 16 tests, 57 compiles  [8.1s]
  opinfo_nn_functional_softsign 0 candidate(s), 0 submittable, 16 tests, 57 compiles  [6.9s]
  opinfo_nn_functional_tanhshrink 0 candidate(s), 0 submittable, 16 tests, 57 compiles  [6.9s]
  opinfo_nn_functional_threshold 0 candidate(s), 0 submittable, 16 tests, 59 compiles  [22.4s]
  opinfo_nn_functional_triplet_margin_loss 0 candidate(s), 0 submittable, 14 tests, 50 compiles  [14.5s]
  opinfo_nn_functional_triplet_margin_with_distance_loss 0 candidate(s), 0 submittable, 12 tests, 30 compiles  [12.4s]
  opinfo_nextafter         0 candidate(s), 0 submittable, 16 tests, 65 compiles  [18.7s]
  opinfo_nn_functional_batch_norm 0 candidate(s), 0 submittable, 16 tests, 59 compiles  [35.8s]
  opinfo_nn_functional_binary_cross_entropy 1 candidate(s), 0 submittable, 12 tests, 28 compiles  [6.6s]
      low    dynamo_capture         resize               9953fe7318e2
C:\Users\clm\AppData\Local\Python\pythoncore-3.14-64\Lib\site-packages\torch\autograd\graph.py:1072: UserWarning: Error detected in IgammaBackward0. Traceback of forward call that caused the error:
  File "D:\wsl\personal\dr\paper\toxic_compile\plan\tcc\seeds.py", line 246, in fn
    return _op(*args[:_n], *_extra, **_kw)
 (Triggered internally at C:\actions-runner\_work\pytorch\pytorch\torch\csrc\autograd\python_anomaly_mode.cpp:135.)
  return Variable._execution_engine.run_backward(  # Calls into the C++ engine to run the backward pass
C:\Users\clm\AppData\Local\Python\pythoncore-3.14-64\Lib\site-packages\torch\autograd\graph.py:1072: UserWarning: Error detected in IgammaBackward0. Traceback of forward call that caused the error:
  File "D:\wsl\personal\dr\paper\toxic_compile\plan\tcc\seeds.py", line 246, in fn
    return _op(*args[:_n], *_extra, **_kw)
 (Triggered internally at C:\actions-runner\_work\pytorch\pytorch\torch\csrc\autograd\python_anomaly_mode.cpp:135.)
  return Variable._execution_engine.run_backward(  # Calls into the C++ engine to run the backward pass
C:\Users\clm\AppData\Local\Python\pythoncore-3.14-64\Lib\site-packages\torch\autograd\graph.py:1072: UserWarning: Error detected in IgammaBackward0. Traceback of forward call that caused the error:
  File "D:\wsl\personal\dr\paper\toxic_compile\plan\tcc\seeds.py", line 246, in fn
    return _op(*args[:_n], *_extra, **_kw)
 (Triggered internally at C:\actions-runner\_work\pytorch\pytorch\torch\csrc\autograd\python_anomaly_mode.cpp:135.)
  return Variable._execution_engine.run_backward(  # Calls into the C++ engine to run the backward pass
C:\Users\clm\AppData\Local\Python\pythoncore-3.14-64\Lib\site-packages\torch\autograd\graph.py:1072: UserWarning: Error detected in IgammaBackward0. Traceback of forward call that caused the error:
  File "D:\wsl\personal\dr\paper\toxic_compile\plan\tcc\seeds.py", line 246, in fn
    return _op(*args[:_n], *_extra, **_kw)
 (Triggered internally at C:\actions-runner\_work\pytorch\pytorch\torch\csrc\autograd\python_anomaly_mode.cpp:135.)
  return Variable._execution_engine.run_backward(  # Calls into the C++ engine to run the backward pass
C:\Users\clm\AppData\Local\Python\pythoncore-3.14-64\Lib\site-packages\torch\autograd\graph.py:1072: UserWarning: Error detected in IgammaBackward0. Traceback of forward call that caused the error:
  File "D:\wsl\personal\dr\paper\toxic_compile\plan\tcc\seeds.py", line 246, in fn
    return _op(*args[:_n], *_extra, **_kw)
 (Triggered internally at C:\actions-runner\_work\pytorch\pytorch\torch\csrc\autograd\python_anomaly_mode.cpp:135.)
  return Variable._execution_engine.run_backward(  # Calls into the C++ engine to run the backward pass
C:\Users\clm\AppData\Local\Python\pythoncore-3.14-64\Lib\site-packages\torch\autograd\graph.py:1072: UserWarning: Error detected in IgammaBackward0. Traceback of forward call that caused the error:
  File "D:\wsl\personal\dr\paper\toxic_compile\plan\tcc\seeds.py", line 246, in fn
    return _op(*args[:_n], *_extra, **_kw)
 (Triggered internally at C:\actions-runner\_work\pytorch\pytorch\torch\csrc\autograd\python_anomaly_mode.cpp:135.)
  return Variable._execution_engine.run_backward(  # Calls into the C++ engine to run the backward pass
  opinfo_igamma            0 candidate(s), 0 submittable, 16 tests, 64 compiles  [6.3s]
C:\Users\clm\AppData\Local\Python\pythoncore-3.14-64\Lib\site-packages\torch\autograd\graph.py:1072: UserWarning: Error detected in IgammacBackward0. Traceback of forward call that caused the error:
  File "D:\wsl\personal\dr\paper\toxic_compile\plan\tcc\seeds.py", line 246, in fn
    return _op(*args[:_n], *_extra, **_kw)
 (Triggered internally at C:\actions-runner\_work\pytorch\pytorch\torch\csrc\autograd\python_anomaly_mode.cpp:135.)
  return Variable._execution_engine.run_backward(  # Calls into the C++ engine to run the backward pass
C:\Users\clm\AppData\Local\Python\pythoncore-3.14-64\Lib\site-packages\torch\autograd\graph.py:1072: UserWarning: Error detected in IgammacBackward0. Traceback of forward call that caused the error:
  File "D:\wsl\personal\dr\paper\toxic_compile\plan\tcc\seeds.py", line 246, in fn
    return _op(*args[:_n], *_extra, **_kw)
 (Triggered internally at C:\actions-runner\_work\pytorch\pytorch\torch\csrc\autograd\python_anomaly_mode.cpp:135.)
  return Variable._execution_engine.run_backward(  # Calls into the C++ engine to run the backward pass
C:\Users\clm\AppData\Local\Python\pythoncore-3.14-64\Lib\site-packages\torch\autograd\graph.py:1072: UserWarning: Error detected in IgammacBackward0. Traceback of forward call that caused the error:
  File "D:\wsl\personal\dr\paper\toxic_compile\plan\tcc\seeds.py", line 246, in fn
    return _op(*args[:_n], *_extra, **_kw)
 (Triggered internally at C:\actions-runner\_work\pytorch\pytorch\torch\csrc\autograd\python_anomaly_mode.cpp:135.)
  return Variable._execution_engine.run_backward(  # Calls into the C++ engine to run the backward pass
C:\Users\clm\AppData\Local\Python\pythoncore-3.14-64\Lib\site-packages\torch\autograd\graph.py:1072: UserWarning: Error detected in IgammacBackward0. Traceback of forward call that caused the error:
  File "D:\wsl\personal\dr\paper\toxic_compile\plan\tcc\seeds.py", line 246, in fn
    return _op(*args[:_n], *_extra, **_kw)
 (Triggered internally at C:\actions-runner\_work\pytorch\pytorch\torch\csrc\autograd\python_anomaly_mode.cpp:135.)
  return Variable._execution_engine.run_backward(  # Calls into the C++ engine to run the backward pass
C:\Users\clm\AppData\Local\Python\pythoncore-3.14-64\Lib\site-packages\torch\autograd\graph.py:1072: UserWarning: Error detected in IgammacBackward0. Traceback of forward call that caused the error:
  File "D:\wsl\personal\dr\paper\toxic_compile\plan\tcc\seeds.py", line 246, in fn
    return _op(*args[:_n], *_extra, **_kw)
 (Triggered internally at C:\actions-runner\_work\pytorch\pytorch\torch\csrc\autograd\python_anomaly_mode.cpp:135.)
  return Variable._execution_engine.run_backward(  # Calls into the C++ engine to run the backward pass
C:\Users\clm\AppData\Local\Python\pythoncore-3.14-64\Lib\site-packages\torch\autograd\graph.py:1072: UserWarning: Error detected in IgammacBackward0. Traceback of forward call that caused the error:
  File "D:\wsl\personal\dr\paper\toxic_compile\plan\tcc\seeds.py", line 246, in fn
    return _op(*args[:_n], *_extra, **_kw)
 (Triggered internally at C:\actions-runner\_work\pytorch\pytorch\torch\csrc\autograd\python_anomaly_mode.cpp:135.)
  return Variable._execution_engine.run_backward(  # Calls into the C++ engine to run the backward pass
  opinfo_igammac           0 candidate(s), 0 submittable, 16 tests, 56 compiles  [15.9s]
  opinfo_nn_functional_softshrink 0 candidate(s), 0 submittable, 16 tests, 57 compiles  [7.6s]
  opinfo_nn_functional_hardshrink 0 candidate(s), 0 submittable, 16 tests, 57 compiles  [17.5s]
  opinfo_nn_functional_hardtanh 0 candidate(s), 0 submittable, 16 tests, 59 compiles  [15.9s]
  opinfo_nn_functional_gelu 0 candidate(s), 0 submittable, 16 tests, 57 compiles  [9.0s]
  opinfo_nn_functional_relu6 0 candidate(s), 0 submittable, 16 tests, 57 compiles  [6.7s]
  opinfo_mm                0 candidate(s), 0 submittable, 16 tests, 57 compiles  [6.3s]
  opinfo_mvlgamma_mvlgamma_p_1 0 candidate(s), 0 submittable, 16 tests, 57 compiles  [9.4s]
  opinfo_mvlgamma_mvlgamma_p_3 0 candidate(s), 0 submittable, 16 tests, 57 compiles  [14.2s]
  opinfo_mvlgamma_mvlgamma_p_5 0 candidate(s), 0 submittable, 16 tests, 57 compiles  [9.6s]
  opinfo_ne                0 candidate(s), 0 submittable, 16 tests, 57 compiles  [17.5s]
  opinfo_narrow_copy       0 candidate(s), 0 submittable, 16 tests, 57 compiles  [8.5s]
  opinfo_view_copy         0 candidate(s), 0 submittable, 16 tests, 57 compiles  [6.5s]
  opinfo_neg               0 candidate(s), 0 submittable, 16 tests, 57 compiles  [6.0s]
  opinfo_outer             0 candidate(s), 0 submittable, 16 tests, 57 compiles  [7.1s]
  opinfo_ormqr             0 candidate(s), 0 submittable, 9 tests, 31 compiles  [3.8s]
  opinfo_permute_copy      0 candidate(s), 0 submittable, 16 tests, 57 compiles  [7.5s]
  opinfo_pow               0 candidate(s), 0 submittable, 16 tests, 57 compiles  [15.1s]
  opinfo_float_power       0 candidate(s), 0 submittable, 16 tests, 57 compiles  [27.1s]
  opinfo_rad2deg           0 candidate(s), 0 submittable, 16 tests, 57 compiles  [6.7s]
  opinfo_roll              0 candidate(s), 0 submittable, 16 tests, 57 compiles  [5.7s]
  opinfo_rot90             0 candidate(s), 0 submittable, 16 tests, 57 compiles  [18.5s]
  opinfo_round             0 candidate(s), 0 submittable, 16 tests, 57 compiles  [6.1s]
  opinfo_round_decimals_0  0 candidate(s), 0 submittable, 16 tests, 57 compiles  [6.4s]
  opinfo_round_decimals_3  0 candidate(s), 0 submittable, 16 tests, 57 compiles  [7.3s]
  opinfo_round_decimals_neg_3 0 candidate(s), 0 submittable, 16 tests, 57 compiles  [6.2s]
  opinfo_sin               0 candidate(s), 0 submittable, 16 tests, 57 compiles  [6.4s]
  opinfo_sinc              0 candidate(s), 0 submittable, 16 tests, 57 compiles  [7.3s]
  opinfo_sinh              0 candidate(s), 0 submittable, 16 tests, 57 compiles  [6.3s]
  opinfo_sign              0 candidate(s), 0 submittable, 16 tests, 57 compiles  [6.3s]
  opinfo_sgn               0 candidate(s), 0 submittable, 16 tests, 57 compiles  [6.8s]
  opinfo_unsafe_split      0 candidate(s), 0 submittable, 16 tests, 57 compiles  [8.3s]
  opinfo_split_with_sizes_copy 0 candidate(s), 0 submittable, 16 tests, 57 compiles  [19.4s]
  opinfo_rsub              0 candidate(s), 0 submittable, 16 tests, 57 compiles  [7.2s]
  opinfo_signbit           0 candidate(s), 0 submittable, 16 tests, 57 compiles  [5.9s]
  opinfo_tan               0 candidate(s), 0 submittable, 16 tests, 57 compiles  [6.3s]
  opinfo_tanh              0 candidate(s), 0 submittable, 16 tests, 57 compiles  [6.2s]
  opinfo_trunc             0 candidate(s), 0 submittable, 16 tests, 57 compiles  [6.0s]
  opinfo_exp2              0 candidate(s), 0 submittable, 16 tests, 57 compiles  [5.7s]
  opinfo_expm1             0 candidate(s), 0 submittable, 16 tests, 57 compiles  [6.6s]
  opinfo_nan_to_num        0 candidate(s), 0 submittable, 16 tests, 57 compiles  [7.5s]
  opinfo_reciprocal        0 candidate(s), 0 submittable, 16 tests, 57 compiles  [12.0s]
  opinfo_rsqrt             0 candidate(s), 0 submittable, 16 tests, 57 compiles  [7.6s]
  opinfo_sqrt              0 candidate(s), 0 submittable, 16 tests, 57 compiles  [6.2s]
  opinfo_square            0 candidate(s), 0 submittable, 16 tests, 57 compiles  [12.1s]
  opinfo_angle             0 candidate(s), 0 submittable, 16 tests, 57 compiles  [7.8s]
  opinfo_isfinite          0 candidate(s), 0 submittable, 16 tests, 57 compiles  [6.1s]
  opinfo_isinf             0 candidate(s), 0 submittable, 16 tests, 57 compiles  [6.2s]
  opinfo_isposinf          0 candidate(s), 0 submittable, 16 tests, 57 compiles  [6.3s]
  opinfo_isneginf          0 candidate(s), 0 submittable, 16 tests, 57 compiles  [6.1s]
  opinfo_isreal            0 candidate(s), 0 submittable, 16 tests, 57 compiles  [5.7s]
  opinfo_isnan             0 candidate(s), 0 submittable, 16 tests, 57 compiles  [6.2s]
  opinfo_svd_lowrank       0 candidate(s), 0 submittable, 6 tests, 0 compiles  [1.7s]
  opinfo_pca_lowrank       0 candidate(s), 0 submittable, 9 tests, 0 compiles  [2.5s]
  opinfo_polar             0 candidate(s), 0 submittable, 14 tests, 60 compiles  [8.7s]
  opinfo_polygamma_polygamma_n_0 0 candidate(s), 0 submittable, 16 tests, 57 compiles  [6.7s]
  opinfo_polygamma_polygamma_n_1 0 candidate(s), 0 submittable, 16 tests, 57 compiles  [16.5s]
  opinfo_polygamma_polygamma_n_2 0 candidate(s), 0 submittable, 16 tests, 57 compiles  [6.7s]
  opinfo_polygamma_polygamma_n_3 0 candidate(s), 0 submittable, 16 tests, 57 compiles  [6.5s]
  opinfo_polygamma_polygamma_n_4 0 candidate(s), 0 submittable, 16 tests, 57 compiles  [6.7s]
  opinfo_atleast_1d        0 candidate(s), 0 submittable, 16 tests, 55 compiles  [3.6s]
  opinfo_atleast_2d        0 candidate(s), 0 submittable, 16 tests, 55 compiles  [3.9s]
  opinfo_atleast_3d        0 candidate(s), 0 submittable, 16 tests, 55 compiles  [5.3s]
  opinfo_pinverse          0 candidate(s), 0 submittable, 9 tests, 31 compiles  [4.6s]
  opinfo_unique            0 candidate(s), 0 submittable, 16 tests, 0 compiles  [3.5s]
  opinfo_unique_consecutive 0 candidate(s), 0 submittable, 16 tests, 0 compiles  [3.4s]
  opinfo_take              0 candidate(s), 0 submittable, 16 tests, 57 compiles  [9.2s]
C:\Users\clm\AppData\Local\Python\pythoncore-3.14-64\Lib\site-packages\torch\_inductor\codegen\cpp.py:4116: UserWarning: bf16 and fp16 are mixed in the scheduler node.
  warnings.warn("bf16 and fp16 are mixed in the scheduler node.")
C:\Users\clm\AppData\Local\Python\pythoncore-3.14-64\Lib\site-packages\torch\_inductor\codegen\cpp.py:4116: UserWarning: bf16 and fp16 are mixed in the scheduler node.
  warnings.warn("bf16 and fp16 are mixed in the scheduler node.")
C:\Users\clm\AppData\Local\Python\pythoncore-3.14-64\Lib\site-packages\torch\_inductor\codegen\cpp.py:4116: UserWarning: bf16 and fp16 are mixed in the scheduler node.
  warnings.warn("bf16 and fp16 are mixed in the scheduler node.")
C:\Users\clm\AppData\Local\Python\pythoncore-3.14-64\Lib\site-packages\torch\_inductor\codegen\cpp.py:4116: UserWarning: bf16 and fp16 are mixed in the scheduler node.
  warnings.warn("bf16 and fp16 are mixed in the scheduler node.")
C:\Users\clm\AppData\Local\Python\pythoncore-3.14-64\Lib\site-packages\torch\_inductor\codegen\cpp.py:4116: UserWarning: bf16 and fp16 are mixed in the scheduler node.
  warnings.warn("bf16 and fp16 are mixed in the scheduler node.")
C:\Users\clm\AppData\Local\Python\pythoncore-3.14-64\Lib\site-packages\torch\_inductor\codegen\cpp.py:4116: UserWarning: bf16 and fp16 are mixed in the scheduler node.
  warnings.warn("bf16 and fp16 are mixed in the scheduler node.")
C:\Users\clm\AppData\Local\Python\pythoncore-3.14-64\Lib\site-packages\torch\_inductor\codegen\cpp.py:4116: UserWarning: bf16 and fp16 are mixed in the scheduler node.
  warnings.warn("bf16 and fp16 are mixed in the scheduler node.")
  opinfo_bfloat16          0 candidate(s), 0 submittable, 16 tests, 57 compiles  [7.5s]
  opinfo_bool              0 candidate(s), 0 submittable, 16 tests, 57 compiles  [7.3s]
  opinfo_byte              0 candidate(s), 0 submittable, 16 tests, 57 compiles  [17.3s]
  opinfo_char              0 candidate(s), 0 submittable, 16 tests, 57 compiles  [16.1s]
  opinfo_double            0 candidate(s), 0 submittable, 16 tests, 57 compiles  [6.1s]
  opinfo_float             0 candidate(s), 0 submittable, 16 tests, 57 compiles  [17.5s]
C:\Users\clm\AppData\Local\Python\pythoncore-3.14-64\Lib\site-packages\torch\_inductor\codegen\cpp.py:4116: UserWarning: bf16 and fp16 are mixed in the scheduler node.
  warnings.warn("bf16 and fp16 are mixed in the scheduler node.")
C:\Users\clm\AppData\Local\Python\pythoncore-3.14-64\Lib\site-packages\torch\_inductor\codegen\cpp.py:4116: UserWarning: bf16 and fp16 are mixed in the scheduler node.
  warnings.warn("bf16 and fp16 are mixed in the scheduler node.")
C:\Users\clm\AppData\Local\Python\pythoncore-3.14-64\Lib\site-packages\torch\_inductor\codegen\cpp.py:4116: UserWarning: bf16 and fp16 are mixed in the scheduler node.
  warnings.warn("bf16 and fp16 are mixed in the scheduler node.")
C:\Users\clm\AppData\Local\Python\pythoncore-3.14-64\Lib\site-packages\torch\_inductor\codegen\cpp.py:4116: UserWarning: bf16 and fp16 are mixed in the scheduler node.
  warnings.warn("bf16 and fp16 are mixed in the scheduler node.")
C:\Users\clm\AppData\Local\Python\pythoncore-3.14-64\Lib\site-packages\torch\_inductor\codegen\cpp.py:4116: UserWarning: bf16 and fp16 are mixed in the scheduler node.
  warnings.warn("bf16 and fp16 are mixed in the scheduler node.")
  opinfo_half              0 candidate(s), 0 submittable, 16 tests, 57 compiles  [17.3s]
  opinfo_int               0 candidate(s), 0 submittable, 16 tests, 57 compiles  [6.0s]
  opinfo_long              0 candidate(s), 0 submittable, 16 tests, 57 compiles  [17.3s]
  opinfo_short             0 candidate(s), 0 submittable, 16 tests, 57 compiles  [16.0s]
  opinfo_cdouble           0 candidate(s), 0 submittable, 16 tests, 57 compiles  [9.3s]
  opinfo_cfloat            0 candidate(s), 0 submittable, 16 tests, 57 compiles  [5.9s]
  opinfo_chalf             0 candidate(s), 0 submittable, 16 tests, 57 compiles  [6.5s]
  opinfo_empty_like        0 candidate(s), 0 submittable, 16 tests, 57 compiles  [5.8s]
  opinfo_zeros_like        0 candidate(s), 0 submittable, 16 tests, 57 compiles  [6.0s]
  opinfo_ones_like         0 candidate(s), 0 submittable, 16 tests, 57 compiles  [5.2s]
  opinfo_randn_like        0 candidate(s), 0 submittable, 16 tests, 0 compiles  [4.4s]
  opinfo_rand_like         0 candidate(s), 0 submittable, 16 tests, 0 compiles  [4.5s]
  opinfo_randint_like      0 candidate(s), 0 submittable, 16 tests, 0 compiles  [4.5s]
  opinfo_full_like         0 candidate(s), 0 submittable, 16 tests, 59 compiles  [10.0s]
  opinfo_new_zeros         0 candidate(s), 0 submittable, 16 tests, 57 compiles  [6.6s]
  opinfo_new_ones          0 candidate(s), 0 submittable, 16 tests, 57 compiles  [10.5s]
  opinfo_new_empty         5 candidate(s), 3 submittable, 16 tests, 57 compiles  [24.8s]
      low    dynamo_capture         dtype                6c59eb427924
    * high   cache_invalidation     dtype                43d01b3bbeec
    * medium compile_nondeterminism requires_grad        13837d85e4fa
      low    dynamo_capture         compile              a8bd5795d4ba
    * medium compile_nondeterminism dtype                8b04478377ff
  opinfo_new_empty_strided 7 candidate(s), 5 submittable, 16 tests, 57 compiles  [29.1s]
    * high   cache_invalidation     dtype                d1765495c781
      low    dynamo_capture         requires_grad        c4398b2ccfef
    * high   cache_invalidation     requires_grad        e2ff23c37250
    * high   aot_functionalization  compile              37e7d7870f21
    * medium compile_nondeterminism dtype                42f770c843c0
      low    dynamo_capture         compile              7733daf44630
    * high   aot_functionalization  dtype                645be2109059
  opinfo_new_full          0 candidate(s), 0 submittable, 16 tests, 59 compiles  [10.3s]
  opinfo_multinomial       0 candidate(s), 0 submittable, 16 tests, 0 compiles  [4.4s]
  opinfo_normal            0 candidate(s), 0 submittable, 16 tests, 0 compiles  [4.7s]
  opinfo_bernoulli         0 candidate(s), 0 submittable, 16 tests, 0 compiles  [4.4s]
  opinfo_hypot             0 candidate(s), 0 submittable, 16 tests, 57 compiles  [7.4s]
C:\Users\clm\AppData\Local\Python\pythoncore-3.14-64\Lib\site-packages\torch\autograd\graph.py:1072: UserWarning: Error detected in struct torch::autograd::NotImplemented. Traceback of forward call that caused the error:
  File "D:\wsl\personal\dr\paper\toxic_compile\plan\tcc\seeds.py", line 246, in fn
    return _op(*args[:_n], *_extra, **_kw)
 (Triggered internally at C:\actions-runner\_work\pytorch\pytorch\torch\csrc\autograd\python_anomaly_mode.cpp:135.)
  return Variable._execution_engine.run_backward(  # Calls into the C++ engine to run the backward pass
C:\Users\clm\AppData\Local\Python\pythoncore-3.14-64\Lib\site-packages\torch\autograd\graph.py:1072: UserWarning: Error detected in struct torch::autograd::NotImplemented. Traceback of forward call that caused the error:
  File "D:\wsl\personal\dr\paper\toxic_compile\plan\tcc\seeds.py", line 246, in fn
    return _op(*args[:_n], *_extra, **_kw)
 (Triggered internally at C:\actions-runner\_work\pytorch\pytorch\torch\csrc\autograd\python_anomaly_mode.cpp:135.)
  return Variable._execution_engine.run_backward(  # Calls into the C++ engine to run the backward pass
C:\Users\clm\AppData\Local\Python\pythoncore-3.14-64\Lib\site-packages\torch\autograd\graph.py:1072: UserWarning: Error detected in struct torch::autograd::NotImplemented. Traceback of forward call that caused the error:
  File "D:\wsl\personal\dr\paper\toxic_compile\plan\tcc\seeds.py", line 246, in fn
    return _op(*args[:_n], *_extra, **_kw)
 (Triggered internally at C:\actions-runner\_work\pytorch\pytorch\torch\csrc\autograd\python_anomaly_mode.cpp:135.)
  return Variable._execution_engine.run_backward(  # Calls into the C++ engine to run the backward pass
C:\Users\clm\AppData\Local\Python\pythoncore-3.14-64\Lib\site-packages\torch\autograd\graph.py:1072: UserWarning: Error detected in struct torch::autograd::NotImplemented. Traceback of forward call that caused the error:
  File "D:\wsl\personal\dr\paper\toxic_compile\plan\tcc\seeds.py", line 246, in fn
    return _op(*args[:_n], *_extra, **_kw)
 (Triggered internally at C:\actions-runner\_work\pytorch\pytorch\torch\csrc\autograd\python_anomaly_mode.cpp:135.)
  return Variable._execution_engine.run_backward(  # Calls into the C++ engine to run the backward pass
C:\Users\clm\AppData\Local\Python\pythoncore-3.14-64\Lib\site-packages\torch\autograd\graph.py:1072: UserWarning: Error detected in struct torch::autograd::NotImplemented. Traceback of forward call that caused the error:
  File "D:\wsl\personal\dr\paper\toxic_compile\plan\tcc\seeds.py", line 246, in fn
    return _op(*args[:_n], *_extra, **_kw)
 (Triggered internally at C:\actions-runner\_work\pytorch\pytorch\torch\csrc\autograd\python_anomaly_mode.cpp:135.)
  return Variable._execution_engine.run_backward(  # Calls into the C++ engine to run the backward pass
C:\Users\clm\AppData\Local\Python\pythoncore-3.14-64\Lib\site-packages\torch\autograd\graph.py:1072: UserWarning: Error detected in struct torch::autograd::NotImplemented. Traceback of forward call that caused the error:
  File "D:\wsl\personal\dr\paper\toxic_compile\plan\tcc\seeds.py", line 246, in fn
    return _op(*args[:_n], *_extra, **_kw)
 (Triggered internally at C:\actions-runner\_work\pytorch\pytorch\torch\csrc\autograd\python_anomaly_mode.cpp:135.)
  return Variable._execution_engine.run_backward(  # Calls into the C++ engine to run the backward pass
  opinfo_histogram         0 candidate(s), 0 submittable, 6 tests, 16 compiles  [1.7s]
C:\Users\clm\AppData\Local\Python\pythoncore-3.14-64\Lib\site-packages\torch\autograd\graph.py:1072: UserWarning: Error detected in struct torch::autograd::NotImplemented. Traceback of forward call that caused the error:
  File "D:\wsl\personal\dr\paper\toxic_compile\plan\tcc\seeds.py", line 246, in fn
    return _op(*args[:_n], *_extra, **_kw)
 (Triggered internally at C:\actions-runner\_work\pytorch\pytorch\torch\csrc\autograd\python_anomaly_mode.cpp:135.)
  return Variable._execution_engine.run_backward(  # Calls into the C++ engine to run the backward pass
C:\Users\clm\AppData\Local\Python\pythoncore-3.14-64\Lib\site-packages\torch\autograd\graph.py:1072: UserWarning: Error detected in struct torch::autograd::NotImplemented. Traceback of forward call that caused the error:
  File "D:\wsl\personal\dr\paper\toxic_compile\plan\tcc\seeds.py", line 246, in fn
    return _op(*args[:_n], *_extra, **_kw)
 (Triggered internally at C:\actions-runner\_work\pytorch\pytorch\torch\csrc\autograd\python_anomaly_mode.cpp:135.)
  return Variable._execution_engine.run_backward(  # Calls into the C++ engine to run the backward pass
C:\Users\clm\AppData\Local\Python\pythoncore-3.14-64\Lib\site-packages\torch\autograd\graph.py:1072: UserWarning: Error detected in struct torch::autograd::NotImplemented. Traceback of forward call that caused the error:
  File "D:\wsl\personal\dr\paper\toxic_compile\plan\tcc\seeds.py", line 246, in fn
    return _op(*args[:_n], *_extra, **_kw)
 (Triggered internally at C:\actions-runner\_work\pytorch\pytorch\torch\csrc\autograd\python_anomaly_mode.cpp:135.)
  return Variable._execution_engine.run_backward(  # Calls into the C++ engine to run the backward pass
C:\Users\clm\AppData\Local\Python\pythoncore-3.14-64\Lib\site-packages\torch\autograd\graph.py:1072: UserWarning: Error detected in struct torch::autograd::NotImplemented. Traceback of forward call that caused the error:
  File "D:\wsl\personal\dr\paper\toxic_compile\plan\tcc\seeds.py", line 246, in fn
    return _op(*args[:_n], *_extra, **_kw)
 (Triggered internally at C:\actions-runner\_work\pytorch\pytorch\torch\csrc\autograd\python_anomaly_mode.cpp:135.)
  return Variable._execution_engine.run_backward(  # Calls into the C++ engine to run the backward pass
C:\Users\clm\AppData\Local\Python\pythoncore-3.14-64\Lib\site-packages\torch\autograd\graph.py:1072: UserWarning: Error detected in struct torch::autograd::NotImplemented. Traceback of forward call that caused the error:
  File "D:\wsl\personal\dr\paper\toxic_compile\plan\tcc\seeds.py", line 246, in fn
    return _op(*args[:_n], *_extra, **_kw)
 (Triggered internally at C:\actions-runner\_work\pytorch\pytorch\torch\csrc\autograd\python_anomaly_mode.cpp:135.)
  return Variable._execution_engine.run_backward(  # Calls into the C++ engine to run the backward pass
C:\Users\clm\AppData\Local\Python\pythoncore-3.14-64\Lib\site-packages\torch\autograd\graph.py:1072: UserWarning: Error detected in struct torch::autograd::NotImplemented. Traceback of forward call that caused the error:
  File "D:\wsl\personal\dr\paper\toxic_compile\plan\tcc\seeds.py", line 246, in fn
    return _op(*args[:_n], *_extra, **_kw)
 (Triggered internally at C:\actions-runner\_work\pytorch\pytorch\torch\csrc\autograd\python_anomaly_mode.cpp:135.)
  return Variable._execution_engine.run_backward(  # Calls into the C++ engine to run the backward pass
  opinfo_histogramdd       0 candidate(s), 0 submittable, 9 tests, 27 compiles  [3.3s]
  opinfo_histc             0 candidate(s), 0 submittable, 16 tests, 57 compiles  [8.1s]
  opinfo_bucketize         0 candidate(s), 0 submittable, 16 tests, 57 compiles  [6.1s]
  opinfo_searchsorted      0 candidate(s), 0 submittable, 16 tests, 57 compiles  [6.3s]
  opinfo_unbind_copy       0 candidate(s), 0 submittable, 16 tests, 57 compiles  [18.7s]
  opinfo_unfold_copy       0 candidate(s), 0 submittable, 16 tests, 57 compiles  [18.7s]
  opinfo_msort             0 candidate(s), 0 submittable, 16 tests, 57 compiles  [6.5s]
  opinfo_renorm            0 candidate(s), 0 submittable, 16 tests, 58 compiles  [20.5s]
  opinfo_repeat            0 candidate(s), 0 submittable, 16 tests, 57 compiles  [5.8s]
  opinfo_squeeze_copy      0 candidate(s), 0 submittable, 16 tests, 57 compiles  [6.5s]
  opinfo_fill              0 candidate(s), 0 submittable, 16 tests, 57 compiles  [5.7s]
  opinfo_tile              0 candidate(s), 0 submittable, 16 tests, 57 compiles  [5.7s]
  opinfo_trapz             0 candidate(s), 0 submittable, 16 tests, 57 compiles  [20.8s]
  opinfo_trapezoid         0 candidate(s), 0 submittable, 16 tests, 59 compiles  [11.5s]
  opinfo_cumulative_trapezoid 0 candidate(s), 0 submittable, 16 tests, 59 compiles  [17.9s]
  opinfo_unsqueeze_copy    0 candidate(s), 0 submittable, 16 tests, 57 compiles  [6.1s]
  opinfo_xlogy             0 candidate(s), 0 submittable, 16 tests, 57 compiles  [8.0s]
  opinfo_logsumexp         0 candidate(s), 0 submittable, 16 tests, 57 compiles  [11.5s]
C:\Users\clm\AppData\Local\Python\pythoncore-3.14-64\Lib\site-packages\torch\_inductor\lowering.py:2487: FutureWarning: `torch._prims_common.check` is deprecated and will be removed in the future. Please use `torch._check*` functions instead.
  check(
C:\Users\clm\AppData\Local\Python\pythoncore-3.14-64\Lib\site-packages\torch\_inductor\lowering.py:2487: FutureWarning: `torch._prims_common.check` is deprecated and will be removed in the future. Please use `torch._check*` functions instead.
  check(
C:\Users\clm\AppData\Local\Python\pythoncore-3.14-64\Lib\site-packages\torch\_inductor\lowering.py:2487: FutureWarning: `torch._prims_common.check` is deprecated and will be removed in the future. Please use `torch._check*` functions instead.
  check(
C:\Users\clm\AppData\Local\Python\pythoncore-3.14-64\Lib\site-packages\torch\_inductor\lowering.py:2487: FutureWarning: `torch._prims_common.check` is deprecated and will be removed in the future. Please use `torch._check*` functions instead.
  check(
C:\Users\clm\AppData\Local\Python\pythoncore-3.14-64\Lib\site-packages\torch\_inductor\lowering.py:2487: FutureWarning: `torch._prims_common.check` is deprecated and will be removed in the future. Please use `torch._check*` functions instead.
  check(
C:\Users\clm\AppData\Local\Python\pythoncore-3.14-64\Lib\site-packages\torch\_inductor\lowering.py:2487: FutureWarning: `torch._prims_common.check` is deprecated and will be removed in the future. Please use `torch._check*` functions instead.
  check(
C:\Users\clm\AppData\Local\Python\pythoncore-3.14-64\Lib\site-packages\torch\_inductor\lowering.py:2487: FutureWarning: `torch._prims_common.check` is deprecated and will be removed in the future. Please use `torch._check*` functions instead.
  check(
C:\Users\clm\AppData\Local\Python\pythoncore-3.14-64\Lib\site-packages\torch\_inductor\lowering.py:2487: FutureWarning: `torch._prims_common.check` is deprecated and will be removed in the future. Please use `torch._check*` functions instead.
  check(
C:\Users\clm\AppData\Local\Python\pythoncore-3.14-64\Lib\site-packages\torch\_inductor\lowering.py:2487: FutureWarning: `torch._prims_common.check` is deprecated and will be removed in the future. Please use `torch._check*` functions instead.
  check(
C:\Users\clm\AppData\Local\Python\pythoncore-3.14-64\Lib\site-packages\torch\_inductor\lowering.py:2487: FutureWarning: `torch._prims_common.check` is deprecated and will be removed in the future. Please use `torch._check*` functions instead.
  check(
C:\Users\clm\AppData\Local\Python\pythoncore-3.14-64\Lib\site-packages\torch\_inductor\lowering.py:2487: FutureWarning: `torch._prims_common.check` is deprecated and will be removed in the future. Please use `torch._check*` functions instead.
  check(
C:\Users\clm\AppData\Local\Python\pythoncore-3.14-64\Lib\site-packages\torch\_inductor\lowering.py:2487: FutureWarning: `torch._prims_common.check` is deprecated and will be removed in the future. Please use `torch._check*` functions instead.
  check(
C:\Users\clm\AppData\Local\Python\pythoncore-3.14-64\Lib\site-packages\torch\_inductor\lowering.py:2487: FutureWarning: `torch._prims_common.check` is deprecated and will be removed in the future. Please use `torch._check*` functions instead.
  check(
C:\Users\clm\AppData\Local\Python\pythoncore-3.14-64\Lib\site-packages\torch\_inductor\lowering.py:2487: FutureWarning: `torch._prims_common.check` is deprecated and will be removed in the future. Please use `torch._check*` functions instead.
  check(
C:\Users\clm\AppData\Local\Python\pythoncore-3.14-64\Lib\site-packages\torch\_inductor\lowering.py:2487: FutureWarning: `torch._prims_common.check` is deprecated and will be removed in the future. Please use `torch._check*` functions instead.
  check(
C:\Users\clm\AppData\Local\Python\pythoncore-3.14-64\Lib\site-packages\torch\_inductor\lowering.py:2487: FutureWarning: `torch._prims_common.check` is deprecated and will be removed in the future. Please use `torch._check*` functions instead.
  check(
C:\Users\clm\AppData\Local\Python\pythoncore-3.14-64\Lib\site-packages\torch\_inductor\lowering.py:2487: FutureWarning: `torch._prims_common.check` is deprecated and will be removed in the future. Please use `torch._check*` functions instead.
  check(
C:\Users\clm\AppData\Local\Python\pythoncore-3.14-64\Lib\site-packages\torch\_inductor\lowering.py:2487: FutureWarning: `torch._prims_common.check` is deprecated and will be removed in the future. Please use `torch._check*` functions instead.
  check(
C:\Users\clm\AppData\Local\Python\pythoncore-3.14-64\Lib\site-packages\torch\_inductor\lowering.py:2487: FutureWarning: `torch._prims_common.check` is deprecated and will be removed in the future. Please use `torch._check*` functions instead.
  check(
C:\Users\clm\AppData\Local\Python\pythoncore-3.14-64\Lib\site-packages\torch\_inductor\lowering.py:2487: FutureWarning: `torch._prims_common.check` is deprecated and will be removed in the future. Please use `torch._check*` functions instead.
  check(
C:\Users\clm\AppData\Local\Python\pythoncore-3.14-64\Lib\site-packages\torch\_inductor\lowering.py:2487: FutureWarning: `torch._prims_common.check` is deprecated and will be removed in the future. Please use `torch._check*` functions instead.
  check(
C:\Users\clm\AppData\Local\Python\pythoncore-3.14-64\Lib\site-packages\torch\_inductor\lowering.py:2487: FutureWarning: `torch._prims_common.check` is deprecated and will be removed in the future. Please use `torch._check*` functions instead.
  check(
C:\Users\clm\AppData\Local\Python\pythoncore-3.14-64\Lib\site-packages\torch\_inductor\lowering.py:2487: FutureWarning: `torch._prims_common.check` is deprecated and will be removed in the future. Please use `torch._check*` functions instead.
  check(
C:\Users\clm\AppData\Local\Python\pythoncore-3.14-64\Lib\site-packages\torch\_inductor\lowering.py:2487: FutureWarning: `torch._prims_common.check` is deprecated and will be removed in the future. Please use `torch._check*` functions instead.
  check(
C:\Users\clm\AppData\Local\Python\pythoncore-3.14-64\Lib\site-packages\torch\_inductor\lowering.py:2487: FutureWarning: `torch._prims_common.check` is deprecated and will be removed in the future. Please use `torch._check*` functions instead.
  check(
C:\Users\clm\AppData\Local\Python\pythoncore-3.14-64\Lib\site-packages\torch\_inductor\lowering.py:2487: FutureWarning: `torch._prims_common.check` is deprecated and will be removed in the future. Please use `torch._check*` functions instead.
  check(
C:\Users\clm\AppData\Local\Python\pythoncore-3.14-64\Lib\site-packages\torch\_inductor\lowering.py:2487: FutureWarning: `torch._prims_common.check` is deprecated and will be removed in the future. Please use `torch._check*` functions instead.
  check(
C:\Users\clm\AppData\Local\Python\pythoncore-3.14-64\Lib\site-packages\torch\_inductor\lowering.py:2487: FutureWarning: `torch._prims_common.check` is deprecated and will be removed in the future. Please use `torch._check*` functions instead.
  check(
C:\Users\clm\AppData\Local\Python\pythoncore-3.14-64\Lib\site-packages\torch\_inductor\lowering.py:2487: FutureWarning: `torch._prims_common.check` is deprecated and will be removed in the future. Please use `torch._check*` functions instead.
  check(
C:\Users\clm\AppData\Local\Python\pythoncore-3.14-64\Lib\site-packages\torch\_inductor\lowering.py:2487: FutureWarning: `torch._prims_common.check` is deprecated and will be removed in the future. Please use `torch._check*` functions instead.
  check(
C:\Users\clm\AppData\Local\Python\pythoncore-3.14-64\Lib\site-packages\torch\_inductor\lowering.py:2487: FutureWarning: `torch._prims_common.check` is deprecated and will be removed in the future. Please use `torch._check*` functions instead.
  check(
C:\Users\clm\AppData\Local\Python\pythoncore-3.14-64\Lib\site-packages\torch\_inductor\lowering.py:2487: FutureWarning: `torch._prims_common.check` is deprecated and will be removed in the future. Please use `torch._check*` functions instead.
  check(
C:\Users\clm\AppData\Local\Python\pythoncore-3.14-64\Lib\site-packages\torch\_inductor\lowering.py:2487: FutureWarning: `torch._prims_common.check` is deprecated and will be removed in the future. Please use `torch._check*` functions instead.
  check(
C:\Users\clm\AppData\Local\Python\pythoncore-3.14-64\Lib\site-packages\torch\_inductor\lowering.py:2487: FutureWarning: `torch._prims_common.check` is deprecated and will be removed in the future. Please use `torch._check*` functions instead.
  check(
C:\Users\clm\AppData\Local\Python\pythoncore-3.14-64\Lib\site-packages\torch\_inductor\lowering.py:2487: FutureWarning: `torch._prims_common.check` is deprecated and will be removed in the future. Please use `torch._check*` functions instead.
  check(
C:\Users\clm\AppData\Local\Python\pythoncore-3.14-64\Lib\site-packages\torch\_inductor\lowering.py:2487: FutureWarning: `torch._prims_common.check` is deprecated and will be removed in the future. Please use `torch._check*` functions instead.
  check(
C:\Users\clm\AppData\Local\Python\pythoncore-3.14-64\Lib\site-packages\torch\_inductor\lowering.py:2487: FutureWarning: `torch._prims_common.check` is deprecated and will be removed in the future. Please use `torch._check*` functions instead.
  check(
C:\Users\clm\AppData\Local\Python\pythoncore-3.14-64\Lib\site-packages\torch\_inductor\lowering.py:2487: FutureWarning: `torch._prims_common.check` is deprecated and will be removed in the future. Please use `torch._check*` functions instead.
  check(
C:\Users\clm\AppData\Local\Python\pythoncore-3.14-64\Lib\site-packages\torch\_inductor\lowering.py:2487: FutureWarning: `torch._prims_common.check` is deprecated and will be removed in the future. Please use `torch._check*` functions instead.
  check(
C:\Users\clm\AppData\Local\Python\pythoncore-3.14-64\Lib\site-packages\torch\_inductor\lowering.py:2487: FutureWarning: `torch._prims_common.check` is deprecated and will be removed in the future. Please use `torch._check*` functions instead.
  check(
C:\Users\clm\AppData\Local\Python\pythoncore-3.14-64\Lib\site-packages\torch\_inductor\lowering.py:2487: FutureWarning: `torch._prims_common.check` is deprecated and will be removed in the future. Please use `torch._check*` functions instead.
  check(
C:\Users\clm\AppData\Local\Python\pythoncore-3.14-64\Lib\site-packages\torch\_inductor\lowering.py:2487: FutureWarning: `torch._prims_common.check` is deprecated and will be removed in the future. Please use `torch._check*` functions instead.
  check(
C:\Users\clm\AppData\Local\Python\pythoncore-3.14-64\Lib\site-packages\torch\_inductor\lowering.py:2487: FutureWarning: `torch._prims_common.check` is deprecated and will be removed in the future. Please use `torch._check*` functions instead.
  check(
  opinfo_trace             0 candidate(s), 0 submittable, 16 tests, 57 compiles  [6.6s]
  opinfo_transpose_copy    0 candidate(s), 0 submittable, 16 tests, 57 compiles  [12.1s]
  opinfo_T                 0 candidate(s), 0 submittable, 16 tests, 57 compiles  [5.6s]
  opinfo_H                 0 candidate(s), 0 submittable, 16 tests, 57 compiles  [5.7s]
  opinfo_tril              0 candidate(s), 0 submittable, 16 tests, 57 compiles  [17.4s]
  opinfo_triu              0 candidate(s), 0 submittable, 16 tests, 57 compiles  [19.3s]
  opinfo_kron              0 candidate(s), 0 submittable, 16 tests, 57 compiles  [10.2s]
  opinfo_inner             0 candidate(s), 0 submittable, 16 tests, 57 compiles  [10.4s]
  opinfo_tensordot         0 candidate(s), 0 submittable, 12 tests, 37 compiles  [16.2s]
D:\wsl\personal\dr\paper\toxic_compile\plan\tcc\observe.py:97: UserWarning: TypedStorage is deprecated. It will be removed in the future and UntypedStorage will be the only storage class. This should only matter to you if you are using storages directly.  To access UntypedStorage directly, use tensor.untyped_storage() instead of tensor.storage()
  lambda: t.storage().data_ptr(), lambda: t.data_ptr()):
  opinfo_to_sparse         0 candidate(s), 0 submittable, 16 tests, 0 compiles  [3.3s]
  opinfo_logcumsumexp      0 candidate(s), 0 submittable, 16 tests, 57 compiles  [6.2s]
  opinfo_sigmoid           0 candidate(s), 0 submittable, 16 tests, 57 compiles  [15.9s]
  opinfo_digamma           0 candidate(s), 0 submittable, 16 tests, 57 compiles  [5.5s]
  opinfo_erf               0 candidate(s), 0 submittable, 16 tests, 57 compiles  [6.4s]
  opinfo_erfc              0 candidate(s), 0 submittable, 16 tests, 57 compiles  [5.7s]
  opinfo_erfinv            0 candidate(s), 0 submittable, 16 tests, 57 compiles  [6.4s]
D:\wsl\personal\dr\paper\toxic_compile\plan\tcc\seeds.py:246: UserWarning: Using a target size (torch.Size([1, 5])) that is different to the input size (torch.Size([5, 5])). This will likely lead to incorrect results due to broadcasting. Please ensure they have the same size.
  samples = [s for s in samples if isinstance(s.input, torch.Tensor) and s.input.dim() >= 1
D:\wsl\personal\dr\paper\toxic_compile\plan\tcc\seeds.py:246: UserWarning: Using a target size (torch.Size([5, 5])) that is different to the input size (torch.Size([1, 5])). This will likely lead to incorrect results due to broadcasting. Please ensure they have the same size.
  samples = [s for s in samples if isinstance(s.input, torch.Tensor) and s.input.dim() >= 1
D:\wsl\personal\dr\paper\toxic_compile\plan\tcc\seeds.py:246: UserWarning: Using a target size (torch.Size([2, 5])) that is different to the input size (torch.Size([5, 5])). This will likely lead to incorrect results due to broadcasting. Please ensure they have the same size.
  samples = [s for s in samples if isinstance(s.input, torch.Tensor) and s.input.dim() >= 1
D:\wsl\personal\dr\paper\toxic_compile\plan\tcc\seeds.py:246: UserWarning: Using a target size (torch.Size([5, 5])) that is different to the input size (torch.Size([2, 5])). This will likely lead to incorrect results due to broadcasting. Please ensure they have the same size.
  samples = [s for s in samples if isinstance(s.input, torch.Tensor) and s.input.dim() >= 1
D:\wsl\personal\dr\paper\toxic_compile\plan\tcc\seeds.py:246: UserWarning: Using a target size (torch.Size([1, 5])) that is different to the input size (torch.Size([5, 5])). This will likely lead to incorrect results due to broadcasting. Please ensure they have the same size.
  samples = [s for s in samples if isinstance(s.input, torch.Tensor) and s.input.dim() >= 1
C:\Users\clm\AppData\Local\Python\pythoncore-3.14-64\Lib\site-packages\torch\_dynamo\utils.py:4415: UserWarning: Using a target size (torch.Size([1, 5])) that is different to the input size (torch.Size([5, 5])). This will likely lead to incorrect results due to broadcasting. Please ensure they have the same size.
  return node.target(*args, **kwargs)  # type: ignore[operator]
<eval_with_key>.28884:7: UserWarning: Using a target size (torch.Size([1, 5])) that is different to the input size (torch.Size([5, 5])). This will likely lead to incorrect results due to broadcasting. Please ensure they have the same size.
  smooth_l1_loss = torch.nn.functional.smooth_l1_loss(l_args_0_, l_args_1_, beta = 0);  l_args_0_ = l_args_1_ = None
C:\Users\clm\AppData\Local\Python\pythoncore-3.14-64\Lib\site-packages\torch\fx\interpreter.py:377: UserWarning: Using a target size (torch.Size([1, 5])) that is different to the input size (torch.Size([5, 5])). This will likely lead to incorrect results due to broadcasting. Please ensure they have the same size.
  return target(*args, **kwargs)
C:\Users\clm\AppData\Local\Python\pythoncore-3.14-64\Lib\site-packages\torch\fx\experimental\proxy_tensor.py:2014: UserWarning: Using a target size (torch.Size([1, 5])) that is different to the input size (torch.Size([5, 5])). This will likely lead to incorrect results due to broadcasting. Please ensure they have the same size.
  return func(*args, **kwargs)
C:\Users\clm\AppData\Local\Python\pythoncore-3.14-64\Lib\site-packages\torch\_dynamo\utils.py:4415: UserWarning: Using a target size (torch.Size([1, 5])) that is different to the input size (torch.Size([5, 5])). This will likely lead to incorrect results due to broadcasting. Please ensure they have the same size.
  return node.target(*args, **kwargs)  # type: ignore[operator]
C:\Users\clm\AppData\Local\Python\pythoncore-3.14-64\Lib\site-packages\torch\fx\interpreter.py:377: UserWarning: Using a target size (torch.Size([1, 5])) that is different to the input size (torch.Size([5, 5])). This will likely lead to incorrect results due to broadcasting. Please ensure they have the same size.
  return target(*args, **kwargs)
C:\Users\clm\AppData\Local\Python\pythoncore-3.14-64\Lib\site-packages\torch\fx\experimental\proxy_tensor.py:2014: UserWarning: Using a target size (torch.Size([1, 5])) that is different to the input size (torch.Size([5, 5])). This will likely lead to incorrect results due to broadcasting. Please ensure they have the same size.
  return func(*args, **kwargs)
D:\wsl\personal\dr\paper\toxic_compile\plan\tcc\seeds.py:246: UserWarning: Using a target size (torch.Size([5, 5])) that is different to the input size (torch.Size([1, 5])). This will likely lead to incorrect results due to broadcasting. Please ensure they have the same size.
  samples = [s for s in samples if isinstance(s.input, torch.Tensor) and s.input.dim() >= 1
C:\Users\clm\AppData\Local\Python\pythoncore-3.14-64\Lib\site-packages\torch\_dynamo\utils.py:4415: UserWarning: Using a target size (torch.Size([5, 5])) that is different to the input size (torch.Size([1, 5])). This will likely lead to incorrect results due to broadcasting. Please ensure they have the same size.
  return node.target(*args, **kwargs)  # type: ignore[operator]
<eval_with_key>.28889:7: UserWarning: Using a target size (torch.Size([5, 5])) that is different to the input size (torch.Size([1, 5])). This will likely lead to incorrect results due to broadcasting. Please ensure they have the same size.
  smooth_l1_loss = torch.nn.functional.smooth_l1_loss(l_args_0_, l_args_1_, beta = 0);  l_args_0_ = l_args_1_ = None
C:\Users\clm\AppData\Local\Python\pythoncore-3.14-64\Lib\site-packages\torch\fx\interpreter.py:377: UserWarning: Using a target size (torch.Size([5, 5])) that is different to the input size (torch.Size([1, 5])). This will likely lead to incorrect results due to broadcasting. Please ensure they have the same size.
  return target(*args, **kwargs)
C:\Users\clm\AppData\Local\Python\pythoncore-3.14-64\Lib\site-packages\torch\fx\experimental\proxy_tensor.py:2014: UserWarning: Using a target size (torch.Size([5, 5])) that is different to the input size (torch.Size([1, 5])). This will likely lead to incorrect results due to broadcasting. Please ensure they have the same size.
  return func(*args, **kwargs)
C:\Users\clm\AppData\Local\Python\pythoncore-3.14-64\Lib\site-packages\torch\_dynamo\utils.py:4415: UserWarning: Using a target size (torch.Size([5, 5])) that is different to the input size (torch.Size([1, 5])). This will likely lead to incorrect results due to broadcasting. Please ensure they have the same size.
  return node.target(*args, **kwargs)  # type: ignore[operator]
C:\Users\clm\AppData\Local\Python\pythoncore-3.14-64\Lib\site-packages\torch\fx\interpreter.py:377: UserWarning: Using a target size (torch.Size([5, 5])) that is different to the input size (torch.Size([1, 5])). This will likely lead to incorrect results due to broadcasting. Please ensure they have the same size.
  return target(*args, **kwargs)
C:\Users\clm\AppData\Local\Python\pythoncore-3.14-64\Lib\site-packages\torch\fx\experimental\proxy_tensor.py:2014: UserWarning: Using a target size (torch.Size([5, 5])) that is different to the input size (torch.Size([1, 5])). This will likely lead to incorrect results due to broadcasting. Please ensure they have the same size.
  return func(*args, **kwargs)
  opinfo_nn_functional_smooth_l1_loss 0 candidate(s), 0 submittable, 15 tests, 53 compiles  [11.0s]
D:\wsl\personal\dr\paper\toxic_compile\plan\tcc\seeds.py:246: UserWarning: Using a target size (torch.Size([1, 5])) that is different to the input size (torch.Size([5, 5])). This will likely lead to incorrect results due to broadcasting. Please ensure they have the same size.
  samples = [s for s in samples if isinstance(s.input, torch.Tensor) and s.input.dim() >= 1
D:\wsl\personal\dr\paper\toxic_compile\plan\tcc\seeds.py:246: UserWarning: Using a target size (torch.Size([5, 5])) that is different to the input size (torch.Size([1, 5])). This will likely lead to incorrect results due to broadcasting. Please ensure they have the same size.
  samples = [s for s in samples if isinstance(s.input, torch.Tensor) and s.input.dim() >= 1
D:\wsl\personal\dr\paper\toxic_compile\plan\tcc\seeds.py:246: UserWarning: Using a target size (torch.Size([1, 5])) that is different to the input size (torch.Size([5, 5])). This will likely lead to incorrect results due to broadcasting. Please ensure they have the same size.
  samples = [s for s in samples if isinstance(s.input, torch.Tensor) and s.input.dim() >= 1
C:\Users\clm\AppData\Local\Python\pythoncore-3.14-64\Lib\site-packages\torch\_dynamo\utils.py:4415: UserWarning: Using a target size (torch.Size([1, 5])) that is different to the input size (torch.Size([5, 5])). This will likely lead to incorrect results due to broadcasting. Please ensure they have the same size.
  return node.target(*args, **kwargs)  # type: ignore[operator]
<eval_with_key>.28963:7: UserWarning: Using a target size (torch.Size([1, 5])) that is different to the input size (torch.Size([5, 5])). This will likely lead to incorrect results due to broadcasting. Please ensure they have the same size.
  l1_loss = torch.nn.functional.l1_loss(l_args_0_, l_args_1_);  l_args_0_ = l_args_1_ = None
C:\Users\clm\AppData\Local\Python\pythoncore-3.14-64\Lib\site-packages\torch\fx\interpreter.py:377: UserWarning: Using a target size (torch.Size([1, 5])) that is different to the input size (torch.Size([5, 5])). This will likely lead to incorrect results due to broadcasting. Please ensure they have the same size.
  return target(*args, **kwargs)
C:\Users\clm\AppData\Local\Python\pythoncore-3.14-64\Lib\site-packages\torch\fx\experimental\proxy_tensor.py:2014: UserWarning: Using a target size (torch.Size([1, 5])) that is different to the input size (torch.Size([5, 5])). This will likely lead to incorrect results due to broadcasting. Please ensure they have the same size.
  return func(*args, **kwargs)
C:\Users\clm\AppData\Local\Python\pythoncore-3.14-64\Lib\site-packages\torch\_dynamo\utils.py:4415: UserWarning: Using a target size (torch.Size([1, 5])) that is different to the input size (torch.Size([5, 5])). This will likely lead to incorrect results due to broadcasting. Please ensure they have the same size.
  return node.target(*args, **kwargs)  # type: ignore[operator]
C:\Users\clm\AppData\Local\Python\pythoncore-3.14-64\Lib\site-packages\torch\fx\interpreter.py:377: UserWarning: Using a target size (torch.Size([1, 5])) that is different to the input size (torch.Size([5, 5])). This will likely lead to incorrect results due to broadcasting. Please ensure they have the same size.
  return target(*args, **kwargs)
C:\Users\clm\AppData\Local\Python\pythoncore-3.14-64\Lib\site-packages\torch\fx\experimental\proxy_tensor.py:2014: UserWarning: Using a target size (torch.Size([1, 5])) that is different to the input size (torch.Size([5, 5])). This will likely lead to incorrect results due to broadcasting. Please ensure they have the same size.
  return func(*args, **kwargs)
D:\wsl\personal\dr\paper\toxic_compile\plan\tcc\seeds.py:246: UserWarning: Using a target size (torch.Size([5, 5])) that is different to the input size (torch.Size([1, 5])). This will likely lead to incorrect results due to broadcasting. Please ensure they have the same size.
  samples = [s for s in samples if isinstance(s.input, torch.Tensor) and s.input.dim() >= 1
C:\Users\clm\AppData\Local\Python\pythoncore-3.14-64\Lib\site-packages\torch\_dynamo\utils.py:4415: UserWarning: Using a target size (torch.Size([5, 5])) that is different to the input size (torch.Size([1, 5])). This will likely lead to incorrect results due to broadcasting. Please ensure they have the same size.
  return node.target(*args, **kwargs)  # type: ignore[operator]
<eval_with_key>.28968:7: UserWarning: Using a target size (torch.Size([5, 5])) that is different to the input size (torch.Size([1, 5])). This will likely lead to incorrect results due to broadcasting. Please ensure they have the same size.
  l1_loss = torch.nn.functional.l1_loss(l_args_0_, l_args_1_);  l_args_0_ = l_args_1_ = None
C:\Users\clm\AppData\Local\Python\pythoncore-3.14-64\Lib\site-packages\torch\fx\interpreter.py:377: UserWarning: Using a target size (torch.Size([5, 5])) that is different to the input size (torch.Size([1, 5])). This will likely lead to incorrect results due to broadcasting. Please ensure they have the same size.
  return target(*args, **kwargs)
C:\Users\clm\AppData\Local\Python\pythoncore-3.14-64\Lib\site-packages\torch\fx\experimental\proxy_tensor.py:2014: UserWarning: Using a target size (torch.Size([5, 5])) that is different to the input size (torch.Size([1, 5])). This will likely lead to incorrect results due to broadcasting. Please ensure they have the same size.
  return func(*args, **kwargs)
C:\Users\clm\AppData\Local\Python\pythoncore-3.14-64\Lib\site-packages\torch\_dynamo\utils.py:4415: UserWarning: Using a target size (torch.Size([5, 5])) that is different to the input size (torch.Size([1, 5])). This will likely lead to incorrect results due to broadcasting. Please ensure they have the same size.
  return node.target(*args, **kwargs)  # type: ignore[operator]
C:\Users\clm\AppData\Local\Python\pythoncore-3.14-64\Lib\site-packages\torch\fx\interpreter.py:377: UserWarning: Using a target size (torch.Size([5, 5])) that is different to the input size (torch.Size([1, 5])). This will likely lead to incorrect results due to broadcasting. Please ensure they have the same size.
  return target(*args, **kwargs)
C:\Users\clm\AppData\Local\Python\pythoncore-3.14-64\Lib\site-packages\torch\fx\experimental\proxy_tensor.py:2014: UserWarning: Using a target size (torch.Size([5, 5])) that is different to the input size (torch.Size([1, 5])). This will likely lead to incorrect results due to broadcasting. Please ensure they have the same size.
  return func(*args, **kwargs)
  opinfo_nn_functional_l1_loss 0 candidate(s), 0 submittable, 10 tests, 34 compiles  [4.4s]
  opinfo_lgamma            0 candidate(s), 0 submittable, 16 tests, 57 compiles  [5.9s]
  opinfo_logdet            0 candidate(s), 0 submittable, 9 tests, 31 compiles  [10.1s]
  opinfo_log_softmax       0 candidate(s), 0 submittable, 16 tests, 57 compiles  [19.1s]
  opinfo_log_softmax_with_dtype 0 candidate(s), 0 submittable, 16 tests, 57 compiles  [22.0s]
  opinfo_logit             0 candidate(s), 0 submittable, 16 tests, 57 compiles  [20.7s]
  opinfo_where             0 candidate(s), 0 submittable, 16 tests, 57 compiles  [18.6s]
  opinfo_nonzero           0 candidate(s), 0 submittable, 16 tests, 0 compiles  [3.5s]
  opinfo_nonzero_static    0 candidate(s), 0 submittable, 16 tests, 57 compiles  [5.9s]
  opinfo_norm              0 candidate(s), 0 submittable, 11 tests, 39 compiles  [12.4s]
  opinfo_norm_nuc          0 candidate(s), 0 submittable, 11 tests, 31 compiles  [5.0s]
  opinfo_norm_fro          0 candidate(s), 0 submittable, 11 tests, 39 compiles  [11.1s]
  opinfo_norm_inf          0 candidate(s), 0 submittable, 11 tests, 39 compiles  [12.9s]
  opinfo_t_copy            0 candidate(s), 0 submittable, 16 tests, 57 compiles  [5.8s]
  opinfo_nn_functional_dropout 0 candidate(s), 0 submittable, 16 tests, 5 compiles  [4.9s]
  opinfo_nn_functional_dropout2d 0 candidate(s), 0 submittable, 16 tests, 5 compiles  [4.7s]
  opinfo_nn_functional_dropout3d 0 candidate(s), 0 submittable, 16 tests, 5 compiles  [4.7s]
  opinfo_nn_functional_alpha_dropout 0 candidate(s), 0 submittable, 16 tests, 5 compiles  [4.7s]
  opinfo_nn_functional_feature_alpha_dropout_with_train 0 candidate(s), 0 submittable, 16 tests, 5 compiles  [4.3s]
  opinfo_nn_functional_feature_alpha_dropout_without_train 0 candidate(s), 0 submittable, 16 tests, 5 compiles  [4.7s]
  opinfo_nn_functional_embedding 0 candidate(s), 0 submittable, 16 tests, 57 compiles  [20.2s]
  opinfo_nn_functional_embedding_bag 0 candidate(s), 0 submittable, 16 tests, 57 compiles  [6.7s]
  opinfo_nn_functional_softplus 0 candidate(s), 0 submittable, 16 tests, 58 compiles  [18.5s]
D:\wsl\personal\dr\paper\toxic_compile\plan\tcc\seeds.py:246: UserWarning: Using a target size (torch.Size([1])) that is different to the input size (torch.Size([5])). This will likely lead to incorrect results due to broadcasting. Please ensure they have the same size.
  samples = [s for s in samples if isinstance(s.input, torch.Tensor) and s.input.dim() >= 1
D:\wsl\personal\dr\paper\toxic_compile\plan\tcc\seeds.py:246: UserWarning: Using a target size (torch.Size([5])) that is different to the input size (torch.Size([1])). This will likely lead to incorrect results due to broadcasting. Please ensure they have the same size.
  samples = [s for s in samples if isinstance(s.input, torch.Tensor) and s.input.dim() >= 1
D:\wsl\personal\dr\paper\toxic_compile\plan\tcc\seeds.py:246: UserWarning: Using a target size (torch.Size([1])) that is different to the input size (torch.Size([5])). This will likely lead to incorrect results due to broadcasting. Please ensure they have the same size.
  samples = [s for s in samples if isinstance(s.input, torch.Tensor) and s.input.dim() >= 1
C:\Users\clm\AppData\Local\Python\pythoncore-3.14-64\Lib\site-packages\torch\_dynamo\utils.py:4415: UserWarning: Using a target size (torch.Size([1])) that is different to the input size (torch.Size([5])). This will likely lead to incorrect results due to broadcasting. Please ensure they have the same size.
  return node.target(*args, **kwargs)  # type: ignore[operator]
<eval_with_key>.30163:7: UserWarning: Using a target size (torch.Size([1])) that is different to the input size (torch.Size([5])). This will likely lead to incorrect results due to broadcasting. Please ensure they have the same size.
  mse_loss = torch.nn.functional.mse_loss(l_args_0_, l_args_1_, reduction = 'sum');  l_args_0_ = l_args_1_ = None
C:\Users\clm\AppData\Local\Python\pythoncore-3.14-64\Lib\site-packages\torch\fx\interpreter.py:377: UserWarning: Using a target size (torch.Size([1])) that is different to the input size (torch.Size([5])). This will likely lead to incorrect results due to broadcasting. Please ensure they have the same size.
  return target(*args, **kwargs)
C:\Users\clm\AppData\Local\Python\pythoncore-3.14-64\Lib\site-packages\torch\fx\experimental\proxy_tensor.py:2014: UserWarning: Using a target size (torch.Size([1])) that is different to the input size (torch.Size([5])). This will likely lead to incorrect results due to broadcasting. Please ensure they have the same size.
  return func(*args, **kwargs)
C:\Users\clm\AppData\Local\Python\pythoncore-3.14-64\Lib\site-packages\torch\_dynamo\utils.py:4415: UserWarning: Using a target size (torch.Size([1])) that is different to the input size (torch.Size([5])). This will likely lead to incorrect results due to broadcasting. Please ensure they have the same size.
  return node.target(*args, **kwargs)  # type: ignore[operator]
C:\Users\clm\AppData\Local\Python\pythoncore-3.14-64\Lib\site-packages\torch\fx\interpreter.py:377: UserWarning: Using a target size (torch.Size([1])) that is different to the input size (torch.Size([5])). This will likely lead to incorrect results due to broadcasting. Please ensure they have the same size.
  return target(*args, **kwargs)
C:\Users\clm\AppData\Local\Python\pythoncore-3.14-64\Lib\site-packages\torch\fx\experimental\proxy_tensor.py:2014: UserWarning: Using a target size (torch.Size([1])) that is different to the input size (torch.Size([5])). This will likely lead to incorrect results due to broadcasting. Please ensure they have the same size.
  return func(*args, **kwargs)
D:\wsl\personal\dr\paper\toxic_compile\plan\tcc\seeds.py:246: UserWarning: Using a target size (torch.Size([5])) that is different to the input size (torch.Size([1])). This will likely lead to incorrect results due to broadcasting. Please ensure they have the same size.
  samples = [s for s in samples if isinstance(s.input, torch.Tensor) and s.input.dim() >= 1
C:\Users\clm\AppData\Local\Python\pythoncore-3.14-64\Lib\site-packages\torch\_dynamo\utils.py:4415: UserWarning: Using a target size (torch.Size([5])) that is different to the input size (torch.Size([1])). This will likely lead to incorrect results due to broadcasting. Please ensure they have the same size.
  return node.target(*args, **kwargs)  # type: ignore[operator]
<eval_with_key>.30168:7: UserWarning: Using a target size (torch.Size([5])) that is different to the input size (torch.Size([1])). This will likely lead to incorrect results due to broadcasting. Please ensure they have the same size.
  mse_loss = torch.nn.functional.mse_loss(l_args_0_, l_args_1_, reduction = 'sum');  l_args_0_ = l_args_1_ = None
C:\Users\clm\AppData\Local\Python\pythoncore-3.14-64\Lib\site-packages\torch\fx\interpreter.py:377: UserWarning: Using a target size (torch.Size([5])) that is different to the input size (torch.Size([1])). This will likely lead to incorrect results due to broadcasting. Please ensure they have the same size.
  return target(*args, **kwargs)
C:\Users\clm\AppData\Local\Python\pythoncore-3.14-64\Lib\site-packages\torch\fx\experimental\proxy_tensor.py:2014: UserWarning: Using a target size (torch.Size([5])) that is different to the input size (torch.Size([1])). This will likely lead to incorrect results due to broadcasting. Please ensure they have the same size.
  return func(*args, **kwargs)
C:\Users\clm\AppData\Local\Python\pythoncore-3.14-64\Lib\site-packages\torch\_dynamo\utils.py:4415: UserWarning: Using a target size (torch.Size([5])) that is different to the input size (torch.Size([1])). This will likely lead to incorrect results due to broadcasting. Please ensure they have the same size.
  return node.target(*args, **kwargs)  # type: ignore[operator]
C:\Users\clm\AppData\Local\Python\pythoncore-3.14-64\Lib\site-packages\torch\fx\interpreter.py:377: UserWarning: Using a target size (torch.Size([5])) that is different to the input size (torch.Size([1])). This will likely lead to incorrect results due to broadcasting. Please ensure they have the same size.
  return target(*args, **kwargs)
C:\Users\clm\AppData\Local\Python\pythoncore-3.14-64\Lib\site-packages\torch\fx\experimental\proxy_tensor.py:2014: UserWarning: Using a target size (torch.Size([5])) that is different to the input size (torch.Size([1])). This will likely lead to incorrect results due to broadcasting. Please ensure they have the same size.
  return func(*args, **kwargs)
  opinfo_nn_functional_mse_loss 0 candidate(s), 0 submittable, 10 tests, 34 compiles  [16.9s]
  opinfo_nn_functional_grid_sample 0 candidate(s), 0 submittable, 16 tests, 57 compiles  [7.2s]
  opinfo_argwhere          0 candidate(s), 0 submittable, 16 tests, 0 compiles  [3.2s]
  opinfo_all               0 candidate(s), 0 submittable, 16 tests, 57 compiles  [7.2s]
  opinfo_any               0 candidate(s), 0 submittable, 16 tests, 57 compiles  [16.3s]
  opinfo_amax              0 candidate(s), 0 submittable, 16 tests, 57 compiles  [19.2s]
  opinfo_amin              0 candidate(s), 0 submittable, 16 tests, 57 compiles  [18.6s]
  opinfo_argmax            0 candidate(s), 0 submittable, 16 tests, 57 compiles  [19.6s]
  opinfo_argmin            0 candidate(s), 0 submittable, 16 tests, 57 compiles  [16.5s]
  opinfo_count_nonzero     0 candidate(s), 0 submittable, 16 tests, 57 compiles  [16.7s]
  opinfo_mean              0 candidate(s), 0 submittable, 16 tests, 57 compiles  [14.7s]
  opinfo_nanmean           0 candidate(s), 0 submittable, 16 tests, 57 compiles  [25.4s]
  opinfo_std               0 candidate(s), 0 submittable, 16 tests, 57 compiles  [24.4s]
  opinfo_std_unbiased      0 candidate(s), 0 submittable, 16 tests, 57 compiles  [7.6s]
  opinfo_var               0 candidate(s), 0 submittable, 16 tests, 57 compiles  [22.9s]
D:\wsl\personal\dr\paper\toxic_compile\plan\tcc\seeds.py:246: UserWarning: var(): degrees of freedom is <= 0. Correction should be strictly less than the reduction factor (input numel divided by output numel). (Triggered internally at C:\actions-runner\_work\pytorch\pytorch\aten\src\ATen\native\ReduceOps.cpp:1913.)
  samples = [s for s in samples if isinstance(s.input, torch.Tensor) and s.input.dim() >= 1
<eval_with_key>.31235:6: UserWarning: var(): degrees of freedom is <= 0. Correction should be strictly less than the reduction factor (input numel divided by output numel). (Triggered internally at C:\actions-runner\_work\pytorch\pytorch\aten\src\ATen\native\ReduceOps.cpp:1913.)
  var = torch.var(l_args_0_, False);  l_args_0_ = None
[W908 12:12:35.000000000 ReduceOps.cpp:1913] Warning: var(): degrees of freedom is <= 0. Correction should be strictly less than the reduction factor (input numel divided by output numel). (function warn_invalid_degrees_of_freedom)
D:\wsl\personal\dr\paper\toxic_compile\plan\tcc\seeds.py:246: UserWarning: var(): degrees of freedom is <= 0. Correction should be strictly less than the reduction factor (input numel divided by output numel). (Triggered internally at C:\actions-runner\_work\pytorch\pytorch\aten\src\ATen\native\ReduceOps.cpp:1913.)
  samples = [s for s in samples if isinstance(s.input, torch.Tensor) and s.input.dim() >= 1
<eval_with_key>.31240:6: UserWarning: var(): degrees of freedom is <= 0. Correction should be strictly less than the reduction factor (input numel divided by output numel). (Triggered internally at C:\actions-runner\_work\pytorch\pytorch\aten\src\ATen\native\ReduceOps.cpp:1913.)
  var = torch.var(l_args_0_, False);  l_args_0_ = None
[W908 12:12:35.000000000 ReduceOps.cpp:1913] Warning: var(): degrees of freedom is <= 0. Correction should be strictly less than the reduction factor (input numel divided by output numel). (function warn_invalid_degrees_of_freedom)
D:\wsl\personal\dr\paper\toxic_compile\plan\tcc\seeds.py:246: UserWarning: var(): degrees of freedom is <= 0. Correction should be strictly less than the reduction factor (input numel divided by output numel). (Triggered internally at C:\actions-runner\_work\pytorch\pytorch\aten\src\ATen\native\ReduceOps.cpp:1913.)
  samples = [s for s in samples if isinstance(s.input, torch.Tensor) and s.input.dim() >= 1
D:\wsl\personal\dr\paper\toxic_compile\plan\tcc\seeds.py:246: UserWarning: var(): degrees of freedom is <= 0. Correction should be strictly less than the reduction factor (input numel divided by output numel). (Triggered internally at C:\actions-runner\_work\pytorch\pytorch\aten\src\ATen\native\ReduceOps.cpp:1913.)
  samples = [s for s in samples if isinstance(s.input, torch.Tensor) and s.input.dim() >= 1
D:\wsl\personal\dr\paper\toxic_compile\plan\tcc\seeds.py:246: UserWarning: var(): degrees of freedom is <= 0. Correction should be strictly less than the reduction factor (input numel divided by output numel). (Triggered internally at C:\actions-runner\_work\pytorch\pytorch\aten\src\ATen\native\ReduceOps.cpp:1913.)
  samples = [s for s in samples if isinstance(s.input, torch.Tensor) and s.input.dim() >= 1
D:\wsl\personal\dr\paper\toxic_compile\plan\tcc\seeds.py:246: UserWarning: var(): degrees of freedom is <= 0. Correction should be strictly less than the reduction factor (input numel divided by output numel). (Triggered internally at C:\actions-runner\_work\pytorch\pytorch\aten\src\ATen\native\ReduceOps.cpp:1913.)
  samples = [s for s in samples if isinstance(s.input, torch.Tensor) and s.input.dim() >= 1
D:\wsl\personal\dr\paper\toxic_compile\plan\tcc\seeds.py:246: UserWarning: var(): degrees of freedom is <= 0. Correction should be strictly less than the reduction factor (input numel divided by output numel). (Triggered internally at C:\actions-runner\_work\pytorch\pytorch\aten\src\ATen\native\ReduceOps.cpp:1913.)
  samples = [s for s in samples if isinstance(s.input, torch.Tensor) and s.input.dim() >= 1
D:\wsl\personal\dr\paper\toxic_compile\plan\tcc\seeds.py:246: UserWarning: var(): degrees of freedom is <= 0. Correction should be strictly less than the reduction factor (input numel divided by output numel). (Triggered internally at C:\actions-runner\_work\pytorch\pytorch\aten\src\ATen\native\ReduceOps.cpp:1913.)
  samples = [s for s in samples if isinstance(s.input, torch.Tensor) and s.input.dim() >= 1
D:\wsl\personal\dr\paper\toxic_compile\plan\tcc\seeds.py:246: UserWarning: var(): degrees of freedom is <= 0. Correction should be strictly less than the reduction factor (input numel divided by output numel). (Triggered internally at C:\actions-runner\_work\pytorch\pytorch\aten\src\ATen\native\ReduceOps.cpp:1913.)
  samples = [s for s in samples if isinstance(s.input, torch.Tensor) and s.input.dim() >= 1
<eval_with_key>.31253:6: UserWarning: var(): degrees of freedom is <= 0. Correction should be strictly less than the reduction factor (input numel divided by output numel). (Triggered internally at C:\actions-runner\_work\pytorch\pytorch\aten\src\ATen\native\ReduceOps.cpp:1913.)
  var = torch.var(l_args_0_, False);  l_args_0_ = None
C:\Users\clm\AppData\Local\Python\pythoncore-3.14-64\Lib\site-packages\torch\_functorch\_aot_autograd\utils.py:118: UserWarning: var(): degrees of freedom is <= 0. Correction should be strictly less than the reduction factor (input numel divided by output numel). (Triggered internally at C:\actions-runner\_work\pytorch\pytorch\aten\src\ATen\native\ReduceOps.cpp:1913.)
  return f(*args)
D:\wsl\personal\dr\paper\toxic_compile\plan\tcc\seeds.py:246: UserWarning: var(): degrees of freedom is <= 0. Correction should be strictly less than the reduction factor (input numel divided by output numel). (Triggered internally at C:\actions-runner\_work\pytorch\pytorch\aten\src\ATen\native\ReduceOps.cpp:1913.)
  samples = [s for s in samples if isinstance(s.input, torch.Tensor) and s.input.dim() >= 1
D:\wsl\personal\dr\paper\toxic_compile\plan\tcc\seeds.py:246: UserWarning: var(): degrees of freedom is <= 0. Correction should be strictly less than the reduction factor (input numel divided by output numel). (Triggered internally at C:\actions-runner\_work\pytorch\pytorch\aten\src\ATen\native\ReduceOps.cpp:1913.)
  samples = [s for s in samples if isinstance(s.input, torch.Tensor) and s.input.dim() >= 1
D:\wsl\personal\dr\paper\toxic_compile\plan\tcc\seeds.py:246: UserWarning: var(): degrees of freedom is <= 0. Correction should be strictly less than the reduction factor (input numel divided by output numel). (Triggered internally at C:\actions-runner\_work\pytorch\pytorch\aten\src\ATen\native\ReduceOps.cpp:1913.)
  samples = [s for s in samples if isinstance(s.input, torch.Tensor) and s.input.dim() >= 1
D:\wsl\personal\dr\paper\toxic_compile\plan\tcc\seeds.py:246: UserWarning: var(): degrees of freedom is <= 0. Correction should be strictly less than the reduction factor (input numel divided by output numel). (Triggered internally at C:\actions-runner\_work\pytorch\pytorch\aten\src\ATen\native\ReduceOps.cpp:1913.)
  samples = [s for s in samples if isinstance(s.input, torch.Tensor) and s.input.dim() >= 1
D:\wsl\personal\dr\paper\toxic_compile\plan\tcc\seeds.py:246: UserWarning: var(): degrees of freedom is <= 0. Correction should be strictly less than the reduction factor (input numel divided by output numel). (Triggered internally at C:\actions-runner\_work\pytorch\pytorch\aten\src\ATen\native\ReduceOps.cpp:1913.)
  samples = [s for s in samples if isinstance(s.input, torch.Tensor) and s.input.dim() >= 1
D:\wsl\personal\dr\paper\toxic_compile\plan\tcc\seeds.py:246: UserWarning: var(): degrees of freedom is <= 0. Correction should be strictly less than the reduction factor (input numel divided by output numel). (Triggered internally at C:\actions-runner\_work\pytorch\pytorch\aten\src\ATen\native\ReduceOps.cpp:1913.)
  samples = [s for s in samples if isinstance(s.input, torch.Tensor) and s.input.dim() >= 1
D:\wsl\personal\dr\paper\toxic_compile\plan\tcc\seeds.py:246: UserWarning: var(): degrees of freedom is <= 0. Correction should be strictly less than the reduction factor (input numel divided by output numel). (Triggered internally at C:\actions-runner\_work\pytorch\pytorch\aten\src\ATen\native\ReduceOps.cpp:1913.)
  samples = [s for s in samples if isinstance(s.input, torch.Tensor) and s.input.dim() >= 1
<eval_with_key>.31278:6: UserWarning: var(): degrees of freedom is <= 0. Correction should be strictly less than the reduction factor (input numel divided by output numel). (Triggered internally at C:\actions-runner\_work\pytorch\pytorch\aten\src\ATen\native\ReduceOps.cpp:1913.)
  var = torch.var(l_args_0_, False);  l_args_0_ = None
[W908 12:12:37.000000000 ReduceOps.cpp:1913] Warning: var(): degrees of freedom is <= 0. Correction should be strictly less than the reduction factor (input numel divided by output numel). (function warn_invalid_degrees_of_freedom)
D:\wsl\personal\dr\paper\toxic_compile\plan\tcc\seeds.py:246: UserWarning: var(): degrees of freedom is <= 0. Correction should be strictly less than the reduction factor (input numel divided by output numel). (Triggered internally at C:\actions-runner\_work\pytorch\pytorch\aten\src\ATen\native\ReduceOps.cpp:1913.)
  samples = [s for s in samples if isinstance(s.input, torch.Tensor) and s.input.dim() >= 1
<eval_with_key>.31283:6: UserWarning: var(): degrees of freedom is <= 0. Correction should be strictly less than the reduction factor (input numel divided by output numel). (Triggered internally at C:\actions-runner\_work\pytorch\pytorch\aten\src\ATen\native\ReduceOps.cpp:1913.)
  var = torch.var(l_args_0_, False);  l_args_0_ = None
[W908 12:12:38.000000000 ReduceOps.cpp:1913] Warning: var(): degrees of freedom is <= 0. Correction should be strictly less than the reduction factor (input numel divided by output numel). (function warn_invalid_degrees_of_freedom)
D:\wsl\personal\dr\paper\toxic_compile\plan\tcc\seeds.py:246: UserWarning: var(): degrees of freedom is <= 0. Correction should be strictly less than the reduction factor (input numel divided by output numel). (Triggered internally at C:\actions-runner\_work\pytorch\pytorch\aten\src\ATen\native\ReduceOps.cpp:1913.)
  samples = [s for s in samples if isinstance(s.input, torch.Tensor) and s.input.dim() >= 1
D:\wsl\personal\dr\paper\toxic_compile\plan\tcc\seeds.py:246: UserWarning: var(): degrees of freedom is <= 0. Correction should be strictly less than the reduction factor (input numel divided by output numel). (Triggered internally at C:\actions-runner\_work\pytorch\pytorch\aten\src\ATen\native\ReduceOps.cpp:1913.)
  samples = [s for s in samples if isinstance(s.input, torch.Tensor) and s.input.dim() >= 1
D:\wsl\personal\dr\paper\toxic_compile\plan\tcc\seeds.py:246: UserWarning: var(): degrees of freedom is <= 0. Correction should be strictly less than the reduction factor (input numel divided by output numel). (Triggered internally at C:\actions-runner\_work\pytorch\pytorch\aten\src\ATen\native\ReduceOps.cpp:1913.)
  samples = [s for s in samples if isinstance(s.input, torch.Tensor) and s.input.dim() >= 1
D:\wsl\personal\dr\paper\toxic_compile\plan\tcc\seeds.py:246: UserWarning: var(): degrees of freedom is <= 0. Correction should be strictly less than the reduction factor (input numel divided by output numel). (Triggered internally at C:\actions-runner\_work\pytorch\pytorch\aten\src\ATen\native\ReduceOps.cpp:1913.)
  samples = [s for s in samples if isinstance(s.input, torch.Tensor) and s.input.dim() >= 1
D:\wsl\personal\dr\paper\toxic_compile\plan\tcc\seeds.py:246: UserWarning: var(): degrees of freedom is <= 0. Correction should be strictly less than the reduction factor (input numel divided by output numel). (Triggered internally at C:\actions-runner\_work\pytorch\pytorch\aten\src\ATen\native\ReduceOps.cpp:1913.)
  samples = [s for s in samples if isinstance(s.input, torch.Tensor) and s.input.dim() >= 1
D:\wsl\personal\dr\paper\toxic_compile\plan\tcc\seeds.py:246: UserWarning: var(): degrees of freedom is <= 0. Correction should be strictly less than the reduction factor (input numel divided by output numel). (Triggered internally at C:\actions-runner\_work\pytorch\pytorch\aten\src\ATen\native\ReduceOps.cpp:1913.)
  samples = [s for s in samples if isinstance(s.input, torch.Tensor) and s.input.dim() >= 1
D:\wsl\personal\dr\paper\toxic_compile\plan\tcc\seeds.py:246: UserWarning: var(): degrees of freedom is <= 0. Correction should be strictly less than the reduction factor (input numel divided by output numel). (Triggered internally at C:\actions-runner\_work\pytorch\pytorch\aten\src\ATen\native\ReduceOps.cpp:1913.)
  samples = [s for s in samples if isinstance(s.input, torch.Tensor) and s.input.dim() >= 1
<eval_with_key>.31296:6: UserWarning: var(): degrees of freedom is <= 0. Correction should be strictly less than the reduction factor (input numel divided by output numel). (Triggered internally at C:\actions-runner\_work\pytorch\pytorch\aten\src\ATen\native\ReduceOps.cpp:1913.)
  var = torch.var(l_args_0_, False);  l_args_0_ = None
[W908 12:12:39.000000000 ReduceOps.cpp:1913] Warning: var(): degrees of freedom is <= 0. Correction should be strictly less than the reduction factor (input numel divided by output numel). (function warn_invalid_degrees_of_freedom)
D:\wsl\personal\dr\paper\toxic_compile\plan\tcc\seeds.py:246: UserWarning: var(): degrees of freedom is <= 0. Correction should be strictly less than the reduction factor (input numel divided by output numel). (Triggered internally at C:\actions-runner\_work\pytorch\pytorch\aten\src\ATen\native\ReduceOps.cpp:1913.)
  samples = [s for s in samples if isinstance(s.input, torch.Tensor) and s.input.dim() >= 1
<eval_with_key>.31301:6: UserWarning: var(): degrees of freedom is <= 0. Correction should be strictly less than the reduction factor (input numel divided by output numel). (Triggered internally at C:\actions-runner\_work\pytorch\pytorch\aten\src\ATen\native\ReduceOps.cpp:1913.)
  var = torch.var(l_args_0_, False);  l_args_0_ = None
[W908 12:12:39.000000000 ReduceOps.cpp:1913] Warning: var(): degrees of freedom is <= 0. Correction should be strictly less than the reduction factor (input numel divided by output numel). (function warn_invalid_degrees_of_freedom)
D:\wsl\personal\dr\paper\toxic_compile\plan\tcc\seeds.py:246: UserWarning: var(): degrees of freedom is <= 0. Correction should be strictly less than the reduction factor (input numel divided by output numel). (Triggered internally at C:\actions-runner\_work\pytorch\pytorch\aten\src\ATen\native\ReduceOps.cpp:1913.)
  samples = [s for s in samples if isinstance(s.input, torch.Tensor) and s.input.dim() >= 1
D:\wsl\personal\dr\paper\toxic_compile\plan\tcc\seeds.py:246: UserWarning: var(): degrees of freedom is <= 0. Correction should be strictly less than the reduction factor (input numel divided by output numel). (Triggered internally at C:\actions-runner\_work\pytorch\pytorch\aten\src\ATen\native\ReduceOps.cpp:1913.)
  samples = [s for s in samples if isinstance(s.input, torch.Tensor) and s.input.dim() >= 1
D:\wsl\personal\dr\paper\toxic_compile\plan\tcc\seeds.py:246: UserWarning: var(): degrees of freedom is <= 0. Correction should be strictly less than the reduction factor (input numel divided by output numel). (Triggered internally at C:\actions-runner\_work\pytorch\pytorch\aten\src\ATen\native\ReduceOps.cpp:1913.)
  samples = [s for s in samples if isinstance(s.input, torch.Tensor) and s.input.dim() >= 1
D:\wsl\personal\dr\paper\toxic_compile\plan\tcc\seeds.py:246: UserWarning: var(): degrees of freedom is <= 0. Correction should be strictly less than the reduction factor (input numel divided by output numel). (Triggered internally at C:\actions-runner\_work\pytorch\pytorch\aten\src\ATen\native\ReduceOps.cpp:1913.)
  samples = [s for s in samples if isinstance(s.input, torch.Tensor) and s.input.dim() >= 1
D:\wsl\personal\dr\paper\toxic_compile\plan\tcc\seeds.py:246: UserWarning: var(): degrees of freedom is <= 0. Correction should be strictly less than the reduction factor (input numel divided by output numel). (Triggered internally at C:\actions-runner\_work\pytorch\pytorch\aten\src\ATen\native\ReduceOps.cpp:1913.)
  samples = [s for s in samples if isinstance(s.input, torch.Tensor) and s.input.dim() >= 1
D:\wsl\personal\dr\paper\toxic_compile\plan\tcc\seeds.py:246: UserWarning: var(): degrees of freedom is <= 0. Correction should be strictly less than the reduction factor (input numel divided by output numel). (Triggered internally at C:\actions-runner\_work\pytorch\pytorch\aten\src\ATen\native\ReduceOps.cpp:1913.)
  samples = [s for s in samples if isinstance(s.input, torch.Tensor) and s.input.dim() >= 1
D:\wsl\personal\dr\paper\toxic_compile\plan\tcc\seeds.py:246: UserWarning: var(): degrees of freedom is <= 0. Correction should be strictly less than the reduction factor (input numel divided by output numel). (Triggered internally at C:\actions-runner\_work\pytorch\pytorch\aten\src\ATen\native\ReduceOps.cpp:1913.)
  samples = [s for s in samples if isinstance(s.input, torch.Tensor) and s.input.dim() >= 1
D:\wsl\personal\dr\paper\toxic_compile\plan\tcc\seeds.py:246: UserWarning: var(): degrees of freedom is <= 0. Correction should be strictly less than the reduction factor (input numel divided by output numel). (Triggered internally at C:\actions-runner\_work\pytorch\pytorch\aten\src\ATen\native\ReduceOps.cpp:1913.)
  samples = [s for s in samples if isinstance(s.input, torch.Tensor) and s.input.dim() >= 1
D:\wsl\personal\dr\paper\toxic_compile\plan\tcc\seeds.py:246: UserWarning: var(): degrees of freedom is <= 0. Correction should be strictly less than the reduction factor (input numel divided by output numel). (Triggered internally at C:\actions-runner\_work\pytorch\pytorch\aten\src\ATen\native\ReduceOps.cpp:1913.)
  samples = [s for s in samples if isinstance(s.input, torch.Tensor) and s.input.dim() >= 1
  opinfo_var_unbiased      0 candidate(s), 0 submittable, 16 tests, 57 compiles  [6.4s]
  opinfo_prod              0 candidate(s), 0 submittable, 16 tests, 57 compiles  [17.3s]
  opinfo_sum               0 candidate(s), 0 submittable, 16 tests, 57 compiles  [12.1s]
  opinfo_nansum            0 candidate(s), 0 submittable, 16 tests, 57 compiles  [7.5s]
  opinfo_hash_tensor       0 candidate(s), 0 submittable, 16 tests, 57 compiles  [5.9s]
  opinfo_nn_functional_ctc_loss 0 candidate(s), 0 submittable, 9 tests, 0 compiles  [2.2s]
  opinfo_nn_functional_cosine_embedding_loss 0 candidate(s), 0 submittable, 16 tests, 67 compiles  [17.1s]
  opinfo_nn_functional_nll_loss 0 candidate(s), 0 submittable, 16 tests, 57 compiles  [22.4s]
  opinfo_nn_functional_gaussian_nll_loss 0 candidate(s), 0 submittable, 12 tests, 0 compiles  [2.1s]
  opinfo_nn_functional_hinge_embedding_loss 0 candidate(s), 0 submittable, 16 tests, 59 compiles  [26.0s]
D:\wsl\personal\dr\paper\toxic_compile\plan\tcc\seeds.py:246: UserWarning: Using a target size (torch.Size([1])) that is different to the input size (torch.Size([5])). This will likely lead to incorrect results due to broadcasting. Please ensure they have the same size.
  samples = [s for s in samples if isinstance(s.input, torch.Tensor) and s.input.dim() >= 1
D:\wsl\personal\dr\paper\toxic_compile\plan\tcc\seeds.py:246: UserWarning: Using a target size (torch.Size([5])) that is different to the input size (torch.Size([1])). This will likely lead to incorrect results due to broadcasting. Please ensure they have the same size.
  samples = [s for s in samples if isinstance(s.input, torch.Tensor) and s.input.dim() >= 1
D:\wsl\personal\dr\paper\toxic_compile\plan\tcc\seeds.py:246: UserWarning: Using a target size (torch.Size([2])) that is different to the input size (torch.Size([5])). This will likely lead to incorrect results due to broadcasting. Please ensure they have the same size.
  samples = [s for s in samples if isinstance(s.input, torch.Tensor) and s.input.dim() >= 1
D:\wsl\personal\dr\paper\toxic_compile\plan\tcc\seeds.py:246: UserWarning: Using a target size (torch.Size([5])) that is different to the input size (torch.Size([2])). This will likely lead to incorrect results due to broadcasting. Please ensure they have the same size.
  samples = [s for s in samples if isinstance(s.input, torch.Tensor) and s.input.dim() >= 1
D:\wsl\personal\dr\paper\toxic_compile\plan\tcc\seeds.py:246: UserWarning: Using a target size (torch.Size([1])) that is different to the input size (torch.Size([5])). This will likely lead to incorrect results due to broadcasting. Please ensure they have the same size.
  samples = [s for s in samples if isinstance(s.input, torch.Tensor) and s.input.dim() >= 1
C:\Users\clm\AppData\Local\Python\pythoncore-3.14-64\Lib\site-packages\torch\_dynamo\utils.py:4415: UserWarning: Using a target size (torch.Size([1])) that is different to the input size (torch.Size([5])). This will likely lead to incorrect results due to broadcasting. Please ensure they have the same size.
  return node.target(*args, **kwargs)  # type: ignore[operator]
<eval_with_key>.31904:7: UserWarning: Using a target size (torch.Size([1])) that is different to the input size (torch.Size([5])). This will likely lead to incorrect results due to broadcasting. Please ensure they have the same size.
  huber_loss = torch.nn.functional.huber_loss(l_args_0_, l_args_1_, reduction = 'none', delta = 8.698115367693557);  l_args_0_ = l_args_1_ = None
C:\Users\clm\AppData\Local\Python\pythoncore-3.14-64\Lib\site-packages\torch\fx\interpreter.py:377: UserWarning: Using a target size (torch.Size([1])) that is different to the input size (torch.Size([5])). This will likely lead to incorrect results due to broadcasting. Please ensure they have the same size.
  return target(*args, **kwargs)
C:\Users\clm\AppData\Local\Python\pythoncore-3.14-64\Lib\site-packages\torch\fx\experimental\proxy_tensor.py:2014: UserWarning: Using a target size (torch.Size([1])) that is different to the input size (torch.Size([5])). This will likely lead to incorrect results due to broadcasting. Please ensure they have the same size.
  return func(*args, **kwargs)
C:\Users\clm\AppData\Local\Python\pythoncore-3.14-64\Lib\site-packages\torch\_dynamo\utils.py:4415: UserWarning: Using a target size (torch.Size([1])) that is different to the input size (torch.Size([5])). This will likely lead to incorrect results due to broadcasting. Please ensure they have the same size.
  return node.target(*args, **kwargs)  # type: ignore[operator]
C:\Users\clm\AppData\Local\Python\pythoncore-3.14-64\Lib\site-packages\torch\fx\interpreter.py:377: UserWarning: Using a target size (torch.Size([1])) that is different to the input size (torch.Size([5])). This will likely lead to incorrect results due to broadcasting. Please ensure they have the same size.
  return target(*args, **kwargs)
C:\Users\clm\AppData\Local\Python\pythoncore-3.14-64\Lib\site-packages\torch\fx\experimental\proxy_tensor.py:2014: UserWarning: Using a target size (torch.Size([1])) that is different to the input size (torch.Size([5])). This will likely lead to incorrect results due to broadcasting. Please ensure they have the same size.
  return func(*args, **kwargs)
D:\wsl\personal\dr\paper\toxic_compile\plan\tcc\seeds.py:246: UserWarning: Using a target size (torch.Size([5])) that is different to the input size (torch.Size([1])). This will likely lead to incorrect results due to broadcasting. Please ensure they have the same size.
  samples = [s for s in samples if isinstance(s.input, torch.Tensor) and s.input.dim() >= 1
C:\Users\clm\AppData\Local\Python\pythoncore-3.14-64\Lib\site-packages\torch\_dynamo\utils.py:4415: UserWarning: Using a target size (torch.Size([5])) that is different to the input size (torch.Size([1])). This will likely lead to incorrect results due to broadcasting. Please ensure they have the same size.
  return node.target(*args, **kwargs)  # type: ignore[operator]
<eval_with_key>.31909:7: UserWarning: Using a target size (torch.Size([5])) that is different to the input size (torch.Size([1])). This will likely lead to incorrect results due to broadcasting. Please ensure they have the same size.
  huber_loss = torch.nn.functional.huber_loss(l_args_0_, l_args_1_, reduction = 'none', delta = 8.698115367693557);  l_args_0_ = l_args_1_ = None
C:\Users\clm\AppData\Local\Python\pythoncore-3.14-64\Lib\site-packages\torch\fx\interpreter.py:377: UserWarning: Using a target size (torch.Size([5])) that is different to the input size (torch.Size([1])). This will likely lead to incorrect results due to broadcasting. Please ensure they have the same size.
  return target(*args, **kwargs)
C:\Users\clm\AppData\Local\Python\pythoncore-3.14-64\Lib\site-packages\torch\fx\experimental\proxy_tensor.py:2014: UserWarning: Using a target size (torch.Size([5])) that is different to the input size (torch.Size([1])). This will likely lead to incorrect results due to broadcasting. Please ensure they have the same size.
  return func(*args, **kwargs)
C:\Users\clm\AppData\Local\Python\pythoncore-3.14-64\Lib\site-packages\torch\_dynamo\utils.py:4415: UserWarning: Using a target size (torch.Size([5])) that is different to the input size (torch.Size([1])). This will likely lead to incorrect results due to broadcasting. Please ensure they have the same size.
  return node.target(*args, **kwargs)  # type: ignore[operator]
C:\Users\clm\AppData\Local\Python\pythoncore-3.14-64\Lib\site-packages\torch\fx\interpreter.py:377: UserWarning: Using a target size (torch.Size([5])) that is different to the input size (torch.Size([1])). This will likely lead to incorrect results due to broadcasting. Please ensure they have the same size.
  return target(*args, **kwargs)
C:\Users\clm\AppData\Local\Python\pythoncore-3.14-64\Lib\site-packages\torch\fx\experimental\proxy_tensor.py:2014: UserWarning: Using a target size (torch.Size([5])) that is different to the input size (torch.Size([1])). This will likely lead to incorrect results due to broadcasting. Please ensure they have the same size.
  return func(*args, **kwargs)
D:\wsl\personal\dr\paper\toxic_compile\plan\tcc\seeds.py:246: UserWarning: Using a target size (torch.Size([2])) that is different to the input size (torch.Size([5])). This will likely lead to incorrect results due to broadcasting. Please ensure they have the same size.
  samples = [s for s in samples if isinstance(s.input, torch.Tensor) and s.input.dim() >= 1
C:\Users\clm\AppData\Local\Python\pythoncore-3.14-64\Lib\site-packages\torch\_dynamo\utils.py:4415: UserWarning: Using a target size (torch.Size([2])) that is different to the input size (torch.Size([5])). This will likely lead to incorrect results due to broadcasting. Please ensure they have the same size.
  return node.target(*args, **kwargs)  # type: ignore[operator]
D:\wsl\personal\dr\paper\toxic_compile\plan\tcc\seeds.py:246: UserWarning: Using a target size (torch.Size([5])) that is different to the input size (torch.Size([2])). This will likely lead to incorrect results due to broadcasting. Please ensure they have the same size.
  samples = [s for s in samples if isinstance(s.input, torch.Tensor) and s.input.dim() >= 1
C:\Users\clm\AppData\Local\Python\pythoncore-3.14-64\Lib\site-packages\torch\_dynamo\utils.py:4415: UserWarning: Using a target size (torch.Size([5])) that is different to the input size (torch.Size([2])). This will likely lead to incorrect results due to broadcasting. Please ensure they have the same size.
  return node.target(*args, **kwargs)  # type: ignore[operator]
  opinfo_nn_functional_huber_loss 0 candidate(s), 0 submittable, 12 tests, 36 compiles  [17.7s]
  opinfo_nn_functional_pdist 0 candidate(s), 0 submittable, 9 tests, 33 compiles  [3.4s]
  opinfo_nn_functional_poisson_nll_loss 0 candidate(s), 0 submittable, 16 tests, 57 compiles  [22.5s]
  opinfo_argsort           0 candidate(s), 0 submittable, 16 tests, 57 compiles  [6.2s]
  opinfo_repeat_interleave 0 candidate(s), 0 submittable, 16 tests, 57 compiles  [8.7s]
  opinfo_nn_functional_pairwise_distance 0 candidate(s), 0 submittable, 16 tests, 57 compiles  [21.2s]
  opinfo_nn_functional_pixel_shuffle 0 candidate(s), 0 submittable, 16 tests, 57 compiles  [18.3s]
  opinfo_nn_functional_pixel_unshuffle 0 candidate(s), 0 submittable, 16 tests, 57 compiles  [20.6s]
  opinfo_nn_functional_channel_shuffle 0 candidate(s), 0 submittable, 16 tests, 57 compiles  [19.0s]
  opinfo_nn_functional_kl_div 0 candidate(s), 0 submittable, 15 tests, 53 compiles  [19.3s]
  opinfo_diagflat          0 candidate(s), 0 submittable, 16 tests, 57 compiles  [19.5s]
  opinfo_fft_fft           0 candidate(s), 0 submittable, 9 tests, 31 compiles  [3.3s]
  opinfo_fft_fft2          0 candidate(s), 0 submittable, 9 tests, 31 compiles  [3.5s]
  opinfo_fft_fftn          0 candidate(s), 0 submittable, 9 tests, 31 compiles  [3.8s]
  opinfo_fft_hfft          0 candidate(s), 0 submittable, 9 tests, 31 compiles  [7.8s]
  opinfo_fft_hfft2         0 candidate(s), 0 submittable, 9 tests, 31 compiles  [4.0s]
  opinfo_fft_hfftn         0 candidate(s), 0 submittable, 9 tests, 31 compiles  [4.0s]
  opinfo_fft_rfft          0 candidate(s), 0 submittable, 9 tests, 31 compiles  [3.5s]
  opinfo_fft_rfft2         0 candidate(s), 0 submittable, 9 tests, 31 compiles  [11.3s]
  opinfo_fft_rfftn         0 candidate(s), 0 submittable, 9 tests, 31 compiles  [3.2s]
  opinfo_fft_ifft          0 candidate(s), 0 submittable, 9 tests, 31 compiles  [3.3s]
  opinfo_fft_ifft2         0 candidate(s), 0 submittable, 9 tests, 31 compiles  [3.2s]
  opinfo_fft_ifftn         0 candidate(s), 0 submittable, 9 tests, 31 compiles  [3.7s]
  opinfo_fft_ihfft         0 candidate(s), 0 submittable, 9 tests, 31 compiles  [3.4s]
  opinfo_fft_ihfft2        0 candidate(s), 0 submittable, 9 tests, 31 compiles  [11.5s]
  opinfo_fft_ihfftn        0 candidate(s), 0 submittable, 9 tests, 31 compiles  [4.1s]
  opinfo_fft_irfft         0 candidate(s), 0 submittable, 9 tests, 31 compiles  [4.1s]
  opinfo_fft_irfft2        0 candidate(s), 0 submittable, 9 tests, 31 compiles  [3.8s]
  opinfo_fft_irfftn        0 candidate(s), 0 submittable, 9 tests, 31 compiles  [4.1s]
  opinfo_fft_fftshift      0 candidate(s), 0 submittable, 16 tests, 57 compiles  [20.7s]
  opinfo_fft_ifftshift     0 candidate(s), 0 submittable, 16 tests, 57 compiles  [20.5s]
  opinfo_linalg_cross      0 candidate(s), 0 submittable, 16 tests, 57 compiles  [11.7s]
  opinfo_linalg_det        0 candidate(s), 0 submittable, 9 tests, 31 compiles  [3.2s]
C:\Users\clm\AppData\Local\Python\pythoncore-3.14-64\Lib\site-packages\torch\_inductor\lowering.py:2487: FutureWarning: `torch._prims_common.check` is deprecated and will be removed in the future. Please use `torch._check*` functions instead.
  check(
C:\Users\clm\AppData\Local\Python\pythoncore-3.14-64\Lib\site-packages\torch\_inductor\lowering.py:2487: FutureWarning: `torch._prims_common.check` is deprecated and will be removed in the future. Please use `torch._check*` functions instead.
  check(
C:\Users\clm\AppData\Local\Python\pythoncore-3.14-64\Lib\site-packages\torch\_inductor\lowering.py:2487: FutureWarning: `torch._prims_common.check` is deprecated and will be removed in the future. Please use `torch._check*` functions instead.
  check(
C:\Users\clm\AppData\Local\Python\pythoncore-3.14-64\Lib\site-packages\torch\_inductor\lowering.py:2487: FutureWarning: `torch._prims_common.check` is deprecated and will be removed in the future. Please use `torch._check*` functions instead.
  check(
C:\Users\clm\AppData\Local\Python\pythoncore-3.14-64\Lib\site-packages\torch\_inductor\lowering.py:2487: FutureWarning: `torch._prims_common.check` is deprecated and will be removed in the future. Please use `torch._check*` functions instead.
  check(
C:\Users\clm\AppData\Local\Python\pythoncore-3.14-64\Lib\site-packages\torch\_inductor\lowering.py:2487: FutureWarning: `torch._prims_common.check` is deprecated and will be removed in the future. Please use `torch._check*` functions instead.
  check(
C:\Users\clm\AppData\Local\Python\pythoncore-3.14-64\Lib\site-packages\torch\_inductor\lowering.py:2487: FutureWarning: `torch._prims_common.check` is deprecated and will be removed in the future. Please use `torch._check*` functions instead.
  check(
C:\Users\clm\AppData\Local\Python\pythoncore-3.14-64\Lib\site-packages\torch\_inductor\lowering.py:2487: FutureWarning: `torch._prims_common.check` is deprecated and will be removed in the future. Please use `torch._check*` functions instead.
  check(
C:\Users\clm\AppData\Local\Python\pythoncore-3.14-64\Lib\site-packages\torch\_inductor\lowering.py:2487: FutureWarning: `torch._prims_common.check` is deprecated and will be removed in the future. Please use `torch._check*` functions instead.
  check(
C:\Users\clm\AppData\Local\Python\pythoncore-3.14-64\Lib\site-packages\torch\_inductor\lowering.py:2487: FutureWarning: `torch._prims_common.check` is deprecated and will be removed in the future. Please use `torch._check*` functions instead.
  check(
C:\Users\clm\AppData\Local\Python\pythoncore-3.14-64\Lib\site-packages\torch\_inductor\lowering.py:2487: FutureWarning: `torch._prims_common.check` is deprecated and will be removed in the future. Please use `torch._check*` functions instead.
  check(
C:\Users\clm\AppData\Local\Python\pythoncore-3.14-64\Lib\site-packages\torch\_inductor\lowering.py:2487: FutureWarning: `torch._prims_common.check` is deprecated and will be removed in the future. Please use `torch._check*` functions instead.
  check(
C:\Users\clm\AppData\Local\Python\pythoncore-3.14-64\Lib\site-packages\torch\_inductor\lowering.py:2487: FutureWarning: `torch._prims_common.check` is deprecated and will be removed in the future. Please use `torch._check*` functions instead.
  check(
C:\Users\clm\AppData\Local\Python\pythoncore-3.14-64\Lib\site-packages\torch\_inductor\lowering.py:2487: FutureWarning: `torch._prims_common.check` is deprecated and will be removed in the future. Please use `torch._check*` functions instead.
  check(
C:\Users\clm\AppData\Local\Python\pythoncore-3.14-64\Lib\site-packages\torch\_inductor\lowering.py:2487: FutureWarning: `torch._prims_common.check` is deprecated and will be removed in the future. Please use `torch._check*` functions instead.
  check(
C:\Users\clm\AppData\Local\Python\pythoncore-3.14-64\Lib\site-packages\torch\_inductor\lowering.py:2487: FutureWarning: `torch._prims_common.check` is deprecated and will be removed in the future. Please use `torch._check*` functions instead.
  check(
C:\Users\clm\AppData\Local\Python\pythoncore-3.14-64\Lib\site-packages\torch\_inductor\lowering.py:2487: FutureWarning: `torch._prims_common.check` is deprecated and will be removed in the future. Please use `torch._check*` functions instead.
  check(
C:\Users\clm\AppData\Local\Python\pythoncore-3.14-64\Lib\site-packages\torch\_inductor\lowering.py:2487: FutureWarning: `torch._prims_common.check` is deprecated and will be removed in the future. Please use `torch._check*` functions instead.
  check(
C:\Users\clm\AppData\Local\Python\pythoncore-3.14-64\Lib\site-packages\torch\_inductor\lowering.py:2487: FutureWarning: `torch._prims_common.check` is deprecated and will be removed in the future. Please use `torch._check*` functions instead.
  check(
C:\Users\clm\AppData\Local\Python\pythoncore-3.14-64\Lib\site-packages\torch\_inductor\lowering.py:2487: FutureWarning: `torch._prims_common.check` is deprecated and will be removed in the future. Please use `torch._check*` functions instead.
  check(
C:\Users\clm\AppData\Local\Python\pythoncore-3.14-64\Lib\site-packages\torch\_inductor\lowering.py:2487: FutureWarning: `torch._prims_common.check` is deprecated and will be removed in the future. Please use `torch._check*` functions instead.
  check(
C:\Users\clm\AppData\Local\Python\pythoncore-3.14-64\Lib\site-packages\torch\_inductor\lowering.py:2487: FutureWarning: `torch._prims_common.check` is deprecated and will be removed in the future. Please use `torch._check*` functions instead.
  check(
C:\Users\clm\AppData\Local\Python\pythoncore-3.14-64\Lib\site-packages\torch\_inductor\lowering.py:2487: FutureWarning: `torch._prims_common.check` is deprecated and will be removed in the future. Please use `torch._check*` functions instead.
  check(
C:\Users\clm\AppData\Local\Python\pythoncore-3.14-64\Lib\site-packages\torch\_inductor\lowering.py:2487: FutureWarning: `torch._prims_common.check` is deprecated and will be removed in the future. Please use `torch._check*` functions instead.
  check(
C:\Users\clm\AppData\Local\Python\pythoncore-3.14-64\Lib\site-packages\torch\_inductor\lowering.py:2487: FutureWarning: `torch._prims_common.check` is deprecated and will be removed in the future. Please use `torch._check*` functions instead.
  check(
C:\Users\clm\AppData\Local\Python\pythoncore-3.14-64\Lib\site-packages\torch\_inductor\lowering.py:2487: FutureWarning: `torch._prims_common.check` is deprecated and will be removed in the future. Please use `torch._check*` functions instead.
  check(
C:\Users\clm\AppData\Local\Python\pythoncore-3.14-64\Lib\site-packages\torch\_inductor\lowering.py:2487: FutureWarning: `torch._prims_common.check` is deprecated and will be removed in the future. Please use `torch._check*` functions instead.
  check(
C:\Users\clm\AppData\Local\Python\pythoncore-3.14-64\Lib\site-packages\torch\_inductor\lowering.py:2487: FutureWarning: `torch._prims_common.check` is deprecated and will be removed in the future. Please use `torch._check*` functions instead.
  check(
C:\Users\clm\AppData\Local\Python\pythoncore-3.14-64\Lib\site-packages\torch\_inductor\lowering.py:2487: FutureWarning: `torch._prims_common.check` is deprecated and will be removed in the future. Please use `torch._check*` functions instead.
  check(
C:\Users\clm\AppData\Local\Python\pythoncore-3.14-64\Lib\site-packages\torch\_inductor\lowering.py:2487: FutureWarning: `torch._prims_common.check` is deprecated and will be removed in the future. Please use `torch._check*` functions instead.
  check(
C:\Users\clm\AppData\Local\Python\pythoncore-3.14-64\Lib\site-packages\torch\_inductor\lowering.py:2487: FutureWarning: `torch._prims_common.check` is deprecated and will be removed in the future. Please use `torch._check*` functions instead.
  check(
C:\Users\clm\AppData\Local\Python\pythoncore-3.14-64\Lib\site-packages\torch\_inductor\lowering.py:2487: FutureWarning: `torch._prims_common.check` is deprecated and will be removed in the future. Please use `torch._check*` functions instead.
  check(
C:\Users\clm\AppData\Local\Python\pythoncore-3.14-64\Lib\site-packages\torch\_inductor\lowering.py:2487: FutureWarning: `torch._prims_common.check` is deprecated and will be removed in the future. Please use `torch._check*` functions instead.
  check(
C:\Users\clm\AppData\Local\Python\pythoncore-3.14-64\Lib\site-packages\torch\_inductor\lowering.py:2487: FutureWarning: `torch._prims_common.check` is deprecated and will be removed in the future. Please use `torch._check*` functions instead.
  check(
C:\Users\clm\AppData\Local\Python\pythoncore-3.14-64\Lib\site-packages\torch\_inductor\lowering.py:2487: FutureWarning: `torch._prims_common.check` is deprecated and will be removed in the future. Please use `torch._check*` functions instead.
  check(
C:\Users\clm\AppData\Local\Python\pythoncore-3.14-64\Lib\site-packages\torch\_inductor\lowering.py:2487: FutureWarning: `torch._prims_common.check` is deprecated and will be removed in the future. Please use `torch._check*` functions instead.
  check(
C:\Users\clm\AppData\Local\Python\pythoncore-3.14-64\Lib\site-packages\torch\_inductor\lowering.py:2487: FutureWarning: `torch._prims_common.check` is deprecated and will be removed in the future. Please use `torch._check*` functions instead.
  check(
C:\Users\clm\AppData\Local\Python\pythoncore-3.14-64\Lib\site-packages\torch\_inductor\lowering.py:2487: FutureWarning: `torch._prims_common.check` is deprecated and will be removed in the future. Please use `torch._check*` functions instead.
  check(
C:\Users\clm\AppData\Local\Python\pythoncore-3.14-64\Lib\site-packages\torch\_inductor\lowering.py:2487: FutureWarning: `torch._prims_common.check` is deprecated and will be removed in the future. Please use `torch._check*` functions instead.
  check(
C:\Users\clm\AppData\Local\Python\pythoncore-3.14-64\Lib\site-packages\torch\_inductor\lowering.py:2487: FutureWarning: `torch._prims_common.check` is deprecated and will be removed in the future. Please use `torch._check*` functions instead.
  check(
C:\Users\clm\AppData\Local\Python\pythoncore-3.14-64\Lib\site-packages\torch\_inductor\lowering.py:2487: FutureWarning: `torch._prims_common.check` is deprecated and will be removed in the future. Please use `torch._check*` functions instead.
  check(
C:\Users\clm\AppData\Local\Python\pythoncore-3.14-64\Lib\site-packages\torch\_inductor\lowering.py:2487: FutureWarning: `torch._prims_common.check` is deprecated and will be removed in the future. Please use `torch._check*` functions instead.
  check(
C:\Users\clm\AppData\Local\Python\pythoncore-3.14-64\Lib\site-packages\torch\_inductor\lowering.py:2487: FutureWarning: `torch._prims_common.check` is deprecated and will be removed in the future. Please use `torch._check*` functions instead.
  check(
  opinfo_linalg_diagonal   0 candidate(s), 0 submittable, 16 tests, 57 compiles  [5.8s]
  opinfo_linalg_matrix_sqrth 0 candidate(s), 0 submittable, 9 tests, 31 compiles  [7.5s]
  opinfo_linalg_cholesky   0 candidate(s), 0 submittable, 16 tests, 57 compiles  [7.8s]
  opinfo_linalg_cholesky_ex 0 candidate(s), 0 submittable, 9 tests, 31 compiles  [3.3s]
  opinfo_linalg_vecdot     0 candidate(s), 0 submittable, 16 tests, 57 compiles  [6.8s]
  opinfo_linalg_cond       0 candidate(s), 0 submittable, 9 tests, 31 compiles  [13.2s]
D:\wsl\personal\dr\paper\toxic_compile\plan\tcc\seeds.py:246: UserWarning: BComplex32 support is experimental and many operators don't support it yet. (Triggered internally at C:\actions-runner\_work\pytorch\pytorch\aten\src\ATen\EmptyTensor.cpp:58.)
  samples = [s for s in samples if isinstance(s.input, torch.Tensor) and s.input.dim() >= 1
  opinfo_linalg_eig        0 candidate(s), 0 submittable, 9 tests, 31 compiles  [5.2s]
  opinfo_linalg_eigvals    0 candidate(s), 0 submittable, 9 tests, 31 compiles  [3.8s]
C:\Users\clm\AppData\Local\Python\pythoncore-3.14-64\Lib\site-packages\torch\_inductor\lowering.py:2487: FutureWarning: `torch._prims_common.check` is deprecated and will be removed in the future. Please use `torch._check*` functions instead.
  check(
C:\Users\clm\AppData\Local\Python\pythoncore-3.14-64\Lib\site-packages\torch\_inductor\lowering.py:2487: FutureWarning: `torch._prims_common.check` is deprecated and will be removed in the future. Please use `torch._check*` functions instead.
  check(
C:\Users\clm\AppData\Local\Python\pythoncore-3.14-64\Lib\site-packages\torch\_inductor\lowering.py:2487: FutureWarning: `torch._prims_common.check` is deprecated and will be removed in the future. Please use `torch._check*` functions instead.
  check(
C:\Users\clm\AppData\Local\Python\pythoncore-3.14-64\Lib\site-packages\torch\_inductor\lowering.py:2487: FutureWarning: `torch._prims_common.check` is deprecated and will be removed in the future. Please use `torch._check*` functions instead.
  check(
C:\Users\clm\AppData\Local\Python\pythoncore-3.14-64\Lib\site-packages\torch\_inductor\lowering.py:2487: FutureWarning: `torch._prims_common.check` is deprecated and will be removed in the future. Please use `torch._check*` functions instead.
  check(
  opinfo_linalg_eigh       0 candidate(s), 0 submittable, 16 tests, 57 compiles  [7.2s]
  opinfo_linalg_eigvalsh   0 candidate(s), 0 submittable, 16 tests, 57 compiles  [6.5s]
C:\Users\clm\AppData\Local\Python\pythoncore-3.14-64\Lib\site-packages\torch\_inductor\lowering.py:2487: FutureWarning: `torch._prims_common.check` is deprecated and will be removed in the future. Please use `torch._check*` functions instead.
  check(
C:\Users\clm\AppData\Local\Python\pythoncore-3.14-64\Lib\site-packages\torch\_inductor\lowering.py:2487: FutureWarning: `torch._prims_common.check` is deprecated and will be removed in the future. Please use `torch._check*` functions instead.
  check(
C:\Users\clm\AppData\Local\Python\pythoncore-3.14-64\Lib\site-packages\torch\_inductor\lowering.py:2487: FutureWarning: `torch._prims_common.check` is deprecated and will be removed in the future. Please use `torch._check*` functions instead.
  check(
C:\Users\clm\AppData\Local\Python\pythoncore-3.14-64\Lib\site-packages\torch\_inductor\lowering.py:2487: FutureWarning: `torch._prims_common.check` is deprecated and will be removed in the future. Please use `torch._check*` functions instead.
  check(
C:\Users\clm\AppData\Local\Python\pythoncore-3.14-64\Lib\site-packages\torch\_inductor\lowering.py:2487: FutureWarning: `torch._prims_common.check` is deprecated and will be removed in the future. Please use `torch._check*` functions instead.
  check(
  opinfo_linalg_householder_product 0 candidate(s), 0 submittable, 9 tests, 31 compiles  [9.1s]
C:\Users\clm\AppData\Local\Python\pythoncore-3.14-64\Lib\site-packages\torch\autograd\graph.py:1072: UserWarning: Error detected in struct torch::autograd::NotImplemented. Traceback of forward call that caused the error:
  File "D:\wsl\personal\dr\paper\toxic_compile\plan\tcc\seeds.py", line 246, in fn
    samples = [s for s in samples if isinstance(s.input, torch.Tensor) and s.input.dim() >= 1
               ^^^^^^^^^^^^^^^^^^^^^^^^^^^^^^^
 (Triggered internally at C:\actions-runner\_work\pytorch\pytorch\torch\csrc\autograd\python_anomaly_mode.cpp:135.)
  return Variable._execution_engine.run_backward(  # Calls into the C++ engine to run the backward pass
C:\Users\clm\AppData\Local\Python\pythoncore-3.14-64\Lib\site-packages\torch\autograd\graph.py:1072: UserWarning: Error detected in struct torch::autograd::NotImplemented. Traceback of forward call that caused the error:
  File "D:\wsl\personal\dr\paper\toxic_compile\plan\tcc\seeds.py", line 246, in fn
    samples = [s for s in samples if isinstance(s.input, torch.Tensor) and s.input.dim() >= 1
               ^^^^^^^^^^^^^^^^^^^^^^^^^^^^^^^
 (Triggered internally at C:\actions-runner\_work\pytorch\pytorch\torch\csrc\autograd\python_anomaly_mode.cpp:135.)
  return Variable._execution_engine.run_backward(  # Calls into the C++ engine to run the backward pass
C:\Users\clm\AppData\Local\Python\pythoncore-3.14-64\Lib\site-packages\torch\autograd\graph.py:1072: UserWarning: Error detected in struct torch::autograd::NotImplemented. Traceback of forward call that caused the error:
  File "D:\wsl\personal\dr\paper\toxic_compile\plan\tcc\seeds.py", line 246, in fn
    samples = [s for s in samples if isinstance(s.input, torch.Tensor) and s.input.dim() >= 1
               ^^^^^^^^^^^^^^^^^^^^^^^^^^^^^^^
 (Triggered internally at C:\actions-runner\_work\pytorch\pytorch\torch\csrc\autograd\python_anomaly_mode.cpp:135.)
  return Variable._execution_engine.run_backward(  # Calls into the C++ engine to run the backward pass
C:\Users\clm\AppData\Local\Python\pythoncore-3.14-64\Lib\site-packages\torch\autograd\graph.py:1072: UserWarning: Error detected in struct torch::autograd::NotImplemented. Traceback of forward call that caused the error:
  File "D:\wsl\personal\dr\paper\toxic_compile\plan\tcc\seeds.py", line 246, in fn
    samples = [s for s in samples if isinstance(s.input, torch.Tensor) and s.input.dim() >= 1
               ^^^^^^^^^^^^^^^^^^^^^^^^^^^^^^^
 (Triggered internally at C:\actions-runner\_work\pytorch\pytorch\torch\csrc\autograd\python_anomaly_mode.cpp:135.)
  return Variable._execution_engine.run_backward(  # Calls into the C++ engine to run the backward pass
C:\Users\clm\AppData\Local\Python\pythoncore-3.14-64\Lib\site-packages\torch\autograd\graph.py:1072: UserWarning: Error detected in struct torch::autograd::NotImplemented. Traceback of forward call that caused the error:
  File "D:\wsl\personal\dr\paper\toxic_compile\plan\tcc\seeds.py", line 246, in fn
    samples = [s for s in samples if isinstance(s.input, torch.Tensor) and s.input.dim() >= 1
               ^^^^^^^^^^^^^^^^^^^^^^^^^^^^^^^
 (Triggered internally at C:\actions-runner\_work\pytorch\pytorch\torch\csrc\autograd\python_anomaly_mode.cpp:135.)
  return Variable._execution_engine.run_backward(  # Calls into the C++ engine to run the backward pass
C:\Users\clm\AppData\Local\Python\pythoncore-3.14-64\Lib\site-packages\torch\autograd\graph.py:1072: UserWarning: Error detected in struct torch::autograd::NotImplemented. Traceback of forward call that caused the error:
  File "D:\wsl\personal\dr\paper\toxic_compile\plan\tcc\seeds.py", line 246, in fn
    samples = [s for s in samples if isinstance(s.input, torch.Tensor) and s.input.dim() >= 1
               ^^^^^^^^^^^^^^^^^^^^^^^^^^^^^^^
 (Triggered internally at C:\actions-runner\_work\pytorch\pytorch\torch\csrc\autograd\python_anomaly_mode.cpp:135.)
  return Variable._execution_engine.run_backward(  # Calls into the C++ engine to run the backward pass
  opinfo_linalg_ldl_factor 0 candidate(s), 0 submittable, 9 tests, 30 compiles  [3.0s]
C:\Users\clm\AppData\Local\Python\pythoncore-3.14-64\Lib\site-packages\torch\autograd\graph.py:1072: UserWarning: Error detected in struct torch::autograd::NotImplemented. Traceback of forward call that caused the error:
  File "D:\wsl\personal\dr\paper\toxic_compile\plan\tcc\seeds.py", line 246, in fn
    samples = [s for s in samples if isinstance(s.input, torch.Tensor) and s.input.dim() >= 1
               ^^^^^^^^^^^^^^^^^^^^^^^^^^^^^^^
 (Triggered internally at C:\actions-runner\_work\pytorch\pytorch\torch\csrc\autograd\python_anomaly_mode.cpp:135.)
  return Variable._execution_engine.run_backward(  # Calls into the C++ engine to run the backward pass
C:\Users\clm\AppData\Local\Python\pythoncore-3.14-64\Lib\site-packages\torch\autograd\graph.py:1072: UserWarning: Error detected in struct torch::autograd::NotImplemented. Traceback of forward call that caused the error:
  File "D:\wsl\personal\dr\paper\toxic_compile\plan\tcc\seeds.py", line 246, in fn
    samples = [s for s in samples if isinstance(s.input, torch.Tensor) and s.input.dim() >= 1
               ^^^^^^^^^^^^^^^^^^^^^^^^^^^^^^^
 (Triggered internally at C:\actions-runner\_work\pytorch\pytorch\torch\csrc\autograd\python_anomaly_mode.cpp:135.)
  return Variable._execution_engine.run_backward(  # Calls into the C++ engine to run the backward pass
C:\Users\clm\AppData\Local\Python\pythoncore-3.14-64\Lib\site-packages\torch\autograd\graph.py:1072: UserWarning: Error detected in struct torch::autograd::NotImplemented. Traceback of forward call that caused the error:
  File "D:\wsl\personal\dr\paper\toxic_compile\plan\tcc\seeds.py", line 246, in fn
    samples = [s for s in samples if isinstance(s.input, torch.Tensor) and s.input.dim() >= 1
               ^^^^^^^^^^^^^^^^^^^^^^^^^^^^^^^
 (Triggered internally at C:\actions-runner\_work\pytorch\pytorch\torch\csrc\autograd\python_anomaly_mode.cpp:135.)
  return Variable._execution_engine.run_backward(  # Calls into the C++ engine to run the backward pass
C:\Users\clm\AppData\Local\Python\pythoncore-3.14-64\Lib\site-packages\torch\autograd\graph.py:1072: UserWarning: Error detected in struct torch::autograd::NotImplemented. Traceback of forward call that caused the error:
  File "D:\wsl\personal\dr\paper\toxic_compile\plan\tcc\seeds.py", line 246, in fn
    samples = [s for s in samples if isinstance(s.input, torch.Tensor) and s.input.dim() >= 1
               ^^^^^^^^^^^^^^^^^^^^^^^^^^^^^^^
 (Triggered internally at C:\actions-runner\_work\pytorch\pytorch\torch\csrc\autograd\python_anomaly_mode.cpp:135.)
  return Variable._execution_engine.run_backward(  # Calls into the C++ engine to run the backward pass
C:\Users\clm\AppData\Local\Python\pythoncore-3.14-64\Lib\site-packages\torch\autograd\graph.py:1072: UserWarning: Error detected in struct torch::autograd::NotImplemented. Traceback of forward call that caused the error:
  File "D:\wsl\personal\dr\paper\toxic_compile\plan\tcc\seeds.py", line 246, in fn
    samples = [s for s in samples if isinstance(s.input, torch.Tensor) and s.input.dim() >= 1
               ^^^^^^^^^^^^^^^^^^^^^^^^^^^^^^^
 (Triggered internally at C:\actions-runner\_work\pytorch\pytorch\torch\csrc\autograd\python_anomaly_mode.cpp:135.)
  return Variable._execution_engine.run_backward(  # Calls into the C++ engine to run the backward pass
C:\Users\clm\AppData\Local\Python\pythoncore-3.14-64\Lib\site-packages\torch\autograd\graph.py:1072: UserWarning: Error detected in struct torch::autograd::NotImplemented. Traceback of forward call that caused the error:
  File "D:\wsl\personal\dr\paper\toxic_compile\plan\tcc\seeds.py", line 246, in fn
    samples = [s for s in samples if isinstance(s.input, torch.Tensor) and s.input.dim() >= 1
               ^^^^^^^^^^^^^^^^^^^^^^^^^^^^^^^
 (Triggered internally at C:\actions-runner\_work\pytorch\pytorch\torch\csrc\autograd\python_anomaly_mode.cpp:135.)
  return Variable._execution_engine.run_backward(  # Calls into the C++ engine to run the backward pass
  opinfo_linalg_ldl_factor_ex 0 candidate(s), 0 submittable, 9 tests, 30 compiles  [2.7s]
C:\Users\clm\AppData\Local\Python\pythoncore-3.14-64\Lib\site-packages\torch\autograd\graph.py:1072: UserWarning: Error detected in struct torch::autograd::NotImplemented. Traceback of forward call that caused the error:
  File "D:\wsl\personal\dr\paper\toxic_compile\plan\tcc\seeds.py", line 246, in fn
    samples = [s for s in samples if isinstance(s.input, torch.Tensor) and s.input.dim() >= 1
               ^^^^^^^^^^^^^^^^^^^^^^^^^^^^^^^
 (Triggered internally at C:\actions-runner\_work\pytorch\pytorch\torch\csrc\autograd\python_anomaly_mode.cpp:135.)
  return Variable._execution_engine.run_backward(  # Calls into the C++ engine to run the backward pass
C:\Users\clm\AppData\Local\Python\pythoncore-3.14-64\Lib\site-packages\torch\autograd\graph.py:1072: UserWarning: Error detected in struct torch::autograd::NotImplemented. Traceback of forward call that caused the error:
  File "D:\wsl\personal\dr\paper\toxic_compile\plan\tcc\seeds.py", line 246, in fn
    samples = [s for s in samples if isinstance(s.input, torch.Tensor) and s.input.dim() >= 1
               ^^^^^^^^^^^^^^^^^^^^^^^^^^^^^^^
 (Triggered internally at C:\actions-runner\_work\pytorch\pytorch\torch\csrc\autograd\python_anomaly_mode.cpp:135.)
  return Variable._execution_engine.run_backward(  # Calls into the C++ engine to run the backward pass
C:\Users\clm\AppData\Local\Python\pythoncore-3.14-64\Lib\site-packages\torch\autograd\graph.py:1072: UserWarning: Error detected in struct torch::autograd::NotImplemented. Traceback of forward call that caused the error:
  File "D:\wsl\personal\dr\paper\toxic_compile\plan\tcc\seeds.py", line 246, in fn
    samples = [s for s in samples if isinstance(s.input, torch.Tensor) and s.input.dim() >= 1
               ^^^^^^^^^^^^^^^^^^^^^^^^^^^^^^^
 (Triggered internally at C:\actions-runner\_work\pytorch\pytorch\torch\csrc\autograd\python_anomaly_mode.cpp:135.)
  return Variable._execution_engine.run_backward(  # Calls into the C++ engine to run the backward pass
C:\Users\clm\AppData\Local\Python\pythoncore-3.14-64\Lib\site-packages\torch\autograd\graph.py:1072: UserWarning: Error detected in struct torch::autograd::NotImplemented. Traceback of forward call that caused the error:
  File "D:\wsl\personal\dr\paper\toxic_compile\plan\tcc\seeds.py", line 246, in fn
    samples = [s for s in samples if isinstance(s.input, torch.Tensor) and s.input.dim() >= 1
               ^^^^^^^^^^^^^^^^^^^^^^^^^^^^^^^
 (Triggered internally at C:\actions-runner\_work\pytorch\pytorch\torch\csrc\autograd\python_anomaly_mode.cpp:135.)
  return Variable._execution_engine.run_backward(  # Calls into the C++ engine to run the backward pass
C:\Users\clm\AppData\Local\Python\pythoncore-3.14-64\Lib\site-packages\torch\autograd\graph.py:1072: UserWarning: Error detected in struct torch::autograd::NotImplemented. Traceback of forward call that caused the error:
  File "D:\wsl\personal\dr\paper\toxic_compile\plan\tcc\seeds.py", line 246, in fn
    samples = [s for s in samples if isinstance(s.input, torch.Tensor) and s.input.dim() >= 1
               ^^^^^^^^^^^^^^^^^^^^^^^^^^^^^^^
 (Triggered internally at C:\actions-runner\_work\pytorch\pytorch\torch\csrc\autograd\python_anomaly_mode.cpp:135.)
  return Variable._execution_engine.run_backward(  # Calls into the C++ engine to run the backward pass
C:\Users\clm\AppData\Local\Python\pythoncore-3.14-64\Lib\site-packages\torch\autograd\graph.py:1072: UserWarning: Error detected in struct torch::autograd::NotImplemented. Traceback of forward call that caused the error:
  File "D:\wsl\personal\dr\paper\toxic_compile\plan\tcc\seeds.py", line 246, in fn
    samples = [s for s in samples if isinstance(s.input, torch.Tensor) and s.input.dim() >= 1
               ^^^^^^^^^^^^^^^^^^^^^^^^^^^^^^^
 (Triggered internally at C:\actions-runner\_work\pytorch\pytorch\torch\csrc\autograd\python_anomaly_mode.cpp:135.)
  return Variable._execution_engine.run_backward(  # Calls into the C++ engine to run the backward pass
  opinfo_linalg_ldl_solve  0 candidate(s), 0 submittable, 9 tests, 30 compiles  [2.9s]
  opinfo_linalg_lstsq      0 candidate(s), 0 submittable, 9 tests, 0 compiles  [1.7s]
  opinfo_linalg_lstsq_grad_oriented 0 candidate(s), 0 submittable, 9 tests, 0 compiles  [1.7s]
  opinfo_linalg_matrix_power 0 candidate(s), 0 submittable, 9 tests, 31 compiles  [4.1s]
  opinfo_linalg_norm       0 candidate(s), 0 submittable, 16 tests, 57 compiles  [16.2s]
  opinfo_linalg_norm_subgradients_at_zero 0 candidate(s), 0 submittable, 16 tests, 57 compiles  [15.3s]
  opinfo_linalg_matrix_norm 0 candidate(s), 0 submittable, 16 tests, 57 compiles  [17.8s]
  opinfo_linalg_qr         0 candidate(s), 0 submittable, 9 tests, 31 compiles  [8.2s]
  opinfo_linalg_polar      0 candidate(s), 0 submittable, 9 tests, 31 compiles  [6.1s]
  opinfo_linalg_slogdet    0 candidate(s), 0 submittable, 9 tests, 31 compiles  [3.4s]
  opinfo_linalg_vander     0 candidate(s), 0 submittable, 9 tests, 31 compiles  [9.5s]
  opinfo_linalg_vector_norm 0 candidate(s), 0 submittable, 16 tests, 57 compiles  [18.5s]
  opinfo_linalg_lu_factor  0 candidate(s), 0 submittable, 9 tests, 31 compiles  [4.6s]
  opinfo_linalg_lu_factor_ex 0 candidate(s), 0 submittable, 9 tests, 31 compiles  [4.6s]
  opinfo_linalg_lu         0 candidate(s), 0 submittable, 16 tests, 57 compiles  [7.3s]
  opinfo_linalg_lu_solve   0 candidate(s), 0 submittable, 16 tests, 57 compiles  [7.4s]
  opinfo_linalg_inv        0 candidate(s), 0 submittable, 9 tests, 31 compiles  [4.3s]
  opinfo_linalg_inv_ex     0 candidate(s), 0 submittable, 9 tests, 31 compiles  [3.6s]
  opinfo_linalg_solve      0 candidate(s), 0 submittable, 16 tests, 57 compiles  [8.4s]
  opinfo_linalg_solve_ex   0 candidate(s), 0 submittable, 9 tests, 31 compiles  [4.3s]
  opinfo_linalg_solve_triangular 0 candidate(s), 0 submittable, 9 tests, 31 compiles  [4.1s]
  opinfo_linalg_matrix_rank 0 candidate(s), 0 submittable, 9 tests, 31 compiles  [3.6s]
  opinfo_linalg_matrix_rank_hermitian 0 candidate(s), 0 submittable, 9 tests, 31 compiles  [11.8s]
  opinfo_linalg_pinv       0 candidate(s), 0 submittable, 9 tests, 33 compiles  [4.3s]
  opinfo_linalg_pinv_singular 0 candidate(s), 0 submittable, 9 tests, 31 compiles  [4.9s]
  opinfo_linalg_pinv_hermitian 0 candidate(s), 0 submittable, 9 tests, 31 compiles  [4.9s]
C:\Users\clm\AppData\Local\Python\pythoncore-3.14-64\Lib\site-packages\torch\_inductor\lowering.py:2487: FutureWarning: `torch._prims_common.check` is deprecated and will be removed in the future. Please use `torch._check*` functions instead.
  check(
C:\Users\clm\AppData\Local\Python\pythoncore-3.14-64\Lib\site-packages\torch\_inductor\lowering.py:2487: FutureWarning: `torch._prims_common.check` is deprecated and will be removed in the future. Please use `torch._check*` functions instead.
  check(
C:\Users\clm\AppData\Local\Python\pythoncore-3.14-64\Lib\site-packages\torch\_inductor\lowering.py:2487: FutureWarning: `torch._prims_common.check` is deprecated and will be removed in the future. Please use `torch._check*` functions instead.
  check(
C:\Users\clm\AppData\Local\Python\pythoncore-3.14-64\Lib\site-packages\torch\_inductor\lowering.py:2487: FutureWarning: `torch._prims_common.check` is deprecated and will be removed in the future. Please use `torch._check*` functions instead.
  check(
C:\Users\clm\AppData\Local\Python\pythoncore-3.14-64\Lib\site-packages\torch\_inductor\lowering.py:2487: FutureWarning: `torch._prims_common.check` is deprecated and will be removed in the future. Please use `torch._check*` functions instead.
  check(
  opinfo_linalg_svd        0 candidate(s), 0 submittable, 16 tests, 57 compiles  [8.3s]
  opinfo_linalg_svdvals    0 candidate(s), 0 submittable, 16 tests, 57 compiles  [10.2s]
  opinfo_linalg_tensorinv  0 candidate(s), 0 submittable, 9 tests, 31 compiles  [5.6s]
  opinfo_linalg_tensorsolve 0 candidate(s), 0 submittable, 9 tests, 31 compiles  [5.6s]
  opinfo_masked_sum        0 candidate(s), 0 submittable, 16 tests, 53 compiles  [23.7s]
  opinfo_masked_prod       0 candidate(s), 0 submittable, 16 tests, 53 compiles  [23.4s]
  opinfo_masked_cumsum     0 candidate(s), 0 submittable, 16 tests, 55 compiles  [7.6s]
  opinfo_masked_cumprod    0 candidate(s), 0 submittable, 16 tests, 52 compiles  [18.4s]
  opinfo_masked_amax       0 candidate(s), 0 submittable, 16 tests, 57 compiles  [21.9s]
  opinfo_masked_amin       0 candidate(s), 0 submittable, 16 tests, 57 compiles  [21.5s]
  opinfo_masked_argmax     0 candidate(s), 0 submittable, 16 tests, 57 compiles  [18.6s]
  opinfo_masked_argmin     0 candidate(s), 0 submittable, 16 tests, 57 compiles  [8.0s]
  opinfo_masked_mean       0 candidate(s), 0 submittable, 16 tests, 58 compiles  [24.7s]
  opinfo_masked_median     0 candidate(s), 0 submittable, 16 tests, 52 compiles  [17.8s]
  opinfo_masked_norm       0 candidate(s), 0 submittable, 16 tests, 54 compiles  [19.4s]
  opinfo_masked_var        0 candidate(s), 0 submittable, 16 tests, 57 compiles  [25.2s]
  opinfo_masked_std        0 candidate(s), 0 submittable, 16 tests, 57 compiles  [31.0s]
  opinfo_masked_softmax    0 candidate(s), 0 submittable, 16 tests, 52 compiles  [7.7s]
  opinfo_masked_log_softmax 0 candidate(s), 0 submittable, 16 tests, 52 compiles  [23.9s]
  opinfo_masked_softmin    0 candidate(s), 0 submittable, 16 tests, 52 compiles  [23.4s]
  opinfo_masked_normalize  0 candidate(s), 0 submittable, 16 tests, 57 compiles  [22.3s]
  opinfo_masked_logaddexp  0 candidate(s), 0 submittable, 16 tests, 57 compiles  [36.6s]
  opinfo_masked_logsumexp  0 candidate(s), 0 submittable, 16 tests, 52 compiles  [25.6s]
  opinfo_bmm_triton_optimized 0 candidate(s), 0 submittable, 16 tests, 57 compiles  [20.6s]

21 candidate(s); summary at reports_opinfo_s3\SUMMARY.md
reports_opinfo_s3\CAMPAIGN.md
